# 펌프 2개, 설치 높이 2300mm, 파이프 200A, 파이프내 수위 82mm
# Level 설정 : Range 5.000m, Low Level 2.000m, Distance Migration 0.340m, Empty Height 1.944m, Water Level 0.057m
# Flow 설정 : U-Shape, Canal Width 0.200m, Height 0.200m, Installation Height 2.000m
# Flow Direction:Downstream
# 순서: 날짜,시간,Real-time velocity, Avg. velocity, Instant. flow rate, Cumulative flow, Water level
2026-08-19,11:26:30,0.182751,0.104176,0.000690,29287.079153,0.059000
2026-08-19,11:26:31,0.083352,0.104176,0.000690,29287.079843,0.059000
2026-08-19,11:26:32,0.083352,0.104176,0.000690,29287.080533,0.059000
2026-08-19,11:26:32,0.112981,0.104176,0.000690,29287.080533,0.059000
2026-08-19,11:26:33,0.122495,0.104176,0.000690,29287.081223,0.059000
2026-08-19,11:26:34,0.122176,0.104176,0.000690,29287.081913,0.059000
2026-08-19,11:26:34,0.122176,0.104134,0.000690,29287.081913,0.059000
2026-08-19,11:26:35,0.081663,0.104134,0.000690,29287.082603,0.059000
2026-08-19,11:26:36,0.231274,0.104134,0.000690,29287.083293,0.059000
2026-08-19,11:26:36,0.082922,0.102167,0.000670,29287.083293,0.059000
2026-08-19,11:26:37,0.124059,0.102167,0.000670,29287.083963,0.059000
2026-08-19,11:26:38,0.124059,0.102167,0.000670,29287.084633,0.059000
2026-08-19,11:26:38,0.082922,0.100919,0.000670,29287.084633,0.059000
2026-08-19,11:26:39,0.081663,0.098666,0.000670,29287.085303,0.059000
2026-08-19,11:26:40,0.081663,0.092469,0.000650,29287.085953,0.059000
2026-08-19,11:26:40,0.081663,0.092469,0.000610,29287.085953,0.059000
2026-08-19,11:26:41,0.122495,0.092469,0.000610,29287.086563,0.059000
2026-08-19,11:26:42,0.142911,0.092469,0.000610,29287.087173,0.059000
2026-08-19,11:26:42,0.155713,0.092469,0.000610,29287.087173,0.059000
2026-08-19,11:26:43,0.102337,0.090391,0.000610,29287.087783,0.059000
2026-08-19,11:26:44,0.102337,0.090392,0.000600,29287.088383,0.059000
2026-08-19,11:26:44,0.122804,0.090392,0.000600,29287.088383,0.059000
2026-08-19,11:26:45,0.081870,0.090392,0.000600,29287.088983,0.059000
2026-08-19,11:26:46,0.145488,0.090392,0.000600,29287.089583,0.059000
2026-08-19,11:26:46,0.118859,0.090392,0.000600,29287.089583,0.059000
2026-08-19,11:26:47,0.118859,0.090392,0.000600,29287.090183,0.059000
2026-08-19,11:26:48,0.105323,0.090392,0.000600,29287.090783,0.059000
2026-08-19,11:26:48,0.081458,0.090392,0.000600,29287.090783,0.059000
2026-08-19,11:26:49,0.165417,0.090392,0.000600,29287.091383,0.059000
2026-08-19,11:26:50,0.111463,0.091458,0.000600,29287.091983,0.059000
2026-08-19,11:26:50,0.111463,0.091458,0.000640,29287.091983,0.059000
2026-08-19,11:26:51,0.144740,0.097553,0.000640,29287.092623,0.059000
2026-08-19,11:26:52,0.144417,0.103659,0.000680,29287.093303,0.059000
2026-08-19,11:26:52,0.100758,0.103659,0.000680,29287.093303,0.059000
2026-08-19,11:26:53,0.100758,0.103659,0.000680,29287.093983,0.059000
2026-08-19,11:26:54,0.124063,0.103659,0.000680,29287.094663,0.059000
2026-08-19,11:26:54,0.082709,0.103764,0.000680,29287.094663,0.059000
2026-08-19,11:26:55,0.105324,0.106004,0.000680,29287.095343,0.059000
2026-08-19,11:26:56,0.082709,0.105983,0.000700,29287.096043,0.059000
2026-08-19,11:26:56,0.082709,0.105983,0.000700,29287.096043,0.059000
2026-08-19,11:26:57,0.082709,0.106088,0.000700,29287.096743,0.059000
2026-08-19,11:26:58,0.123740,0.106088,0.000700,29287.097443,0.059000
2026-08-19,11:26:58,0.082709,0.106192,0.000700,29287.097443,0.059000
2026-08-19,11:26:59,0.082709,0.106192,0.000700,29287.098143,0.059000
2026-08-19,11:27:00,0.124063,0.106192,0.000700,29287.098843,0.059000
2026-08-19,11:27:00,0.105010,0.106192,0.000700,29287.098843,0.059000
2026-08-19,11:27:01,0.126012,0.106192,0.000700,29287.099543,0.059000
2026-08-19,11:27:02,0.082287,0.104187,0.000690,29287.100233,0.059000
2026-08-19,11:27:02,0.082287,0.104187,0.000690,29287.100233,0.059000
2026-08-19,11:27:03,0.123430,0.104187,0.000690,29287.100923,0.059000
2026-08-19,11:27:04,0.146301,0.104187,0.000690,29287.101613,0.059000
2026-08-19,11:27:04,0.104735,0.104187,0.000690,29287.101613,0.059000
2026-08-19,11:27:05,0.146629,0.104187,0.000690,29287.102303,0.059000
2026-08-19,11:27:06,0.146629,0.100925,0.000670,29287.102973,0.059000
2026-08-19,11:27:06,0.090185,0.100925,0.000670,29287.102973,0.059000
2026-08-19,11:27:07,0.122804,0.100925,0.000670,29287.103643,0.059000
2026-08-19,11:27:08,0.145866,0.100925,0.000670,29287.104313,0.059000
2026-08-19,11:27:08,0.114283,0.100925,0.000670,29287.104313,0.059000
2026-08-19,11:27:09,0.114283,0.100925,0.000670,29287.104983,0.059000
2026-08-19,11:27:10,0.166704,0.100925,0.000670,29287.105653,0.059000
2026-08-19,11:27:10,0.125028,0.100925,0.000670,29287.105653,0.059000
2026-08-19,11:27:11,0.178100,0.100925,0.000670,29287.106323,0.059000
2026-08-19,11:27:12,0.178100,0.098114,0.000650,29287.106973,0.059000
2026-08-19,11:27:12,0.083352,0.098114,0.000650,29287.106973,0.059000
2026-08-19,11:27:13,0.081458,0.091786,0.000610,29287.107583,0.059000
2026-08-19,11:27:14,0.182962,0.091786,0.000610,29287.108193,0.059000
2026-08-19,11:27:14,0.154961,0.091786,0.000610,29287.108193,0.059000
2026-08-19,11:27:15,0.154961,0.091786,0.000610,29287.108803,0.059000
2026-08-19,11:27:16,0.216787,0.091786,0.000610,29287.109413,0.059000
2026-08-19,11:27:16,0.103386,0.087683,0.000580,29287.109413,0.059000
2026-08-19,11:27:17,0.120761,0.091488,0.000600,29287.109993,0.059000
2026-08-19,11:27:18,0.165417,0.091488,0.000600,29287.110593,0.059000
2026-08-19,11:27:18,0.165417,0.091488,0.000600,29287.110593,0.059000
2026-08-19,11:27:19,0.221633,0.091488,0.000600,29287.111193,0.059000
2026-08-19,11:27:20,0.155402,0.091488,0.000600,29287.111793,0.059000
2026-08-19,11:27:20,0.082709,0.089226,0.000600,29287.111793,0.059000
2026-08-19,11:27:21,0.082709,0.091294,0.000600,29287.112393,0.059000
2026-08-19,11:27:22,0.103386,0.091294,0.000600,29287.112993,0.059000
2026-08-19,11:27:22,0.110171,0.094040,0.000620,29287.112993,0.059000
2026-08-19,11:27:23,0.144740,0.094040,0.000620,29287.113613,0.059000
2026-08-19,11:27:24,0.123740,0.094040,0.000620,29287.114233,0.059000
2026-08-19,11:27:25,0.123740,0.094040,0.000620,29287.114233,0.059000
2026-08-19,11:27:25,0.082709,0.094040,0.000620,29287.114853,0.059000
2026-08-19,11:27:26,0.089170,0.094729,0.000620,29287.115473,0.059000
2026-08-19,11:27:27,0.186095,0.094729,0.000620,29287.115473,0.059000
2026-08-19,11:27:27,0.186095,0.094729,0.000620,29287.116093,0.059000
2026-08-19,11:27:28,0.186095,0.094729,0.000620,29287.116713,0.059000
2026-08-19,11:27:29,0.082709,0.093981,0.000620,29287.116713,0.059000
2026-08-19,11:27:29,0.144740,0.093981,0.000620,29287.117333,0.059000
2026-08-19,11:27:30,0.082709,0.093917,0.000620,29287.117953,0.059000
2026-08-19,11:27:31,0.082709,0.093917,0.000620,29287.117953,0.059000
2026-08-19,11:27:31,0.124063,0.093917,0.000620,29287.118573,0.059000
2026-08-19,11:27:32,0.124063,0.093917,0.000620,29287.119193,0.059000
2026-08-19,11:27:33,0.105010,0.093917,0.000620,29287.119193,0.059000
2026-08-19,11:27:33,0.102858,0.093917,0.000620,29287.119813,0.059000
2026-08-19,11:27:34,0.102858,0.093917,0.000620,29287.120433,0.059000
2026-08-19,11:27:35,0.082287,0.093917,0.000620,29287.120433,0.059000
2026-08-19,11:27:35,0.102858,0.093917,0.000620,29287.121053,0.059000
2026-08-19,11:27:36,0.146685,0.093917,0.000620,29287.121673,0.059000
2026-08-19,11:27:37,0.147014,0.093917,0.000620,29287.121673,0.059000
2026-08-19,11:27:37,0.147014,0.093917,0.000620,29287.122293,0.059000
2026-08-19,11:27:38,0.105010,0.093917,0.000620,29287.122913,0.059000
2026-08-19,11:27:39,0.210019,0.093917,0.000620,29287.122913,0.059000
2026-08-19,11:27:39,0.096601,0.095431,0.000620,29287.123533,0.059000
2026-08-19,11:27:40,0.124063,0.097499,0.000630,29287.124163,0.059000
2026-08-19,11:27:41,0.124063,0.097499,0.000640,29287.124163,0.059000
2026-08-19,11:27:41,0.103386,0.095761,0.000640,29287.124803,0.059000
2026-08-19,11:27:42,0.103386,0.097829,0.000650,29287.125453,0.059000
2026-08-19,11:27:43,0.103386,0.097829,0.000650,29287.125453,0.059000
2026-08-19,11:27:43,0.103386,0.097829,0.000650,29287.126103,0.059000
2026-08-19,11:27:44,0.144740,0.097829,0.000650,29287.126753,0.059000
2026-08-19,11:27:45,0.144740,0.097829,0.000650,29287.126753,0.059000
2026-08-19,11:27:45,0.082709,0.095083,0.000650,29287.127403,0.059000
2026-08-19,11:27:46,0.082709,0.095083,0.000630,29287.128033,0.059000
2026-08-19,11:27:47,0.082709,0.096504,0.000640,29287.128033,0.059000
2026-08-19,11:27:47,0.103386,0.096504,0.000640,29287.128673,0.059000
2026-08-19,11:27:48,0.103386,0.098572,0.000650,29287.129323,0.059000
2026-08-19,11:27:49,0.106294,0.100930,0.000670,29287.129323,0.059000
2026-08-19,11:27:49,0.163156,0.100930,0.000670,29287.129993,0.059000
2026-08-19,11:27:50,0.163156,0.100930,0.000670,29287.130663,0.059000
2026-08-19,11:27:51,0.123740,0.100930,0.000670,29287.130663,0.059000
2026-08-19,11:27:51,0.117601,0.100930,0.000670,29287.131333,0.059000
2026-08-19,11:27:52,0.086586,0.100930,0.000670,29287.132003,0.059000
2026-08-19,11:27:53,0.086586,0.100930,0.000670,29287.132003,0.059000
2026-08-19,11:27:53,0.165417,0.100930,0.000670,29287.132673,0.059000
2026-08-19,11:27:54,0.124063,0.100930,0.000670,29287.133343,0.059000
2026-08-19,11:27:55,0.082709,0.099541,0.000660,29287.133343,0.059000
2026-08-19,11:27:55,0.103386,0.097473,0.000660,29287.134003,0.059000
2026-08-19,11:27:56,0.103386,0.097473,0.000640,29287.134643,0.059000
2026-08-19,11:27:57,0.144740,0.097473,0.000640,29287.134643,0.059000
2026-08-19,11:27:57,0.082709,0.095406,0.000630,29287.135273,0.059000
2026-08-19,11:27:58,0.126678,0.095406,0.000630,29287.135903,0.059000
2026-08-19,11:27:59,0.123423,0.095406,0.000630,29287.135903,0.059000
2026-08-19,11:27:59,0.123423,0.095406,0.000630,29287.136533,0.059000
2026-08-19,11:28:00,0.082497,0.093317,0.000620,29287.137153,0.059000
2026-08-19,11:28:01,0.117945,0.093317,0.000620,29287.137153,0.059000
2026-08-19,11:28:01,0.212687,0.093317,0.000620,29287.137773,0.059000
2026-08-19,11:28:02,0.212687,0.093317,0.000620,29287.138393,0.059000
2026-08-19,11:28:03,0.164994,0.093317,0.000620,29287.138393,0.059000
2026-08-19,11:28:03,0.123745,0.093317,0.000620,29287.139013,0.059000
2026-08-19,11:28:04,0.082497,0.091228,0.000600,29287.139613,0.059000
2026-08-19,11:28:05,0.082497,0.091207,0.000600,29287.139613,0.059000
2026-08-19,11:28:05,0.082497,0.093248,0.000600,29287.140213,0.059000
2026-08-19,11:28:06,0.103121,0.093248,0.000620,29287.140833,0.059000
2026-08-19,11:28:07,0.082497,0.091159,0.000620,29287.140833,0.059000
2026-08-19,11:28:07,0.082497,0.089070,0.000590,29287.141423,0.059000
2026-08-19,11:28:08,0.082497,0.086691,0.000570,29287.141993,0.059000
2026-08-19,11:28:09,0.082497,0.086691,0.000570,29287.141993,0.059000
2026-08-19,11:28:09,0.123745,0.086691,0.000570,29287.142563,0.059000
2026-08-19,11:28:10,0.157757,0.086691,0.000570,29287.143133,0.059000
2026-08-19,11:28:11,0.083788,0.086799,0.000570,29287.143133,0.059000
2026-08-19,11:28:11,0.083788,0.084839,0.000570,29287.143703,0.059000
2026-08-19,11:28:12,0.083788,0.084839,0.000570,29287.144273,0.059000
2026-08-19,11:28:13,0.104735,0.087041,0.000570,29287.144273,0.059000
2026-08-19,11:28:13,0.082077,0.086999,0.000570,29287.144843,0.059000
2026-08-19,11:28:14,0.117666,0.086999,0.000570,29287.145413,0.059000
2026-08-19,11:28:15,0.117666,0.086999,0.000570,29287.145413,0.059000
2026-08-19,11:28:15,0.122475,0.086999,0.000570,29287.145983,0.059000
2026-08-19,11:28:16,0.102597,0.086999,0.000570,29287.146553,0.059000
2026-08-19,11:28:17,0.126344,0.086999,0.000570,29287.146553,0.059000
2026-08-19,11:28:17,0.082922,0.087042,0.000570,29287.147123,0.059000
2026-08-19,11:28:18,0.082922,0.087042,0.000570,29287.147693,0.059000
2026-08-19,11:28:19,0.103652,0.089157,0.000590,29287.147693,0.059000
2026-08-19,11:28:19,0.082922,0.087137,0.000570,29287.148283,0.059000
2026-08-19,11:28:20,0.097498,0.088638,0.000570,29287.148853,0.059000
2026-08-19,11:28:21,0.097498,0.088680,0.000580,29287.148853,0.059000
2026-08-19,11:28:21,0.082922,0.088680,0.000580,29287.149433,0.059000
2026-08-19,11:28:22,0.102079,0.090638,0.000580,29287.150013,0.059000
2026-08-19,11:28:23,0.166704,0.090638,0.000600,29287.150013,0.059000
2026-08-19,11:28:23,0.123116,0.090638,0.000600,29287.150613,0.059000
2026-08-19,11:28:24,0.123116,0.090638,0.000600,29287.151213,0.059000
2026-08-19,11:28:25,0.123116,0.090638,0.000600,29287.151213,0.059000
2026-08-19,11:28:25,0.082077,0.090467,0.000600,29287.151813,0.059000
2026-08-19,11:28:26,0.146246,0.090467,0.000600,29287.152413,0.059000
2026-08-19,11:28:27,0.083569,0.090445,0.000600,29287.152413,0.059000
2026-08-19,11:28:27,0.083569,0.090445,0.000600,29287.153013,0.059000
2026-08-19,11:28:28,0.125027,0.090445,0.000600,29287.153613,0.059000
2026-08-19,11:28:29,0.208923,0.090445,0.000600,29287.153613,0.059000
2026-08-19,11:28:29,0.083569,0.088329,0.000580,29287.154213,0.059000
2026-08-19,11:28:30,0.083569,0.088329,0.000580,29287.154793,0.059000
2026-08-19,11:28:31,0.146246,0.088329,0.000580,29287.154793,0.059000
2026-08-19,11:28:31,0.146246,0.088329,0.000580,29287.155373,0.059000
2026-08-19,11:28:32,0.104461,0.088329,0.000580,29287.155953,0.059000
2026-08-19,11:28:33,0.083569,0.088329,0.000580,29287.155953,0.059000
2026-08-19,11:28:33,0.083569,0.088329,0.000580,29287.156533,0.059000
2026-08-19,11:28:34,0.166812,0.088329,0.000580,29287.157113,0.059000
2026-08-19,11:28:35,0.083569,0.088478,0.000580,29287.157113,0.059000
2026-08-19,11:28:35,0.104461,0.090632,0.000600,29287.157693,0.059000
2026-08-19,11:28:36,0.083569,0.088624,0.000600,29287.158293,0.059000
2026-08-19,11:28:37,0.083569,0.088624,0.000580,29287.158293,0.059000
2026-08-19,11:28:37,0.115887,0.088624,0.000580,29287.158873,0.059000
2026-08-19,11:28:38,0.104461,0.088624,0.000580,29287.159453,0.059000
2026-08-19,11:28:39,0.104461,0.088624,0.000580,29287.159453,0.059000
2026-08-19,11:28:39,0.221866,0.088624,0.000580,29287.160033,0.059000
2026-08-19,11:28:40,0.221866,0.088624,0.000580,29287.160613,0.059000
2026-08-19,11:28:41,0.143636,0.088624,0.000580,29287.160613,0.059000
2026-08-19,11:28:41,0.112856,0.088624,0.000580,29287.161193,0.059000
2026-08-19,11:28:42,0.116063,0.088624,0.000580,29287.161773,0.059000
2026-08-19,11:28:43,0.116063,0.088624,0.000580,29287.161773,0.059000
2026-08-19,11:28:43,0.102597,0.088624,0.000580,29287.162353,0.059000
2026-08-19,11:28:44,0.123116,0.088624,0.000580,29287.162933,0.059000
2026-08-19,11:28:45,0.143636,0.088624,0.000580,29287.162933,0.059000
2026-08-19,11:28:45,0.184354,0.088624,0.000580,29287.163513,0.059000
2026-08-19,11:28:46,0.184354,0.088624,0.000580,29287.164093,0.059000
2026-08-19,11:28:47,0.143636,0.088624,0.000580,29287.164093,0.059000
2026-08-19,11:28:47,0.164155,0.088624,0.000580,29287.164673,0.059000
2026-08-19,11:28:48,0.104190,0.090750,0.000600,29287.165273,0.059000
2026-08-19,11:28:49,0.124702,0.093471,0.000620,29287.165273,0.059000
2026-08-19,11:28:49,0.124702,0.093471,0.000620,29287.165893,0.059000
2026-08-19,11:28:50,0.166704,0.093471,0.000620,29287.166513,0.059000
2026-08-19,11:28:51,0.143315,0.093471,0.000620,29287.166513,0.059000
2026-08-19,11:28:51,0.146246,0.093471,0.000620,29287.167133,0.059000
2026-08-19,11:28:52,0.146246,0.093471,0.000620,29287.167753,0.059000
2026-08-19,11:28:53,0.123430,0.093471,0.000620,29287.167753,0.059000
2026-08-19,11:28:53,0.143680,0.093471,0.000620,29287.168373,0.059000
2026-08-19,11:28:54,0.102858,0.093471,0.000620,29287.168993,0.059000
2026-08-19,11:28:55,0.205716,0.093471,0.000620,29287.168993,0.059000
2026-08-19,11:28:55,0.205716,0.093471,0.000620,29287.169613,0.059000
2026-08-19,11:28:56,0.082287,0.093407,0.000620,29287.170233,0.059000
2026-08-19,11:28:57,0.082287,0.091428,0.000620,29287.170233,0.059000
2026-08-19,11:28:57,0.102858,0.093506,0.000600,29287.170833,0.059000
2026-08-19,11:28:58,0.102858,0.095435,0.000630,29287.171463,0.059000
2026-08-19,11:28:59,0.102858,0.095435,0.000630,29287.171463,0.059000
2026-08-19,11:28:59,0.123430,0.099421,0.000660,29287.172123,0.059000
2026-08-19,11:29:00,0.082287,0.099421,0.000660,29287.172783,0.059000
2026-08-19,11:29:01,0.104461,0.099421,0.000660,29287.172783,0.059000
2026-08-19,11:29:01,0.104461,0.099421,0.000660,29287.173443,0.059000
2026-08-19,11:29:02,0.129201,0.099421,0.000660,29287.174103,0.059000
2026-08-19,11:29:03,0.142312,0.099421,0.000660,29287.174103,0.059000
2026-08-19,11:29:03,0.103920,0.099421,0.000660,29287.174763,0.059000
2026-08-19,11:29:04,0.180237,0.099421,0.000660,29287.175423,0.059000
2026-08-19,11:29:05,0.180237,0.099421,0.000660,29287.175423,0.059000
2026-08-19,11:29:05,0.144189,0.099421,0.000660,29287.176083,0.059000
2026-08-19,11:29:06,0.083136,0.099378,0.000660,29287.176743,0.059000
2026-08-19,11:29:07,0.081458,0.097077,0.000660,29287.176743,0.059000
2026-08-19,11:29:07,0.104190,0.099140,0.000640,29287.177383,0.059000
2026-08-19,11:29:08,0.104190,0.099140,0.000670,29287.178053,0.059000
2026-08-19,11:29:09,0.125028,0.101223,0.000670,29287.178053,0.059000
2026-08-19,11:29:09,0.119167,0.100670,0.000660,29287.178713,0.059000
2026-08-19,11:29:10,0.118516,0.104293,0.000690,29287.179403,0.059000
2026-08-19,11:29:11,0.118516,0.108567,0.000690,29287.179403,0.059000
2026-08-19,11:29:11,0.125028,0.108567,0.000720,29287.180123,0.059000
2026-08-19,11:29:12,0.104190,0.108700,0.000720,29287.180843,0.059000
2026-08-19,11:29:13,0.145866,0.108700,0.000720,29287.180843,0.059000
2026-08-19,11:29:13,0.083352,0.106750,0.000700,29287.181543,0.059000
2026-08-19,11:29:14,0.083352,0.104826,0.000700,29287.182233,0.059000
2026-08-19,11:29:15,0.104190,0.104826,0.000690,29287.182233,0.059000
2026-08-19,11:29:15,0.166704,0.104826,0.000690,29287.182923,0.059000
2026-08-19,11:29:16,0.083352,0.104847,0.000690,29287.183613,0.059000
2026-08-19,11:29:17,0.083352,0.105037,0.000690,29287.183613,0.059000
2026-08-19,11:29:17,0.083352,0.105037,0.000690,29287.184303,0.059000
2026-08-19,11:29:18,0.145540,0.105037,0.000690,29287.184993,0.059000
2026-08-19,11:29:19,0.104190,0.105037,0.000690,29287.184993,0.059000
2026-08-19,11:29:19,0.163419,0.105037,0.000690,29287.185683,0.059000
2026-08-19,11:29:20,0.163419,0.105037,0.000690,29287.186373,0.059000
2026-08-19,11:29:21,0.122804,0.105037,0.000690,29287.186373,0.059000
2026-08-19,11:29:21,0.102337,0.105037,0.000690,29287.187063,0.059000
2026-08-19,11:29:22,0.102337,0.105037,0.000690,29287.187753,0.059000
2026-08-19,11:29:23,0.135915,0.108209,0.000690,29287.187753,0.059000
2026-08-19,11:29:23,0.135915,0.108209,0.000710,29287.188443,0.059000
2026-08-19,11:29:24,0.084452,0.108209,0.000710,29287.188443,0.059000
2026-08-19,11:29:25,0.124704,0.108177,0.000710,29287.189153,0.059000
2026-08-19,11:29:25,0.106985,0.106958,0.000710,29287.189863,0.059000
2026-08-19,11:29:26,0.104461,0.105553,0.000710,29287.189863,0.059000
2026-08-19,11:29:27,0.104461,0.105553,0.000700,29287.190573,0.059000
2026-08-19,11:29:27,0.169750,0.105553,0.000700,29287.191273,0.059000
2026-08-19,11:29:28,0.125354,0.105553,0.000700,29287.191273,0.059000
2026-08-19,11:29:29,0.104461,0.105553,0.000700,29287.191973,0.059000
2026-08-19,11:29:29,0.104461,0.105553,0.000700,29287.192673,0.059000
2026-08-19,11:29:30,0.082077,0.105553,0.000700,29287.192673,0.059000
2026-08-19,11:29:31,0.145866,0.105553,0.000700,29287.193373,0.059000
2026-08-19,11:29:31,0.083352,0.101385,0.000670,29287.194073,0.059000
2026-08-19,11:29:32,0.141308,0.101385,0.000670,29287.194073,0.059000
2026-08-19,11:29:33,0.141308,0.101385,0.000670,29287.194743,0.059000
2026-08-19,11:29:33,0.228892,0.101385,0.000670,29287.195413,0.059000
2026-08-19,11:29:34,0.160518,0.101385,0.000670,29287.195413,0.059000
2026-08-19,11:29:35,0.088887,0.099855,0.000660,29287.196083,0.059000
2026-08-19,11:29:35,0.085604,0.100080,0.000660,29287.196743,0.059000
2026-08-19,11:29:36,0.085604,0.100080,0.000660,29287.196743,0.059000
2026-08-19,11:29:37,0.193331,0.100080,0.000660,29287.197403,0.059000
2026-08-19,11:29:37,0.163834,0.100080,0.000660,29287.198063,0.059000
2026-08-19,11:29:38,0.102597,0.099921,0.000660,29287.198063,0.059000
2026-08-19,11:29:39,0.102597,0.099921,0.000660,29287.198723,0.059000
2026-08-19,11:29:39,0.147878,0.099921,0.000660,29287.199383,0.059000
2026-08-19,11:29:40,0.167138,0.099921,0.000660,29287.199383,0.059000
2026-08-19,11:29:41,0.104461,0.102032,0.000670,29287.200043,0.059000
2026-08-19,11:29:41,0.126966,0.106393,0.000670,29287.200713,0.059000
2026-08-19,11:29:42,0.126966,0.103088,0.000700,29287.200713,0.059000
2026-08-19,11:29:43,0.102858,0.103088,0.000680,29287.201413,0.059000
2026-08-19,11:29:43,0.102858,0.100903,0.000680,29287.202093,0.059000
2026-08-19,11:29:44,0.123430,0.102547,0.000680,29287.202093,0.059000
2026-08-19,11:29:45,0.123430,0.104444,0.000690,29287.202773,0.059000
2026-08-19,11:29:45,0.123430,0.104444,0.000690,29287.203463,0.059000
2026-08-19,11:29:46,0.082287,0.104444,0.000690,29287.203463,0.059000
2026-08-19,11:29:47,0.185145,0.104444,0.000690,29287.204153,0.059000
2026-08-19,11:29:47,0.102858,0.106395,0.000690,29287.204843,0.059000
2026-08-19,11:29:48,0.102858,0.105735,0.000700,29287.204843,0.059000
2026-08-19,11:29:49,0.082287,0.105735,0.000700,29287.205543,0.059000
2026-08-19,11:29:49,0.123108,0.105735,0.000700,29287.206243,0.059000
2026-08-19,11:29:50,0.082287,0.105403,0.000700,29287.206243,0.059000
2026-08-19,11:29:51,0.185145,0.105403,0.000700,29287.206943,0.059000
2026-08-19,11:29:51,0.185145,0.105403,0.000700,29287.207643,0.059000
2026-08-19,11:29:52,0.225967,0.105403,0.000700,29287.207643,0.059000
2026-08-19,11:29:53,0.146301,0.105403,0.000700,29287.208343,0.059000
2026-08-19,11:29:53,0.185296,0.105403,0.000700,29287.209043,0.059000
2026-08-19,11:29:54,0.082497,0.103393,0.000680,29287.209043,0.059000
2026-08-19,11:29:55,0.082497,0.103393,0.000680,29287.209723,0.059000
2026-08-19,11:29:55,0.144047,0.103393,0.000680,29287.210403,0.059000
2026-08-19,11:29:56,0.144370,0.103393,0.000680,29287.210403,0.059000
2026-08-19,11:29:57,0.103121,0.103393,0.000680,29287.211083,0.059000
2026-08-19,11:29:57,0.185296,0.103393,0.000680,29287.211763,0.059000
2026-08-19,11:29:58,0.185296,0.103393,0.000680,29287.211763,0.059000
2026-08-19,11:29:59,0.167576,0.103393,0.000680,29287.212443,0.059000
2026-08-19,11:29:59,0.164573,0.103393,0.000680,29287.213123,0.059000
2026-08-19,11:30:00,0.123108,0.103393,0.000680,29287.213123,0.059000
2026-08-19,11:30:01,0.123108,0.103393,0.000680,29287.213803,0.059000
2026-08-19,11:30:01,0.146246,0.103393,0.000680,29287.214483,0.059000
2026-08-19,11:30:02,0.091077,0.102055,0.000670,29287.214483,0.059000
2026-08-19,11:30:03,0.088139,0.098172,0.000670,29287.215153,0.059000
2026-08-19,11:30:03,0.122176,0.098172,0.000650,29287.215803,0.059000
2026-08-19,11:30:04,0.122176,0.098172,0.000650,29287.215803,0.059000
2026-08-19,11:30:05,0.163326,0.098172,0.000650,29287.216453,0.059000
2026-08-19,11:30:05,0.097932,0.097679,0.000640,29287.217093,0.059000
2026-08-19,11:30:06,0.163326,0.097679,0.000640,29287.217733,0.059000
2026-08-19,11:30:07,0.083569,0.095751,0.000640,29287.217733,0.059000
2026-08-19,11:30:07,0.083569,0.095751,0.000630,29287.218363,0.059000
2026-08-19,11:30:08,0.123430,0.095751,0.000630,29287.218993,0.059000
2026-08-19,11:30:09,0.102858,0.095751,0.000630,29287.218993,0.059000
2026-08-19,11:30:09,0.082287,0.095751,0.000630,29287.219623,0.059000
2026-08-19,11:30:10,0.082287,0.095751,0.000630,29287.220253,0.059000
2026-08-19,11:30:11,0.185145,0.095751,0.000630,29287.220253,0.059000
2026-08-19,11:30:11,0.127361,0.095751,0.000630,29287.220883,0.059000
2026-08-19,11:30:12,0.145113,0.095751,0.000630,29287.220883,0.059000
2026-08-19,11:30:13,0.129241,0.095751,0.000630,29287.221513,0.059000
2026-08-19,11:30:13,0.129241,0.095751,0.000630,29287.222143,0.059000
2026-08-19,11:30:14,0.103652,0.095751,0.000630,29287.222143,0.059000
2026-08-19,11:30:15,0.082922,0.095751,0.000630,29287.222773,0.059000
2026-08-19,11:30:15,0.145144,0.095751,0.000630,29287.223403,0.059000
2026-08-19,11:30:16,0.149122,0.095751,0.000630,29287.223403,0.059000
2026-08-19,11:30:17,0.149122,0.095751,0.000630,29287.224033,0.059000
2026-08-19,11:30:17,0.124702,0.095751,0.000630,29287.224663,0.059000
2026-08-19,11:30:18,0.101568,0.095751,0.000630,29287.224663,0.059000
2026-08-19,11:30:19,0.083569,0.095751,0.000630,29287.225293,0.059000
2026-08-19,11:30:19,0.083569,0.095751,0.000630,29287.225923,0.059000
2026-08-19,11:30:20,0.102337,0.095751,0.000630,29287.225923,0.059000
2026-08-19,11:30:21,0.204674,0.095751,0.000630,29287.226553,0.059000
2026-08-19,11:30:21,0.081870,0.091595,0.000600,29287.227183,0.059000
2026-08-19,11:30:22,0.122485,0.091595,0.000600,29287.227183,0.059000
2026-08-19,11:30:23,0.122485,0.087439,0.000600,29287.227783,0.059000
2026-08-19,11:30:23,0.081870,0.087439,0.000580,29287.228383,0.059000
2026-08-19,11:30:24,0.190017,0.087439,0.000580,29287.228383,0.059000
2026-08-19,11:30:25,0.124063,0.087439,0.000580,29287.228963,0.059000
2026-08-19,11:30:25,0.121564,0.087439,0.000580,29287.229543,0.059000
2026-08-19,11:30:26,0.121564,0.087439,0.000580,29287.229543,0.059000
2026-08-19,11:30:27,0.082709,0.085424,0.000560,29287.230123,0.059000
2026-08-19,11:30:27,0.168574,0.085424,0.000560,29287.230683,0.059000
2026-08-19,11:30:28,0.164252,0.085424,0.000560,29287.230683,0.059000
2026-08-19,11:30:29,0.164252,0.085424,0.000560,29287.231243,0.059000
2026-08-19,11:30:29,0.166180,0.085424,0.000560,29287.231803,0.059000
2026-08-19,11:30:30,0.140144,0.085424,0.000560,29287.231803,0.059000
2026-08-19,11:30:31,0.149787,0.085424,0.000560,29287.232363,0.059000
2026-08-19,11:30:31,0.133716,0.085424,0.000560,29287.232923,0.059000
2026-08-19,11:30:32,0.133716,0.085424,0.000560,29287.232923,0.059000
2026-08-19,11:30:33,0.246538,0.085424,0.000560,29287.233483,0.059000
2026-08-19,11:30:33,0.144001,0.085424,0.000560,29287.234043,0.059000
2026-08-19,11:30:34,0.082287,0.085424,0.000560,29287.234043,0.059000
2026-08-19,11:30:35,0.110251,0.085424,0.000560,29287.234603,0.059000
2026-08-19,11:30:35,0.110251,0.085424,0.000560,29287.235163,0.059000
2026-08-19,11:30:36,0.164573,0.085424,0.000560,29287.235163,0.059000
2026-08-19,11:30:37,0.167138,0.085424,0.000560,29287.235723,0.059000
2026-08-19,11:30:37,0.125027,0.085424,0.000560,29287.236283,0.059000
2026-08-19,11:30:38,0.125027,0.085424,0.000560,29287.236283,0.059000
2026-08-19,11:30:39,0.156692,0.085424,0.000560,29287.236843,0.059000
2026-08-19,11:30:39,0.197171,0.085424,0.000560,29287.237403,0.059000
2026-08-19,11:30:40,0.167138,0.085424,0.000560,29287.237403,0.059000
2026-08-19,11:30:41,0.145920,0.085424,0.000560,29287.237963,0.059000
2026-08-19,11:30:41,0.145920,0.085424,0.000560,29287.238523,0.059000
2026-08-19,11:30:42,0.147878,0.085424,0.000560,29287.238523,0.059000
2026-08-19,11:30:43,0.264738,0.085424,0.000560,29287.239083,0.059000
2026-08-19,11:30:43,0.104190,0.087614,0.000560,29287.239643,0.059000
2026-08-19,11:30:44,0.166704,0.087614,0.000580,29287.239643,0.059000
2026-08-19,11:30:45,0.166704,0.087614,0.000580,29287.240223,0.059000
2026-08-19,11:30:45,0.145866,0.087614,0.000580,29287.240803,0.059000
2026-08-19,11:30:46,0.115586,0.087614,0.000580,29287.240803,0.059000
2026-08-19,11:30:47,0.083352,0.087614,0.000580,29287.241383,0.059000
2026-08-19,11:30:47,0.083352,0.087614,0.000580,29287.241963,0.059000
2026-08-19,11:30:48,0.083352,0.087614,0.000580,29287.241963,0.059000
2026-08-19,11:30:49,0.102597,0.087614,0.000580,29287.242543,0.059000
2026-08-19,11:30:49,0.123116,0.087614,0.000580,29287.243123,0.059000
2026-08-19,11:30:50,0.163834,0.087614,0.000580,29287.243123,0.059000
2026-08-19,11:30:51,0.163834,0.089945,0.000590,29287.243703,0.059000
2026-08-19,11:30:51,0.105803,0.089945,0.000590,29287.244293,0.059000
2026-08-19,11:30:52,0.096826,0.090519,0.000600,29287.244293,0.059000
2026-08-19,11:30:53,0.096184,0.091324,0.000600,29287.244893,0.059000
2026-08-19,11:30:53,0.082077,0.089738,0.000600,29287.245493,0.059000
2026-08-19,11:30:54,0.082077,0.089738,0.000590,29287.245493,0.059000
2026-08-19,11:30:55,0.082077,0.089589,0.000590,29287.246083,0.059000
2026-08-19,11:30:55,0.088490,0.090251,0.000600,29287.246683,0.059000
2026-08-19,11:30:56,0.122796,0.090251,0.000600,29287.246683,0.059000
2026-08-19,11:30:57,0.122796,0.090251,0.000600,29287.247283,0.059000
2026-08-19,11:30:57,0.143636,0.090251,0.000600,29287.247883,0.059000
2026-08-19,11:30:58,0.130170,0.090251,0.000600,29287.247883,0.059000
2026-08-19,11:30:59,0.082077,0.090272,0.000600,29287.248483,0.059000
2026-08-19,11:30:59,0.122796,0.090272,0.000600,29287.249083,0.059000
2026-08-19,11:31:00,0.122796,0.090272,0.000600,29287.249083,0.059000
2026-08-19,11:31:01,0.120551,0.090272,0.000600,29287.249683,0.059000
2026-08-19,11:31:01,0.143636,0.090272,0.000600,29287.250283,0.059000
2026-08-19,11:31:02,0.137544,0.090272,0.000600,29287.250283,0.059000
2026-08-19,11:31:02,0.137544,0.090272,0.000600,29287.250883,0.059000
2026-08-19,11:31:03,0.112655,0.090272,0.000600,29287.251483,0.059000
2026-08-19,11:31:04,0.139402,0.090272,0.000600,29287.251483,0.059000
2026-08-19,11:31:04,0.102079,0.090272,0.000600,29287.252083,0.059000
2026-08-19,11:31:05,0.084008,0.090272,0.000600,29287.252683,0.059000
2026-08-19,11:31:06,0.084008,0.090272,0.000600,29287.252683,0.059000
2026-08-19,11:31:06,0.102858,0.090272,0.000600,29287.253283,0.059000
2026-08-19,11:31:07,0.125680,0.119121,0.000790,29287.254073,0.059000
2026-08-19,11:31:08,0.123430,0.119184,0.000790,29287.254073,0.059000
2026-08-19,11:31:08,0.123430,0.119184,0.000790,29287.254863,0.059000
2026-08-19,11:31:09,0.082287,0.119184,0.000790,29287.255653,0.059000
2026-08-19,11:31:10,0.102858,0.119184,0.000790,29287.255653,0.059000
2026-08-19,11:31:10,0.102858,0.119184,0.000790,29287.256443,0.059000
2026-08-19,11:31:11,0.141392,0.121268,0.000800,29287.257243,0.059000
2026-08-19,11:31:12,0.141392,0.117164,0.000800,29287.257243,0.059000
2026-08-19,11:31:12,0.102597,0.117164,0.000770,29287.258013,0.059000
2026-08-19,11:31:13,0.122796,0.115690,0.000760,29287.258773,0.059000
2026-08-19,11:31:14,0.143636,0.118788,0.000760,29287.258773,0.059000
2026-08-19,11:31:14,0.102597,0.115107,0.000780,29287.259553,0.059000
2026-08-19,11:31:15,0.102597,0.115107,0.000760,29287.260313,0.059000
2026-08-19,11:31:16,0.184674,0.115107,0.000760,29287.260313,0.059000
2026-08-19,11:31:16,0.082077,0.113107,0.000750,29287.261063,0.059000
2026-08-19,11:31:17,0.102597,0.114966,0.000760,29287.261823,0.059000
2026-08-19,11:31:18,0.102597,0.112888,0.000760,29287.261823,0.059000
2026-08-19,11:31:18,0.082077,0.112888,0.000750,29287.262573,0.059000
2026-08-19,11:31:19,0.221981,0.112888,0.000750,29287.263323,0.059000
2026-08-19,11:31:20,0.104461,0.110766,0.000750,29287.263323,0.059000
2026-08-19,11:31:20,0.188031,0.110766,0.000730,29287.264073,0.059000
2026-08-19,11:31:21,0.188031,0.110766,0.000730,29287.264803,0.059000
2026-08-19,11:31:22,0.131883,0.110766,0.000730,29287.264803,0.059000
2026-08-19,11:31:22,0.146246,0.110766,0.000730,29287.265533,0.059000
2026-08-19,11:31:23,0.082077,0.106631,0.000730,29287.266263,0.059000
2026-08-19,11:31:24,0.082077,0.106631,0.000700,29287.266263,0.059000
2026-08-19,11:31:24,0.204873,0.106631,0.000700,29287.266963,0.059000
2026-08-19,11:31:25,0.082077,0.100699,0.000700,29287.267663,0.059000
2026-08-19,11:31:26,0.143636,0.100699,0.000660,29287.267663,0.059000
2026-08-19,11:31:26,0.104461,0.100699,0.000660,29287.268323,0.059000
2026-08-19,11:31:27,0.104461,0.100699,0.000660,29287.268323,0.059000
2026-08-19,11:31:28,0.265757,0.100699,0.000660,29287.268983,0.059000
2026-08-19,11:31:28,0.245289,0.100699,0.000660,29287.269643,0.059000
2026-08-19,11:31:29,0.122804,0.102720,0.000660,29287.269643,0.059000
2026-08-19,11:31:30,0.122804,0.102720,0.000680,29287.270303,0.059000
2026-08-19,11:31:30,0.163739,0.102720,0.000680,29287.270983,0.059000
2026-08-19,11:31:31,0.184207,0.102720,0.000680,29287.270983,0.059000
2026-08-19,11:31:32,0.122804,0.102721,0.000680,29287.271663,0.059000
2026-08-19,11:31:32,0.122485,0.100606,0.000680,29287.272343,0.059000
2026-08-19,11:31:33,0.122485,0.100606,0.000660,29287.272343,0.059000
2026-08-19,11:31:34,0.081870,0.100606,0.000660,29287.273003,0.059000
2026-08-19,11:31:34,0.144871,0.100606,0.000660,29287.273663,0.059000
2026-08-19,11:31:35,0.101058,0.100452,0.000660,29287.273663,0.059000
2026-08-19,11:31:36,0.101058,0.100452,0.000660,29287.274323,0.059000
2026-08-19,11:31:36,0.143272,0.100452,0.000660,29287.274983,0.059000
2026-08-19,11:31:37,0.104190,0.100452,0.000660,29287.274983,0.059000
2026-08-19,11:31:38,0.124702,0.100452,0.000660,29287.275643,0.059000
2026-08-19,11:31:38,0.102337,0.100452,0.000660,29287.276303,0.059000
2026-08-19,11:31:39,0.102337,0.100452,0.000660,29287.276303,0.059000
2026-08-19,11:31:40,0.081870,0.100452,0.000660,29287.276963,0.059000
2026-08-19,11:31:40,0.104190,0.100452,0.000660,29287.277623,0.059000
2026-08-19,11:31:41,0.106697,0.100452,0.000660,29287.277623,0.059000
2026-08-19,11:31:42,0.106697,0.100452,0.000660,29287.278283,0.059000
2026-08-19,11:31:42,0.103652,0.100452,0.000660,29287.278943,0.059000
2026-08-19,11:31:43,0.082922,0.100452,0.000660,29287.278943,0.059000
2026-08-19,11:31:43,0.145113,0.100452,0.000660,29287.279603,0.059000
2026-08-19,11:31:44,0.124383,0.100452,0.000660,29287.280263,0.059000
2026-08-19,11:31:45,0.124383,0.100452,0.000660,29287.280263,0.059000
2026-08-19,11:31:45,0.103652,0.100452,0.000660,29287.280923,0.059000
2026-08-19,11:31:46,0.082922,0.100452,0.000660,29287.281583,0.059000
2026-08-19,11:31:47,0.103652,0.100452,0.000660,29287.281583,0.059000
2026-08-19,11:31:47,0.103652,0.100452,0.000660,29287.282243,0.059000
2026-08-19,11:31:48,0.145113,0.100452,0.000660,29287.282903,0.059000
2026-08-19,11:31:49,0.103652,0.100452,0.000660,29287.282903,0.059000
2026-08-19,11:31:49,0.248765,0.100452,0.000660,29287.283563,0.059000
2026-08-19,11:31:50,0.124383,0.104682,0.000660,29287.284223,0.059000
2026-08-19,11:31:51,0.124383,0.106602,0.000700,29287.284223,0.059000
2026-08-19,11:31:51,0.121791,0.106602,0.000700,29287.284923,0.059000
2026-08-19,11:31:52,0.165520,0.106602,0.000700,29287.285623,0.059000
2026-08-19,11:31:53,0.102079,0.108602,0.000720,29287.285623,0.059000
2026-08-19,11:31:53,0.163007,0.108602,0.000720,29287.286343,0.059000
2026-08-19,11:31:54,0.163007,0.108602,0.000720,29287.287063,0.059000
2026-08-19,11:31:55,0.083136,0.106470,0.000700,29287.287063,0.059000
2026-08-19,11:31:55,0.103920,0.108654,0.000700,29287.287763,0.059000
2026-08-19,11:31:56,0.189005,0.108654,0.000720,29287.288483,0.059000
2026-08-19,11:31:57,0.189005,0.110838,0.000730,29287.288483,0.059000
2026-08-19,11:31:57,0.103920,0.110838,0.000730,29287.289213,0.059000
2026-08-19,11:31:58,0.083136,0.106871,0.000710,29287.289923,0.059000
2026-08-19,11:31:59,0.244670,0.106871,0.000710,29287.289923,0.059000
2026-08-19,11:31:59,0.142911,0.106871,0.000710,29287.290633,0.059000
2026-08-19,11:32:00,0.142911,0.106871,0.000710,29287.291343,0.059000
2026-08-19,11:32:01,0.104190,0.106871,0.000710,29287.291343,0.059000
2026-08-19,11:32:01,0.083352,0.106871,0.000710,29287.292053,0.059000
2026-08-19,11:32:02,0.164155,0.106871,0.000710,29287.292763,0.059000
2026-08-19,11:32:03,0.164155,0.105588,0.000710,29287.292763,0.059000
2026-08-19,11:32:03,0.109971,0.105588,0.000700,29287.293463,0.059000
2026-08-19,11:32:04,0.102597,0.103599,0.000680,29287.294143,0.059000
2026-08-19,11:32:05,0.123116,0.105805,0.000680,29287.294143,0.059000
2026-08-19,11:32:05,0.123116,0.105678,0.000700,29287.294843,0.059000
2026-08-19,11:32:06,0.123116,0.104144,0.000690,29287.295533,0.059000
2026-08-19,11:32:07,0.106444,0.104144,0.000690,29287.295533,0.059000
2026-08-19,11:32:07,0.136903,0.107626,0.000710,29287.296243,0.059000
2026-08-19,11:32:08,0.102597,0.109572,0.000720,29287.296243,0.059000
2026-08-19,11:32:09,0.102597,0.110017,0.000720,29287.296963,0.059000
2026-08-19,11:32:09,0.108368,0.110017,0.000730,29287.297693,0.059000
2026-08-19,11:32:10,0.120551,0.111680,0.000740,29287.297693,0.059000
2026-08-19,11:32:11,0.147791,0.118145,0.000740,29287.298433,0.059000
2026-08-19,11:32:11,0.135966,0.120745,0.000800,29287.299233,0.059000
2026-08-19,11:32:12,0.135966,0.120745,0.000800,29287.299233,0.059000
2026-08-19,11:32:13,0.082287,0.120745,0.000800,29287.300033,0.059000
2026-08-19,11:32:13,0.128573,0.123342,0.000820,29287.300853,0.059000
2026-08-19,11:32:14,0.205716,0.123342,0.000820,29287.300853,0.059000
2026-08-19,11:32:15,0.102858,0.121317,0.000820,29287.301673,0.059000
2026-08-19,11:32:15,0.102858,0.121317,0.000800,29287.302473,0.059000
2026-08-19,11:32:16,0.083788,0.117384,0.000800,29287.302473,0.059000
2026-08-19,11:32:17,0.143315,0.117384,0.000780,29287.303253,0.059000
2026-08-19,11:32:17,0.123116,0.117384,0.000780,29287.304033,0.059000
2026-08-19,11:32:18,0.123116,0.117384,0.000780,29287.304033,0.059000
2026-08-19,11:32:19,0.082077,0.117384,0.000780,29287.304813,0.059000
2026-08-19,11:32:19,0.122796,0.119019,0.000790,29287.305603,0.059000
2026-08-19,11:32:20,0.083569,0.119019,0.000790,29287.305603,0.059000
2026-08-19,11:32:21,0.167138,0.119019,0.000790,29287.306393,0.059000
2026-08-19,11:32:21,0.167138,0.115588,0.000760,29287.307183,0.059000
2026-08-19,11:32:22,0.102597,0.115588,0.000760,29287.307183,0.059000
2026-08-19,11:32:23,0.125028,0.117831,0.000780,29287.307943,0.059000
2026-08-19,11:32:23,0.081254,0.117831,0.000780,29287.308723,0.059000
2026-08-19,11:32:24,0.121564,0.119151,0.000780,29287.308723,0.059000
2026-08-19,11:32:25,0.121564,0.119151,0.000790,29287.309503,0.059000
2026-08-19,11:32:25,0.081254,0.119151,0.000790,29287.310293,0.059000
2026-08-19,11:32:26,0.124704,0.119566,0.000790,29287.310293,0.059000
2026-08-19,11:32:27,0.124380,0.117225,0.000770,29287.311083,0.059000
2026-08-19,11:32:27,0.124380,0.117225,0.000770,29287.311853,0.059000
2026-08-19,11:32:28,0.170819,0.117225,0.000770,29287.311853,0.059000
2026-08-19,11:32:29,0.083136,0.111942,0.000740,29287.312623,0.059000
2026-08-19,11:32:29,0.125679,0.111942,0.000740,29287.313363,0.059000
2026-08-19,11:32:30,0.124380,0.111942,0.000740,29287.313363,0.059000
2026-08-19,11:32:31,0.124380,0.107399,0.000740,29287.314103,0.059000
2026-08-19,11:32:31,0.083136,0.107399,0.000740,29287.314843,0.059000
2026-08-19,11:32:32,0.103920,0.107505,0.000710,29287.314843,0.059000
2026-08-19,11:32:33,0.145488,0.107505,0.000710,29287.315553,0.059000
2026-08-19,11:32:33,0.125354,0.107505,0.000710,29287.316263,0.059000
2026-08-19,11:32:34,0.125354,0.107505,0.000710,29287.316263,0.059000
2026-08-19,11:32:35,0.145488,0.107505,0.000710,29287.316973,0.059000
2026-08-19,11:32:35,0.103920,0.107505,0.000710,29287.317683,0.059000
2026-08-19,11:32:36,0.083136,0.107505,0.000710,29287.317683,0.059000
2026-08-19,11:32:37,0.083136,0.107505,0.000710,29287.318393,0.059000
2026-08-19,11:32:37,0.103920,0.107505,0.000710,29287.319103,0.059000
2026-08-19,11:32:38,0.103920,0.107505,0.000710,29287.319103,0.059000
2026-08-19,11:32:39,0.186732,0.107505,0.000710,29287.319813,0.059000
2026-08-19,11:32:39,0.083136,0.107440,0.000710,29287.320523,0.059000
2026-08-19,11:32:40,0.083136,0.107440,0.000710,29287.320523,0.059000
2026-08-19,11:32:41,0.124704,0.107440,0.000710,29287.321233,0.059000
2026-08-19,11:32:41,0.115936,0.107440,0.000710,29287.321943,0.059000
2026-08-19,11:32:42,0.083136,0.107440,0.000710,29287.321943,0.059000
2026-08-19,11:32:43,0.109766,0.106137,0.000700,29287.322653,0.059000
2026-08-19,11:32:43,0.109766,0.106137,0.000700,29287.323353,0.059000
2026-08-19,11:32:44,0.103920,0.106269,0.000700,29287.323353,0.059000
2026-08-19,11:32:45,0.103920,0.104158,0.000690,29287.324053,0.059000
2026-08-19,11:32:45,0.207516,0.104158,0.000690,29287.324743,0.059000
2026-08-19,11:32:46,0.207516,0.102236,0.000690,29287.324743,0.059000
2026-08-19,11:32:47,0.102337,0.102236,0.000690,29287.325433,0.059000
2026-08-19,11:32:47,0.102337,0.099999,0.000660,29287.326093,0.059000
2026-08-19,11:32:48,0.140074,0.099999,0.000660,29287.326093,0.059000
2026-08-19,11:32:49,0.141193,0.099999,0.000660,29287.326753,0.059000
2026-08-19,11:32:49,0.141193,0.099999,0.000660,29287.327413,0.059000
2026-08-19,11:32:50,0.168904,0.099999,0.000660,29287.327413,0.059000
2026-08-19,11:32:51,0.102858,0.097847,0.000660,29287.328073,0.059000
2026-08-19,11:32:51,0.123430,0.101876,0.000650,29287.328723,0.059000
2026-08-19,11:32:52,0.082287,0.101876,0.000670,29287.328723,0.059000
2026-08-19,11:32:53,0.082287,0.101876,0.000670,29287.329393,0.059000
2026-08-19,11:32:53,0.164573,0.101876,0.000670,29287.330063,0.059000
2026-08-19,11:32:54,0.116680,0.101876,0.000670,29287.330063,0.059000
2026-08-19,11:32:55,0.102858,0.101876,0.000670,29287.330733,0.059000
2026-08-19,11:32:55,0.102858,0.101876,0.000670,29287.331403,0.059000
2026-08-19,11:32:56,0.082287,0.101876,0.000670,29287.331403,0.059000
2026-08-19,11:32:57,0.082287,0.101876,0.000670,29287.332073,0.059000
2026-08-19,11:32:57,0.102858,0.101876,0.000670,29287.332743,0.059000
2026-08-19,11:32:58,0.164573,0.101876,0.000670,29287.332743,0.059000
2026-08-19,11:32:59,0.164573,0.101876,0.000670,29287.333413,0.059000
2026-08-19,11:32:59,0.123108,0.101876,0.000670,29287.334083,0.059000
2026-08-19,11:33:00,0.123108,0.101876,0.000670,29287.334083,0.059000
2026-08-19,11:33:01,0.082287,0.101791,0.000670,29287.334753,0.059000
2026-08-19,11:33:01,0.082287,0.101685,0.000670,29287.335423,0.059000
2026-08-19,11:33:02,0.102858,0.101685,0.000670,29287.335423,0.059000
2026-08-19,11:33:03,0.144001,0.101685,0.000670,29287.336093,0.059000
2026-08-19,11:33:03,0.102858,0.101685,0.000670,29287.336763,0.059000
2026-08-19,11:33:04,0.123108,0.101685,0.000670,29287.336763,0.059000
2026-08-19,11:33:05,0.123108,0.101600,0.000670,29287.337433,0.059000
2026-08-19,11:33:05,0.082287,0.101600,0.000670,29287.338103,0.059000
2026-08-19,11:33:06,0.205395,0.101600,0.000670,29287.338103,0.059000
2026-08-19,11:33:07,0.123430,0.102966,0.000670,29287.338773,0.059000
2026-08-19,11:33:07,0.246538,0.102966,0.000680,29287.339453,0.059000
2026-08-19,11:33:08,0.246538,0.102966,0.000680,29287.339453,0.059000
2026-08-19,11:33:09,0.157757,0.102966,0.000680,29287.340133,0.059000
2026-08-19,11:33:09,0.125354,0.102966,0.000680,29287.340813,0.059000
2026-08-19,11:33:10,0.167248,0.102966,0.000680,29287.340813,0.059000
2026-08-19,11:33:11,0.167248,0.102966,0.000680,29287.341493,0.059000
2026-08-19,11:33:11,0.123430,0.102966,0.000680,29287.342173,0.059000
2026-08-19,11:33:12,0.144001,0.102966,0.000680,29287.342173,0.059000
2026-08-19,11:33:13,0.106420,0.102966,0.000680,29287.342853,0.059000
2026-08-19,11:33:13,0.082287,0.102966,0.000680,29287.343533,0.059000
2026-08-19,11:33:14,0.082287,0.102966,0.000680,29287.343533,0.059000
2026-08-19,11:33:15,0.084008,0.102966,0.000680,29287.344213,0.059000
2026-08-19,11:33:15,0.123423,0.104917,0.000690,29287.344903,0.059000
2026-08-19,11:33:16,0.145336,0.109058,0.000690,29287.344903,0.059000
2026-08-19,11:33:17,0.082497,0.109058,0.000720,29287.345623,0.059000
2026-08-19,11:33:17,0.082497,0.109058,0.000720,29287.346343,0.059000
2026-08-19,11:33:18,0.144047,0.109058,0.000720,29287.346343,0.059000
2026-08-19,11:33:19,0.130835,0.109058,0.000720,29287.347063,0.059000
2026-08-19,11:33:19,0.112144,0.109058,0.000720,29287.347783,0.059000
2026-08-19,11:33:20,0.112144,0.109058,0.000720,29287.347783,0.059000
2026-08-19,11:33:21,0.172083,0.109058,0.000720,29287.348503,0.059000
2026-08-19,11:33:21,0.105010,0.109326,0.000720,29287.349223,0.059000
2026-08-19,11:33:22,0.082497,0.107342,0.000720,29287.349223,0.059000
2026-08-19,11:33:23,0.103121,0.107368,0.000710,29287.349943,0.059000
2026-08-19,11:33:23,0.103121,0.105337,0.000710,29287.350653,0.059000
2026-08-19,11:33:24,0.103121,0.105337,0.000700,29287.350653,0.059000
2026-08-19,11:33:25,0.123745,0.109483,0.000720,29287.351353,0.059000
2026-08-19,11:33:25,0.103121,0.109509,0.000720,29287.352073,0.059000
2026-08-19,11:33:26,0.195608,0.109509,0.000720,29287.352073,0.058000
2026-08-19,11:33:27,0.195608,0.109509,0.000700,29287.352793,0.058000
2026-08-19,11:33:27,0.144047,0.109509,0.000700,29287.353493,0.058000
2026-08-19,11:33:28,0.103121,0.109509,0.000700,29287.353493,0.058000
2026-08-19,11:33:29,0.082497,0.109509,0.000700,29287.354193,0.058000
2026-08-19,11:33:29,0.082497,0.109509,0.000700,29287.354893,0.058000
2026-08-19,11:33:30,0.164027,0.109509,0.000700,29287.354893,0.058000
2026-08-19,11:33:31,0.123745,0.109509,0.000700,29287.355593,0.058000
2026-08-19,11:33:31,0.152847,0.109509,0.000700,29287.356293,0.058000
2026-08-19,11:33:32,0.116383,0.109509,0.000700,29287.356293,0.058000
2026-08-19,11:33:33,0.116383,0.109509,0.000700,29287.356993,0.058000
2026-08-19,11:33:33,0.102597,0.109509,0.000700,29287.357693,0.058000
2026-08-19,11:33:34,0.143636,0.109509,0.000700,29287.357693,0.058000
2026-08-19,11:33:35,0.123116,0.109509,0.000700,29287.358393,0.058000
2026-08-19,11:33:35,0.142353,0.109509,0.000700,29287.359093,0.058000
2026-08-19,11:33:36,0.142353,0.109509,0.000700,29287.359093,0.058000
2026-08-19,11:33:37,0.083788,0.109659,0.000710,29287.359793,0.058000
2026-08-19,11:33:37,0.116190,0.109659,0.000710,29287.360503,0.058000
2026-08-19,11:33:38,0.167576,0.109659,0.000710,29287.360503,0.058000
2026-08-19,11:33:39,0.167576,0.105483,0.000680,29287.361213,0.058000
2026-08-19,11:33:39,0.081663,0.105483,0.000680,29287.361893,0.058000
2026-08-19,11:33:40,0.083788,0.101519,0.000650,29287.361893,0.058000
2026-08-19,11:33:41,0.106698,0.097655,0.000630,29287.362543,0.058000
2026-08-19,11:33:41,0.105751,0.097729,0.000630,29287.363173,0.058000
2026-08-19,11:33:42,0.105751,0.097729,0.000630,29287.363173,0.058000
2026-08-19,11:33:43,0.144001,0.097729,0.000630,29287.363803,0.058000
2026-08-19,11:33:43,0.164573,0.097729,0.000630,29287.364433,0.058000
2026-08-19,11:33:44,0.164252,0.097729,0.000630,29287.364433,0.058000
2026-08-19,11:33:45,0.082287,0.097708,0.000630,29287.365063,0.058000
2026-08-19,11:33:45,0.082287,0.097708,0.000630,29287.365693,0.058000
2026-08-19,11:33:46,0.082287,0.095625,0.000610,29287.365693,0.058000
2026-08-19,11:33:47,0.102858,0.095599,0.000610,29287.366303,0.058000
2026-08-19,11:33:47,0.184823,0.095599,0.000610,29287.366913,0.058000
2026-08-19,11:33:48,0.184823,0.094249,0.000610,29287.366913,0.058000
2026-08-19,11:33:48,0.110251,0.094249,0.000610,29287.367523,0.058000
2026-08-19,11:33:49,0.143680,0.094249,0.000610,29287.368133,0.058000
2026-08-19,11:33:50,0.176787,0.094249,0.000610,29287.368133,0.058000
2026-08-19,11:33:50,0.084858,0.092423,0.000610,29287.368743,0.058000
2026-08-19,11:33:51,0.084858,0.092423,0.000590,29287.369333,0.058000
2026-08-19,11:33:52,0.123108,0.092423,0.000590,29287.369333,0.058000
2026-08-19,11:33:52,0.082287,0.092273,0.000590,29287.369923,0.058000
2026-08-19,11:33:53,0.123430,0.092273,0.000590,29287.370513,0.058000
2026-08-19,11:33:54,0.082287,0.092335,0.000590,29287.370513,0.058000
2026-08-19,11:33:54,0.082287,0.092335,0.000590,29287.371103,0.058000
2026-08-19,11:33:55,0.212145,0.092335,0.000590,29287.371693,0.058000
2026-08-19,11:33:56,0.123430,0.092335,0.000590,29287.371693,0.058000
2026-08-19,11:33:56,0.082287,0.092185,0.000590,29287.372283,0.058000
2026-08-19,11:33:57,0.082287,0.089744,0.000590,29287.372873,0.059000
2026-08-19,11:33:58,0.082287,0.089744,0.000590,29287.372873,0.059000
2026-08-19,11:33:58,0.102858,0.089454,0.000590,29287.373463,0.059000
2026-08-19,11:33:59,0.082287,0.089454,0.000590,29287.374053,0.059000
2026-08-19,11:34:00,0.185145,0.089454,0.000590,29287.374053,0.059000
2026-08-19,11:34:00,0.185145,0.089454,0.000590,29287.374643,0.058000
2026-08-19,11:34:01,0.123430,0.089454,0.000570,29287.375213,0.058000
2026-08-19,11:34:02,0.144001,0.089454,0.000570,29287.375213,0.058000
2026-08-19,11:34:02,0.102858,0.089454,0.000570,29287.375783,0.058000
2026-08-19,11:34:03,0.102858,0.089454,0.000570,29287.375783,0.058000
2026-08-19,11:34:04,0.143680,0.089454,0.000570,29287.376353,0.058000
2026-08-19,11:34:04,0.102858,0.089454,0.000570,29287.376923,0.058000
2026-08-19,11:34:05,0.082287,0.089454,0.000570,29287.376923,0.058000
2026-08-19,11:34:06,0.102858,0.089454,0.000570,29287.377493,0.058000
2026-08-19,11:34:06,0.102858,0.089454,0.000570,29287.378063,0.058000
2026-08-19,11:34:07,0.123430,0.089454,0.000570,29287.378063,0.058000
2026-08-19,11:34:08,0.125682,0.089454,0.000570,29287.378633,0.058000
2026-08-19,11:34:08,0.133864,0.089454,0.000570,29287.379203,0.059000
2026-08-19,11:34:09,0.164994,0.089454,0.000590,29287.379203,0.059000
2026-08-19,11:34:10,0.164994,0.089454,0.000590,29287.379793,0.059000
2026-08-19,11:34:10,0.123423,0.089454,0.000590,29287.380383,0.059000
2026-08-19,11:34:11,0.185618,0.089454,0.000590,29287.380383,0.059000
2026-08-19,11:34:12,0.138569,0.089454,0.000590,29287.380973,0.059000
2026-08-19,11:34:12,0.138569,0.089454,0.000590,29287.381563,0.059000
2026-08-19,11:34:13,0.179173,0.089454,0.000600,29287.381563,0.059000
2026-08-19,11:34:14,0.104735,0.091699,0.000600,29287.382163,0.059000
2026-08-19,11:34:14,0.144370,0.091699,0.000600,29287.382763,0.059000
2026-08-19,11:34:15,0.185296,0.091699,0.000600,29287.382763,0.059000
2026-08-19,11:34:16,0.185296,0.091699,0.000600,29287.383363,0.059000
2026-08-19,11:34:16,0.123745,0.091699,0.000600,29287.383963,0.059000
2026-08-19,11:34:17,0.164994,0.091699,0.000600,29287.383963,0.059000
2026-08-19,11:34:18,0.144370,0.091699,0.000600,29287.384563,0.059000
2026-08-19,11:34:18,0.103121,0.091699,0.000600,29287.385163,0.059000
2026-08-19,11:34:19,0.103121,0.091699,0.000600,29287.385163,0.059000
2026-08-19,11:34:20,0.103121,0.091699,0.000600,29287.385763,0.059000
2026-08-19,11:34:20,0.096998,0.091699,0.000600,29287.386363,0.059000
2026-08-19,11:34:21,0.251363,0.091699,0.000600,29287.386363,0.059000
2026-08-19,11:34:22,0.251363,0.089792,0.000600,29287.386963,0.059000
2026-08-19,11:34:22,0.083788,0.089792,0.000590,29287.387553,0.059000
2026-08-19,11:34:23,0.083788,0.087146,0.000590,29287.387553,0.059000
2026-08-19,11:34:24,0.083788,0.087039,0.000570,29287.388143,0.059000
2026-08-19,11:34:24,0.083788,0.087189,0.000570,29287.388713,0.059000
2026-08-19,11:34:25,0.083788,0.089642,0.000570,29287.388713,0.059000
2026-08-19,11:34:26,0.106814,0.089642,0.000590,29287.389283,0.059000
2026-08-19,11:34:26,0.102017,0.091615,0.000600,29287.389873,0.059000
2026-08-19,11:34:27,0.122804,0.095667,0.000600,29287.389873,0.059000
2026-08-19,11:34:28,0.146629,0.100044,0.000630,29287.390473,0.059000
2026-08-19,11:34:28,0.146629,0.100044,0.000660,29287.391103,0.059000
2026-08-19,11:34:29,0.082497,0.100044,0.000660,29287.391103,0.059000
2026-08-19,11:34:30,0.103121,0.100044,0.000660,29287.391763,0.059000
2026-08-19,11:34:30,0.129293,0.100044,0.000660,29287.392423,0.059000
2026-08-19,11:34:31,0.129293,0.100044,0.000660,29287.392423,0.059000
2026-08-19,11:34:32,0.190930,0.100044,0.000660,29287.393083,0.059000
2026-08-19,11:34:32,0.082287,0.100044,0.000660,29287.393743,0.059000
2026-08-19,11:34:33,0.082287,0.097799,0.000660,29287.393743,0.059000
2026-08-19,11:34:34,0.102858,0.099706,0.000660,29287.394403,0.059000
2026-08-19,11:34:34,0.102858,0.099706,0.000660,29287.395063,0.059000
2026-08-19,11:34:35,0.164573,0.099706,0.000660,29287.395063,0.059000
2026-08-19,11:34:36,0.126344,0.099706,0.000660,29287.395723,0.059000
2026-08-19,11:34:36,0.102858,0.099706,0.000660,29287.396383,0.059000
2026-08-19,11:34:37,0.102858,0.099706,0.000660,29287.396383,0.059000
2026-08-19,11:34:38,0.082287,0.099706,0.000660,29287.397043,0.059000
2026-08-19,11:34:38,0.185145,0.099706,0.000660,29287.397703,0.059000
2026-08-19,11:34:39,0.126012,0.103928,0.000690,29287.397703,0.059000
2026-08-19,11:34:40,0.105010,0.106050,0.000700,29287.398393,0.059000
2026-08-19,11:34:40,0.105010,0.110015,0.000700,29287.399093,0.059000
2026-08-19,11:34:41,0.123430,0.110015,0.000730,29287.399093,0.059000
2026-08-19,11:34:42,0.102858,0.109619,0.000720,29287.399823,0.059000
2026-08-19,11:34:42,0.104461,0.109863,0.000720,29287.400543,0.059000
2026-08-19,11:34:43,0.120784,0.109661,0.000730,29287.400543,0.059000
2026-08-19,11:34:44,0.120784,0.109661,0.000730,29287.401273,0.059000
2026-08-19,11:34:44,0.148205,0.109819,0.000730,29287.402003,0.059000
2026-08-19,11:34:45,0.146246,0.116215,0.000770,29287.402003,0.059000
2026-08-19,11:34:46,0.104461,0.118432,0.000780,29287.402773,0.059000
2026-08-19,11:34:46,0.102079,0.118355,0.000780,29287.403553,0.059000
2026-08-19,11:34:47,0.102079,0.118355,0.000780,29287.403553,0.059000
2026-08-19,11:34:48,0.112330,0.116986,0.000770,29287.404333,0.059000
2026-08-19,11:34:48,0.166704,0.116986,0.000770,29287.405103,0.059000
2026-08-19,11:34:49,0.203822,0.116986,0.000770,29287.405103,0.059000
2026-08-19,11:34:50,0.203822,0.114821,0.000760,29287.405873,0.059000
2026-08-19,11:34:50,0.083352,0.114821,0.000760,29287.406633,0.059000
2026-08-19,11:34:51,0.117688,0.114821,0.000760,29287.406633,0.059000
2026-08-19,11:34:52,0.104735,0.114821,0.000760,29287.407393,0.059000
2026-08-19,11:34:52,0.185145,0.114821,0.000760,29287.408153,0.059000
2026-08-19,11:34:53,0.185145,0.114821,0.000760,29287.408153,0.059000
2026-08-19,11:34:54,0.164573,0.114821,0.000760,29287.408913,0.059000
2026-08-19,11:34:54,0.115394,0.114821,0.000760,29287.409673,0.059000
2026-08-19,11:34:55,0.188522,0.114821,0.000760,29287.409673,0.059000
2026-08-19,11:34:56,0.146629,0.114821,0.000760,29287.410433,0.059000
2026-08-19,11:34:56,0.146629,0.114821,0.000760,29287.411193,0.059000
2026-08-19,11:34:57,0.146629,0.114821,0.000760,29287.411193,0.059000
2026-08-19,11:34:58,0.125682,0.114821,0.000760,29287.411953,0.059000
2026-08-19,11:34:58,0.083788,0.110856,0.000760,29287.412713,0.059000
2026-08-19,11:34:59,0.083788,0.111044,0.000730,29287.412713,0.059000
2026-08-19,11:35:00,0.104735,0.111044,0.000730,29287.413443,0.059000
2026-08-19,11:35:00,0.082077,0.108806,0.000720,29287.414163,0.059000
2026-08-19,11:35:01,0.184674,0.108806,0.000720,29287.414163,0.059000
2026-08-19,11:35:02,0.143315,0.108806,0.000720,29287.414883,0.059000
2026-08-19,11:35:02,0.143315,0.108806,0.000720,29287.415603,0.059000
2026-08-19,11:35:03,0.131452,0.108806,0.000720,29287.415603,0.059000
2026-08-19,11:35:04,0.126336,0.108806,0.000720,29287.416323,0.059000
2026-08-19,11:35:04,0.125354,0.108806,0.000720,29287.417043,0.059000
2026-08-19,11:35:05,0.125354,0.108806,0.000720,29287.417043,0.059000
2026-08-19,11:35:06,0.091287,0.108806,0.000720,29287.417763,0.059000
2026-08-19,11:35:06,0.123430,0.109070,0.000720,29287.418483,0.059000
2026-08-19,11:35:07,0.192216,0.109070,0.000720,29287.418483,0.059000
2026-08-19,11:35:08,0.082287,0.102478,0.000720,29287.419203,0.059000
2026-08-19,11:35:08,0.082287,0.098140,0.000680,29287.419883,0.059000
2026-08-19,11:35:09,0.102858,0.098140,0.000680,29287.419883,0.059000
2026-08-19,11:35:10,0.119763,0.099670,0.000660,29287.420543,0.059000
2026-08-19,11:35:10,0.147072,0.104169,0.000690,29287.421233,0.059000
2026-08-19,11:35:11,0.082709,0.104169,0.000690,29287.421233,0.059000
2026-08-19,11:35:12,0.082709,0.104169,0.000690,29287.421923,0.059000
2026-08-19,11:35:12,0.142233,0.104169,0.000690,29287.422613,0.059000
2026-08-19,11:35:13,0.081458,0.101082,0.000690,29287.422613,0.059000
2026-08-19,11:35:14,0.139688,0.101082,0.000670,29287.423283,0.059000
2026-08-19,11:35:14,0.139688,0.100893,0.000670,29287.423953,0.059000
2026-08-19,11:35:15,0.081458,0.100893,0.000670,29287.423953,0.059000
2026-08-19,11:35:16,0.083352,0.100849,0.000670,29287.424623,0.059000
2026-08-19,11:35:16,0.110051,0.100849,0.000670,29287.425293,0.059000
2026-08-19,11:35:17,0.104190,0.100849,0.000670,29287.425293,0.059000
2026-08-19,11:35:18,0.104190,0.100849,0.000670,29287.425963,0.059000
2026-08-19,11:35:18,0.122804,0.100849,0.000670,29287.426633,0.059000
2026-08-19,11:35:19,0.163419,0.100849,0.000670,29287.426633,0.059000
2026-08-19,11:35:20,0.083788,0.098754,0.000650,29287.427283,0.059000
2026-08-19,11:35:20,0.146629,0.098754,0.000650,29287.427933,0.059000
2026-08-19,11:35:21,0.146629,0.098754,0.000650,29287.427933,0.059000
2026-08-19,11:35:22,0.083788,0.098925,0.000650,29287.428583,0.059000
2026-08-19,11:35:22,0.176740,0.098925,0.000650,29287.429233,0.059000
2026-08-19,11:35:23,0.185618,0.098925,0.000650,29287.429233,0.059000
2026-08-19,11:35:24,0.185618,0.094832,0.000650,29287.429883,0.059000
2026-08-19,11:35:24,0.082497,0.094832,0.000630,29287.430533,0.059000
2026-08-19,11:35:25,0.082497,0.094853,0.000630,29287.430533,0.059000
2026-08-19,11:35:26,0.124068,0.094853,0.000630,29287.431163,0.059000
2026-08-19,11:35:26,0.123745,0.094853,0.000630,29287.431793,0.059000
2026-08-19,11:35:27,0.123745,0.094853,0.000630,29287.431793,0.059000
2026-08-19,11:35:28,0.123745,0.094853,0.000630,29287.432423,0.059000
2026-08-19,11:35:28,0.127290,0.094853,0.000630,29287.433053,0.059000
2026-08-19,11:35:29,0.082497,0.092817,0.000630,29287.433053,0.059000
2026-08-19,11:35:30,0.164672,0.092817,0.000610,29287.433683,0.059000
2026-08-19,11:35:30,0.164672,0.092817,0.000610,29287.434293,0.059000
2026-08-19,11:35:31,0.144370,0.092817,0.000610,29287.434293,0.059000
2026-08-19,11:35:32,0.164672,0.092817,0.000610,29287.434903,0.059000
2026-08-19,11:35:32,0.226867,0.092817,0.000610,29287.435513,0.059000
2026-08-19,11:35:33,0.226867,0.091153,0.000610,29287.435513,0.059000
2026-08-19,11:35:34,0.103121,0.091153,0.000600,29287.436123,0.059000
2026-08-19,11:35:34,0.103121,0.086758,0.000600,29287.436723,0.059000
2026-08-19,11:35:35,0.082497,0.086862,0.000570,29287.436723,0.059000
2026-08-19,11:35:36,0.084430,0.087159,0.000570,29287.437293,0.059000
2026-08-19,11:35:36,0.084430,0.087159,0.000570,29287.437863,0.059000
2026-08-19,11:35:37,0.103121,0.089136,0.000590,29287.437863,0.059000
2026-08-19,11:35:38,0.082497,0.089007,0.000590,29287.438453,0.059000
2026-08-19,11:35:38,0.106666,0.091294,0.000590,29287.439043,0.059000
2026-08-19,11:35:39,0.082497,0.091294,0.000600,29287.439043,0.059000
2026-08-19,11:35:40,0.082497,0.091294,0.000600,29287.439643,0.059000
2026-08-19,11:35:40,0.247491,0.091294,0.000600,29287.440243,0.059000
2026-08-19,11:35:41,0.146301,0.091294,0.000600,29287.440243,0.059000
2026-08-19,11:35:42,0.125037,0.091294,0.000600,29287.440843,0.059000
2026-08-19,11:35:42,0.125037,0.091294,0.000600,29287.441443,0.059000
2026-08-19,11:35:43,0.183538,0.091294,0.000600,29287.441443,0.059000
2026-08-19,11:35:44,0.105565,0.093601,0.000620,29287.442043,0.059000
2026-08-19,11:35:44,0.082497,0.093601,0.000620,29287.442663,0.059000
2026-08-19,11:35:45,0.082497,0.091539,0.000600,29287.442663,0.059000
2026-08-19,11:35:46,0.082497,0.091539,0.000600,29287.443263,0.059000
2026-08-19,11:35:46,0.123745,0.091539,0.000600,29287.443863,0.059000
2026-08-19,11:35:47,0.082497,0.089476,0.000590,29287.443863,0.059000
2026-08-19,11:35:48,0.139138,0.089476,0.000590,29287.444453,0.059000
2026-08-19,11:35:48,0.102858,0.089476,0.000590,29287.445043,0.059000
2026-08-19,11:35:49,0.102858,0.089476,0.000590,29287.445043,0.059000
2026-08-19,11:35:50,0.118172,0.089476,0.000590,29287.445633,0.059000
2026-08-19,11:35:50,0.143315,0.089476,0.000590,29287.446223,0.059000
2026-08-19,11:35:51,0.123116,0.089476,0.000590,29287.446223,0.059000
2026-08-19,11:35:52,0.123116,0.089434,0.000590,29287.446813,0.059000
2026-08-19,11:35:52,0.082077,0.089434,0.000590,29287.447403,0.059000
2026-08-19,11:35:53,0.125354,0.089434,0.000590,29287.447403,0.059000
2026-08-19,11:35:54,0.083569,0.089348,0.000590,29287.447993,0.059000
2026-08-19,11:35:54,0.187704,0.089348,0.000590,29287.448583,0.059000
2026-08-19,11:35:55,0.187704,0.087393,0.000580,29287.448583,0.059000
2026-08-19,11:35:56,0.083569,0.087393,0.000580,29287.449163,0.059000
2026-08-19,11:35:56,0.125354,0.087393,0.000580,29287.449743,0.059000
2026-08-19,11:35:57,0.188031,0.087393,0.000580,29287.449743,0.059000
2026-08-19,11:35:58,0.083569,0.087500,0.000580,29287.450323,0.059000
2026-08-19,11:35:58,0.083569,0.087500,0.000580,29287.450903,0.059000
2026-08-19,11:35:59,0.104461,0.087280,0.000580,29287.450903,0.059000
2026-08-19,11:36:00,0.208923,0.087280,0.000580,29287.451483,0.059000
2026-08-19,11:36:00,0.083569,0.087387,0.000580,29287.452063,0.059000
2026-08-19,11:36:01,0.083569,0.087277,0.000580,29287.452063,0.059000
2026-08-19,11:36:02,0.104461,0.087277,0.000580,29287.452643,0.059000
2026-08-19,11:36:02,0.123108,0.091338,0.000600,29287.453243,0.059000
2026-08-19,11:36:03,0.083569,0.091338,0.000600,29287.453243,0.059000
2026-08-19,11:36:04,0.116213,0.094710,0.000600,29287.453843,0.059000
2026-08-19,11:36:04,0.116213,0.098995,0.000620,29287.454463,0.059000
2026-08-19,11:36:05,0.125354,0.098995,0.000620,29287.454463,0.059000
2026-08-19,11:36:06,0.146246,0.105412,0.000700,29287.455163,0.059000
2026-08-19,11:36:06,0.110337,0.108089,0.000710,29287.455873,0.059000
2026-08-19,11:36:07,0.081254,0.107857,0.000710,29287.455873,0.059000
2026-08-19,11:36:08,0.081254,0.107857,0.000710,29287.456583,0.059000
2026-08-19,11:36:08,0.103121,0.109813,0.000730,29287.457313,0.059000
2026-08-19,11:36:09,0.190452,0.109813,0.000730,29287.457313,0.059000
2026-08-19,11:36:10,0.123745,0.111741,0.000730,29287.458043,0.059000
2026-08-19,11:36:10,0.123745,0.113696,0.000750,29287.458793,0.059000
2026-08-19,11:36:11,0.103121,0.113696,0.000750,29287.458793,0.059000
2026-08-19,11:36:12,0.082497,0.111500,0.000740,29287.459533,0.059000
2026-08-19,11:36:12,0.124368,0.111500,0.000740,29287.460273,0.059000
2026-08-19,11:36:13,0.102977,0.111500,0.000740,29287.460273,0.059000
2026-08-19,11:36:14,0.102977,0.111500,0.000740,29287.461013,0.059000
2026-08-19,11:36:14,0.081870,0.111500,0.000740,29287.461753,0.059000
2026-08-19,11:36:15,0.102337,0.111500,0.000740,29287.461753,0.059000
2026-08-19,11:36:16,0.081870,0.111500,0.000740,29287.462493,0.059000
2026-08-19,11:36:16,0.102337,0.111500,0.000740,29287.463233,0.059000
2026-08-19,11:36:17,0.102337,0.111500,0.000740,29287.463233,0.059000
2026-08-19,11:36:18,0.081870,0.111500,0.000740,29287.463973,0.059000
2026-08-19,11:36:18,0.096261,0.111500,0.000740,29287.464713,0.059000
2026-08-19,11:36:19,0.116408,0.111500,0.000740,29287.464713,0.059000
2026-08-19,11:36:20,0.116408,0.097441,0.000740,29287.465453,0.059000
2026-08-19,11:36:20,0.084108,0.097441,0.000640,29287.466093,0.059000
2026-08-19,11:36:21,0.111317,0.097441,0.000640,29287.466093,0.059000
2026-08-19,11:36:22,0.184207,0.097441,0.000640,29287.466733,0.059000
2026-08-19,11:36:22,0.112251,0.096229,0.000640,29287.467363,0.059000
2026-08-19,11:36:23,0.112251,0.096229,0.000630,29287.467363,0.059000
2026-08-19,11:36:24,0.109373,0.096868,0.000640,29287.468003,0.059000
2026-08-19,11:36:24,0.221944,0.096868,0.000640,29287.468643,0.059000
2026-08-19,11:36:25,0.081870,0.096868,0.000640,29287.468643,0.059000
2026-08-19,11:36:26,0.081870,0.096868,0.000640,29287.469283,0.059000
2026-08-19,11:36:26,0.122485,0.096868,0.000640,29287.469283,0.059000
2026-08-19,11:36:27,0.081870,0.094822,0.000630,29287.469923,0.059000
2026-08-19,11:36:28,0.081870,0.094822,0.000630,29287.470553,0.059000
2026-08-19,11:36:28,0.102337,0.094822,0.000630,29287.470553,0.059000
2026-08-19,11:36:29,0.102337,0.094822,0.000630,29287.471183,0.059000
2026-08-19,11:36:30,0.197319,0.094822,0.000630,29287.471813,0.059000
2026-08-19,11:36:30,0.122804,0.098915,0.000630,29287.471813,0.059000
2026-08-19,11:36:31,0.105286,0.099818,0.000660,29287.472443,0.059000
2026-08-19,11:36:32,0.105286,0.101338,0.000670,29287.473103,0.059000
2026-08-19,11:36:32,0.131608,0.101338,0.000670,29287.473103,0.059000
2026-08-19,11:36:33,0.147401,0.107667,0.000710,29287.473773,0.059000
2026-08-19,11:36:34,0.126344,0.109076,0.000720,29287.474483,0.059000
2026-08-19,11:36:34,0.103652,0.108504,0.000720,29287.474483,0.059000
2026-08-19,11:36:35,0.103652,0.110682,0.000720,29287.475203,0.059000
2026-08-19,11:36:36,0.103652,0.110682,0.000720,29287.475923,0.059000
2026-08-19,11:36:36,0.113693,0.113865,0.000750,29287.475923,0.059000
2026-08-19,11:36:37,0.158070,0.113865,0.000750,29287.476673,0.059000
2026-08-19,11:36:37,0.121791,0.113865,0.000750,29287.477423,0.059000
2026-08-19,11:36:38,0.121791,0.113865,0.000750,29287.477423,0.059000
2026-08-19,11:36:39,0.103652,0.113865,0.000750,29287.478173,0.059000
2026-08-19,11:36:39,0.103652,0.113865,0.000750,29287.478923,0.059000
2026-08-19,11:36:40,0.116609,0.113865,0.000750,29287.478923,0.059000
2026-08-19,11:36:41,0.116609,0.113865,0.000750,29287.479673,0.059000
2026-08-19,11:36:41,0.082922,0.113865,0.000750,29287.480423,0.059000
2026-08-19,11:36:42,0.126326,0.118310,0.000780,29287.480423,0.059000
2026-08-19,11:36:43,0.081051,0.118310,0.000780,29287.481203,0.059000
2026-08-19,11:36:43,0.082709,0.118310,0.000780,29287.481983,0.059000
2026-08-19,11:36:44,0.082709,0.118310,0.000780,29287.481983,0.059000
2026-08-19,11:36:45,0.123740,0.120451,0.000800,29287.482763,0.059000
2026-08-19,11:36:45,0.136017,0.121772,0.000800,29287.483563,0.059000
2026-08-19,11:36:46,0.147461,0.125989,0.000830,29287.483563,0.059000
2026-08-19,11:36:47,0.147461,0.125463,0.000830,29287.484393,0.059000
2026-08-19,11:36:47,0.126348,0.125463,0.000830,29287.485223,0.059000
2026-08-19,11:36:48,0.083136,0.125463,0.000830,29287.485223,0.059000
2026-08-19,11:36:49,0.164649,0.125463,0.000830,29287.486053,0.059000
2026-08-19,11:36:49,0.102079,0.120931,0.000830,29287.486883,0.059000
2026-08-19,11:36:50,0.102079,0.120931,0.000800,29287.486883,0.059000
2026-08-19,11:36:51,0.083788,0.116676,0.000800,29287.487683,0.059000
2026-08-19,11:36:51,0.104735,0.116784,0.000770,29287.488453,0.059000
2026-08-19,11:36:52,0.082077,0.114626,0.000760,29287.488453,0.059000
2026-08-19,11:36:53,0.082077,0.111465,0.000760,29287.489213,0.059000
2026-08-19,11:36:53,0.082077,0.111465,0.000740,29287.489953,0.059000
2026-08-19,11:36:54,0.082077,0.107040,0.000710,29287.489953,0.059000
2026-08-19,11:36:55,0.102597,0.104926,0.000710,29287.490663,0.059000
2026-08-19,11:36:55,0.104190,0.101743,0.000690,29287.491353,0.059000
2026-08-19,11:36:56,0.104190,0.101743,0.000670,29287.491353,0.059000
2026-08-19,11:36:57,0.166378,0.101743,0.000670,29287.492023,0.059000
2026-08-19,11:36:57,0.104190,0.097416,0.000640,29287.492663,0.059000
2026-08-19,11:36:58,0.125028,0.097284,0.000640,29287.492663,0.059000
2026-08-19,11:36:59,0.125028,0.097495,0.000640,29287.493303,0.059000
2026-08-19,11:36:59,0.104190,0.097495,0.000640,29287.493943,0.059000
2026-08-19,11:37:00,0.125028,0.101619,0.000670,29287.493943,0.059000
2026-08-19,11:37:01,0.125028,0.103648,0.000670,29287.494613,0.059000
2026-08-19,11:37:01,0.124702,0.107911,0.000710,29287.495323,0.059000
2026-08-19,11:37:02,0.124702,0.110122,0.000710,29287.495323,0.059000
2026-08-19,11:37:03,0.104190,0.110122,0.000730,29287.496053,0.059000
2026-08-19,11:37:03,0.083352,0.110250,0.000730,29287.496053,0.059000
2026-08-19,11:37:04,0.119493,0.110250,0.000730,29287.496783,0.059000
2026-08-19,11:37:05,0.119493,0.110250,0.000730,29287.497513,0.059000
2026-08-19,11:37:05,0.104190,0.110250,0.000730,29287.497513,0.059000
2026-08-19,11:37:06,0.158564,0.110250,0.000730,29287.498243,0.059000
2026-08-19,11:37:07,0.104190,0.110409,0.000730,29287.498973,0.059000
2026-08-19,11:37:07,0.083352,0.108325,0.000720,29287.498973,0.059000
2026-08-19,11:37:08,0.083352,0.108325,0.000720,29287.499693,0.059000
2026-08-19,11:37:09,0.142195,0.108325,0.000720,29287.500413,0.059000
2026-08-19,11:37:09,0.104190,0.108325,0.000720,29287.500413,0.059000
2026-08-19,11:37:10,0.137075,0.111614,0.000720,29287.501133,0.059000
2026-08-19,11:37:11,0.109725,0.110083,0.000740,29287.501873,0.059000
2026-08-19,11:37:11,0.109725,0.110083,0.000730,29287.501873,0.059000
2026-08-19,11:37:12,0.104190,0.110083,0.000730,29287.502603,0.059000
2026-08-19,11:37:13,0.125028,0.110083,0.000730,29287.503333,0.059000
2026-08-19,11:37:13,0.112330,0.108813,0.000720,29287.503333,0.059000
2026-08-19,11:37:14,0.112330,0.108813,0.000720,29287.504053,0.059000
2026-08-19,11:37:14,0.147804,0.108813,0.000720,29287.504773,0.059000
2026-08-19,11:37:15,0.102597,0.106603,0.000720,29287.504773,0.059000
2026-08-19,11:37:16,0.136261,0.106603,0.000700,29287.505473,0.059000
2026-08-19,11:37:16,0.102597,0.106603,0.000700,29287.506173,0.059000
2026-08-19,11:37:17,0.102597,0.106603,0.000700,29287.506173,0.059000
2026-08-19,11:37:18,0.115421,0.106603,0.000700,29287.506873,0.059000
2026-08-19,11:37:18,0.082077,0.106603,0.000700,29287.507573,0.059000
2026-08-19,11:37:19,0.125354,0.108719,0.000700,29287.507573,0.059000
2026-08-19,11:37:20,0.125354,0.114789,0.000720,29287.508293,0.059000
2026-08-19,11:37:20,0.144047,0.114789,0.000760,29287.509053,0.059000
2026-08-19,11:37:21,0.082497,0.114789,0.000760,29287.509053,0.059000
2026-08-19,11:37:22,0.103121,0.114789,0.000760,29287.509813,0.059000
2026-08-19,11:37:22,0.144370,0.118807,0.000780,29287.510593,0.059000
2026-08-19,11:37:23,0.144370,0.118807,0.000780,29287.510593,0.059000
2026-08-19,11:37:24,0.123745,0.122846,0.000810,29287.511403,0.059000
2026-08-19,11:37:24,0.082497,0.122846,0.000810,29287.512213,0.059000
2026-08-19,11:37:25,0.103121,0.122846,0.000810,29287.512213,0.059000
2026-08-19,11:37:26,0.103121,0.122846,0.000810,29287.513023,0.059000
2026-08-19,11:37:26,0.168861,0.122846,0.000810,29287.513833,0.059000
2026-08-19,11:37:27,0.205920,0.122846,0.000810,29287.513833,0.059000
2026-08-19,11:37:28,0.144047,0.123543,0.000820,29287.514643,0.059000
2026-08-19,11:37:28,0.082497,0.123543,0.000820,29287.515463,0.059000
2026-08-19,11:37:29,0.082497,0.123543,0.000820,29287.515463,0.059000
2026-08-19,11:37:30,0.123745,0.124945,0.000830,29287.516283,0.059000
2026-08-19,11:37:30,0.103121,0.124839,0.000830,29287.517113,0.059000
2026-08-19,11:37:31,0.195930,0.124839,0.000830,29287.517113,0.059000
2026-08-19,11:37:32,0.195930,0.124710,0.000820,29287.517943,0.059000
2026-08-19,11:37:32,0.123745,0.124710,0.000820,29287.518763,0.059000
2026-08-19,11:37:33,0.185296,0.124710,0.000820,29287.518763,0.059000
2026-08-19,11:37:34,0.164672,0.124710,0.000820,29287.519583,0.059000
2026-08-19,11:37:34,0.082497,0.124710,0.000820,29287.519583,0.059000
2026-08-19,11:37:35,0.082497,0.124710,0.000820,29287.520403,0.059000
2026-08-19,11:37:36,0.105845,0.124710,0.000820,29287.521223,0.059000
2026-08-19,11:37:36,0.082077,0.124710,0.000820,29287.521223,0.059000
2026-08-19,11:37:37,0.123116,0.125789,0.000830,29287.522043,0.059000
2026-08-19,11:37:38,0.123116,0.124218,0.000820,29287.522873,0.059000
2026-08-19,11:37:38,0.086887,0.124218,0.000820,29287.522873,0.059000
2026-08-19,11:37:39,0.082077,0.119890,0.000790,29287.523693,0.059000
2026-08-19,11:37:40,0.082077,0.113693,0.000790,29287.524483,0.059000
2026-08-19,11:37:40,0.170567,0.113693,0.000750,29287.524483,0.059000
2026-08-19,11:37:41,0.170567,0.113693,0.000750,29287.525233,0.059000
2026-08-19,11:37:42,0.085925,0.107849,0.000750,29287.525983,0.059000
2026-08-19,11:37:42,0.130170,0.107849,0.000710,29287.525983,0.059000
2026-08-19,11:37:43,0.143636,0.107849,0.000710,29287.526693,0.059000
2026-08-19,11:37:44,0.143636,0.107849,0.000710,29287.527403,0.059000
2026-08-19,11:37:44,0.225392,0.107849,0.000710,29287.527403,0.059000
2026-08-19,11:37:45,0.145920,0.107849,0.000710,29287.528113,0.059000
2026-08-19,11:37:46,0.108052,0.107849,0.000710,29287.528823,0.059000
2026-08-19,11:37:46,0.126986,0.107849,0.000710,29287.528823,0.059000
2026-08-19,11:37:47,0.126986,0.107849,0.000710,29287.529533,0.059000
2026-08-19,11:37:48,0.123430,0.107849,0.000710,29287.530243,0.059000
2026-08-19,11:37:48,0.128894,0.107849,0.000710,29287.530243,0.059000
2026-08-19,11:37:49,0.102858,0.107849,0.000710,29287.530953,0.059000
2026-08-19,11:37:49,0.102858,0.107849,0.000710,29287.531663,0.059000
2026-08-19,11:37:50,0.125354,0.107849,0.000710,29287.531663,0.059000
2026-08-19,11:37:51,0.122796,0.107849,0.000710,29287.532373,0.059000
2026-08-19,11:37:51,0.187542,0.107849,0.000710,29287.533083,0.059000
2026-08-19,11:37:52,0.166378,0.107849,0.000710,29287.533083,0.059000
2026-08-19,11:37:53,0.166378,0.107849,0.000710,29287.533793,0.059000
2026-08-19,11:37:53,0.132093,0.107849,0.000710,29287.534503,0.059000
2026-08-19,11:37:54,0.084229,0.103897,0.000690,29287.534503,0.059000
2026-08-19,11:37:55,0.107590,0.100251,0.000690,29287.535193,0.059000
2026-08-19,11:37:55,0.107590,0.096023,0.000660,29287.535853,0.059000
2026-08-19,11:37:56,0.081458,0.096023,0.000630,29287.535853,0.059000
2026-08-19,11:37:57,0.083569,0.094067,0.000630,29287.536483,0.059000
2026-08-19,11:37:57,0.104461,0.092139,0.000610,29287.537093,0.059000
2026-08-19,11:37:58,0.083569,0.088184,0.000580,29287.537093,0.059000
2026-08-19,11:37:59,0.083569,0.088184,0.000580,29287.537673,0.059000
2026-08-19,11:37:59,0.149779,0.088184,0.000580,29287.538253,0.059000
2026-08-19,11:38:00,0.103121,0.089808,0.000590,29287.538253,0.059000
2026-08-19,11:38:01,0.082497,0.089850,0.000590,29287.538843,0.059000
2026-08-19,11:38:01,0.082497,0.089850,0.000590,29287.539433,0.059000
2026-08-19,11:38:02,0.123745,0.089850,0.000590,29287.539433,0.059000
2026-08-19,11:38:03,0.082497,0.089892,0.000590,29287.540023,0.059000
2026-08-19,11:38:03,0.124712,0.089892,0.000590,29287.540613,0.059000
2026-08-19,11:38:04,0.123745,0.089892,0.000590,29287.540613,0.059000
2026-08-19,11:38:05,0.123745,0.089892,0.000590,29287.541203,0.059000
2026-08-19,11:38:05,0.123423,0.089892,0.000590,29287.541203,0.059000
2026-08-19,11:38:06,0.121812,0.089892,0.000590,29287.541793,0.059000
2026-08-19,11:38:07,0.116656,0.089892,0.000590,29287.542383,0.059000
2026-08-19,11:38:07,0.116656,0.089892,0.000590,29287.542383,0.059000
2026-08-19,11:38:08,0.103121,0.089892,0.000590,29287.542973,0.059000
2026-08-19,11:38:09,0.082497,0.089892,0.000590,29287.543563,0.059000
2026-08-19,11:38:09,0.168015,0.089892,0.000590,29287.543563,0.059000
2026-08-19,11:38:10,0.101568,0.091456,0.000590,29287.544153,0.059000
2026-08-19,11:38:11,0.101568,0.095408,0.000600,29287.544753,0.059000
2026-08-19,11:38:11,0.123745,0.095408,0.000630,29287.544753,0.059000
2026-08-19,11:38:12,0.159193,0.100568,0.000630,29287.545383,0.059000
2026-08-19,11:38:13,0.123745,0.104797,0.000690,29287.546073,0.059000
2026-08-19,11:38:13,0.164672,0.104797,0.000690,29287.546073,0.059000
2026-08-19,11:38:14,0.164672,0.104797,0.000690,29287.546763,0.059000
2026-08-19,11:38:15,0.089909,0.105431,0.000700,29287.547463,0.059000
2026-08-19,11:38:15,0.186263,0.105431,0.000700,29287.547463,0.059000
2026-08-19,11:38:16,0.082497,0.103234,0.000700,29287.548163,0.059000
2026-08-19,11:38:17,0.082497,0.103234,0.000680,29287.548843,0.059000
2026-08-19,11:38:17,0.111500,0.103234,0.000680,29287.548843,0.059000
2026-08-19,11:38:18,0.125682,0.103234,0.000680,29287.549523,0.059000
2026-08-19,11:38:19,0.083788,0.103256,0.000680,29287.550203,0.059000
2026-08-19,11:38:19,0.188195,0.103256,0.000680,29287.550203,0.059000
2026-08-19,11:38:20,0.188195,0.103256,0.000680,29287.550883,0.059000
2026-08-19,11:38:21,0.125354,0.105479,0.000700,29287.551583,0.059000
2026-08-19,11:38:21,0.123745,0.109604,0.000700,29287.551583,0.059000
2026-08-19,11:38:22,0.105010,0.111855,0.000720,29287.552303,0.059000
2026-08-19,11:38:23,0.105010,0.114073,0.000750,29287.553053,0.059000
2026-08-19,11:38:23,0.123745,0.114073,0.000750,29287.553053,0.059000
2026-08-19,11:38:24,0.084008,0.114073,0.000750,29287.553803,0.059000
2026-08-19,11:38:25,0.102858,0.114073,0.000750,29287.554553,0.059000
2026-08-19,11:38:25,0.102858,0.114073,0.000750,29287.554553,0.059000
2026-08-19,11:38:26,0.102858,0.114073,0.000750,29287.555303,0.059000
2026-08-19,11:38:27,0.164573,0.114073,0.000750,29287.556053,0.059000
2026-08-19,11:38:27,0.129216,0.114073,0.000750,29287.556053,0.059000
2026-08-19,11:38:28,0.121260,0.114073,0.000750,29287.556803,0.059000
2026-08-19,11:38:29,0.124063,0.114073,0.000750,29287.557553,0.059000
2026-08-19,11:38:29,0.124063,0.114073,0.000750,29287.557553,0.059000
2026-08-19,11:38:30,0.082709,0.109970,0.000730,29287.558303,0.059000
2026-08-19,11:38:31,0.206772,0.109970,0.000730,29287.559033,0.059000
2026-08-19,11:38:31,0.152171,0.109970,0.000730,29287.559033,0.059000
2026-08-19,11:38:32,0.152171,0.104607,0.000730,29287.559763,0.059000
2026-08-19,11:38:33,0.105565,0.104607,0.000730,29287.560493,0.059000
2026-08-19,11:38:33,0.123745,0.104607,0.000690,29287.560493,0.059000
2026-08-19,11:38:34,0.082497,0.104607,0.000690,29287.561183,0.059000
2026-08-19,11:38:35,0.084008,0.104607,0.000690,29287.561873,0.059000
2026-08-19,11:38:35,0.084008,0.107281,0.000690,29287.561873,0.059000
2026-08-19,11:38:36,0.116656,0.107281,0.000710,29287.562563,0.059000
2026-08-19,11:38:37,0.144370,0.113469,0.000710,29287.563273,0.059000
2026-08-19,11:38:37,0.185296,0.123620,0.000750,29287.563273,0.059000
2026-08-19,11:38:38,0.082497,0.123620,0.000820,29287.564023,0.059000
2026-08-19,11:38:39,0.082497,0.123620,0.000820,29287.564843,0.059000
2026-08-19,11:38:39,0.103121,0.123620,0.000820,29287.564843,0.059000
2026-08-19,11:38:40,0.103121,0.123620,0.000820,29287.565663,0.059000
2026-08-19,11:38:41,0.082497,0.123620,0.000820,29287.566483,0.059000
2026-08-19,11:38:41,0.082497,0.123620,0.000820,29287.566483,0.059000
2026-08-19,11:38:42,0.082497,0.123620,0.000820,29287.567303,0.059000
2026-08-19,11:38:43,0.082497,0.123620,0.000820,29287.568123,0.059000
2026-08-19,11:38:43,0.082497,0.123620,0.000820,29287.568123,0.059000
2026-08-19,11:38:44,0.123745,0.123459,0.000820,29287.568943,0.059000
2026-08-19,11:38:45,0.123745,0.125233,0.000820,29287.569763,0.059000
2026-08-19,11:38:45,0.141487,0.125233,0.000830,29287.569763,0.059000
2026-08-19,11:38:46,0.164573,0.131189,0.000870,29287.570593,0.059000
2026-08-19,11:38:47,0.123108,0.131125,0.000870,29287.571463,0.059000
2026-08-19,11:38:47,0.102858,0.133140,0.000870,29287.571463,0.059000
2026-08-19,11:38:48,0.102858,0.134927,0.000890,29287.572333,0.059000
2026-08-19,11:38:49,0.123430,0.134927,0.000890,29287.573223,0.059000
2026-08-19,11:38:49,0.125682,0.135121,0.000890,29287.573223,0.059000
2026-08-19,11:38:50,0.146301,0.138085,0.000910,29287.574113,0.059000
2026-08-19,11:38:51,0.214716,0.138085,0.000910,29287.575023,0.059000
2026-08-19,11:38:51,0.214716,0.138085,0.000910,29287.575023,0.059000
2026-08-19,11:38:52,0.123108,0.135959,0.000900,29287.575933,0.059000
2026-08-19,11:38:53,0.123430,0.129772,0.000900,29287.576833,0.059000
2026-08-19,11:38:53,0.082287,0.129772,0.000860,29287.576833,0.059000
2026-08-19,11:38:54,0.082287,0.129772,0.000860,29287.577693,0.059000
2026-08-19,11:38:55,0.083572,0.129772,0.000860,29287.578553,0.059000
2026-08-19,11:38:55,0.144001,0.131798,0.000870,29287.578553,0.059000
2026-08-19,11:38:56,0.102858,0.127935,0.000850,29287.579423,0.059000
2026-08-19,11:38:57,0.102858,0.121764,0.000850,29287.580273,0.059000
2026-08-19,11:38:57,0.102858,0.119376,0.000800,29287.580273,0.059000
2026-08-19,11:38:58,0.099230,0.119376,0.000800,29287.581073,0.059000
2026-08-19,11:38:59,0.186095,0.119376,0.000790,29287.581863,0.059000
2026-08-19,11:38:59,0.084324,0.117522,0.000780,29287.581863,0.059000
2026-08-19,11:39:00,0.123740,0.117522,0.000780,29287.582643,0.059000
2026-08-19,11:39:01,0.123740,0.117522,0.000780,29287.583423,0.059000
2026-08-19,11:39:01,0.216166,0.117522,0.000780,29287.583423,0.059000
2026-08-19,11:39:02,0.103121,0.115491,0.000780,29287.584203,0.059000
2026-08-19,11:39:03,0.082497,0.111173,0.000760,29287.584963,0.059000
2026-08-19,11:39:03,0.082497,0.106855,0.000710,29287.584963,0.059000
2026-08-19,11:39:04,0.103121,0.106855,0.000710,29287.585673,0.059000
2026-08-19,11:39:05,0.082497,0.102794,0.000680,29287.586353,0.059000
2026-08-19,11:39:05,0.103121,0.100763,0.000660,29287.586353,0.059000
2026-08-19,11:39:06,0.206242,0.100763,0.000660,29287.587013,0.059000
2026-08-19,11:39:07,0.206242,0.096385,0.000660,29287.587673,0.059000
2026-08-19,11:39:07,0.100221,0.096385,0.000640,29287.587673,0.059000
2026-08-19,11:39:08,0.123745,0.098474,0.000640,29287.588313,0.059000
2026-08-19,11:39:09,0.081254,0.098474,0.000650,29287.588963,0.059000
2026-08-19,11:39:09,0.182822,0.098474,0.000650,29287.588963,0.059000
2026-08-19,11:39:10,0.182822,0.098474,0.000650,29287.589613,0.059000
2026-08-19,11:39:11,0.121564,0.100344,0.000660,29287.590273,0.059000
2026-08-19,11:39:11,0.081254,0.100344,0.000660,29287.590273,0.059000
2026-08-19,11:39:12,0.124383,0.102859,0.000660,29287.590933,0.059000
2026-08-19,11:39:13,0.124383,0.102859,0.000680,29287.591613,0.059000
2026-08-19,11:39:13,0.086809,0.102859,0.000680,29287.591613,0.059000
2026-08-19,11:39:14,0.159689,0.102859,0.000680,29287.592293,0.059000
2026-08-19,11:39:15,0.082922,0.102719,0.000680,29287.592973,0.059000
2026-08-19,11:39:15,0.144789,0.102719,0.000680,29287.592973,0.059000
2026-08-19,11:39:16,0.144789,0.102719,0.000680,29287.593653,0.059000
2026-08-19,11:39:17,0.124383,0.102719,0.000680,29287.594333,0.059000
2026-08-19,11:39:17,0.082922,0.100699,0.000660,29287.594333,0.059000
2026-08-19,11:39:18,0.082922,0.100742,0.000660,29287.594993,0.059000
2026-08-19,11:39:19,0.165844,0.100742,0.000660,29287.595653,0.059000
2026-08-19,11:39:19,0.165844,0.100742,0.000660,29287.595653,0.059000
2026-08-19,11:39:20,0.081254,0.098555,0.000650,29287.596303,0.059000
2026-08-19,11:39:21,0.082709,0.098576,0.000650,29287.596953,0.059000
2026-08-19,11:39:21,0.103386,0.098603,0.000650,29287.596953,0.059000
2026-08-19,11:39:22,0.103386,0.098603,0.000650,29287.597603,0.059000
2026-08-19,11:39:23,0.149586,0.098603,0.000650,29287.598253,0.059000
2026-08-19,11:39:23,0.105324,0.098603,0.000650,29287.598253,0.059000
2026-08-19,11:39:24,0.165417,0.098603,0.000650,29287.598903,0.059000
2026-08-19,11:39:25,0.123740,0.098603,0.000650,29287.599553,0.059000
2026-08-19,11:39:25,0.123740,0.098603,0.000650,29287.599553,0.059000
2026-08-19,11:39:26,0.165417,0.098603,0.000650,29287.600203,0.059000
2026-08-19,11:39:27,0.144417,0.098603,0.000650,29287.600853,0.059000
2026-08-19,11:39:27,0.124063,0.098603,0.000650,29287.600853,0.059000
2026-08-19,11:39:28,0.144417,0.098603,0.000650,29287.601503,0.059000
2026-08-19,11:39:29,0.144417,0.098603,0.000650,29287.602153,0.059000
2026-08-19,11:39:29,0.162187,0.098603,0.000650,29287.602153,0.059000
2026-08-19,11:39:30,0.123740,0.098603,0.000650,29287.602803,0.059000
2026-08-19,11:39:31,0.082709,0.096851,0.000640,29287.603453,0.059000
2026-08-19,11:39:31,0.082709,0.092748,0.000640,29287.603453,0.059000
2026-08-19,11:39:32,0.082709,0.092748,0.000610,29287.604093,0.059000
2026-08-19,11:39:33,0.149779,0.092748,0.000610,29287.604703,0.059000
2026-08-19,11:39:33,0.122187,0.092748,0.000610,29287.604703,0.059000
2026-08-19,11:39:34,0.081458,0.088737,0.000590,29287.605313,0.059000
2026-08-19,11:39:35,0.081458,0.086718,0.000590,29287.605903,0.059000
2026-08-19,11:39:35,0.104190,0.086718,0.000570,29287.605903,0.059000
2026-08-19,11:39:36,0.125028,0.090929,0.000600,29287.606473,0.059000
2026-08-19,11:39:37,0.081870,0.090929,0.000600,29287.607073,0.059000
2026-08-19,11:39:37,0.122804,0.090929,0.000600,29287.607073,0.059000
2026-08-19,11:39:38,0.122804,0.090929,0.000600,29287.607673,0.059000
2026-08-19,11:39:39,0.183887,0.090929,0.000600,29287.608273,0.059000
2026-08-19,11:39:39,0.125683,0.090929,0.000600,29287.608273,0.059000
2026-08-19,11:39:40,0.082287,0.090865,0.000600,29287.608873,0.059000
2026-08-19,11:39:41,0.082287,0.092859,0.000600,29287.609473,0.059000
2026-08-19,11:39:41,0.102858,0.092859,0.000610,29287.609473,0.059000
2026-08-19,11:39:42,0.082287,0.092962,0.000610,29287.610083,0.059000
2026-08-19,11:39:43,0.167687,0.092962,0.000610,29287.610693,0.059000
2026-08-19,11:39:43,0.082287,0.092920,0.000610,29287.610693,0.059000
2026-08-19,11:39:44,0.082287,0.092920,0.000610,29287.611303,0.059000
2026-08-19,11:39:45,0.147216,0.092920,0.000610,29287.611913,0.059000
2026-08-19,11:39:45,0.082287,0.090810,0.000600,29287.611913,0.059000
2026-08-19,11:39:46,0.123108,0.090810,0.000600,29287.612513,0.059000
2026-08-19,11:39:47,0.144001,0.090810,0.000600,29287.613113,0.059000
2026-08-19,11:39:47,0.144001,0.090810,0.000600,29287.613113,0.059000
2026-08-19,11:39:48,0.126678,0.090810,0.000600,29287.613713,0.059000
2026-08-19,11:39:49,0.081663,0.090705,0.000600,29287.614313,0.059000
2026-08-19,11:39:49,0.142592,0.090705,0.000600,29287.614313,0.059000
2026-08-19,11:39:50,0.142592,0.090705,0.000600,29287.614913,0.059000
2026-08-19,11:39:51,0.106603,0.090705,0.000600,29287.615513,0.059000
2026-08-19,11:39:51,0.103652,0.090705,0.000600,29287.615513,0.059000
2026-08-19,11:39:52,0.103652,0.090705,0.000600,29287.616113,0.059000
2026-08-19,11:39:53,0.165844,0.090705,0.000600,29287.616713,0.059000
2026-08-19,11:39:53,0.165844,0.090705,0.000600,29287.616713,0.059000
2026-08-19,11:39:54,0.144789,0.090705,0.000600,29287.617313,0.059000
2026-08-19,11:39:55,0.081663,0.090601,0.000600,29287.617913,0.059000
2026-08-19,11:39:55,0.102079,0.092663,0.000610,29287.617913,0.059000
2026-08-19,11:39:56,0.102079,0.092663,0.000610,29287.618523,0.059000
2026-08-19,11:39:57,0.146246,0.092663,0.000610,29287.619133,0.059000
2026-08-19,11:39:57,0.104461,0.092663,0.000610,29287.619133,0.059000
2026-08-19,11:39:58,0.142911,0.092663,0.000610,29287.619743,0.059000
2026-08-19,11:39:59,0.083136,0.090557,0.000610,29287.620353,0.059000
2026-08-19,11:39:59,0.083136,0.086368,0.000570,29287.620353,0.059000
2026-08-19,11:40:00,0.083136,0.086368,0.000570,29287.620923,0.059000
2026-08-19,11:40:01,0.103920,0.088532,0.000580,29287.621503,0.059000
2026-08-19,11:40:01,0.109735,0.089219,0.000590,29287.621503,0.059000
2026-08-19,11:40:02,0.081663,0.089157,0.000590,29287.622093,0.059000
2026-08-19,11:40:03,0.081663,0.089157,0.000590,29287.622683,0.059000
2026-08-19,11:40:03,0.081663,0.089095,0.000590,29287.622683,0.059000
2026-08-19,11:40:04,0.163326,0.089095,0.000590,29287.623273,0.059000
2026-08-19,11:40:05,0.083352,0.089201,0.000590,29287.623863,0.059000
2026-08-19,11:40:05,0.083352,0.089663,0.000590,29287.623863,0.059000
2026-08-19,11:40:06,0.086282,0.089663,0.000590,29287.624453,0.059000
2026-08-19,11:40:06,0.104190,0.091916,0.000610,29287.625063,0.059000
2026-08-19,11:40:07,0.125028,0.094211,0.000610,29287.625063,0.059000
2026-08-19,11:40:08,0.104190,0.096316,0.000620,29287.625683,0.059000
2026-08-19,11:40:08,0.104190,0.096316,0.000640,29287.626323,0.059000
2026-08-19,11:40:09,0.083352,0.096338,0.000640,29287.626323,0.059000
2026-08-19,11:40:10,0.125028,0.096338,0.000640,29287.626963,0.059000
2026-08-19,11:40:10,0.137401,0.096338,0.000640,29287.626963,0.059000
2026-08-19,11:40:11,0.137401,0.096338,0.000640,29287.627603,0.059000
2026-08-19,11:40:12,0.104190,0.096338,0.000640,29287.628243,0.059000
2026-08-19,11:40:12,0.124702,0.096338,0.000640,29287.628243,0.059000
2026-08-19,11:40:13,0.083352,0.094281,0.000640,29287.628883,0.059000
2026-08-19,11:40:14,0.104190,0.093726,0.000620,29287.629503,0.059000
2026-08-19,11:40:14,0.104190,0.093726,0.000620,29287.629503,0.059000
2026-08-19,11:40:15,0.166378,0.093726,0.000620,29287.630123,0.059000
2026-08-19,11:40:16,0.083352,0.093895,0.000620,29287.630743,0.059000
2026-08-19,11:40:16,0.145866,0.093895,0.000620,29287.630743,0.059000
2026-08-19,11:40:17,0.145866,0.093895,0.000620,29287.631363,0.059000
2026-08-19,11:40:18,0.104190,0.093895,0.000620,29287.631983,0.059000
2026-08-19,11:40:18,0.145540,0.093895,0.000620,29287.631983,0.059000
2026-08-19,11:40:19,0.083352,0.094064,0.000620,29287.632603,0.059000
2026-08-19,11:40:20,0.125028,0.094064,0.000620,29287.633223,0.059000
2026-08-19,11:40:20,0.125028,0.094064,0.000620,29287.633223,0.059000
2026-08-19,11:40:21,0.104190,0.094064,0.000620,29287.633843,0.059000
2026-08-19,11:40:22,0.083352,0.094064,0.000620,29287.634463,0.059000
2026-08-19,11:40:22,0.104190,0.094064,0.000620,29287.634463,0.059000
2026-08-19,11:40:23,0.104190,0.094064,0.000620,29287.635083,0.059000
2026-08-19,11:40:24,0.104190,0.094064,0.000620,29287.635703,0.059000
2026-08-19,11:40:24,0.167030,0.094064,0.000620,29287.635703,0.059000
2026-08-19,11:40:25,0.091492,0.094878,0.000630,29287.636333,0.059000
2026-08-19,11:40:26,0.145866,0.094878,0.000630,29287.636963,0.059000
2026-08-19,11:40:26,0.145866,0.094878,0.000630,29287.636963,0.059000
2026-08-19,11:40:27,0.083352,0.094585,0.000620,29287.637583,0.059000
2026-08-19,11:40:28,0.104190,0.094585,0.000620,29287.638203,0.059000
2026-08-19,11:40:28,0.102597,0.092342,0.000620,29287.638203,0.059000
2026-08-19,11:40:29,0.102597,0.093112,0.000610,29287.638813,0.059000
2026-08-19,11:40:30,0.111895,0.093112,0.000610,29287.639423,0.059000
2026-08-19,11:40:30,0.145540,0.093112,0.000610,29287.639423,0.059000
2026-08-19,11:40:31,0.081663,0.092943,0.000610,29287.640033,0.059000
2026-08-19,11:40:32,0.124702,0.092943,0.000610,29287.640643,0.059000
2026-08-19,11:40:32,0.124702,0.092943,0.000610,29287.640643,0.059000
2026-08-19,11:40:33,0.141308,0.092943,0.000610,29287.641253,0.059000
2026-08-19,11:40:34,0.138386,0.092943,0.000610,29287.641863,0.059000
2026-08-19,11:40:34,0.125354,0.092943,0.000610,29287.641863,0.059000
2026-08-19,11:40:35,0.156293,0.092943,0.000610,29287.642473,0.059000
2026-08-19,11:40:36,0.156293,0.092943,0.000610,29287.643083,0.059000
2026-08-19,11:40:36,0.130513,0.092943,0.000610,29287.643083,0.059000
2026-08-19,11:40:37,0.123745,0.092943,0.000610,29287.643693,0.059000
2026-08-19,11:40:38,0.103121,0.092943,0.000610,29287.644303,0.059000
2026-08-19,11:40:38,0.103121,0.092943,0.000610,29287.644303,0.059000
2026-08-19,11:40:39,0.149203,0.092943,0.000610,29287.644913,0.059000
2026-08-19,11:40:40,0.084676,0.093076,0.000610,29287.645523,0.059000
2026-08-19,11:40:40,0.106617,0.093319,0.000620,29287.645523,0.059000
2026-08-19,11:40:41,0.206772,0.093319,0.000620,29287.646143,0.059000
2026-08-19,11:40:42,0.206772,0.093319,0.000620,29287.646763,0.059000
2026-08-19,11:40:42,0.084008,0.093384,0.000620,29287.646763,0.059000
2026-08-19,11:40:43,0.102858,0.095335,0.000630,29287.647383,0.059000
2026-08-19,11:40:43,0.148183,0.095335,0.000630,29287.648013,0.059000
2026-08-19,11:40:44,0.148183,0.095335,0.000630,29287.648013,0.059000
2026-08-19,11:40:45,0.125361,0.095335,0.000630,29287.648643,0.059000
2026-08-19,11:40:45,0.204873,0.095335,0.000630,29287.648643,0.059000
2026-08-19,11:40:46,0.125028,0.095335,0.000630,29287.649273,0.059000
2026-08-19,11:40:47,0.129528,0.095335,0.000630,29287.649903,0.059000
2026-08-19,11:40:47,0.129528,0.095335,0.000630,29287.649903,0.059000
2026-08-19,11:40:48,0.133055,0.095335,0.000630,29287.650533,0.059000
2026-08-19,11:40:49,0.122796,0.095335,0.000630,29287.651163,0.059000
2026-08-19,11:40:49,0.104190,0.095335,0.000630,29287.651163,0.059000
2026-08-19,11:40:50,0.104190,0.095335,0.000630,29287.651793,0.059000
2026-08-19,11:40:51,0.081254,0.095335,0.000630,29287.652423,0.059000
2026-08-19,11:40:51,0.103652,0.095335,0.000630,29287.652423,0.059000
2026-08-19,11:40:52,0.082922,0.095335,0.000630,29287.653053,0.059000
2026-08-19,11:40:53,0.107215,0.095335,0.000630,29287.653683,0.059000
2026-08-19,11:40:53,0.107215,0.095335,0.000630,29287.653683,0.059000
2026-08-19,11:40:54,0.082922,0.107256,0.000710,29287.654313,0.059000
2026-08-19,11:40:55,0.123411,0.107256,0.000710,29287.655023,0.059000
2026-08-19,11:40:55,0.105845,0.107256,0.000710,29287.655023,0.059000
2026-08-19,11:40:56,0.105845,0.107256,0.000710,29287.655733,0.059000
2026-08-19,11:40:57,0.086887,0.107256,0.000710,29287.656443,0.059000
2026-08-19,11:40:57,0.177585,0.107256,0.000710,29287.656443,0.059000
2026-08-19,11:40:58,0.083569,0.103110,0.000680,29287.657153,0.059000
2026-08-19,11:40:59,0.122485,0.103110,0.000680,29287.657833,0.059000
2026-08-19,11:40:59,0.122485,0.103110,0.000680,29287.657833,0.059000
2026-08-19,11:41:00,0.196378,0.103110,0.000680,29287.658513,0.059000
2026-08-19,11:41:01,0.103121,0.100470,0.000660,29287.659173,0.059000
2026-08-19,11:41:01,0.103121,0.097476,0.000640,29287.659173,0.059000
2026-08-19,11:41:02,0.103121,0.093446,0.000640,29287.659813,0.059000
2026-08-19,11:41:03,0.082497,0.093446,0.000620,29287.660433,0.059000
2026-08-19,11:41:03,0.123423,0.093446,0.000620,29287.660433,0.059000
2026-08-19,11:41:04,0.206242,0.093446,0.000620,29287.661053,0.059000
2026-08-19,11:41:05,0.082497,0.091277,0.000620,29287.661673,0.059000
2026-08-19,11:41:05,0.082497,0.091277,0.000600,29287.661673,0.059000
2026-08-19,11:41:06,0.206242,0.091277,0.000600,29287.662273,0.059000
2026-08-19,11:41:07,0.144370,0.091277,0.000600,29287.662873,0.059000
2026-08-19,11:41:07,0.082497,0.091401,0.000600,29287.662873,0.059000
2026-08-19,11:41:08,0.144370,0.091401,0.000600,29287.663473,0.059000
2026-08-19,11:41:09,0.144370,0.091401,0.000600,29287.664073,0.059000
2026-08-19,11:41:09,0.123745,0.091401,0.000600,29287.664073,0.059000
2026-08-19,11:41:10,0.109566,0.091401,0.000600,29287.664673,0.059000
2026-08-19,11:41:11,0.123745,0.091401,0.000600,29287.665273,0.059000
2026-08-19,11:41:11,0.123745,0.091401,0.000600,29287.665273,0.059000
2026-08-19,11:41:12,0.143403,0.091401,0.000600,29287.665873,0.059000
2026-08-19,11:41:13,0.144370,0.091401,0.000600,29287.666473,0.059000
2026-08-19,11:41:13,0.082497,0.089286,0.000590,29287.666473,0.059000
2026-08-19,11:41:14,0.185618,0.089286,0.000590,29287.667063,0.059000
2026-08-19,11:41:15,0.185618,0.089286,0.000590,29287.667653,0.059000
2026-08-19,11:41:15,0.137602,0.089286,0.000590,29287.667653,0.059000
2026-08-19,11:41:16,0.122456,0.089286,0.000590,29287.668243,0.059000
2026-08-19,11:41:17,0.105010,0.089286,0.000590,29287.668833,0.059000
2026-08-19,11:41:17,0.127294,0.089286,0.000590,29287.668833,0.059000
2026-08-19,11:41:18,0.127294,0.089286,0.000590,29287.669423,0.059000
2026-08-19,11:41:19,0.124063,0.089286,0.000590,29287.670013,0.059000
2026-08-19,11:41:19,0.082709,0.089264,0.000590,29287.670013,0.059000
2026-08-19,11:41:20,0.082709,0.086814,0.000590,29287.670603,0.059000
2026-08-19,11:41:21,0.082709,0.086814,0.000570,29287.671173,0.059000
2026-08-19,11:41:21,0.126348,0.086814,0.000570,29287.671173,0.059000
2026-08-19,11:41:22,0.149770,0.086814,0.000570,29287.671743,0.059000
2026-08-19,11:41:23,0.082287,0.086750,0.000570,29287.672313,0.059000
2026-08-19,11:41:23,0.123430,0.086750,0.000570,29287.672313,0.059000
2026-08-19,11:41:24,0.123430,0.086750,0.000570,29287.672883,0.059000
2026-08-19,11:41:25,0.188031,0.086750,0.000570,29287.673453,0.059000
2026-08-19,11:41:25,0.123116,0.086750,0.000570,29287.673453,0.059000
2026-08-19,11:41:26,0.186883,0.086750,0.000570,29287.674023,0.059000
2026-08-19,11:41:27,0.186883,0.086750,0.000570,29287.674593,0.059000
2026-08-19,11:41:27,0.123740,0.086750,0.000570,29287.674593,0.059000
2026-08-19,11:41:28,0.103386,0.086750,0.000570,29287.675163,0.059000
2026-08-19,11:41:29,0.186095,0.086750,0.000570,29287.675733,0.059000
2026-08-19,11:41:29,0.119540,0.086750,0.000570,29287.675733,0.059000
2026-08-19,11:41:30,0.119540,0.086664,0.000570,29287.676303,0.059000
2026-08-19,11:41:31,0.082709,0.086664,0.000570,29287.676873,0.059000
2026-08-19,11:41:31,0.123740,0.086664,0.000570,29287.676873,0.059000
2026-08-19,11:41:32,0.124063,0.086664,0.000570,29287.677443,0.059000
2026-08-19,11:41:33,0.082709,0.084623,0.000570,29287.678013,0.059000
2026-08-19,11:41:33,0.082709,0.084623,0.000560,29287.678013,0.059000
2026-08-19,11:41:34,0.082709,0.082582,0.000540,29287.678573,0.059000
2026-08-19,11:41:35,0.144740,0.082582,0.000540,29287.679113,0.059000
2026-08-19,11:41:35,0.165094,0.082582,0.000540,29287.679113,0.059000
2026-08-19,11:41:36,0.165094,0.082603,0.000540,29287.679653,0.059000
2026-08-19,11:41:37,0.082709,0.082603,0.000540,29287.680193,0.059000
2026-08-19,11:41:37,0.103386,0.084692,0.000560,29287.680193,0.059000
2026-08-19,11:41:38,0.103386,0.086781,0.000570,29287.680753,0.059000
2026-08-19,11:41:39,0.088524,0.087383,0.000570,29287.681323,0.059000
2026-08-19,11:41:39,0.088524,0.087383,0.000580,29287.681323,0.059000
2026-08-19,11:41:40,0.148617,0.087383,0.000580,29287.681903,0.059000
2026-08-19,11:41:41,0.084008,0.087513,0.000580,29287.682483,0.059000
2026-08-19,11:41:41,0.147014,0.087513,0.000580,29287.682483,0.059000
2026-08-19,11:41:42,0.110171,0.087513,0.000580,29287.683063,0.059000
2026-08-19,11:41:43,0.110171,0.087513,0.000580,29287.683643,0.059000
2026-08-19,11:41:43,0.103386,0.087513,0.000580,29287.683643,0.059000
2026-08-19,11:41:44,0.199018,0.087513,0.000580,29287.684223,0.059000
2026-08-19,11:41:45,0.082709,0.087513,0.000580,29287.684803,0.059000
2026-08-19,11:41:45,0.082709,0.087513,0.000580,29287.684803,0.059000
2026-08-19,11:41:46,0.143502,0.087513,0.000580,29287.685383,0.059000
2026-08-19,11:41:47,0.084452,0.087730,0.000580,29287.685963,0.059000
2026-08-19,11:41:47,0.083141,0.087773,0.000580,29287.685963,0.059000
2026-08-19,11:41:48,0.082497,0.087752,0.000580,29287.686543,0.059000
2026-08-19,11:41:49,0.082497,0.089793,0.000580,29287.687123,0.059000
2026-08-19,11:41:49,0.103121,0.089793,0.000590,29287.687123,0.059000
2026-08-19,11:41:50,0.126684,0.094191,0.000590,29287.687713,0.059000
2026-08-19,11:41:51,0.184823,0.094191,0.000620,29287.688333,0.059000
2026-08-19,11:41:51,0.102858,0.094138,0.000620,29287.688333,0.059000
2026-08-19,11:41:52,0.102858,0.094138,0.000620,29287.688953,0.059000
2026-08-19,11:41:53,0.102858,0.094085,0.000620,29287.688953,0.059000
2026-08-19,11:41:53,0.143680,0.094085,0.000620,29287.689573,0.059000
2026-08-19,11:41:54,0.082287,0.093461,0.000620,29287.690193,0.059000
2026-08-19,11:41:55,0.082287,0.093289,0.000620,29287.690813,0.059000
2026-08-19,11:41:55,0.082287,0.093289,0.000620,29287.690813,0.059000
2026-08-19,11:41:56,0.102858,0.095304,0.000620,29287.691433,0.059000
2026-08-19,11:41:57,0.083788,0.095238,0.000630,29287.692063,0.059000
2026-08-19,11:41:57,0.125682,0.095238,0.000630,29287.692063,0.059000
2026-08-19,11:41:58,0.125682,0.095238,0.000630,29287.692693,0.059000
2026-08-19,11:41:59,0.081870,0.095111,0.000630,29287.692693,0.059000
2026-08-19,11:41:59,0.151983,0.095111,0.000630,29287.693323,0.059000
2026-08-19,11:42:00,0.145164,0.095111,0.000630,29287.693953,0.059000
2026-08-19,11:42:01,0.118209,0.095111,0.000630,29287.693953,0.059000
2026-08-19,11:42:01,0.118209,0.095111,0.000630,29287.694583,0.059000
2026-08-19,11:42:02,0.137694,0.095111,0.000630,29287.695213,0.059000
2026-08-19,11:42:03,0.124380,0.095111,0.000630,29287.695213,0.059000
2026-08-19,11:42:03,0.124380,0.095111,0.000630,29287.695843,0.059000
2026-08-19,11:42:04,0.124380,0.095111,0.000630,29287.696473,0.059000
2026-08-19,11:42:05,0.187056,0.095111,0.000630,29287.696473,0.059000
2026-08-19,11:42:05,0.187056,0.095111,0.000630,29287.697103,0.059000
2026-08-19,11:42:06,0.186732,0.095111,0.000630,29287.697733,0.059000
2026-08-19,11:42:07,0.110091,0.097870,0.000650,29287.697733,0.059000
2026-08-19,11:42:07,0.110091,0.097870,0.000650,29287.698383,0.059000
2026-08-19,11:42:08,0.124704,0.100028,0.000660,29287.699043,0.059000
2026-08-19,11:42:09,0.207516,0.100028,0.000660,29287.699043,0.059000
2026-08-19,11:42:09,0.103920,0.097752,0.000660,29287.699703,0.059000
2026-08-19,11:42:10,0.103920,0.097752,0.000640,29287.700343,0.059000
2026-08-19,11:42:11,0.145164,0.097752,0.000640,29287.700343,0.059000
2026-08-19,11:42:11,0.122176,0.097752,0.000640,29287.700983,0.059000
2026-08-19,11:42:12,0.083569,0.095823,0.000630,29287.701613,0.059000
2026-08-19,11:42:13,0.083569,0.093894,0.000620,29287.701613,0.059000
2026-08-19,11:42:13,0.083569,0.093894,0.000620,29287.702233,0.059000
2026-08-19,11:42:14,0.145920,0.093894,0.000620,29287.702853,0.059000
2026-08-19,11:42:15,0.082077,0.093873,0.000620,29287.702853,0.059000
2026-08-19,11:42:15,0.143636,0.093873,0.000620,29287.703473,0.059000
2026-08-19,11:42:16,0.178141,0.093873,0.000620,29287.704093,0.059000
2026-08-19,11:42:17,0.178141,0.093873,0.000620,29287.704093,0.059000
2026-08-19,11:42:17,0.144370,0.093873,0.000620,29287.704713,0.059000
2026-08-19,11:42:18,0.103121,0.093873,0.000620,29287.705333,0.059000
2026-08-19,11:42:19,0.082497,0.093873,0.000620,29287.705333,0.059000
2026-08-19,11:42:19,0.082497,0.093873,0.000620,29287.705953,0.059000
2026-08-19,11:42:20,0.103121,0.093873,0.000620,29287.706573,0.059000
2026-08-19,11:42:21,0.103121,0.093873,0.000620,29287.706573,0.059000
2026-08-19,11:42:21,0.125683,0.093873,0.000620,29287.707193,0.059000
2026-08-19,11:42:22,0.123740,0.093873,0.000620,29287.707813,0.059000
2026-08-19,11:42:22,0.123740,0.093916,0.000620,29287.707813,0.059000
2026-08-19,11:42:23,0.082709,0.093916,0.000620,29287.708433,0.059000
2026-08-19,11:42:24,0.165417,0.093916,0.000620,29287.709053,0.059000
2026-08-19,11:42:24,0.082709,0.091901,0.000620,29287.709053,0.059000
2026-08-19,11:42:25,0.103386,0.093860,0.000610,29287.709663,0.059000
2026-08-19,11:42:26,0.103386,0.093860,0.000620,29287.710283,0.059000
2026-08-19,11:42:26,0.107590,0.096432,0.000620,29287.710283,0.059000
2026-08-19,11:42:27,0.102337,0.095657,0.000630,29287.710913,0.059000
2026-08-19,11:42:28,0.081870,0.091374,0.000600,29287.711513,0.059000
2026-08-19,11:42:28,0.081870,0.091215,0.000600,29287.711513,0.059000
2026-08-19,11:42:29,0.102337,0.091215,0.000600,29287.712113,0.059000
2026-08-19,11:42:30,0.142952,0.091215,0.000600,29287.712713,0.059000
2026-08-19,11:42:30,0.122804,0.091215,0.000600,29287.712713,0.059000
2026-08-19,11:42:31,0.104735,0.091215,0.000600,29287.713313,0.059000
2026-08-19,11:42:32,0.104735,0.091215,0.000600,29287.713913,0.059000
2026-08-19,11:42:32,0.103121,0.091215,0.000600,29287.713913,0.059000
2026-08-19,11:42:33,0.082497,0.091215,0.000600,29287.714513,0.059000
2026-08-19,11:42:34,0.082497,0.091215,0.000600,29287.715113,0.059000
2026-08-19,11:42:34,0.082497,0.091215,0.000600,29287.715113,0.059000
2026-08-19,11:42:35,0.103121,0.091215,0.000600,29287.715713,0.059000
2026-08-19,11:42:36,0.155971,0.091215,0.000600,29287.716313,0.059000
2026-08-19,11:42:36,0.123745,0.091215,0.000600,29287.716313,0.060000
2026-08-19,11:42:37,0.103121,0.091215,0.000620,29287.716913,0.060000
2026-08-19,11:42:38,0.103121,0.091215,0.000620,29287.717533,0.060000
2026-08-19,11:42:38,0.161127,0.091215,0.000620,29287.717533,0.060000
2026-08-19,11:42:39,0.128579,0.091215,0.000620,29287.718153,0.060000
2026-08-19,11:42:40,0.105286,0.091215,0.000620,29287.718773,0.060000
2026-08-19,11:42:40,0.105286,0.091215,0.000620,29287.718773,0.060000
2026-08-19,11:42:41,0.145113,0.091215,0.000620,29287.719393,0.060000
2026-08-19,11:42:42,0.137339,0.091215,0.000620,29287.720013,0.060000
2026-08-19,11:42:42,0.103652,0.091215,0.000620,29287.720013,0.060000
2026-08-19,11:42:43,0.082922,0.091215,0.000600,29287.720633,0.059000
2026-08-19,11:42:44,0.082922,0.091215,0.000600,29287.721233,0.059000
2026-08-19,11:42:44,0.165844,0.091215,0.000600,29287.721233,0.059000
2026-08-19,11:42:45,0.082922,0.091150,0.000600,29287.721833,0.059000
2026-08-19,11:42:46,0.124383,0.091150,0.000600,29287.722433,0.059000
2026-08-19,11:42:46,0.124383,0.091150,0.000600,29287.722433,0.059000
2026-08-19,11:42:47,0.145113,0.091150,0.000600,29287.723033,0.059000
2026-08-19,11:42:48,0.186574,0.091150,0.000600,29287.723633,0.059000
2026-08-19,11:42:48,0.137663,0.091150,0.000600,29287.723633,0.059000
2026-08-19,11:42:49,0.144789,0.091150,0.000600,29287.724233,0.059000
2026-08-19,11:42:50,0.144789,0.091150,0.000600,29287.724233,0.060000
2026-08-19,11:42:50,0.108187,0.091150,0.000620,29287.724833,0.060000
2026-08-19,11:42:51,0.082922,0.091150,0.000620,29287.725453,0.060000
2026-08-19,11:42:52,0.082922,0.091150,0.000620,29287.725453,0.060000
2026-08-19,11:42:52,0.082922,0.091150,0.000620,29287.726073,0.060000
2026-08-19,11:42:53,0.120172,0.091150,0.000620,29287.726693,0.060000
2026-08-19,11:42:54,0.124383,0.091150,0.000620,29287.726693,0.060000
2026-08-19,11:42:54,0.133452,0.091150,0.000620,29287.727313,0.060000
2026-08-19,11:42:55,0.122176,0.091150,0.000620,29287.727933,0.060000
2026-08-19,11:42:56,0.122176,0.091150,0.000620,29287.727933,0.060000
2026-08-19,11:42:56,0.082922,0.091086,0.000620,29287.728553,0.060000
2026-08-19,11:42:57,0.107539,0.093632,0.000620,29287.729173,0.060000
2026-08-19,11:42:58,0.145113,0.093632,0.000630,29287.729173,0.060000
2026-08-19,11:42:58,0.145113,0.093632,0.000630,29287.729803,0.060000
2026-08-19,11:42:59,0.103652,0.093632,0.000630,29287.730433,0.059000
2026-08-19,11:43:00,0.085837,0.093632,0.000620,29287.730433,0.059000
2026-08-19,11:43:00,0.165520,0.093632,0.000620,29287.731053,0.059000
2026-08-19,11:43:01,0.103652,0.095726,0.000620,29287.731673,0.059000
2026-08-19,11:43:02,0.103652,0.095901,0.000630,29287.731673,0.059000
2026-08-19,11:43:02,0.084452,0.095901,0.000630,29287.732303,0.059000
2026-08-19,11:43:03,0.082287,0.093791,0.000620,29287.732923,0.059000
2026-08-19,11:43:03,0.082287,0.091260,0.000600,29287.732923,0.059000
2026-08-19,11:43:04,0.082287,0.089255,0.000600,29287.733523,0.059000
2026-08-19,11:43:05,0.082287,0.089255,0.000590,29287.734113,0.059000
2026-08-19,11:43:05,0.123108,0.089255,0.000590,29287.734113,0.059000
2026-08-19,11:43:06,0.176466,0.089255,0.000590,29287.734703,0.059000
2026-08-19,11:43:07,0.082287,0.089297,0.000590,29287.735293,0.059000
2026-08-19,11:43:07,0.082287,0.089592,0.000590,29287.735293,0.059000
2026-08-19,11:43:08,0.105286,0.089592,0.000590,29287.735883,0.059000
2026-08-19,11:43:09,0.201689,0.089592,0.000590,29287.736473,0.059000
2026-08-19,11:43:09,0.126015,0.089592,0.000590,29287.736473,0.059000
2026-08-19,11:43:10,0.082287,0.089528,0.000590,29287.737063,0.059000
2026-08-19,11:43:11,0.082287,0.089528,0.000590,29287.737653,0.059000
2026-08-19,11:43:11,0.159109,0.089528,0.000590,29287.737653,0.059000
2026-08-19,11:43:12,0.102858,0.091522,0.000590,29287.738243,0.059000
2026-08-19,11:43:13,0.082287,0.088997,0.000590,29287.738833,0.059000
2026-08-19,11:43:13,0.082287,0.086860,0.000570,29287.738833,0.059000
2026-08-19,11:43:14,0.082287,0.086860,0.000570,29287.739403,0.059000
2026-08-19,11:43:15,0.205716,0.086860,0.000570,29287.739973,0.059000
2026-08-19,11:43:15,0.143680,0.086860,0.000570,29287.739973,0.059000
2026-08-19,11:43:16,0.082287,0.086644,0.000570,29287.740543,0.059000
2026-08-19,11:43:17,0.082287,0.086644,0.000570,29287.741113,0.059000
2026-08-19,11:43:17,0.102858,0.088701,0.000570,29287.741113,0.059000
2026-08-19,11:43:18,0.082287,0.088701,0.000580,29287.741693,0.059000
2026-08-19,11:43:19,0.144001,0.088701,0.000580,29287.742273,0.059000
2026-08-19,11:43:19,0.144001,0.088701,0.000580,29287.742273,0.059000
2026-08-19,11:43:20,0.102858,0.088701,0.000580,29287.742853,0.059000
2026-08-19,11:43:21,0.143680,0.088701,0.000580,29287.743433,0.059000
2026-08-19,11:43:21,0.162966,0.088701,0.000580,29287.743433,0.059000
2026-08-19,11:43:22,0.082287,0.088701,0.000580,29287.744013,0.059000
2026-08-19,11:43:23,0.082287,0.088701,0.000580,29287.744593,0.059000
2026-08-19,11:43:23,0.082287,0.088701,0.000580,29287.744593,0.059000
2026-08-19,11:43:24,0.082287,0.086401,0.000570,29287.745163,0.059000
2026-08-19,11:43:25,0.161915,0.086401,0.000570,29287.745733,0.059000
2026-08-19,11:43:25,0.161915,0.086401,0.000570,29287.745733,0.059000
2026-08-19,11:43:26,0.146246,0.086401,0.000570,29287.746303,0.059000
2026-08-19,11:43:27,0.146573,0.086401,0.000570,29287.746303,0.059000
2026-08-19,11:43:27,0.188031,0.086401,0.000570,29287.746873,0.059000
2026-08-19,11:43:28,0.083569,0.086529,0.000570,29287.747443,0.059000
2026-08-19,11:43:29,0.083569,0.086529,0.000570,29287.747443,0.059000
2026-08-19,11:43:29,0.146246,0.086529,0.000570,29287.748013,0.059000
2026-08-19,11:43:30,0.147376,0.086529,0.000570,29287.748583,0.059000
2026-08-19,11:43:31,0.102079,0.086451,0.000570,29287.748583,0.059000
2026-08-19,11:43:31,0.102079,0.090725,0.000570,29287.749153,0.059000
2026-08-19,11:43:32,0.125028,0.090725,0.000600,29287.749753,0.059000
2026-08-19,11:43:33,0.104190,0.092916,0.000600,29287.749753,0.059000
2026-08-19,11:43:33,0.083352,0.093022,0.000610,29287.750363,0.059000
2026-08-19,11:43:34,0.145540,0.093022,0.000610,29287.750973,0.059000
2026-08-19,11:43:35,0.145540,0.093022,0.000610,29287.750973,0.059000
2026-08-19,11:43:35,0.145540,0.093022,0.000610,29287.751583,0.059000
2026-08-19,11:43:36,0.125028,0.093022,0.000610,29287.752193,0.059000
2026-08-19,11:43:37,0.217497,0.093022,0.000610,29287.752193,0.059000
2026-08-19,11:43:37,0.102337,0.092970,0.000610,29287.752803,0.059000
2026-08-19,11:43:38,0.102337,0.092970,0.000630,29287.753413,0.059000
2026-08-19,11:43:39,0.102337,0.094975,0.000630,29287.753413,0.059000
2026-08-19,11:43:39,0.122804,0.099027,0.000650,29287.754043,0.059000
2026-08-19,11:43:40,0.142952,0.105094,0.000690,29287.754693,0.059000
2026-08-19,11:43:41,0.142952,0.108602,0.000690,29287.754693,0.059000
2026-08-19,11:43:41,0.117368,0.108602,0.000720,29287.755383,0.059000
2026-08-19,11:43:42,0.081870,0.108602,0.000720,29287.756103,0.059000
2026-08-19,11:43:43,0.081870,0.108602,0.000720,29287.756103,0.059000
2026-08-19,11:43:43,0.142952,0.108602,0.000720,29287.756823,0.059000
2026-08-19,11:43:44,0.142952,0.108602,0.000720,29287.757543,0.059000
2026-08-19,11:43:45,0.145164,0.108602,0.000720,29287.757543,0.059000
2026-08-19,11:43:45,0.145164,0.108602,0.000720,29287.758263,0.059000
2026-08-19,11:43:46,0.207841,0.108602,0.000720,29287.758983,0.059000
2026-08-19,11:43:47,0.207841,0.108558,0.000720,29287.758983,0.059000
2026-08-19,11:43:47,0.083136,0.108558,0.000720,29287.759703,0.059000
2026-08-19,11:43:48,0.124380,0.108558,0.000720,29287.760423,0.059000
2026-08-19,11:43:48,0.103920,0.108558,0.000720,29287.760423,0.059000
2026-08-19,11:43:49,0.083136,0.108558,0.000720,29287.761143,0.059000
2026-08-19,11:43:50,0.083136,0.108558,0.000720,29287.761863,0.059000
2026-08-19,11:43:50,0.145488,0.108558,0.000720,29287.761863,0.059000
2026-08-19,11:43:51,0.083136,0.106664,0.000700,29287.762583,0.059000
2026-08-19,11:43:52,0.147006,0.106664,0.000700,29287.763283,0.059000
2026-08-19,11:43:52,0.147006,0.106664,0.000700,29287.763283,0.059000
2026-08-19,11:43:53,0.166272,0.106664,0.000700,29287.763983,0.059000
2026-08-19,11:43:54,0.124380,0.106664,0.000700,29287.764683,0.059000
2026-08-19,11:43:54,0.145488,0.106664,0.000700,29287.764683,0.059000
2026-08-19,11:43:55,0.145488,0.106664,0.000700,29287.765383,0.059000
2026-08-19,11:43:56,0.145488,0.106664,0.000700,29287.766083,0.059000
2026-08-19,11:43:56,0.103920,0.106664,0.000700,29287.766083,0.059000
2026-08-19,11:43:57,0.165948,0.106664,0.000700,29287.766783,0.059000
2026-08-19,11:43:58,0.163326,0.106664,0.000700,29287.767483,0.059000
2026-08-19,11:43:58,0.165520,0.106664,0.000700,29287.767483,0.059000
2026-08-19,11:43:59,0.165520,0.106664,0.000700,29287.768183,0.059000
2026-08-19,11:44:00,0.082922,0.102453,0.000680,29287.768863,0.059000
2026-08-19,11:44:00,0.082922,0.100327,0.000660,29287.768863,0.059000
2026-08-19,11:44:01,0.165844,0.100327,0.000660,29287.769523,0.059000
2026-08-19,11:44:02,0.165844,0.100327,0.000660,29287.770183,0.059000
2026-08-19,11:44:02,0.144789,0.100327,0.000660,29287.770183,0.059000
2026-08-19,11:44:03,0.165844,0.100327,0.000660,29287.770843,0.059000
2026-08-19,11:44:04,0.124383,0.100327,0.000660,29287.771503,0.059000
2026-08-19,11:44:04,0.082922,0.100284,0.000660,29287.771503,0.059000
2026-08-19,11:44:05,0.082922,0.100284,0.000660,29287.772163,0.059000
2026-08-19,11:44:06,0.144789,0.100284,0.000660,29287.772823,0.059000
2026-08-19,11:44:06,0.125354,0.100284,0.000660,29287.772823,0.059000
2026-08-19,11:44:07,0.082922,0.098342,0.000660,29287.773483,0.059000
2026-08-19,11:44:08,0.082922,0.096401,0.000650,29287.774133,0.059000
2026-08-19,11:44:08,0.082922,0.096401,0.000620,29287.774133,0.059000
2026-08-19,11:44:09,0.103652,0.094485,0.000620,29287.774753,0.059000
2026-08-19,11:44:10,0.082922,0.088482,0.000580,29287.775333,0.059000
2026-08-19,11:44:10,0.126678,0.088482,0.000580,29287.775333,0.059000
2026-08-19,11:44:11,0.126678,0.088482,0.000580,29287.775913,0.059000
2026-08-19,11:44:12,0.126348,0.088482,0.000580,29287.776493,0.059000
2026-08-19,11:44:12,0.253026,0.088482,0.000580,29287.776493,0.059000
2026-08-19,11:44:13,0.082497,0.084995,0.000580,29287.777073,0.059000
2026-08-19,11:44:14,0.144047,0.084995,0.000560,29287.777633,0.059000
2026-08-19,11:44:14,0.144047,0.084995,0.000560,29287.777633,0.059000
2026-08-19,11:44:15,0.103121,0.084995,0.000560,29287.778193,0.059000
2026-08-19,11:44:16,0.084452,0.084995,0.000560,29287.778753,0.059000
2026-08-19,11:44:16,0.205395,0.084995,0.000560,29287.778753,0.059000
2026-08-19,11:44:17,0.205395,0.086967,0.000560,29287.779313,0.059000
2026-08-19,11:44:18,0.102858,0.086967,0.000570,29287.779883,0.059000
2026-08-19,11:44:18,0.144001,0.086967,0.000570,29287.779883,0.059000
2026-08-19,11:44:19,0.102858,0.086967,0.000570,29287.780453,0.059000
2026-08-19,11:44:20,0.102858,0.086967,0.000570,29287.781023,0.059000
2026-08-19,11:44:20,0.102858,0.086967,0.000570,29287.781023,0.059000
2026-08-19,11:44:21,0.143680,0.086967,0.000570,29287.781593,0.059000
2026-08-19,11:44:22,0.123108,0.086967,0.000570,29287.782163,0.059000
2026-08-19,11:44:22,0.082287,0.086882,0.000570,29287.782163,0.059000
2026-08-19,11:44:23,0.144001,0.086882,0.000570,29287.782733,0.059000
2026-08-19,11:44:24,0.144001,0.086882,0.000570,29287.783303,0.059000
2026-08-19,11:44:24,0.102858,0.086882,0.000570,29287.783303,0.059000
2026-08-19,11:44:25,0.123430,0.086882,0.000570,29287.783873,0.059000
2026-08-19,11:44:26,0.205395,0.086882,0.000570,29287.784443,0.059000
2026-08-19,11:44:26,0.205395,0.086882,0.000570,29287.784443,0.059000
2026-08-19,11:44:27,0.144001,0.086882,0.000570,29287.785013,0.059000
2026-08-19,11:44:28,0.123430,0.086882,0.000570,29287.785013,0.059000
2026-08-19,11:44:28,0.082287,0.086819,0.000570,29287.785583,0.059000
2026-08-19,11:44:29,0.102858,0.088813,0.000590,29287.786173,0.059000
2026-08-19,11:44:30,0.102858,0.088813,0.000590,29287.786173,0.059000
2026-08-19,11:44:30,0.144001,0.088813,0.000590,29287.786763,0.059000
2026-08-19,11:44:31,0.096108,0.090131,0.000590,29287.787353,0.059000
2026-08-19,11:44:32,0.106072,0.092446,0.000590,29287.787353,0.059000
2026-08-19,11:44:32,0.109287,0.095083,0.000610,29287.787963,0.059000
2026-08-19,11:44:33,0.109287,0.095083,0.000630,29287.788593,0.059000
2026-08-19,11:44:34,0.102858,0.095003,0.000630,29287.788593,0.059000
2026-08-19,11:44:34,0.084008,0.095112,0.000630,29287.789223,0.059000
2026-08-19,11:44:35,0.151936,0.095112,0.000630,29287.789853,0.059000
2026-08-19,11:44:36,0.151936,0.095112,0.000630,29287.789853,0.059000
2026-08-19,11:44:36,0.125683,0.095112,0.000630,29287.790483,0.059000
2026-08-19,11:44:37,0.167687,0.095112,0.000630,29287.791113,0.059000
2026-08-19,11:44:38,0.101568,0.097019,0.000630,29287.791113,0.059000
2026-08-19,11:44:38,0.121564,0.098890,0.000640,29287.791753,0.059000
2026-08-19,11:44:39,0.121564,0.098890,0.000680,29287.792393,0.059000
2026-08-19,11:44:40,0.122448,0.102906,0.000680,29287.792393,0.059000
2026-08-19,11:44:40,0.124063,0.107083,0.000710,29287.793073,0.059000
2026-08-19,11:44:41,0.103386,0.107136,0.000710,29287.793783,0.059000
2026-08-19,11:44:42,0.082709,0.105796,0.000710,29287.793783,0.059000
2026-08-19,11:44:42,0.082709,0.105796,0.000700,29287.794493,0.059000
2026-08-19,11:44:43,0.144740,0.105796,0.000700,29287.795193,0.059000
2026-08-19,11:44:44,0.144417,0.105796,0.000700,29287.795193,0.059000
2026-08-19,11:44:44,0.123740,0.105796,0.000700,29287.795893,0.059000
2026-08-19,11:44:45,0.123740,0.105796,0.000700,29287.796593,0.059000
2026-08-19,11:44:46,0.144417,0.105796,0.000700,29287.796593,0.059000
2026-08-19,11:44:46,0.123740,0.105796,0.000700,29287.797293,0.059000
2026-08-19,11:44:47,0.182366,0.105796,0.000700,29287.797993,0.059000
2026-08-19,11:44:48,0.167687,0.105796,0.000700,29287.797993,0.059000
2026-08-19,11:44:48,0.167687,0.105796,0.000700,29287.798693,0.059000
2026-08-19,11:44:49,0.147014,0.105796,0.000700,29287.799393,0.059000
2026-08-19,11:44:50,0.105010,0.105796,0.000700,29287.799393,0.059000
2026-08-19,11:44:50,0.084008,0.105796,0.000700,29287.800093,0.059000
2026-08-19,11:44:51,0.084008,0.105796,0.000700,29287.800793,0.059000
2026-08-19,11:44:52,0.084008,0.105796,0.000700,29287.800793,0.059000
2026-08-19,11:44:52,0.142195,0.105796,0.000700,29287.801493,0.059000
2026-08-19,11:44:53,0.100933,0.105796,0.000700,29287.802193,0.059000
2026-08-19,11:44:54,0.097100,0.105796,0.000700,29287.802193,0.059000
2026-08-19,11:44:54,0.097100,0.105796,0.000700,29287.802893,0.059000
2026-08-19,11:44:55,0.143272,0.105796,0.000700,29287.803593,0.059000
2026-08-19,11:44:56,0.142952,0.105796,0.000700,29287.803593,0.059000
2026-08-19,11:44:56,0.147014,0.105796,0.000700,29287.804293,0.059000
2026-08-19,11:44:57,0.091883,0.104377,0.000700,29287.804993,0.059000
2026-08-19,11:44:58,0.091883,0.104377,0.000690,29287.804993,0.059000
2026-08-19,11:44:58,0.121205,0.104377,0.000690,29287.805683,0.059000
2026-08-19,11:44:59,0.119287,0.104377,0.000690,29287.806373,0.059000
2026-08-19,11:45:00,0.122804,0.104377,0.000690,29287.806373,0.059000
2026-08-19,11:45:00,0.122804,0.104377,0.000690,29287.807063,0.059000
2026-08-19,11:45:01,0.205243,0.104377,0.000690,29287.807753,0.059000
2026-08-19,11:45:02,0.124380,0.105887,0.000700,29287.807753,0.059000
2026-08-19,11:45:02,0.124380,0.108039,0.000710,29287.808453,0.059000
2026-08-19,11:45:03,0.120080,0.111646,0.000710,29287.809163,0.059000
2026-08-19,11:45:04,0.120080,0.111646,0.000740,29287.809163,0.059000
2026-08-19,11:45:04,0.093702,0.110859,0.000740,29287.809903,0.059000
2026-08-19,11:45:05,0.102337,0.108937,0.000720,29287.810623,0.059000
2026-08-19,11:45:06,0.170258,0.108937,0.000720,29287.810623,0.059000
2026-08-19,11:45:06,0.170258,0.106952,0.000720,29287.811343,0.059000
2026-08-19,11:45:07,0.102597,0.106952,0.000710,29287.812053,0.059000
2026-08-19,11:45:08,0.184354,0.106952,0.000710,29287.812053,0.059000
2026-08-19,11:45:08,0.102597,0.104805,0.000710,29287.812763,0.059000
2026-08-19,11:45:09,0.174735,0.104805,0.000690,29287.813453,0.059000
2026-08-19,11:45:10,0.174735,0.104805,0.000690,29287.813453,0.059000
2026-08-19,11:45:10,0.143315,0.104805,0.000690,29287.814143,0.059000
2026-08-19,11:45:11,0.286950,0.104805,0.000690,29287.814833,0.059000
2026-08-19,11:45:12,0.122796,0.106746,0.000700,29287.814833,0.059000
2026-08-19,11:45:12,0.122796,0.112839,0.000700,29287.815533,0.059000
2026-08-19,11:45:13,0.143636,0.112839,0.000750,29287.816283,0.059000
2026-08-19,11:45:14,0.136903,0.117341,0.000780,29287.816283,0.059000
2026-08-19,11:45:14,0.123116,0.117214,0.000780,29287.817063,0.059000
2026-08-19,11:45:15,0.123116,0.117088,0.000770,29287.817833,0.059000
2026-08-19,11:45:15,0.123116,0.117088,0.000770,29287.817833,0.059000
2026-08-19,11:45:16,0.163834,0.117088,0.000770,29287.818603,0.059000
2026-08-19,11:45:17,0.082077,0.113288,0.000750,29287.819353,0.059000
2026-08-19,11:45:17,0.122796,0.113288,0.000750,29287.819353,0.059000
2026-08-19,11:45:18,0.082077,0.112125,0.000750,29287.820103,0.059000
2026-08-19,11:45:19,0.082077,0.112125,0.000740,29287.820843,0.059000
2026-08-19,11:45:19,0.105565,0.112448,0.000740,29287.820843,0.059000
2026-08-19,11:45:20,0.103920,0.112580,0.000740,29287.821583,0.059000
2026-08-19,11:45:21,0.124704,0.114791,0.000760,29287.822343,0.059000
2026-08-19,11:45:21,0.124704,0.114073,0.000760,29287.822343,0.059000
2026-08-19,11:45:22,0.115611,0.114073,0.000750,29287.823093,0.059000
2026-08-19,11:45:23,0.145488,0.114258,0.000750,29287.823843,0.059000
2026-08-19,11:45:23,0.124380,0.113006,0.000750,29287.823843,0.059000
2026-08-19,11:45:24,0.118209,0.112515,0.000750,29287.824593,0.059000
2026-08-19,11:45:25,0.118209,0.112515,0.000740,29287.824593,0.059000
2026-08-19,11:45:25,0.124704,0.112674,0.000740,29287.825333,0.059000
2026-08-19,11:45:26,0.083136,0.112674,0.000740,29287.826073,0.059000
2026-08-19,11:45:27,0.081663,0.112674,0.000740,29287.826073,0.059000
2026-08-19,11:45:27,0.081663,0.118725,0.000740,29287.826813,0.059000
2026-08-19,11:45:28,0.142592,0.118725,0.000780,29287.827593,0.059000
2026-08-19,11:45:29,0.163007,0.126818,0.000840,29287.827593,0.059000
2026-08-19,11:45:29,0.081663,0.126818,0.000840,29287.828433,0.059000
2026-08-19,11:45:30,0.105818,0.126818,0.000840,29287.829273,0.059000
2026-08-19,11:45:31,0.105818,0.126818,0.000840,29287.829273,0.059000
2026-08-19,11:45:31,0.083352,0.126818,0.000840,29287.830113,0.059000
2026-08-19,11:45:32,0.083352,0.126818,0.000840,29287.830953,0.059000
2026-08-19,11:45:33,0.145866,0.130848,0.000840,29287.830953,0.059000
2026-08-19,11:45:33,0.145866,0.130848,0.000870,29287.831823,0.059000
2026-08-19,11:45:34,0.083352,0.130848,0.000870,29287.832693,0.059000
2026-08-19,11:45:35,0.145540,0.135010,0.000870,29287.832693,0.059000
2026-08-19,11:45:35,0.142551,0.136795,0.000900,29287.833593,0.059000
2026-08-19,11:45:36,0.122187,0.137453,0.000910,29287.834503,0.059000
2026-08-19,11:45:37,0.122187,0.137453,0.000910,29287.834503,0.059000
2026-08-19,11:45:37,0.104190,0.133323,0.000880,29287.835383,0.059000
2026-08-19,11:45:38,0.104190,0.131304,0.000870,29287.836253,0.059000
2026-08-19,11:45:39,0.125028,0.131986,0.000870,29287.836253,0.059000
2026-08-19,11:45:39,0.125028,0.134328,0.000870,29287.837123,0.059000
2026-08-19,11:45:40,0.148124,0.134328,0.000890,29287.837993,0.059000
2026-08-19,11:45:41,0.283424,0.134328,0.000890,29287.837993,0.059000
2026-08-19,11:45:41,0.103256,0.130394,0.000860,29287.838883,0.059000
2026-08-19,11:45:42,0.123423,0.126436,0.000860,29287.839743,0.059000
2026-08-19,11:45:43,0.123423,0.126436,0.000840,29287.839743,0.059000
2026-08-19,11:45:43,0.123745,0.124224,0.000820,29287.840583,0.059000
2026-08-19,11:45:44,0.133413,0.123011,0.000820,29287.841403,0.059000
2026-08-19,11:45:45,0.164994,0.125255,0.000810,29287.841403,0.059000
2026-08-19,11:45:45,0.164994,0.125255,0.000830,29287.842213,0.059000
2026-08-19,11:45:46,0.267793,0.125255,0.000830,29287.843043,0.059000
2026-08-19,11:45:47,0.124068,0.125443,0.000830,29287.843043,0.059000
2026-08-19,11:45:47,0.127612,0.127785,0.000840,29287.843873,0.059000
2026-08-19,11:45:48,0.082497,0.127785,0.000840,29287.844713,0.059000
2026-08-19,11:45:49,0.082497,0.127785,0.000840,29287.844713,0.059000
2026-08-19,11:45:49,0.082497,0.127785,0.000840,29287.845553,0.059000
2026-08-19,11:45:50,0.123423,0.129709,0.000840,29287.846393,0.059000
2026-08-19,11:45:51,0.147791,0.131985,0.000870,29287.846393,0.059000
2026-08-19,11:45:51,0.103652,0.127538,0.000840,29287.847263,0.059000
2026-08-19,11:45:52,0.103652,0.127538,0.000840,29287.848103,0.059000
2026-08-19,11:45:53,0.103652,0.127577,0.000840,29287.848103,0.059000
2026-08-19,11:45:53,0.197263,0.127577,0.000840,29287.848943,0.059000
2026-08-19,11:45:54,0.082922,0.127577,0.000840,29287.849783,0.059000
2026-08-19,11:45:55,0.082922,0.127641,0.000840,29287.849783,0.059000
2026-08-19,11:45:55,0.124059,0.127641,0.000840,29287.850623,0.059000
2026-08-19,11:45:56,0.124383,0.127705,0.000840,29287.851463,0.059000
2026-08-19,11:45:57,0.084229,0.127705,0.000840,29287.851463,0.059000
2026-08-19,11:45:57,0.207304,0.127705,0.000840,29287.852303,0.059000
2026-08-19,11:45:58,0.207304,0.127705,0.000840,29287.853143,0.059000
2026-08-19,11:45:59,0.165844,0.127705,0.000840,29287.853143,0.059000
2026-08-19,11:45:59,0.103652,0.124729,0.000840,29287.853983,0.059000
2026-08-19,11:46:00,0.124383,0.120667,0.000820,29287.854803,0.059000
2026-08-19,11:46:01,0.124383,0.120667,0.000800,29287.854803,0.059000
2026-08-19,11:46:01,0.204158,0.120667,0.000800,29287.855603,0.059000
2026-08-19,11:46:02,0.117072,0.119968,0.000790,29287.856393,0.059000
2026-08-19,11:46:03,0.104190,0.117626,0.000780,29287.856393,0.059000
2026-08-19,11:46:03,0.124702,0.117754,0.000780,29287.857173,0.059000
2026-08-19,11:46:04,0.124702,0.117754,0.000780,29287.857953,0.059000
2026-08-19,11:46:04,0.166704,0.117754,0.000780,29287.857953,0.059000
2026-08-19,11:46:05,0.142610,0.117754,0.000780,29287.858733,0.059000
2026-08-19,11:46:06,0.104190,0.117754,0.000780,29287.859513,0.059000
2026-08-19,11:46:06,0.112004,0.117754,0.000780,29287.859513,0.059000
2026-08-19,11:46:07,0.112004,0.117754,0.000780,29287.860293,0.059000
2026-08-19,11:46:08,0.083352,0.117754,0.000780,29287.861073,0.059000
2026-08-19,11:46:08,0.145866,0.117561,0.000780,29287.861073,0.059000
2026-08-19,11:46:09,0.125028,0.119699,0.000780,29287.861853,0.059000
2026-08-19,11:46:10,0.125028,0.121836,0.000790,29287.862643,0.059000
2026-08-19,11:46:10,0.125028,0.121836,0.000790,29287.862643,0.059000
2026-08-19,11:46:11,0.083352,0.121836,0.000810,29287.863453,0.059000
2026-08-19,11:46:12,0.142551,0.123686,0.000820,29287.863453,0.059000
2026-08-19,11:46:12,0.134122,0.124659,0.000820,29287.864273,0.059000
2026-08-19,11:46:13,0.134122,0.124659,0.000820,29287.865093,0.059000
2026-08-19,11:46:14,0.103920,0.124686,0.000820,29287.865093,0.059000
2026-08-19,11:46:14,0.166272,0.124686,0.000820,29287.865913,0.059000
2026-08-19,11:46:15,0.145488,0.124686,0.000820,29287.866733,0.059000
2026-08-19,11:46:16,0.145488,0.124686,0.000820,29287.866733,0.059000
2026-08-19,11:46:16,0.084435,0.124686,0.000820,29287.867553,0.059000
2026-08-19,11:46:17,0.083136,0.124686,0.000820,29287.868373,0.059000
2026-08-19,11:46:18,0.112689,0.123517,0.000820,29287.868373,0.059000
2026-08-19,11:46:18,0.145488,0.126359,0.000820,29287.869193,0.059000
2026-08-19,11:46:19,0.145488,0.130488,0.000840,29287.870033,0.059000
2026-08-19,11:46:20,0.145488,0.130488,0.000860,29287.870033,0.059000
2026-08-19,11:46:20,0.103920,0.128410,0.000860,29287.870893,0.059000
2026-08-19,11:46:21,0.145488,0.128410,0.000850,29287.871743,0.059000
2026-08-19,11:46:22,0.083136,0.128410,0.000850,29287.871743,0.059000
2026-08-19,11:46:22,0.083136,0.128410,0.000850,29287.872593,0.059000
2026-08-19,11:46:23,0.166272,0.130451,0.000860,29287.873453,0.059000
2026-08-19,11:46:24,0.249084,0.130451,0.000860,29287.873453,0.059000
2026-08-19,11:46:24,0.124704,0.130418,0.000860,29287.874313,0.059000
2026-08-19,11:46:25,0.124704,0.130418,0.000860,29287.875173,0.059000
2026-08-19,11:46:26,0.083136,0.130418,0.000860,29287.875173,0.059000
2026-08-19,11:46:26,0.124380,0.130354,0.000860,29287.876033,0.059000
2026-08-19,11:46:27,0.103920,0.126490,0.000840,29287.876873,0.059000
2026-08-19,11:46:28,0.105544,0.123633,0.000820,29287.876873,0.059000
2026-08-19,11:46:28,0.105544,0.123633,0.000820,29287.877693,0.059000
2026-08-19,11:46:29,0.175690,0.123633,0.000820,29287.878513,0.059000
2026-08-19,11:46:30,0.166272,0.123633,0.000820,29287.878513,0.059000
2026-08-19,11:46:30,0.083136,0.123633,0.000820,29287.879333,0.059000
2026-08-19,11:46:31,0.135893,0.126830,0.000840,29287.880173,0.059000
2026-08-19,11:46:32,0.135893,0.126830,0.000840,29287.880173,0.059000
2026-08-19,11:46:32,0.081663,0.126830,0.000840,29287.881013,0.059000
2026-08-19,11:46:33,0.083352,0.126830,0.000840,29287.881853,0.059000
2026-08-19,11:46:34,0.184354,0.126830,0.000840,29287.881853,0.059000
2026-08-19,11:46:34,0.184354,0.127873,0.000840,29287.882693,0.059000
2026-08-19,11:46:35,0.123116,0.127873,0.000850,29287.883543,0.059000
2026-08-19,11:46:36,0.104190,0.123743,0.000850,29287.883543,0.059000
2026-08-19,11:46:36,0.142952,0.123743,0.000820,29287.884363,0.059000
2026-08-19,11:46:37,0.102337,0.123743,0.000820,29287.885183,0.059000
2026-08-19,11:46:38,0.102337,0.123743,0.000820,29287.885183,0.059000
2026-08-19,11:46:38,0.081870,0.123743,0.000820,29287.886003,0.059000
2026-08-19,11:46:39,0.120457,0.121240,0.000800,29287.886803,0.059000
2026-08-19,11:46:40,0.083569,0.121240,0.000800,29287.886803,0.059000
2026-08-19,11:46:40,0.083569,0.121240,0.000800,29287.887603,0.059000
2026-08-19,11:46:41,0.083569,0.121240,0.000800,29287.888403,0.059000
2026-08-19,11:46:42,0.229489,0.121240,0.000800,29287.888403,0.059000
2026-08-19,11:46:42,0.082077,0.121240,0.000800,29287.889203,0.059000
2026-08-19,11:46:43,0.109971,0.121845,0.000810,29287.890003,0.059000
2026-08-19,11:46:44,0.109971,0.117786,0.000810,29287.890003,0.059000
2026-08-19,11:46:44,0.125682,0.117786,0.000780,29287.890813,0.059000
2026-08-19,11:46:45,0.109566,0.116272,0.000770,29287.891593,0.059000
2026-08-19,11:46:46,0.082497,0.112084,0.000770,29287.891593,0.059000
2026-08-19,11:46:46,0.083788,0.110070,0.000730,29287.892363,0.059000
2026-08-19,11:46:47,0.083788,0.107745,0.000710,29287.893093,0.059000
2026-08-19,11:46:48,0.082287,0.107745,0.000710,29287.893093,0.059000
2026-08-19,11:46:48,0.085179,0.102673,0.000680,29287.893803,0.059000
2026-08-19,11:46:49,0.131787,0.102673,0.000680,29287.894483,0.059000
2026-08-19,11:46:50,0.189017,0.102673,0.000680,29287.894483,0.059000
2026-08-19,11:46:50,0.189017,0.102673,0.000680,29287.895163,0.059000
2026-08-19,11:46:51,0.140109,0.102673,0.000680,29287.895843,0.059000
2026-08-19,11:46:52,0.102597,0.102673,0.000680,29287.895843,0.059000
2026-08-19,11:46:52,0.184674,0.102673,0.000680,29287.896523,0.059000
2026-08-19,11:46:53,0.130170,0.102673,0.000680,29287.897203,0.059000
2026-08-19,11:46:54,0.130170,0.102673,0.000680,29287.897203,0.059000
2026-08-19,11:46:54,0.123116,0.102673,0.000680,29287.897883,0.059000
2026-08-19,11:46:55,0.082077,0.098569,0.000680,29287.898563,0.059000
2026-08-19,11:46:56,0.115421,0.098569,0.000650,29287.898563,0.059000
2026-08-19,11:46:56,0.115421,0.098569,0.000650,29287.899213,0.059000
2026-08-19,11:46:57,0.149727,0.098569,0.000650,29287.899863,0.059000
2026-08-19,11:46:58,0.082077,0.096358,0.000640,29287.899863,0.059000
2026-08-19,11:46:58,0.126002,0.096358,0.000640,29287.900503,0.059000
2026-08-19,11:46:59,0.082077,0.092520,0.000640,29287.901143,0.059000
2026-08-19,11:47:00,0.082077,0.092520,0.000610,29287.901143,0.059000
2026-08-19,11:47:00,0.163834,0.092520,0.000610,29287.901753,0.059000
2026-08-19,11:47:01,0.156139,0.092520,0.000610,29287.902363,0.059000
2026-08-19,11:47:02,0.119910,0.092520,0.000610,29287.902363,0.059000
2026-08-19,11:47:02,0.119910,0.089731,0.000590,29287.902973,0.059000
2026-08-19,11:47:03,0.082077,0.089731,0.000590,29287.903563,0.059000
2026-08-19,11:47:04,0.084229,0.085586,0.000560,29287.903563,0.059000
2026-08-19,11:47:04,0.147072,0.085586,0.000560,29287.904123,0.059000
2026-08-19,11:47:05,0.124716,0.085586,0.000560,29287.904683,0.059000
2026-08-19,11:47:06,0.124716,0.085586,0.000560,29287.904683,0.059000
2026-08-19,11:47:06,0.102858,0.085586,0.000560,29287.905243,0.059000
2026-08-19,11:47:07,0.123430,0.085586,0.000560,29287.905803,0.059000
2026-08-19,11:47:08,0.184823,0.085586,0.000560,29287.905803,0.059000
2026-08-19,11:47:08,0.104461,0.085075,0.000560,29287.906363,0.059000
2026-08-19,11:47:09,0.104461,0.085075,0.000560,29287.906923,0.059000
2026-08-19,11:47:10,0.125027,0.089328,0.000590,29287.906923,0.059000
2026-08-19,11:47:10,0.156692,0.096619,0.000590,29287.907513,0.059000
2026-08-19,11:47:11,0.143636,0.102753,0.000640,29287.908153,0.059000
2026-08-19,11:47:12,0.143636,0.107926,0.000710,29287.908153,0.059000
2026-08-19,11:47:12,0.136903,0.107926,0.000710,29287.908863,0.059000
2026-08-19,11:47:13,0.118628,0.111581,0.000740,29287.909603,0.059000
2026-08-19,11:47:14,0.145540,0.117927,0.000780,29287.909603,0.059000
2026-08-19,11:47:14,0.084654,0.117927,0.000780,29287.910383,0.059000
2026-08-19,11:47:15,0.084654,0.117927,0.000780,29287.911163,0.059000
2026-08-19,11:47:16,0.104190,0.117927,0.000780,29287.911163,0.059000
2026-08-19,11:47:16,0.134796,0.117927,0.000780,29287.911943,0.059000
2026-08-19,11:47:17,0.160843,0.117927,0.000780,29287.912723,0.059000
2026-08-19,11:47:18,0.160843,0.120138,0.000790,29287.912723,0.059000
2026-08-19,11:47:18,0.104190,0.120138,0.000790,29287.913513,0.059000
2026-08-19,11:47:19,0.166704,0.120138,0.000790,29287.914303,0.059000
2026-08-19,11:47:20,0.104190,0.122350,0.000810,29287.914303,0.059000
2026-08-19,11:47:20,0.127307,0.126657,0.000810,29287.915113,0.059000
2026-08-19,11:47:21,0.127307,0.126657,0.000840,29287.915953,0.059000
2026-08-19,11:47:22,0.081870,0.126657,0.000840,29287.915953,0.059000
2026-08-19,11:47:22,0.081870,0.126657,0.000840,29287.916793,0.059000
2026-08-19,11:47:23,0.102337,0.126657,0.000840,29287.917633,0.059000
2026-08-19,11:47:24,0.102337,0.126657,0.000840,29287.917633,0.059000
2026-08-19,11:47:24,0.105010,0.126657,0.000840,29287.918473,0.059000
2026-08-19,11:47:25,0.147014,0.130913,0.000870,29287.919343,0.059000
2026-08-19,11:47:26,0.123116,0.130722,0.000870,29287.919343,0.059000
2026-08-19,11:47:26,0.122796,0.127332,0.000860,29287.920203,0.059000
2026-08-19,11:47:27,0.122796,0.123228,0.000810,29287.921013,0.059000
2026-08-19,11:47:28,0.102597,0.123228,0.000810,29287.921013,0.059000
2026-08-19,11:47:28,0.184354,0.123228,0.000810,29287.921823,0.059000
2026-08-19,11:47:29,0.104461,0.119984,0.000790,29287.922613,0.059000
2026-08-19,11:47:30,0.104461,0.120624,0.000790,29287.922613,0.059000
2026-08-19,11:47:30,0.125027,0.120624,0.000800,29287.923413,0.059000
2026-08-19,11:47:31,0.125354,0.118605,0.000780,29287.924193,0.059000
2026-08-19,11:47:32,0.121525,0.120339,0.000780,29287.924193,0.059000
2026-08-19,11:47:32,0.139114,0.123831,0.000820,29287.925013,0.059000
2026-08-19,11:47:33,0.139114,0.121334,0.000820,29287.925013,0.059000
2026-08-19,11:47:34,0.102337,0.121334,0.000800,29287.925813,0.059000
2026-08-19,11:47:34,0.081870,0.114820,0.000760,29287.926573,0.059000
2026-08-19,11:47:35,0.081870,0.110695,0.000760,29287.926573,0.059000
2026-08-19,11:47:36,0.167138,0.110695,0.000730,29287.927303,0.059000
2026-08-19,11:47:36,0.167138,0.110695,0.000730,29287.928033,0.059000
2026-08-19,11:47:37,0.161915,0.110695,0.000730,29287.928033,0.059000
2026-08-19,11:47:37,0.144001,0.110695,0.000730,29287.928763,0.059000
2026-08-19,11:47:38,0.230089,0.110695,0.000730,29287.929493,0.059000
2026-08-19,11:47:39,0.230089,0.110951,0.000730,29287.929493,0.059000
2026-08-19,11:47:39,0.125354,0.110951,0.000730,29287.930223,0.059000
2026-08-19,11:47:40,0.102858,0.110977,0.000730,29287.930953,0.059000
2026-08-19,11:47:41,0.159752,0.110977,0.000730,29287.930953,0.059000
2026-08-19,11:47:41,0.200895,0.110977,0.000730,29287.931683,0.059000
2026-08-19,11:47:42,0.200895,0.110977,0.000730,29287.932413,0.059000
2026-08-19,11:47:43,0.164573,0.110977,0.000730,29287.932413,0.059000
2026-08-19,11:47:43,0.102858,0.110817,0.000730,29287.933143,0.059000
2026-08-19,11:47:44,0.146246,0.110817,0.000730,29287.933873,0.059000
2026-08-19,11:47:45,0.146246,0.106671,0.000730,29287.933873,0.059000
2026-08-19,11:47:45,0.083569,0.106671,0.000700,29287.934603,0.059000
2026-08-19,11:47:46,0.125354,0.106671,0.000700,29287.935303,0.059000
2026-08-19,11:47:47,0.082077,0.102343,0.000700,29287.935303,0.059000
2026-08-19,11:47:47,0.122796,0.102343,0.000680,29287.936003,0.059000
2026-08-19,11:47:48,0.122796,0.102343,0.000680,29287.936683,0.059000
2026-08-19,11:47:49,0.102597,0.102343,0.000680,29287.936683,0.059000
2026-08-19,11:47:49,0.178262,0.102343,0.000680,29287.937363,0.059000
2026-08-19,11:47:50,0.123116,0.102502,0.000680,29287.938043,0.059000
2026-08-19,11:47:51,0.123116,0.102502,0.000680,29287.938043,0.059000
2026-08-19,11:47:51,0.083352,0.102502,0.000680,29287.938723,0.059000
2026-08-19,11:47:52,0.125028,0.101094,0.000680,29287.939403,0.059000
2026-08-19,11:47:53,0.104190,0.101279,0.000670,29287.939403,0.059000
2026-08-19,11:47:53,0.083352,0.101427,0.000670,29287.940073,0.059000
2026-08-19,11:47:54,0.083352,0.101427,0.000670,29287.940743,0.059000
2026-08-19,11:47:55,0.138126,0.101427,0.000670,29287.940743,0.059000
2026-08-19,11:47:55,0.104190,0.101427,0.000670,29287.941413,0.059000
2026-08-19,11:47:56,0.083352,0.101427,0.000670,29287.942083,0.059000
2026-08-19,11:47:57,0.083352,0.101427,0.000670,29287.942083,0.059000
2026-08-19,11:47:57,0.182658,0.101427,0.000700,29287.942753,0.059000
2026-08-19,11:47:58,0.124702,0.105711,0.000700,29287.943453,0.059000
2026-08-19,11:47:59,0.104190,0.103594,0.000680,29287.943453,0.059000
2026-08-19,11:47:59,0.106795,0.103988,0.000690,29287.944133,0.059000
2026-08-19,11:48:00,0.106795,0.102037,0.000690,29287.944823,0.059000
2026-08-19,11:48:01,0.083352,0.102037,0.000670,29287.944823,0.059000
2026-08-19,11:48:01,0.123437,0.102037,0.000670,29287.945493,0.059000
2026-08-19,11:48:02,0.122796,0.102037,0.000670,29287.946163,0.059000
2026-08-19,11:48:03,0.117771,0.102037,0.000670,29287.946163,0.059000
2026-08-19,11:48:03,0.117771,0.102037,0.000670,29287.946833,0.059000
2026-08-19,11:48:04,0.081870,0.101867,0.000670,29287.947503,0.059000
2026-08-19,11:48:05,0.120566,0.101867,0.000670,29287.947503,0.059000
2026-08-19,11:48:05,0.143272,0.101867,0.000670,29287.948173,0.059000
2026-08-19,11:48:06,0.143272,0.101867,0.000670,29287.948843,0.059000
2026-08-19,11:48:07,0.104461,0.101867,0.000670,29287.948843,0.059000
2026-08-19,11:48:07,0.081458,0.101867,0.000670,29287.949513,0.059000
2026-08-19,11:48:08,0.163871,0.101867,0.000670,29287.950183,0.059000
2026-08-19,11:48:09,0.187542,0.101867,0.000670,29287.950183,0.059000
2026-08-19,11:48:09,0.187542,0.101867,0.000670,29287.950853,0.059000
2026-08-19,11:48:10,0.083352,0.101995,0.000670,29287.951523,0.059000
2026-08-19,11:48:11,0.083352,0.098018,0.000650,29287.951523,0.059000
2026-08-19,11:48:11,0.122176,0.098018,0.000650,29287.952173,0.059000
2026-08-19,11:48:12,0.122176,0.098018,0.000650,29287.952173,0.059000
2026-08-19,11:48:13,0.104461,0.098018,0.000650,29287.952823,0.059000
2026-08-19,11:48:13,0.114255,0.098018,0.000650,29287.953473,0.059000
2026-08-19,11:48:14,0.167138,0.098018,0.000650,29287.953473,0.059000
2026-08-19,11:48:15,0.104461,0.095962,0.000650,29287.954123,0.059000
2026-08-19,11:48:15,0.104461,0.095962,0.000630,29287.954753,0.059000
2026-08-19,11:48:16,0.143308,0.095962,0.000630,29287.954753,0.059000
2026-08-19,11:48:17,0.083569,0.093900,0.000630,29287.955383,0.059000
2026-08-19,11:48:17,0.187704,0.093900,0.000620,29287.956003,0.059000
2026-08-19,11:48:18,0.187704,0.096011,0.000630,29287.956003,0.059000
2026-08-19,11:48:19,0.104461,0.096011,0.000630,29287.956633,0.059000
2026-08-19,11:48:19,0.146246,0.096011,0.000630,29287.957263,0.059000
2026-08-19,11:48:20,0.167138,0.096011,0.000630,29287.957263,0.059000
2026-08-19,11:48:21,0.104461,0.093986,0.000630,29287.957893,0.059000
2026-08-19,11:48:21,0.104461,0.093986,0.000620,29287.958513,0.059000
2026-08-19,11:48:22,0.154734,0.093986,0.000620,29287.958513,0.059000
2026-08-19,11:48:23,0.125027,0.093986,0.000620,29287.959133,0.059000
2026-08-19,11:48:23,0.145593,0.093986,0.000620,29287.959753,0.059000
2026-08-19,11:48:24,0.145593,0.093986,0.000620,29287.959753,0.059000
2026-08-19,11:48:24,0.146573,0.093986,0.000620,29287.960373,0.059000
2026-08-19,11:48:25,0.102829,0.093986,0.000620,29287.960993,0.059000
2026-08-19,11:48:26,0.123108,0.093986,0.000620,29287.960993,0.059000
2026-08-19,11:48:26,0.171382,0.093986,0.000620,29287.961613,0.059000
2026-08-19,11:48:27,0.171382,0.091924,0.000620,29287.962233,0.059000
2026-08-19,11:48:28,0.083569,0.091924,0.000620,29287.962233,0.059000
2026-08-19,11:48:28,0.083569,0.089602,0.000590,29287.962823,0.059000
2026-08-19,11:48:29,0.081051,0.089372,0.000590,29287.963413,0.059000
2026-08-19,11:48:30,0.082709,0.089456,0.000590,29287.963413,0.059000
2026-08-19,11:48:30,0.082709,0.089456,0.000590,29287.964003,0.059000
2026-08-19,11:48:31,0.105010,0.091621,0.000600,29287.964603,0.059000
2026-08-19,11:48:32,0.102597,0.093546,0.000600,29287.964603,0.059000
2026-08-19,11:48:32,0.109330,0.094033,0.000620,29287.965223,0.059000
2026-08-19,11:48:33,0.109330,0.097987,0.000650,29287.965873,0.059000
2026-08-19,11:48:34,0.123116,0.097987,0.000650,29287.965873,0.059000
2026-08-19,11:48:34,0.104190,0.097960,0.000650,29287.966523,0.059000
2026-08-19,11:48:35,0.145866,0.097960,0.000650,29287.967173,0.059000
2026-08-19,11:48:36,0.083352,0.095849,0.000650,29287.967173,0.059000
2026-08-19,11:48:36,0.083352,0.097752,0.000630,29287.967803,0.059000
2026-08-19,11:48:37,0.102597,0.097752,0.000640,29287.968443,0.059000
2026-08-19,11:48:38,0.123116,0.101707,0.000640,29287.968443,0.059000
2026-08-19,11:48:38,0.098108,0.103412,0.000680,29287.969123,0.059000
2026-08-19,11:48:39,0.205194,0.103412,0.000680,29287.969803,0.059000
2026-08-19,11:48:40,0.205194,0.103412,0.000680,29287.969803,0.059000
2026-08-19,11:48:40,0.156781,0.103412,0.000680,29287.970483,0.059000
2026-08-19,11:48:41,0.122796,0.103412,0.000680,29287.971163,0.059000
2026-08-19,11:48:42,0.082077,0.103349,0.000680,29287.971163,0.059000
2026-08-19,11:48:42,0.082077,0.101205,0.000680,29287.971843,0.059000
2026-08-19,11:48:43,0.083569,0.101205,0.000680,29287.972523,0.059000
2026-08-19,11:48:44,0.176851,0.101205,0.000670,29287.972523,0.059000
2026-08-19,11:48:44,0.122804,0.103226,0.000680,29287.973193,0.059000
2026-08-19,11:48:45,0.142952,0.106588,0.000680,29287.973873,0.059000
2026-08-19,11:48:46,0.142952,0.106588,0.000700,29287.973873,0.059000
2026-08-19,11:48:46,0.081870,0.106588,0.000700,29287.974573,0.059000
2026-08-19,11:48:47,0.081870,0.106588,0.000700,29287.975273,0.059000
2026-08-19,11:48:48,0.114170,0.105694,0.000700,29287.975273,0.059000
2026-08-19,11:48:48,0.114170,0.105508,0.000700,29287.975973,0.059000
2026-08-19,11:48:49,0.102337,0.105508,0.000700,29287.976673,0.059000
2026-08-19,11:48:50,0.082509,0.105424,0.000700,29287.976673,0.059000
2026-08-19,11:48:50,0.115287,0.105424,0.000700,29287.977373,0.059000
2026-08-19,11:48:51,0.187056,0.105424,0.000700,29287.978073,0.059000
2026-08-19,11:48:52,0.187056,0.105424,0.000700,29287.978073,0.059000
2026-08-19,11:48:52,0.081663,0.103331,0.000680,29287.978773,0.059000
2026-08-19,11:48:53,0.102079,0.101227,0.000680,29287.979453,0.059000
2026-08-19,11:48:54,0.142911,0.101227,0.000670,29287.979453,0.059000
2026-08-19,11:48:54,0.142911,0.101227,0.000670,29287.980123,0.059000
2026-08-19,11:48:55,0.145540,0.101227,0.000670,29287.980793,0.059000
2026-08-19,11:48:56,0.145540,0.101227,0.000670,29287.980793,0.059000
2026-08-19,11:48:56,0.081051,0.099521,0.000660,29287.981463,0.059000
2026-08-19,11:48:57,0.141792,0.099521,0.000660,29287.982123,0.059000
2026-08-19,11:48:58,0.141792,0.099563,0.000660,29287.982123,0.059000
2026-08-19,11:48:58,0.082497,0.099563,0.000660,29287.982783,0.059000
2026-08-19,11:48:59,0.104735,0.101680,0.000670,29287.983453,0.059000
2026-08-19,11:49:00,0.146629,0.101680,0.000670,29287.983453,0.059000
2026-08-19,11:49:00,0.144370,0.101680,0.000670,29287.984123,0.059000
2026-08-19,11:49:01,0.144370,0.101680,0.000670,29287.984793,0.059000
2026-08-19,11:49:02,0.123745,0.101680,0.000670,29287.984793,0.059000
2026-08-19,11:49:02,0.147401,0.101680,0.000670,29287.985463,0.059000
2026-08-19,11:49:03,0.147401,0.101680,0.000670,29287.986133,0.059000
2026-08-19,11:49:04,0.147401,0.101680,0.000670,29287.986133,0.059000
2026-08-19,11:49:04,0.103652,0.101680,0.000670,29287.986803,0.059000
2026-08-19,11:49:05,0.199854,0.101680,0.000670,29287.987473,0.059000
2026-08-19,11:49:06,0.124383,0.101838,0.000670,29287.987473,0.059000
2026-08-19,11:49:06,0.103652,0.097908,0.000670,29287.988143,0.059000
2026-08-19,11:49:07,0.103652,0.097908,0.000650,29287.988143,0.059000
2026-08-19,11:49:08,0.186574,0.097908,0.000650,29287.988793,0.059000
2026-08-19,11:49:08,0.082922,0.094783,0.000650,29287.989443,0.059000
2026-08-19,11:49:09,0.099117,0.094461,0.000620,29287.989443,0.059000
2026-08-19,11:49:10,0.099117,0.094502,0.000620,29287.990063,0.059000
2026-08-19,11:49:10,0.082922,0.094502,0.000620,29287.990683,0.059000
2026-08-19,11:49:11,0.162604,0.094502,0.000620,29287.990683,0.059000
2026-08-19,11:49:12,0.144465,0.094502,0.000620,29287.991303,0.059000
2026-08-19,11:49:12,0.082922,0.094628,0.000620,29287.991923,0.059000
2026-08-19,11:49:13,0.082922,0.094628,0.000620,29287.991923,0.059000
2026-08-19,11:49:14,0.165844,0.094628,0.000620,29287.992543,0.059000
2026-08-19,11:49:14,0.186250,0.094628,0.000620,29287.993163,0.059000
2026-08-19,11:49:15,0.082922,0.092712,0.000610,29287.993163,0.059000
2026-08-19,11:49:16,0.103652,0.094972,0.000610,29287.993773,0.059000
2026-08-19,11:49:16,0.103652,0.094972,0.000630,29287.994403,0.059000
2026-08-19,11:49:17,0.082922,0.095015,0.000630,29287.994403,0.059000
2026-08-19,11:49:18,0.091640,0.093705,0.000630,29287.995033,0.059000
2026-08-19,11:49:18,0.083136,0.089581,0.000620,29287.995653,0.059000
2026-08-19,11:49:19,0.083136,0.087659,0.000580,29287.995653,0.059000
2026-08-19,11:49:20,0.084435,0.087659,0.000580,29287.996233,0.059000
2026-08-19,11:49:20,0.086059,0.087973,0.000580,29287.996813,0.059000
2026-08-19,11:49:21,0.083136,0.086375,0.000570,29287.996813,0.059000
2026-08-19,11:49:22,0.124704,0.086375,0.000570,29287.997383,0.059000
2026-08-19,11:49:22,0.124704,0.086396,0.000570,29287.997953,0.059000
2026-08-19,11:49:23,0.083136,0.086396,0.000570,29287.997953,0.059000
2026-08-19,11:49:24,0.124704,0.086396,0.000570,29287.998523,0.059000
2026-08-19,11:49:24,0.103920,0.086396,0.000570,29287.999093,0.059000
2026-08-19,11:49:25,0.124704,0.086396,0.000570,29287.999093,0.059000
2026-08-19,11:49:26,0.124704,0.086396,0.000570,29287.999663,0.059000
2026-08-19,11:49:26,0.083136,0.086417,0.000570,29288.000233,0.059000
2026-08-19,11:49:27,0.085129,0.086638,0.000570,29288.000233,0.059000
2026-08-19,11:49:28,0.082497,0.084523,0.000570,29288.000803,0.059000
2026-08-19,11:49:28,0.082497,0.084480,0.000560,29288.001363,0.059000
2026-08-19,11:49:29,0.082497,0.084480,0.000560,29288.001363,0.059000
2026-08-19,11:49:30,0.125682,0.084480,0.000560,29288.001923,0.059000
2026-08-19,11:49:30,0.104735,0.084480,0.000560,29288.002483,0.059000
2026-08-19,11:49:31,0.123423,0.084480,0.000560,29288.002483,0.059000
2026-08-19,11:49:32,0.123423,0.084480,0.000560,29288.003043,0.059000
2026-08-19,11:49:32,0.120523,0.084480,0.000560,29288.003603,0.059000
2026-08-19,11:49:33,0.123745,0.084480,0.000560,29288.003603,0.059000
2026-08-19,11:49:34,0.103121,0.084480,0.000560,29288.004163,0.059000
2026-08-19,11:49:34,0.103121,0.084480,0.000560,29288.004723,0.059000
2026-08-19,11:49:35,0.139536,0.084480,0.000560,29288.004723,0.059000
2026-08-19,11:49:36,0.144370,0.084480,0.000560,29288.005283,0.059000
2026-08-19,11:49:36,0.103121,0.084480,0.000560,29288.005843,0.059000
2026-08-19,11:49:37,0.118912,0.084480,0.000560,29288.005843,0.059000
2026-08-19,11:49:37,0.118912,0.084480,0.000560,29288.006403,0.059000
2026-08-19,11:49:38,0.099899,0.084480,0.000560,29288.006963,0.059000
2026-08-19,11:49:39,0.121881,0.084480,0.000560,29288.006963,0.059000
2026-08-19,11:49:39,0.124059,0.084480,0.000560,29288.007523,0.059000
2026-08-19,11:49:40,0.082922,0.083608,0.000550,29288.008073,0.059000
2026-08-19,11:49:41,0.082922,0.083608,0.000550,29288.008073,0.059000
2026-08-19,11:49:41,0.165520,0.083608,0.000550,29288.008623,0.059000
2026-08-19,11:49:42,0.082922,0.083587,0.000550,29288.009173,0.059000
2026-08-19,11:49:43,0.082922,0.083436,0.000550,29288.009173,0.059000
2026-08-19,11:49:43,0.082922,0.083436,0.000550,29288.009723,0.059000
2026-08-19,11:49:44,0.144789,0.083436,0.000550,29288.010273,0.059000
2026-08-19,11:49:45,0.186250,0.083436,0.000550,29288.010273,0.059000
2026-08-19,11:49:45,0.082922,0.083122,0.000550,29288.010823,0.059000
2026-08-19,11:49:46,0.103652,0.085173,0.000550,29288.011373,0.059000
2026-08-19,11:49:47,0.103652,0.085173,0.000560,29288.011373,0.059000
2026-08-19,11:49:47,0.135072,0.085173,0.000560,29288.011933,0.059000
2026-08-19,11:49:48,0.082922,0.085152,0.000560,29288.012493,0.059000
2026-08-19,11:49:49,0.082922,0.085131,0.000560,29288.012493,0.059000
2026-08-19,11:49:49,0.082922,0.084910,0.000560,29288.013053,0.059000
2026-08-19,11:49:50,0.082922,0.084910,0.000560,29288.013613,0.059000
2026-08-19,11:49:51,0.145437,0.084910,0.000560,29288.013613,0.059000
2026-08-19,11:49:51,0.186574,0.084910,0.000560,29288.014173,0.059000
2026-08-19,11:49:52,0.082922,0.084952,0.000560,29288.014733,0.059000
2026-08-19,11:49:53,0.082922,0.084952,0.000560,29288.014733,0.059000
2026-08-19,11:49:53,0.082922,0.084995,0.000560,29288.015293,0.059000
2026-08-19,11:49:54,0.103652,0.087068,0.000560,29288.015853,0.059000
2026-08-19,11:49:55,0.145113,0.087068,0.000570,29288.015853,0.059000
2026-08-19,11:49:55,0.145113,0.087068,0.000570,29288.016423,0.059000
2026-08-19,11:49:56,0.207304,0.087068,0.000570,29288.016423,0.059000
2026-08-19,11:49:57,0.082922,0.087068,0.000570,29288.016993,0.059000
2026-08-19,11:49:57,0.120496,0.087068,0.000570,29288.017563,0.059000
2026-08-19,11:49:58,0.082922,0.087068,0.000570,29288.017563,0.059000
2026-08-19,11:49:59,0.082922,0.087068,0.000570,29288.018133,0.059000
2026-08-19,11:49:59,0.145113,0.087068,0.000570,29288.018703,0.059000
2026-08-19,11:50:00,0.140254,0.087068,0.000570,29288.018703,0.059000
2026-08-19,11:50:01,0.084541,0.087230,0.000580,29288.019273,0.059000
2026-08-19,11:50:01,0.084541,0.087230,0.000580,29288.019853,0.059000
2026-08-19,11:50:02,0.124383,0.087230,0.000580,29288.019853,0.059000
2026-08-19,11:50:03,0.137201,0.087230,0.000580,29288.020433,0.059000
2026-08-19,11:50:03,0.185618,0.087230,0.000580,29288.021013,0.059000
2026-08-19,11:50:04,0.105055,0.087370,0.000580,29288.021013,0.059000
2026-08-19,11:50:05,0.105055,0.087370,0.000580,29288.021593,0.059000
2026-08-19,11:50:05,0.144370,0.087370,0.000580,29288.022173,0.059000
2026-08-19,11:50:06,0.125682,0.087370,0.000580,29288.022173,0.059000
2026-08-19,11:50:07,0.162916,0.087370,0.000580,29288.022753,0.059000
2026-08-19,11:50:07,0.162916,0.087370,0.000580,29288.023333,0.059000
2026-08-19,11:50:08,0.142551,0.087370,0.000580,29288.023333,0.059000
2026-08-19,11:50:09,0.113277,0.087370,0.000580,29288.023913,0.059000
2026-08-19,11:50:09,0.112689,0.087370,0.000580,29288.024493,0.059000
2026-08-19,11:50:10,0.103920,0.087370,0.000580,29288.024493,0.059000
2026-08-19,11:50:11,0.103920,0.087370,0.000580,29288.025073,0.059000
2026-08-19,11:50:11,0.081870,0.087370,0.000580,29288.025653,0.059000
2026-08-19,11:50:12,0.115769,0.087370,0.000580,29288.025653,0.059000
2026-08-19,11:50:13,0.163739,0.087370,0.000580,29288.026233,0.059000
2026-08-19,11:50:13,0.163739,0.087370,0.000580,29288.026813,0.059000
2026-08-19,11:50:14,0.114255,0.087370,0.000580,29288.026813,0.059000
2026-08-19,11:50:14,0.081254,0.087370,0.000580,29288.027393,0.059000
2026-08-19,11:50:15,0.164994,0.087370,0.000580,29288.027973,0.059000
2026-08-19,11:50:16,0.123745,0.087370,0.000580,29288.027973,0.059000
2026-08-19,11:50:16,0.123745,0.087370,0.000580,29288.028553,0.059000
2026-08-19,11:50:17,0.123745,0.087370,0.000580,29288.029133,0.059000
2026-08-19,11:50:18,0.084229,0.087501,0.000580,29288.029133,0.059000
2026-08-19,11:50:18,0.185296,0.087501,0.000580,29288.029713,0.059000
2026-08-19,11:50:19,0.185296,0.087501,0.000580,29288.030293,0.059000
2026-08-19,11:50:20,0.127935,0.087501,0.000580,29288.030293,0.059000
2026-08-19,11:50:20,0.082497,0.087458,0.000580,29288.030873,0.059000
2026-08-19,11:50:21,0.164672,0.087458,0.000580,29288.031453,0.059000
2026-08-19,11:50:22,0.144047,0.087458,0.000580,29288.031453,0.059000
2026-08-19,11:50:22,0.144047,0.087458,0.000580,29288.032033,0.059000
2026-08-19,11:50:23,0.158871,0.087458,0.000580,29288.032613,0.059000
2026-08-19,11:50:24,0.206242,0.087458,0.000580,29288.032613,0.059000
2026-08-19,11:50:24,0.103121,0.089478,0.000580,29288.033193,0.059000
2026-08-19,11:50:25,0.103121,0.089478,0.000590,29288.033783,0.059000
2026-08-19,11:50:26,0.144370,0.089478,0.000590,29288.033783,0.059000
2026-08-19,11:50:26,0.118267,0.089478,0.000590,29288.034373,0.059000
2026-08-19,11:50:27,0.089264,0.089478,0.000590,29288.034963,0.059000
2026-08-19,11:50:28,0.164994,0.089478,0.000590,29288.034963,0.059000
2026-08-19,11:50:28,0.164994,0.089478,0.000590,29288.035553,0.059000
2026-08-19,11:50:29,0.103121,0.091498,0.000600,29288.035553,0.059000
2026-08-19,11:50:30,0.122456,0.095452,0.000600,29288.036153,0.059000
2026-08-19,11:50:30,0.082497,0.095452,0.000630,29288.036783,0.059000
2026-08-19,11:50:31,0.082497,0.095452,0.000630,29288.036783,0.059000
2026-08-19,11:50:32,0.143655,0.095452,0.000630,29288.037413,0.059000
2026-08-19,11:50:32,0.081051,0.093192,0.000610,29288.038023,0.059000
2026-08-19,11:50:33,0.162103,0.093192,0.000610,29288.038023,0.059000
2026-08-19,11:50:34,0.174984,0.093192,0.000610,29288.038633,0.059000
2026-08-19,11:50:34,0.174984,0.095212,0.000610,29288.039243,0.059000
2026-08-19,11:50:35,0.103121,0.095212,0.000610,29288.039243,0.059000
2026-08-19,11:50:36,0.144370,0.095212,0.000630,29288.039873,0.059000
2026-08-19,11:50:36,0.156938,0.095212,0.000630,29288.040503,0.059000
2026-08-19,11:50:37,0.156938,0.095212,0.000630,29288.040503,0.059000
2026-08-19,11:50:38,0.123745,0.095212,0.000630,29288.041133,0.059000
2026-08-19,11:50:38,0.082497,0.095169,0.000630,29288.041763,0.059000
2026-08-19,11:50:39,0.123423,0.095169,0.000630,29288.041763,0.059000
2026-08-19,11:50:40,0.116656,0.095169,0.000630,29288.042393,0.059000
2026-08-19,11:50:40,0.116656,0.095169,0.000630,29288.043023,0.059000
2026-08-19,11:50:41,0.123745,0.095169,0.000630,29288.043023,0.059000
2026-08-19,11:50:42,0.112467,0.095169,0.000630,29288.043653,0.059000
2026-08-19,11:50:42,0.164994,0.095169,0.000630,29288.044283,0.059000
2026-08-19,11:50:43,0.082497,0.094965,0.000630,29288.044283,0.059000
2026-08-19,11:50:44,0.082497,0.094965,0.000630,29288.044913,0.059000
2026-08-19,11:50:44,0.104735,0.094933,0.000630,29288.045543,0.059000
2026-08-19,11:50:45,0.146301,0.094933,0.000630,29288.045543,0.059000
2026-08-19,11:50:46,0.082497,0.094759,0.000630,29288.046173,0.059000
2026-08-19,11:50:46,0.082497,0.094759,0.000630,29288.046803,0.059000
2026-08-19,11:50:47,0.123745,0.094759,0.000630,29288.046803,0.059000
2026-08-19,11:50:48,0.144370,0.094759,0.000630,29288.047433,0.059000
2026-08-19,11:50:48,0.144047,0.094759,0.000630,29288.048063,0.059000
2026-08-19,11:50:49,0.144370,0.094759,0.000630,29288.048063,0.059000
2026-08-19,11:50:50,0.144370,0.094759,0.000630,29288.048693,0.059000
2026-08-19,11:50:50,0.102154,0.094759,0.000630,29288.049323,0.059000
2026-08-19,11:50:51,0.096354,0.094759,0.000630,29288.049323,0.059000
2026-08-19,11:50:51,0.123423,0.094759,0.000630,29288.049953,0.059000
2026-08-19,11:50:52,0.123423,0.094759,0.000630,29288.050583,0.059000
2026-08-19,11:50:53,0.123745,0.094759,0.000630,29288.050583,0.059000
2026-08-19,11:50:53,0.164672,0.094759,0.000630,29288.051213,0.059000
2026-08-19,11:50:54,0.123745,0.094759,0.000630,29288.051843,0.059000
2026-08-19,11:50:55,0.164994,0.094759,0.000630,29288.051843,0.059000
2026-08-19,11:50:55,0.164994,0.094759,0.000640,29288.052473,0.059000
2026-08-19,11:50:56,0.103121,0.096822,0.000640,29288.053113,0.059000
2026-08-19,11:50:57,0.123745,0.098884,0.000650,29288.053113,0.059000
2026-08-19,11:50:57,0.082497,0.098884,0.000650,29288.053763,0.059000
2026-08-19,11:50:58,0.082497,0.098884,0.000650,29288.054413,0.059000
2026-08-19,11:50:59,0.144370,0.098884,0.000650,29288.054413,0.059000
2026-08-19,11:50:59,0.123423,0.098884,0.000650,29288.055063,0.059000
2026-08-19,11:51:00,0.121812,0.098884,0.000650,29288.055713,0.059000
2026-08-19,11:51:01,0.082497,0.096822,0.000640,29288.055713,0.059000
2026-08-19,11:51:01,0.082497,0.092826,0.000640,29288.056353,0.059000
2026-08-19,11:51:02,0.082497,0.092826,0.000610,29288.056963,0.059000
2026-08-19,11:51:03,0.123745,0.092826,0.000610,29288.056963,0.059000
2026-08-19,11:51:03,0.309041,0.092826,0.000610,29288.057573,0.059000
2026-08-19,11:51:04,0.164994,0.092826,0.000610,29288.058183,0.059000
2026-08-19,11:51:05,0.164994,0.092826,0.000610,29288.058183,0.059000
2026-08-19,11:51:05,0.109566,0.095677,0.000610,29288.058793,0.059000
2026-08-19,11:51:06,0.130835,0.098449,0.000650,29288.059443,0.059000
2026-08-19,11:51:07,0.164672,0.106666,0.000700,29288.059443,0.059000
2026-08-19,11:51:07,0.164672,0.113321,0.000700,29288.060143,0.059000
2026-08-19,11:51:08,0.149043,0.113321,0.000750,29288.060893,0.059000
2026-08-19,11:51:09,0.187704,0.121618,0.000800,29288.060893,0.059000
2026-08-19,11:51:09,0.125027,0.121618,0.000800,29288.061693,0.059000
2026-08-19,11:51:10,0.140787,0.121618,0.000800,29288.062493,0.059000
2026-08-19,11:51:11,0.140787,0.121618,0.000800,29288.062493,0.059000
2026-08-19,11:51:11,0.123430,0.121618,0.000800,29288.063293,0.059000
2026-08-19,11:51:12,0.123108,0.121618,0.000800,29288.063293,0.059000
2026-08-19,11:51:13,0.082287,0.121618,0.000800,29288.064093,0.059000
2026-08-19,11:51:13,0.082287,0.125068,0.000800,29288.064893,0.059000
2026-08-19,11:51:14,0.117001,0.125068,0.000830,29288.064893,0.059000
2026-08-19,11:51:15,0.102858,0.125042,0.000830,29288.065723,0.059000
2026-08-19,11:51:15,0.164252,0.125042,0.000830,29288.066553,0.059000
2026-08-19,11:51:16,0.102858,0.122953,0.000810,29288.067363,0.059000
2026-08-19,11:51:17,0.102858,0.122953,0.000810,29288.067363,0.059000
2026-08-19,11:51:17,0.144001,0.122953,0.000810,29288.068173,0.059000
2026-08-19,11:51:18,0.119251,0.122953,0.000810,29288.068173,0.059000
2026-08-19,11:51:19,0.082287,0.122953,0.000810,29288.068983,0.059000
2026-08-19,11:51:19,0.082287,0.122953,0.000810,29288.069793,0.059000
2026-08-19,11:51:20,0.082287,0.122953,0.000810,29288.069793,0.059000
2026-08-19,11:51:21,0.105430,0.122953,0.000810,29288.070603,0.059000
2026-08-19,11:51:21,0.105010,0.122953,0.000810,29288.071413,0.059000
2026-08-19,11:51:22,0.086961,0.122953,0.000810,29288.071413,0.059000
2026-08-19,11:51:23,0.086961,0.122953,0.000810,29288.072223,0.059000
2026-08-19,11:51:23,0.102858,0.122953,0.000810,29288.073033,0.059000
2026-08-19,11:51:24,0.082287,0.122953,0.000810,29288.073033,0.059000
2026-08-19,11:51:25,0.121180,0.126821,0.000810,29288.073843,0.059000
2026-08-19,11:51:25,0.123430,0.130915,0.000840,29288.074683,0.059000
2026-08-19,11:51:26,0.123430,0.132301,0.000870,29288.074683,0.059000
2026-08-19,11:51:27,0.123430,0.132301,0.000870,29288.075553,0.059000
2026-08-19,11:51:27,0.082287,0.132301,0.000870,29288.076423,0.059000
2026-08-19,11:51:28,0.144001,0.133618,0.000880,29288.076423,0.059000
2026-08-19,11:51:29,0.102858,0.127436,0.000880,29288.077303,0.059000
2026-08-19,11:51:29,0.102858,0.127436,0.000840,29288.078143,0.059000
2026-08-19,11:51:30,0.164252,0.127436,0.000840,29288.078143,0.059000
2026-08-19,11:51:31,0.164252,0.127436,0.000840,29288.078983,0.059000
2026-08-19,11:51:31,0.085820,0.127436,0.000840,29288.079823,0.059000
2026-08-19,11:51:32,0.085820,0.127436,0.000840,29288.079823,0.059000
2026-08-19,11:51:33,0.084229,0.127436,0.000840,29288.080663,0.059000
2026-08-19,11:51:33,0.105286,0.127436,0.000840,29288.081503,0.059000
2026-08-19,11:51:34,0.124383,0.127436,0.000840,29288.081503,0.059000
2026-08-19,11:51:35,0.145113,0.127436,0.000840,29288.082343,0.059000
2026-08-19,11:51:35,0.145113,0.127436,0.000840,29288.083183,0.059000
2026-08-19,11:51:36,0.081663,0.127436,0.000840,29288.083183,0.059000
2026-08-19,11:51:37,0.132174,0.125749,0.000830,29288.084013,0.059000
2026-08-19,11:51:37,0.145164,0.121495,0.000800,29288.084813,0.059000
2026-08-19,11:51:38,0.145164,0.121064,0.000800,29288.084813,0.059000
2026-08-19,11:51:39,0.112689,0.121064,0.000800,29288.085613,0.059000
2026-08-19,11:51:39,0.124704,0.123249,0.000810,29288.086423,0.059000
2026-08-19,11:51:40,0.145488,0.127512,0.000810,29288.086423,0.059000
2026-08-19,11:51:41,0.083136,0.127512,0.000840,29288.087263,0.059000
2026-08-19,11:51:41,0.083136,0.127512,0.000840,29288.088103,0.059000
2026-08-19,11:51:42,0.103920,0.127512,0.000840,29288.088103,0.059000
2026-08-19,11:51:43,0.083136,0.127512,0.000840,29288.088943,0.059000
2026-08-19,11:51:43,0.160102,0.131404,0.000870,29288.089813,0.059000
2026-08-19,11:51:44,0.166272,0.135688,0.000870,29288.089813,0.059000
2026-08-19,11:51:45,0.166272,0.135688,0.000900,29288.090713,0.059000
2026-08-19,11:51:45,0.103920,0.135688,0.000900,29288.091613,0.059000
2026-08-19,11:51:46,0.166272,0.139972,0.000900,29288.091613,0.059000
2026-08-19,11:51:47,0.124704,0.138043,0.000910,29288.092513,0.059000
2026-08-19,11:51:47,0.124704,0.138043,0.000910,29288.093423,0.059000
2026-08-19,11:51:48,0.187056,0.138043,0.000910,29288.093423,0.059000
2026-08-19,11:51:49,0.165948,0.138043,0.000910,29288.094333,0.059000
2026-08-19,11:51:49,0.118859,0.138043,0.000910,29288.095243,0.059000
2026-08-19,11:51:50,0.107168,0.138043,0.000910,29288.095243,0.059000
2026-08-19,11:51:51,0.107168,0.138043,0.000910,29288.096153,0.059000
2026-08-19,11:51:51,0.083136,0.138043,0.000910,29288.097063,0.059000
2026-08-19,11:51:52,0.162375,0.143994,0.000950,29288.097063,0.059000
2026-08-19,11:51:53,0.081870,0.143994,0.000950,29288.098013,0.059000
2026-08-19,11:51:53,0.122485,0.143026,0.000950,29288.098963,0.059000
2026-08-19,11:51:54,0.122485,0.143026,0.000950,29288.098963,0.059000
2026-08-19,11:51:55,0.106697,0.139179,0.000920,29288.099913,0.059000
2026-08-19,11:51:55,0.083136,0.136224,0.000920,29288.100833,0.059000
2026-08-19,11:51:56,0.145164,0.136224,0.000900,29288.100833,0.059000
2026-08-19,11:51:57,0.145164,0.136224,0.000900,29288.101733,0.059000
2026-08-19,11:51:57,0.134122,0.136224,0.000900,29288.102633,0.059000
2026-08-19,11:51:58,0.103920,0.136224,0.000900,29288.102633,0.059000
2026-08-19,11:51:59,0.113662,0.136224,0.000900,29288.103533,0.059000
2026-08-19,11:51:59,0.105565,0.136224,0.000900,29288.104433,0.059000
2026-08-19,11:52:00,0.105565,0.136224,0.000900,29288.104433,0.059000
2026-08-19,11:52:01,0.088715,0.136224,0.000900,29288.105333,0.059000
2026-08-19,11:52:01,0.083569,0.136224,0.000900,29288.106233,0.059000
2026-08-19,11:52:02,0.083569,0.136224,0.000900,29288.106233,0.059000
2026-08-19,11:52:03,0.083569,0.136224,0.000900,29288.107133,0.059000
2026-08-19,11:52:03,0.083569,0.136224,0.000900,29288.108033,0.059000
2026-08-19,11:52:04,0.125354,0.136289,0.000900,29288.108033,0.059000
2026-08-19,11:52:05,0.205659,0.136289,0.000900,29288.108933,0.059000
2026-08-19,11:52:05,0.125027,0.134243,0.000900,29288.109833,0.059000
2026-08-19,11:52:06,0.125027,0.127177,0.000890,29288.109833,0.059000
2026-08-19,11:52:07,0.089445,0.127177,0.000890,29288.110723,0.059000
2026-08-19,11:52:07,0.083569,0.118907,0.000790,29288.111513,0.059000
2026-08-19,11:52:08,0.099238,0.112203,0.000740,29288.111513,0.059000
2026-08-19,11:52:09,0.125354,0.112268,0.000740,29288.112253,0.059000
2026-08-19,11:52:09,0.125354,0.112268,0.000740,29288.112993,0.059000
2026-08-19,11:52:10,0.081870,0.112268,0.000740,29288.112993,0.059000
2026-08-19,11:52:11,0.102337,0.112268,0.000740,29288.113733,0.059000
2026-08-19,11:52:11,0.143272,0.110358,0.000740,29288.114473,0.059000
2026-08-19,11:52:12,0.143272,0.114451,0.000760,29288.114473,0.059000
2026-08-19,11:52:13,0.163419,0.114451,0.000760,29288.115233,0.059000
2026-08-19,11:52:13,0.103920,0.114451,0.000760,29288.115993,0.059000
2026-08-19,11:52:14,0.166272,0.114451,0.000760,29288.115993,0.059000
2026-08-19,11:52:15,0.083136,0.112095,0.000760,29288.116753,0.059000
2026-08-19,11:52:15,0.083136,0.112095,0.000740,29288.117493,0.059000
2026-08-19,11:52:16,0.083136,0.112095,0.000740,29288.117493,0.059000
2026-08-19,11:52:17,0.145164,0.112095,0.000740,29288.118233,0.059000
2026-08-19,11:52:17,0.124704,0.112095,0.000740,29288.118973,0.059000
2026-08-19,11:52:18,0.124704,0.112095,0.000740,29288.118973,0.059000
2026-08-19,11:52:18,0.145488,0.112095,0.000740,29288.119713,0.059000
2026-08-19,11:52:19,0.173742,0.112095,0.000740,29288.120453,0.059000
2026-08-19,11:52:20,0.124704,0.112095,0.000740,29288.120453,0.059000
2026-08-19,11:52:20,0.083136,0.107873,0.000740,29288.121193,0.059000
2026-08-19,11:52:21,0.083136,0.107873,0.000710,29288.121193,0.059000
2026-08-19,11:52:22,0.121782,0.107873,0.000710,29288.121903,0.059000
2026-08-19,11:52:22,0.124380,0.107873,0.000710,29288.122613,0.059000
2026-08-19,11:52:23,0.084452,0.103816,0.000690,29288.122613,0.059000
2026-08-19,11:52:24,0.084452,0.103142,0.000690,29288.123303,0.059000
2026-08-19,11:52:24,0.082709,0.103142,0.000680,29288.123983,0.059000
2026-08-19,11:52:25,0.124063,0.103142,0.000680,29288.123983,0.059000
2026-08-19,11:52:26,0.123740,0.103142,0.000680,29288.124663,0.059000
2026-08-19,11:52:26,0.103386,0.103142,0.000680,29288.125343,0.059000
2026-08-19,11:52:27,0.103386,0.103142,0.000680,29288.125343,0.059000
2026-08-19,11:52:28,0.082709,0.103142,0.000680,29288.126023,0.059000
2026-08-19,11:52:28,0.150556,0.103142,0.000680,29288.126703,0.059000
2026-08-19,11:52:29,0.105001,0.105285,0.000700,29288.126703,0.059000
2026-08-19,11:52:30,0.105001,0.105285,0.000700,29288.127403,0.059000
2026-08-19,11:52:30,0.144417,0.105285,0.000700,29288.128103,0.059000
2026-08-19,11:52:31,0.123740,0.105285,0.000700,29288.128103,0.059000
2026-08-19,11:52:32,0.124063,0.105285,0.000700,29288.128803,0.059000
2026-08-19,11:52:32,0.103386,0.105285,0.000700,29288.129503,0.059000
2026-08-19,11:52:33,0.103386,0.105285,0.000700,29288.129503,0.059000
2026-08-19,11:52:34,0.082709,0.105285,0.000700,29288.130203,0.059000
2026-08-19,11:52:34,0.144740,0.105285,0.000700,29288.130903,0.059000
2026-08-19,11:52:35,0.144740,0.105285,0.000700,29288.130903,0.059000
2026-08-19,11:52:36,0.144740,0.105285,0.000700,29288.131603,0.059000
2026-08-19,11:52:36,0.147014,0.105285,0.000700,29288.132303,0.059000
2026-08-19,11:52:37,0.147014,0.105285,0.000700,29288.132303,0.059000
2026-08-19,11:52:38,0.163834,0.105285,0.000700,29288.133003,0.059000
2026-08-19,11:52:38,0.102597,0.105621,0.000700,29288.133703,0.059000
2026-08-19,11:52:39,0.102597,0.105621,0.000700,29288.133703,0.059000
2026-08-19,11:52:40,0.153575,0.105621,0.000700,29288.134403,0.059000
2026-08-19,11:52:40,0.082077,0.101294,0.000670,29288.135073,0.059000
2026-08-19,11:52:41,0.143636,0.101294,0.000670,29288.135073,0.059000
2026-08-19,11:52:42,0.143636,0.095174,0.000670,29288.135743,0.059000
2026-08-19,11:52:42,0.082077,0.095174,0.000590,29288.136333,0.059000
2026-08-19,11:52:43,0.102597,0.089092,0.000590,29288.136333,0.059000
2026-08-19,11:52:44,0.208597,0.089092,0.000590,29288.136923,0.059000
2026-08-19,11:52:44,0.104461,0.091224,0.000590,29288.137523,0.059000
2026-08-19,11:52:45,0.104461,0.091224,0.000600,29288.137523,0.059000
2026-08-19,11:52:46,0.083569,0.091268,0.000600,29288.138123,0.059000
2026-08-19,11:52:46,0.166812,0.091268,0.000600,29288.138723,0.059000
2026-08-19,11:52:47,0.157672,0.091268,0.000600,29288.138723,0.059000
2026-08-19,11:52:48,0.157672,0.091268,0.000600,29288.139323,0.059000
2026-08-19,11:52:48,0.166812,0.091268,0.000600,29288.139923,0.059000
2026-08-19,11:52:49,0.083569,0.091311,0.000600,29288.139923,0.059000
2026-08-19,11:52:50,0.102858,0.093152,0.000610,29288.140523,0.059000
2026-08-19,11:52:50,0.164573,0.093152,0.000610,29288.141133,0.059000
2026-08-19,11:52:51,0.164573,0.093109,0.000610,29288.141133,0.059000
2026-08-19,11:52:51,0.082287,0.093109,0.000610,29288.141743,0.059000
2026-08-19,11:52:52,0.123430,0.093109,0.000610,29288.141743,0.059000
2026-08-19,11:52:53,0.169716,0.093109,0.000610,29288.142353,0.059000
2026-08-19,11:52:53,0.169716,0.093109,0.000610,29288.142963,0.059000
2026-08-19,11:52:54,0.123430,0.093109,0.000610,29288.142963,0.059000
2026-08-19,11:52:55,0.084229,0.091032,0.000600,29288.143573,0.059000
2026-08-19,11:52:55,0.103121,0.091085,0.000600,29288.144173,0.059000
2026-08-19,11:52:56,0.123423,0.095219,0.000600,29288.144173,0.059000
2026-08-19,11:52:57,0.123423,0.099386,0.000630,29288.144773,0.059000
2026-08-19,11:52:57,0.123745,0.099386,0.000630,29288.145403,0.059000
2026-08-19,11:52:58,0.138247,0.102951,0.000680,29288.145403,0.059000
2026-08-19,11:52:59,0.082497,0.102951,0.000680,29288.146083,0.059000
2026-08-19,11:52:59,0.082497,0.102951,0.000680,29288.146763,0.059000
2026-08-19,11:53:00,0.082497,0.102951,0.000680,29288.146763,0.059000
2026-08-19,11:53:01,0.147791,0.102951,0.000680,29288.147443,0.059000
2026-08-19,11:53:01,0.082287,0.100734,0.000680,29288.148123,0.059000
2026-08-19,11:53:02,0.102858,0.102662,0.000660,29288.148123,0.059000
2026-08-19,11:53:03,0.102858,0.102662,0.000680,29288.148783,0.059000
2026-08-19,11:53:03,0.143680,0.102662,0.000680,29288.149463,0.059000
2026-08-19,11:53:04,0.164573,0.102662,0.000680,29288.149463,0.059000
2026-08-19,11:53:05,0.082287,0.102534,0.000680,29288.150143,0.059000
2026-08-19,11:53:05,0.106072,0.102856,0.000680,29288.150823,0.059000
2026-08-19,11:53:06,0.106072,0.102856,0.000680,29288.150823,0.059000
2026-08-19,11:53:07,0.123430,0.106970,0.000710,29288.151503,0.059000
2026-08-19,11:53:07,0.105565,0.109104,0.000710,29288.152213,0.059000
2026-08-19,11:53:08,0.084452,0.107237,0.000710,29288.152213,0.059000
2026-08-19,11:53:09,0.084452,0.107237,0.000710,29288.152923,0.059000
2026-08-19,11:53:09,0.162916,0.107237,0.000710,29288.153633,0.059000
2026-08-19,11:53:10,0.208054,0.107237,0.000710,29288.153633,0.059000
2026-08-19,11:53:11,0.145866,0.107237,0.000710,29288.154343,0.059000
2026-08-19,11:53:11,0.083352,0.103229,0.000710,29288.155053,0.059000
2026-08-19,11:53:12,0.083352,0.103229,0.000680,29288.155053,0.059000
2026-08-19,11:53:13,0.083352,0.099190,0.000680,29288.155733,0.059000
2026-08-19,11:53:13,0.228892,0.099190,0.000650,29288.156383,0.059000
2026-08-19,11:53:14,0.145866,0.099190,0.000650,29288.156383,0.059000
2026-08-19,11:53:15,0.145866,0.099190,0.000650,29288.157033,0.059000
2026-08-19,11:53:15,0.187542,0.099190,0.000650,29288.157683,0.059000
2026-08-19,11:53:16,0.187542,0.099190,0.000650,29288.157683,0.059000
2026-08-19,11:53:17,0.217497,0.099190,0.000650,29288.158333,0.059000
2026-08-19,11:53:17,0.208054,0.099190,0.000650,29288.158983,0.059000
2026-08-19,11:53:18,0.208054,0.099190,0.000630,29288.158983,0.059000
2026-08-19,11:53:19,0.102597,0.095625,0.000630,29288.159613,0.059000
2026-08-19,11:53:19,0.143636,0.095625,0.000630,29288.160243,0.059000
2026-08-19,11:53:20,0.082077,0.095604,0.000630,29288.160243,0.059000
2026-08-19,11:53:21,0.082077,0.095578,0.000630,29288.160873,0.059000
2026-08-19,11:53:21,0.102597,0.095578,0.000630,29288.161503,0.059000
2026-08-19,11:53:22,0.114255,0.098775,0.000650,29288.161503,0.059000
2026-08-19,11:53:23,0.146246,0.102792,0.000650,29288.162153,0.059000
2026-08-19,11:53:23,0.104461,0.100895,0.000670,29288.162823,0.059000
2026-08-19,11:53:24,0.104461,0.100895,0.000670,29288.162823,0.059000
2026-08-19,11:53:25,0.082077,0.098547,0.000650,29288.163473,0.059000
2026-08-19,11:53:25,0.110292,0.098547,0.000650,29288.164123,0.059000
2026-08-19,11:53:26,0.104735,0.098547,0.000650,29288.164123,0.059000
2026-08-19,11:53:27,0.104735,0.098547,0.000650,29288.164773,0.059000
2026-08-19,11:53:27,0.082077,0.098547,0.000650,29288.165423,0.059000
2026-08-19,11:53:28,0.286950,0.098547,0.000650,29288.165423,0.059000
2026-08-19,11:53:29,0.102597,0.100361,0.000660,29288.166083,0.059000
2026-08-19,11:53:29,0.163834,0.100361,0.000660,29288.166743,0.059000
2026-08-19,11:53:30,0.163834,0.100361,0.000660,29288.166743,0.059000
2026-08-19,11:53:31,0.122796,0.100361,0.000660,29288.167403,0.059000
2026-08-19,11:53:31,0.082077,0.100234,0.000660,29288.167403,0.059000
2026-08-19,11:53:32,0.143636,0.100234,0.000660,29288.168063,0.059000
2026-08-19,11:53:33,0.125354,0.100234,0.000660,29288.168723,0.059000
2026-08-19,11:53:33,0.125354,0.100234,0.000660,29288.168723,0.059000
2026-08-19,11:53:34,0.125354,0.100234,0.000660,29288.169383,0.059000
2026-08-19,11:53:35,0.146246,0.100234,0.000660,29288.170043,0.059000
2026-08-19,11:53:35,0.082287,0.100127,0.000660,29288.170043,0.059000
2026-08-19,11:53:36,0.082287,0.098096,0.000660,29288.170703,0.059000
2026-08-19,11:53:37,0.082287,0.098096,0.000650,29288.171353,0.059000
2026-08-19,11:53:37,0.165833,0.098096,0.000650,29288.171353,0.059000
2026-08-19,11:53:38,0.208597,0.098096,0.000650,29288.172003,0.059000
2026-08-19,11:53:39,0.145920,0.098096,0.000650,29288.172653,0.059000
2026-08-19,11:53:39,0.145920,0.098096,0.000650,29288.172653,0.059000
2026-08-19,11:53:40,0.133515,0.098096,0.000650,29288.173303,0.059000
2026-08-19,11:53:41,0.125354,0.098096,0.000650,29288.173953,0.059000
2026-08-19,11:53:41,0.125354,0.098096,0.000650,29288.173953,0.059000
2026-08-19,11:53:42,0.088466,0.098096,0.000650,29288.174603,0.059000
2026-08-19,11:53:43,0.088466,0.098096,0.000650,29288.175253,0.059000
2026-08-19,11:53:43,0.124374,0.102326,0.000650,29288.175253,0.059000
2026-08-19,11:53:44,0.145920,0.106658,0.000700,29288.175953,0.059000
2026-08-19,11:53:45,0.082287,0.106658,0.000700,29288.176653,0.059000
2026-08-19,11:53:45,0.082287,0.106658,0.000700,29288.176653,0.059000
2026-08-19,11:53:46,0.189017,0.106658,0.000700,29288.177353,0.059000
2026-08-19,11:53:47,0.087528,0.103985,0.000690,29288.178043,0.059000
2026-08-19,11:53:47,0.104735,0.099834,0.000690,29288.178043,0.059000
2026-08-19,11:53:48,0.102597,0.099648,0.000660,29288.178703,0.059000
2026-08-19,11:53:49,0.102597,0.099648,0.000660,29288.179363,0.059000
2026-08-19,11:53:49,0.162872,0.099648,0.000660,29288.179363,0.059000
2026-08-19,11:53:50,0.083352,0.099775,0.000660,29288.180023,0.059000
2026-08-19,11:53:50,0.145866,0.099775,0.000660,29288.180683,0.059000
2026-08-19,11:53:51,0.145866,0.097851,0.000660,29288.180683,0.059000
2026-08-19,11:53:52,0.083352,0.097851,0.000650,29288.181343,0.059000
2026-08-19,11:53:52,0.145866,0.097851,0.000650,29288.181993,0.059000
2026-08-19,11:53:53,0.145866,0.097851,0.000650,29288.181993,0.059000
2026-08-19,11:53:54,0.145866,0.097851,0.000650,29288.182643,0.059000
2026-08-19,11:53:54,0.145866,0.097851,0.000650,29288.183293,0.059000
2026-08-19,11:53:55,0.166378,0.097851,0.000650,29288.183293,0.059000
2026-08-19,11:53:56,0.148389,0.097851,0.000650,29288.183943,0.059000
2026-08-19,11:53:56,0.122485,0.097851,0.000650,29288.184593,0.059000
2026-08-19,11:53:57,0.122804,0.097851,0.000650,29288.184593,0.059000
2026-08-19,11:53:58,0.122804,0.097851,0.000650,29288.185243,0.059000
2026-08-19,11:53:58,0.204674,0.097851,0.000650,29288.185893,0.059000
2026-08-19,11:53:59,0.143272,0.097851,0.000650,29288.185893,0.059000
2026-08-19,11:54:00,0.368413,0.097851,0.000650,29288.186543,0.059000
2026-08-19,11:54:00,0.122804,0.101924,0.000650,29288.187193,0.059000
2026-08-19,11:54:01,0.122804,0.101924,0.000670,29288.187193,0.059000
2026-08-19,11:54:02,0.102337,0.103929,0.000690,29288.187863,0.059000
2026-08-19,11:54:02,0.142952,0.103929,0.000690,29288.188553,0.059000
2026-08-19,11:54:03,0.118191,0.103929,0.000690,29288.188553,0.059000
2026-08-19,11:54:04,0.118191,0.103929,0.000690,29288.189243,0.059000
2026-08-19,11:54:04,0.145540,0.103929,0.000690,29288.189933,0.059000
2026-08-19,11:54:05,0.124702,0.103929,0.000690,29288.189933,0.059000
2026-08-19,11:54:06,0.107406,0.103929,0.000690,29288.190623,0.059000
2026-08-19,11:54:06,0.083569,0.103929,0.000690,29288.191313,0.059000
2026-08-19,11:54:07,0.083569,0.103929,0.000690,29288.191313,0.059000
2026-08-19,11:54:08,0.199130,0.103929,0.000690,29288.192003,0.059000
2026-08-19,11:54:08,0.208597,0.103929,0.000690,29288.192693,0.059000
2026-08-19,11:54:09,0.104461,0.106146,0.000700,29288.192693,0.059000
2026-08-19,11:54:10,0.104461,0.106146,0.000700,29288.193393,0.059000
2026-08-19,11:54:10,0.187704,0.106146,0.000700,29288.194093,0.059000
2026-08-19,11:54:11,0.198803,0.106146,0.000700,29288.194093,0.059000
2026-08-19,11:54:12,0.146246,0.106146,0.000700,29288.194793,0.059000
2026-08-19,11:54:12,0.102337,0.103942,0.000700,29288.195493,0.059000
2026-08-19,11:54:13,0.102337,0.103942,0.000690,29288.195493,0.059000
2026-08-19,11:54:14,0.145488,0.103942,0.000690,29288.196183,0.059000
2026-08-19,11:54:14,0.176664,0.103942,0.000690,29288.196873,0.059000
2026-08-19,11:54:15,0.187056,0.103942,0.000690,29288.196873,0.059000
2026-08-19,11:54:16,0.124380,0.101788,0.000690,29288.197563,0.059000
2026-08-19,11:54:16,0.124380,0.101788,0.000670,29288.198233,0.059000
2026-08-19,11:54:17,0.186732,0.101788,0.000670,29288.198233,0.059000
2026-08-19,11:54:18,0.083136,0.101349,0.000670,29288.198903,0.059000
2026-08-19,11:54:18,0.117688,0.101349,0.000670,29288.199573,0.059000
2026-08-19,11:54:19,0.117688,0.101349,0.000670,29288.199573,0.059000
2026-08-19,11:54:20,0.114255,0.101349,0.000670,29288.200243,0.059000
2026-08-19,11:54:20,0.104461,0.101349,0.000670,29288.200913,0.059000
2026-08-19,11:54:21,0.102858,0.101349,0.000670,29288.200913,0.059000
2026-08-19,11:54:22,0.105430,0.101349,0.000670,29288.201583,0.059000
2026-08-19,11:54:22,0.105430,0.101349,0.000670,29288.202253,0.059000
2026-08-19,11:54:23,0.123430,0.101349,0.000670,29288.202253,0.059000
2026-08-19,11:54:24,0.123108,0.101349,0.000670,29288.202923,0.059000
2026-08-19,11:54:24,0.164252,0.101349,0.000670,29288.203593,0.059000
2026-08-19,11:54:25,0.164252,0.101161,0.000670,29288.203593,0.059000
2026-08-19,11:54:26,0.102858,0.101161,0.000670,29288.204263,0.059000
2026-08-19,11:54:26,0.125683,0.103470,0.000680,29288.204943,0.059000
2026-08-19,11:54:27,0.147014,0.109836,0.000730,29288.204943,0.059000
2026-08-19,11:54:28,0.126012,0.114102,0.000730,29288.205673,0.059000
2026-08-19,11:54:28,0.126012,0.114102,0.000750,29288.206423,0.059000
2026-08-19,11:54:29,0.144370,0.116259,0.000750,29288.206423,0.059000
2026-08-19,11:54:30,0.085397,0.116259,0.000770,29288.207193,0.059000
2026-08-19,11:54:30,0.123423,0.118367,0.000780,29288.207973,0.059000
2026-08-19,11:54:31,0.123423,0.119941,0.000780,29288.207973,0.059000
2026-08-19,11:54:32,0.120201,0.119941,0.000790,29288.208763,0.059000
2026-08-19,11:54:32,0.144047,0.124112,0.000820,29288.209583,0.059000
2026-08-19,11:54:33,0.084008,0.124112,0.000820,29288.209583,0.059000
2026-08-19,11:54:34,0.100087,0.124112,0.000820,29288.210403,0.059000
2026-08-19,11:54:34,0.100087,0.124112,0.000820,29288.211223,0.059000
2026-08-19,11:54:35,0.186392,0.124112,0.000820,29288.211223,0.059000
2026-08-19,11:54:36,0.081870,0.124112,0.000820,29288.212043,0.059000
2026-08-19,11:54:36,0.083788,0.124112,0.000820,29288.212863,0.059000
2026-08-19,11:54:37,0.123745,0.124049,0.000820,29288.212863,0.059000
2026-08-19,11:54:38,0.123745,0.124049,0.000820,29288.213683,0.059000
2026-08-19,11:54:38,0.082497,0.124049,0.000820,29288.214503,0.059000
2026-08-19,11:54:39,0.144047,0.130140,0.000820,29288.214503,0.059000
2026-08-19,11:54:40,0.103121,0.130166,0.000860,29288.215363,0.059000
2026-08-19,11:54:40,0.103121,0.129973,0.000860,29288.215363,0.059000
2026-08-19,11:54:41,0.123745,0.129973,0.000860,29288.216223,0.059000
2026-08-19,11:54:42,0.103121,0.125583,0.000830,29288.217053,0.059000
2026-08-19,11:54:42,0.082497,0.121232,0.000830,29288.217053,0.059000
2026-08-19,11:54:43,0.123745,0.121232,0.000800,29288.217853,0.059000
2026-08-19,11:54:44,0.123745,0.121232,0.000800,29288.218653,0.059000
2026-08-19,11:54:44,0.108599,0.121232,0.000800,29288.218653,0.059000
2026-08-19,11:54:45,0.114722,0.121232,0.000800,29288.219453,0.059000
2026-08-19,11:54:46,0.144370,0.121232,0.000800,29288.220253,0.059000
2026-08-19,11:54:46,0.144370,0.121232,0.000800,29288.220253,0.059000
2026-08-19,11:54:47,0.113433,0.121232,0.000800,29288.221053,0.059000
2026-08-19,11:54:48,0.144370,0.121232,0.000800,29288.221853,0.059000
2026-08-19,11:54:48,0.123745,0.121232,0.000800,29288.221853,0.059000
2026-08-19,11:54:49,0.123423,0.121232,0.000800,29288.222653,0.059000
2026-08-19,11:54:50,0.123423,0.121232,0.000800,29288.223453,0.059000
2026-08-19,11:54:50,0.123745,0.121232,0.000800,29288.223453,0.059000
2026-08-19,11:54:51,0.123423,0.124358,0.000820,29288.224253,0.059000
2026-08-19,11:54:52,0.144047,0.126388,0.000840,29288.225073,0.059000
2026-08-19,11:54:52,0.144047,0.125840,0.000840,29288.225073,0.059000
2026-08-19,11:54:53,0.103121,0.125840,0.000830,29288.225913,0.059000
2026-08-19,11:54:53,0.082497,0.122618,0.000810,29288.226743,0.059000
2026-08-19,11:54:54,0.103121,0.118493,0.000810,29288.226743,0.059000
2026-08-19,11:54:55,0.217979,0.118493,0.000780,29288.227553,0.059000
2026-08-19,11:54:55,0.217979,0.118493,0.000780,29288.228333,0.059000
2026-08-19,11:54:56,0.083788,0.115528,0.000760,29288.228333,0.059000
2026-08-19,11:54:57,0.082287,0.109320,0.000720,29288.229093,0.059000
2026-08-19,11:54:57,0.102858,0.107231,0.000720,29288.229813,0.059000
2026-08-19,11:54:58,0.102858,0.107231,0.000710,29288.229813,0.059000
2026-08-19,11:54:59,0.202181,0.107231,0.000710,29288.230523,0.059000
2026-08-19,11:54:59,0.102858,0.105175,0.000710,29288.231233,0.059000
2026-08-19,11:55:00,0.102858,0.103086,0.000680,29288.231233,0.059000
2026-08-19,11:55:01,0.125682,0.103312,0.000680,29288.231913,0.059000
2026-08-19,11:55:01,0.125682,0.099380,0.000680,29288.232593,0.059000
2026-08-19,11:55:02,0.104735,0.099380,0.000660,29288.232593,0.059000
2026-08-19,11:55:03,0.122495,0.101318,0.000670,29288.233253,0.059000
2026-08-19,11:55:03,0.206311,0.101318,0.000670,29288.233923,0.059000
2026-08-19,11:55:04,0.206311,0.101425,0.000670,29288.233923,0.059000
2026-08-19,11:55:05,0.083569,0.101425,0.000670,29288.234593,0.059000
2026-08-19,11:55:05,0.128237,0.101425,0.000670,29288.235263,0.059000
2026-08-19,11:55:06,0.111649,0.101425,0.000670,29288.235263,0.059000
2026-08-19,11:55:07,0.186732,0.101425,0.000670,29288.235933,0.059000
2026-08-19,11:55:07,0.186732,0.099427,0.000670,29288.236603,0.059000
2026-08-19,11:55:08,0.083136,0.099427,0.000660,29288.236603,0.059000
2026-08-19,11:55:09,0.081870,0.099235,0.000660,29288.237263,0.059000
2026-08-19,11:55:09,0.122804,0.099235,0.000650,29288.237913,0.059000
2026-08-19,11:55:10,0.104461,0.099235,0.000650,29288.237913,0.059000
2026-08-19,11:55:11,0.104461,0.099235,0.000650,29288.238563,0.059000
2026-08-19,11:55:11,0.083569,0.099235,0.000650,29288.239213,0.059000
2026-08-19,11:55:12,0.122796,0.103286,0.000680,29288.239213,0.059000
2026-08-19,11:55:13,0.205194,0.103286,0.000680,29288.239893,0.059000
2026-08-19,11:55:13,0.205194,0.104318,0.000680,29288.240573,0.059000
2026-08-19,11:55:14,0.113177,0.104318,0.000690,29288.240573,0.059000
2026-08-19,11:55:15,0.204873,0.104318,0.000690,29288.241263,0.059000
2026-08-19,11:55:15,0.082077,0.102239,0.000670,29288.241933,0.059000
2026-08-19,11:55:16,0.169605,0.102239,0.000670,29288.241933,0.059000
2026-08-19,11:55:17,0.169605,0.102239,0.000670,29288.242603,0.059000
2026-08-19,11:55:17,0.102597,0.102213,0.000670,29288.242603,0.059000
2026-08-19,11:55:18,0.123116,0.101957,0.000670,29288.243273,0.059000
2026-08-19,11:55:19,0.082077,0.101957,0.000670,29288.243943,0.059000
2026-08-19,11:55:19,0.082077,0.103986,0.000670,29288.243943,0.059000
2026-08-19,11:55:20,0.125028,0.103986,0.000670,29288.244613,0.059000
2026-08-19,11:55:21,0.122796,0.104016,0.000690,29288.245303,0.059000
2026-08-19,11:55:21,0.149184,0.110578,0.000730,29288.245303,0.059000
2026-08-19,11:55:22,0.125354,0.114799,0.000730,29288.246033,0.059000
2026-08-19,11:55:23,0.125354,0.114799,0.000760,29288.246793,0.059000
2026-08-19,11:55:23,0.163326,0.114799,0.000760,29288.246793,0.059000
2026-08-19,11:55:24,0.081663,0.114779,0.000760,29288.247553,0.059000
2026-08-19,11:55:25,0.083788,0.110878,0.000760,29288.248313,0.059000
2026-08-19,11:55:25,0.083788,0.107939,0.000710,29288.248313,0.059000
2026-08-19,11:55:26,0.083788,0.107939,0.000710,29288.249023,0.059000
2026-08-19,11:55:27,0.123718,0.107939,0.000710,29288.249733,0.059000
2026-08-19,11:55:27,0.081870,0.107918,0.000710,29288.249733,0.059000
2026-08-19,11:55:28,0.122804,0.107918,0.000710,29288.250443,0.059000
2026-08-19,11:55:29,0.122804,0.107918,0.000710,29288.251153,0.059000
2026-08-19,11:55:29,0.102337,0.107918,0.000710,29288.251153,0.059000
2026-08-19,11:55:30,0.102337,0.107918,0.000710,29288.251863,0.059000
2026-08-19,11:55:31,0.102337,0.107918,0.000710,29288.252573,0.059000
2026-08-19,11:55:31,0.102337,0.107918,0.000710,29288.252573,0.059000
2026-08-19,11:55:32,0.156775,0.107918,0.000710,29288.253283,0.059000
2026-08-19,11:55:33,0.104735,0.108132,0.000710,29288.253993,0.059000
2026-08-19,11:55:33,0.104735,0.106294,0.000700,29288.253993,0.059000
2026-08-19,11:55:34,0.146629,0.106294,0.000700,29288.254693,0.059000
2026-08-19,11:55:35,0.146629,0.106294,0.000700,29288.255393,0.059000
2026-08-19,11:55:35,0.122796,0.106294,0.000700,29288.255393,0.059000
2026-08-19,11:55:36,0.083352,0.102126,0.000670,29288.256063,0.059000
2026-08-19,11:55:37,0.083352,0.098182,0.000650,29288.256713,0.059000
2026-08-19,11:55:37,0.083352,0.091599,0.000650,29288.256713,0.059000
2026-08-19,11:55:38,0.083352,0.091599,0.000600,29288.257313,0.059000
2026-08-19,11:55:39,0.083352,0.087399,0.000580,29288.257893,0.059000
2026-08-19,11:55:39,0.124377,0.087399,0.000580,29288.257893,0.059000
2026-08-19,11:55:40,0.104516,0.087399,0.000580,29288.258473,0.059000
2026-08-19,11:55:40,0.104516,0.087399,0.000580,29288.259053,0.059000
2026-08-19,11:55:41,0.122804,0.087399,0.000580,29288.259053,0.059000
2026-08-19,11:55:42,0.143272,0.087399,0.000580,29288.259633,0.059000
2026-08-19,11:55:42,0.122485,0.087399,0.000580,29288.260213,0.059000
2026-08-19,11:55:43,0.102337,0.087399,0.000580,29288.260213,0.059000
2026-08-19,11:55:44,0.102337,0.087399,0.000580,29288.260793,0.059000
2026-08-19,11:55:44,0.102657,0.087399,0.000580,29288.261373,0.059000
2026-08-19,11:55:45,0.190522,0.087399,0.000580,29288.261373,0.059000
2026-08-19,11:55:46,0.082077,0.087440,0.000580,29288.261953,0.059000
2026-08-19,11:55:46,0.082077,0.087269,0.000580,29288.262533,0.059000
2026-08-19,11:55:47,0.082077,0.087269,0.000580,29288.262533,0.059000
2026-08-19,11:55:48,0.128955,0.087269,0.000580,29288.263113,0.059000
2026-08-19,11:55:48,0.104735,0.087269,0.000580,29288.263693,0.059000
2026-08-19,11:55:49,0.146301,0.087269,0.000580,29288.263693,0.059000
2026-08-19,11:55:50,0.146301,0.087269,0.000580,29288.264273,0.059000
2026-08-19,11:55:50,0.103121,0.087269,0.000580,29288.264853,0.059000
2026-08-19,11:55:51,0.099899,0.087269,0.000580,29288.264853,0.059000
2026-08-19,11:55:52,0.082497,0.087269,0.000580,29288.265433,0.059000
2026-08-19,11:55:52,0.146301,0.087269,0.000580,29288.266013,0.059000
2026-08-19,11:55:53,0.146301,0.087269,0.000580,29288.266013,0.059000
2026-08-19,11:55:54,0.144370,0.087269,0.000580,29288.266593,0.059000
2026-08-19,11:55:54,0.082497,0.087140,0.000580,29288.267173,0.059000
2026-08-19,11:55:55,0.144370,0.087140,0.000570,29288.267173,0.059000
2026-08-19,11:55:56,0.144370,0.087203,0.000570,29288.267743,0.059000
2026-08-19,11:55:56,0.082497,0.087203,0.000570,29288.268313,0.059000
2026-08-19,11:55:57,0.164994,0.087203,0.000570,29288.268313,0.059000
2026-08-19,11:55:58,0.123745,0.087203,0.000570,29288.268883,0.059000
2026-08-19,11:55:58,0.144047,0.087203,0.000570,29288.269453,0.059000
2026-08-19,11:55:59,0.144047,0.084979,0.000570,29288.269453,0.059000
2026-08-19,11:56:00,0.082497,0.084979,0.000560,29288.270023,0.059000
2026-08-19,11:56:00,0.185618,0.084979,0.000560,29288.270583,0.059000
2026-08-19,11:56:01,0.103121,0.084817,0.000560,29288.270583,0.059000
2026-08-19,11:56:02,0.082497,0.084732,0.000560,29288.271143,0.059000
2026-08-19,11:56:02,0.082497,0.084732,0.000560,29288.271703,0.059000
2026-08-19,11:56:03,0.123745,0.084732,0.000560,29288.271703,0.059000
2026-08-19,11:56:04,0.123423,0.084732,0.000560,29288.272263,0.059000
2026-08-19,11:56:04,0.205920,0.084732,0.000560,29288.272823,0.059000
2026-08-19,11:56:05,0.205920,0.084732,0.000560,29288.272823,0.059000
2026-08-19,11:56:06,0.144370,0.084732,0.000560,29288.273383,0.059000
2026-08-19,11:56:06,0.103121,0.084732,0.000560,29288.273943,0.059000
2026-08-19,11:56:07,0.147592,0.084732,0.000560,29288.273943,0.059000
2026-08-19,11:56:08,0.084008,0.084798,0.000560,29288.274503,0.059000
2026-08-19,11:56:08,0.084008,0.084798,0.000560,29288.275063,0.059000
2026-08-19,11:56:09,0.084008,0.084863,0.000560,29288.275063,0.059000
2026-08-19,11:56:10,0.144370,0.084863,0.000560,29288.275623,0.059000
2026-08-19,11:56:10,0.153070,0.084863,0.000560,29288.276183,0.059000
2026-08-19,11:56:11,0.153070,0.084778,0.000560,29288.276183,0.059000
2026-08-19,11:56:12,0.082497,0.084778,0.000560,29288.276743,0.059000
2026-08-19,11:56:12,0.113433,0.084778,0.000560,29288.277303,0.059000
2026-08-19,11:56:13,0.139466,0.084778,0.000560,29288.277303,0.059000
2026-08-19,11:56:14,0.082709,0.084841,0.000560,29288.277863,0.059000
2026-08-19,11:56:14,0.082709,0.084841,0.000560,29288.278423,0.059000
2026-08-19,11:56:15,0.185771,0.084841,0.000560,29288.278423,0.059000
2026-08-19,11:56:16,0.144094,0.084841,0.000560,29288.278983,0.059000
2026-08-19,11:56:16,0.118571,0.084841,0.000560,29288.279543,0.059000
2026-08-19,11:56:17,0.082709,0.084904,0.000560,29288.279543,0.059000
2026-08-19,11:56:18,0.082709,0.084904,0.000560,29288.280103,0.059000
2026-08-19,11:56:18,0.082709,0.084925,0.000560,29288.280663,0.059000
2026-08-19,11:56:19,0.085293,0.085205,0.000560,29288.280663,0.059000
2026-08-19,11:56:20,0.124063,0.085205,0.000560,29288.281223,0.059000
2026-08-19,11:56:20,0.124063,0.085226,0.000560,29288.281783,0.059000
2026-08-19,11:56:21,0.082709,0.085226,0.000560,29288.281783,0.059000
2026-08-19,11:56:22,0.132140,0.085226,0.000560,29288.282343,0.059000
2026-08-19,11:56:22,0.082709,0.083185,0.000550,29288.282893,0.059000
2026-08-19,11:56:23,0.123740,0.083185,0.000550,29288.282893,0.059000
2026-08-19,11:56:24,0.123740,0.083185,0.000550,29288.283443,0.059000
2026-08-19,11:56:24,0.144740,0.083185,0.000550,29288.283993,0.059000
2026-08-19,11:56:25,0.103386,0.083185,0.000550,29288.283993,0.059000
2026-08-19,11:56:26,0.082709,0.083185,0.000550,29288.284543,0.059000
2026-08-19,11:56:26,0.082709,0.083185,0.000550,29288.284543,0.059000
2026-08-19,11:56:27,0.082709,0.083185,0.000550,29288.285093,0.059000
2026-08-19,11:56:28,0.144740,0.083185,0.000550,29288.285643,0.059000
2026-08-19,11:56:28,0.139248,0.083185,0.000550,29288.285643,0.059000
2026-08-19,11:56:29,0.105286,0.083185,0.000550,29288.286193,0.059000
2026-08-19,11:56:30,0.105286,0.083185,0.000550,29288.286743,0.059000
2026-08-19,11:56:30,0.126344,0.083185,0.000550,29288.286743,0.059000
2026-08-19,11:56:31,0.126344,0.083185,0.000550,29288.287293,0.059000
2026-08-19,11:56:32,0.126015,0.083185,0.000550,29288.287843,0.059000
2026-08-19,11:56:32,0.123745,0.083185,0.000550,29288.287843,0.059000
2026-08-19,11:56:33,0.123745,0.083185,0.000550,29288.288393,0.059000
2026-08-19,11:56:34,0.082497,0.083185,0.000550,29288.288943,0.059000
2026-08-19,11:56:34,0.123745,0.083185,0.000550,29288.288943,0.059000
2026-08-19,11:56:35,0.169183,0.083185,0.000550,29288.289493,0.059000
2026-08-19,11:56:36,0.169183,0.084258,0.000550,29288.290043,0.059000
2026-08-19,11:56:36,0.094743,0.084258,0.000550,29288.290043,0.059000
2026-08-19,11:56:37,0.123745,0.084258,0.000560,29288.290603,0.059000
2026-08-19,11:56:38,0.081254,0.083983,0.000550,29288.291153,0.059000
2026-08-19,11:56:38,0.081254,0.083858,0.000550,29288.291153,0.059000
2026-08-19,11:56:39,0.081254,0.083858,0.000550,29288.291703,0.059000
2026-08-19,11:56:40,0.105845,0.083858,0.000550,29288.292253,0.059000
2026-08-19,11:56:40,0.159987,0.083858,0.000550,29288.292253,0.059000
2026-08-19,11:56:41,0.163834,0.083858,0.000550,29288.292803,0.059000
2026-08-19,11:56:42,0.163834,0.083858,0.000550,29288.293353,0.059000
2026-08-19,11:56:42,0.164155,0.083858,0.000550,29288.293353,0.059000
2026-08-19,11:56:43,0.123116,0.083858,0.000550,29288.293903,0.059000
2026-08-19,11:56:44,0.164155,0.083858,0.000550,29288.294453,0.059000
2026-08-19,11:56:44,0.082077,0.083795,0.000550,29288.294453,0.059000
2026-08-19,11:56:45,0.082077,0.083732,0.000550,29288.295003,0.059000
2026-08-19,11:56:46,0.082077,0.083732,0.000550,29288.295553,0.059000
2026-08-19,11:56:46,0.118498,0.083732,0.000550,29288.295553,0.059000
2026-08-19,11:56:47,0.104461,0.083732,0.000550,29288.296103,0.059000
2026-08-19,11:56:48,0.167138,0.083732,0.000550,29288.296653,0.059000
2026-08-19,11:56:48,0.167138,0.083732,0.000550,29288.296653,0.059000
2026-08-19,11:56:49,0.164155,0.083732,0.000550,29288.297203,0.059000
2026-08-19,11:56:50,0.143636,0.083732,0.000550,29288.297753,0.059000
2026-08-19,11:56:50,0.145866,0.083732,0.000550,29288.297753,0.059000
2026-08-19,11:56:51,0.145866,0.083797,0.000550,29288.298303,0.059000
2026-08-19,11:56:52,0.083352,0.083797,0.000550,29288.298853,0.059000
2026-08-19,11:56:52,0.083352,0.083602,0.000550,29288.298853,0.059000
2026-08-19,11:56:53,0.208054,0.083602,0.000550,29288.299403,0.059000
2026-08-19,11:56:54,0.083352,0.083667,0.000550,29288.299953,0.059000
2026-08-19,11:56:54,0.083352,0.083667,0.000550,29288.299953,0.059000
2026-08-19,11:56:55,0.104190,0.085815,0.000570,29288.300503,0.059000
2026-08-19,11:56:56,0.164155,0.085815,0.000570,29288.301073,0.059000
2026-08-19,11:56:56,0.082077,0.085773,0.000570,29288.301073,0.059000
2026-08-19,11:56:57,0.082077,0.085773,0.000570,29288.301643,0.059000
2026-08-19,11:56:58,0.146246,0.085773,0.000570,29288.302213,0.059000
2026-08-19,11:56:58,0.125354,0.085773,0.000570,29288.302213,0.059000
2026-08-19,11:56:59,0.083569,0.084656,0.000560,29288.302783,0.059000
2026-08-19,11:56:59,0.144001,0.084656,0.000560,29288.303343,0.059000
2026-08-19,11:57:00,0.144001,0.084656,0.000560,29288.303343,0.059000
2026-08-19,11:57:01,0.082287,0.084759,0.000560,29288.303903,0.059000
2026-08-19,11:57:01,0.082287,0.084862,0.000560,29288.304463,0.059000
2026-08-19,11:57:02,0.123108,0.084862,0.000560,29288.304463,0.059000
2026-08-19,11:57:03,0.123108,0.085011,0.000560,29288.305023,0.059000
2026-08-19,11:57:03,0.083569,0.085011,0.000560,29288.305583,0.059000
2026-08-19,11:57:04,0.083569,0.085160,0.000560,29288.305583,0.059000
2026-08-19,11:57:05,0.083569,0.085182,0.000560,29288.306143,0.059000
2026-08-19,11:57:05,0.125354,0.085182,0.000560,29288.306703,0.059000
2026-08-19,11:57:06,0.125354,0.085182,0.000560,29288.306703,0.059000
2026-08-19,11:57:07,0.125027,0.085182,0.000560,29288.307263,0.059000
2026-08-19,11:57:07,0.123116,0.085182,0.000560,29288.307263,0.059000
2026-08-19,11:57:08,0.147804,0.085182,0.000560,29288.307823,0.059000
2026-08-19,11:57:09,0.147804,0.085182,0.000560,29288.308383,0.059000
2026-08-19,11:57:09,0.164155,0.085182,0.000560,29288.308383,0.059000
2026-08-19,11:57:10,0.108368,0.087684,0.000580,29288.308943,0.059000
2026-08-19,11:57:11,0.139147,0.093263,0.000580,29288.309523,0.059000
2026-08-19,11:57:11,0.114283,0.094273,0.000620,29288.309523,0.059000
2026-08-19,11:57:12,0.114283,0.094273,0.000620,29288.310143,0.059000
2026-08-19,11:57:13,0.083352,0.094400,0.000620,29288.310763,0.059000
2026-08-19,11:57:13,0.104190,0.096462,0.000640,29288.310763,0.059000
2026-08-19,11:57:14,0.083352,0.096569,0.000640,29288.311403,0.059000
2026-08-19,11:57:15,0.083352,0.096569,0.000640,29288.312043,0.059000
2026-08-19,11:57:15,0.166378,0.096569,0.000640,29288.312043,0.059000
2026-08-19,11:57:16,0.083352,0.096675,0.000640,29288.312683,0.059000
2026-08-19,11:57:17,0.083352,0.096653,0.000640,29288.313323,0.059000
2026-08-19,11:57:17,0.083352,0.096632,0.000640,29288.313323,0.059000
2026-08-19,11:57:18,0.083352,0.096632,0.000640,29288.313963,0.059000
2026-08-19,11:57:19,0.125028,0.096632,0.000640,29288.314603,0.059000
2026-08-19,11:57:19,0.125028,0.096632,0.000640,29288.314603,0.059000
2026-08-19,11:57:20,0.145866,0.096632,0.000640,29288.315243,0.059000
2026-08-19,11:57:21,0.145866,0.096632,0.000640,29288.315883,0.059000
2026-08-19,11:57:21,0.106795,0.096632,0.000640,29288.315883,0.059000
2026-08-19,11:57:22,0.184674,0.096632,0.000640,29288.316523,0.059000
2026-08-19,11:57:23,0.143636,0.096632,0.000640,29288.317163,0.059000
2026-08-19,11:57:23,0.082077,0.096483,0.000640,29288.317163,0.059000
2026-08-19,11:57:24,0.082077,0.096483,0.000640,29288.317803,0.059000
2026-08-19,11:57:25,0.122796,0.096483,0.000640,29288.318443,0.059000
2026-08-19,11:57:25,0.102597,0.096483,0.000640,29288.318443,0.059000
2026-08-19,11:57:26,0.082077,0.096483,0.000640,29288.319083,0.059000
2026-08-19,11:57:27,0.082077,0.096483,0.000640,29288.319723,0.059000
2026-08-19,11:57:27,0.143636,0.096483,0.000620,29288.319723,0.059000
2026-08-19,11:57:28,0.084008,0.094047,0.000620,29288.320343,0.059000
2026-08-19,11:57:29,0.147014,0.094047,0.000620,29288.320963,0.059000
2026-08-19,11:57:29,0.105010,0.094047,0.000620,29288.320963,0.059000
2026-08-19,11:57:30,0.105010,0.094047,0.000620,29288.321583,0.059000
2026-08-19,11:57:31,0.084008,0.094047,0.000620,29288.322203,0.059000
2026-08-19,11:57:31,0.084008,0.094047,0.000620,29288.322203,0.059000
2026-08-19,11:57:32,0.126012,0.094047,0.000620,29288.322823,0.059000
2026-08-19,11:57:33,0.126012,0.094047,0.000620,29288.323443,0.059000
2026-08-19,11:57:33,0.123745,0.094047,0.000620,29288.323443,0.059000
2026-08-19,11:57:34,0.144047,0.094047,0.000620,29288.324063,0.059000
2026-08-19,11:57:35,0.144370,0.094047,0.000620,29288.324683,0.059000
2026-08-19,11:57:35,0.082497,0.088382,0.000620,29288.324683,0.059000
2026-08-19,11:57:36,0.082497,0.085203,0.000580,29288.325263,0.059000
2026-08-19,11:57:37,0.082497,0.085203,0.000560,29288.325823,0.059000
2026-08-19,11:57:37,0.082497,0.085117,0.000560,29288.325823,0.059000
2026-08-19,11:57:38,0.164994,0.085117,0.000560,29288.326383,0.059000
2026-08-19,11:57:39,0.113433,0.085117,0.000560,29288.326943,0.059000
2026-08-19,11:57:39,0.113433,0.085117,0.000560,29288.326943,0.059000
2026-08-19,11:57:40,0.082497,0.085117,0.000560,29288.327503,0.059000
2026-08-19,11:57:40,0.103121,0.085117,0.000560,29288.328063,0.059000
2026-08-19,11:57:41,0.082497,0.085117,0.000560,29288.328063,0.059000
2026-08-19,11:57:42,0.082497,0.085117,0.000560,29288.328623,0.059000
2026-08-19,11:57:42,0.144370,0.085117,0.000560,29288.329183,0.059000
2026-08-19,11:57:43,0.103121,0.085117,0.000560,29288.329183,0.059000
2026-08-19,11:57:44,0.103121,0.085117,0.000560,29288.329743,0.059000
2026-08-19,11:57:44,0.084676,0.085117,0.000560,29288.330303,0.059000
2026-08-19,11:57:45,0.084676,0.085117,0.000560,29288.330303,0.059000
2026-08-19,11:57:46,0.081663,0.085117,0.000560,29288.330863,0.059000
2026-08-19,11:57:46,0.081663,0.085117,0.000560,29288.330863,0.059000
2026-08-19,11:57:47,0.183742,0.085117,0.000560,29288.331423,0.059000
2026-08-19,11:57:48,0.183742,0.083077,0.000550,29288.331983,0.059000
2026-08-19,11:57:48,0.083788,0.083077,0.000550,29288.331983,0.059000
2026-08-19,11:57:49,0.083788,0.083121,0.000550,29288.332533,0.059000
2026-08-19,11:57:50,0.125682,0.083121,0.000550,29288.333083,0.059000
2026-08-19,11:57:50,0.106698,0.083121,0.000550,29288.333083,0.059000
2026-08-19,11:57:51,0.106698,0.083121,0.000550,29288.333633,0.059000
2026-08-19,11:57:52,0.125682,0.083121,0.000550,29288.334183,0.059000
2026-08-19,11:57:52,0.153502,0.083121,0.000550,29288.334183,0.059000
2026-08-19,11:57:53,0.082077,0.082993,0.000550,29288.334733,0.059000
2026-08-19,11:57:54,0.143956,0.082993,0.000550,29288.335283,0.059000
2026-08-19,11:57:54,0.143956,0.082993,0.000550,29288.335283,0.059000
2026-08-19,11:57:55,0.099391,0.084597,0.000560,29288.335833,0.059000
2026-08-19,11:57:56,0.082077,0.084470,0.000560,29288.336393,0.059000
2026-08-19,11:57:56,0.083352,0.084597,0.000560,29288.336393,0.059000
2026-08-19,11:57:57,0.083352,0.085223,0.000560,29288.336953,0.059000
2026-08-19,11:57:58,0.090269,0.085223,0.000560,29288.337513,0.059000
2026-08-19,11:57:58,0.112196,0.088193,0.000580,29288.337513,0.059000
2026-08-19,11:57:59,0.082497,0.088193,0.000580,29288.338093,0.059000
2026-08-19,11:58:00,0.116334,0.088193,0.000580,29288.338673,0.059000
2026-08-19,11:58:00,0.116334,0.088193,0.000580,29288.338673,0.059000
2026-08-19,11:58:01,0.096354,0.088193,0.000580,29288.339253,0.059000
2026-08-19,11:58:02,0.123745,0.088193,0.000580,29288.339833,0.059000
2026-08-19,11:58:02,0.126684,0.088193,0.000580,29288.339833,0.059000
2026-08-19,11:58:03,0.103386,0.088193,0.000580,29288.340413,0.059000
2026-08-19,11:58:04,0.103386,0.088193,0.000580,29288.340993,0.059000
2026-08-19,11:58:04,0.124386,0.088193,0.000580,29288.340993,0.059000
2026-08-19,11:58:05,0.144417,0.088193,0.000580,29288.341573,0.059000
2026-08-19,11:58:06,0.144740,0.088193,0.000580,29288.342153,0.059000
2026-08-19,11:58:06,0.144740,0.088193,0.000580,29288.342153,0.059000
2026-08-19,11:58:07,0.124063,0.088193,0.000580,29288.342733,0.059000
2026-08-19,11:58:08,0.124063,0.122817,0.000580,29288.343313,0.059000
2026-08-19,11:58:08,0.124063,0.123590,0.000820,29288.343313,0.059000
2026-08-19,11:58:09,0.082709,0.123590,0.000820,29288.344133,0.059000
2026-08-19,11:58:10,0.082709,0.123590,0.000820,29288.344953,0.059000
2026-08-19,11:58:10,0.082709,0.123590,0.000820,29288.344953,0.059000
2026-08-19,11:58:11,0.206772,0.123590,0.000820,29288.345773,0.059000
2026-08-19,11:58:12,0.105970,0.124552,0.000820,29288.346593,0.059000
2026-08-19,11:58:12,0.105970,0.122516,0.000820,29288.346593,0.059000
2026-08-19,11:58:13,0.103386,0.122516,0.000810,29288.347413,0.059000
2026-08-19,11:58:14,0.206449,0.122516,0.000810,29288.348223,0.059000
2026-08-19,11:58:14,0.110494,0.120897,0.000800,29288.348223,0.059000
2026-08-19,11:58:15,0.094016,0.119960,0.000800,29288.349023,0.059000
2026-08-19,11:58:16,0.094016,0.119960,0.000790,29288.349813,0.059000
2026-08-19,11:58:16,0.124063,0.119960,0.000790,29288.349813,0.059000
2026-08-19,11:58:17,0.092724,0.119960,0.000790,29288.350603,0.059000
2026-08-19,11:58:18,0.123740,0.119895,0.000790,29288.351393,0.059000
2026-08-19,11:58:18,0.084008,0.119895,0.000790,29288.351393,0.059000
2026-08-19,11:58:19,0.084008,0.119895,0.000790,29288.352183,0.059000
2026-08-19,11:58:20,0.147014,0.120155,0.000790,29288.352973,0.059000
2026-08-19,11:58:20,0.105010,0.116182,0.000770,29288.352973,0.059000
2026-08-19,11:58:21,0.084008,0.112176,0.000770,29288.353743,0.059000
2026-08-19,11:58:22,0.084008,0.112176,0.000740,29288.354483,0.059000
2026-08-19,11:58:22,0.147014,0.112176,0.000740,29288.354483,0.059000
2026-08-19,11:58:23,0.126012,0.112176,0.000740,29288.355223,0.059000
2026-08-19,11:58:24,0.127652,0.112176,0.000740,29288.355963,0.059000
2026-08-19,11:58:24,0.161127,0.112176,0.000740,29288.355963,0.059000
2026-08-19,11:58:25,0.161127,0.112176,0.000740,29288.356703,0.059000
2026-08-19,11:58:26,0.091520,0.108922,0.000720,29288.357423,0.059000
2026-08-19,11:58:26,0.144047,0.108922,0.000720,29288.357423,0.059000
2026-08-19,11:58:27,0.144047,0.108922,0.000720,29288.358143,0.059000
2026-08-19,11:58:28,0.144047,0.108922,0.000720,29288.358863,0.059000
2026-08-19,11:58:28,0.123745,0.108922,0.000690,29288.358863,0.059000
2026-08-19,11:58:29,0.082497,0.104765,0.000690,29288.359553,0.059000
2026-08-19,11:58:30,0.082497,0.102418,0.000680,29288.360233,0.059000
2026-08-19,11:58:30,0.103121,0.102392,0.000680,29288.360233,0.059000
2026-08-19,11:58:31,0.103121,0.101397,0.000680,29288.360913,0.059000
2026-08-19,11:58:32,0.100543,0.101397,0.000670,29288.361583,0.058000
2026-08-19,11:58:32,0.082497,0.100245,0.000640,29288.361583,0.058000
2026-08-19,11:58:33,0.164672,0.100245,0.000640,29288.362223,0.058000
2026-08-19,11:58:34,0.105010,0.098372,0.000630,29288.362853,0.058000
2026-08-19,11:58:34,0.105010,0.098372,0.000630,29288.362853,0.058000
2026-08-19,11:58:35,0.105010,0.094171,0.000610,29288.363463,0.058000
2026-08-19,11:58:36,0.084008,0.092071,0.000610,29288.364073,0.059000
2026-08-19,11:58:36,0.122796,0.092071,0.000610,29288.364073,0.059000
2026-08-19,11:58:37,0.122796,0.092071,0.000610,29288.364683,0.059000
2026-08-19,11:58:38,0.102597,0.092071,0.000610,29288.365293,0.059000
2026-08-19,11:58:38,0.122796,0.092071,0.000610,29288.365293,0.059000
2026-08-19,11:58:39,0.082077,0.091878,0.000610,29288.365903,0.059000
2026-08-19,11:58:40,0.143636,0.091878,0.000610,29288.366513,0.059000
2026-08-19,11:58:40,0.143636,0.090934,0.000610,29288.366513,0.059000
2026-08-19,11:58:41,0.082077,0.090934,0.000600,29288.367113,0.059000
2026-08-19,11:58:42,0.138052,0.090934,0.000600,29288.367713,0.059000
2026-08-19,11:58:42,0.166704,0.090934,0.000600,29288.367713,0.059000
2026-08-19,11:58:43,0.166704,0.090934,0.000600,29288.368313,0.059000
2026-08-19,11:58:44,0.134470,0.090934,0.000600,29288.368913,0.059000
2026-08-19,11:58:44,0.104190,0.090934,0.000600,29288.368913,0.059000
2026-08-19,11:58:45,0.136236,0.090934,0.000600,29288.369513,0.059000
2026-08-19,11:58:46,0.188044,0.090934,0.000600,29288.370113,0.059000
2026-08-19,11:58:46,0.188044,0.090934,0.000600,29288.370113,0.059000
2026-08-19,11:58:47,0.143272,0.090934,0.000600,29288.370713,0.059000
2026-08-19,11:58:48,0.124702,0.090934,0.000600,29288.371313,0.059000
2026-08-19,11:58:48,0.121772,0.090934,0.000600,29288.371313,0.059000
2026-08-19,11:58:49,0.083352,0.091019,0.000600,29288.371913,0.059000
2026-08-19,11:58:50,0.083352,0.091019,0.000600,29288.371913,0.059000
2026-08-19,11:58:50,0.245912,0.091019,0.000600,29288.372513,0.059000
2026-08-19,11:58:51,0.083569,0.091126,0.000600,29288.373113,0.059000
2026-08-19,11:58:52,0.146246,0.091126,0.000600,29288.373113,0.059000
2026-08-19,11:58:52,0.146246,0.091126,0.000600,29288.373713,0.059000
2026-08-19,11:58:53,0.122796,0.091126,0.000600,29288.374313,0.059000
2026-08-19,11:58:53,0.154407,0.091126,0.000600,29288.374313,0.059000
2026-08-19,11:58:54,0.083569,0.089171,0.000590,29288.374913,0.059000
2026-08-19,11:58:55,0.187704,0.089171,0.000590,29288.375503,0.059000
2026-08-19,11:58:55,0.187704,0.089171,0.000590,29288.375503,0.059000
2026-08-19,11:58:56,0.104461,0.089563,0.000590,29288.376093,0.059000
2026-08-19,11:58:57,0.083569,0.089670,0.000590,29288.376683,0.059000
2026-08-19,11:58:57,0.142674,0.089670,0.000590,29288.376683,0.059000
2026-08-19,11:58:58,0.142674,0.089670,0.000590,29288.377273,0.059000
2026-08-19,11:58:59,0.205194,0.089670,0.000590,29288.377863,0.059000
2026-08-19,11:58:59,0.102597,0.089429,0.000590,29288.377863,0.059000
2026-08-19,11:59:00,0.104200,0.089348,0.000590,29288.378453,0.059000
2026-08-19,11:59:01,0.082077,0.089155,0.000590,29288.379043,0.059000
2026-08-19,11:59:01,0.082077,0.089155,0.000590,29288.379043,0.059000
2026-08-19,11:59:02,0.102597,0.091207,0.000600,29288.379633,0.059000
2026-08-19,11:59:03,0.191407,0.091207,0.000600,29288.380233,0.059000
2026-08-19,11:59:03,0.159666,0.091207,0.000600,29288.380233,0.059000
2026-08-19,11:59:04,0.159666,0.091207,0.000600,29288.380833,0.059000
2026-08-19,11:59:05,0.082077,0.091207,0.000600,29288.381433,0.059000
2026-08-19,11:59:05,0.102597,0.093131,0.000610,29288.381433,0.059000
2026-08-19,11:59:06,0.084008,0.093175,0.000610,29288.382043,0.059000
2026-08-19,11:59:07,0.084008,0.093219,0.000610,29288.382653,0.059000
2026-08-19,11:59:07,0.084008,0.093219,0.000610,29288.382653,0.059000
2026-08-19,11:59:08,0.177048,0.093219,0.000610,29288.383263,0.059000
2026-08-19,11:59:09,0.195787,0.093219,0.000610,29288.383873,0.059000
2026-08-19,11:59:09,0.137632,0.093219,0.000610,29288.383873,0.058000
2026-08-19,11:59:10,0.137632,0.093219,0.000610,29288.384483,0.058000
2026-08-19,11:59:11,0.138925,0.093219,0.000600,29288.385083,0.058000
2026-08-19,11:59:11,0.186095,0.093219,0.000600,29288.385083,0.058000
2026-08-19,11:59:12,0.082709,0.091044,0.000600,29288.385683,0.059000
2026-08-19,11:59:13,0.169294,0.091044,0.000600,29288.386283,0.059000
2026-08-19,11:59:13,0.169294,0.091044,0.000600,29288.386283,0.059000
2026-08-19,11:59:14,0.134079,0.091044,0.000600,29288.386883,0.059000
2026-08-19,11:59:15,0.158633,0.091044,0.000600,29288.387483,0.059000
2026-08-19,11:59:15,0.165417,0.091044,0.000600,29288.387483,0.059000
2026-08-19,11:59:16,0.165417,0.094124,0.000600,29288.388083,0.059000
2026-08-19,11:59:17,0.114371,0.094124,0.000620,29288.388703,0.059000
2026-08-19,11:59:17,0.144417,0.098306,0.000650,29288.388703,0.059000
2026-08-19,11:59:18,0.082709,0.098306,0.000650,29288.389353,0.059000
2026-08-19,11:59:19,0.167356,0.098306,0.000650,29288.390003,0.059000
2026-08-19,11:59:19,0.167356,0.098306,0.000630,29288.390003,0.059000
2026-08-19,11:59:20,0.082709,0.096157,0.000630,29288.390633,0.059000
2026-08-19,11:59:21,0.103386,0.098288,0.000650,29288.390633,0.059000
2026-08-19,11:59:21,0.103386,0.098367,0.000650,29288.391283,0.059000
2026-08-19,11:59:22,0.103386,0.100497,0.000650,29288.391933,0.059000
2026-08-19,11:59:23,0.103386,0.100497,0.000660,29288.391933,0.059000
2026-08-19,11:59:23,0.124063,0.102644,0.000680,29288.392593,0.059000
2026-08-19,11:59:24,0.103386,0.104582,0.000680,29288.393273,0.059000
2026-08-19,11:59:25,0.103386,0.106520,0.000700,29288.393273,0.059000
2026-08-19,11:59:25,0.103386,0.106520,0.000700,29288.393973,0.059000
2026-08-19,11:59:26,0.092078,0.107457,0.000710,29288.394683,0.059000
2026-08-19,11:59:26,0.124063,0.107457,0.000710,29288.394683,0.059000
2026-08-19,11:59:27,0.117924,0.107457,0.000710,29288.395393,0.059000
2026-08-19,11:59:28,0.117924,0.107457,0.000710,29288.396103,0.059000
2026-08-19,11:59:28,0.103386,0.107457,0.000710,29288.396103,0.059000
2026-08-19,11:59:29,0.165417,0.107457,0.000710,29288.396813,0.059000
2026-08-19,11:59:30,0.082709,0.104290,0.000690,29288.397503,0.059000
2026-08-19,11:59:30,0.103386,0.100187,0.000660,29288.397503,0.059000
2026-08-19,11:59:31,0.103386,0.100187,0.000660,29288.398163,0.059000
2026-08-19,11:59:32,0.124063,0.104323,0.000690,29288.398853,0.059000
2026-08-19,11:59:32,0.126012,0.106585,0.000700,29288.398853,0.059000
2026-08-19,11:59:33,0.102597,0.106506,0.000700,29288.399553,0.059000
2026-08-19,11:59:34,0.102597,0.106506,0.000700,29288.400253,0.059000
2026-08-19,11:59:34,0.164155,0.106506,0.000700,29288.400253,0.059000
2026-08-19,11:59:35,0.125354,0.106506,0.000700,29288.400953,0.059000
2026-08-19,11:59:36,0.102597,0.106506,0.000700,29288.401653,0.059000
2026-08-19,11:59:36,0.102597,0.106506,0.000700,29288.401653,0.059000
2026-08-19,11:59:37,0.102597,0.106506,0.000700,29288.402353,0.059000
2026-08-19,11:59:38,0.082398,0.106506,0.000700,29288.403053,0.059000
2026-08-19,11:59:38,0.102597,0.106506,0.000700,29288.403053,0.059000
2026-08-19,11:59:39,0.147014,0.106506,0.000700,29288.403753,0.059000
2026-08-19,11:59:40,0.147014,0.104504,0.000690,29288.404443,0.059000
2026-08-19,11:59:40,0.083360,0.104504,0.000690,29288.404443,0.059000
2026-08-19,11:59:41,0.123116,0.104504,0.000690,29288.405133,0.059000
2026-08-19,11:59:42,0.082077,0.100305,0.000660,29288.405793,0.059000
2026-08-19,11:59:42,0.088602,0.098827,0.000660,29288.405793,0.059000
2026-08-19,11:59:43,0.088602,0.098827,0.000650,29288.406443,0.059000
2026-08-19,11:59:44,0.102858,0.098774,0.000650,29288.407093,0.059000
2026-08-19,11:59:44,0.102858,0.099852,0.000650,29288.407093,0.059000
2026-08-19,11:59:45,0.144001,0.099852,0.000660,29288.407753,0.059000
2026-08-19,11:59:46,0.144001,0.099852,0.000660,29288.408413,0.059000
2026-08-19,11:59:46,0.144001,0.099852,0.000660,29288.408413,0.059000
2026-08-19,11:59:47,0.102858,0.099852,0.000660,29288.409073,0.059000
2026-08-19,11:59:48,0.185145,0.099852,0.000660,29288.409733,0.059000
2026-08-19,11:59:48,0.102858,0.101867,0.000660,29288.409733,0.059000
2026-08-19,11:59:49,0.102858,0.101867,0.000670,29288.410403,0.059000
2026-08-19,11:59:50,0.102858,0.101814,0.000670,29288.411073,0.059000
2026-08-19,11:59:50,0.149466,0.101814,0.000670,29288.411073,0.059000
2026-08-19,11:59:51,0.135966,0.101814,0.000670,29288.411743,0.059000
2026-08-19,11:59:52,0.135966,0.097637,0.000670,29288.412413,0.059000
2026-08-19,11:59:52,0.082287,0.097637,0.000640,29288.412413,0.059000
2026-08-19,11:59:53,0.082287,0.093264,0.000620,29288.413053,0.059000
2026-08-19,11:59:54,0.102858,0.093290,0.000620,29288.413673,0.059000
2026-08-19,11:59:54,0.102858,0.095240,0.000620,29288.413673,0.059000
2026-08-19,11:59:55,0.102858,0.097318,0.000640,29288.414293,0.059000
2026-08-19,11:59:56,0.102858,0.097318,0.000640,29288.414293,0.059000
2026-08-19,11:59:56,0.123430,0.100801,0.000670,29288.414933,0.059000
2026-08-19,11:59:57,0.102858,0.100801,0.000670,29288.415603,0.059000
2026-08-19,11:59:58,0.082287,0.098744,0.000670,29288.415603,0.059000
2026-08-19,11:59:58,0.082287,0.098744,0.000650,29288.416273,0.059000
2026-08-19,11:59:59,0.082287,0.096687,0.000640,29288.416923,0.059000
2026-08-19,12:00:00,0.082287,0.094630,0.000640,29288.416923,0.059000
2026-08-19,12:00:00,0.102858,0.096687,0.000640,29288.417563,0.059000
2026-08-19,12:00:01,0.102858,0.096687,0.000640,29288.418203,0.059000
2026-08-19,12:00:02,0.159430,0.096687,0.000640,29288.418203,0.059000
2026-08-19,12:00:02,0.187704,0.096687,0.000640,29288.418843,0.059000
2026-08-19,12:00:03,0.083569,0.096815,0.000640,29288.419483,0.059000
2026-08-19,12:00:04,0.123069,0.096815,0.000640,29288.419483,0.059000
2026-08-19,12:00:04,0.123069,0.096815,0.000640,29288.420123,0.059000
2026-08-19,12:00:05,0.083569,0.094886,0.000640,29288.420763,0.059000
2026-08-19,12:00:06,0.104461,0.095046,0.000630,29288.420763,0.059000
2026-08-19,12:00:06,0.083569,0.093117,0.000610,29288.421393,0.059000
2026-08-19,12:00:07,0.083569,0.093117,0.000610,29288.422003,0.059000
2026-08-19,12:00:08,0.117846,0.093117,0.000610,29288.422003,0.059000
2026-08-19,12:00:08,0.086181,0.093117,0.000610,29288.422613,0.059000
2026-08-19,12:00:09,0.125354,0.093117,0.000610,29288.423223,0.059000
2026-08-19,12:00:10,0.083569,0.089131,0.000610,29288.423223,0.059000
2026-08-19,12:00:10,0.083569,0.089105,0.000590,29288.423833,0.059000
2026-08-19,12:00:11,0.102597,0.089105,0.000590,29288.424423,0.059000
2026-08-19,12:00:12,0.082077,0.089084,0.000590,29288.424423,0.059000
2026-08-19,12:00:12,0.117024,0.089084,0.000590,29288.425013,0.059000
2026-08-19,12:00:13,0.123116,0.089084,0.000590,29288.425603,0.059000
2026-08-19,12:00:13,0.123116,0.089084,0.000590,29288.425603,0.059000
2026-08-19,12:00:14,0.184674,0.089084,0.000590,29288.426193,0.059000
2026-08-19,12:00:15,0.143636,0.089084,0.000590,29288.426783,0.059000
2026-08-19,12:00:16,0.102597,0.089084,0.000590,29288.426783,0.059000
2026-08-19,12:00:16,0.102597,0.089084,0.000590,29288.427373,0.059000
2026-08-19,12:00:17,0.143315,0.089084,0.000590,29288.427963,0.059000
2026-08-19,12:00:17,0.123116,0.089084,0.000590,29288.427963,0.059000
2026-08-19,12:00:18,0.146301,0.089084,0.000590,29288.428553,0.059000
2026-08-19,12:00:19,0.082287,0.089084,0.000590,29288.429143,0.059000
2026-08-19,12:00:19,0.082287,0.089084,0.000590,29288.429143,0.059000
2026-08-19,12:00:20,0.144001,0.089084,0.000590,29288.429733,0.059000
2026-08-19,12:00:21,0.140144,0.089084,0.000590,29288.430323,0.059000
2026-08-19,12:00:21,0.123430,0.089084,0.000590,29288.430323,0.059000
2026-08-19,12:00:22,0.123430,0.089084,0.000590,29288.430913,0.059000
2026-08-19,12:00:23,0.123430,0.089084,0.000590,29288.431503,0.059000
2026-08-19,12:00:23,0.225967,0.089084,0.000590,29288.431503,0.059000
2026-08-19,12:00:24,0.123430,0.089084,0.000590,29288.432093,0.059000
2026-08-19,12:00:25,0.102858,0.089084,0.000590,29288.432683,0.059000
2026-08-19,12:00:25,0.102858,0.089084,0.000590,29288.432683,0.059000
2026-08-19,12:00:26,0.123430,0.089084,0.000590,29288.433273,0.059000
2026-08-19,12:00:27,0.123430,0.089084,0.000590,29288.433863,0.059000
2026-08-19,12:00:27,0.082287,0.089084,0.000590,29288.433863,0.059000
2026-08-19,12:00:28,0.102858,0.089084,0.000590,29288.434453,0.059000
2026-08-19,12:00:29,0.102858,0.089084,0.000590,29288.435043,0.059000
2026-08-19,12:00:29,0.123430,0.093070,0.000610,29288.435043,0.059000
2026-08-19,12:00:30,0.123108,0.097024,0.000610,29288.435653,0.059000
2026-08-19,12:00:31,0.146246,0.101203,0.000670,29288.436323,0.059000
2026-08-19,12:00:31,0.146246,0.105381,0.000700,29288.436323,0.059000
2026-08-19,12:00:32,0.125354,0.105381,0.000700,29288.437023,0.059000
2026-08-19,12:00:33,0.208923,0.105381,0.000700,29288.437723,0.059000
2026-08-19,12:00:33,0.083569,0.105381,0.000700,29288.437723,0.059000
2026-08-19,12:00:34,0.166812,0.105381,0.000700,29288.438423,0.059000
2026-08-19,12:00:35,0.166812,0.105568,0.000700,29288.439123,0.059000
2026-08-19,12:00:35,0.104461,0.105568,0.000700,29288.439123,0.059000
2026-08-19,12:00:36,0.083569,0.105717,0.000700,29288.439823,0.059000
2026-08-19,12:00:37,0.104461,0.107934,0.000710,29288.440533,0.059000
2026-08-19,12:00:37,0.125354,0.112241,0.000710,29288.440533,0.059000
2026-08-19,12:00:38,0.125354,0.112241,0.000740,29288.441273,0.059000
2026-08-19,12:00:39,0.146246,0.116580,0.000770,29288.442043,0.059000
2026-08-19,12:00:39,0.133841,0.117621,0.000770,29288.442043,0.059000
2026-08-19,12:00:40,0.102597,0.115570,0.000780,29288.442823,0.059000
2026-08-19,12:00:41,0.102597,0.113448,0.000750,29288.443573,0.059000
2026-08-19,12:00:41,0.125028,0.113448,0.000750,29288.443573,0.059000
2026-08-19,12:00:42,0.083352,0.113448,0.000750,29288.444323,0.059000
2026-08-19,12:00:43,0.092143,0.113448,0.000750,29288.445073,0.059000
2026-08-19,12:00:43,0.166704,0.113448,0.000750,29288.445073,0.059000
2026-08-19,12:00:44,0.166704,0.113448,0.000750,29288.445823,0.059000
2026-08-19,12:00:45,0.103213,0.111234,0.000730,29288.446553,0.059000
2026-08-19,12:00:45,0.097027,0.112580,0.000730,29288.446553,0.059000
2026-08-19,12:00:46,0.125028,0.114636,0.000760,29288.447313,0.059000
2026-08-19,12:00:47,0.125028,0.114636,0.000760,29288.448073,0.059000
2026-08-19,12:00:47,0.166704,0.114636,0.000760,29288.448073,0.059000
2026-08-19,12:00:48,0.109330,0.117213,0.000770,29288.448843,0.059000
2026-08-19,12:00:49,0.204873,0.117213,0.000770,29288.449613,0.059000
2026-08-19,12:00:49,0.101314,0.116898,0.000770,29288.449613,0.059000
2026-08-19,12:00:50,0.101314,0.116898,0.000770,29288.450383,0.059000
2026-08-19,12:00:51,0.205194,0.116898,0.000770,29288.451153,0.059000
2026-08-19,12:00:51,0.184354,0.116898,0.000770,29288.451153,0.059000
2026-08-19,12:00:52,0.122796,0.116642,0.000770,29288.451923,0.059000
2026-08-19,12:00:53,0.102597,0.112277,0.000770,29288.452693,0.059000
2026-08-19,12:00:53,0.102597,0.112277,0.000740,29288.452693,0.059000
2026-08-19,12:00:54,0.127014,0.111594,0.000740,29288.453433,0.059000
2026-08-19,12:00:55,0.144370,0.115772,0.000740,29288.454173,0.059000
2026-08-19,12:00:55,0.082497,0.115772,0.000760,29288.454173,0.059000
2026-08-19,12:00:56,0.082497,0.115772,0.000760,29288.454933,0.059000
2026-08-19,12:00:57,0.103121,0.115772,0.000760,29288.455693,0.059000
2026-08-19,12:00:57,0.123423,0.115772,0.000760,29288.455693,0.059000
2026-08-19,12:00:58,0.103121,0.115772,0.000760,29288.456453,0.059000
2026-08-19,12:00:59,0.126015,0.115772,0.000760,29288.457213,0.059000
2026-08-19,12:00:59,0.126015,0.111540,0.000760,29288.457213,0.059000
2026-08-19,12:01:00,0.082709,0.111540,0.000740,29288.457973,0.059000
2026-08-19,12:01:01,0.082709,0.109489,0.000740,29288.458713,0.059000
2026-08-19,12:01:01,0.124063,0.109489,0.000720,29288.458713,0.059000
2026-08-19,12:01:02,0.120186,0.109489,0.000720,29288.459433,0.059000
2026-08-19,12:01:03,0.120186,0.109489,0.000720,29288.460153,0.059000
2026-08-19,12:01:03,0.103386,0.109489,0.000720,29288.460153,0.059000
2026-08-19,12:01:04,0.082709,0.109489,0.000720,29288.460873,0.059000
2026-08-19,12:01:05,0.127014,0.112488,0.000720,29288.461593,0.059000
2026-08-19,12:01:05,0.127014,0.110448,0.000740,29288.461593,0.059000
2026-08-19,12:01:06,0.104624,0.110448,0.000720,29288.462333,0.059000
2026-08-19,12:01:07,0.091344,0.108649,0.000720,29288.463053,0.059000
2026-08-19,12:01:07,0.144789,0.108649,0.000720,29288.463053,0.059000
2026-08-19,12:01:08,0.165844,0.108649,0.000720,29288.463773,0.059000
2026-08-19,12:01:09,0.165844,0.108649,0.000720,29288.464493,0.059000
2026-08-19,12:01:09,0.145113,0.108649,0.000720,29288.464493,0.059000
2026-08-19,12:01:10,0.124383,0.108649,0.000720,29288.465213,0.059000
2026-08-19,12:01:11,0.103652,0.108649,0.000720,29288.465933,0.059000
2026-08-19,12:01:11,0.097498,0.108649,0.000720,29288.465933,0.059000
2026-08-19,12:01:12,0.097498,0.108649,0.000720,29288.466653,0.059000
2026-08-19,12:01:13,0.093611,0.108649,0.000720,29288.467373,0.059000
2026-08-19,12:01:13,0.186574,0.108649,0.000720,29288.467373,0.059000
2026-08-19,12:01:14,0.145113,0.108649,0.000720,29288.468093,0.059000
2026-08-19,12:01:15,0.145113,0.108649,0.000720,29288.468813,0.059000
2026-08-19,12:01:15,0.124383,0.108649,0.000720,29288.468813,0.059000
2026-08-19,12:01:16,0.082922,0.106810,0.000720,29288.469533,0.059000
2026-08-19,12:01:17,0.103652,0.104895,0.000690,29288.469533,0.059000
2026-08-19,12:01:17,0.186574,0.104895,0.000690,29288.470223,0.059000
2026-08-19,12:01:18,0.186574,0.104895,0.000690,29288.470913,0.059000
2026-08-19,12:01:19,0.124059,0.107042,0.000710,29288.470913,0.059000
2026-08-19,12:01:19,0.178476,0.107042,0.000710,29288.471623,0.059000
2026-08-19,12:01:20,0.227711,0.107042,0.000710,29288.472333,0.059000
2026-08-19,12:01:21,0.227711,0.102794,0.000710,29288.472333,0.059000
2026-08-19,12:01:21,0.084541,0.102794,0.000710,29288.473043,0.059000
2026-08-19,12:01:22,0.144789,0.102794,0.000680,29288.473723,0.059000
2026-08-19,12:01:23,0.165844,0.102794,0.000680,29288.473723,0.059000
2026-08-19,12:01:23,0.109483,0.099306,0.000680,29288.474403,0.059000
2026-08-19,12:01:24,0.109483,0.099306,0.000660,29288.475063,0.059000
2026-08-19,12:01:25,0.103652,0.101400,0.000670,29288.475063,0.059000
2026-08-19,12:01:25,0.174589,0.101400,0.000670,29288.475733,0.059000
2026-08-19,12:01:26,0.184307,0.101400,0.000670,29288.476403,0.059000
2026-08-19,12:01:27,0.184307,0.104887,0.000690,29288.476403,0.059000
2026-08-19,12:01:27,0.117580,0.104887,0.000690,29288.477093,0.059000
2026-08-19,12:01:28,0.082922,0.100478,0.000660,29288.477753,0.059000
2026-08-19,12:01:29,0.157098,0.100478,0.000660,29288.477753,0.059000
2026-08-19,12:01:29,0.103652,0.100381,0.000660,29288.478413,0.059000
2026-08-19,12:01:30,0.103652,0.101831,0.000660,29288.479073,0.059000
2026-08-19,12:01:31,0.105845,0.101831,0.000670,29288.479073,0.059000
2026-08-19,12:01:31,0.082077,0.101746,0.000670,29288.479743,0.059000
2026-08-19,12:01:32,0.102597,0.101641,0.000670,29288.480413,0.059000
2026-08-19,12:01:33,0.102597,0.101641,0.000670,29288.480413,0.059000
2026-08-19,12:01:33,0.169926,0.101641,0.000670,29288.481083,0.059000
2026-08-19,12:01:34,0.123116,0.101641,0.000670,29288.481753,0.059000
2026-08-19,12:01:35,0.164155,0.101641,0.000670,29288.481753,0.059000
2026-08-19,12:01:35,0.082077,0.097443,0.000670,29288.482423,0.059000
2026-08-19,12:01:36,0.082077,0.097443,0.000640,29288.483063,0.059000
2026-08-19,12:01:36,0.164155,0.097443,0.000640,29288.483063,0.059000
2026-08-19,12:01:37,0.082077,0.097196,0.000640,29288.483703,0.059000
2026-08-19,12:01:38,0.123116,0.097196,0.000640,29288.484343,0.059000
2026-08-19,12:01:38,0.123116,0.097196,0.000640,29288.484343,0.059000
2026-08-19,12:01:39,0.102597,0.097196,0.000640,29288.484983,0.059000
2026-08-19,12:01:40,0.123116,0.097196,0.000640,29288.485623,0.059000
2026-08-19,12:01:40,0.143636,0.097196,0.000640,29288.485623,0.059000
2026-08-19,12:01:41,0.126348,0.097196,0.000640,29288.486263,0.059000
2026-08-19,12:01:42,0.126348,0.097196,0.000640,29288.486903,0.059000
2026-08-19,12:01:42,0.111065,0.097196,0.000640,29288.486903,0.059000
2026-08-19,12:01:43,0.124380,0.097196,0.000640,29288.487543,0.059000
2026-08-19,12:01:44,0.103920,0.097196,0.000640,29288.488183,0.059000
2026-08-19,12:01:44,0.145164,0.097196,0.000640,29288.488183,0.059000
2026-08-19,12:01:45,0.145164,0.097196,0.000640,29288.488823,0.059000
2026-08-19,12:01:46,0.117560,0.097196,0.000640,29288.489463,0.059000
2026-08-19,12:01:46,0.124380,0.097196,0.000640,29288.489463,0.059000
2026-08-19,12:01:47,0.120158,0.097196,0.000640,29288.490103,0.059000
2026-08-19,12:01:48,0.120158,0.097196,0.000640,29288.490743,0.059000
2026-08-19,12:01:48,0.145488,0.097196,0.000640,29288.490743,0.059000
2026-08-19,12:01:49,0.145164,0.097196,0.000640,29288.491383,0.059000
2026-08-19,12:01:50,0.114962,0.097196,0.000640,29288.492023,0.059000
2026-08-19,12:01:50,0.083136,0.097196,0.000640,29288.492023,0.059000
2026-08-19,12:01:51,0.083136,0.097196,0.000640,29288.492663,0.059000
2026-08-19,12:01:52,0.083136,0.097196,0.000640,29288.492663,0.059000
2026-08-19,12:01:52,0.083136,0.116228,0.000770,29288.493303,0.059000
2026-08-19,12:01:53,0.083136,0.110026,0.000730,29288.494073,0.059000
2026-08-19,12:01:54,0.083136,0.110026,0.000730,29288.494073,0.059000
2026-08-19,12:01:54,0.124380,0.110026,0.000730,29288.494803,0.059000
2026-08-19,12:01:55,0.083136,0.106583,0.000700,29288.495533,0.059000
2026-08-19,12:01:56,0.110732,0.106583,0.000700,29288.495533,0.059000
2026-08-19,12:01:56,0.123383,0.106583,0.000700,29288.496233,0.059000
2026-08-19,12:01:57,0.123383,0.106583,0.000680,29288.496933,0.059000
2026-08-19,12:01:58,0.084229,0.102568,0.000680,29288.496933,0.059000
2026-08-19,12:01:58,0.084229,0.098975,0.000650,29288.497613,0.059000
2026-08-19,12:01:59,0.169828,0.098975,0.000650,29288.498263,0.059000
2026-08-19,12:02:00,0.169828,0.094739,0.000650,29288.498263,0.059000
2026-08-19,12:02:00,0.103121,0.094739,0.000620,29288.498913,0.059000
2026-08-19,12:02:01,0.103121,0.090534,0.000600,29288.499533,0.059000
2026-08-19,12:02:02,0.142758,0.090534,0.000600,29288.499533,0.059000
2026-08-19,12:02:02,0.082497,0.087288,0.000580,29288.500133,0.059000
2026-08-19,12:02:03,0.082497,0.087288,0.000580,29288.500713,0.059000
2026-08-19,12:02:04,0.123745,0.087288,0.000580,29288.500713,0.059000
2026-08-19,12:02:04,0.157260,0.087288,0.000580,29288.501293,0.059000
2026-08-19,12:02:05,0.103121,0.089286,0.000580,29288.501873,0.059000
2026-08-19,12:02:06,0.103121,0.089286,0.000590,29288.501873,0.059000
2026-08-19,12:02:06,0.148559,0.089286,0.000590,29288.502463,0.059000
2026-08-19,12:02:07,0.128579,0.089286,0.000590,29288.503053,0.059000
2026-08-19,12:02:08,0.082497,0.089222,0.000590,29288.503053,0.059000
2026-08-19,12:02:08,0.082497,0.089159,0.000590,29288.503643,0.059000
2026-08-19,12:02:09,0.082497,0.089159,0.000590,29288.504233,0.059000
2026-08-19,12:02:10,0.206242,0.089159,0.000590,29288.504233,0.059000
2026-08-19,12:02:10,0.103121,0.091157,0.000600,29288.504823,0.059000
2026-08-19,12:02:11,0.123423,0.095186,0.000600,29288.505423,0.059000
2026-08-19,12:02:12,0.123423,0.099105,0.000630,29288.505423,0.059000
2026-08-19,12:02:12,0.123423,0.099105,0.000650,29288.506053,0.059000
2026-08-19,12:02:13,0.082497,0.099105,0.000650,29288.506703,0.059000
2026-08-19,12:02:13,0.082497,0.099105,0.000650,29288.506703,0.059000
2026-08-19,12:02:14,0.219777,0.099105,0.000650,29288.507353,0.059000
2026-08-19,12:02:15,0.219777,0.099105,0.000650,29288.508003,0.059000
2026-08-19,12:02:15,0.123745,0.103057,0.000680,29288.508003,0.059000
2026-08-19,12:02:16,0.190017,0.103057,0.000680,29288.508683,0.059000
2026-08-19,12:02:17,0.103920,0.103137,0.000680,29288.509363,0.059000
2026-08-19,12:02:17,0.103920,0.103137,0.000680,29288.509363,0.059000
2026-08-19,12:02:18,0.145164,0.103137,0.000680,29288.510043,0.059000
2026-08-19,12:02:19,0.136071,0.103137,0.000680,29288.510723,0.059000
2026-08-19,12:02:19,0.083136,0.101138,0.000670,29288.510723,0.059000
2026-08-19,12:02:20,0.186732,0.101138,0.000670,29288.511393,0.059000
2026-08-19,12:02:21,0.186732,0.101138,0.000670,29288.512063,0.059000
2026-08-19,12:02:21,0.166272,0.101138,0.000670,29288.512063,0.059000
2026-08-19,12:02:22,0.103920,0.103280,0.000670,29288.512733,0.059000
2026-08-19,12:02:23,0.103920,0.103360,0.000680,29288.513413,0.059000
2026-08-19,12:02:23,0.083136,0.103424,0.000680,29288.513413,0.059000
2026-08-19,12:02:24,0.083136,0.103424,0.000680,29288.514093,0.059000
2026-08-19,12:02:25,0.083136,0.103488,0.000680,29288.514773,0.059000
2026-08-19,12:02:25,0.145164,0.103488,0.000680,29288.514773,0.059000
2026-08-19,12:02:26,0.145164,0.103488,0.000680,29288.515453,0.059000
2026-08-19,12:02:27,0.145164,0.101490,0.000680,29288.516133,0.059000
2026-08-19,12:02:27,0.083136,0.101490,0.000680,29288.516133,0.059000
2026-08-19,12:02:28,0.103920,0.099539,0.000660,29288.516793,0.059000
2026-08-19,12:02:29,0.124704,0.099668,0.000660,29288.516793,0.059000
2026-08-19,12:02:29,0.124380,0.099731,0.000660,29288.517453,0.059000
2026-08-19,12:02:30,0.124380,0.099731,0.000660,29288.518113,0.059000
2026-08-19,12:02:31,0.083136,0.099731,0.000660,29288.518113,0.059000
2026-08-19,12:02:31,0.124704,0.101809,0.000660,29288.518773,0.059000
2026-08-19,12:02:32,0.103920,0.103888,0.000670,29288.519443,0.059000
2026-08-19,12:02:33,0.103920,0.101809,0.000670,29288.519443,0.059000
2026-08-19,12:02:33,0.083136,0.101809,0.000670,29288.520113,0.059000
2026-08-19,12:02:34,0.083136,0.099731,0.000660,29288.520773,0.059000
2026-08-19,12:02:35,0.083136,0.099731,0.000660,29288.520773,0.059000
2026-08-19,12:02:35,0.083136,0.099731,0.000660,29288.521433,0.059000
2026-08-19,12:02:36,0.083136,0.101809,0.000660,29288.522093,0.059000
2026-08-19,12:02:37,0.103920,0.101809,0.000670,29288.522093,0.059000
2026-08-19,12:02:37,0.084110,0.099828,0.000670,29288.522763,0.059000
2026-08-19,12:02:38,0.124704,0.099828,0.000660,29288.523423,0.059000
2026-08-19,12:02:39,0.145488,0.099828,0.000660,29288.523423,0.059000
2026-08-19,12:02:39,0.145488,0.099828,0.000660,29288.524083,0.059000
2026-08-19,12:02:40,0.207516,0.099828,0.000660,29288.524743,0.059000
2026-08-19,12:02:41,0.103920,0.097750,0.000640,29288.524743,0.059000
2026-08-19,12:02:41,0.145164,0.097750,0.000640,29288.525383,0.059000
2026-08-19,12:02:42,0.145164,0.097750,0.000640,29288.526023,0.059000
2026-08-19,12:02:43,0.207841,0.097750,0.000640,29288.526023,0.059000
2026-08-19,12:02:43,0.138019,0.097750,0.000640,29288.526663,0.059000
2026-08-19,12:02:44,0.165948,0.097750,0.000640,29288.527303,0.059000
2026-08-19,12:02:45,0.083136,0.093626,0.000640,29288.527303,0.059000
2026-08-19,12:02:45,0.083136,0.093626,0.000620,29288.527923,0.059000
2026-08-19,12:02:46,0.124704,0.093626,0.000620,29288.528543,0.059000
2026-08-19,12:02:47,0.119287,0.093626,0.000620,29288.528543,0.059000
2026-08-19,12:02:47,0.102337,0.093626,0.000620,29288.529163,0.059000
2026-08-19,12:02:48,0.102337,0.093626,0.000620,29288.529783,0.059000
2026-08-19,12:02:49,0.192522,0.093626,0.000620,29288.529783,0.059000
2026-08-19,12:02:49,0.139114,0.093626,0.000620,29288.530403,0.059000
2026-08-19,12:02:50,0.110916,0.093626,0.000620,29288.531023,0.059000
2026-08-19,12:02:51,0.103121,0.093626,0.000620,29288.531023,0.059000
2026-08-19,12:02:51,0.103121,0.093626,0.000620,29288.531643,0.059000
2026-08-19,12:02:52,0.164994,0.093626,0.000620,29288.532263,0.059000
2026-08-19,12:02:53,0.161771,0.093626,0.000620,29288.532263,0.059000
2026-08-19,12:02:53,0.123423,0.093626,0.000620,29288.532883,0.059000
2026-08-19,12:02:54,0.144370,0.093626,0.000620,29288.533503,0.059000
2026-08-19,12:02:55,0.144370,0.093626,0.000620,29288.533503,0.059000
2026-08-19,12:02:55,0.123423,0.093626,0.000620,29288.534123,0.059000
2026-08-19,12:02:56,0.104410,0.093626,0.000620,29288.534743,0.059000
2026-08-19,12:02:57,0.082497,0.093626,0.000620,29288.534743,0.059000
2026-08-19,12:02:57,0.082497,0.093626,0.000620,29288.535363,0.059000
2026-08-19,12:02:58,0.103121,0.093626,0.000620,29288.535983,0.059000
2026-08-19,12:02:59,0.144370,0.093626,0.000620,29288.535983,0.059000
2026-08-19,12:02:59,0.144047,0.093626,0.000620,29288.536603,0.059000
2026-08-19,12:03:00,0.103121,0.093626,0.000620,29288.537223,0.059000
2026-08-19,12:03:01,0.103121,0.093626,0.000620,29288.537223,0.059000
2026-08-19,12:03:01,0.103121,0.093626,0.000620,29288.537843,0.059000
2026-08-19,12:03:02,0.144370,0.093626,0.000620,29288.538463,0.059000
2026-08-19,12:03:03,0.082497,0.089405,0.000620,29288.538463,0.059000
2026-08-19,12:03:03,0.082497,0.089405,0.000590,29288.539083,0.059000
2026-08-19,12:03:04,0.123423,0.089405,0.000590,29288.539673,0.059000
2026-08-19,12:03:05,0.126012,0.089405,0.000590,29288.539673,0.059000
2026-08-19,12:03:05,0.102858,0.089405,0.000590,29288.540263,0.059000
2026-08-19,12:03:06,0.205395,0.089405,0.000590,29288.540853,0.059000
2026-08-19,12:03:07,0.205395,0.090438,0.000590,29288.540853,0.059000
2026-08-19,12:03:07,0.114255,0.090438,0.000600,29288.541443,0.059000
2026-08-19,12:03:08,0.083569,0.090482,0.000600,29288.542043,0.059000
2026-08-19,12:03:09,0.144001,0.090482,0.000600,29288.542043,0.059000
2026-08-19,12:03:09,0.214395,0.090482,0.000600,29288.542643,0.059000
2026-08-19,12:03:10,0.214395,0.090482,0.000600,29288.543243,0.059000
2026-08-19,12:03:11,0.205395,0.090482,0.000600,29288.543243,0.059000
2026-08-19,12:03:11,0.083569,0.090525,0.000600,29288.543843,0.059000
2026-08-19,12:03:12,0.102597,0.092471,0.000600,29288.544443,0.059000
2026-08-19,12:03:13,0.102597,0.092471,0.000610,29288.544443,0.059000
2026-08-19,12:03:13,0.142353,0.092471,0.000610,29288.545053,0.059000
2026-08-19,12:03:14,0.184674,0.092471,0.000610,29288.545663,0.059000
2026-08-19,12:03:15,0.122796,0.092471,0.000610,29288.545663,0.059000
2026-08-19,12:03:15,0.125028,0.092471,0.000610,29288.546273,0.059000
2026-08-19,12:03:16,0.125028,0.092471,0.000610,29288.546883,0.059000
2026-08-19,12:03:17,0.102079,0.092471,0.000610,29288.546883,0.059000
2026-08-19,12:03:17,0.102079,0.092471,0.000610,29288.547493,0.059000
2026-08-19,12:03:18,0.124383,0.092471,0.000610,29288.548103,0.059000
2026-08-19,12:03:19,0.103652,0.092471,0.000610,29288.548103,0.059000
2026-08-19,12:03:19,0.103652,0.092471,0.000610,29288.548713,0.059000
2026-08-19,12:03:20,0.082922,0.092471,0.000610,29288.549323,0.059000
2026-08-19,12:03:21,0.152239,0.092471,0.000610,29288.549323,0.059000
2026-08-19,12:03:21,0.169083,0.092471,0.000610,29288.549933,0.059000
2026-08-19,12:03:22,0.165520,0.092471,0.000610,29288.550543,0.059000
2026-08-19,12:03:23,0.165520,0.092471,0.000610,29288.550543,0.059000
2026-08-19,12:03:23,0.105272,0.094685,0.000610,29288.551153,0.059000
2026-08-19,12:03:24,0.168111,0.094685,0.000620,29288.551773,0.059000
2026-08-19,12:03:25,0.103652,0.094658,0.000620,29288.551773,0.059000
2026-08-19,12:03:25,0.103652,0.098653,0.000620,29288.552393,0.059000
2026-08-19,12:03:26,0.124059,0.098653,0.000650,29288.553043,0.059000
2026-08-19,12:03:27,0.124383,0.100699,0.000660,29288.553043,0.059000
2026-08-19,12:03:27,0.082922,0.100699,0.000660,29288.553703,0.059000
2026-08-19,12:03:28,0.165520,0.100699,0.000660,29288.554363,0.059000
2026-08-19,12:03:29,0.165520,0.100699,0.000660,29288.554363,0.059000
2026-08-19,12:03:29,0.082922,0.100677,0.000660,29288.555023,0.059000
2026-08-19,12:03:30,0.093935,0.101821,0.000670,29288.555693,0.059000
2026-08-19,12:03:31,0.124383,0.101821,0.000670,29288.555693,0.059000
2026-08-19,12:03:31,0.124383,0.101821,0.000670,29288.556363,0.059000
2026-08-19,12:03:32,0.228035,0.101821,0.000670,29288.557033,0.059000
2026-08-19,12:03:33,0.107539,0.101150,0.000670,29288.557033,0.059000
2026-08-19,12:03:33,0.082922,0.101085,0.000670,29288.557703,0.059000
2026-08-19,12:03:34,0.124383,0.101085,0.000670,29288.558373,0.059000
2026-08-19,12:03:35,0.124383,0.101085,0.000670,29288.558373,0.059000
2026-08-19,12:03:35,0.145113,0.101085,0.000670,29288.559043,0.059000
2026-08-19,12:03:36,0.124059,0.101085,0.000670,29288.559713,0.059000
2026-08-19,12:03:37,0.082922,0.101020,0.000670,29288.559713,0.059000
2026-08-19,12:03:37,0.142911,0.101020,0.000670,29288.560383,0.059000
2026-08-19,12:03:38,0.142911,0.101020,0.000670,29288.561053,0.059000
2026-08-19,12:03:39,0.104190,0.101020,0.000670,29288.561053,0.059000
2026-08-19,12:03:39,0.086987,0.101020,0.000670,29288.561723,0.059000
2026-08-19,12:03:40,0.083352,0.101020,0.000670,29288.562393,0.059000
2026-08-19,12:03:41,0.083352,0.101020,0.000670,29288.562393,0.059000
2026-08-19,12:03:41,0.104190,0.101020,0.000670,29288.563063,0.059000
2026-08-19,12:03:42,0.120470,0.101020,0.000670,29288.563733,0.059000
2026-08-19,12:03:43,0.145540,0.101020,0.000670,29288.563733,0.059000
2026-08-19,12:03:43,0.083352,0.099096,0.000670,29288.564403,0.059000
2026-08-19,12:03:44,0.083352,0.096904,0.000640,29288.565043,0.059000
2026-08-19,12:03:45,0.083352,0.096904,0.000640,29288.565043,0.059000
2026-08-19,12:03:45,0.184033,0.096904,0.000640,29288.565683,0.059000
2026-08-19,12:03:46,0.143636,0.096904,0.000640,29288.566323,0.059000
2026-08-19,12:03:47,0.143636,0.096904,0.000640,29288.566323,0.059000
2026-08-19,12:03:47,0.104735,0.096904,0.000640,29288.566963,0.059000
2026-08-19,12:03:48,0.144370,0.096904,0.000640,29288.567603,0.059000
2026-08-19,12:03:48,0.185296,0.096904,0.000640,29288.567603,0.059000
2026-08-19,12:03:49,0.147461,0.096904,0.000640,29288.568243,0.059000
2026-08-19,12:03:50,0.147461,0.096904,0.000640,29288.568883,0.059000
2026-08-19,12:03:50,0.123745,0.096904,0.000640,29288.568883,0.059000
2026-08-19,12:03:51,0.159516,0.096904,0.000640,29288.569523,0.059000
2026-08-19,12:03:52,0.103766,0.096915,0.000640,29288.569523,0.059000
2026-08-19,12:03:52,0.103121,0.094821,0.000640,29288.570163,0.059000
2026-08-19,12:03:53,0.103121,0.094821,0.000630,29288.570793,0.059000
2026-08-19,12:03:54,0.103121,0.092695,0.000630,29288.570793,0.059000
2026-08-19,12:03:54,0.123745,0.096777,0.000640,29288.571423,0.059000
2026-08-19,12:03:55,0.174661,0.096777,0.000640,29288.572063,0.059000
2026-08-19,12:03:56,0.174661,0.096777,0.000640,29288.572063,0.059000
2026-08-19,12:03:56,0.123745,0.096777,0.000640,29288.572703,0.059000
2026-08-19,12:03:57,0.126968,0.096777,0.000640,29288.573343,0.059000
2026-08-19,12:03:58,0.123745,0.096777,0.000640,29288.573343,0.059000
2026-08-19,12:03:58,0.103121,0.096777,0.000640,29288.573983,0.059000
2026-08-19,12:03:59,0.103121,0.096777,0.000640,29288.574623,0.059000
2026-08-19,12:04:00,0.082497,0.096777,0.000640,29288.574623,0.059000
2026-08-19,12:04:00,0.148514,0.096777,0.000640,29288.575263,0.059000
2026-08-19,12:04:01,0.177639,0.096777,0.000640,29288.575903,0.059000
2026-08-19,12:04:02,0.177639,0.095698,0.000640,29288.575903,0.059000
2026-08-19,12:04:02,0.083136,0.095698,0.000630,29288.576543,0.059000
2026-08-19,12:04:03,0.103920,0.095336,0.000630,29288.577173,0.059000
2026-08-19,12:04:04,0.083136,0.095357,0.000630,29288.577173,0.059000
2026-08-19,12:04:04,0.124704,0.095357,0.000630,29288.577803,0.059000
2026-08-19,12:04:05,0.124704,0.095357,0.000630,29288.578433,0.059000
2026-08-19,12:04:06,0.083136,0.095379,0.000630,29288.578433,0.059000
2026-08-19,12:04:06,0.124380,0.095379,0.000630,29288.579063,0.059000
2026-08-19,12:04:07,0.083136,0.095357,0.000630,29288.579693,0.059000
2026-08-19,12:04:08,0.083136,0.095357,0.000630,29288.579693,0.059000
2026-08-19,12:04:08,0.184207,0.095357,0.000630,29288.580323,0.059000
2026-08-19,12:04:09,0.102337,0.097256,0.000630,29288.580953,0.059000
2026-08-19,12:04:10,0.103920,0.097271,0.000640,29288.580953,0.059000
2026-08-19,12:04:10,0.121457,0.099105,0.000650,29288.581593,0.059000
2026-08-19,12:04:11,0.121457,0.099105,0.000650,29288.582243,0.059000
2026-08-19,12:04:12,0.124704,0.101263,0.000670,29288.582243,0.059000
2026-08-19,12:04:12,0.129900,0.101878,0.000670,29288.582913,0.059000
2026-08-19,12:04:13,0.103920,0.103957,0.000670,29288.583583,0.059000
2026-08-19,12:04:14,0.103920,0.103747,0.000690,29288.583583,0.059000
2026-08-19,12:04:14,0.101822,0.103747,0.000710,29288.584273,0.059000
2026-08-19,12:04:15,0.122187,0.107652,0.000710,29288.584983,0.059000
2026-08-19,12:04:16,0.083136,0.107652,0.000710,29288.584983,0.059000
2026-08-19,12:04:16,0.083136,0.107652,0.000710,29288.585693,0.059000
2026-08-19,12:04:17,0.083136,0.107652,0.000710,29288.586403,0.059000
2026-08-19,12:04:18,0.103920,0.107652,0.000710,29288.586403,0.059000
2026-08-19,12:04:18,0.083136,0.107652,0.000710,29288.587113,0.059000
2026-08-19,12:04:19,0.165948,0.107652,0.000710,29288.587823,0.059000
2026-08-19,12:04:20,0.105845,0.109923,0.000730,29288.587823,0.059000
2026-08-19,12:04:20,0.105845,0.109923,0.000730,29288.588553,0.059000
2026-08-19,12:04:21,0.082709,0.109880,0.000730,29288.589283,0.059000
2026-08-19,12:04:22,0.124063,0.109880,0.000730,29288.589283,0.059000
2026-08-19,12:04:22,0.103386,0.109880,0.000730,29288.590013,0.059000
2026-08-19,12:04:23,0.103386,0.109880,0.000730,29288.590743,0.059000
2026-08-19,12:04:24,0.126678,0.109880,0.000730,29288.590743,0.059000
2026-08-19,12:04:24,0.084452,0.108092,0.000730,29288.591473,0.059000
2026-08-19,12:04:25,0.145488,0.108092,0.000710,29288.592183,0.059000
2026-08-19,12:04:26,0.124380,0.108092,0.000710,29288.592183,0.059000
2026-08-19,12:04:26,0.124380,0.108092,0.000710,29288.592893,0.059000
2026-08-19,12:04:27,0.135421,0.108092,0.000710,29288.593603,0.059000
2026-08-19,12:04:28,0.103920,0.108092,0.000710,29288.593603,0.059000
2026-08-19,12:04:28,0.103920,0.108092,0.000710,29288.594313,0.059000
2026-08-19,12:04:29,0.103920,0.108092,0.000710,29288.595023,0.059000
2026-08-19,12:04:30,0.124704,0.108092,0.000710,29288.595023,0.059000
2026-08-19,12:04:30,0.113988,0.108092,0.000710,29288.595733,0.059000
2026-08-19,12:04:31,0.186732,0.108092,0.000710,29288.595733,0.059000
2026-08-19,12:04:32,0.145164,0.108092,0.000710,29288.596443,0.059000
2026-08-19,12:04:32,0.145164,0.108092,0.000710,29288.597153,0.059000
2026-08-19,12:04:33,0.087358,0.106435,0.000700,29288.597153,0.059000
2026-08-19,12:04:33,0.083136,0.102603,0.000700,29288.597853,0.059000
2026-08-19,12:04:34,0.124704,0.102603,0.000680,29288.598533,0.059000
2026-08-19,12:04:35,0.124704,0.102603,0.000680,29288.598533,0.059000
2026-08-19,12:04:35,0.145488,0.102603,0.000680,29288.599213,0.059000
2026-08-19,12:04:36,0.166272,0.102603,0.000680,29288.599893,0.059000
2026-08-19,12:04:37,0.124704,0.102603,0.000680,29288.599893,0.059000
2026-08-19,12:04:37,0.124704,0.102603,0.000680,29288.600573,0.059000
2026-08-19,12:04:38,0.124704,0.102603,0.000680,29288.601253,0.059000
2026-08-19,12:04:39,0.110740,0.102603,0.000680,29288.601253,0.059000
2026-08-19,12:04:39,0.145488,0.102603,0.000680,29288.601933,0.059000
2026-08-19,12:04:40,0.103920,0.102603,0.000680,29288.602613,0.059000
2026-08-19,12:04:41,0.124704,0.102603,0.000680,29288.602613,0.059000
2026-08-19,12:04:41,0.124704,0.102603,0.000680,29288.603293,0.059000
2026-08-19,12:04:42,0.228300,0.102603,0.000680,29288.603973,0.059000
2026-08-19,12:04:43,0.103920,0.100525,0.000660,29288.603973,0.059000
2026-08-19,12:04:43,0.124704,0.100005,0.000660,29288.604633,0.059000
2026-08-19,12:04:44,0.124704,0.102051,0.000660,29288.605293,0.059000
2026-08-19,12:04:45,0.124380,0.102051,0.000660,29288.605293,0.059000
2026-08-19,12:04:45,0.192577,0.102051,0.000670,29288.605963,0.059000
2026-08-19,12:04:46,0.083136,0.100183,0.000660,29288.606623,0.059000
2026-08-19,12:04:47,0.083136,0.096278,0.000660,29288.606623,0.059000
2026-08-19,12:04:47,0.083136,0.096278,0.000640,29288.607263,0.059000
2026-08-19,12:04:48,0.083136,0.094007,0.000620,29288.607883,0.059000
2026-08-19,12:04:49,0.159777,0.094007,0.000620,29288.607883,0.059000
2026-08-19,12:04:49,0.207841,0.094007,0.000620,29288.608503,0.059000
2026-08-19,12:04:50,0.207841,0.094007,0.000620,29288.609123,0.059000
2026-08-19,12:04:51,0.166272,0.094007,0.000620,29288.609123,0.059000
2026-08-19,12:04:51,0.124380,0.094007,0.000620,29288.609743,0.059000
2026-08-19,12:04:52,0.166272,0.094007,0.000620,29288.610363,0.059000
2026-08-19,12:04:53,0.124704,0.094007,0.000620,29288.610363,0.059000
2026-08-19,12:04:53,0.124704,0.094050,0.000620,29288.610983,0.059000
2026-08-19,12:04:54,0.083136,0.094050,0.000620,29288.611603,0.059000
2026-08-19,12:04:55,0.145488,0.094050,0.000620,29288.611603,0.059000
2026-08-19,12:04:55,0.124704,0.094050,0.000620,29288.612223,0.059000
2026-08-19,12:04:56,0.207841,0.094050,0.000620,29288.612843,0.059000
2026-08-19,12:04:57,0.207841,0.094050,0.000620,29288.612843,0.059000
2026-08-19,12:04:57,0.103920,0.095996,0.000630,29288.613463,0.059000
2026-08-19,12:04:58,0.103920,0.097653,0.000640,29288.614093,0.059000
2026-08-19,12:04:59,0.083136,0.097653,0.000640,29288.614093,0.059000
2026-08-19,12:04:59,0.083136,0.097782,0.000640,29288.614733,0.059000
2026-08-19,12:05:00,0.105219,0.097782,0.000640,29288.615373,0.059000
2026-08-19,12:05:01,0.103920,0.095704,0.000630,29288.615373,0.059000
2026-08-19,12:05:01,0.103920,0.093658,0.000620,29288.616003,0.059000
2026-08-19,12:05:02,0.187056,0.093658,0.000620,29288.616623,0.059000
2026-08-19,12:05:03,0.187056,0.093658,0.000620,29288.616623,0.059000
2026-08-19,12:05:03,0.103920,0.095737,0.000630,29288.617243,0.059000
2026-08-19,12:05:04,0.124704,0.099893,0.000630,29288.617873,0.059000
2026-08-19,12:05:05,0.087683,0.100348,0.000660,29288.617873,0.059000
2026-08-19,12:05:05,0.145164,0.100348,0.000660,29288.618533,0.059000
2026-08-19,12:05:06,0.145164,0.100348,0.000660,29288.619193,0.059000
2026-08-19,12:05:07,0.148086,0.100348,0.000660,29288.619193,0.059000
2026-08-19,12:05:07,0.086384,0.100673,0.000660,29288.619853,0.059000
2026-08-19,12:05:08,0.119184,0.100673,0.000660,29288.620513,0.059000
2026-08-19,12:05:09,0.119184,0.100673,0.000660,29288.620513,0.059000
2026-08-19,12:05:09,0.124704,0.100673,0.000660,29288.621173,0.059000
2026-08-19,12:05:10,0.083136,0.098594,0.000660,29288.621833,0.059000
2026-08-19,12:05:11,0.145164,0.098594,0.000650,29288.621833,0.059000
2026-08-19,12:05:11,0.145488,0.098594,0.000650,29288.622483,0.059000
2026-08-19,12:05:12,0.145488,0.098594,0.000650,29288.623133,0.059000
2026-08-19,12:05:13,0.103920,0.098594,0.000650,29288.623133,0.059000
2026-08-19,12:05:13,0.141033,0.098594,0.000650,29288.623783,0.059000
2026-08-19,12:05:14,0.149988,0.098594,0.000650,29288.624433,0.059000
2026-08-19,12:05:15,0.149988,0.098594,0.000650,29288.624433,0.059000
2026-08-19,12:05:15,0.187085,0.098594,0.000660,29288.625083,0.059000
2026-08-19,12:05:16,0.122804,0.100483,0.000660,29288.625743,0.059000
2026-08-19,12:05:17,0.112891,0.103458,0.000680,29288.625743,0.059000
2026-08-19,12:05:17,0.107454,0.103682,0.000680,29288.626423,0.059000
2026-08-19,12:05:18,0.107454,0.103682,0.000680,29288.627103,0.059000
2026-08-19,12:05:19,0.085306,0.101820,0.000670,29288.627103,0.059000
2026-08-19,12:05:19,0.145866,0.101820,0.000670,29288.627773,0.059000
2026-08-19,12:05:20,0.166378,0.101820,0.000670,29288.628443,0.059000
2026-08-19,12:05:21,0.166378,0.101688,0.000670,29288.628443,0.059000
2026-08-19,12:05:21,0.102597,0.101688,0.000670,29288.629113,0.059000
2026-08-19,12:05:22,0.183286,0.101688,0.000670,29288.629783,0.059000
2026-08-19,12:05:23,0.146301,0.101688,0.000670,29288.629783,0.059000
2026-08-19,12:05:23,0.104735,0.101688,0.000670,29288.630453,0.059000
2026-08-19,12:05:24,0.104735,0.101688,0.000670,29288.631123,0.059000
2026-08-19,12:05:25,0.125682,0.101688,0.000670,29288.631123,0.059000
2026-08-19,12:05:25,0.123108,0.101688,0.000670,29288.631793,0.059000
2026-08-19,12:05:26,0.102858,0.101688,0.000670,29288.632463,0.059000
2026-08-19,12:05:27,0.102858,0.101688,0.000670,29288.632463,0.059000
2026-08-19,12:05:27,0.123430,0.101688,0.000670,29288.633133,0.059000
2026-08-19,12:05:28,0.123430,0.101688,0.000670,29288.633133,0.059000
2026-08-19,12:05:29,0.102858,0.101688,0.000670,29288.633803,0.059000
2026-08-19,12:05:29,0.082287,0.121797,0.000670,29288.634473,0.059000
2026-08-19,12:05:30,0.082287,0.121797,0.000800,29288.634473,0.059000
2026-08-19,12:05:31,0.164252,0.121797,0.000800,29288.635273,0.059000
2026-08-19,12:05:31,0.123430,0.121797,0.000800,29288.636073,0.059000
2026-08-19,12:05:32,0.082287,0.121797,0.000800,29288.636073,0.059000
2026-08-19,12:05:33,0.082287,0.121797,0.000800,29288.636873,0.059000
2026-08-19,12:05:33,0.082287,0.121797,0.000800,29288.637673,0.059000
2026-08-19,12:05:34,0.164252,0.121797,0.000800,29288.637673,0.059000
2026-08-19,12:05:35,0.082287,0.121797,0.000800,29288.638473,0.059000
2026-08-19,12:05:35,0.205395,0.121797,0.000800,29288.639273,0.059000
2026-08-19,12:05:36,0.205395,0.112568,0.000740,29288.639273,0.059000
2026-08-19,12:05:36,0.090988,0.112568,0.000740,29288.640013,0.059000
2026-08-19,12:05:37,0.109777,0.108915,0.000720,29288.640733,0.059000
2026-08-19,12:05:38,0.166272,0.108915,0.000720,29288.640733,0.059000
2026-08-19,12:05:38,0.141267,0.108915,0.000720,29288.641453,0.059000
2026-08-19,12:05:39,0.141267,0.108915,0.000720,29288.642173,0.059000
2026-08-19,12:05:40,0.165948,0.108915,0.000720,29288.642173,0.059000
2026-08-19,12:05:40,0.145488,0.108915,0.000720,29288.642893,0.059000
2026-08-19,12:05:41,0.196799,0.108915,0.000720,29288.643613,0.059000
2026-08-19,12:05:42,0.196799,0.106755,0.000720,29288.643613,0.059000
2026-08-19,12:05:42,0.083136,0.106755,0.000700,29288.644313,0.059000
2026-08-19,12:05:43,0.103920,0.104579,0.000690,29288.645003,0.059000
2026-08-19,12:05:44,0.145488,0.104579,0.000690,29288.645003,0.059000
2026-08-19,12:05:44,0.145488,0.104579,0.000690,29288.645693,0.059000
2026-08-19,12:05:45,0.202969,0.104579,0.000690,29288.646383,0.059000
2026-08-19,12:05:46,0.103920,0.102660,0.000690,29288.646383,0.059000
2026-08-19,12:05:46,0.124704,0.104845,0.000690,29288.647073,0.059000
2026-08-19,12:05:47,0.122187,0.104721,0.000690,29288.647763,0.059000
2026-08-19,12:05:48,0.122187,0.104597,0.000690,29288.647763,0.059000
2026-08-19,12:05:48,0.122187,0.104597,0.000690,29288.648453,0.059000
2026-08-19,12:05:49,0.124383,0.106749,0.000700,29288.649153,0.059000
2026-08-19,12:05:50,0.144789,0.112999,0.000700,29288.649153,0.059000
2026-08-19,12:05:50,0.124383,0.116339,0.000750,29288.649903,0.059000
2026-08-19,12:05:51,0.124383,0.116339,0.000790,29288.650693,0.059000
2026-08-19,12:05:52,0.145113,0.119872,0.000790,29288.650693,0.059000
2026-08-19,12:05:52,0.082922,0.119872,0.000790,29288.651483,0.059000
2026-08-19,12:05:53,0.093287,0.119872,0.000790,29288.652273,0.059000
2026-08-19,12:05:54,0.093287,0.123997,0.000790,29288.652273,0.059000
2026-08-19,12:05:54,0.124383,0.123997,0.000820,29288.653093,0.059000
2026-08-19,12:05:55,0.082922,0.123997,0.000820,29288.653913,0.059000
2026-08-19,12:05:56,0.103652,0.123997,0.000820,29288.653913,0.059000
2026-08-19,12:05:56,0.103652,0.123997,0.000820,29288.654733,0.059000
2026-08-19,12:05:57,0.103652,0.123997,0.000820,29288.655553,0.059000
2026-08-19,12:05:58,0.124059,0.123997,0.000820,29288.655553,0.059000
2026-08-19,12:05:58,0.103652,0.123997,0.000820,29288.656373,0.059000
2026-08-19,12:05:59,0.082922,0.123997,0.000820,29288.656373,0.059000
2026-08-19,12:06:00,0.082922,0.128116,0.000820,29288.657193,0.059000
2026-08-19,12:06:00,0.145113,0.128116,0.000850,29288.658013,0.059000
2026-08-19,12:06:01,0.103652,0.128089,0.000850,29288.658013,0.059000
2026-08-19,12:06:02,0.082922,0.123911,0.000820,29288.658863,0.059000
2026-08-19,12:06:02,0.138635,0.123911,0.000820,29288.659683,0.059000
2026-08-19,12:06:03,0.138635,0.123911,0.000820,29288.659683,0.059000
2026-08-19,12:06:04,0.103652,0.123911,0.000820,29288.660503,0.059000
2026-08-19,12:06:04,0.151267,0.126819,0.000840,29288.661323,0.059000
2026-08-19,12:06:05,0.165844,0.131185,0.000840,29288.661323,0.059000
2026-08-19,12:06:06,0.165844,0.133225,0.000870,29288.662163,0.059000
2026-08-19,12:06:06,0.144789,0.133225,0.000870,29288.663033,0.059000
2026-08-19,12:06:07,0.105565,0.129303,0.000850,29288.663033,0.059000
2026-08-19,12:06:08,0.144047,0.129303,0.000850,29288.663883,0.059000
2026-08-19,12:06:08,0.082497,0.129303,0.000850,29288.664733,0.059000
2026-08-19,12:06:09,0.082497,0.129303,0.000850,29288.664733,0.059000
2026-08-19,12:06:10,0.154359,0.132301,0.000870,29288.665583,0.059000
2026-08-19,12:06:10,0.082497,0.132301,0.000870,29288.666453,0.059000
2026-08-19,12:06:11,0.138891,0.131679,0.000870,29288.666453,0.059000
2026-08-19,12:06:12,0.138891,0.130004,0.000860,29288.667323,0.059000
2026-08-19,12:06:12,0.107633,0.130004,0.000860,29288.668183,0.059000
2026-08-19,12:06:13,0.103121,0.125804,0.000830,29288.668183,0.059000
2026-08-19,12:06:13,0.114526,0.126892,0.000840,29288.669013,0.059000
2026-08-19,12:06:14,0.130202,0.131620,0.000840,29288.669853,0.059000
2026-08-19,12:06:15,0.130202,0.131620,0.000870,29288.669853,0.059000
2026-08-19,12:06:15,0.144417,0.130935,0.000870,29288.670723,0.059000
2026-08-19,12:06:16,0.082709,0.130935,0.000870,29288.671593,0.059000
2026-08-19,12:06:17,0.103386,0.130935,0.000870,29288.671593,0.059000
2026-08-19,12:06:17,0.103386,0.130935,0.000870,29288.672463,0.059000
2026-08-19,12:06:18,0.103386,0.130935,0.000870,29288.673333,0.059000
2026-08-19,12:06:19,0.123740,0.130935,0.000870,29288.673333,0.059000
2026-08-19,12:06:19,0.123740,0.130935,0.000870,29288.674203,0.059000
2026-08-19,12:06:20,0.103386,0.130935,0.000870,29288.675073,0.059000
2026-08-19,12:06:21,0.103386,0.130935,0.000870,29288.675073,0.059000
2026-08-19,12:06:21,0.124063,0.130935,0.000870,29288.675943,0.059000
2026-08-19,12:06:22,0.144740,0.130935,0.000870,29288.676813,0.059000
2026-08-19,12:06:23,0.113542,0.130935,0.000870,29288.676813,0.059000
2026-08-19,12:06:23,0.113542,0.131152,0.000870,29288.677683,0.059000
2026-08-19,12:06:24,0.168015,0.131152,0.000870,29288.678553,0.059000
2026-08-19,12:06:25,0.082287,0.131152,0.000870,29288.678553,0.059000
2026-08-19,12:06:25,0.144001,0.131073,0.000870,29288.679423,0.059000
2026-08-19,12:06:26,0.185145,0.139031,0.000870,29288.680293,0.059000
2026-08-19,12:06:27,0.185145,0.142077,0.000940,29288.680293,0.059000
2026-08-19,12:06:27,0.184823,0.142077,0.000940,29288.681233,0.059000
2026-08-19,12:06:28,0.125682,0.142077,0.000940,29288.682173,0.059000
2026-08-19,12:06:29,0.121881,0.142077,0.000940,29288.682173,0.059000
2026-08-19,12:06:29,0.101568,0.142077,0.000940,29288.683113,0.059000
2026-08-19,12:06:30,0.101568,0.142077,0.000940,29288.684053,0.059000
2026-08-19,12:06:31,0.083352,0.142077,0.000940,29288.684053,0.059000
2026-08-19,12:06:31,0.091492,0.142077,0.000940,29288.684993,0.059000
2026-08-19,12:06:32,0.083352,0.142077,0.000940,29288.685933,0.059000
2026-08-19,12:06:33,0.083352,0.142077,0.000940,29288.685933,0.059000
2026-08-19,12:06:33,0.083352,0.142077,0.000940,29288.686873,0.059000
2026-08-19,12:06:34,0.119167,0.140105,0.000930,29288.687803,0.059000
2026-08-19,12:06:35,0.083352,0.140105,0.000930,29288.687803,0.059000
2026-08-19,12:06:35,0.127307,0.142073,0.000930,29288.688733,0.059000
2026-08-19,12:06:36,0.127307,0.142073,0.000940,29288.689673,0.059000
2026-08-19,12:06:37,0.125028,0.144263,0.000940,29288.689673,0.059000
2026-08-19,12:06:37,0.083352,0.144263,0.000950,29288.690623,0.059000
2026-08-19,12:06:38,0.166704,0.149481,0.000990,29288.691613,0.059000
2026-08-19,12:06:39,0.166704,0.149481,0.000990,29288.691613,0.059000
2026-08-19,12:06:39,0.082077,0.149481,0.000990,29288.692603,0.059000
2026-08-19,12:06:40,0.102597,0.149481,0.000990,29288.693593,0.059000
2026-08-19,12:06:41,0.082077,0.149481,0.000990,29288.693593,0.059000
2026-08-19,12:06:41,0.102597,0.149481,0.000990,29288.694583,0.059000
2026-08-19,12:06:42,0.102597,0.149481,0.000990,29288.695573,0.059000
2026-08-19,12:06:43,0.082077,0.149481,0.000990,29288.695573,0.059000
2026-08-19,12:06:43,0.084008,0.149481,0.000990,29288.696563,0.059000
2026-08-19,12:06:44,0.084008,0.149481,0.000990,29288.696563,0.059000
2026-08-19,12:06:45,0.125683,0.149029,0.000990,29288.697553,0.059000
2026-08-19,12:06:45,0.125683,0.149029,0.000990,29288.698543,0.059000
2026-08-19,12:06:46,0.123740,0.146961,0.000970,29288.698543,0.059000
2026-08-19,12:06:47,0.082709,0.146961,0.000970,29288.699513,0.059000
2026-08-19,12:06:47,0.107909,0.140951,0.000930,29288.700443,0.059000
2026-08-19,12:06:48,0.107909,0.136889,0.000910,29288.700443,0.059000
2026-08-19,12:06:49,0.103386,0.136889,0.000910,29288.701353,0.059000
2026-08-19,12:06:49,0.227449,0.136889,0.000910,29288.702263,0.059000
2026-08-19,12:06:50,0.103386,0.128713,0.000850,29288.702263,0.059000
2026-08-19,12:06:51,0.081458,0.118377,0.000850,29288.703113,0.059000
2026-08-19,12:06:51,0.081458,0.118377,0.000780,29288.703893,0.059000
2026-08-19,12:06:52,0.124059,0.118377,0.000780,29288.703893,0.059000
2026-08-19,12:06:53,0.124383,0.118377,0.000780,29288.704673,0.059000
2026-08-19,12:06:53,0.103652,0.118377,0.000780,29288.705453,0.059000
2026-08-19,12:06:54,0.103652,0.118377,0.000780,29288.705453,0.059000
2026-08-19,12:06:55,0.163523,0.118377,0.000780,29288.706233,0.059000
2026-08-19,12:06:55,0.168458,0.118377,0.000780,29288.707013,0.059000
2026-08-19,12:06:56,0.102597,0.116720,0.000780,29288.707013,0.059000
2026-08-19,12:06:57,0.122796,0.116269,0.000770,29288.707783,0.059000
2026-08-19,12:06:57,0.122796,0.114026,0.000750,29288.708553,0.059000
2026-08-19,12:06:58,0.102597,0.114026,0.000750,29288.708553,0.059000
2026-08-19,12:06:59,0.163834,0.114026,0.000750,29288.709303,0.059000
2026-08-19,12:06:59,0.143315,0.114026,0.000750,29288.710053,0.059000
2026-08-19,12:07:00,0.082719,0.105627,0.000750,29288.710053,0.059000
2026-08-19,12:07:01,0.082719,0.105627,0.000700,29288.710803,0.059000
2026-08-19,12:07:01,0.119910,0.105627,0.000700,29288.711503,0.059000
2026-08-19,12:07:02,0.120231,0.105627,0.000700,29288.711503,0.059000
2026-08-19,12:07:03,0.087421,0.105627,0.000700,29288.712203,0.059000
2026-08-19,12:07:03,0.087421,0.105627,0.000700,29288.712903,0.059000
2026-08-19,12:07:04,0.153070,0.105627,0.000700,29288.712903,0.059000
2026-08-19,12:07:05,0.146629,0.105627,0.000700,29288.713603,0.059000
2026-08-19,12:07:05,0.081870,0.101246,0.000670,29288.714303,0.059000
2026-08-19,12:07:06,0.122485,0.101246,0.000670,29288.714303,0.059000
2026-08-19,12:07:07,0.122485,0.101246,0.000670,29288.714973,0.059000
2026-08-19,12:07:07,0.145488,0.101246,0.000670,29288.715643,0.059000
2026-08-19,12:07:08,0.145488,0.101246,0.000670,29288.715643,0.059000
2026-08-19,12:07:09,0.083136,0.097185,0.000640,29288.716313,0.059000
2026-08-19,12:07:09,0.083136,0.096786,0.000640,29288.716953,0.059000
2026-08-19,12:07:10,0.103920,0.096786,0.000640,29288.716953,0.059000
2026-08-19,12:07:11,0.083136,0.094761,0.000630,29288.717593,0.059000
2026-08-19,12:07:11,0.124704,0.094761,0.000630,29288.718223,0.059000
2026-08-19,12:07:12,0.083136,0.092736,0.000630,29288.718223,0.059000
2026-08-19,12:07:13,0.083136,0.094983,0.000630,29288.718853,0.059000
2026-08-19,12:07:13,0.103920,0.094983,0.000630,29288.719483,0.059000
2026-08-19,12:07:14,0.121564,0.096879,0.000640,29288.719483,0.059000
2026-08-19,12:07:14,0.103652,0.094965,0.000630,29288.720123,0.059000
2026-08-19,12:07:15,0.103652,0.095071,0.000630,29288.720753,0.059000
2026-08-19,12:07:16,0.103652,0.095071,0.000630,29288.720753,0.059000
2026-08-19,12:07:16,0.105272,0.097326,0.000640,29288.721383,0.059000
2026-08-19,12:07:17,0.103652,0.099504,0.000640,29288.722023,0.059000
2026-08-19,12:07:18,0.084215,0.099612,0.000660,29288.722023,0.059000
2026-08-19,12:07:18,0.084215,0.099612,0.000660,29288.722683,0.059000
2026-08-19,12:07:19,0.122176,0.099612,0.000660,29288.723343,0.059000
2026-08-19,12:07:20,0.083136,0.097534,0.000640,29288.723343,0.059000
2026-08-19,12:07:20,0.103920,0.099612,0.000640,29288.723983,0.059000
2026-08-19,12:07:21,0.083136,0.099612,0.000660,29288.724643,0.059000
2026-08-19,12:07:22,0.083136,0.099612,0.000660,29288.724643,0.059000
2026-08-19,12:07:22,0.103920,0.099612,0.000660,29288.725303,0.059000
2026-08-19,12:07:23,0.145488,0.099612,0.000660,29288.725963,0.059000
2026-08-19,12:07:24,0.184207,0.099612,0.000660,29288.725963,0.059000
2026-08-19,12:07:24,0.184207,0.099612,0.000660,29288.726623,0.059000
2026-08-19,12:07:25,0.167576,0.099612,0.000660,29288.727283,0.059000
2026-08-19,12:07:26,0.103121,0.097768,0.000650,29288.727283,0.059000
2026-08-19,12:07:26,0.146685,0.097768,0.000650,29288.727933,0.059000
2026-08-19,12:07:27,0.126012,0.097768,0.000650,29288.728583,0.059000
2026-08-19,12:07:28,0.126012,0.097768,0.000650,29288.728583,0.059000
2026-08-19,12:07:28,0.147014,0.097768,0.000650,29288.729233,0.059000
2026-08-19,12:07:29,0.082497,0.095652,0.000630,29288.729863,0.059000
2026-08-19,12:07:30,0.144370,0.095652,0.000630,29288.729863,0.059000
2026-08-19,12:07:30,0.092487,0.094536,0.000630,29288.730493,0.059000
2026-08-19,12:07:31,0.092487,0.094536,0.000620,29288.731113,0.059000
2026-08-19,12:07:32,0.126968,0.094536,0.000620,29288.731113,0.059000
2026-08-19,12:07:32,0.082497,0.092258,0.000620,29288.731733,0.059000
2026-08-19,12:07:33,0.146301,0.092258,0.000610,29288.732343,0.059000
2026-08-19,12:07:34,0.146301,0.092258,0.000610,29288.732343,0.059000
2026-08-19,12:07:34,0.123108,0.092258,0.000610,29288.732953,0.059000
2026-08-19,12:07:35,0.123430,0.092258,0.000610,29288.733563,0.059000
2026-08-19,12:07:36,0.164252,0.092258,0.000610,29288.733563,0.059000
2026-08-19,12:07:36,0.144001,0.092258,0.000610,29288.734173,0.059000
2026-08-19,12:07:37,0.144001,0.090122,0.000610,29288.734783,0.059000
2026-08-19,12:07:38,0.082287,0.090122,0.000610,29288.734783,0.059000
2026-08-19,12:07:38,0.125027,0.090122,0.000590,29288.735373,0.059000
2026-08-19,12:07:39,0.166812,0.090122,0.000590,29288.735963,0.059000
2026-08-19,12:07:40,0.166812,0.090122,0.000590,29288.735963,0.059000
2026-08-19,12:07:40,0.166812,0.090122,0.000590,29288.736553,0.059000
2026-08-19,12:07:41,0.083569,0.090057,0.000590,29288.737143,0.059000
2026-08-19,12:07:42,0.178237,0.090057,0.000590,29288.737143,0.059000
2026-08-19,12:07:42,0.130250,0.090057,0.000590,29288.737733,0.059000
2026-08-19,12:07:43,0.130250,0.090057,0.000590,29288.738323,0.059000
2026-08-19,12:07:44,0.112296,0.090057,0.000590,29288.738323,0.059000
2026-08-19,12:07:44,0.145920,0.090057,0.000590,29288.738913,0.059000
2026-08-19,12:07:45,0.146246,0.090057,0.000590,29288.738913,0.059000
2026-08-19,12:07:46,0.125027,0.090057,0.000590,29288.739503,0.059000
2026-08-19,12:07:46,0.125027,0.090057,0.000590,29288.740093,0.059000
2026-08-19,12:07:47,0.083569,0.090100,0.000590,29288.740093,0.059000
2026-08-19,12:07:48,0.131883,0.090100,0.000590,29288.740683,0.059000
2026-08-19,12:07:48,0.119478,0.090100,0.000590,29288.741273,0.059000
2026-08-19,12:07:49,0.119478,0.090100,0.000590,29288.741273,0.059000
2026-08-19,12:07:50,0.104461,0.090100,0.000590,29288.741863,0.059000
2026-08-19,12:07:50,0.125354,0.090100,0.000590,29288.742453,0.059000
2026-08-19,12:07:51,0.083569,0.088065,0.000590,29288.742453,0.059000
2026-08-19,12:07:52,0.082287,0.087980,0.000580,29288.743033,0.059000
2026-08-19,12:07:52,0.082287,0.087980,0.000580,29288.743613,0.059000
2026-08-19,12:07:53,0.102858,0.087874,0.000580,29288.743613,0.059000
2026-08-19,12:07:54,0.124394,0.090001,0.000590,29288.744203,0.059000
2026-08-19,12:07:54,0.153428,0.097094,0.000640,29288.744843,0.059000
2026-08-19,12:07:55,0.153428,0.103646,0.000640,29288.744843,0.059000
2026-08-19,12:07:56,0.157998,0.103646,0.000680,29288.745523,0.059000
2026-08-19,12:07:56,0.104461,0.103646,0.000680,29288.746203,0.059000
2026-08-19,12:07:57,0.205716,0.103646,0.000680,29288.746203,0.059000
2026-08-19,12:07:58,0.087108,0.104107,0.000680,29288.746883,0.059000
2026-08-19,12:07:58,0.087108,0.104107,0.000690,29288.747563,0.059000
2026-08-19,12:07:59,0.144001,0.104107,0.000690,29288.747563,0.059000
2026-08-19,12:08:00,0.082287,0.104107,0.000690,29288.748253,0.059000
2026-08-19,12:08:00,0.144001,0.104107,0.000690,29288.748943,0.059000
2026-08-19,12:08:01,0.144001,0.104107,0.000690,29288.748943,0.059000
2026-08-19,12:08:02,0.102858,0.104107,0.000690,29288.749633,0.059000
2026-08-19,12:08:02,0.082287,0.104107,0.000690,29288.750323,0.059000
2026-08-19,12:08:03,0.082287,0.104107,0.000690,29288.750323,0.059000
2026-08-19,12:08:04,0.123108,0.108061,0.000710,29288.751013,0.059000
2026-08-19,12:08:04,0.123108,0.108061,0.000710,29288.751723,0.059000
2026-08-19,12:08:05,0.164252,0.108061,0.000710,29288.751723,0.059000
2026-08-19,12:08:06,0.146629,0.108061,0.000710,29288.752433,0.059000
2026-08-19,12:08:06,0.081458,0.107849,0.000710,29288.753143,0.059000
2026-08-19,12:08:07,0.081458,0.107785,0.000710,29288.753143,0.059000
2026-08-19,12:08:08,0.082922,0.107785,0.000710,29288.753853,0.059000
2026-08-19,12:08:08,0.124383,0.107785,0.000710,29288.754563,0.059000
2026-08-19,12:08:09,0.114989,0.107785,0.000710,29288.754563,0.059000
2026-08-19,12:08:09,0.103652,0.107785,0.000710,29288.755273,0.059000
2026-08-19,12:08:10,0.103652,0.107785,0.000710,29288.755983,0.059000
2026-08-19,12:08:11,0.082922,0.107785,0.000710,29288.755983,0.059000
2026-08-19,12:08:11,0.217346,0.107785,0.000710,29288.756693,0.059000
2026-08-19,12:08:12,0.082922,0.107848,0.000710,29288.757403,0.059000
2026-08-19,12:08:13,0.082922,0.107928,0.000710,29288.757403,0.059000
2026-08-19,12:08:13,0.103652,0.107928,0.000710,29288.758113,0.059000
2026-08-19,12:08:14,0.189187,0.107928,0.000710,29288.758823,0.059000
2026-08-19,12:08:15,0.102858,0.105774,0.000700,29288.758823,0.059000
2026-08-19,12:08:15,0.102858,0.100717,0.000700,29288.759523,0.059000
2026-08-19,12:08:16,0.102858,0.097260,0.000660,29288.760183,0.059000
2026-08-19,12:08:17,0.123430,0.097260,0.000640,29288.760183,0.059000
2026-08-19,12:08:17,0.161037,0.097260,0.000640,29288.760823,0.059000
2026-08-19,12:08:18,0.083788,0.096928,0.000640,29288.760823,0.059000
2026-08-19,12:08:19,0.083788,0.096928,0.000640,29288.761463,0.059000
2026-08-19,12:08:19,0.158739,0.096928,0.000640,29288.762103,0.059000
2026-08-19,12:08:20,0.125682,0.096928,0.000640,29288.762103,0.059000
2026-08-19,12:08:21,0.156447,0.096928,0.000640,29288.762743,0.059000
2026-08-19,12:08:21,0.083788,0.097078,0.000640,29288.763383,0.059000
2026-08-19,12:08:22,0.083788,0.097078,0.000640,29288.763383,0.059000
2026-08-19,12:08:23,0.142046,0.097078,0.000640,29288.764023,0.059000
2026-08-19,12:08:23,0.082287,0.092996,0.000640,29288.764663,0.059000
2026-08-19,12:08:24,0.102858,0.095136,0.000630,29288.764663,0.059000
2026-08-19,12:08:25,0.126012,0.099445,0.000660,29288.765293,0.059000
2026-08-19,12:08:25,0.126012,0.099445,0.000660,29288.765953,0.059000
2026-08-19,12:08:26,0.115689,0.102722,0.000680,29288.765953,0.059000
2026-08-19,12:08:27,0.085649,0.100922,0.000670,29288.766633,0.059000
2026-08-19,12:08:27,0.105010,0.101137,0.000670,29288.767303,0.059000
2026-08-19,12:08:28,0.105010,0.101352,0.000670,29288.767303,0.059000
2026-08-19,12:08:29,0.105010,0.101352,0.000670,29288.767973,0.059000
2026-08-19,12:08:29,0.103121,0.099321,0.000660,29288.768633,0.059000
2026-08-19,12:08:30,0.103121,0.101254,0.000670,29288.768633,0.059000
2026-08-19,12:08:31,0.111822,0.104058,0.000670,29288.769303,0.059000
2026-08-19,12:08:31,0.111822,0.104058,0.000690,29288.769993,0.059000
2026-08-19,12:08:32,0.082497,0.104079,0.000690,29288.769993,0.059000
2026-08-19,12:08:33,0.153070,0.104079,0.000690,29288.770683,0.059000
2026-08-19,12:08:33,0.103121,0.104105,0.000690,29288.771373,0.059000
2026-08-19,12:08:34,0.103121,0.104105,0.000690,29288.771373,0.059000
2026-08-19,12:08:35,0.144047,0.104105,0.000690,29288.772063,0.059000
2026-08-19,12:08:35,0.138810,0.104105,0.000690,29288.772753,0.059000
2026-08-19,12:08:36,0.087617,0.100266,0.000660,29288.772753,0.059000
2026-08-19,12:08:37,0.147014,0.100266,0.000660,29288.773413,0.059000
2026-08-19,12:08:37,0.147014,0.100266,0.000660,29288.774073,0.059000
2026-08-19,12:08:38,0.164252,0.100266,0.000660,29288.774073,0.059000
2026-08-19,12:08:39,0.144001,0.100266,0.000660,29288.774733,0.059000
2026-08-19,12:08:39,0.082287,0.096925,0.000640,29288.775373,0.059000
2026-08-19,12:08:40,0.082287,0.096925,0.000640,29288.775373,0.059000
2026-08-19,12:08:41,0.184823,0.096925,0.000640,29288.776013,0.059000
2026-08-19,12:08:41,0.110573,0.099418,0.000660,29288.776673,0.059000
2026-08-19,12:08:42,0.123430,0.101260,0.000670,29288.776673,0.059000
2026-08-19,12:08:43,0.136930,0.104452,0.000670,29288.777343,0.059000
2026-08-19,12:08:43,0.136930,0.104452,0.000690,29288.778033,0.059000
2026-08-19,12:08:44,0.123430,0.106483,0.000690,29288.778033,0.059000
2026-08-19,12:08:45,0.082287,0.106483,0.000700,29288.778733,0.059000
2026-08-19,12:08:45,0.085822,0.106483,0.000700,29288.779433,0.059000
2026-08-19,12:08:46,0.085822,0.106483,0.000700,29288.779433,0.059000
2026-08-19,12:08:47,0.146246,0.106483,0.000700,29288.780133,0.059000
2026-08-19,12:08:47,0.114255,0.106483,0.000700,29288.780833,0.059000
2026-08-19,12:08:48,0.083569,0.106483,0.000700,29288.780833,0.059000
2026-08-19,12:08:49,0.166812,0.106483,0.000700,29288.781533,0.059000
2026-08-19,12:08:49,0.166812,0.106483,0.000700,29288.782233,0.059000
2026-08-19,12:08:50,0.125354,0.106483,0.000700,29288.782233,0.059000
2026-08-19,12:08:51,0.121110,0.106483,0.000700,29288.782933,0.059000
2026-08-19,12:08:51,0.104461,0.106483,0.000700,29288.783633,0.059000
2026-08-19,12:08:52,0.104461,0.106483,0.000700,29288.783633,0.059000
2026-08-19,12:08:53,0.104461,0.106483,0.000700,29288.784333,0.059000
2026-08-19,12:08:53,0.104461,0.106483,0.000700,29288.785033,0.059000
2026-08-19,12:08:54,0.102597,0.106483,0.000700,29288.785033,0.059000
2026-08-19,12:08:54,0.102597,0.106483,0.000700,29288.785733,0.059000
2026-08-19,12:08:55,0.102597,0.106483,0.000700,29288.786433,0.059000
2026-08-19,12:08:56,0.123116,0.106483,0.000700,29288.786433,0.059000
2026-08-19,12:08:56,0.102597,0.115757,0.000760,29288.787193,0.059000
2026-08-19,12:08:57,0.102597,0.109335,0.000720,29288.787913,0.059000
2026-08-19,12:08:58,0.082077,0.105008,0.000720,29288.787913,0.059000
2026-08-19,12:08:58,0.082077,0.101104,0.000690,29288.788603,0.059000
2026-08-19,12:08:59,0.082077,0.101104,0.000690,29288.789273,0.059000
2026-08-19,12:09:00,0.122796,0.101104,0.000670,29288.789273,0.059000
2026-08-19,12:09:00,0.082077,0.098866,0.000650,29288.789923,0.059000
2026-08-19,12:09:01,0.083569,0.096777,0.000650,29288.790563,0.059000
2026-08-19,12:09:02,0.083569,0.096777,0.000640,29288.790563,0.059000
2026-08-19,12:09:02,0.102597,0.096590,0.000640,29288.791203,0.059000
2026-08-19,12:09:03,0.112215,0.097552,0.000640,29288.791843,0.059000
2026-08-19,12:09:04,0.098004,0.097093,0.000640,29288.791843,0.059000
2026-08-19,12:09:04,0.098004,0.097093,0.000640,29288.792483,0.059000
2026-08-19,12:09:05,0.143636,0.097093,0.000640,29288.793123,0.059000
2026-08-19,12:09:06,0.104516,0.097093,0.000640,29288.793123,0.059000
2026-08-19,12:09:06,0.083352,0.097093,0.000640,29288.793763,0.059000
2026-08-19,12:09:07,0.163774,0.097093,0.000640,29288.794403,0.059000
2026-08-19,12:09:08,0.163774,0.097093,0.000640,29288.794403,0.059000
2026-08-19,12:09:08,0.104190,0.095200,0.000630,29288.795043,0.059000
2026-08-19,12:09:09,0.141071,0.095200,0.000630,29288.795673,0.059000
2026-08-19,12:09:10,0.146629,0.095200,0.000630,29288.795673,0.059000
2026-08-19,12:09:10,0.146629,0.093319,0.000620,29288.796303,0.059000
2026-08-19,12:09:11,0.083788,0.093319,0.000620,29288.796303,0.059000
2026-08-19,12:09:12,0.104735,0.093533,0.000620,29288.796923,0.059000
2026-08-19,12:09:12,0.138506,0.093533,0.000620,29288.797543,0.059000
2026-08-19,12:09:13,0.143636,0.093533,0.000620,29288.797543,0.059000
2026-08-19,12:09:14,0.143636,0.093533,0.000620,29288.798163,0.059000
2026-08-19,12:09:14,0.102597,0.093533,0.000620,29288.798783,0.059000
2026-08-19,12:09:15,0.143315,0.093533,0.000620,29288.798783,0.059000
2026-08-19,12:09:16,0.082077,0.093533,0.000620,29288.799403,0.059000
2026-08-19,12:09:16,0.091696,0.094495,0.000620,29288.800023,0.059000
2026-08-19,12:09:17,0.091696,0.094495,0.000620,29288.800023,0.059000
2026-08-19,12:09:18,0.160307,0.094495,0.000620,29288.800643,0.059000
2026-08-19,12:09:18,0.101314,0.096419,0.000620,29288.801263,0.059000
2026-08-19,12:09:19,0.125354,0.100597,0.000640,29288.801263,0.059000
2026-08-19,12:09:20,0.125354,0.100783,0.000670,29288.801903,0.059000
2026-08-19,12:09:20,0.104461,0.100783,0.000670,29288.802573,0.059000
2026-08-19,12:09:21,0.146246,0.100783,0.000670,29288.802573,0.059000
2026-08-19,12:09:22,0.164573,0.100783,0.000670,29288.803243,0.059000
2026-08-19,12:09:22,0.145287,0.100783,0.000670,29288.803913,0.059000
2026-08-19,12:09:23,0.145287,0.100783,0.000670,29288.803913,0.059000
2026-08-19,12:09:24,0.102858,0.100783,0.000670,29288.804583,0.059000
2026-08-19,12:09:24,0.144001,0.100783,0.000670,29288.805253,0.059000
2026-08-19,12:09:25,0.125354,0.100783,0.000670,29288.805253,0.059000
2026-08-19,12:09:26,0.125354,0.100783,0.000670,29288.805923,0.059000
2026-08-19,12:09:26,0.146301,0.100783,0.000670,29288.806593,0.059000
2026-08-19,12:09:27,0.083788,0.097941,0.000650,29288.806593,0.059000
2026-08-19,12:09:28,0.125682,0.097941,0.000650,29288.807243,0.059000
2026-08-19,12:09:28,0.125682,0.097941,0.000650,29288.807893,0.059000
2026-08-19,12:09:29,0.125682,0.096519,0.000650,29288.807893,0.059000
2026-08-19,12:09:30,0.083788,0.096519,0.000650,29288.808543,0.059000
2026-08-19,12:09:30,0.083788,0.094479,0.000620,29288.809163,0.059000
2026-08-19,12:09:31,0.125354,0.094479,0.000620,29288.809163,0.059000
2026-08-19,12:09:32,0.083788,0.094479,0.000620,29288.809783,0.059000
2026-08-19,12:09:32,0.083788,0.094479,0.000620,29288.810403,0.059000
2026-08-19,12:09:33,0.104735,0.094479,0.000620,29288.810403,0.059000
2026-08-19,12:09:34,0.104735,0.096745,0.000620,29288.811023,0.059000
2026-08-19,12:09:34,0.115129,0.099088,0.000640,29288.811663,0.059000
2026-08-19,12:09:35,0.115129,0.099088,0.000650,29288.811663,0.059000
2026-08-19,12:09:36,0.174613,0.099088,0.000650,29288.812313,0.059000
2026-08-19,12:09:36,0.159582,0.099088,0.000650,29288.812963,0.059000
2026-08-19,12:09:37,0.119478,0.099088,0.000650,29288.812963,0.059000
2026-08-19,12:09:38,0.104461,0.099088,0.000650,29288.813613,0.059000
2026-08-19,12:09:38,0.104461,0.099088,0.000650,29288.814263,0.059000
2026-08-19,12:09:39,0.144001,0.099088,0.000650,29288.814263,0.059000
2026-08-19,12:09:40,0.093537,0.098310,0.000650,29288.814913,0.059000
2026-08-19,12:09:40,0.082287,0.094003,0.000620,29288.815533,0.059000
2026-08-19,12:09:41,0.082287,0.091786,0.000610,29288.815533,0.059000
2026-08-19,12:09:42,0.082287,0.091786,0.000610,29288.816143,0.059000
2026-08-19,12:09:42,0.123430,0.091786,0.000610,29288.816753,0.059000
2026-08-19,12:09:43,0.110251,0.091786,0.000610,29288.816753,0.059000
2026-08-19,12:09:44,0.156859,0.091786,0.000610,29288.817363,0.059000
2026-08-19,12:09:44,0.156859,0.091786,0.000610,29288.817973,0.059000
2026-08-19,12:09:45,0.102858,0.093693,0.000610,29288.817973,0.059000
2026-08-19,12:09:46,0.150430,0.093693,0.000620,29288.818593,0.059000
2026-08-19,12:09:46,0.146301,0.093693,0.000620,29288.819213,0.059000
2026-08-19,12:09:47,0.146301,0.093693,0.000620,29288.819213,0.059000
2026-08-19,12:09:48,0.104735,0.093693,0.000620,29288.819833,0.059000
2026-08-19,12:09:48,0.127645,0.093693,0.000620,29288.820453,0.059000
2026-08-19,12:09:49,0.082497,0.093564,0.000620,29288.820453,0.059000
2026-08-19,12:09:50,0.082497,0.093435,0.000620,29288.821073,0.059000
2026-08-19,12:09:50,0.082497,0.093435,0.000620,29288.821693,0.059000
2026-08-19,12:09:51,0.115045,0.093435,0.000620,29288.821693,0.059000
2026-08-19,12:09:52,0.103121,0.093435,0.000620,29288.822313,0.059000
2026-08-19,12:09:52,0.164672,0.093435,0.000620,29288.822933,0.059000
2026-08-19,12:09:53,0.082497,0.093306,0.000620,29288.822933,0.059000
2026-08-19,12:09:54,0.082497,0.093306,0.000620,29288.823553,0.059000
2026-08-19,12:09:54,0.121881,0.093306,0.000620,29288.824173,0.059000
2026-08-19,12:09:55,0.162191,0.093306,0.000620,29288.824173,0.059000
2026-08-19,12:09:56,0.113111,0.094143,0.000620,29288.824793,0.059000
2026-08-19,12:09:56,0.113111,0.094143,0.000620,29288.825413,0.059000
2026-08-19,12:09:57,0.190130,0.094143,0.000620,29288.825413,0.059000
2026-08-19,12:09:58,0.185618,0.094143,0.000620,29288.826033,0.059000
2026-08-19,12:09:58,0.123745,0.094143,0.000620,29288.826653,0.059000
2026-08-19,12:09:59,0.144370,0.094143,0.000620,29288.826653,0.059000
2026-08-19,12:10:00,0.144370,0.094143,0.000620,29288.827273,0.059000
2026-08-19,12:10:00,0.103121,0.094143,0.000620,29288.827893,0.059000
2026-08-19,12:10:01,0.123745,0.094143,0.000620,29288.827893,0.059000
2026-08-19,12:10:01,0.185618,0.094143,0.000620,29288.828513,0.059000
2026-08-19,12:10:02,0.185618,0.094143,0.000620,29288.828513,0.059000
2026-08-19,12:10:03,0.144370,0.094143,0.000620,29288.829133,0.059000
2026-08-19,12:10:03,0.123745,0.094143,0.000620,29288.829753,0.059000
2026-08-19,12:10:04,0.103766,0.094143,0.000620,29288.829753,0.059000
2026-08-19,12:10:05,0.082497,0.094143,0.000620,29288.830373,0.059000
2026-08-19,12:10:05,0.082497,0.094143,0.000620,29288.830993,0.059000
2026-08-19,12:10:06,0.082497,0.094143,0.000620,29288.830993,0.059000
2026-08-19,12:10:07,0.244268,0.094143,0.000620,29288.831613,0.059000
2026-08-19,12:10:07,0.205920,0.094143,0.000620,29288.832233,0.059000
2026-08-19,12:10:08,0.205920,0.091920,0.000620,29288.832233,0.059000
2026-08-19,12:10:09,0.082497,0.091920,0.000610,29288.832853,0.059000
2026-08-19,12:10:09,0.084008,0.088807,0.000590,29288.833463,0.059000
2026-08-19,12:10:10,0.084008,0.087855,0.000590,29288.833463,0.059000
2026-08-19,12:10:11,0.103121,0.089938,0.000590,29288.834053,0.059000
2026-08-19,12:10:11,0.103121,0.092021,0.000590,29288.834643,0.059000
2026-08-19,12:10:12,0.103121,0.092021,0.000610,29288.834643,0.059000
2026-08-19,12:10:13,0.123745,0.094110,0.000620,29288.835253,0.059000
2026-08-19,12:10:13,0.206242,0.094110,0.000620,29288.835873,0.059000
2026-08-19,12:10:14,0.083788,0.094239,0.000620,29288.835873,0.059000
2026-08-19,12:10:15,0.083788,0.094239,0.000620,29288.836493,0.059000
2026-08-19,12:10:15,0.167248,0.094239,0.000620,29288.837113,0.059000
2026-08-19,12:10:16,0.082077,0.094197,0.000620,29288.837113,0.059000
2026-08-19,12:10:17,0.102597,0.096207,0.000630,29288.837733,0.059000
2026-08-19,12:10:17,0.102597,0.095156,0.000630,29288.838363,0.059000
2026-08-19,12:10:18,0.102597,0.095156,0.000630,29288.838363,0.059000
2026-08-19,12:10:19,0.123116,0.099218,0.000650,29288.838993,0.059000
2026-08-19,12:10:19,0.082077,0.099218,0.000650,29288.839643,0.059000
2026-08-19,12:10:20,0.184674,0.099218,0.000650,29288.839643,0.059000
2026-08-19,12:10:21,0.184674,0.099218,0.000650,29288.840293,0.059000
2026-08-19,12:10:21,0.082077,0.099025,0.000650,29288.840943,0.059000
2026-08-19,12:10:22,0.083569,0.098981,0.000650,29288.840943,0.059000
2026-08-19,12:10:23,0.143680,0.098981,0.000650,29288.841593,0.059000
2026-08-19,12:10:23,0.143680,0.098981,0.000650,29288.842243,0.059000
2026-08-19,12:10:24,0.123430,0.098981,0.000650,29288.842243,0.059000
2026-08-19,12:10:25,0.116358,0.098981,0.000650,29288.842893,0.059000
2026-08-19,12:10:25,0.205716,0.098981,0.000650,29288.843543,0.059000
2026-08-19,12:10:26,0.112180,0.099887,0.000660,29288.843543,0.059000
2026-08-19,12:10:27,0.112180,0.099887,0.000660,29288.844203,0.059000
2026-08-19,12:10:27,0.083569,0.097932,0.000650,29288.844853,0.059000
2026-08-19,12:10:28,0.083569,0.093914,0.000620,29288.844853,0.059000
2026-08-19,12:10:29,0.125354,0.093914,0.000620,29288.845473,0.059000
2026-08-19,12:10:29,0.125354,0.093914,0.000620,29288.846093,0.059000
2026-08-19,12:10:30,0.125354,0.093914,0.000620,29288.846093,0.059000
2026-08-19,12:10:31,0.130250,0.093914,0.000620,29288.846713,0.059000
2026-08-19,12:10:31,0.114581,0.093914,0.000620,29288.847333,0.059000
2026-08-19,12:10:32,0.083569,0.093914,0.000620,29288.847333,0.059000
2026-08-19,12:10:33,0.083569,0.093914,0.000620,29288.847953,0.059000
2026-08-19,12:10:33,0.146246,0.093914,0.000620,29288.848573,0.059000
2026-08-19,12:10:34,0.104461,0.093914,0.000620,29288.848573,0.059000
2026-08-19,12:10:35,0.125027,0.093914,0.000620,29288.849193,0.059000
2026-08-19,12:10:35,0.104461,0.093914,0.000620,29288.849813,0.059000
2026-08-19,12:10:36,0.104461,0.093914,0.000620,29288.849813,0.059000
2026-08-19,12:10:37,0.125027,0.093914,0.000620,29288.850433,0.059000
2026-08-19,12:10:37,0.082077,0.093743,0.000620,29288.851053,0.059000
2026-08-19,12:10:38,0.082077,0.093743,0.000600,29288.851053,0.058000
2026-08-19,12:10:39,0.082077,0.093743,0.000600,29288.851653,0.058000
2026-08-19,12:10:39,0.191407,0.093743,0.000600,29288.852253,0.058000
2026-08-19,12:10:40,0.083352,0.091818,0.000590,29288.852253,0.058000
2026-08-19,12:10:41,0.083352,0.089894,0.000590,29288.852843,0.058000
2026-08-19,12:10:41,0.083352,0.085918,0.000550,29288.853393,0.058000
2026-08-19,12:10:42,0.083352,0.085918,0.000550,29288.853393,0.058000
2026-08-19,12:10:43,0.124702,0.085918,0.000550,29288.853943,0.058000
2026-08-19,12:10:43,0.125028,0.085918,0.000550,29288.854493,0.058000
2026-08-19,12:10:44,0.083352,0.086045,0.000550,29288.854493,0.058000
2026-08-19,12:10:45,0.083352,0.086045,0.000550,29288.855043,0.058000
2026-08-19,12:10:45,0.187542,0.086045,0.000550,29288.855043,0.058000
2026-08-19,12:10:46,0.124702,0.086045,0.000550,29288.855593,0.058000
2026-08-19,12:10:47,0.104190,0.086045,0.000550,29288.856143,0.058000
2026-08-19,12:10:47,0.183742,0.086045,0.000550,29288.856143,0.058000
2026-08-19,12:10:48,0.183742,0.086045,0.000550,29288.856693,0.058000
2026-08-19,12:10:49,0.085201,0.086208,0.000550,29288.857243,0.058000
2026-08-19,12:10:49,0.125354,0.086208,0.000550,29288.857243,0.058000
2026-08-19,12:10:50,0.083569,0.083347,0.000550,29288.857793,0.058000
2026-08-19,12:10:51,0.083569,0.083804,0.000530,29288.858323,0.058000
2026-08-19,12:10:51,0.088139,0.083804,0.000540,29288.858323,0.058000
2026-08-19,12:10:52,0.125027,0.083804,0.000540,29288.858863,0.058000
2026-08-19,12:10:53,0.083569,0.083804,0.000540,29288.859403,0.058000
2026-08-19,12:10:53,0.083569,0.083953,0.000540,29288.859403,0.058000
2026-08-19,12:10:54,0.083569,0.083953,0.000540,29288.859943,0.059000
2026-08-19,12:10:54,0.155386,0.083953,0.000550,29288.860493,0.059000
2026-08-19,12:10:55,0.128292,0.083953,0.000550,29288.860493,0.059000
2026-08-19,12:10:56,0.083569,0.084103,0.000550,29288.861043,0.059000
2026-08-19,12:10:56,0.122804,0.084103,0.000550,29288.861593,0.059000
2026-08-19,12:10:57,0.122804,0.084103,0.000550,29288.861593,0.059000
2026-08-19,12:10:58,0.167138,0.084103,0.000550,29288.862143,0.059000
2026-08-19,12:10:58,0.104461,0.086213,0.000570,29288.862713,0.059000
2026-08-19,12:10:59,0.083569,0.086235,0.000570,29288.862713,0.059000
2026-08-19,12:11:00,0.083569,0.088346,0.000570,29288.863283,0.059000
2026-08-19,12:11:00,0.104461,0.088346,0.000580,29288.863863,0.059000
2026-08-19,12:11:01,0.102858,0.090297,0.000580,29288.863863,0.059000
2026-08-19,12:11:02,0.102858,0.092062,0.000610,29288.864473,0.059000
2026-08-19,12:11:02,0.115715,0.095277,0.000630,29288.865103,0.059000
2026-08-19,12:11:03,0.115715,0.095277,0.000630,29288.865103,0.059000
2026-08-19,12:11:04,0.205395,0.095277,0.000630,29288.865733,0.059000
2026-08-19,12:11:04,0.102858,0.096749,0.000640,29288.866373,0.059000
2026-08-19,12:11:05,0.102858,0.098678,0.000640,29288.866373,0.059000
2026-08-19,12:11:06,0.102858,0.102664,0.000650,29288.867023,0.059000
2026-08-19,12:11:06,0.123430,0.102664,0.000680,29288.867673,0.059000
2026-08-19,12:11:07,0.082287,0.102664,0.000680,29288.867673,0.059000
2026-08-19,12:11:08,0.082287,0.102664,0.000680,29288.868353,0.059000
2026-08-19,12:11:08,0.082287,0.102664,0.000680,29288.869033,0.059000
2026-08-19,12:11:09,0.082287,0.102664,0.000680,29288.869033,0.059000
2026-08-19,12:11:10,0.243526,0.102664,0.000680,29288.869713,0.059000
2026-08-19,12:11:10,0.142329,0.102664,0.000680,29288.870393,0.059000
2026-08-19,12:11:11,0.083569,0.102664,0.000680,29288.870393,0.059000
2026-08-19,12:11:12,0.083569,0.100575,0.000660,29288.871073,0.059000
2026-08-19,12:11:12,0.083569,0.100575,0.000660,29288.871733,0.059000
2026-08-19,12:11:13,0.146246,0.100575,0.000660,29288.871733,0.059000
2026-08-19,12:11:14,0.208597,0.100575,0.000660,29288.872393,0.059000
2026-08-19,12:11:14,0.121869,0.104405,0.000660,29288.873053,0.059000
2026-08-19,12:11:15,0.121869,0.104405,0.000690,29288.873053,0.059000
2026-08-19,12:11:16,0.081458,0.104405,0.000690,29288.873743,0.059000
2026-08-19,12:11:16,0.101822,0.104405,0.000690,29288.874433,0.059000
2026-08-19,12:11:17,0.124702,0.104405,0.000690,29288.874433,0.059000
2026-08-19,12:11:18,0.124702,0.104405,0.000690,29288.875123,0.059000
2026-08-19,12:11:18,0.124702,0.102294,0.000690,29288.875813,0.059000
2026-08-19,12:11:19,0.083352,0.102294,0.000680,29288.875813,0.059000
2026-08-19,12:11:20,0.104190,0.102427,0.000680,29288.876493,0.059000
2026-08-19,12:11:20,0.122804,0.104422,0.000680,29288.877173,0.059000
2026-08-19,12:11:21,0.224822,0.104422,0.000690,29288.877173,0.059000
2026-08-19,12:11:22,0.224822,0.104422,0.000670,29288.877863,0.059000
2026-08-19,12:11:22,0.081870,0.101037,0.000670,29288.878533,0.059000
2026-08-19,12:11:23,0.102337,0.100985,0.000670,29288.878533,0.059000
2026-08-19,12:11:24,0.104735,0.101172,0.000670,29288.879203,0.059000
2026-08-19,12:11:24,0.104735,0.101172,0.000670,29288.879873,0.059000
2026-08-19,12:11:25,0.188522,0.101172,0.000670,29288.879873,0.059000
2026-08-19,12:11:26,0.265757,0.101172,0.000670,29288.880543,0.059000
2026-08-19,12:11:26,0.090281,0.097858,0.000670,29288.881213,0.059000
2026-08-19,12:11:27,0.103920,0.099893,0.000660,29288.881213,0.059000
2026-08-19,12:11:28,0.103920,0.099893,0.000660,29288.881873,0.059000
2026-08-19,12:11:28,0.103920,0.101928,0.000670,29288.882543,0.059000
2026-08-19,12:11:29,0.187056,0.101928,0.000670,29288.882543,0.059000
2026-08-19,12:11:30,0.103920,0.100133,0.000670,29288.883213,0.059000
2026-08-19,12:11:30,0.103920,0.102190,0.000660,29288.883873,0.059000
2026-08-19,12:11:31,0.103920,0.102190,0.000670,29288.883873,0.059000
2026-08-19,12:11:32,0.083136,0.100084,0.000670,29288.884543,0.059000
2026-08-19,12:11:32,0.083136,0.096118,0.000630,29288.885173,0.059000
2026-08-19,12:11:33,0.145488,0.096118,0.000630,29288.885173,0.059000
2026-08-19,12:11:34,0.145488,0.096118,0.000630,29288.885803,0.059000
2026-08-19,12:11:34,0.083136,0.096244,0.000630,29288.886433,0.059000
2026-08-19,12:11:35,0.111714,0.096244,0.000630,29288.886433,0.059000
2026-08-19,12:11:36,0.124380,0.096244,0.000630,29288.887063,0.059000
2026-08-19,12:11:36,0.124380,0.094324,0.000630,29288.887693,0.059000
2026-08-19,12:11:37,0.083136,0.094324,0.000620,29288.887693,0.059000
2026-08-19,12:11:38,0.145488,0.094324,0.000620,29288.888313,0.059000
2026-08-19,12:11:38,0.166272,0.094324,0.000620,29288.888933,0.059000
2026-08-19,12:11:39,0.103920,0.094243,0.000620,29288.888933,0.059000
2026-08-19,12:11:40,0.103920,0.094243,0.000620,29288.889553,0.059000
2026-08-19,12:11:40,0.145164,0.094243,0.000620,29288.890173,0.059000
2026-08-19,12:11:41,0.083136,0.093528,0.000620,29288.890173,0.059000
2026-08-19,12:11:42,0.103920,0.093528,0.000620,29288.890793,0.059000
2026-08-19,12:11:42,0.083136,0.091450,0.000600,29288.891393,0.059000
2026-08-19,12:11:43,0.083136,0.091450,0.000600,29288.891393,0.059000
2026-08-19,12:11:44,0.103920,0.091450,0.000600,29288.891993,0.059000
2026-08-19,12:11:44,0.083136,0.089371,0.000590,29288.892583,0.059000
2026-08-19,12:11:45,0.100348,0.091093,0.000590,29288.892583,0.059000
2026-08-19,12:11:46,0.100348,0.094422,0.000600,29288.893183,0.059000
2026-08-19,12:11:46,0.116434,0.094422,0.000620,29288.893183,0.059000
2026-08-19,12:11:47,0.104190,0.096528,0.000620,29288.893803,0.059000
2026-08-19,12:11:48,0.083352,0.096549,0.000640,29288.894443,0.059000
2026-08-19,12:11:48,0.083352,0.094493,0.000620,29288.894443,0.059000
2026-08-19,12:11:49,0.083352,0.094493,0.000620,29288.895063,0.059000
2026-08-19,12:11:50,0.118842,0.094493,0.000620,29288.895683,0.059000
2026-08-19,12:11:50,0.145866,0.094493,0.000620,29288.895683,0.059000
2026-08-19,12:11:51,0.174844,0.094493,0.000620,29288.896303,0.059000
2026-08-19,12:11:52,0.174844,0.094493,0.000620,29288.896923,0.059000
2026-08-19,12:11:52,0.124702,0.094493,0.000620,29288.896923,0.059000
2026-08-19,12:11:53,0.090841,0.094493,0.000620,29288.897543,0.059000
2026-08-19,12:11:54,0.104190,0.094493,0.000620,29288.898163,0.059000
2026-08-19,12:11:54,0.125028,0.094493,0.000620,29288.898163,0.059000
2026-08-19,12:11:55,0.125028,0.094493,0.000620,29288.898783,0.059000
2026-08-19,12:11:56,0.145866,0.094493,0.000620,29288.899403,0.059000
2026-08-19,12:11:56,0.104190,0.094493,0.000620,29288.899403,0.059000
2026-08-19,12:11:57,0.187542,0.094493,0.000620,29288.900023,0.059000
2026-08-19,12:11:58,0.104190,0.096598,0.000640,29288.900663,0.059000
2026-08-19,12:11:58,0.104190,0.096598,0.000640,29288.900663,0.059000
2026-08-19,12:11:59,0.092469,0.095453,0.000630,29288.901293,0.059000
2026-08-19,12:12:00,0.081663,0.095305,0.000630,29288.901923,0.059000
2026-08-19,12:12:00,0.187542,0.095305,0.000630,29288.901923,0.059000
2026-08-19,12:12:01,0.187542,0.093121,0.000630,29288.902553,0.059000
2026-08-19,12:12:02,0.082077,0.093121,0.000610,29288.903163,0.059000
2026-08-19,12:12:02,0.102597,0.095067,0.000610,29288.903163,0.059000
2026-08-19,12:12:03,0.084676,0.093500,0.000620,29288.903783,0.059000
2026-08-19,12:12:03,0.092017,0.091058,0.000600,29288.904383,0.059000
2026-08-19,12:12:04,0.092017,0.091058,0.000600,29288.904383,0.059000
2026-08-19,12:12:05,0.143315,0.091058,0.000600,29288.904983,0.059000
2026-08-19,12:12:05,0.102597,0.091058,0.000580,29288.905563,0.058000
2026-08-19,12:12:06,0.122796,0.091058,0.000580,29288.905563,0.059000
2026-08-19,12:12:07,0.122796,0.091058,0.000600,29288.906163,0.059000
2026-08-19,12:12:07,0.107727,0.091058,0.000600,29288.906763,0.059000
2026-08-19,12:12:08,0.091375,0.091058,0.000600,29288.906763,0.059000
2026-08-19,12:12:09,0.102597,0.091058,0.000600,29288.907363,0.059000
2026-08-19,12:12:09,0.246232,0.091058,0.000600,29288.907963,0.059000
2026-08-19,12:12:10,0.246232,0.091058,0.000600,29288.907963,0.059000
2026-08-19,12:12:11,0.240782,0.091058,0.000600,29288.908563,0.059000
2026-08-19,12:12:11,0.149849,0.091058,0.000600,29288.909163,0.059000
2026-08-19,12:12:12,0.153644,0.091058,0.000600,29288.909163,0.059000
2026-08-19,12:12:13,0.153644,0.088868,0.000590,29288.909763,0.059000
2026-08-19,12:12:13,0.082287,0.088868,0.000590,29288.910353,0.059000
2026-08-19,12:12:14,0.123108,0.088868,0.000590,29288.910353,0.059000
2026-08-19,12:12:15,0.141430,0.088868,0.000590,29288.910943,0.059000
2026-08-19,12:12:15,0.082287,0.088761,0.000590,29288.911533,0.059000
2026-08-19,12:12:16,0.082287,0.088761,0.000590,29288.911533,0.058000
2026-08-19,12:12:17,0.156537,0.088761,0.000570,29288.912123,0.058000
2026-08-19,12:12:17,0.121089,0.088761,0.000570,29288.912693,0.058000
2026-08-19,12:12:18,0.123745,0.088761,0.000570,29288.912693,0.058000
2026-08-19,12:12:19,0.123745,0.088761,0.000590,29288.913263,0.059000
2026-08-19,12:12:19,0.102477,0.088761,0.000590,29288.913853,0.059000
2026-08-19,12:12:20,0.103121,0.088761,0.000590,29288.913853,0.059000
2026-08-19,12:12:21,0.082497,0.088761,0.000590,29288.914443,0.059000
2026-08-19,12:12:21,0.123745,0.088761,0.000590,29288.915033,0.059000
2026-08-19,12:12:22,0.123745,0.088761,0.000590,29288.915033,0.059000
2026-08-19,12:12:23,0.123423,0.088761,0.000590,29288.915623,0.059000
2026-08-19,12:12:23,0.123745,0.088761,0.000590,29288.916213,0.059000
2026-08-19,12:12:24,0.164672,0.088761,0.000590,29288.916213,0.059000
2026-08-19,12:12:25,0.103121,0.090738,0.000590,29288.916803,0.059000
2026-08-19,12:12:25,0.103121,0.090738,0.000600,29288.917403,0.059000
2026-08-19,12:12:26,0.082497,0.088569,0.000580,29288.917403,0.059000
2026-08-19,12:12:27,0.103121,0.089634,0.000580,29288.917983,0.059000
2026-08-19,12:12:27,0.144370,0.089634,0.000590,29288.917983,0.059000
2026-08-19,12:12:28,0.144370,0.089634,0.000590,29288.918573,0.059000
2026-08-19,12:12:29,0.123745,0.089634,0.000590,29288.919163,0.059000
2026-08-19,12:12:29,0.103121,0.089634,0.000590,29288.919163,0.059000
2026-08-19,12:12:30,0.185618,0.089634,0.000590,29288.919753,0.059000
2026-08-19,12:12:31,0.103121,0.091780,0.000590,29288.920343,0.059000
2026-08-19,12:12:31,0.103121,0.091780,0.000610,29288.920343,0.059000
2026-08-19,12:12:32,0.115511,0.095123,0.000630,29288.920953,0.059000
2026-08-19,12:12:33,0.111822,0.096046,0.000630,29288.921583,0.059000
2026-08-19,12:12:33,0.125683,0.100147,0.000660,29288.921583,0.059000
2026-08-19,12:12:34,0.125683,0.100147,0.000660,29288.922243,0.059000
2026-08-19,12:12:35,0.084008,0.100147,0.000660,29288.922903,0.059000
2026-08-19,12:12:35,0.167687,0.100147,0.000660,29288.922903,0.059000
2026-08-19,12:12:36,0.147014,0.100147,0.000660,29288.923563,0.059000
2026-08-19,12:12:37,0.177430,0.100147,0.000660,29288.924223,0.059000
2026-08-19,12:12:37,0.177430,0.100147,0.000660,29288.924223,0.059000
2026-08-19,12:12:38,0.141523,0.100147,0.000660,29288.924883,0.059000
2026-08-19,12:12:39,0.082709,0.099216,0.000650,29288.925533,0.059000
2026-08-19,12:12:39,0.103386,0.101326,0.000670,29288.925533,0.059000
2026-08-19,12:12:40,0.103386,0.101326,0.000670,29288.926203,0.059000
2026-08-19,12:12:41,0.142551,0.101326,0.000670,29288.926873,0.059000
2026-08-19,12:12:41,0.082709,0.101368,0.000670,29288.926873,0.059000
2026-08-19,12:12:42,0.118894,0.101368,0.000670,29288.927543,0.059000
2026-08-19,12:12:43,0.123094,0.101368,0.000670,29288.928213,0.059000
2026-08-19,12:12:43,0.123094,0.101368,0.000660,29288.928213,0.059000
2026-08-19,12:12:44,0.082709,0.099327,0.000660,29288.928873,0.059000
2026-08-19,12:12:45,0.084229,0.099500,0.000660,29288.929533,0.059000
2026-08-19,12:12:45,0.147401,0.099500,0.000660,29288.929533,0.059000
2026-08-19,12:12:46,0.147401,0.099500,0.000660,29288.930193,0.059000
2026-08-19,12:12:46,0.161037,0.099500,0.000660,29288.930853,0.059000
2026-08-19,12:12:47,0.153323,0.099500,0.000660,29288.930853,0.059000
2026-08-19,12:12:48,0.183216,0.099500,0.000660,29288.931513,0.059000
2026-08-19,12:12:48,0.082287,0.097416,0.000640,29288.932153,0.059000
2026-08-19,12:12:49,0.082287,0.097416,0.000640,29288.932153,0.059000
2026-08-19,12:12:50,0.164573,0.097416,0.000640,29288.932793,0.059000
2026-08-19,12:12:50,0.185145,0.097416,0.000640,29288.933433,0.059000
2026-08-19,12:12:51,0.082287,0.095333,0.000640,29288.933433,0.059000
2026-08-19,12:12:52,0.132751,0.095333,0.000630,29288.934063,0.059000
2026-08-19,12:12:52,0.132751,0.095333,0.000630,29288.934693,0.059000
2026-08-19,12:12:53,0.084008,0.092183,0.000630,29288.934693,0.059000
2026-08-19,12:12:54,0.105994,0.091600,0.000600,29288.935293,0.059000
2026-08-19,12:12:54,0.146685,0.091600,0.000600,29288.935893,0.059000
2026-08-19,12:12:55,0.146685,0.091600,0.000600,29288.935893,0.059000
2026-08-19,12:12:56,0.189017,0.091600,0.000600,29288.936493,0.059000
2026-08-19,12:12:56,0.103121,0.089344,0.000590,29288.937083,0.059000
2026-08-19,12:12:57,0.119878,0.093061,0.000590,29288.937083,0.059000
2026-08-19,12:12:58,0.146303,0.097352,0.000610,29288.937693,0.059000
2026-08-19,12:12:58,0.146303,0.097352,0.000660,29288.938353,0.059000
2026-08-19,12:12:59,0.105286,0.099610,0.000660,29288.938353,0.059000
2026-08-19,12:13:00,0.103652,0.101705,0.000670,29288.939023,0.059000
2026-08-19,12:13:00,0.189165,0.101705,0.000670,29288.939693,0.059000
2026-08-19,12:13:01,0.189165,0.101705,0.000670,29288.939693,0.059000
2026-08-19,12:13:02,0.145113,0.101705,0.000670,29288.940363,0.059000
2026-08-19,12:13:02,0.103652,0.101705,0.000670,29288.941033,0.059000
2026-08-19,12:13:03,0.082922,0.101705,0.000670,29288.941033,0.059000
2026-08-19,12:13:04,0.124383,0.105720,0.000700,29288.941733,0.059000
2026-08-19,12:13:04,0.124383,0.105720,0.000700,29288.942433,0.059000
2026-08-19,12:13:05,0.082922,0.105720,0.000700,29288.942433,0.059000
2026-08-19,12:13:06,0.105565,0.105720,0.000700,29288.943133,0.059000
2026-08-19,12:13:06,0.122804,0.105720,0.000700,29288.943833,0.059000
2026-08-19,12:13:07,0.084676,0.105959,0.000700,29288.943833,0.059000
2026-08-19,12:13:08,0.084676,0.105959,0.000700,29288.944533,0.059000
2026-08-19,12:13:08,0.103920,0.108122,0.000700,29288.945233,0.059000
2026-08-19,12:13:09,0.124704,0.112192,0.000740,29288.945233,0.059000
2026-08-19,12:13:10,0.124380,0.114030,0.000750,29288.945973,0.059000
2026-08-19,12:13:10,0.124380,0.116189,0.000750,29288.946723,0.059000
2026-08-19,12:13:11,0.124704,0.116189,0.000770,29288.946723,0.059000
2026-08-19,12:13:12,0.124704,0.116671,0.000770,29288.947493,0.059000
2026-08-19,12:13:12,0.187056,0.116671,0.000770,29288.948263,0.059000
2026-08-19,12:13:13,0.103920,0.112433,0.000770,29288.948263,0.059000
2026-08-19,12:13:14,0.103920,0.110218,0.000730,29288.949033,0.059000
2026-08-19,12:13:14,0.083136,0.110218,0.000730,29288.949763,0.059000
2026-08-19,12:13:15,0.083136,0.108166,0.000710,29288.949763,0.059000
2026-08-19,12:13:16,0.103920,0.106120,0.000700,29288.950473,0.059000
2026-08-19,12:13:16,0.132174,0.110870,0.000700,29288.951173,0.059000
2026-08-19,12:13:17,0.132174,0.110870,0.000730,29288.951173,0.059000
2026-08-19,12:13:18,0.103920,0.110870,0.000730,29288.951903,0.059000
2026-08-19,12:13:18,0.165948,0.110870,0.000730,29288.952633,0.059000
2026-08-19,12:13:19,0.124704,0.110870,0.000730,29288.952633,0.059000
2026-08-19,12:13:20,0.124704,0.110870,0.000730,29288.953363,0.059000
2026-08-19,12:13:20,0.129251,0.110870,0.000730,29288.954093,0.059000
2026-08-19,12:13:21,0.081870,0.106586,0.000700,29288.954093,0.059000
2026-08-19,12:13:22,0.138155,0.106586,0.000700,29288.954793,0.059000
2026-08-19,12:13:22,0.143272,0.106586,0.000700,29288.955493,0.059000
2026-08-19,12:13:23,0.143272,0.106586,0.000700,29288.955493,0.059000
2026-08-19,12:13:24,0.143272,0.106586,0.000700,29288.956193,0.059000
2026-08-19,12:13:24,0.122804,0.106586,0.000700,29288.956893,0.059000
2026-08-19,12:13:25,0.125354,0.106586,0.000700,29288.956893,0.059000
2026-08-19,12:13:26,0.123430,0.106586,0.000700,29288.957593,0.059000
2026-08-19,12:13:26,0.123430,0.106586,0.000700,29288.958293,0.059000
2026-08-19,12:13:27,0.123108,0.106586,0.000700,29288.958293,0.059000
2026-08-19,12:13:28,0.082287,0.102377,0.000700,29288.958993,0.059000
2026-08-19,12:13:28,0.102858,0.100193,0.000680,29288.959673,0.059000
2026-08-19,12:13:29,0.102858,0.100193,0.000660,29288.959673,0.059000
2026-08-19,12:13:30,0.143680,0.100193,0.000660,29288.960333,0.059000
2026-08-19,12:13:30,0.123430,0.100193,0.000660,29288.960993,0.059000
2026-08-19,12:13:31,0.102858,0.100193,0.000660,29288.960993,0.059000
2026-08-19,12:13:32,0.164573,0.100193,0.000660,29288.961653,0.059000
2026-08-19,12:13:32,0.164573,0.100193,0.000660,29288.962313,0.059000
2026-08-19,12:13:33,0.164573,0.100193,0.000660,29288.962313,0.059000
2026-08-19,12:13:34,0.102858,0.098008,0.000660,29288.962973,0.059000
2026-08-19,12:13:34,0.084229,0.096039,0.000630,29288.963603,0.059000
2026-08-19,12:13:35,0.142592,0.096039,0.000630,29288.963603,0.059000
2026-08-19,12:13:36,0.142592,0.096039,0.000630,29288.964233,0.059000
2026-08-19,12:13:36,0.142911,0.096039,0.000630,29288.964863,0.059000
2026-08-19,12:13:37,0.102079,0.096039,0.000630,29288.964863,0.059000
2026-08-19,12:13:38,0.103920,0.096039,0.000630,29288.965493,0.059000
2026-08-19,12:13:38,0.103920,0.096039,0.000630,29288.966123,0.059000
2026-08-19,12:13:39,0.124380,0.096039,0.000630,29288.966123,0.059000
2026-08-19,12:13:40,0.103920,0.096039,0.000630,29288.966753,0.059000
2026-08-19,12:13:40,0.124704,0.096039,0.000630,29288.967383,0.059000
2026-08-19,12:13:41,0.156530,0.096039,0.000630,29288.967383,0.059000
2026-08-19,12:13:42,0.156530,0.096039,0.000630,29288.968013,0.059000
2026-08-19,12:13:42,0.164324,0.096039,0.000630,29288.968643,0.059000
2026-08-19,12:13:43,0.124704,0.129006,0.000850,29288.968643,0.059000
2026-08-19,12:13:44,0.145488,0.129296,0.000850,29288.969493,0.059000
2026-08-19,12:13:44,0.081663,0.129296,0.000850,29288.970343,0.059000
2026-08-19,12:13:45,0.081663,0.129296,0.000850,29288.970343,0.059000
2026-08-19,12:13:46,0.083352,0.129296,0.000850,29288.971193,0.059000
2026-08-19,12:13:46,0.105535,0.129296,0.000850,29288.972043,0.059000
2026-08-19,12:13:47,0.081870,0.129296,0.000850,29288.972043,0.059000
2026-08-19,12:13:48,0.081870,0.129296,0.000850,29288.972893,0.059000
2026-08-19,12:13:48,0.081870,0.129296,0.000850,29288.973743,0.059000
2026-08-19,12:13:49,0.145488,0.129554,0.000850,29288.973743,0.059000
2026-08-19,12:13:50,0.103920,0.129738,0.000860,29288.974603,0.059000
2026-08-19,12:13:50,0.083136,0.127660,0.000840,29288.975443,0.059000
2026-08-19,12:13:51,0.083136,0.123535,0.000840,29288.975443,0.059000
2026-08-19,12:13:52,0.083136,0.123535,0.000820,29288.976263,0.059000
2026-08-19,12:13:52,0.083136,0.121457,0.000800,29288.977063,0.059000
2026-08-19,12:13:53,0.096776,0.118664,0.000800,29288.977063,0.059000
2026-08-19,12:13:54,0.103920,0.113403,0.000780,29288.977843,0.059000
2026-08-19,12:13:54,0.103920,0.113403,0.000700,29288.978543,0.059000
2026-08-19,12:13:55,0.083136,0.105284,0.000700,29288.978543,0.059000
2026-08-19,12:13:56,0.188680,0.105284,0.000700,29288.979243,0.059000
2026-08-19,12:13:56,0.103920,0.103206,0.000680,29288.979923,0.059000
2026-08-19,12:13:57,0.103920,0.098865,0.000680,29288.979923,0.059000
2026-08-19,12:13:58,0.102079,0.098865,0.000650,29288.980573,0.059000
2026-08-19,12:13:58,0.122495,0.096565,0.000640,29288.980573,0.059000
2026-08-19,12:13:59,0.131746,0.099348,0.000640,29288.981213,0.059000
2026-08-19,12:14:00,0.122495,0.103284,0.000680,29288.981893,0.059000
2026-08-19,12:14:00,0.122495,0.105362,0.000680,29288.981893,0.059000
2026-08-19,12:14:01,0.103920,0.105362,0.000700,29288.982593,0.059000
2026-08-19,12:14:02,0.145488,0.105362,0.000700,29288.983293,0.059000
2026-08-19,12:14:02,0.103920,0.105362,0.000700,29288.983293,0.059000
2026-08-19,12:14:03,0.126678,0.105362,0.000700,29288.983993,0.059000
2026-08-19,12:14:04,0.126678,0.105362,0.000700,29288.984693,0.059000
2026-08-19,12:14:04,0.144740,0.105362,0.000700,29288.984693,0.059000
2026-08-19,12:14:05,0.144740,0.105362,0.000700,29288.985393,0.059000
2026-08-19,12:14:06,0.165417,0.105362,0.000700,29288.986093,0.059000
2026-08-19,12:14:06,0.165417,0.105966,0.000700,29288.986093,0.059000
2026-08-19,12:14:07,0.089170,0.105966,0.000700,29288.986793,0.059000
2026-08-19,12:14:08,0.124063,0.105966,0.000700,29288.987493,0.059000
2026-08-19,12:14:08,0.103386,0.105966,0.000700,29288.987493,0.059000
2026-08-19,12:14:09,0.085358,0.105966,0.000700,29288.988193,0.059000
2026-08-19,12:14:10,0.085358,0.108758,0.000720,29288.988893,0.059000
2026-08-19,12:14:10,0.124702,0.108758,0.000720,29288.988893,0.059000
2026-08-19,12:14:11,0.083352,0.108758,0.000720,29288.989613,0.059000
2026-08-19,12:14:12,0.105845,0.108758,0.000720,29288.990333,0.059000
2026-08-19,12:14:12,0.093607,0.108758,0.000720,29288.990333,0.059000
2026-08-19,12:14:13,0.093607,0.108758,0.000720,29288.991053,0.059000
2026-08-19,12:14:14,0.084676,0.108758,0.000720,29288.991773,0.059000
2026-08-19,12:14:14,0.082709,0.108758,0.000720,29288.991773,0.059000
2026-08-19,12:14:15,0.138279,0.112194,0.000740,29288.992493,0.059000
2026-08-19,12:14:16,0.138279,0.114219,0.000750,29288.993233,0.059000
2026-08-19,12:14:16,0.103386,0.114219,0.000750,29288.993233,0.059000
2026-08-19,12:14:17,0.123740,0.116201,0.000770,29288.993983,0.059000
2026-08-19,12:14:18,0.113401,0.117333,0.000780,29288.994753,0.059000
2026-08-19,12:14:18,0.082709,0.113355,0.000780,29288.994753,0.059000
2026-08-19,12:14:19,0.082709,0.113355,0.000750,29288.995533,0.059000
2026-08-19,12:14:20,0.123740,0.113355,0.000750,29288.996283,0.059000
2026-08-19,12:14:20,0.082709,0.108451,0.000720,29288.996283,0.059000
2026-08-19,12:14:21,0.086909,0.104892,0.000690,29288.997003,0.059000
2026-08-19,12:14:22,0.124063,0.104892,0.000690,29288.997693,0.059000
2026-08-19,12:14:22,0.124063,0.104892,0.000690,29288.997693,0.059000
2026-08-19,12:14:23,0.144740,0.104892,0.000690,29288.998383,0.059000
2026-08-19,12:14:24,0.085293,0.103030,0.000690,29288.999073,0.059000
2026-08-19,12:14:24,0.135694,0.103030,0.000680,29288.999073,0.059000
2026-08-19,12:14:25,0.135694,0.103030,0.000680,29288.999753,0.059000
2026-08-19,12:14:26,0.116955,0.103030,0.000680,29289.000433,0.059000
2026-08-19,12:14:26,0.124063,0.103030,0.000680,29289.000433,0.059000
2026-08-19,12:14:27,0.144740,0.103030,0.000680,29289.001113,0.059000
2026-08-19,12:14:28,0.082709,0.102384,0.000680,29289.001793,0.059000
2026-08-19,12:14:28,0.082709,0.102384,0.000680,29289.001793,0.059000
2026-08-19,12:14:29,0.082709,0.098184,0.000650,29289.002473,0.059000
2026-08-19,12:14:30,0.093693,0.093726,0.000650,29289.003123,0.059000
2026-08-19,12:14:30,0.103386,0.093726,0.000620,29289.003123,0.059000
2026-08-19,12:14:31,0.103386,0.091690,0.000600,29289.003743,0.059000
2026-08-19,12:14:32,0.103386,0.091690,0.000600,29289.004343,0.059000
2026-08-19,12:14:32,0.165417,0.091690,0.000600,29289.004343,0.059000
2026-08-19,12:14:33,0.096601,0.090010,0.000590,29289.004943,0.059000
2026-08-19,12:14:34,0.128037,0.090010,0.000590,29289.005533,0.059000
2026-08-19,12:14:34,0.128037,0.090010,0.000590,29289.005533,0.059000
2026-08-19,12:14:35,0.122804,0.090010,0.000590,29289.006123,0.059000
2026-08-19,12:14:36,0.083136,0.090053,0.000590,29289.006713,0.059000
2026-08-19,12:14:36,0.117885,0.090053,0.000590,29289.006713,0.059000
2026-08-19,12:14:37,0.094502,0.090053,0.000590,29289.007303,0.059000
2026-08-19,12:14:38,0.094502,0.090053,0.000590,29289.007893,0.059000
2026-08-19,12:14:38,0.094827,0.090053,0.000590,29289.007893,0.059000
2026-08-19,12:14:39,0.124704,0.090053,0.000590,29289.008483,0.059000
2026-08-19,12:14:40,0.158478,0.090053,0.000590,29289.009073,0.059000
2026-08-19,12:14:40,0.158478,0.090053,0.000590,29289.009073,0.059000
2026-08-19,12:14:41,0.145164,0.090053,0.000590,29289.009663,0.059000
2026-08-19,12:14:42,0.083136,0.090096,0.000590,29289.010253,0.059000
2026-08-19,12:14:42,0.083136,0.089719,0.000590,29289.010253,0.059000
2026-08-19,12:14:43,0.084110,0.089600,0.000590,29289.010843,0.059000
2026-08-19,12:14:44,0.084110,0.091537,0.000590,29289.011433,0.059000
2026-08-19,12:14:44,0.102079,0.091537,0.000600,29289.011433,0.059000
2026-08-19,12:14:45,0.082922,0.091559,0.000600,29289.012033,0.059000
2026-08-19,12:14:46,0.081663,0.090356,0.000600,29289.012633,0.059000
2026-08-19,12:14:46,0.102079,0.090225,0.000590,29289.012633,0.059000
2026-08-19,12:14:47,0.102079,0.090225,0.000590,29289.013223,0.059000
2026-08-19,12:14:48,0.142592,0.090225,0.000590,29289.013813,0.059000
2026-08-19,12:14:48,0.138052,0.090225,0.000590,29289.013813,0.059000
2026-08-19,12:14:49,0.123116,0.090225,0.000590,29289.014403,0.059000
2026-08-19,12:14:50,0.123116,0.090225,0.000590,29289.014993,0.059000
2026-08-19,12:14:50,0.102597,0.090225,0.000590,29289.014993,0.059000
2026-08-19,12:14:51,0.102597,0.090225,0.000590,29289.015583,0.059000
2026-08-19,12:14:52,0.082077,0.090225,0.000590,29289.016173,0.059000
2026-08-19,12:14:52,0.111895,0.091076,0.000600,29289.016173,0.059000
2026-08-19,12:14:53,0.111895,0.093727,0.000600,29289.016773,0.059000
2026-08-19,12:14:54,0.123116,0.093727,0.000620,29289.017393,0.059000
2026-08-19,12:14:54,0.082077,0.093727,0.000620,29289.017393,0.059000
2026-08-19,12:14:55,0.086887,0.093727,0.000620,29289.018013,0.059000
2026-08-19,12:14:56,0.122796,0.093727,0.000620,29289.018633,0.059000
2026-08-19,12:14:56,0.122796,0.093727,0.000620,29289.018633,0.059000
2026-08-19,12:14:57,0.125027,0.093727,0.000620,29289.019253,0.059000
2026-08-19,12:14:58,0.083569,0.093771,0.000620,29289.019873,0.059000
2026-08-19,12:14:58,0.083569,0.093814,0.000620,29289.019873,0.059000
2026-08-19,12:14:59,0.083569,0.093857,0.000620,29289.020493,0.059000
2026-08-19,12:15:00,0.083569,0.093857,0.000620,29289.021113,0.059000
2026-08-19,12:15:00,0.123430,0.093857,0.000620,29289.021113,0.059000
2026-08-19,12:15:01,0.102858,0.093857,0.000620,29289.021733,0.059000
2026-08-19,12:15:02,0.144001,0.093857,0.000620,29289.022353,0.059000
2026-08-19,12:15:02,0.144001,0.093675,0.000620,29289.022353,0.059000
2026-08-19,12:15:03,0.082287,0.093675,0.000620,29289.022973,0.059000
2026-08-19,12:15:04,0.082287,0.091696,0.000600,29289.023573,0.059000
2026-08-19,12:15:04,0.184823,0.091696,0.000600,29289.023573,0.059000
2026-08-19,12:15:05,0.197359,0.091696,0.000600,29289.024173,0.059000
2026-08-19,12:15:06,0.197359,0.091696,0.000600,29289.024773,0.059000
2026-08-19,12:15:06,0.123430,0.091696,0.000600,29289.024773,0.059000
2026-08-19,12:15:07,0.082287,0.091632,0.000600,29289.025373,0.059000
2026-08-19,12:15:08,0.082287,0.091694,0.000600,29289.025973,0.059000
2026-08-19,12:15:08,0.082287,0.091694,0.000600,29289.025973,0.059000
2026-08-19,12:15:09,0.128729,0.091694,0.000600,29289.026573,0.059000
2026-08-19,12:15:10,0.143636,0.091694,0.000600,29289.027173,0.059000
2026-08-19,12:15:10,0.084008,0.089887,0.000600,29289.027173,0.059000
2026-08-19,12:15:11,0.147014,0.089887,0.000590,29289.027773,0.059000
2026-08-19,12:15:12,0.147014,0.087295,0.000590,29289.028363,0.059000
2026-08-19,12:15:12,0.085977,0.087295,0.000580,29289.028363,0.059000
2026-08-19,12:15:13,0.122804,0.087295,0.000580,29289.028943,0.059000
2026-08-19,12:15:14,0.095621,0.087295,0.000580,29289.029523,0.059000
2026-08-19,12:15:14,0.081870,0.087295,0.000580,29289.029523,0.059000
2026-08-19,12:15:15,0.081870,0.087295,0.000580,29289.030103,0.059000
2026-08-19,12:15:16,0.105845,0.087295,0.000580,29289.030683,0.059000
2026-08-19,12:15:16,0.083136,0.087295,0.000580,29289.030683,0.059000
2026-08-19,12:15:17,0.083136,0.087295,0.000580,29289.031263,0.059000
2026-08-19,12:15:18,0.083136,0.087295,0.000580,29289.031843,0.059000
2026-08-19,12:15:18,0.083136,0.087295,0.000580,29289.031843,0.059000
2026-08-19,12:15:19,0.083136,0.087295,0.000580,29289.032423,0.059000
2026-08-19,12:15:20,0.103920,0.087295,0.000580,29289.033003,0.059000
2026-08-19,12:15:20,0.083136,0.092574,0.000580,29289.033003,0.059000
2026-08-19,12:15:21,0.083136,0.090686,0.000600,29289.033583,0.059000
2026-08-19,12:15:22,0.103920,0.090686,0.000600,29289.034183,0.059000
2026-08-19,12:15:22,0.118534,0.092977,0.000610,29289.034183,0.059000
2026-08-19,12:15:23,0.124704,0.097261,0.000640,29289.034793,0.059000
2026-08-19,12:15:24,0.124380,0.099114,0.000640,29289.035433,0.059000
2026-08-19,12:15:24,0.124380,0.099114,0.000650,29289.035433,0.059000
2026-08-19,12:15:25,0.187056,0.099114,0.000650,29289.036083,0.059000
2026-08-19,12:15:26,0.124380,0.103238,0.000650,29289.036733,0.059000
2026-08-19,12:15:26,0.083136,0.103238,0.000680,29289.036733,0.059000
2026-08-19,12:15:27,0.083136,0.107363,0.000710,29289.037413,0.059000
2026-08-19,12:15:28,0.124380,0.107363,0.000710,29289.038123,0.059000
2026-08-19,12:15:28,0.207516,0.107363,0.000710,29289.038123,0.059000
2026-08-19,12:15:29,0.145164,0.107363,0.000710,29289.038833,0.059000
2026-08-19,12:15:30,0.165948,0.107363,0.000710,29289.039543,0.059000
2026-08-19,12:15:30,0.165948,0.107363,0.000710,29289.039543,0.059000
2026-08-19,12:15:31,0.122804,0.107363,0.000710,29289.040253,0.059000
2026-08-19,12:15:32,0.102337,0.107363,0.000710,29289.040963,0.059000
2026-08-19,12:15:32,0.081870,0.107363,0.000710,29289.040963,0.059000
2026-08-19,12:15:33,0.102337,0.107363,0.000710,29289.041673,0.059000
2026-08-19,12:15:34,0.102337,0.107363,0.000710,29289.042383,0.059000
2026-08-19,12:15:34,0.081870,0.107363,0.000710,29289.042383,0.059000
2026-08-19,12:15:35,0.104461,0.107363,0.000710,29289.043093,0.059000
2026-08-19,12:15:36,0.113602,0.107363,0.000710,29289.043803,0.059000
2026-08-19,12:15:36,0.113602,0.110268,0.000730,29289.043803,0.059000
2026-08-19,12:15:37,0.082287,0.110268,0.000730,29289.044533,0.059000
2026-08-19,12:15:38,0.099322,0.105684,0.000700,29289.045233,0.059000
2026-08-19,12:15:38,0.144001,0.105684,0.000700,29289.045233,0.059000
2026-08-19,12:15:39,0.157823,0.105684,0.000700,29289.045933,0.059000
2026-08-19,12:15:40,0.157823,0.105684,0.000700,29289.046633,0.059000
2026-08-19,12:15:40,0.144001,0.105684,0.000700,29289.046633,0.059000
2026-08-19,12:15:41,0.104735,0.105684,0.000700,29289.047333,0.059000
2026-08-19,12:15:42,0.082287,0.105684,0.000700,29289.048033,0.059000
2026-08-19,12:15:42,0.102858,0.105684,0.000700,29289.048033,0.059000
2026-08-19,12:15:43,0.102858,0.105684,0.000700,29289.048733,0.059000
2026-08-19,12:15:44,0.102858,0.105684,0.000700,29289.049433,0.059000
2026-08-19,12:15:44,0.102858,0.105684,0.000700,29289.049433,0.059000
2026-08-19,12:15:45,0.123108,0.105684,0.000700,29289.050133,0.059000
2026-08-19,12:15:46,0.123108,0.097318,0.000700,29289.050833,0.059000
2026-08-19,12:15:46,0.082287,0.097318,0.000700,29289.050833,0.059000
2026-08-19,12:15:47,0.143680,0.097318,0.000640,29289.051473,0.059000
2026-08-19,12:15:48,0.123430,0.097318,0.000640,29289.052113,0.059000
2026-08-19,12:15:48,0.082287,0.093266,0.000640,29289.052113,0.059000
2026-08-19,12:15:49,0.082287,0.091261,0.000620,29289.052733,0.059000
2026-08-19,12:15:50,0.082287,0.091261,0.000600,29289.053333,0.059000
2026-08-19,12:15:50,0.082287,0.091303,0.000600,29289.053333,0.059000
2026-08-19,12:15:51,0.123430,0.091303,0.000600,29289.053933,0.059000
2026-08-19,12:15:52,0.102858,0.091303,0.000600,29289.054533,0.059000
2026-08-19,12:15:52,0.102858,0.091303,0.000600,29289.054533,0.059000
2026-08-19,12:15:53,0.205395,0.091303,0.000600,29289.055133,0.059000
2026-08-19,12:15:54,0.143680,0.091303,0.000600,29289.055733,0.059000
2026-08-19,12:15:54,0.123430,0.091303,0.000600,29289.055733,0.059000
2026-08-19,12:15:55,0.123430,0.091303,0.000600,29289.056333,0.059000
2026-08-19,12:15:56,0.141840,0.091303,0.000600,29289.056933,0.059000
2026-08-19,12:15:56,0.081051,0.089174,0.000600,29289.056933,0.059000
2026-08-19,12:15:57,0.124063,0.089174,0.000590,29289.057523,0.059000
2026-08-19,12:15:58,0.221633,0.089174,0.000590,29289.058113,0.059000
2026-08-19,12:15:58,0.221633,0.091326,0.000590,29289.058113,0.059000
2026-08-19,12:15:59,0.103386,0.091326,0.000600,29289.058713,0.059000
2026-08-19,12:16:00,0.144740,0.091326,0.000600,29289.059313,0.059000
2026-08-19,12:16:00,0.082709,0.089150,0.000600,29289.059313,0.059000
2026-08-19,12:16:01,0.103386,0.088129,0.000590,29289.059903,0.059000
2026-08-19,12:16:02,0.103386,0.088129,0.000600,29289.060503,0.059000
2026-08-19,12:16:02,0.103386,0.090239,0.000600,29289.060503,0.059000
2026-08-19,12:16:03,0.124063,0.092713,0.000610,29289.061113,0.059000
2026-08-19,12:16:04,0.103386,0.094823,0.000630,29289.061743,0.059000
2026-08-19,12:16:04,0.103386,0.094865,0.000630,29289.061743,0.059000
2026-08-19,12:16:05,0.082709,0.094865,0.000630,29289.062373,0.059000
2026-08-19,12:16:06,0.165094,0.094865,0.000630,29289.063003,0.059000
2026-08-19,12:16:06,0.124063,0.094865,0.000630,29289.063003,0.059000
2026-08-19,12:16:07,0.124063,0.094865,0.000630,29289.063633,0.059000
2026-08-19,12:16:08,0.124063,0.094865,0.000630,29289.064263,0.059000
2026-08-19,12:16:08,0.144740,0.094865,0.000630,29289.064263,0.059000
2026-08-19,12:16:09,0.186095,0.094865,0.000630,29289.064893,0.059000
2026-08-19,12:16:10,0.112109,0.097847,0.000630,29289.065543,0.059000
2026-08-19,12:16:10,0.112109,0.104092,0.000650,29289.065543,0.059000
2026-08-19,12:16:11,0.144740,0.104092,0.000690,29289.066233,0.059000
2026-08-19,12:16:12,0.105324,0.106520,0.000690,29289.066923,0.059000
2026-08-19,12:16:12,0.163421,0.106520,0.000700,29289.066923,0.059000
2026-08-19,12:16:13,0.126012,0.106520,0.000700,29289.067623,0.059000
2026-08-19,12:16:14,0.126012,0.104431,0.000700,29289.068323,0.059000
2026-08-19,12:16:14,0.082497,0.104431,0.000690,29289.068323,0.059000
2026-08-19,12:16:15,0.144370,0.104431,0.000690,29289.069013,0.059000
2026-08-19,12:16:16,0.103121,0.104431,0.000690,29289.069703,0.059000
2026-08-19,12:16:16,0.185618,0.104431,0.000690,29289.069703,0.059000
2026-08-19,12:16:17,0.185618,0.104431,0.000720,29289.070393,0.059000
2026-08-19,12:16:18,0.123745,0.108535,0.000720,29289.071113,0.059000
2026-08-19,12:16:18,0.103121,0.108508,0.000720,29289.071113,0.059000
2026-08-19,12:16:19,0.103121,0.108482,0.000720,29289.071833,0.059000
2026-08-19,12:16:20,0.103121,0.106387,0.000720,29289.072553,0.059000
2026-08-19,12:16:20,0.103121,0.106387,0.000700,29289.072553,0.059000
2026-08-19,12:16:21,0.082497,0.104298,0.000690,29289.073253,0.059000
2026-08-19,12:16:22,0.206242,0.104298,0.000690,29289.073943,0.059000
2026-08-19,12:16:22,0.082497,0.104277,0.000690,29289.073943,0.059000
2026-08-19,12:16:23,0.082497,0.104277,0.000690,29289.074633,0.059000
2026-08-19,12:16:24,0.164994,0.104277,0.000690,29289.075323,0.059000
2026-08-19,12:16:24,0.144370,0.104277,0.000690,29289.075323,0.059000
2026-08-19,12:16:25,0.082497,0.101316,0.000670,29289.076013,0.059000
2026-08-19,12:16:26,0.082497,0.095092,0.000670,29289.076683,0.059000
2026-08-19,12:16:26,0.082497,0.092809,0.000630,29289.076683,0.059000
2026-08-19,12:16:27,0.082497,0.092809,0.000630,29289.077313,0.059000
2026-08-19,12:16:28,0.082497,0.092809,0.000610,29289.077923,0.059000
2026-08-19,12:16:28,0.164994,0.092809,0.000610,29289.077923,0.059000
2026-08-19,12:16:29,0.103121,0.090747,0.000610,29289.078533,0.059000
2026-08-19,12:16:30,0.103121,0.090747,0.000600,29289.079133,0.059000
2026-08-19,12:16:30,0.144370,0.090747,0.000600,29289.079133,0.059000
2026-08-19,12:16:31,0.082497,0.088684,0.000600,29289.079733,0.059000
2026-08-19,12:16:32,0.123745,0.088684,0.000580,29289.080313,0.059000
2026-08-19,12:16:32,0.123745,0.086622,0.000570,29289.080313,0.059000
2026-08-19,12:16:33,0.082497,0.086622,0.000570,29289.080883,0.059000
2026-08-19,12:16:34,0.082497,0.084559,0.000560,29289.081443,0.059000
2026-08-19,12:16:34,0.136313,0.084559,0.000560,29289.081443,0.059000
2026-08-19,12:16:35,0.123423,0.084559,0.000560,29289.082003,0.059000
2026-08-19,12:16:36,0.123423,0.084559,0.000560,29289.082563,0.059000
2026-08-19,12:16:36,0.122066,0.084559,0.000560,29289.082563,0.059000
2026-08-19,12:16:37,0.123116,0.084559,0.000560,29289.083123,0.059000
2026-08-19,12:16:38,0.107859,0.084559,0.000560,29289.083683,0.059000
2026-08-19,12:16:38,0.145113,0.084559,0.000560,29289.083683,0.059000
2026-08-19,12:16:39,0.145113,0.084559,0.000560,29289.084243,0.059000
2026-08-19,12:16:40,0.103652,0.084559,0.000560,29289.084243,0.059000
2026-08-19,12:16:40,0.124383,0.084559,0.000560,29289.084803,0.059000
2026-08-19,12:16:41,0.082922,0.084602,0.000560,29289.085363,0.059000
2026-08-19,12:16:42,0.082922,0.084644,0.000560,29289.085363,0.059000
2026-08-19,12:16:42,0.082922,0.084644,0.000560,29289.085923,0.059000
2026-08-19,12:16:43,0.144789,0.084644,0.000560,29289.086483,0.059000
2026-08-19,12:16:44,0.103652,0.084644,0.000560,29289.086483,0.059000
2026-08-19,12:16:44,0.086161,0.084644,0.000560,29289.087043,0.059000
2026-08-19,12:16:45,0.086161,0.084644,0.000560,29289.087603,0.059000
2026-08-19,12:16:46,0.144789,0.084644,0.000560,29289.087603,0.059000
2026-08-19,12:16:46,0.082922,0.084687,0.000560,29289.088163,0.059000
2026-08-19,12:16:47,0.103652,0.086802,0.000560,29289.088723,0.059000
2026-08-19,12:16:48,0.082922,0.086845,0.000570,29289.088723,0.059000
2026-08-19,12:16:48,0.082922,0.086845,0.000570,29289.089293,0.059000
2026-08-19,12:16:49,0.207304,0.086845,0.000570,29289.089863,0.059000
2026-08-19,12:16:50,0.274867,0.086845,0.000570,29289.089863,0.059000
2026-08-19,12:16:50,0.083136,0.086909,0.000570,29289.090433,0.059000
2026-08-19,12:16:51,0.083136,0.086909,0.000570,29289.091003,0.059000
2026-08-19,12:16:52,0.124704,0.086909,0.000570,29289.091003,0.059000
2026-08-19,12:16:52,0.103920,0.086909,0.000570,29289.091573,0.059000
2026-08-19,12:16:53,0.145488,0.086909,0.000570,29289.092143,0.059000
2026-08-19,12:16:54,0.083136,0.084910,0.000560,29289.092143,0.059000
2026-08-19,12:16:54,0.083136,0.084910,0.000560,29289.092703,0.059000
2026-08-19,12:16:55,0.083136,0.084974,0.000560,29289.093263,0.059000
2026-08-19,12:16:56,0.083136,0.085038,0.000560,29289.093263,0.059000
2026-08-19,12:16:56,0.103920,0.087180,0.000560,29289.093823,0.059000
2026-08-19,12:16:57,0.103920,0.087180,0.000570,29289.094393,0.059000
2026-08-19,12:16:58,0.145488,0.087180,0.000570,29289.094393,0.059000
2026-08-19,12:16:58,0.137370,0.087180,0.000570,29289.094963,0.059000
2026-08-19,12:16:59,0.140617,0.087180,0.000570,29289.095533,0.059000
2026-08-19,12:17:00,0.083136,0.087202,0.000570,29289.095533,0.059000
2026-08-19,12:17:00,0.083136,0.089302,0.000570,29289.096103,0.059000
2026-08-19,12:17:01,0.103920,0.089302,0.000590,29289.096693,0.059000
2026-08-19,12:17:02,0.145488,0.089302,0.000590,29289.096693,0.059000
2026-08-19,12:17:02,0.124380,0.089302,0.000590,29289.097283,0.059000
2026-08-19,12:17:03,0.148389,0.089302,0.000590,29289.097873,0.059000
2026-08-19,12:17:04,0.148389,0.089302,0.000590,29289.097873,0.059000
2026-08-19,12:17:04,0.145920,0.089302,0.000590,29289.098463,0.059000
2026-08-19,12:17:05,0.125027,0.089302,0.000590,29289.099053,0.059000
2026-08-19,12:17:06,0.125354,0.089302,0.000590,29289.099053,0.059000
2026-08-19,12:17:06,0.125354,0.089238,0.000590,29289.099643,0.059000
2026-08-19,12:17:07,0.082287,0.089238,0.000590,29289.100233,0.059000
2026-08-19,12:17:08,0.102858,0.089159,0.000590,29289.100233,0.059000
2026-08-19,12:17:08,0.083569,0.089224,0.000590,29289.100823,0.059000
2026-08-19,12:17:09,0.104461,0.091356,0.000600,29289.101423,0.059000
2026-08-19,12:17:10,0.104461,0.093489,0.000600,29289.101423,0.059000
2026-08-19,12:17:10,0.104461,0.093489,0.000620,29289.102043,0.059000
2026-08-19,12:17:11,0.081663,0.093341,0.000620,29289.102663,0.059000
2026-08-19,12:17:12,0.124059,0.093341,0.000620,29289.102663,0.059000
2026-08-19,12:17:12,0.146733,0.093341,0.000620,29289.103283,0.059000
2026-08-19,12:17:13,0.146733,0.093341,0.000620,29289.103903,0.059000
2026-08-19,12:17:14,0.145113,0.093341,0.000620,29289.103903,0.059000
2026-08-19,12:17:14,0.082922,0.093320,0.000620,29289.104523,0.059000
2026-08-19,12:17:15,0.082922,0.091220,0.000600,29289.105143,0.059000
2026-08-19,12:17:16,0.082922,0.091199,0.000600,29289.105143,0.059000
2026-08-19,12:17:16,0.082922,0.091199,0.000600,29289.105743,0.059000
2026-08-19,12:17:17,0.082922,0.089099,0.000590,29289.106343,0.059000
2026-08-19,12:17:18,0.082922,0.089162,0.000590,29289.106343,0.059000
2026-08-19,12:17:18,0.082922,0.087169,0.000570,29289.106933,0.059000
2026-08-19,12:17:19,0.082922,0.087169,0.000570,29289.107503,0.059000
2026-08-19,12:17:20,0.119848,0.087169,0.000570,29289.107503,0.059000
2026-08-19,12:17:20,0.124383,0.087169,0.000570,29289.108073,0.059000
2026-08-19,12:17:21,0.144789,0.087169,0.000570,29289.108643,0.059000
2026-08-19,12:17:22,0.295409,0.087169,0.000570,29289.108643,0.059000
2026-08-19,12:17:22,0.295409,0.087169,0.000570,29289.109213,0.059000
2026-08-19,12:17:23,0.144789,0.087169,0.000570,29289.109783,0.059000
2026-08-19,12:17:24,0.144789,0.087169,0.000570,29289.109783,0.059000
2026-08-19,12:17:24,0.082922,0.087104,0.000570,29289.110353,0.059000
2026-08-19,12:17:25,0.082922,0.084950,0.000570,29289.110923,0.059000
2026-08-19,12:17:26,0.082922,0.084950,0.000560,29289.110923,0.059000
2026-08-19,12:17:26,0.134100,0.084950,0.000560,29289.111483,0.059000
2026-08-19,12:17:27,0.082922,0.082796,0.000560,29289.112043,0.059000
2026-08-19,12:17:28,0.145113,0.082796,0.000550,29289.112043,0.059000
2026-08-19,12:17:28,0.145113,0.082796,0.000550,29289.112593,0.059000
2026-08-19,12:17:29,0.124383,0.082796,0.000550,29289.113143,0.059000
2026-08-19,12:17:30,0.082922,0.082922,0.000550,29289.113143,0.059000
2026-08-19,12:17:30,0.101822,0.084812,0.000560,29289.113693,0.059000
2026-08-19,12:17:31,0.110414,0.087561,0.000560,29289.114253,0.059000
2026-08-19,12:17:32,0.110414,0.087561,0.000580,29289.114253,0.059000
2026-08-19,12:17:32,0.121417,0.091411,0.000600,29289.114833,0.059000
2026-08-19,12:17:33,0.150885,0.098207,0.000600,29289.115433,0.059000
2026-08-19,12:17:34,0.132703,0.103185,0.000680,29289.115433,0.059000
2026-08-19,12:17:34,0.132703,0.103185,0.000680,29289.116113,0.059000
2026-08-19,12:17:35,0.082922,0.103185,0.000680,29289.116793,0.059000
2026-08-19,12:17:36,0.082922,0.103185,0.000680,29289.116793,0.059000
2026-08-19,12:17:36,0.105565,0.103185,0.000680,29289.117473,0.059000
2026-08-19,12:17:37,0.105565,0.103185,0.000680,29289.118153,0.059000
2026-08-19,12:17:38,0.105565,0.103185,0.000680,29289.118153,0.059000
2026-08-19,12:17:38,0.169940,0.103185,0.000680,29289.118833,0.059000
2026-08-19,12:17:39,0.124063,0.103185,0.000680,29289.119513,0.059000
2026-08-19,12:17:40,0.118248,0.103185,0.000680,29289.119513,0.059000
2026-08-19,12:17:40,0.123740,0.103185,0.000680,29289.120193,0.059000
2026-08-19,12:17:41,0.123740,0.103185,0.000680,29289.120873,0.059000
2026-08-19,12:17:42,0.144740,0.103185,0.000680,29289.120873,0.059000
2026-08-19,12:17:42,0.124063,0.103185,0.000680,29289.121553,0.059000
2026-08-19,12:17:43,0.082709,0.103164,0.000680,29289.122233,0.059000
2026-08-19,12:17:44,0.144740,0.103164,0.000680,29289.122233,0.059000
2026-08-19,12:17:44,0.144740,0.103164,0.000680,29289.122913,0.059000
2026-08-19,12:17:45,0.126012,0.103164,0.000680,29289.123593,0.059000
2026-08-19,12:17:46,0.082077,0.103079,0.000680,29289.123593,0.059000
2026-08-19,12:17:46,0.082077,0.102995,0.000680,29289.124273,0.059000
2026-08-19,12:17:47,0.082077,0.102995,0.000680,29289.124953,0.059000
2026-08-19,12:17:48,0.159025,0.102995,0.000680,29289.124953,0.059000
2026-08-19,12:17:48,0.118172,0.102995,0.000680,29289.125633,0.059000
2026-08-19,12:17:49,0.140330,0.102995,0.000680,29289.126313,0.059000
2026-08-19,12:17:50,0.145540,0.102995,0.000680,29289.126313,0.059000
2026-08-19,12:17:50,0.145540,0.102995,0.000680,29289.126993,0.059000
2026-08-19,12:17:51,0.124702,0.102995,0.000680,29289.127673,0.059000
2026-08-19,12:17:52,0.108094,0.102995,0.000680,29289.127673,0.059000
2026-08-19,12:17:52,0.081870,0.102995,0.000680,29289.128353,0.059000
2026-08-19,12:17:53,0.081870,0.102995,0.000680,29289.129033,0.059000
2026-08-19,12:17:54,0.081870,0.102995,0.000680,29289.129033,0.059000
2026-08-19,12:17:54,0.087946,0.102995,0.000680,29289.129713,0.059000
2026-08-19,12:17:55,0.122804,0.106983,0.000710,29289.130423,0.059000
2026-08-19,12:17:56,0.081870,0.106983,0.000710,29289.130423,0.059000
2026-08-19,12:17:56,0.081870,0.106983,0.000710,29289.131133,0.059000
2026-08-19,12:17:57,0.081870,0.106983,0.000710,29289.131843,0.059000
2026-08-19,12:17:58,0.122804,0.110971,0.000730,29289.131843,0.059000
2026-08-19,12:17:58,0.083136,0.110971,0.000730,29289.132573,0.059000
2026-08-19,12:17:59,0.145488,0.110971,0.000730,29289.133303,0.059000
2026-08-19,12:18:00,0.145488,0.110971,0.000730,29289.133303,0.059000
2026-08-19,12:18:00,0.103920,0.110971,0.000730,29289.134033,0.059000
2026-08-19,12:18:01,0.122176,0.110971,0.000730,29289.134763,0.059000
2026-08-19,12:18:02,0.083569,0.109146,0.000730,29289.134763,0.059000
2026-08-19,12:18:02,0.146246,0.109146,0.000720,29289.135483,0.059000
2026-08-19,12:18:03,0.146246,0.109146,0.000720,29289.136203,0.059000
2026-08-19,12:18:04,0.216105,0.109146,0.000720,29289.136203,0.059000
2026-08-19,12:18:04,0.125027,0.110607,0.000730,29289.136933,0.059000
2026-08-19,12:18:05,0.125027,0.110968,0.000730,29289.137663,0.059000
2026-08-19,12:18:06,0.125027,0.109950,0.000730,29289.137663,0.059000
2026-08-19,12:18:06,0.140697,0.109950,0.000730,29289.138393,0.059000
2026-08-19,12:18:07,0.163326,0.113012,0.000750,29289.139143,0.059000
2026-08-19,12:18:08,0.081663,0.113012,0.000750,29289.139143,0.059000
2026-08-19,12:18:08,0.104461,0.113012,0.000750,29289.139893,0.059000
2026-08-19,12:18:09,0.104461,0.113012,0.000750,29289.140643,0.059000
2026-08-19,12:18:10,0.082077,0.113012,0.000750,29289.140643,0.059000
2026-08-19,12:18:10,0.082077,0.113012,0.000750,29289.141393,0.059000
2026-08-19,12:18:11,0.122796,0.117021,0.000770,29289.142163,0.059000
2026-08-19,12:18:11,0.122796,0.121092,0.000770,29289.142163,0.059000
2026-08-19,12:18:12,0.122796,0.121092,0.000800,29289.142963,0.059000
2026-08-19,12:18:13,0.123116,0.125196,0.000830,29289.143793,0.059000
2026-08-19,12:18:13,0.130170,0.125933,0.000830,29289.143793,0.059000
2026-08-19,12:18:14,0.146246,0.128277,0.000850,29289.144623,0.059000
2026-08-19,12:18:15,0.146246,0.128277,0.000850,29289.145473,0.059000
2026-08-19,12:18:15,0.099565,0.128277,0.000850,29289.145473,0.059000
2026-08-19,12:18:16,0.083569,0.128277,0.000850,29289.146323,0.059000
2026-08-19,12:18:17,0.198150,0.128277,0.000850,29289.147173,0.059000
2026-08-19,12:18:17,0.213431,0.128277,0.000850,29289.147173,0.059000
2026-08-19,12:18:18,0.213431,0.128277,0.000850,29289.148023,0.059000
2026-08-19,12:18:19,0.144001,0.134320,0.000850,29289.148873,0.059000
2026-08-19,12:18:19,0.082287,0.134320,0.000890,29289.148873,0.059000
2026-08-19,12:18:20,0.102858,0.134320,0.000890,29289.149763,0.059000
2026-08-19,12:18:21,0.144001,0.136218,0.000890,29289.150653,0.059000
2026-08-19,12:18:21,0.144001,0.136218,0.000900,29289.150653,0.059000
2026-08-19,12:18:22,0.123108,0.136026,0.000900,29289.151553,0.059000
2026-08-19,12:18:23,0.146629,0.136619,0.000900,29289.152453,0.059000
2026-08-19,12:18:23,0.083788,0.136619,0.000900,29289.152453,0.059000
2026-08-19,12:18:24,0.083788,0.131938,0.000870,29289.153353,0.059000
2026-08-19,12:18:25,0.116517,0.131938,0.000870,29289.154223,0.059000
2026-08-19,12:18:25,0.146301,0.134289,0.000890,29289.154223,0.059000
2026-08-19,12:18:26,0.125354,0.134544,0.000890,29289.155113,0.059000
2026-08-19,12:18:27,0.183887,0.134544,0.000890,29289.156003,0.059000
2026-08-19,12:18:27,0.183887,0.134544,0.000890,29289.156003,0.059000
2026-08-19,12:18:28,0.108990,0.133132,0.000880,29289.156893,0.059000
2026-08-19,12:18:29,0.083788,0.128494,0.000880,29289.157773,0.059000
2026-08-19,12:18:29,0.102597,0.124129,0.000820,29289.157773,0.059000
2026-08-19,12:18:30,0.102597,0.124129,0.000820,29289.158593,0.059000
2026-08-19,12:18:31,0.184674,0.124129,0.000820,29289.159413,0.059000
2026-08-19,12:18:31,0.123116,0.122040,0.000810,29289.159413,0.059000
2026-08-19,12:18:32,0.164155,0.122040,0.000810,29289.160223,0.059000
2026-08-19,12:18:33,0.123116,0.122040,0.000810,29289.161033,0.059000
2026-08-19,12:18:33,0.123116,0.122040,0.000810,29289.161033,0.059000
2026-08-19,12:18:34,0.122796,0.122040,0.000810,29289.161843,0.059000
2026-08-19,12:18:35,0.083788,0.122040,0.000810,29289.162653,0.059000
2026-08-19,12:18:35,0.144001,0.122040,0.000810,29289.162653,0.059000
2026-08-19,12:18:36,0.102858,0.120015,0.000810,29289.163463,0.059000
2026-08-19,12:18:37,0.102858,0.120015,0.000790,29289.164253,0.059000
2026-08-19,12:18:37,0.113144,0.116667,0.000770,29289.164253,0.059000
2026-08-19,12:18:38,0.117965,0.116811,0.000770,29289.165023,0.059000
2026-08-19,12:18:39,0.083788,0.110560,0.000770,29289.165793,0.059000
2026-08-19,12:18:39,0.083788,0.106403,0.000700,29289.165793,0.059000
2026-08-19,12:18:40,0.083788,0.106403,0.000700,29289.166493,0.059000
2026-08-19,12:18:41,0.083788,0.103883,0.000690,29289.167183,0.059000
2026-08-19,12:18:41,0.082287,0.103733,0.000680,29289.167183,0.059000
2026-08-19,12:18:42,0.123430,0.103733,0.000680,29289.167863,0.059000
2026-08-19,12:18:43,0.123430,0.101702,0.000680,29289.168543,0.059000
2026-08-19,12:18:43,0.082287,0.101702,0.000670,29289.168543,0.059000
2026-08-19,12:18:44,0.102858,0.099676,0.000670,29289.169213,0.059000
2026-08-19,12:18:45,0.107307,0.096007,0.000630,29289.169843,0.059000
2026-08-19,12:18:45,0.102337,0.095955,0.000630,29289.169843,0.059000
2026-08-19,12:18:46,0.102337,0.095955,0.000630,29289.170473,0.059000
2026-08-19,12:18:47,0.122804,0.096921,0.000640,29289.171113,0.059000
2026-08-19,12:18:47,0.081870,0.096921,0.000640,29289.171113,0.059000
2026-08-19,12:18:48,0.143272,0.096921,0.000640,29289.171753,0.059000
2026-08-19,12:18:49,0.122485,0.096921,0.000640,29289.172393,0.059000
2026-08-19,12:18:49,0.122485,0.096921,0.000640,29289.172393,0.059000
2026-08-19,12:18:50,0.189687,0.096921,0.000640,29289.173033,0.059000
2026-08-19,12:18:51,0.126348,0.096921,0.000640,29289.173673,0.059000
2026-08-19,12:18:51,0.084452,0.093569,0.000620,29289.173673,0.059000
2026-08-19,12:18:52,0.084452,0.093462,0.000620,29289.174293,0.059000
2026-08-19,12:18:53,0.082709,0.093462,0.000620,29289.174913,0.059000
2026-08-19,12:18:53,0.088201,0.093903,0.000620,29289.174913,0.059000
2026-08-19,12:18:54,0.185771,0.093903,0.000620,29289.175533,0.059000
2026-08-19,12:18:55,0.144417,0.093903,0.000620,29289.176153,0.059000
2026-08-19,12:18:55,0.144417,0.093903,0.000620,29289.176153,0.059000
2026-08-19,12:18:56,0.103386,0.093903,0.000620,29289.176773,0.059000
2026-08-19,12:18:57,0.138279,0.093903,0.000620,29289.177393,0.059000
2026-08-19,12:18:57,0.124063,0.093903,0.000620,29289.177393,0.059000
2026-08-19,12:18:58,0.103386,0.093903,0.000620,29289.178013,0.059000
2026-08-19,12:18:59,0.103386,0.093903,0.000620,29289.178633,0.059000
2026-08-19,12:18:59,0.124063,0.093903,0.000620,29289.178633,0.059000
2026-08-19,12:19:00,0.103386,0.093903,0.000620,29289.179253,0.059000
2026-08-19,12:19:01,0.113724,0.093903,0.000620,29289.179873,0.059000
2026-08-19,12:19:01,0.113724,0.093903,0.000620,29289.179873,0.059000
2026-08-19,12:19:02,0.086586,0.093903,0.000620,29289.180493,0.059000
2026-08-19,12:19:03,0.124063,0.093903,0.000620,29289.181113,0.059000
2026-08-19,12:19:03,0.144740,0.093903,0.000620,29289.181113,0.059000
2026-08-19,12:19:04,0.103386,0.093903,0.000620,29289.181733,0.059000
2026-08-19,12:19:05,0.103386,0.093903,0.000620,29289.182353,0.059000
2026-08-19,12:19:05,0.082709,0.093903,0.000620,29289.182353,0.059000
2026-08-19,12:19:06,0.191910,0.093903,0.000620,29289.182973,0.059000
2026-08-19,12:19:07,0.082709,0.093795,0.000620,29289.183593,0.059000
2026-08-19,12:19:07,0.124063,0.093795,0.000620,29289.183593,0.059000
2026-08-19,12:19:08,0.124063,0.093795,0.000620,29289.184213,0.059000
2026-08-19,12:19:09,0.165094,0.093795,0.000620,29289.184833,0.059000
2026-08-19,12:19:09,0.082709,0.093837,0.000620,29289.184833,0.059000
2026-08-19,12:19:10,0.103386,0.095947,0.000630,29289.185463,0.059000
2026-08-19,12:19:11,0.103386,0.095947,0.000630,29289.186093,0.059000
2026-08-19,12:19:11,0.144740,0.095947,0.000630,29289.186093,0.059000
2026-08-19,12:19:12,0.165417,0.095947,0.000630,29289.186723,0.059000
2026-08-19,12:19:13,0.165417,0.095947,0.000630,29289.187353,0.059000
2026-08-19,12:19:13,0.186095,0.095947,0.000630,29289.187353,0.059000
2026-08-19,12:19:14,0.186095,0.095947,0.000630,29289.187983,0.059000
2026-08-19,12:19:15,0.165094,0.095947,0.000630,29289.188613,0.059000
2026-08-19,12:19:15,0.124063,0.095947,0.000630,29289.188613,0.059000
2026-08-19,12:19:16,0.107275,0.095947,0.000630,29289.189243,0.059000
2026-08-19,12:19:17,0.186574,0.095947,0.000630,29289.189873,0.059000
2026-08-19,12:19:17,0.186574,0.095947,0.000630,29289.189873,0.059000
2026-08-19,12:19:18,0.206980,0.095947,0.000630,29289.190503,0.059000
2026-08-19,12:19:19,0.082922,0.093953,0.000630,29289.191133,0.059000
2026-08-19,12:19:19,0.207304,0.093953,0.000620,29289.191133,0.059000
2026-08-19,12:19:20,0.207304,0.091515,0.000600,29289.191753,0.059000
2026-08-19,12:19:21,0.082922,0.091515,0.000600,29289.192353,0.059000
2026-08-19,12:19:21,0.092315,0.090513,0.000600,29289.192353,0.059000
2026-08-19,12:19:22,0.103652,0.088598,0.000580,29289.192953,0.059000
2026-08-19,12:19:23,0.177828,0.088598,0.000580,29289.193533,0.059000
2026-08-19,12:19:23,0.177828,0.088598,0.000580,29289.193533,0.059000
2026-08-19,12:19:24,0.124059,0.088598,0.000580,29289.194113,0.059000
2026-08-19,12:19:25,0.124383,0.088598,0.000580,29289.194693,0.059000
2026-08-19,12:19:25,0.148971,0.088598,0.000580,29289.194693,0.059000
2026-08-19,12:19:26,0.148971,0.088319,0.000580,29289.195273,0.059000
2026-08-19,12:19:27,0.081663,0.088319,0.000580,29289.195853,0.059000
2026-08-19,12:19:27,0.125354,0.088319,0.000580,29289.195853,0.059000
2026-08-19,12:19:28,0.125027,0.088319,0.000580,29289.196433,0.059000
2026-08-19,12:19:29,0.104461,0.088319,0.000580,29289.197013,0.059000
2026-08-19,12:19:29,0.104461,0.088319,0.000580,29289.197013,0.059000
2026-08-19,12:19:30,0.083569,0.088319,0.000580,29289.197593,0.059000
2026-08-19,12:19:31,0.125027,0.088319,0.000580,29289.198173,0.059000
2026-08-19,12:19:31,0.138085,0.088319,0.000580,29289.198173,0.059000
2026-08-19,12:19:32,0.184674,0.088319,0.000580,29289.198753,0.059000
2026-08-19,12:19:33,0.184674,0.088319,0.000580,29289.199333,0.059000
2026-08-19,12:19:33,0.102597,0.090308,0.000600,29289.199333,0.059000
2026-08-19,12:19:34,0.123116,0.093799,0.000600,29289.199933,0.059000
2026-08-19,12:19:35,0.204232,0.093799,0.000620,29289.200553,0.059000
2026-08-19,12:19:35,0.204232,0.093736,0.000620,29289.200553,0.059000
2026-08-19,12:19:36,0.082077,0.093736,0.000620,29289.201173,0.059000
2026-08-19,12:19:37,0.137223,0.093736,0.000620,29289.201793,0.059000
2026-08-19,12:19:37,0.137759,0.093736,0.000620,29289.201793,0.059000
2026-08-19,12:19:38,0.122176,0.093736,0.000620,29289.202413,0.059000
2026-08-19,12:19:39,0.122176,0.093736,0.000620,29289.203033,0.059000
2026-08-19,12:19:39,0.122495,0.093736,0.000620,29289.203033,0.059000
2026-08-19,12:19:40,0.194588,0.093736,0.000620,29289.203653,0.059000
2026-08-19,12:19:41,0.081663,0.093631,0.000620,29289.204273,0.059000
2026-08-19,12:19:41,0.102079,0.093501,0.000620,29289.204273,0.059000
2026-08-19,12:19:42,0.102079,0.093501,0.000620,29289.204893,0.059000
2026-08-19,12:19:43,0.125354,0.097744,0.000640,29289.205533,0.059000
2026-08-19,12:19:43,0.149028,0.104355,0.000690,29289.205533,0.059000
2026-08-19,12:19:44,0.081870,0.104355,0.000690,29289.206223,0.059000
2026-08-19,12:19:45,0.081870,0.104355,0.000690,29289.206913,0.059000
2026-08-19,12:19:45,0.143272,0.104355,0.000690,29289.206913,0.059000
2026-08-19,12:19:46,0.135746,0.104355,0.000690,29289.207603,0.059000
2026-08-19,12:19:47,0.104245,0.104355,0.000690,29289.208293,0.059000
2026-08-19,12:19:47,0.083136,0.104355,0.000690,29289.208293,0.059000
2026-08-19,12:19:48,0.083136,0.106911,0.000690,29289.208983,0.059000
2026-08-19,12:19:49,0.117885,0.106911,0.000710,29289.209693,0.059000
2026-08-19,12:19:49,0.113338,0.107880,0.000710,29289.209693,0.059000
2026-08-19,12:19:50,0.177314,0.107880,0.000710,29289.210403,0.059000
2026-08-19,12:19:51,0.108467,0.110560,0.000730,29289.211133,0.059000
2026-08-19,12:19:51,0.108467,0.110560,0.000730,29289.211133,0.059000
2026-08-19,12:19:52,0.124704,0.112771,0.000740,29289.211873,0.059000
2026-08-19,12:19:53,0.083136,0.112771,0.000740,29289.211873,0.059000
2026-08-19,12:19:53,0.103920,0.112771,0.000740,29289.212613,0.059000
2026-08-19,12:19:54,0.103920,0.112771,0.000740,29289.213353,0.059000
2026-08-19,12:19:55,0.103920,0.112771,0.000740,29289.213353,0.059000
2026-08-19,12:19:55,0.127302,0.112771,0.000740,29289.214093,0.059000
2026-08-19,12:19:56,0.186732,0.112771,0.000740,29289.214833,0.059000
2026-08-19,12:19:57,0.145488,0.112771,0.000740,29289.215573,0.059000
2026-08-19,12:19:57,0.145488,0.108773,0.000740,29289.215573,0.059000
2026-08-19,12:19:58,0.083136,0.108773,0.000720,29289.216293,0.059000
2026-08-19,12:19:59,0.083136,0.108879,0.000720,29289.216293,0.059000
2026-08-19,12:19:59,0.113663,0.108879,0.000720,29289.217013,0.059000
2026-08-19,12:20:00,0.083136,0.108879,0.000720,29289.217733,0.059000
2026-08-19,12:20:01,0.083136,0.108879,0.000720,29289.217733,0.059000
2026-08-19,12:20:01,0.166272,0.108879,0.000720,29289.218453,0.059000
2026-08-19,12:20:02,0.166272,0.108879,0.000720,29289.219173,0.059000
2026-08-19,12:20:03,0.145488,0.108879,0.000720,29289.219173,0.059000
2026-08-19,12:20:03,0.145488,0.108879,0.000720,29289.219893,0.059000
2026-08-19,12:20:04,0.168221,0.108879,0.000720,29289.220613,0.059000
2026-08-19,12:20:05,0.176989,0.108879,0.000720,29289.220613,0.059000
2026-08-19,12:20:05,0.083136,0.109026,0.000720,29289.221333,0.059000
2026-08-19,12:20:06,0.083136,0.107132,0.000710,29289.222043,0.059000
2026-08-19,12:20:07,0.083136,0.102910,0.000710,29289.222043,0.059000
2026-08-19,12:20:07,0.083136,0.102910,0.000680,29289.222723,0.059000
2026-08-19,12:20:08,0.168870,0.102910,0.000680,29289.223403,0.059000
2026-08-19,12:20:09,0.103920,0.098399,0.000680,29289.223403,0.059000
2026-08-19,12:20:09,0.083136,0.094925,0.000650,29289.224053,0.059000
2026-08-19,12:20:10,0.083136,0.094925,0.000630,29289.224683,0.059000
2026-08-19,12:20:11,0.124055,0.094925,0.000630,29289.224683,0.059000
2026-08-19,12:20:11,0.147791,0.094925,0.000630,29289.225313,0.059000
2026-08-19,12:20:12,0.103920,0.094925,0.000630,29289.225943,0.059000
2026-08-19,12:20:13,0.103920,0.094925,0.000630,29289.225943,0.059000
2026-08-19,12:20:13,0.103920,0.094925,0.000630,29289.226573,0.059000
2026-08-19,12:20:14,0.145164,0.094925,0.000630,29289.227203,0.059000
2026-08-19,12:20:15,0.083136,0.091904,0.000630,29289.227203,0.059000
2026-08-19,12:20:15,0.088982,0.089956,0.000610,29289.227813,0.059000
2026-08-19,12:20:16,0.088982,0.089956,0.000590,29289.228423,0.059000
2026-08-19,12:20:17,0.124704,0.089956,0.000590,29289.228423,0.059000
2026-08-19,12:20:17,0.103920,0.089956,0.000590,29289.229013,0.059000
2026-08-19,12:20:18,0.103920,0.089956,0.000590,29289.229603,0.059000
2026-08-19,12:20:19,0.142551,0.089956,0.000590,29289.229603,0.059000
2026-08-19,12:20:19,0.142551,0.089956,0.000590,29289.230193,0.059000
2026-08-19,12:20:20,0.137779,0.089956,0.000590,29289.230783,0.059000
2026-08-19,12:20:21,0.122187,0.089956,0.000590,29289.230783,0.059000
2026-08-19,12:20:21,0.142551,0.089956,0.000590,29289.231373,0.059000
2026-08-19,12:20:22,0.142551,0.089956,0.000590,29289.231963,0.059000
2026-08-19,12:20:23,0.142551,0.089956,0.000590,29289.231963,0.059000
2026-08-19,12:20:23,0.101822,0.089956,0.000590,29289.232553,0.059000
2026-08-19,12:20:24,0.109807,0.089956,0.000590,29289.233143,0.059000
2026-08-19,12:20:25,0.143494,0.089956,0.000590,29289.233143,0.059000
2026-08-19,12:20:25,0.143494,0.089956,0.000590,29289.233733,0.059000
2026-08-19,12:20:26,0.103652,0.089956,0.000590,29289.234323,0.059000
2026-08-19,12:20:27,0.145113,0.089956,0.000590,29289.234323,0.059000
2026-08-19,12:20:27,0.082922,0.085778,0.000570,29289.234913,0.059000
2026-08-19,12:20:28,0.165844,0.085778,0.000570,29289.235483,0.059000
2026-08-19,12:20:29,0.165844,0.085778,0.000570,29289.235483,0.059000
2026-08-19,12:20:29,0.155478,0.085778,0.000570,29289.236053,0.059000
2026-08-19,12:20:30,0.168458,0.085778,0.000570,29289.236623,0.059000
2026-08-19,12:20:31,0.164672,0.085778,0.000570,29289.236623,0.059000
2026-08-19,12:20:31,0.164672,0.085778,0.000570,29289.237193,0.059000
2026-08-19,12:20:32,0.123745,0.085778,0.000570,29289.237763,0.059000
2026-08-19,12:20:33,0.103121,0.085778,0.000570,29289.237763,0.059000
2026-08-19,12:20:33,0.082497,0.085778,0.000570,29289.238333,0.059000
2026-08-19,12:20:34,0.103121,0.085778,0.000570,29289.238903,0.059000
2026-08-19,12:20:35,0.103121,0.085778,0.000570,29289.238903,0.059000
2026-08-19,12:20:35,0.103121,0.085778,0.000570,29289.239473,0.059000
2026-08-19,12:20:36,0.177562,0.085778,0.000570,29289.240043,0.059000
2026-08-19,12:20:37,0.123423,0.085778,0.000570,29289.240043,0.059000
2026-08-19,12:20:37,0.123423,0.085714,0.000560,29289.240613,0.059000
2026-08-19,12:20:38,0.082497,0.085714,0.000560,29289.241173,0.059000
2026-08-19,12:20:39,0.144047,0.085714,0.000560,29289.241173,0.059000
2026-08-19,12:20:39,0.083788,0.085779,0.000570,29289.241733,0.059000
2026-08-19,12:20:40,0.188195,0.085779,0.000570,29289.242303,0.059000
2026-08-19,12:20:41,0.188195,0.085779,0.000570,29289.242303,0.059000
2026-08-19,12:20:41,0.163326,0.085779,0.000570,29289.242873,0.059000
2026-08-19,12:20:42,0.103920,0.087857,0.000580,29289.243453,0.059000
2026-08-19,12:20:43,0.124380,0.091982,0.000610,29289.243453,0.059000
2026-08-19,12:20:43,0.207516,0.091982,0.000610,29289.244063,0.059000
2026-08-19,12:20:44,0.207516,0.091982,0.000610,29289.244673,0.059000
2026-08-19,12:20:45,0.126328,0.091982,0.000610,29289.244673,0.059000
2026-08-19,12:20:45,0.103920,0.091982,0.000610,29289.245283,0.059000
2026-08-19,12:20:46,0.145488,0.091982,0.000610,29289.245893,0.059000
2026-08-19,12:20:47,0.145488,0.091982,0.000610,29289.245893,0.059000
2026-08-19,12:20:47,0.106518,0.091982,0.000610,29289.246503,0.059000
2026-08-19,12:20:48,0.122804,0.091982,0.000610,29289.247113,0.059000
2026-08-19,12:20:49,0.102337,0.091982,0.000610,29289.247113,0.059000
2026-08-19,12:20:49,0.139754,0.091982,0.000610,29289.247723,0.059000
2026-08-19,12:20:50,0.139754,0.091982,0.000610,29289.248333,0.059000
2026-08-19,12:20:51,0.122804,0.091982,0.000610,29289.248333,0.059000
2026-08-19,12:20:51,0.125354,0.091982,0.000610,29289.248943,0.059000
2026-08-19,12:20:52,0.123430,0.091982,0.000610,29289.249553,0.059000
2026-08-19,12:20:53,0.102858,0.091982,0.000610,29289.249553,0.059000
2026-08-19,12:20:53,0.102858,0.091982,0.000610,29289.250163,0.059000
2026-08-19,12:20:54,0.144001,0.091982,0.000610,29289.250773,0.059000
2026-08-19,12:20:55,0.143680,0.091982,0.000610,29289.250773,0.059000
2026-08-19,12:20:55,0.082287,0.091897,0.000610,29289.251383,0.059000
2026-08-19,12:20:56,0.082287,0.089733,0.000610,29289.251993,0.059000
2026-08-19,12:20:57,0.082287,0.089733,0.000610,29289.251993,0.059000
2026-08-19,12:20:57,0.102858,0.091706,0.000600,29289.252593,0.059000
2026-08-19,12:20:58,0.106715,0.094063,0.000620,29289.253213,0.059000
2026-08-19,12:20:59,0.102858,0.095451,0.000620,29289.253213,0.059000
2026-08-19,12:20:59,0.102858,0.095451,0.000630,29289.253843,0.059000
2026-08-19,12:21:00,0.168015,0.095451,0.000630,29289.254473,0.059000
2026-08-19,12:21:01,0.147014,0.095451,0.000630,29289.254473,0.059000
2026-08-19,12:21:01,0.210019,0.095451,0.000630,29289.255103,0.059000
2026-08-19,12:21:02,0.165417,0.095451,0.000630,29289.255733,0.059000
2026-08-19,12:21:03,0.165417,0.095451,0.000630,29289.255733,0.059000
2026-08-19,12:21:03,0.124063,0.095451,0.000630,29289.256363,0.059000
2026-08-19,12:21:04,0.126648,0.095451,0.000630,29289.256993,0.059000
2026-08-19,12:21:05,0.135048,0.095451,0.000630,29289.256993,0.059000
2026-08-19,12:21:05,0.135048,0.095451,0.000630,29289.257623,0.059000
2026-08-19,12:21:06,0.126344,0.095451,0.000630,29289.258253,0.059000
2026-08-19,12:21:07,0.128246,0.095451,0.000630,29289.258253,0.059000
2026-08-19,12:21:07,0.143315,0.095451,0.000630,29289.258883,0.059000
2026-08-19,12:21:08,0.164155,0.095451,0.000630,29289.259513,0.059000
2026-08-19,12:21:09,0.164155,0.095451,0.000630,29289.259513,0.059000
2026-08-19,12:21:09,0.082077,0.095367,0.000630,29289.260143,0.059000
2026-08-19,12:21:10,0.250381,0.095367,0.000630,29289.260773,0.059000
2026-08-19,12:21:11,0.146246,0.095367,0.000630,29289.260773,0.059000
2026-08-19,12:21:11,0.146246,0.095367,0.000630,29289.261403,0.059000
2026-08-19,12:21:12,0.174647,0.095367,0.000630,29289.262033,0.059000
2026-08-19,12:21:13,0.188031,0.095367,0.000630,29289.262033,0.059000
2026-08-19,12:21:13,0.104461,0.097563,0.000640,29289.262673,0.059000
2026-08-19,12:21:14,0.119151,0.101099,0.000670,29289.263343,0.059000
2026-08-19,12:21:15,0.119151,0.105332,0.000670,29289.263343,0.059000
2026-08-19,12:21:15,0.146246,0.105332,0.000700,29289.264043,0.059000
2026-08-19,12:21:16,0.135800,0.106474,0.000700,29289.264743,0.059000
2026-08-19,12:21:17,0.125354,0.110781,0.000700,29289.264743,0.059000
2026-08-19,12:21:17,0.083569,0.110781,0.000730,29289.265443,0.059000
2026-08-19,12:21:18,0.083569,0.110781,0.000730,29289.266173,0.059000
2026-08-19,12:21:19,0.088792,0.110781,0.000730,29289.266173,0.059000
2026-08-19,12:21:19,0.098362,0.110781,0.000730,29289.266903,0.059000
2026-08-19,12:21:20,0.127284,0.110781,0.000730,29289.267633,0.059000
2026-08-19,12:21:21,0.127284,0.110781,0.000730,29289.267633,0.059000
2026-08-19,12:21:21,0.104190,0.110781,0.000730,29289.268363,0.059000
2026-08-19,12:21:22,0.104190,0.110781,0.000730,29289.269093,0.059000
2026-08-19,12:21:23,0.121564,0.110781,0.000730,29289.269093,0.059000
2026-08-19,12:21:23,0.083569,0.110909,0.000730,29289.269823,0.059000
2026-08-19,12:21:24,0.083569,0.108980,0.000730,29289.270553,0.059000
2026-08-19,12:21:25,0.083569,0.108980,0.000720,29289.270553,0.059000
2026-08-19,12:21:25,0.125027,0.108980,0.000720,29289.271273,0.059000
2026-08-19,12:21:26,0.122485,0.108980,0.000720,29289.271993,0.059000
2026-08-19,12:21:27,0.083136,0.106622,0.000720,29289.271993,0.059000
2026-08-19,12:21:27,0.083136,0.106622,0.000700,29289.272713,0.059000
2026-08-19,12:21:28,0.145488,0.106622,0.000700,29289.273413,0.059000
2026-08-19,12:21:29,0.083136,0.104650,0.000690,29289.273413,0.059000
2026-08-19,12:21:29,0.145164,0.104650,0.000690,29289.274103,0.059000
2026-08-19,12:21:30,0.145164,0.104650,0.000690,29289.274793,0.059000
2026-08-19,12:21:31,0.124380,0.104650,0.000690,29289.274793,0.059000
2026-08-19,12:21:31,0.120483,0.104650,0.000690,29289.275483,0.059000
2026-08-19,12:21:32,0.187056,0.104650,0.000690,29289.276173,0.059000
2026-08-19,12:21:33,0.124380,0.108880,0.000720,29289.276173,0.059000
2026-08-19,12:21:33,0.124380,0.110905,0.000730,29289.276893,0.059000
2026-08-19,12:21:34,0.124704,0.110905,0.000730,29289.277623,0.059000
2026-08-19,12:21:35,0.102337,0.109223,0.000720,29289.277623,0.059000
2026-08-19,12:21:35,0.103920,0.104991,0.000690,29289.278343,0.059000
2026-08-19,12:21:36,0.083136,0.099724,0.000690,29289.279033,0.059000
2026-08-19,12:21:37,0.083136,0.099724,0.000660,29289.279033,0.059000
2026-08-19,12:21:37,0.145488,0.099724,0.000660,29289.279693,0.059000
2026-08-19,12:21:38,0.083136,0.095502,0.000630,29289.280323,0.059000
2026-08-19,12:21:39,0.124704,0.095502,0.000630,29289.280323,0.059000
2026-08-19,12:21:39,0.124380,0.095502,0.000630,29289.280953,0.059000
2026-08-19,12:21:40,0.124380,0.095502,0.000630,29289.281583,0.059000
2026-08-19,12:21:41,0.153282,0.095502,0.000630,29289.281583,0.059000
2026-08-19,12:21:41,0.083136,0.095459,0.000630,29289.282213,0.059000
2026-08-19,12:21:42,0.103920,0.097494,0.000630,29289.282843,0.059000
2026-08-19,12:21:43,0.103920,0.097494,0.000640,29289.282843,0.059000
2026-08-19,12:21:43,0.083136,0.097494,0.000640,29289.283483,0.059000
2026-08-19,12:21:44,0.207841,0.097494,0.000640,29289.284123,0.059000
2026-08-19,12:21:45,0.153282,0.097494,0.000640,29289.284123,0.059000
2026-08-19,12:21:45,0.103920,0.099573,0.000640,29289.284763,0.059000
2026-08-19,12:21:46,0.103920,0.099573,0.000660,29289.285423,0.059000
2026-08-19,12:21:47,0.186732,0.099573,0.000660,29289.285423,0.059000
2026-08-19,12:21:47,0.103920,0.097527,0.000660,29289.286083,0.059000
2026-08-19,12:21:48,0.124380,0.097494,0.000640,29289.286723,0.059000
2026-08-19,12:21:49,0.124380,0.099731,0.000660,29289.286723,0.059000
2026-08-19,12:21:49,0.124704,0.099731,0.000660,29289.287383,0.059000
2026-08-19,12:21:50,0.103920,0.099731,0.000660,29289.288043,0.059000
2026-08-19,12:21:51,0.124704,0.103888,0.000690,29289.288043,0.059000
2026-08-19,12:21:51,0.083136,0.103888,0.000690,29289.288733,0.059000
2026-08-19,12:21:52,0.083136,0.103888,0.000690,29289.289423,0.059000
2026-08-19,12:21:53,0.139318,0.103888,0.000690,29289.289423,0.059000
2026-08-19,12:21:53,0.083136,0.103888,0.000690,29289.290113,0.059000
2026-08-19,12:21:54,0.083136,0.103888,0.000690,29289.290803,0.059000
2026-08-19,12:21:55,0.124704,0.103888,0.000690,29289.290803,0.059000
2026-08-19,12:21:55,0.124704,0.103888,0.000690,29289.291493,0.059000
2026-08-19,12:21:56,0.103920,0.103888,0.000690,29289.292183,0.059000
2026-08-19,12:21:57,0.083136,0.103888,0.000690,29289.292183,0.059000
2026-08-19,12:21:57,0.119184,0.105414,0.000690,29289.292873,0.059000
2026-08-19,12:21:58,0.119184,0.105414,0.000700,29289.293573,0.059000
2026-08-19,12:21:59,0.083136,0.105414,0.000700,29289.293573,0.059000
2026-08-19,12:21:59,0.083136,0.105414,0.000700,29289.294273,0.059000
2026-08-19,12:22:00,0.103920,0.105414,0.000700,29289.294973,0.059000
2026-08-19,12:22:01,0.124704,0.105414,0.000700,29289.294973,0.059000
2026-08-19,12:22:01,0.124704,0.105414,0.000700,29289.295673,0.059000
2026-08-19,12:22:02,0.083136,0.105414,0.000700,29289.296373,0.059000
2026-08-19,12:22:03,0.207516,0.105414,0.000700,29289.296373,0.059000
2026-08-19,12:22:03,0.163326,0.105414,0.000700,29289.297073,0.059000
2026-08-19,12:22:04,0.237323,0.105414,0.000700,29289.297773,0.059000
2026-08-19,12:22:05,0.237323,0.105414,0.000700,29289.297773,0.059000
2026-08-19,12:22:05,0.083569,0.103379,0.000680,29289.298453,0.059000
2026-08-19,12:22:06,0.104461,0.103433,0.000680,29289.299133,0.059000
2026-08-19,12:22:07,0.083569,0.099352,0.000680,29289.299133,0.059000
2026-08-19,12:22:07,0.083569,0.099352,0.000660,29289.299793,0.059000
2026-08-19,12:22:08,0.143272,0.099352,0.000630,29289.300423,0.059000
2026-08-19,12:22:09,0.083788,0.095260,0.000630,29289.300423,0.059000
2026-08-19,12:22:09,0.104735,0.095342,0.000630,29289.301053,0.059000
2026-08-19,12:22:10,0.104735,0.093345,0.000620,29289.301673,0.059000
2026-08-19,12:22:11,0.104735,0.093345,0.000620,29289.301673,0.059000
2026-08-19,12:22:11,0.148976,0.093345,0.000620,29289.302293,0.059000
2026-08-19,12:22:12,0.124059,0.093345,0.000620,29289.302913,0.059000
2026-08-19,12:22:13,0.144789,0.093345,0.000620,29289.302913,0.059000
2026-08-19,12:22:13,0.096526,0.094684,0.000620,29289.303533,0.059000
2026-08-19,12:22:14,0.096526,0.094684,0.000620,29289.304153,0.059000
2026-08-19,12:22:15,0.157422,0.094684,0.000620,29289.304153,0.059000
2026-08-19,12:22:15,0.144789,0.094684,0.000620,29289.304773,0.059000
2026-08-19,12:22:16,0.082922,0.094662,0.000620,29289.305393,0.059000
2026-08-19,12:22:17,0.082922,0.093109,0.000620,29289.305393,0.059000
2026-08-19,12:22:17,0.103652,0.093109,0.000610,29289.306003,0.059000
2026-08-19,12:22:18,0.124383,0.097234,0.000610,29289.306613,0.059000
2026-08-19,12:22:19,0.082922,0.097234,0.000640,29289.306613,0.059000
2026-08-19,12:22:19,0.228035,0.097234,0.000640,29289.307253,0.059000
2026-08-19,12:22:20,0.228035,0.097234,0.000640,29289.307253,0.059000
2026-08-19,12:22:21,0.145113,0.097234,0.000640,29289.307893,0.059000
2026-08-19,12:22:21,0.133452,0.097234,0.000640,29289.308533,0.059000
2026-08-19,12:22:22,0.081663,0.097043,0.000640,29289.308533,0.059000
2026-08-19,12:22:23,0.125354,0.097043,0.000640,29289.309173,0.059000
2026-08-19,12:22:23,0.125354,0.097043,0.000630,29289.309813,0.059000
2026-08-19,12:22:24,0.083569,0.094954,0.000630,29289.309813,0.059000
2026-08-19,12:22:25,0.128945,0.094954,0.000630,29289.310443,0.059000
2026-08-19,12:22:25,0.104461,0.094954,0.000630,29289.311073,0.059000
2026-08-19,12:22:26,0.104461,0.094954,0.000630,29289.311073,0.059000
2026-08-19,12:22:27,0.101822,0.094954,0.000630,29289.311703,0.059000
2026-08-19,12:22:27,0.084322,0.094954,0.000630,29289.312333,0.059000
2026-08-19,12:22:28,0.183280,0.094954,0.000630,29289.312333,0.059000
2026-08-19,12:22:29,0.107680,0.097365,0.000640,29289.312963,0.059000
2026-08-19,12:22:29,0.107680,0.097365,0.000640,29289.313603,0.059000
2026-08-19,12:22:30,0.164994,0.097365,0.000640,29289.313603,0.059000
2026-08-19,12:22:31,0.082497,0.097236,0.000640,29289.314243,0.059000
2026-08-19,12:22:31,0.123745,0.097236,0.000640,29289.314883,0.059000
2026-08-19,12:22:32,0.116334,0.097236,0.000640,29289.314883,0.059000
2026-08-19,12:22:33,0.116334,0.097236,0.000640,29289.315523,0.059000
2026-08-19,12:22:33,0.164672,0.097236,0.000640,29289.316163,0.059000
2026-08-19,12:22:34,0.123745,0.097236,0.000640,29289.316163,0.059000
2026-08-19,12:22:35,0.103121,0.097236,0.000640,29289.316803,0.059000
2026-08-19,12:22:35,0.103121,0.097236,0.000640,29289.317443,0.059000
2026-08-19,12:22:36,0.123745,0.097236,0.000640,29289.317443,0.059000
2026-08-19,12:22:37,0.205920,0.097236,0.000640,29289.318083,0.059000
2026-08-19,12:22:37,0.126348,0.099398,0.000640,29289.318723,0.059000
2026-08-19,12:22:38,0.143680,0.103292,0.000660,29289.318723,0.059000
2026-08-19,12:22:39,0.143680,0.103292,0.000680,29289.319383,0.059000
2026-08-19,12:22:39,0.083572,0.103292,0.000680,29289.320063,0.059000
2026-08-19,12:22:40,0.144001,0.103292,0.000680,29289.320063,0.059000
2026-08-19,12:22:41,0.084008,0.102040,0.000670,29289.320743,0.059000
2026-08-19,12:22:41,0.084008,0.102149,0.000670,29289.321413,0.059000
2026-08-19,12:22:42,0.084008,0.102149,0.000670,29289.321413,0.059000
2026-08-19,12:22:43,0.125683,0.102149,0.000670,29289.322083,0.059000
2026-08-19,12:22:43,0.105010,0.102149,0.000670,29289.322753,0.059000
2026-08-19,12:22:44,0.101568,0.102149,0.000670,29289.322753,0.059000
2026-08-19,12:22:45,0.101568,0.102149,0.000670,29289.323423,0.059000
2026-08-19,12:22:45,0.103386,0.102149,0.000670,29289.324093,0.059000
2026-08-19,12:22:46,0.137955,0.102149,0.000670,29289.324093,0.059000
2026-08-19,12:22:47,0.101568,0.102149,0.000670,29289.324763,0.059000
2026-08-19,12:22:47,0.119659,0.102149,0.000670,29289.325433,0.059000
2026-08-19,12:22:48,0.119659,0.102149,0.000670,29289.325433,0.059000
2026-08-19,12:22:49,0.141877,0.102149,0.000670,29289.326103,0.059000
2026-08-19,12:22:49,0.104461,0.102149,0.000670,29289.326773,0.059000
2026-08-19,12:22:50,0.082077,0.102149,0.000670,29289.326773,0.059000
2026-08-19,12:22:51,0.082077,0.102149,0.000670,29289.327443,0.059000
2026-08-19,12:22:51,0.082077,0.102149,0.000670,29289.328113,0.059000
2026-08-19,12:22:52,0.082077,0.102149,0.000670,29289.328113,0.059000
2026-08-19,12:22:53,0.105286,0.102149,0.000670,29289.328783,0.059000
2026-08-19,12:22:53,0.105286,0.106233,0.000670,29289.329453,0.059000
2026-08-19,12:22:54,0.105286,0.102966,0.000680,29289.329453,0.059000
2026-08-19,12:22:54,0.105286,0.102966,0.000680,29289.330133,0.059000
2026-08-19,12:22:55,0.126344,0.105443,0.000700,29289.330833,0.059000
2026-08-19,12:22:56,0.226037,0.105443,0.000700,29289.330833,0.059000
2026-08-19,12:22:56,0.082287,0.101706,0.000700,29289.331533,0.059000
2026-08-19,12:22:57,0.082287,0.101706,0.000670,29289.332203,0.059000
2026-08-19,12:22:58,0.082287,0.095747,0.000630,29289.332203,0.059000
2026-08-19,12:22:58,0.082287,0.093529,0.000630,29289.332833,0.059000
2026-08-19,12:22:59,0.123108,0.093529,0.000620,29289.333453,0.059000
2026-08-19,12:23:00,0.127930,0.093529,0.000620,29289.333453,0.059000
2026-08-19,12:23:00,0.127930,0.093529,0.000620,29289.334073,0.059000
2026-08-19,12:23:01,0.084229,0.093745,0.000620,29289.334693,0.059000
2026-08-19,12:23:02,0.116408,0.093745,0.000620,29289.334693,0.059000
2026-08-19,12:23:02,0.102657,0.093745,0.000620,29289.335313,0.059000
2026-08-19,12:23:03,0.102657,0.093745,0.000620,29289.335933,0.059000
2026-08-19,12:23:04,0.186732,0.093745,0.000620,29289.335933,0.059000
2026-08-19,12:23:04,0.103920,0.095929,0.000630,29289.336563,0.059000
2026-08-19,12:23:05,0.124380,0.100159,0.000660,29289.337223,0.059000
2026-08-19,12:23:06,0.083136,0.100159,0.000660,29289.337223,0.059000
2026-08-19,12:23:06,0.083136,0.100159,0.000660,29289.337883,0.059000
2026-08-19,12:23:07,0.127952,0.102426,0.000680,29289.338563,0.059000
2026-08-19,12:23:08,0.103920,0.102289,0.000680,29289.338563,0.059000
2026-08-19,12:23:08,0.081870,0.099947,0.000680,29289.339243,0.059000
2026-08-19,12:23:09,0.081870,0.097814,0.000650,29289.339893,0.059000
2026-08-19,12:23:10,0.105010,0.097814,0.000650,29289.339893,0.059000
2026-08-19,12:23:10,0.116408,0.101226,0.000670,29289.340563,0.059000
2026-08-19,12:23:11,0.170135,0.101226,0.000670,29289.341233,0.059000
2026-08-19,12:23:12,0.204354,0.101226,0.000670,29289.341233,0.059000
2026-08-19,12:23:12,0.204354,0.103526,0.000670,29289.341903,0.059000
2026-08-19,12:23:13,0.105286,0.103526,0.000680,29289.342583,0.059000
2026-08-19,12:23:14,0.082922,0.103590,0.000680,29289.342583,0.059000
2026-08-19,12:23:14,0.082922,0.103459,0.000680,29289.343263,0.059000
2026-08-19,12:23:15,0.165520,0.103459,0.000680,29289.343943,0.059000
2026-08-19,12:23:16,0.165520,0.103459,0.000680,29289.343943,0.059000
2026-08-19,12:23:16,0.103652,0.103432,0.000680,29289.344623,0.059000
2026-08-19,12:23:17,0.103652,0.101359,0.000670,29289.345293,0.059000
2026-08-19,12:23:18,0.103652,0.098929,0.000670,29289.345293,0.059000
2026-08-19,12:23:18,0.103652,0.100328,0.000650,29289.345943,0.059000
2026-08-19,12:23:19,0.117904,0.100328,0.000700,29289.346593,0.059000
2026-08-19,12:23:20,0.145113,0.106652,0.000700,29289.346593,0.059000
2026-08-19,12:23:20,0.082922,0.106652,0.000700,29289.347293,0.059000
2026-08-19,12:23:21,0.101568,0.106652,0.000700,29289.347993,0.059000
2026-08-19,12:23:22,0.101568,0.106652,0.000700,29289.347993,0.059000
2026-08-19,12:23:22,0.125682,0.106652,0.000700,29289.348693,0.059000
2026-08-19,12:23:23,0.125354,0.106652,0.000700,29289.349393,0.059000
2026-08-19,12:23:24,0.083788,0.104530,0.000700,29289.349393,0.059000
2026-08-19,12:23:24,0.125354,0.104530,0.000690,29289.350093,0.059000
2026-08-19,12:23:25,0.125354,0.104530,0.000690,29289.350783,0.059000
2026-08-19,12:23:26,0.102337,0.104530,0.000690,29289.350783,0.059000
2026-08-19,12:23:26,0.102337,0.104530,0.000690,29289.351473,0.059000
2026-08-19,12:23:27,0.081870,0.104530,0.000690,29289.352163,0.059000
2026-08-19,12:23:28,0.081870,0.104050,0.000690,29289.352163,0.059000
2026-08-19,12:23:28,0.111611,0.104050,0.000690,29289.352853,0.059000
2026-08-19,12:23:29,0.145920,0.104050,0.000690,29289.353543,0.059000
2026-08-19,12:23:30,0.117519,0.104050,0.000690,29289.353543,0.059000
2026-08-19,12:23:30,0.146246,0.104050,0.000690,29289.354233,0.059000
2026-08-19,12:23:31,0.146246,0.104050,0.000690,29289.354923,0.059000
2026-08-19,12:23:32,0.134821,0.104050,0.000690,29289.354923,0.059000
2026-08-19,12:23:32,0.081870,0.101709,0.000670,29289.355613,0.059000
2026-08-19,12:23:33,0.118327,0.101709,0.000670,29289.356283,0.059000
2026-08-19,12:23:34,0.122485,0.101709,0.000670,29289.356283,0.059000
2026-08-19,12:23:34,0.122485,0.101709,0.000670,29289.356953,0.059000
2026-08-19,12:23:35,0.083469,0.101763,0.000670,29289.357623,0.059000
2026-08-19,12:23:36,0.083788,0.101850,0.000670,29289.357623,0.059000
2026-08-19,12:23:36,0.140657,0.101850,0.000670,29289.358293,0.059000
2026-08-19,12:23:37,0.140657,0.101850,0.000670,29289.358963,0.059000
2026-08-19,12:23:38,0.125028,0.101850,0.000670,29289.358963,0.059000
2026-08-19,12:23:38,0.102079,0.101850,0.000670,29289.359633,0.059000
2026-08-19,12:23:39,0.102079,0.101850,0.000670,29289.360303,0.059000
2026-08-19,12:23:40,0.122495,0.101850,0.000670,29289.360303,0.059000
2026-08-19,12:23:40,0.122495,0.101850,0.000670,29289.360973,0.059000
2026-08-19,12:23:41,0.098570,0.101850,0.000670,29289.361643,0.059000
2026-08-19,12:23:42,0.134145,0.101850,0.000670,29289.361643,0.059000
2026-08-19,12:23:42,0.124702,0.101850,0.000670,29289.362313,0.059000
2026-08-19,12:23:43,0.104190,0.101850,0.000670,29289.362983,0.059000
2026-08-19,12:23:44,0.104190,0.101850,0.000670,29289.362983,0.059000
2026-08-19,12:23:44,0.143912,0.101850,0.000670,29289.363653,0.059000
2026-08-19,12:23:45,0.145866,0.101850,0.000670,29289.364323,0.059000
2026-08-19,12:23:46,0.124702,0.101850,0.000670,29289.364323,0.059000
2026-08-19,12:23:46,0.124702,0.101850,0.000670,29289.364993,0.059000
2026-08-19,12:23:47,0.106595,0.101850,0.000670,29289.365663,0.059000
2026-08-19,12:23:48,0.139688,0.101850,0.000670,29289.365663,0.059000
2026-08-19,12:23:48,0.145113,0.101850,0.000670,29289.366333,0.059000
2026-08-19,12:23:49,0.165520,0.101850,0.000670,29289.367003,0.059000
2026-08-19,12:23:50,0.165520,0.099777,0.000660,29289.367003,0.059000
2026-08-19,12:23:50,0.082922,0.099777,0.000660,29289.367663,0.059000
2026-08-19,12:23:51,0.082922,0.097704,0.000640,29289.368303,0.059000
2026-08-19,12:23:52,0.091667,0.096505,0.000640,29289.368303,0.059000
2026-08-19,12:23:52,0.087457,0.093461,0.000640,29289.368943,0.059000
2026-08-19,12:23:53,0.087457,0.093461,0.000620,29289.369563,0.059000
2026-08-19,12:23:54,0.141550,0.093461,0.000620,29289.369563,0.059000
2026-08-19,12:23:54,0.082922,0.087242,0.000620,29289.370183,0.059000
2026-08-19,12:23:55,0.113370,0.087242,0.000580,29289.370763,0.059000
2026-08-19,12:23:56,0.113370,0.087242,0.000580,29289.370763,0.059000
2026-08-19,12:23:56,0.082922,0.087242,0.000580,29289.371343,0.059000
2026-08-19,12:23:57,0.169083,0.087242,0.000580,29289.371923,0.059000
2026-08-19,12:23:58,0.168458,0.087242,0.000580,29289.371923,0.059000
2026-08-19,12:23:58,0.211618,0.087242,0.000580,29289.372503,0.059000
2026-08-19,12:23:59,0.211618,0.087134,0.000580,29289.373083,0.059000
2026-08-19,12:24:00,0.082709,0.087134,0.000580,29289.373083,0.059000
2026-08-19,12:24:00,0.108878,0.087134,0.000570,29289.373653,0.059000
2026-08-19,12:24:01,0.103386,0.087134,0.000570,29289.374223,0.059000
2026-08-19,12:24:02,0.082709,0.087134,0.000570,29289.374223,0.059000
2026-08-19,12:24:02,0.082709,0.087134,0.000570,29289.374793,0.059000
2026-08-19,12:24:03,0.121478,0.087134,0.000570,29289.375363,0.059000
2026-08-19,12:24:04,0.103386,0.087134,0.000570,29289.375363,0.059000
2026-08-19,12:24:04,0.144417,0.087134,0.000570,29289.375933,0.059000
2026-08-19,12:24:05,0.144417,0.087134,0.000570,29289.376503,0.059000
2026-08-19,12:24:06,0.105010,0.087134,0.000570,29289.376503,0.059000
2026-08-19,12:24:06,0.164994,0.087134,0.000570,29289.377073,0.059000
2026-08-19,12:24:07,0.103121,0.086285,0.000570,29289.377643,0.059000
2026-08-19,12:24:08,0.160796,0.086285,0.000570,29289.377643,0.059000
2026-08-19,12:24:08,0.160796,0.086285,0.000570,29289.378213,0.059000
2026-08-19,12:24:09,0.126012,0.086285,0.000570,29289.378783,0.059000
2026-08-19,12:24:10,0.126012,0.086285,0.000570,29289.378783,0.059000
2026-08-19,12:24:10,0.142195,0.086285,0.000570,29289.379353,0.059000
2026-08-19,12:24:11,0.144370,0.086285,0.000570,29289.379923,0.059000
2026-08-19,12:24:12,0.144370,0.086285,0.000570,29289.379923,0.059000
2026-08-19,12:24:12,0.082497,0.086347,0.000570,29289.380493,0.059000
2026-08-19,12:24:13,0.082497,0.086250,0.000570,29289.381063,0.059000
2026-08-19,12:24:14,0.082497,0.086121,0.000570,29289.381063,0.059000
2026-08-19,12:24:14,0.082497,0.086121,0.000570,29289.381633,0.059000
2026-08-19,12:24:15,0.140503,0.086121,0.000570,29289.382203,0.059000
2026-08-19,12:24:16,0.123745,0.086121,0.000570,29289.382203,0.059000
2026-08-19,12:24:16,0.123423,0.086121,0.000570,29289.382773,0.059000
2026-08-19,12:24:17,0.225379,0.086121,0.000570,29289.383343,0.059000
2026-08-19,12:24:18,0.225379,0.086121,0.000570,29289.383343,0.059000
2026-08-19,12:24:18,0.165520,0.086121,0.000570,29289.383913,0.059000
2026-08-19,12:24:19,0.092639,0.087093,0.000570,29289.384483,0.059000
2026-08-19,12:24:20,0.121869,0.087093,0.000570,29289.384483,0.059000
2026-08-19,12:24:20,0.124704,0.087093,0.000570,29289.385053,0.059000
2026-08-19,12:24:21,0.124704,0.087093,0.000570,29289.385623,0.059000
2026-08-19,12:24:22,0.124704,0.087093,0.000570,29289.385623,0.059000
2026-08-19,12:24:22,0.127302,0.087093,0.000570,29289.386193,0.059000
2026-08-19,12:24:23,0.083136,0.087114,0.000570,29289.386763,0.059000
2026-08-19,12:24:24,0.083136,0.088339,0.000570,29289.386763,0.059000
2026-08-19,12:24:24,0.103920,0.088339,0.000580,29289.387333,0.059000
2026-08-19,12:24:25,0.145164,0.088339,0.000580,29289.387913,0.059000
2026-08-19,12:24:26,0.083136,0.087907,0.000580,29289.387913,0.059000
2026-08-19,12:24:26,0.086059,0.088221,0.000580,29289.388493,0.059000
2026-08-19,12:24:27,0.086059,0.088221,0.000580,29289.389073,0.059000
2026-08-19,12:24:28,0.145488,0.088221,0.000580,29289.389073,0.059000
2026-08-19,12:24:28,0.186732,0.088221,0.000580,29289.389653,0.059000
2026-08-19,12:24:29,0.103920,0.090342,0.000580,29289.390233,0.059000
2026-08-19,12:24:30,0.124704,0.092501,0.000600,29289.390233,0.059000
2026-08-19,12:24:30,0.124704,0.092501,0.000650,29289.390833,0.059000
2026-08-19,12:24:31,0.142473,0.098498,0.000650,29289.391483,0.059000
2026-08-19,12:24:32,0.123423,0.102591,0.000680,29289.391483,0.059000
2026-08-19,12:24:32,0.103121,0.104653,0.000690,29289.392163,0.059000
2026-08-19,12:24:33,0.103121,0.103639,0.000690,29289.392853,0.059000
2026-08-19,12:24:34,0.082497,0.103639,0.000680,29289.392853,0.059000
2026-08-19,12:24:34,0.103443,0.105670,0.000700,29289.393533,0.059000
2026-08-19,12:24:35,0.144370,0.105670,0.000700,29289.394233,0.059000
2026-08-19,12:24:36,0.144370,0.105670,0.000700,29289.394233,0.059000
2026-08-19,12:24:36,0.144370,0.105670,0.000700,29289.394933,0.059000
2026-08-19,12:24:37,0.257481,0.105670,0.000700,29289.395633,0.059000
2026-08-19,12:24:38,0.120523,0.107330,0.000710,29289.395633,0.059000
2026-08-19,12:24:38,0.123423,0.111359,0.000710,29289.396343,0.059000
2026-08-19,12:24:39,0.084008,0.111359,0.000740,29289.397083,0.059000
2026-08-19,12:24:40,0.084008,0.111359,0.000740,29289.397083,0.059000
2026-08-19,12:24:40,0.105010,0.111359,0.000740,29289.397823,0.059000
2026-08-19,12:24:41,0.143636,0.117116,0.000770,29289.398593,0.059000
2026-08-19,12:24:42,0.082077,0.117116,0.000770,29289.398593,0.059000
2026-08-19,12:24:42,0.082077,0.117116,0.000770,29289.399363,0.059000
2026-08-19,12:24:43,0.102597,0.117116,0.000770,29289.400133,0.059000
2026-08-19,12:24:44,0.083352,0.117116,0.000770,29289.400133,0.059000
2026-08-19,12:24:44,0.125028,0.119227,0.000770,29289.400903,0.059000
2026-08-19,12:24:45,0.102597,0.117016,0.000790,29289.401693,0.059000
2026-08-19,12:24:46,0.102597,0.117016,0.000770,29289.401693,0.059000
2026-08-19,12:24:46,0.182430,0.117016,0.000770,29289.402463,0.059000
2026-08-19,12:24:47,0.122796,0.115049,0.000760,29289.403223,0.059000
2026-08-19,12:24:48,0.082077,0.115049,0.000760,29289.403223,0.059000
2026-08-19,12:24:48,0.163193,0.115049,0.000760,29289.403983,0.059000
2026-08-19,12:24:49,0.163193,0.115049,0.000760,29289.404743,0.059000
2026-08-19,12:24:50,0.083352,0.111042,0.000730,29289.404743,0.059000
2026-08-19,12:24:50,0.110702,0.111042,0.000730,29289.405473,0.059000
2026-08-19,12:24:51,0.136098,0.111042,0.000730,29289.406203,0.059000
2026-08-19,12:24:52,0.136098,0.111042,0.000730,29289.406203,0.059000
2026-08-19,12:24:52,0.125028,0.111042,0.000730,29289.406933,0.059000
2026-08-19,12:24:53,0.112004,0.111042,0.000730,29289.407663,0.059000
2026-08-19,12:24:54,0.122495,0.111042,0.000730,29289.407663,0.059000
2026-08-19,12:24:54,0.123452,0.111042,0.000730,29289.408393,0.059000
2026-08-19,12:24:55,0.123452,0.109065,0.000730,29289.409123,0.059000
2026-08-19,12:24:56,0.083352,0.109065,0.000730,29289.409123,0.059000
2026-08-19,12:24:56,0.199263,0.109065,0.000720,29289.409843,0.059000
2026-08-19,12:24:57,0.135121,0.114327,0.000760,29289.410603,0.059000
2026-08-19,12:24:58,0.122804,0.116263,0.000760,29289.410603,0.058000
2026-08-19,12:24:58,0.122804,0.116263,0.000750,29289.411353,0.059000
2026-08-19,12:24:59,0.102337,0.114445,0.000760,29289.412113,0.059000
2026-08-19,12:25:00,0.209469,0.114445,0.000760,29289.412113,0.059000
2026-08-19,12:25:00,0.086079,0.110710,0.000760,29289.412873,0.059000
2026-08-19,12:25:01,0.086079,0.106820,0.000710,29289.413583,0.059000
2026-08-19,12:25:02,0.104735,0.106820,0.000710,29289.413583,0.059000
2026-08-19,12:25:02,0.083788,0.102696,0.000680,29289.414263,0.059000
2026-08-19,12:25:03,0.150170,0.102696,0.000680,29289.414943,0.059000
2026-08-19,12:25:04,0.103121,0.102748,0.000680,29289.414943,0.059000
2026-08-19,12:25:04,0.103121,0.102748,0.000680,29289.415623,0.059000
2026-08-19,12:25:05,0.144370,0.102748,0.000680,29289.416303,0.059000
2026-08-19,12:25:06,0.144370,0.102748,0.000680,29289.416303,0.059000
2026-08-19,12:25:06,0.151459,0.102748,0.000680,29289.416983,0.059000
2026-08-19,12:25:07,0.103121,0.100781,0.000670,29289.417653,0.059000
2026-08-19,12:25:08,0.103121,0.100781,0.000670,29289.417653,0.059000
2026-08-19,12:25:08,0.084229,0.100869,0.000670,29289.418323,0.059000
2026-08-19,12:25:09,0.084229,0.100956,0.000670,29289.418993,0.059000
2026-08-19,12:25:10,0.104841,0.097928,0.000670,29289.418993,0.059000
2026-08-19,12:25:10,0.104841,0.093983,0.000650,29289.419643,0.059000
2026-08-19,12:25:11,0.083352,0.093983,0.000620,29289.419643,0.059000
2026-08-19,12:25:12,0.164475,0.093983,0.000620,29289.420263,0.059000
2026-08-19,12:25:12,0.119463,0.093983,0.000620,29289.420883,0.059000
2026-08-19,12:25:13,0.082077,0.091957,0.000610,29289.420883,0.059000
2026-08-19,12:25:14,0.082077,0.091957,0.000610,29289.421493,0.059000
2026-08-19,12:25:14,0.122796,0.091957,0.000610,29289.422103,0.059000
2026-08-19,12:25:15,0.082077,0.091557,0.000600,29289.422103,0.059000
2026-08-19,12:25:16,0.082077,0.089291,0.000600,29289.422703,0.058000
2026-08-19,12:25:16,0.133696,0.089291,0.000570,29289.423273,0.058000
2026-08-19,12:25:17,0.133696,0.089291,0.000570,29289.423273,0.059000
2026-08-19,12:25:18,0.082077,0.089120,0.000590,29289.423863,0.059000
2026-08-19,12:25:18,0.102597,0.089068,0.000590,29289.424453,0.059000
2026-08-19,12:25:19,0.122796,0.091035,0.000590,29289.424453,0.059000
2026-08-19,12:25:20,0.122796,0.091035,0.000600,29289.425053,0.059000
2026-08-19,12:25:20,0.173773,0.091035,0.000600,29289.425653,0.059000
2026-08-19,12:25:21,0.092710,0.091883,0.000600,29289.425653,0.059000
2026-08-19,12:25:22,0.105108,0.093971,0.000620,29289.426253,0.059000
2026-08-19,12:25:22,0.082287,0.091716,0.000600,29289.426873,0.059000
2026-08-19,12:25:23,0.082287,0.091609,0.000600,29289.426873,0.059000
2026-08-19,12:25:24,0.082287,0.091609,0.000600,29289.427473,0.059000
2026-08-19,12:25:24,0.160716,0.091609,0.000600,29289.428073,0.059000
2026-08-19,12:25:25,0.123430,0.091609,0.000600,29289.428073,0.059000
2026-08-19,12:25:26,0.102858,0.091609,0.000600,29289.428673,0.059000
2026-08-19,12:25:26,0.102858,0.091609,0.000600,29289.429273,0.059000
2026-08-19,12:25:27,0.102858,0.091609,0.000600,29289.429273,0.059000
2026-08-19,12:25:28,0.140787,0.091609,0.000600,29289.429873,0.059000
2026-08-19,12:25:28,0.123108,0.091609,0.000600,29289.430473,0.059000
2026-08-19,12:25:29,0.123108,0.091609,0.000600,29289.430473,0.059000
2026-08-19,12:25:30,0.114108,0.091609,0.000600,29289.431073,0.059000
2026-08-19,12:25:30,0.082287,0.091609,0.000600,29289.431673,0.059000
2026-08-19,12:25:31,0.156859,0.091609,0.000600,29289.431673,0.059000
2026-08-19,12:25:32,0.102858,0.093687,0.000620,29289.432273,0.059000
2026-08-19,12:25:32,0.102858,0.095765,0.000620,29289.432893,0.059000
2026-08-19,12:25:33,0.102858,0.095765,0.000630,29289.432893,0.059000
2026-08-19,12:25:34,0.151394,0.095765,0.000630,29289.433523,0.059000
2026-08-19,12:25:34,0.095787,0.097136,0.000630,29289.434153,0.059000
2026-08-19,12:25:35,0.095787,0.098507,0.000640,29289.434153,0.059000
2026-08-19,12:25:36,0.095787,0.098507,0.000650,29289.434793,0.059000
2026-08-19,12:25:36,0.164573,0.098507,0.000650,29289.435443,0.059000
2026-08-19,12:25:37,0.123430,0.098507,0.000650,29289.435443,0.059000
2026-08-19,12:25:38,0.123108,0.098507,0.000650,29289.436093,0.059000
2026-08-19,12:25:38,0.123108,0.098507,0.000650,29289.436743,0.059000
2026-08-19,12:25:39,0.115394,0.098507,0.000650,29289.436743,0.059000
2026-08-19,12:25:40,0.085129,0.098507,0.000650,29289.437393,0.059000
2026-08-19,12:25:40,0.122796,0.100527,0.000650,29289.438043,0.059000
2026-08-19,12:25:41,0.123116,0.100559,0.000660,29289.438043,0.059000
2026-08-19,12:25:42,0.123116,0.105620,0.000700,29289.438703,0.059000
2026-08-19,12:25:42,0.143315,0.105620,0.000700,29289.439403,0.059000
2026-08-19,12:25:43,0.089119,0.105620,0.000700,29289.439403,0.059000
2026-08-19,12:25:44,0.104461,0.105620,0.000700,29289.440103,0.059000
2026-08-19,12:25:44,0.081458,0.105620,0.000700,29289.440803,0.059000
2026-08-19,12:25:45,0.081458,0.105620,0.000700,29289.440803,0.059000
2026-08-19,12:25:46,0.217994,0.105620,0.000700,29289.441503,0.059000
2026-08-19,12:25:46,0.165844,0.105620,0.000700,29289.442203,0.059000
2026-08-19,12:25:47,0.103652,0.105474,0.000700,29289.442203,0.059000
2026-08-19,12:25:48,0.103652,0.105538,0.000700,29289.442903,0.059000
2026-08-19,12:25:48,0.082922,0.105538,0.000700,29289.443603,0.059000
2026-08-19,12:25:49,0.144789,0.105538,0.000700,29289.443603,0.059000
2026-08-19,12:25:50,0.124383,0.105538,0.000700,29289.444303,0.059000
2026-08-19,12:25:50,0.156450,0.105538,0.000700,29289.445003,0.059000
2026-08-19,12:25:51,0.156450,0.105538,0.000700,29289.445003,0.059000
2026-08-19,12:25:52,0.121467,0.105538,0.000700,29289.445703,0.059000
2026-08-19,12:25:52,0.103652,0.105538,0.000700,29289.446403,0.059000
2026-08-19,12:25:53,0.100089,0.105538,0.000700,29289.446403,0.059000
2026-08-19,12:25:54,0.103652,0.105538,0.000700,29289.447103,0.059000
2026-08-19,12:25:54,0.103652,0.105538,0.000700,29289.447803,0.059000
2026-08-19,12:25:55,0.228035,0.105538,0.000700,29289.447803,0.059000
2026-08-19,12:25:56,0.085837,0.105893,0.000700,29289.448503,0.059000
2026-08-19,12:25:56,0.124383,0.105893,0.000700,29289.449203,0.059000
2026-08-19,12:25:57,0.124383,0.105893,0.000700,29289.449203,0.059000
2026-08-19,12:25:58,0.207304,0.105893,0.000700,29289.449903,0.059000
2026-08-19,12:25:58,0.145113,0.105893,0.000700,29289.450603,0.059000
2026-08-19,12:25:59,0.103652,0.105893,0.000700,29289.450603,0.059000
2026-08-19,12:26:00,0.122187,0.105893,0.000700,29289.451303,0.059000
2026-08-19,12:26:00,0.122187,0.105893,0.000700,29289.452003,0.059000
2026-08-19,12:26:01,0.121869,0.105893,0.000700,29289.452003,0.059000
2026-08-19,12:26:02,0.081458,0.103753,0.000700,29289.452703,0.059000
2026-08-19,12:26:02,0.101822,0.103649,0.000680,29289.453383,0.059000
2026-08-19,12:26:03,0.125354,0.106606,0.000700,29289.453383,0.059000
2026-08-19,12:26:04,0.125354,0.106606,0.000700,29289.454083,0.059000
2026-08-19,12:26:04,0.188031,0.106606,0.000700,29289.454783,0.059000
2026-08-19,12:26:05,0.082287,0.105256,0.000680,29289.454783,0.058000
2026-08-19,12:26:06,0.143680,0.105256,0.000680,29289.455463,0.058000
2026-08-19,12:26:06,0.143680,0.101205,0.000680,29289.456143,0.058000
2026-08-19,12:26:07,0.082287,0.101205,0.000650,29289.456143,0.058000
2026-08-19,12:26:08,0.246538,0.101205,0.000650,29289.456793,0.058000
2026-08-19,12:26:08,0.084008,0.097294,0.000640,29289.457433,0.059000
2026-08-19,12:26:09,0.298172,0.097294,0.000640,29289.457433,0.059000
2026-08-19,12:26:10,0.298172,0.091170,0.000640,29289.458073,0.059000
2026-08-19,12:26:10,0.082077,0.091170,0.000600,29289.458673,0.059000
2026-08-19,12:26:11,0.082077,0.089013,0.000590,29289.458673,0.059000
2026-08-19,12:26:12,0.107085,0.089013,0.000590,29289.459263,0.059000
2026-08-19,12:26:12,0.082077,0.089013,0.000590,29289.459853,0.059000
2026-08-19,12:26:13,0.082077,0.089013,0.000590,29289.459853,0.059000
2026-08-19,12:26:14,0.094261,0.089013,0.000590,29289.460443,0.059000
2026-08-19,12:26:14,0.175056,0.089013,0.000590,29289.461033,0.059000
2026-08-19,12:26:15,0.082077,0.088928,0.000590,29289.461033,0.059000
2026-08-19,12:26:16,0.082077,0.088552,0.000590,29289.461623,0.059000
2026-08-19,12:26:16,0.082077,0.088552,0.000580,29289.462203,0.059000
2026-08-19,12:26:17,0.082077,0.088614,0.000580,29289.462203,0.059000
2026-08-19,12:26:18,0.218339,0.088614,0.000580,29289.462783,0.059000
2026-08-19,12:26:18,0.102597,0.088692,0.000580,29289.463363,0.059000
2026-08-19,12:26:19,0.102597,0.086416,0.000580,29289.463363,0.059000
2026-08-19,12:26:20,0.102597,0.086416,0.000570,29289.463933,0.059000
2026-08-19,12:26:20,0.102597,0.088447,0.000580,29289.464513,0.059000
2026-08-19,12:26:21,0.218339,0.088447,0.000580,29289.464513,0.059000
2026-08-19,12:26:22,0.118948,0.088447,0.000580,29289.465093,0.059000
2026-08-19,12:26:22,0.118948,0.088447,0.000580,29289.465673,0.059000
2026-08-19,12:26:23,0.125028,0.088447,0.000580,29289.465673,0.059000
2026-08-19,12:26:24,0.124702,0.088447,0.000580,29289.466253,0.059000
2026-08-19,12:26:24,0.083352,0.088554,0.000580,29289.466833,0.059000
2026-08-19,12:26:25,0.083352,0.088488,0.000580,29289.466833,0.059000
2026-08-19,12:26:26,0.083352,0.088488,0.000580,29289.467413,0.059000
2026-08-19,12:26:26,0.104190,0.090699,0.000600,29289.467993,0.059000
2026-08-19,12:26:27,0.125028,0.094994,0.000600,29289.467993,0.059000
2026-08-19,12:26:28,0.137401,0.100527,0.000660,29289.468593,0.059000
2026-08-19,12:26:28,0.137401,0.100527,0.000660,29289.469253,0.058000
2026-08-19,12:26:29,0.083352,0.100527,0.000660,29289.469253,0.058000
2026-08-19,12:26:30,0.168983,0.100527,0.000650,29289.469913,0.058000
2026-08-19,12:26:30,0.187216,0.100527,0.000650,29289.470563,0.058000
2026-08-19,12:26:31,0.104190,0.102738,0.000650,29289.470563,0.058000
2026-08-19,12:26:32,0.104190,0.102738,0.000660,29289.471213,0.058000
2026-08-19,12:26:32,0.148976,0.102738,0.000660,29289.471873,0.058000
2026-08-19,12:26:33,0.082497,0.102780,0.000660,29289.471873,0.058000
2026-08-19,12:26:34,0.123745,0.102780,0.000660,29289.472533,0.058000
2026-08-19,12:26:34,0.123745,0.102780,0.000660,29289.473193,0.058000
2026-08-19,12:26:35,0.205920,0.102780,0.000660,29289.473193,0.059000
2026-08-19,12:26:36,0.082497,0.100770,0.000670,29289.473853,0.059000
2026-08-19,12:26:36,0.123423,0.100770,0.000670,29289.474523,0.059000
2026-08-19,12:26:37,0.082497,0.098760,0.000670,29289.474523,0.059000
2026-08-19,12:26:38,0.082497,0.098760,0.000650,29289.475193,0.059000
2026-08-19,12:26:38,0.144370,0.098760,0.000650,29289.475843,0.059000
2026-08-19,12:26:39,0.082497,0.096750,0.000640,29289.475843,0.059000
2026-08-19,12:26:40,0.128901,0.096750,0.000640,29289.476483,0.059000
2026-08-19,12:26:40,0.144047,0.096750,0.000640,29289.477123,0.059000
2026-08-19,12:26:41,0.144047,0.096750,0.000640,29289.477123,0.059000
2026-08-19,12:26:42,0.130950,0.096750,0.000640,29289.477763,0.059000
2026-08-19,12:26:42,0.147401,0.096750,0.000640,29289.478403,0.059000
2026-08-19,12:26:43,0.105286,0.096750,0.000640,29289.478403,0.059000
2026-08-19,12:26:44,0.102858,0.096750,0.000640,29289.479043,0.059000
2026-08-19,12:26:44,0.102858,0.096750,0.000640,29289.479683,0.059000
2026-08-19,12:26:45,0.123430,0.096750,0.000640,29289.479683,0.059000
2026-08-19,12:26:46,0.127608,0.096750,0.000640,29289.480323,0.059000
2026-08-19,12:26:46,0.164573,0.096750,0.000640,29289.480963,0.059000
2026-08-19,12:26:47,0.164573,0.134638,0.000640,29289.480963,0.059000
2026-08-19,12:26:48,0.171323,0.134638,0.000640,29289.481603,0.059000
2026-08-19,12:26:48,0.104735,0.134638,0.000890,29289.482493,0.059000
2026-08-19,12:26:49,0.108008,0.134638,0.000890,29289.482493,0.059000
2026-08-19,12:26:50,0.125354,0.134638,0.000890,29289.483383,0.059000
2026-08-19,12:26:50,0.125354,0.134638,0.000890,29289.484273,0.059000
2026-08-19,12:26:51,0.102858,0.134638,0.000890,29289.484273,0.059000
2026-08-19,12:26:52,0.123108,0.134638,0.000890,29289.485163,0.059000
2026-08-19,12:26:52,0.082929,0.134638,0.000890,29289.486053,0.059000
2026-08-19,12:26:53,0.185145,0.134638,0.000890,29289.486053,0.059000
2026-08-19,12:26:54,0.185145,0.134638,0.000890,29289.486943,0.059000
2026-08-19,12:26:54,0.184823,0.134638,0.000890,29289.487833,0.059000
2026-08-19,12:26:55,0.144001,0.134638,0.000890,29289.487833,0.059000
2026-08-19,12:26:56,0.123430,0.134638,0.000890,29289.488723,0.059000
2026-08-19,12:26:56,0.123430,0.134638,0.000890,29289.489613,0.059000
2026-08-19,12:26:57,0.144001,0.134638,0.000890,29289.489613,0.059000
2026-08-19,12:26:58,0.123108,0.134638,0.000890,29289.490503,0.059000
2026-08-19,12:26:58,0.083569,0.134638,0.000890,29289.491393,0.059000
2026-08-19,12:26:59,0.087813,0.134638,0.000890,29289.491393,0.059000
2026-08-19,12:27:00,0.087813,0.134638,0.000890,29289.492283,0.059000
2026-08-19,12:27:00,0.083569,0.134638,0.000890,29289.493173,0.059000
2026-08-19,12:27:01,0.188031,0.134638,0.000890,29289.493173,0.059000
2026-08-19,12:27:02,0.104461,0.132194,0.000890,29289.494063,0.059000
2026-08-19,12:27:02,0.146246,0.132194,0.000870,29289.494933,0.059000
2026-08-19,12:27:03,0.146246,0.132194,0.000870,29289.494933,0.059000
2026-08-19,12:27:04,0.081458,0.132194,0.000870,29289.495803,0.059000
2026-08-19,12:27:04,0.101822,0.132194,0.000870,29289.496673,0.059000
2026-08-19,12:27:05,0.101822,0.132194,0.000870,29289.496673,0.059000
2026-08-19,12:27:06,0.101822,0.132194,0.000870,29289.497543,0.059000
2026-08-19,12:27:06,0.084229,0.132194,0.000870,29289.498413,0.059000
2026-08-19,12:27:07,0.103121,0.132194,0.000870,29289.498413,0.059000
2026-08-19,12:27:08,0.082497,0.132194,0.000870,29289.499283,0.059000
2026-08-19,12:27:08,0.082497,0.132194,0.000870,29289.500153,0.059000
2026-08-19,12:27:09,0.082497,0.130131,0.000870,29289.500153,0.059000
2026-08-19,12:27:10,0.123423,0.130131,0.000860,29289.501013,0.059000
2026-08-19,12:27:10,0.082497,0.130131,0.000860,29289.501873,0.059000
2026-08-19,12:27:11,0.082497,0.130131,0.000860,29289.501873,0.059000
2026-08-19,12:27:12,0.206242,0.130131,0.000860,29289.502733,0.059000
2026-08-19,12:27:12,0.206242,0.130131,0.000860,29289.503593,0.059000
2026-08-19,12:27:13,0.144047,0.131441,0.000860,29289.503593,0.059000
2026-08-19,12:27:14,0.185296,0.135231,0.000890,29289.504483,0.059000
2026-08-19,12:27:14,0.119234,0.135231,0.000890,29289.505373,0.059000
2026-08-19,12:27:15,0.119234,0.135231,0.000890,29289.505373,0.059000
2026-08-19,12:27:16,0.144047,0.135231,0.000890,29289.506263,0.059000
2026-08-19,12:27:16,0.174907,0.135231,0.000890,29289.507153,0.059000
2026-08-19,12:27:17,0.168015,0.135231,0.000890,29289.507153,0.059000
2026-08-19,12:27:18,0.102337,0.134936,0.000890,29289.508043,0.059000
2026-08-19,12:27:18,0.102337,0.134936,0.000890,29289.508933,0.059000
2026-08-19,12:27:19,0.145866,0.134936,0.000890,29289.508933,0.059000
2026-08-19,12:27:20,0.187542,0.134936,0.000890,29289.509823,0.059000
2026-08-19,12:27:20,0.104190,0.135069,0.000890,29289.510713,0.059000
2026-08-19,12:27:21,0.123116,0.135038,0.000890,29289.510713,0.059000
2026-08-19,12:27:22,0.123116,0.135038,0.000890,29289.511603,0.059000
2026-08-19,12:27:22,0.086566,0.130933,0.000870,29289.512473,0.059000
2026-08-19,12:27:23,0.102597,0.124736,0.000870,29289.512473,0.059000
2026-08-19,12:27:24,0.163834,0.124736,0.000820,29289.513343,0.059000
2026-08-19,12:27:24,0.163834,0.124736,0.000820,29289.514163,0.059000
2026-08-19,12:27:25,0.082077,0.124736,0.000820,29289.514163,0.059000
2026-08-19,12:27:26,0.159066,0.123510,0.000820,29289.514983,0.059000
2026-08-19,12:27:26,0.114554,0.124519,0.000820,29289.515803,0.059000
2026-08-19,12:27:27,0.125354,0.124712,0.000820,29289.515803,0.059000
2026-08-19,12:27:28,0.125354,0.124712,0.000820,29289.516623,0.059000
2026-08-19,12:27:28,0.112144,0.121522,0.000820,29289.517443,0.059000
2026-08-19,12:27:29,0.135347,0.116527,0.000770,29289.517443,0.059000
2026-08-19,12:27:30,0.103121,0.116605,0.000770,29289.518213,0.059000
2026-08-19,12:27:30,0.082497,0.114436,0.000770,29289.518983,0.059000
2026-08-19,12:27:31,0.082497,0.114436,0.000760,29289.518983,0.059000
2026-08-19,12:27:32,0.120772,0.114436,0.000760,29289.519743,0.059000
2026-08-19,12:27:32,0.146629,0.114436,0.000760,29289.520503,0.059000
2026-08-19,12:27:33,0.163326,0.114436,0.000760,29289.520503,0.059000
2026-08-19,12:27:34,0.163326,0.112332,0.000740,29289.521263,0.059000
2026-08-19,12:27:34,0.102079,0.112332,0.000740,29289.522003,0.059000
2026-08-19,12:27:35,0.181190,0.112332,0.000740,29289.522003,0.059000
2026-08-19,12:27:36,0.091871,0.112863,0.000750,29289.522743,0.059000
2026-08-19,12:27:36,0.103652,0.112968,0.000750,29289.523493,0.059000
2026-08-19,12:27:37,0.103652,0.112968,0.000750,29289.523493,0.059000
2026-08-19,12:27:38,0.206980,0.112968,0.000750,29289.524243,0.059000
2026-08-19,12:27:38,0.103652,0.107427,0.000750,29289.524993,0.059000
2026-08-19,12:27:39,0.088104,0.104782,0.000690,29289.524993,0.059000
2026-08-19,12:27:40,0.122763,0.104782,0.000690,29289.525683,0.059000
2026-08-19,12:27:40,0.122763,0.104782,0.000690,29289.526373,0.059000
2026-08-19,12:27:41,0.082922,0.100539,0.000660,29289.526373,0.059000
2026-08-19,12:27:42,0.145113,0.100539,0.000660,29289.527033,0.059000
2026-08-19,12:27:42,0.145113,0.100539,0.000660,29289.527693,0.059000
2026-08-19,12:27:43,0.145113,0.100539,0.000660,29289.527693,0.058000
2026-08-19,12:27:44,0.124383,0.100539,0.000660,29289.528353,0.058000
2026-08-19,12:27:44,0.164872,0.100539,0.000650,29289.529003,0.058000
2026-08-19,12:27:45,0.150620,0.100539,0.000650,29289.529003,0.058000
2026-08-19,12:27:46,0.081458,0.097470,0.000650,29289.529653,0.059000
2026-08-19,12:27:46,0.081458,0.097470,0.000640,29289.530293,0.059000
2026-08-19,12:27:47,0.185771,0.097470,0.000640,29289.530293,0.059000
2026-08-19,12:27:48,0.082709,0.092207,0.000640,29289.530933,0.059000
2026-08-19,12:27:48,0.082709,0.090165,0.000610,29289.531543,0.059000
2026-08-19,12:27:49,0.082709,0.090165,0.000590,29289.531543,0.059000
2026-08-19,12:27:50,0.123740,0.090165,0.000590,29289.532133,0.059000
2026-08-19,12:27:50,0.124063,0.090165,0.000590,29289.532723,0.059000
2026-08-19,12:27:51,0.157986,0.090165,0.000590,29289.532723,0.059000
2026-08-19,12:27:52,0.082709,0.090186,0.000590,29289.533313,0.059000
2026-08-19,12:27:52,0.082709,0.090507,0.000590,29289.533903,0.059000
2026-08-19,12:27:53,0.105286,0.090507,0.000600,29289.533903,0.059000
2026-08-19,12:27:54,0.132124,0.094532,0.000600,29289.534503,0.059000
2026-08-19,12:27:54,0.153715,0.099539,0.000660,29289.535163,0.058000
2026-08-19,12:27:55,0.103121,0.099539,0.000640,29289.535163,0.058000
2026-08-19,12:27:56,0.103121,0.099539,0.000640,29289.535803,0.058000
2026-08-19,12:27:56,0.082497,0.099539,0.000640,29289.536443,0.058000
2026-08-19,12:27:57,0.247813,0.099539,0.000640,29289.536443,0.058000
2026-08-19,12:27:58,0.103121,0.099486,0.000640,29289.537083,0.058000
2026-08-19,12:27:58,0.103121,0.099486,0.000640,29289.537723,0.058000
2026-08-19,12:27:59,0.144370,0.099486,0.000640,29289.537723,0.058000
2026-08-19,12:28:00,0.144370,0.099486,0.000640,29289.538363,0.058000
2026-08-19,12:28:00,0.084008,0.099076,0.000650,29289.539013,0.059000
2026-08-19,12:28:01,0.101314,0.100915,0.000670,29289.539013,0.059000
2026-08-19,12:28:02,0.101314,0.100915,0.000670,29289.539683,0.059000
2026-08-19,12:28:02,0.165585,0.100915,0.000670,29289.540353,0.059000
2026-08-19,12:28:03,0.083136,0.101083,0.000670,29289.540353,0.059000
2026-08-19,12:28:04,0.147112,0.101083,0.000670,29289.541023,0.059000
2026-08-19,12:28:04,0.145488,0.101083,0.000670,29289.541693,0.059000
2026-08-19,12:28:05,0.145488,0.101083,0.000670,29289.541693,0.059000
2026-08-19,12:28:06,0.165948,0.101083,0.000670,29289.542363,0.059000
2026-08-19,12:28:06,0.186732,0.101083,0.000670,29289.543033,0.059000
2026-08-19,12:28:07,0.083136,0.101126,0.000670,29289.543033,0.059000
2026-08-19,12:28:08,0.083136,0.101126,0.000670,29289.543703,0.059000
2026-08-19,12:28:08,0.124704,0.101126,0.000670,29289.544373,0.059000
2026-08-19,12:28:09,0.159570,0.101126,0.000670,29289.544373,0.059000
2026-08-19,12:28:10,0.147014,0.101126,0.000670,29289.545043,0.059000
2026-08-19,12:28:10,0.084008,0.101256,0.000670,29289.545713,0.059000
2026-08-19,12:28:11,0.084008,0.103323,0.000670,29289.545713,0.059000
2026-08-19,12:28:12,0.103386,0.103323,0.000680,29289.546393,0.059000
2026-08-19,12:28:12,0.124063,0.105201,0.000690,29289.547083,0.059000
2026-08-19,12:28:13,0.082709,0.105201,0.000690,29289.547083,0.059000
2026-08-19,12:28:14,0.103386,0.105201,0.000690,29289.547773,0.059000
2026-08-19,12:28:14,0.103386,0.105201,0.000690,29289.548463,0.059000
2026-08-19,12:28:15,0.144740,0.105201,0.000690,29289.548463,0.059000
2026-08-19,12:28:16,0.103386,0.105201,0.000690,29289.549153,0.059000
2026-08-19,12:28:16,0.144740,0.105201,0.000690,29289.549843,0.059000
2026-08-19,12:28:17,0.144740,0.105201,0.000690,29289.549843,0.059000
2026-08-19,12:28:18,0.123740,0.105201,0.000690,29289.550533,0.059000
2026-08-19,12:28:18,0.082709,0.100260,0.000660,29289.551193,0.059000
2026-08-19,12:28:19,0.165417,0.100260,0.000660,29289.551193,0.059000
2026-08-19,12:28:20,0.082709,0.093159,0.000610,29289.551803,0.059000
2026-08-19,12:28:20,0.082709,0.093159,0.000610,29289.552413,0.059000
2026-08-19,12:28:21,0.123740,0.093159,0.000610,29289.552413,0.059000
2026-08-19,12:28:22,0.103386,0.093159,0.000610,29289.553023,0.059000
2026-08-19,12:28:22,0.082709,0.093159,0.000610,29289.553633,0.059000
2026-08-19,12:28:23,0.103386,0.093159,0.000610,29289.553633,0.059000
2026-08-19,12:28:24,0.103386,0.093159,0.000610,29289.554243,0.059000
2026-08-19,12:28:24,0.103386,0.093159,0.000610,29289.554853,0.059000
2026-08-19,12:28:25,0.103386,0.093159,0.000610,29289.554853,0.059000
2026-08-19,12:28:26,0.082709,0.093159,0.000600,29289.555463,0.058000
2026-08-19,12:28:26,0.082709,0.093159,0.000600,29289.556063,0.059000
2026-08-19,12:28:27,0.185771,0.093159,0.000610,29289.556063,0.059000
2026-08-19,12:28:28,0.082709,0.091118,0.000600,29289.556673,0.059000
2026-08-19,12:28:28,0.123740,0.091118,0.000600,29289.557273,0.059000
2026-08-19,12:28:29,0.084229,0.091140,0.000600,29289.557273,0.059000
2026-08-19,12:28:30,0.084229,0.091268,0.000600,29289.557873,0.059000
2026-08-19,12:28:30,0.102597,0.091268,0.000600,29289.558473,0.059000
2026-08-19,12:28:31,0.102597,0.093214,0.000610,29289.558473,0.059000
2026-08-19,12:28:32,0.123116,0.097212,0.000620,29289.559083,0.058000
2026-08-19,12:28:32,0.082077,0.097212,0.000620,29289.559703,0.058000
2026-08-19,12:28:33,0.082077,0.097212,0.000620,29289.559703,0.058000
2026-08-19,12:28:34,0.082077,0.097212,0.000620,29289.560323,0.058000
2026-08-19,12:28:34,0.126015,0.101413,0.000620,29289.560943,0.058000
2026-08-19,12:28:35,0.124699,0.103544,0.000670,29289.560943,0.058000
2026-08-19,12:28:36,0.124699,0.104927,0.000670,29289.561613,0.058000
2026-08-19,12:28:36,0.137894,0.104927,0.000670,29289.562283,0.058000
2026-08-19,12:28:37,0.120215,0.108678,0.000700,29289.562283,0.058000
2026-08-19,12:28:38,0.123430,0.112750,0.000740,29289.562983,0.059000
2026-08-19,12:28:38,0.102858,0.114765,0.000740,29289.563723,0.059000
2026-08-19,12:28:39,0.102858,0.114765,0.000760,29289.563723,0.059000
2026-08-19,12:28:40,0.144001,0.114765,0.000760,29289.564483,0.058000
2026-08-19,12:28:40,0.116037,0.114765,0.000760,29289.565243,0.058000
2026-08-19,12:28:41,0.158144,0.114765,0.000740,29289.565243,0.058000
2026-08-19,12:28:42,0.102858,0.116628,0.000740,29289.565983,0.058000
2026-08-19,12:28:42,0.102858,0.116628,0.000750,29289.566733,0.058000
2026-08-19,12:28:43,0.083569,0.114725,0.000740,29289.566733,0.058000
2026-08-19,12:28:44,0.102858,0.114751,0.000740,29289.567473,0.058000
2026-08-19,12:28:44,0.124394,0.114879,0.000740,29289.568213,0.058000
2026-08-19,12:28:45,0.124394,0.114879,0.000740,29289.568213,0.058000
2026-08-19,12:28:46,0.082287,0.114879,0.000740,29289.568953,0.058000
2026-08-19,12:28:46,0.082287,0.114879,0.000740,29289.569693,0.058000
2026-08-19,12:28:47,0.102858,0.114879,0.000740,29289.569693,0.058000
2026-08-19,12:28:48,0.123751,0.114879,0.000740,29289.570433,0.058000
2026-08-19,12:28:48,0.123751,0.110506,0.000740,29289.571173,0.058000
2026-08-19,12:28:49,0.082287,0.110506,0.000710,29289.571173,0.059000
2026-08-19,12:28:50,0.162966,0.110506,0.000710,29289.571883,0.059000
2026-08-19,12:28:50,0.126678,0.110506,0.000730,29289.572613,0.059000
2026-08-19,12:28:51,0.081663,0.106203,0.000700,29289.572613,0.059000
2026-08-19,12:28:52,0.081663,0.106203,0.000700,29289.573313,0.059000
2026-08-19,12:28:52,0.127599,0.106203,0.000700,29289.574013,0.059000
2026-08-19,12:28:53,0.082922,0.100705,0.000660,29289.574013,0.059000
2026-08-19,12:28:54,0.103652,0.099049,0.000660,29289.574673,0.059000
2026-08-19,12:28:54,0.093611,0.096067,0.000650,29289.575323,0.059000
2026-08-19,12:28:55,0.093611,0.096067,0.000620,29289.575323,0.059000
2026-08-19,12:28:56,0.082922,0.094074,0.000620,29289.575943,0.059000
2026-08-19,12:28:56,0.082922,0.092080,0.000610,29289.576553,0.059000
2026-08-19,12:28:57,0.080451,0.091768,0.000610,29289.576553,0.059000
2026-08-19,12:28:58,0.080451,0.091848,0.000610,29289.577163,0.059000
2026-08-19,12:28:58,0.103652,0.091848,0.000610,29289.577773,0.059000
2026-08-19,12:28:59,0.145113,0.091848,0.000610,29289.577773,0.059000
2026-08-19,12:29:00,0.145113,0.091848,0.000610,29289.578383,0.059000
2026-08-19,12:29:00,0.082922,0.087700,0.000580,29289.578383,0.058000
2026-08-19,12:29:01,0.082922,0.087700,0.000580,29289.578963,0.058000
2026-08-19,12:29:02,0.110130,0.087700,0.000560,29289.579523,0.058000
2026-08-19,12:29:02,0.124383,0.087700,0.000560,29289.579523,0.058000
2026-08-19,12:29:03,0.145113,0.087700,0.000560,29289.580083,0.058000
2026-08-19,12:29:04,0.145113,0.087700,0.000560,29289.580643,0.058000
2026-08-19,12:29:04,0.168904,0.087700,0.000560,29289.580643,0.058000
2026-08-19,12:29:05,0.126678,0.087700,0.000560,29289.581203,0.058000
2026-08-19,12:29:06,0.087232,0.088195,0.000570,29289.581773,0.059000
2026-08-19,12:29:06,0.120509,0.088195,0.000580,29289.581773,0.059000
2026-08-19,12:29:07,0.120509,0.088299,0.000580,29289.582353,0.059000
2026-08-19,12:29:08,0.082709,0.088299,0.000580,29289.582933,0.059000
2026-08-19,12:29:08,0.206772,0.088299,0.000580,29289.582933,0.059000
2026-08-19,12:29:09,0.123740,0.088299,0.000580,29289.583513,0.059000
2026-08-19,12:29:10,0.123740,0.088299,0.000580,29289.584093,0.059000
2026-08-19,12:29:10,0.123740,0.088299,0.000580,29289.584093,0.059000
2026-08-19,12:29:11,0.144417,0.088299,0.000580,29289.584673,0.059000
2026-08-19,12:29:12,0.082709,0.088278,0.000580,29289.585253,0.059000
2026-08-19,12:29:12,0.144417,0.088278,0.000580,29289.585253,0.059000
2026-08-19,12:29:13,0.144417,0.086184,0.000580,29289.585833,0.059000
2026-08-19,12:29:14,0.082709,0.086184,0.000570,29289.586403,0.059000
2026-08-19,12:29:14,0.103386,0.087161,0.000570,29289.586403,0.059000
2026-08-19,12:29:15,0.144417,0.087161,0.000570,29289.586973,0.059000
2026-08-19,12:29:16,0.082709,0.087140,0.000570,29289.587543,0.059000
2026-08-19,12:29:16,0.082709,0.087119,0.000570,29289.587543,0.059000
2026-08-19,12:29:17,0.082709,0.087119,0.000570,29289.588113,0.059000
2026-08-19,12:29:18,0.165417,0.087119,0.000570,29289.588683,0.059000
2026-08-19,12:29:18,0.144740,0.087119,0.000570,29289.588683,0.059000
2026-08-19,12:29:19,0.082709,0.087344,0.000570,29289.589253,0.059000
2026-08-19,12:29:20,0.082709,0.087344,0.000580,29289.589833,0.059000
2026-08-19,12:29:20,0.082709,0.085250,0.000580,29289.589833,0.059000
2026-08-19,12:29:21,0.244895,0.085250,0.000560,29289.590393,0.059000
2026-08-19,12:29:22,0.124063,0.085250,0.000560,29289.590953,0.059000
2026-08-19,12:29:22,0.124063,0.085250,0.000560,29289.590953,0.059000
2026-08-19,12:29:23,0.144417,0.085250,0.000560,29289.591513,0.059000
2026-08-19,12:29:24,0.103386,0.085250,0.000560,29289.592073,0.059000
2026-08-19,12:29:24,0.124063,0.085250,0.000560,29289.592073,0.059000
2026-08-19,12:29:25,0.165094,0.085250,0.000560,29289.592633,0.059000
2026-08-19,12:29:26,0.165094,0.087296,0.000580,29289.593193,0.059000
2026-08-19,12:29:26,0.103386,0.087296,0.000580,29289.593193,0.059000
2026-08-19,12:29:27,0.124063,0.090980,0.000600,29289.593773,0.059000
2026-08-19,12:29:28,0.082709,0.090980,0.000600,29289.594373,0.059000
2026-08-19,12:29:28,0.093852,0.090980,0.000600,29289.594373,0.059000
2026-08-19,12:29:29,0.093852,0.090980,0.000600,29289.594973,0.059000
2026-08-19,12:29:30,0.084008,0.090980,0.000600,29289.595573,0.059000
2026-08-19,12:29:30,0.162094,0.090980,0.000600,29289.595573,0.059000
2026-08-19,12:29:31,0.114400,0.090980,0.000600,29289.596173,0.059000
2026-08-19,12:29:32,0.114400,0.090980,0.000600,29289.596773,0.059000
2026-08-19,12:29:32,0.103121,0.090980,0.000600,29289.596773,0.059000
2026-08-19,12:29:33,0.082497,0.090980,0.000600,29289.597373,0.059000
2026-08-19,12:29:34,0.164181,0.090980,0.000600,29289.597973,0.059000
2026-08-19,12:29:34,0.126344,0.090980,0.000600,29289.597973,0.059000
2026-08-19,12:29:35,0.126344,0.090896,0.000600,29289.598573,0.059000
2026-08-19,12:29:36,0.081870,0.090896,0.000600,29289.599173,0.059000
2026-08-19,12:29:36,0.122804,0.090896,0.000600,29289.599173,0.059000
2026-08-19,12:29:37,0.083788,0.091004,0.000600,29289.599773,0.059000
2026-08-19,12:29:38,0.122154,0.091004,0.000600,29289.600373,0.059000
2026-08-19,12:29:38,0.122154,0.091004,0.000600,29289.600373,0.059000
2026-08-19,12:29:39,0.082077,0.090940,0.000600,29289.600973,0.059000
2026-08-19,12:29:40,0.102597,0.090862,0.000600,29289.601573,0.059000
2026-08-19,12:29:40,0.166079,0.090862,0.000600,29289.601573,0.059000
2026-08-19,12:29:41,0.166079,0.090862,0.000600,29289.602173,0.059000
2026-08-19,12:29:42,0.118948,0.090862,0.000600,29289.602773,0.059000
2026-08-19,12:29:42,0.102597,0.090862,0.000600,29289.602773,0.059000
2026-08-19,12:29:43,0.184354,0.090862,0.000580,29289.603373,0.058000
2026-08-19,12:29:44,0.125028,0.090862,0.000580,29289.603953,0.058000
2026-08-19,12:29:44,0.125028,0.090862,0.000580,29289.603953,0.058000
2026-08-19,12:29:45,0.141137,0.090862,0.000580,29289.604533,0.058000
2026-08-19,12:29:46,0.082497,0.090840,0.000580,29289.605113,0.058000
2026-08-19,12:29:46,0.103121,0.092882,0.000600,29289.605113,0.058000
2026-08-19,12:29:47,0.127014,0.097312,0.000630,29289.605713,0.058000
2026-08-19,12:29:48,0.127014,0.097312,0.000630,29289.606343,0.058000
2026-08-19,12:29:48,0.105845,0.099626,0.000640,29289.606343,0.058000
2026-08-19,12:29:49,0.082922,0.097579,0.000630,29289.606983,0.058000
2026-08-19,12:29:50,0.150620,0.097579,0.000630,29289.607613,0.058000
2026-08-19,12:29:50,0.150620,0.097579,0.000630,29289.607613,0.058000
2026-08-19,12:29:51,0.124383,0.097579,0.000630,29289.608243,0.058000
2026-08-19,12:29:52,0.103652,0.097579,0.000630,29289.608873,0.058000
2026-08-19,12:29:52,0.136044,0.097579,0.000630,29289.608873,0.058000
2026-08-19,12:29:53,0.165844,0.097579,0.000630,29289.609503,0.058000
2026-08-19,12:29:54,0.165844,0.097579,0.000630,29289.610133,0.059000
2026-08-19,12:29:54,0.128594,0.097579,0.000640,29289.610133,0.059000
2026-08-19,12:29:55,0.186574,0.097579,0.000640,29289.610773,0.059000
2026-08-19,12:29:56,0.142551,0.097579,0.000640,29289.611413,0.059000
2026-08-19,12:29:56,0.124704,0.097579,0.000640,29289.611413,0.059000
2026-08-19,12:29:57,0.124704,0.097579,0.000640,29289.612053,0.059000
2026-08-19,12:29:58,0.083136,0.093487,0.000620,29289.612673,0.059000
2026-08-19,12:29:58,0.166272,0.093487,0.000620,29289.612673,0.059000
2026-08-19,12:29:59,0.103920,0.095692,0.000620,29289.613293,0.059000
2026-08-19,12:30:00,0.103920,0.099751,0.000630,29289.613923,0.059000
2026-08-19,12:30:00,0.124380,0.099751,0.000660,29289.613923,0.059000
2026-08-19,12:30:01,0.124704,0.104014,0.000660,29289.614583,0.059000
2026-08-19,12:30:02,0.103920,0.104146,0.000690,29289.615273,0.059000
2026-08-19,12:30:02,0.103920,0.106288,0.000680,29289.615273,0.058000
2026-08-19,12:30:03,0.103920,0.108447,0.000680,29289.615953,0.058000
2026-08-19,12:30:04,0.124704,0.108447,0.000700,29289.616653,0.058000
2026-08-19,12:30:04,0.140292,0.109774,0.000710,29289.616653,0.058000
2026-08-19,12:30:05,0.124380,0.111628,0.000710,29289.617363,0.058000
2026-08-19,12:30:06,0.103920,0.113728,0.000720,29289.618083,0.058000
2026-08-19,12:30:06,0.103920,0.113728,0.000730,29289.618083,0.058000
2026-08-19,12:30:07,0.145488,0.113728,0.000730,29289.618813,0.058000
2026-08-19,12:30:08,0.103920,0.113728,0.000730,29289.619543,0.058000
2026-08-19,12:30:08,0.202969,0.113728,0.000730,29289.619543,0.058000
2026-08-19,12:30:09,0.202969,0.115806,0.000730,29289.620273,0.058000
2026-08-19,12:30:10,0.103920,0.115806,0.000750,29289.621023,0.058000
2026-08-19,12:30:10,0.145488,0.115806,0.000750,29289.621023,0.058000
2026-08-19,12:30:11,0.124704,0.115806,0.000750,29289.621773,0.058000
2026-08-19,12:30:12,0.124704,0.115806,0.000750,29289.622523,0.058000
2026-08-19,12:30:12,0.124704,0.115806,0.000750,29289.622523,0.058000
2026-08-19,12:30:13,0.124704,0.115806,0.000750,29289.623273,0.058000
2026-08-19,12:30:14,0.145488,0.115806,0.000750,29289.624023,0.058000
2026-08-19,12:30:14,0.098180,0.115232,0.000750,29289.624023,0.058000
2026-08-19,12:30:15,0.122804,0.115075,0.000740,29289.624763,0.058000
2026-08-19,12:30:16,0.122804,0.115075,0.000740,29289.625503,0.058000
2026-08-19,12:30:16,0.081870,0.115075,0.000740,29289.625503,0.058000
2026-08-19,12:30:17,0.184207,0.115075,0.000740,29289.626243,0.058000
2026-08-19,12:30:18,0.145488,0.115075,0.000740,29289.626983,0.058000
2026-08-19,12:30:18,0.145488,0.115075,0.000740,29289.626983,0.058000
2026-08-19,12:30:19,0.103920,0.115075,0.000740,29289.627723,0.058000
2026-08-19,12:30:20,0.081663,0.115075,0.000740,29289.628463,0.058000
2026-08-19,12:30:20,0.122495,0.114854,0.000740,29289.628463,0.058000
2026-08-19,12:30:21,0.122176,0.116679,0.000740,29289.629203,0.058000
2026-08-19,12:30:22,0.122176,0.116495,0.000750,29289.629953,0.058000
2026-08-19,12:30:22,0.102079,0.116495,0.000750,29289.629953,0.058000
2026-08-19,12:30:23,0.146246,0.116495,0.000750,29289.630703,0.058000
2026-08-19,12:30:24,0.145920,0.116495,0.000750,29289.631453,0.058000
2026-08-19,12:30:24,0.082287,0.112253,0.000750,29289.631453,0.058000
2026-08-19,12:30:25,0.082287,0.112253,0.000720,29289.632173,0.058000
2026-08-19,12:30:26,0.123430,0.112253,0.000720,29289.632893,0.058000
2026-08-19,12:30:26,0.123108,0.112253,0.000720,29289.632893,0.058000
2026-08-19,12:30:27,0.104461,0.112253,0.000720,29289.633613,0.058000
2026-08-19,12:30:28,0.104461,0.112253,0.000720,29289.634333,0.058000
2026-08-19,12:30:28,0.122804,0.112253,0.000720,29289.634333,0.058000
2026-08-19,12:30:29,0.116167,0.112253,0.000720,29289.635053,0.058000
2026-08-19,12:30:30,0.105010,0.112253,0.000720,29289.635773,0.058000
2026-08-19,12:30:30,0.123423,0.112253,0.000720,29289.635773,0.058000
2026-08-19,12:30:31,0.123423,0.112253,0.000720,29289.636493,0.058000
2026-08-19,12:30:32,0.144047,0.112253,0.000720,29289.637213,0.058000
2026-08-19,12:30:32,0.082497,0.106474,0.000680,29289.637213,0.058000
2026-08-19,12:30:33,0.103121,0.104348,0.000670,29289.637893,0.058000
2026-08-19,12:30:34,0.103121,0.104268,0.000670,29289.638563,0.058000
2026-08-19,12:30:34,0.103121,0.104268,0.000670,29289.638563,0.058000
2026-08-19,12:30:35,0.144370,0.104268,0.000670,29289.639233,0.058000
2026-08-19,12:30:36,0.094420,0.103318,0.000670,29289.639903,0.058000
2026-08-19,12:30:36,0.132768,0.103318,0.000660,29289.639903,0.058000
2026-08-19,12:30:37,0.132768,0.103318,0.000660,29289.640563,0.058000
2026-08-19,12:30:38,0.103121,0.103318,0.000660,29289.641223,0.058000
2026-08-19,12:30:38,0.082497,0.103318,0.000660,29289.641223,0.058000
2026-08-19,12:30:39,0.164994,0.103318,0.000660,29289.641883,0.058000
2026-08-19,12:30:40,0.109633,0.104463,0.000660,29289.642543,0.058000
2026-08-19,12:30:40,0.109633,0.100412,0.000670,29289.642543,0.058000
2026-08-19,12:30:41,0.082287,0.100412,0.000650,29289.643213,0.058000
2026-08-19,12:30:42,0.146246,0.100412,0.000650,29289.643863,0.058000
2026-08-19,12:30:42,0.083569,0.096519,0.000620,29289.643863,0.058000
2026-08-19,12:30:43,0.096627,0.093964,0.000600,29289.644483,0.058000
2026-08-19,12:30:44,0.096627,0.093964,0.000600,29289.645083,0.058000
2026-08-19,12:30:44,0.104461,0.094202,0.000610,29289.645083,0.058000
2026-08-19,12:30:45,0.083569,0.094331,0.000610,29289.645693,0.058000
2026-08-19,12:30:46,0.143635,0.094331,0.000610,29289.646303,0.058000
2026-08-19,12:30:46,0.143635,0.094331,0.000610,29289.646303,0.058000
2026-08-19,12:30:47,0.146246,0.094331,0.000610,29289.646913,0.058000
2026-08-19,12:30:48,0.136453,0.094331,0.000610,29289.647523,0.058000
2026-08-19,12:30:48,0.123430,0.094331,0.000610,29289.647523,0.058000
2026-08-19,12:30:49,0.082287,0.094310,0.000610,29289.648133,0.058000
2026-08-19,12:30:50,0.082287,0.094283,0.000610,29289.648743,0.058000
2026-08-19,12:30:50,0.102858,0.094283,0.000610,29289.648743,0.058000
2026-08-19,12:30:51,0.123108,0.096282,0.000620,29289.649353,0.058000
2026-08-19,12:30:52,0.082287,0.096282,0.000620,29289.649973,0.058000
2026-08-19,12:30:52,0.152680,0.096282,0.000620,29289.649973,0.058000
2026-08-19,12:30:53,0.152680,0.096282,0.000620,29289.650593,0.058000
2026-08-19,12:30:54,0.149787,0.096282,0.000620,29289.651213,0.058000
2026-08-19,12:30:54,0.082287,0.095069,0.000610,29289.651213,0.058000
2026-08-19,12:30:55,0.082287,0.092334,0.000610,29289.651823,0.058000
2026-08-19,12:30:56,0.082287,0.094391,0.000590,29289.652413,0.058000
2026-08-19,12:30:56,0.102858,0.094391,0.000610,29289.652413,0.058000
2026-08-19,12:30:57,0.123108,0.098345,0.000610,29289.653023,0.058000
2026-08-19,12:30:58,0.105010,0.099183,0.000640,29289.653663,0.058000
2026-08-19,12:30:58,0.082497,0.096987,0.000620,29289.653663,0.058000
2026-08-19,12:30:59,0.082497,0.096987,0.000620,29289.654283,0.058000
2026-08-19,12:31:00,0.126012,0.096987,0.000620,29289.654903,0.058000
2026-08-19,12:31:00,0.083786,0.097009,0.000620,29289.654903,0.058000
2026-08-19,12:31:01,0.114400,0.097009,0.000620,29289.655523,0.058000
2026-08-19,12:31:02,0.082497,0.097009,0.000620,29289.656143,0.058000
2026-08-19,12:31:02,0.082497,0.097009,0.000620,29289.656143,0.058000
2026-08-19,12:31:03,0.082497,0.097009,0.000620,29289.656763,0.058000
2026-08-19,12:31:04,0.104735,0.097009,0.000620,29289.657383,0.058000
2026-08-19,12:31:04,0.104735,0.097009,0.000620,29289.657383,0.058000
2026-08-19,12:31:05,0.104735,0.097009,0.000620,29289.658003,0.058000
2026-08-19,12:31:06,0.123116,0.097009,0.000620,29289.658623,0.058000
2026-08-19,12:31:06,0.082077,0.096988,0.000620,29289.658623,0.058000
2026-08-19,12:31:07,0.082077,0.094910,0.000620,29289.659243,0.058000
2026-08-19,12:31:08,0.102597,0.092858,0.000600,29289.659843,0.058000
2026-08-19,12:31:08,0.102597,0.092858,0.000600,29289.659843,0.058000
2026-08-19,12:31:09,0.164155,0.092858,0.000600,29289.660443,0.058000
2026-08-19,12:31:10,0.204873,0.092858,0.000600,29289.661043,0.058000
2026-08-19,12:31:10,0.102597,0.094889,0.000610,29289.661043,0.058000
2026-08-19,12:31:11,0.082077,0.094868,0.000610,29289.661653,0.058000
2026-08-19,12:31:12,0.082077,0.094868,0.000610,29289.662263,0.058000
2026-08-19,12:31:12,0.082077,0.092790,0.000610,29289.662263,0.058000
2026-08-19,12:31:13,0.102597,0.090739,0.000580,29289.662843,0.058000
2026-08-19,12:31:14,0.129849,0.093223,0.000600,29289.663443,0.058000
2026-08-19,12:31:14,0.083569,0.093223,0.000600,29289.663443,0.058000
2026-08-19,12:31:15,0.083569,0.093223,0.000600,29289.664043,0.058000
2026-08-19,12:31:16,0.111611,0.096135,0.000620,29289.664663,0.058000
2026-08-19,12:31:16,0.081870,0.095943,0.000620,29289.664663,0.058000
2026-08-19,12:31:17,0.102337,0.097969,0.000620,29289.665283,0.058000
2026-08-19,12:31:18,0.102337,0.097969,0.000630,29289.665913,0.058000
2026-08-19,12:31:18,0.145511,0.097969,0.000630,29289.665913,0.058000
2026-08-19,12:31:19,0.122485,0.097969,0.000630,29289.666543,0.058000
2026-08-19,12:31:20,0.122804,0.097969,0.000630,29289.667173,0.058000
2026-08-19,12:31:20,0.143272,0.097969,0.000630,29289.667173,0.058000
2026-08-19,12:31:21,0.143272,0.097969,0.000630,29289.667803,0.058000
2026-08-19,12:31:22,0.112623,0.097969,0.000630,29289.668433,0.058000
2026-08-19,12:31:22,0.195212,0.097969,0.000630,29289.668433,0.058000
2026-08-19,12:31:23,0.196858,0.097969,0.000630,29289.669063,0.058000
2026-08-19,12:31:24,0.123116,0.102073,0.000660,29289.669723,0.058000
2026-08-19,12:31:24,0.123116,0.102073,0.000660,29289.669723,0.058000
2026-08-19,12:31:25,0.117024,0.103516,0.000670,29289.670393,0.058000
2026-08-19,12:31:26,0.163834,0.103516,0.000670,29289.671063,0.058000
2026-08-19,12:31:26,0.102597,0.103516,0.000670,29289.671063,0.058000
2026-08-19,12:31:27,0.102597,0.103516,0.000670,29289.671733,0.058000
2026-08-19,12:31:28,0.204873,0.103516,0.000670,29289.672403,0.058000
2026-08-19,12:31:28,0.102597,0.105568,0.000680,29289.672403,0.058000
2026-08-19,12:31:29,0.083352,0.105695,0.000680,29289.673083,0.058000
2026-08-19,12:31:30,0.083352,0.103771,0.000680,29289.673763,0.058000
2026-08-19,12:31:30,0.083352,0.103771,0.000670,29289.673763,0.058000
2026-08-19,12:31:31,0.144889,0.103771,0.000670,29289.674433,0.058000
2026-08-19,12:31:32,0.120886,0.103771,0.000670,29289.675103,0.058000
2026-08-19,12:31:32,0.166272,0.103771,0.000670,29289.675103,0.058000
2026-08-19,12:31:33,0.103920,0.101178,0.000650,29289.675773,0.058000
2026-08-19,12:31:34,0.103920,0.101178,0.000650,29289.676423,0.058000
2026-08-19,12:31:34,0.121782,0.102195,0.000660,29289.676423,0.058000
2026-08-19,12:31:35,0.124704,0.106478,0.000680,29289.677083,0.058000
2026-08-19,12:31:36,0.083136,0.106478,0.000680,29289.677763,0.058000
2026-08-19,12:31:36,0.083136,0.106478,0.000680,29289.677763,0.058000
2026-08-19,12:31:37,0.103920,0.106478,0.000680,29289.678443,0.058000
2026-08-19,12:31:38,0.083136,0.106478,0.000680,29289.679123,0.058000
2026-08-19,12:31:38,0.103920,0.106478,0.000680,29289.679123,0.058000
2026-08-19,12:31:39,0.083136,0.106478,0.000680,29289.679803,0.058000
2026-08-19,12:31:40,0.083136,0.106478,0.000680,29289.680483,0.058000
2026-08-19,12:31:40,0.145488,0.106478,0.000680,29289.680483,0.058000
2026-08-19,12:31:41,0.083136,0.104558,0.000670,29289.681163,0.058000
2026-08-19,12:31:42,0.103920,0.102638,0.000670,29289.681833,0.058000
2026-08-19,12:31:42,0.103920,0.101328,0.000660,29289.681833,0.058000
2026-08-19,12:31:43,0.103920,0.101328,0.000650,29289.682493,0.058000
2026-08-19,12:31:44,0.186732,0.101328,0.000650,29289.683143,0.058000
2026-08-19,12:31:44,0.141591,0.101328,0.000650,29289.683143,0.058000
2026-08-19,12:31:45,0.103920,0.101328,0.000650,29289.683793,0.058000
2026-08-19,12:31:46,0.103920,0.101328,0.000650,29289.684443,0.058000
2026-08-19,12:31:46,0.187056,0.101328,0.000650,29289.684443,0.058000
2026-08-19,12:31:47,0.083136,0.099382,0.000640,29289.685093,0.058000
2026-08-19,12:31:48,0.103920,0.099514,0.000640,29289.685733,0.058000
2026-08-19,12:31:48,0.166272,0.099514,0.000640,29289.685733,0.058000
2026-08-19,12:31:49,0.166272,0.099514,0.000640,29289.686373,0.058000
2026-08-19,12:31:50,0.167689,0.099514,0.000640,29289.687013,0.058000
2026-08-19,12:31:50,0.081458,0.099325,0.000640,29289.687013,0.058000
2026-08-19,12:31:51,0.087185,0.099708,0.000640,29289.687653,0.058000
2026-08-19,12:31:52,0.121869,0.099708,0.000640,29289.688293,0.058000
2026-08-19,12:31:52,0.121869,0.099708,0.000640,29289.688293,0.058000
2026-08-19,12:31:53,0.122187,0.099708,0.000640,29289.688933,0.058000
2026-08-19,12:31:54,0.083352,0.097651,0.000630,29289.689563,0.058000
2026-08-19,12:31:54,0.104190,0.095892,0.000620,29289.689563,0.058000
2026-08-19,12:31:55,0.104190,0.095733,0.000620,29289.690183,0.058000
2026-08-19,12:31:56,0.123116,0.095733,0.000620,29289.690803,0.058000
2026-08-19,12:31:56,0.102597,0.097680,0.000630,29289.690803,0.058000
2026-08-19,12:31:57,0.082077,0.095495,0.000630,29289.691433,0.058000
2026-08-19,12:31:58,0.082077,0.093311,0.000610,29289.692043,0.058000
2026-08-19,12:31:58,0.082077,0.093311,0.000610,29289.692043,0.058000
2026-08-19,12:31:59,0.104190,0.095416,0.000610,29289.692653,0.058000
2026-08-19,12:32:00,0.187216,0.095416,0.000610,29289.693263,0.058000
2026-08-19,12:32:00,0.083352,0.093360,0.000600,29289.693263,0.058000
2026-08-19,12:32:01,0.083352,0.095633,0.000600,29289.693863,0.058000
2026-08-19,12:32:02,0.104190,0.095633,0.000610,29289.694473,0.058000
2026-08-19,12:32:02,0.083352,0.095249,0.000610,29289.694473,0.058000
2026-08-19,12:32:03,0.113307,0.095249,0.000610,29289.695083,0.058000
2026-08-19,12:32:04,0.125028,0.095249,0.000610,29289.695693,0.058000
2026-08-19,12:32:04,0.125028,0.095249,0.000610,29289.695693,0.058000
2026-08-19,12:32:05,0.104190,0.095249,0.000610,29289.696303,0.058000
2026-08-19,12:32:06,0.166704,0.095249,0.000610,29289.696913,0.058000
2026-08-19,12:32:06,0.083352,0.095249,0.000610,29289.696913,0.058000
2026-08-19,12:32:07,0.122485,0.095249,0.000610,29289.697523,0.058000
2026-08-19,12:32:08,0.122485,0.095249,0.000610,29289.698133,0.058000
2026-08-19,12:32:08,0.081870,0.093017,0.000610,29289.698133,0.058000
2026-08-19,12:32:09,0.102337,0.090939,0.000580,29289.698713,0.058000
2026-08-19,12:32:10,0.081870,0.088867,0.000570,29289.699283,0.058000
2026-08-19,12:32:10,0.081870,0.088867,0.000570,29289.699283,0.058000
2026-08-19,12:32:11,0.142952,0.088867,0.000570,29289.699853,0.058000
2026-08-19,12:32:11,0.102337,0.088867,0.000570,29289.700423,0.058000
2026-08-19,12:32:12,0.145488,0.088867,0.000570,29289.700423,0.058000
2026-08-19,12:32:13,0.103920,0.088867,0.000570,29289.700993,0.058000
2026-08-19,12:32:13,0.103920,0.088867,0.000570,29289.701563,0.058000
2026-08-19,12:32:14,0.103920,0.088867,0.000570,29289.701563,0.058000
2026-08-19,12:32:15,0.207841,0.088867,0.000570,29289.702133,0.058000
2026-08-19,12:32:15,0.147437,0.088867,0.000570,29289.702703,0.058000
2026-08-19,12:32:16,0.083136,0.088973,0.000570,29289.702703,0.058000
2026-08-19,12:32:17,0.083136,0.088973,0.000570,29289.703273,0.058000
2026-08-19,12:32:17,0.083136,0.089078,0.000570,29289.703843,0.058000
2026-08-19,12:32:18,0.096776,0.088337,0.000570,29289.703843,0.058000
2026-08-19,12:32:19,0.103920,0.090394,0.000580,29289.704423,0.058000
2026-08-19,12:32:19,0.103920,0.090367,0.000580,29289.705003,0.058000
2026-08-19,12:32:20,0.103920,0.090367,0.000580,29289.705003,0.058000
2026-08-19,12:32:21,0.145488,0.090367,0.000580,29289.705583,0.058000
2026-08-19,12:32:21,0.171468,0.090367,0.000580,29289.705583,0.058000
2026-08-19,12:32:22,0.186732,0.090367,0.000580,29289.706163,0.058000
2026-08-19,12:32:23,0.186732,0.092424,0.000580,29289.706743,0.058000
2026-08-19,12:32:23,0.103920,0.092424,0.000580,29289.706743,0.058000
2026-08-19,12:32:24,0.103920,0.094481,0.000610,29289.707353,0.058000
2026-08-19,12:32:25,0.124380,0.098732,0.000630,29289.707983,0.058000
2026-08-19,12:32:25,0.151659,0.103664,0.000630,29289.707983,0.058000
2026-08-19,12:32:26,0.151659,0.103664,0.000670,29289.708653,0.058000
2026-08-19,12:32:27,0.083136,0.103664,0.000670,29289.709323,0.058000
2026-08-19,12:32:27,0.083136,0.103664,0.000670,29289.709323,0.058000
2026-08-19,12:32:28,0.081663,0.103664,0.000670,29289.709993,0.058000
2026-08-19,12:32:29,0.081663,0.103664,0.000670,29289.710663,0.058000
2026-08-19,12:32:29,0.102079,0.103664,0.000670,29289.710663,0.058000
2026-08-19,12:32:30,0.124383,0.103664,0.000670,29289.711333,0.058000
2026-08-19,12:32:31,0.124383,0.103664,0.000670,29289.712003,0.058000
2026-08-19,12:32:31,0.121219,0.103664,0.000670,29289.712003,0.058000
2026-08-19,12:32:32,0.121219,0.103664,0.000670,29289.712673,0.058000
2026-08-19,12:32:33,0.163007,0.103664,0.000670,29289.713343,0.058000
2026-08-19,12:32:33,0.124380,0.103664,0.000670,29289.713343,0.058000
2026-08-19,12:32:34,0.126678,0.103664,0.000670,29289.714013,0.058000
2026-08-19,12:32:35,0.115823,0.103664,0.000670,29289.714683,0.058000
2026-08-19,12:32:35,0.115823,0.103664,0.000670,29289.714683,0.058000
2026-08-19,12:32:36,0.124704,0.103664,0.000670,29289.715353,0.058000
2026-08-19,12:32:37,0.145488,0.103664,0.000670,29289.716023,0.058000
2026-08-19,12:32:37,0.124380,0.103664,0.000670,29289.716023,0.058000
2026-08-19,12:32:38,0.124380,0.103664,0.000670,29289.716693,0.058000
2026-08-19,12:32:39,0.145488,0.103664,0.000670,29289.717363,0.058000
2026-08-19,12:32:39,0.145488,0.103664,0.000670,29289.717363,0.058000
2026-08-19,12:32:40,0.124704,0.134014,0.000860,29289.718033,0.058000
2026-08-19,12:32:41,0.083136,0.134014,0.000860,29289.718893,0.058000
2026-08-19,12:32:41,0.083136,0.134014,0.000860,29289.718893,0.058000
2026-08-19,12:32:42,0.083136,0.134014,0.000860,29289.719753,0.058000
2026-08-19,12:32:43,0.201021,0.134014,0.000860,29289.720613,0.058000
2026-08-19,12:32:43,0.083136,0.134014,0.000860,29289.720613,0.058000
2026-08-19,12:32:44,0.083136,0.134014,0.000860,29289.721473,0.058000
2026-08-19,12:32:45,0.083136,0.134014,0.000860,29289.722333,0.058000
2026-08-19,12:32:45,0.187056,0.134014,0.000860,29289.722333,0.058000
2026-08-19,12:32:46,0.124380,0.130151,0.000840,29289.723193,0.058000
2026-08-19,12:32:47,0.124704,0.130184,0.000840,29289.724033,0.058000
2026-08-19,12:32:47,0.124704,0.130184,0.000840,29289.724033,0.058000
2026-08-19,12:32:48,0.162598,0.130184,0.000840,29289.724873,0.058000
2026-08-19,12:32:49,0.125354,0.130184,0.000840,29289.725713,0.058000
2026-08-19,12:32:49,0.107726,0.130184,0.000840,29289.725713,0.058000
2026-08-19,12:32:50,0.125027,0.130184,0.000840,29289.726553,0.058000
2026-08-19,12:32:51,0.125027,0.130184,0.000840,29289.727393,0.058000
2026-08-19,12:32:51,0.208597,0.130184,0.000840,29289.727393,0.058000
2026-08-19,12:32:52,0.146246,0.130184,0.000840,29289.728233,0.058000
2026-08-19,12:32:53,0.104461,0.130184,0.000840,29289.729073,0.058000
2026-08-19,12:32:53,0.135473,0.130184,0.000840,29289.729073,0.058000
2026-08-19,12:32:54,0.135473,0.130184,0.000840,29289.729913,0.058000
2026-08-19,12:32:55,0.204354,0.130184,0.000840,29289.730753,0.058000
2026-08-19,12:32:55,0.122804,0.129796,0.000840,29289.730753,0.058000
2026-08-19,12:32:56,0.146246,0.132839,0.000860,29289.731593,0.058000
2026-08-19,12:32:57,0.146246,0.130654,0.000860,29289.732453,0.058000
2026-08-19,12:32:57,0.102858,0.130654,0.000840,29289.732453,0.058000
2026-08-19,12:32:58,0.164252,0.130654,0.000840,29289.733293,0.058000
2026-08-19,12:32:59,0.123430,0.130654,0.000840,29289.734133,0.058000
2026-08-19,12:32:59,0.113787,0.130654,0.000840,29289.734133,0.058000
2026-08-19,12:33:00,0.113787,0.130654,0.000840,29289.734973,0.058000
2026-08-19,12:33:01,0.137894,0.130654,0.000840,29289.735813,0.058000
2026-08-19,12:33:01,0.188689,0.130654,0.000840,29289.735813,0.058000
2026-08-19,12:33:02,0.179829,0.130654,0.000840,29289.736653,0.058000
2026-08-19,12:33:03,0.144047,0.130654,0.000840,29289.737493,0.058000
2026-08-19,12:33:03,0.144047,0.130654,0.000840,29289.737493,0.058000
2026-08-19,12:33:04,0.086042,0.130654,0.000840,29289.738333,0.058000
2026-08-19,12:33:05,0.082497,0.130654,0.000840,29289.739173,0.058000
2026-08-19,12:33:05,0.103121,0.130654,0.000840,29289.739173,0.058000
2026-08-19,12:33:06,0.103121,0.130654,0.000840,29289.740013,0.058000
2026-08-19,12:33:07,0.103121,0.130654,0.000840,29289.740853,0.058000
2026-08-19,12:33:07,0.169183,0.133024,0.000860,29289.740853,0.058000
2026-08-19,12:33:08,0.144370,0.135023,0.000860,29289.741713,0.058000
2026-08-19,12:33:09,0.082497,0.135023,0.000870,29289.742583,0.058000
2026-08-19,12:33:09,0.082497,0.135023,0.000870,29289.742583,0.058000
2026-08-19,12:33:10,0.082497,0.135023,0.000870,29289.743453,0.058000
2026-08-19,12:33:11,0.103121,0.135023,0.000870,29289.744323,0.058000
2026-08-19,12:33:11,0.105286,0.135023,0.000870,29289.744323,0.058000
2026-08-19,12:33:12,0.147537,0.135228,0.000870,29289.745193,0.058000
2026-08-19,12:33:13,0.147537,0.135228,0.000870,29289.746063,0.058000
2026-08-19,12:33:13,0.164573,0.137136,0.000880,29289.746063,0.058000
2026-08-19,12:33:14,0.084229,0.137136,0.000880,29289.746943,0.058000
2026-08-19,12:33:15,0.144001,0.139066,0.000900,29289.747843,0.058000
2026-08-19,12:33:15,0.144001,0.137074,0.000880,29289.747843,0.058000
2026-08-19,12:33:16,0.104461,0.137074,0.000880,29289.748723,0.058000
2026-08-19,12:33:17,0.082287,0.132832,0.000860,29289.749583,0.058000
2026-08-19,12:33:17,0.083569,0.128909,0.000830,29289.749583,0.058000
2026-08-19,12:33:18,0.083569,0.122641,0.000830,29289.750413,0.058000
2026-08-19,12:33:19,0.083569,0.122962,0.000790,29289.751203,0.058000
2026-08-19,12:33:19,0.106072,0.122962,0.000790,29289.751203,0.058000
2026-08-19,12:33:20,0.082287,0.114273,0.000740,29289.751943,0.058000
2026-08-19,12:33:21,0.102858,0.110122,0.000710,29289.752653,0.058000
2026-08-19,12:33:21,0.164252,0.110122,0.000710,29289.752653,0.058000
2026-08-19,12:33:22,0.164252,0.110122,0.000710,29289.753363,0.058000
2026-08-19,12:33:23,0.164573,0.110122,0.000710,29289.754073,0.058000
2026-08-19,12:33:23,0.082287,0.103596,0.000710,29289.754073,0.058000
2026-08-19,12:33:24,0.102858,0.097425,0.000670,29289.754743,0.058000
2026-08-19,12:33:25,0.102858,0.097425,0.000630,29289.755373,0.058000
2026-08-19,12:33:25,0.144001,0.097425,0.000630,29289.755373,0.058000
2026-08-19,12:33:26,0.164252,0.097425,0.000630,29289.756003,0.058000
2026-08-19,12:33:27,0.082287,0.091253,0.000590,29289.756593,0.058000
2026-08-19,12:33:27,0.102858,0.091093,0.000590,29289.756593,0.058000
2026-08-19,12:33:28,0.102858,0.091093,0.000590,29289.757183,0.058000
2026-08-19,12:33:29,0.082287,0.091093,0.000590,29289.757773,0.058000
2026-08-19,12:33:29,0.160716,0.091093,0.000590,29289.757773,0.058000
2026-08-19,12:33:30,0.123430,0.091093,0.000590,29289.758363,0.058000
2026-08-19,12:33:31,0.123108,0.091093,0.000590,29289.758953,0.058000
2026-08-19,12:33:31,0.123108,0.091093,0.000590,29289.758953,0.058000
2026-08-19,12:33:32,0.102858,0.091093,0.000590,29289.759543,0.058000
2026-08-19,12:33:33,0.102858,0.091093,0.000590,29289.760133,0.058000
2026-08-19,12:33:33,0.102858,0.091093,0.000590,29289.760133,0.058000
2026-08-19,12:33:34,0.144001,0.091093,0.000590,29289.760723,0.058000
2026-08-19,12:33:35,0.144001,0.091093,0.000580,29289.761313,0.058000
2026-08-19,12:33:35,0.082287,0.090965,0.000580,29289.761313,0.058000
2026-08-19,12:33:36,0.082287,0.090837,0.000580,29289.761893,0.058000
2026-08-19,12:33:37,0.123108,0.090837,0.000580,29289.762473,0.058000
2026-08-19,12:33:37,0.123108,0.088458,0.000580,29289.762473,0.058000
2026-08-19,12:33:38,0.082287,0.088458,0.000570,29289.763053,0.058000
2026-08-19,12:33:39,0.133073,0.088458,0.000570,29289.763623,0.058000
2026-08-19,12:33:39,0.082287,0.088458,0.000570,29289.763623,0.058000
2026-08-19,12:33:40,0.082287,0.086401,0.000550,29289.764193,0.058000
2026-08-19,12:33:41,0.082287,0.086401,0.000550,29289.764743,0.058000
2026-08-19,12:33:41,0.164252,0.086401,0.000550,29289.764743,0.058000
2026-08-19,12:33:42,0.123430,0.086401,0.000550,29289.765293,0.058000
2026-08-19,12:33:43,0.143680,0.086401,0.000550,29289.765843,0.058000
2026-08-19,12:33:43,0.195109,0.086401,0.000550,29289.765843,0.058000
2026-08-19,12:33:44,0.195109,0.086401,0.000550,29289.766393,0.058000
2026-08-19,12:33:45,0.144001,0.086401,0.000550,29289.766943,0.058000
2026-08-19,12:33:45,0.144001,0.086401,0.000550,29289.766943,0.058000
2026-08-19,12:33:46,0.087751,0.086947,0.000560,29289.767493,0.058000
2026-08-19,12:33:47,0.087751,0.086947,0.000560,29289.768053,0.058000
2026-08-19,12:33:47,0.123108,0.086947,0.000560,29289.768053,0.058000
2026-08-19,12:33:48,0.126012,0.086947,0.000560,29289.768613,0.058000
2026-08-19,12:33:49,0.105010,0.086947,0.000560,29289.769173,0.058000
2026-08-19,12:33:49,0.081870,0.086947,0.000560,29289.769173,0.058000
2026-08-19,12:33:50,0.081870,0.086947,0.000560,29289.769733,0.058000
2026-08-19,12:33:51,0.102337,0.086947,0.000560,29289.770293,0.058000
2026-08-19,12:33:51,0.088266,0.086947,0.000560,29289.770293,0.058000
2026-08-19,12:33:52,0.187085,0.086947,0.000560,29289.770853,0.058000
2026-08-19,12:33:53,0.187085,0.084848,0.000560,29289.771413,0.058000
2026-08-19,12:33:53,0.081870,0.084848,0.000540,29289.771413,0.058000
2026-08-19,12:33:54,0.102337,0.086853,0.000560,29289.771953,0.058000
2026-08-19,12:33:55,0.147461,0.086853,0.000560,29289.772513,0.058000
2026-08-19,12:33:55,0.084452,0.085013,0.000550,29289.772513,0.058000
2026-08-19,12:33:56,0.084452,0.085013,0.000550,29289.773063,0.058000
2026-08-19,12:33:57,0.121467,0.085013,0.000550,29289.773613,0.058000
2026-08-19,12:33:57,0.149648,0.085013,0.000550,29289.773613,0.058000
2026-08-19,12:33:58,0.082922,0.085076,0.000550,29289.774163,0.058000
2026-08-19,12:33:59,0.110454,0.085076,0.000550,29289.774713,0.058000
2026-08-19,12:33:59,0.110454,0.085076,0.000550,29289.774713,0.058000
2026-08-19,12:34:00,0.102079,0.085076,0.000550,29289.775263,0.058000
2026-08-19,12:34:01,0.102079,0.085076,0.000550,29289.775813,0.058000
2026-08-19,12:34:01,0.103652,0.085076,0.000550,29289.775813,0.058000
2026-08-19,12:34:02,0.103652,0.085076,0.000550,29289.776363,0.058000
2026-08-19,12:34:03,0.129079,0.085076,0.000550,29289.776913,0.058000
2026-08-19,12:34:03,0.123745,0.085076,0.000550,29289.776913,0.058000
2026-08-19,12:34:04,0.082497,0.085097,0.000550,29289.777463,0.058000
2026-08-19,12:34:05,0.082497,0.085118,0.000550,29289.778013,0.058000
2026-08-19,12:34:05,0.082497,0.085118,0.000550,29289.778013,0.058000
2026-08-19,12:34:06,0.127014,0.085118,0.000550,29289.778563,0.058000
2026-08-19,12:34:07,0.103386,0.085118,0.000550,29289.779113,0.058000
2026-08-19,12:34:07,0.103386,0.085118,0.000550,29289.779113,0.058000
2026-08-19,12:34:08,0.124063,0.085118,0.000550,29289.779663,0.058000
2026-08-19,12:34:09,0.124063,0.085118,0.000550,29289.780213,0.058000
2026-08-19,12:34:09,0.123740,0.085118,0.000550,29289.780213,0.058000
2026-08-19,12:34:10,0.114048,0.085118,0.000550,29289.780763,0.058000
2026-08-19,12:34:11,0.112557,0.085118,0.000550,29289.781313,0.059000
2026-08-19,12:34:11,0.112557,0.085118,0.000560,29289.781313,0.059000
2026-08-19,12:34:12,0.170968,0.085118,0.000560,29289.781873,0.059000
2026-08-19,12:34:13,0.121260,0.085118,0.000560,29289.782433,0.059000
2026-08-19,12:34:13,0.125028,0.085118,0.000560,29289.782433,0.059000
2026-08-19,12:34:14,0.087910,0.085118,0.000560,29289.782993,0.059000
2026-08-19,12:34:15,0.087910,0.085118,0.000560,29289.783553,0.059000
2026-08-19,12:34:15,0.124702,0.085118,0.000560,29289.783553,0.059000
2026-08-19,12:34:16,0.104190,0.085118,0.000560,29289.784113,0.059000
2026-08-19,12:34:17,0.083352,0.085118,0.000560,29289.784673,0.059000
2026-08-19,12:34:17,0.122423,0.085118,0.000560,29289.784673,0.059000
2026-08-19,12:34:18,0.122423,0.085118,0.000560,29289.785233,0.059000
2026-08-19,12:34:19,0.106411,0.085118,0.000560,29289.785793,0.059000
2026-08-19,12:34:19,0.204158,0.085118,0.000560,29289.785793,0.059000
2026-08-19,12:34:20,0.269868,0.085118,0.000560,29289.786353,0.059000
2026-08-19,12:34:21,0.269868,0.085118,0.000560,29289.786913,0.058000
2026-08-19,12:34:21,0.145488,0.085118,0.000560,29289.786913,0.058000
2026-08-19,12:34:22,0.123730,0.085118,0.000550,29289.787463,0.058000
2026-08-19,12:34:23,0.124704,0.085118,0.000550,29289.788013,0.058000
2026-08-19,12:34:23,0.083136,0.085203,0.000550,29289.788013,0.058000
2026-08-19,12:34:24,0.083136,0.085420,0.000550,29289.788563,0.058000
2026-08-19,12:34:25,0.084452,0.085420,0.000550,29289.789113,0.058000
2026-08-19,12:34:25,0.142183,0.085420,0.000550,29289.789113,0.058000
2026-08-19,12:34:26,0.124059,0.085420,0.000550,29289.789663,0.058000
2026-08-19,12:34:27,0.165844,0.085420,0.000550,29289.790213,0.058000
2026-08-19,12:34:27,0.165844,0.085420,0.000550,29289.790213,0.058000
2026-08-19,12:34:28,0.144789,0.085420,0.000550,29289.790763,0.058000
2026-08-19,12:34:29,0.103652,0.085420,0.000550,29289.791313,0.058000
2026-08-19,12:34:29,0.124059,0.085420,0.000550,29289.791313,0.058000
2026-08-19,12:34:30,0.124059,0.085420,0.000550,29289.791863,0.058000
2026-08-19,12:34:31,0.124059,0.085420,0.000550,29289.792413,0.058000
2026-08-19,12:34:31,0.084229,0.085614,0.000550,29289.792413,0.058000
2026-08-19,12:34:32,0.123740,0.085614,0.000550,29289.792963,0.058000
2026-08-19,12:34:33,0.142551,0.085614,0.000550,29289.793513,0.058000
2026-08-19,12:34:33,0.142551,0.085614,0.000550,29289.793513,0.058000
2026-08-19,12:34:34,0.145540,0.085614,0.000550,29289.794063,0.058000
2026-08-19,12:34:35,0.125028,0.085614,0.000550,29289.794613,0.058000
2026-08-19,12:34:35,0.082077,0.085047,0.000550,29289.794613,0.058000
2026-08-19,12:34:36,0.082077,0.085068,0.000550,29289.795163,0.058000
2026-08-19,12:34:37,0.082077,0.085068,0.000550,29289.795713,0.058000
2026-08-19,12:34:37,0.188522,0.085068,0.000550,29289.795713,0.058000
2026-08-19,12:34:38,0.205194,0.085068,0.000550,29289.796263,0.058000
2026-08-19,12:34:39,0.181649,0.085068,0.000550,29289.796813,0.058000
2026-08-19,12:34:39,0.181649,0.085068,0.000550,29289.796813,0.058000
2026-08-19,12:34:40,0.188195,0.085068,0.000550,29289.797363,0.058000
2026-08-19,12:34:41,0.082497,0.083084,0.000550,29289.797913,0.058000
2026-08-19,12:34:41,0.123423,0.083084,0.000530,29289.797913,0.059000
2026-08-19,12:34:42,0.084008,0.083039,0.000550,29289.798443,0.059000
2026-08-19,12:34:43,0.084008,0.083039,0.000550,29289.798993,0.059000
2026-08-19,12:34:43,0.147014,0.083039,0.000550,29289.798993,0.059000
2026-08-19,12:34:44,0.127284,0.083039,0.000550,29289.799543,0.059000
2026-08-19,12:34:45,0.082077,0.082955,0.000550,29289.800093,0.059000
2026-08-19,12:34:45,0.082077,0.082913,0.000550,29289.800093,0.058000
2026-08-19,12:34:46,0.082077,0.082913,0.000530,29289.800643,0.058000
2026-08-19,12:34:47,0.123049,0.082913,0.000530,29289.801173,0.058000
2026-08-19,12:34:47,0.102657,0.082913,0.000530,29289.801173,0.058000
2026-08-19,12:34:48,0.086027,0.082913,0.000530,29289.801703,0.058000
2026-08-19,12:34:49,0.086027,0.082913,0.000530,29289.802233,0.058000
2026-08-19,12:34:49,0.117460,0.082913,0.000530,29289.802233,0.058000
2026-08-19,12:34:50,0.084229,0.082913,0.000530,29289.802763,0.058000
2026-08-19,12:34:51,0.113693,0.082913,0.000530,29289.803293,0.058000
2026-08-19,12:34:51,0.124383,0.082913,0.000530,29289.803293,0.058000
2026-08-19,12:34:52,0.124383,0.082913,0.000530,29289.803823,0.058000
2026-08-19,12:34:53,0.082922,0.082955,0.000530,29289.804353,0.058000
2026-08-19,12:34:53,0.095878,0.084230,0.000540,29289.804353,0.058000
2026-08-19,12:34:54,0.165844,0.084230,0.000540,29289.804893,0.058000
2026-08-19,12:34:55,0.165844,0.085992,0.000540,29289.805433,0.058000
2026-08-19,12:34:55,0.102079,0.085992,0.000550,29289.805433,0.058000
2026-08-19,12:34:56,0.083136,0.085883,0.000550,29289.805983,0.058000
2026-08-19,12:34:57,0.166272,0.085883,0.000550,29289.806533,0.059000
2026-08-19,12:34:57,0.145488,0.085883,0.000570,29289.806533,0.059000
2026-08-19,12:34:58,0.145488,0.085883,0.000570,29289.807103,0.059000
2026-08-19,12:34:59,0.157829,0.085883,0.000570,29289.807673,0.059000
2026-08-19,12:34:59,0.103920,0.088067,0.000580,29289.807673,0.059000
2026-08-19,12:35:00,0.103920,0.090252,0.000580,29289.808253,0.059000
2026-08-19,12:35:01,0.098399,0.091842,0.000600,29289.808853,0.059000
2026-08-19,12:35:01,0.098399,0.091842,0.000610,29289.808853,0.059000
2026-08-19,12:35:02,0.186732,0.091842,0.000610,29289.809463,0.059000
2026-08-19,12:35:03,0.105565,0.093998,0.000620,29289.810083,0.059000
2026-08-19,12:35:03,0.105565,0.096346,0.000640,29289.810083,0.059000
2026-08-19,12:35:04,0.105565,0.098451,0.000640,29289.810723,0.059000
2026-08-19,12:35:05,0.103121,0.098451,0.000650,29289.811373,0.059000
2026-08-19,12:35:05,0.123745,0.102533,0.000680,29289.811373,0.059000
2026-08-19,12:35:06,0.103121,0.103257,0.000680,29289.812053,0.059000
2026-08-19,12:35:07,0.103121,0.103362,0.000680,29289.812733,0.059000
2026-08-19,12:35:07,0.103121,0.107874,0.000710,29289.812733,0.059000
2026-08-19,12:35:08,0.128257,0.107874,0.000710,29289.813443,0.059000
2026-08-19,12:35:09,0.183040,0.107874,0.000710,29289.814153,0.059000
2026-08-19,12:35:09,0.123745,0.109856,0.000710,29289.814153,0.059000
2026-08-19,12:35:10,0.129546,0.112419,0.000730,29289.814883,0.059000
2026-08-19,12:35:11,0.129546,0.112419,0.000740,29289.815623,0.059000
2026-08-19,12:35:11,0.103121,0.112891,0.000740,29289.815623,0.059000
2026-08-19,12:35:12,0.103121,0.112646,0.000740,29289.816363,0.059000
2026-08-19,12:35:13,0.129868,0.115077,0.000760,29289.817123,0.059000
2026-08-19,12:35:13,0.129868,0.115077,0.000760,29289.817123,0.058000
2026-08-19,12:35:14,0.082497,0.115077,0.000740,29289.817863,0.058000
2026-08-19,12:35:15,0.103121,0.115077,0.000740,29289.818603,0.058000
2026-08-19,12:35:15,0.164672,0.115077,0.000740,29289.818603,0.058000
2026-08-19,12:35:16,0.151137,0.115077,0.000740,29289.819343,0.058000
2026-08-19,12:35:17,0.151137,0.113014,0.000730,29289.820073,0.058000
2026-08-19,12:35:17,0.082497,0.113014,0.000730,29289.820073,0.059000
2026-08-19,12:35:18,0.082497,0.108890,0.000720,29289.820793,0.059000
2026-08-19,12:35:19,0.126012,0.108890,0.000720,29289.821513,0.059000
2026-08-19,12:35:19,0.082287,0.106806,0.000720,29289.821513,0.058000
2026-08-19,12:35:20,0.082287,0.106806,0.000690,29289.822203,0.058000
2026-08-19,12:35:21,0.082287,0.104723,0.000670,29289.822873,0.058000
2026-08-19,12:35:21,0.082287,0.100126,0.000670,29289.822873,0.058000
2026-08-19,12:35:22,0.082287,0.095980,0.000620,29289.823493,0.058000
2026-08-19,12:35:23,0.082287,0.093311,0.000600,29289.824093,0.058000
2026-08-19,12:35:23,0.102858,0.093311,0.000600,29289.824093,0.058000
2026-08-19,12:35:24,0.102858,0.093285,0.000600,29289.824693,0.058000
2026-08-19,12:35:25,0.082287,0.091201,0.000590,29289.825283,0.058000
2026-08-19,12:35:25,0.189017,0.091201,0.000590,29289.825283,0.058000
2026-08-19,12:35:26,0.189017,0.091201,0.000590,29289.825873,0.058000
2026-08-19,12:35:27,0.163093,0.091201,0.000590,29289.825873,0.058000
2026-08-19,12:35:27,0.105010,0.088715,0.000570,29289.826443,0.058000
2026-08-19,12:35:28,0.105010,0.090967,0.000580,29289.827023,0.058000
2026-08-19,12:35:29,0.123423,0.095059,0.000580,29289.827023,0.058000
2026-08-19,12:35:29,0.123423,0.095059,0.000610,29289.827633,0.058000
2026-08-19,12:35:30,0.082497,0.095059,0.000610,29289.828243,0.058000
2026-08-19,12:35:31,0.162738,0.095059,0.000610,29289.828243,0.058000
2026-08-19,12:35:31,0.117300,0.095059,0.000610,29289.828853,0.058000
2026-08-19,12:35:32,0.117300,0.095059,0.000610,29289.829463,0.058000
2026-08-19,12:35:33,0.126348,0.095059,0.000610,29289.829463,0.058000
2026-08-19,12:35:33,0.084452,0.095276,0.000610,29289.830073,0.058000
2026-08-19,12:35:34,0.147461,0.095276,0.000610,29289.830683,0.058000
2026-08-19,12:35:35,0.103920,0.095276,0.000610,29289.830683,0.058000
2026-08-19,12:35:35,0.103920,0.095276,0.000610,29289.831293,0.058000
2026-08-19,12:35:36,0.103920,0.095276,0.000610,29289.831903,0.058000
2026-08-19,12:35:37,0.083136,0.095276,0.000610,29289.831903,0.058000
2026-08-19,12:35:37,0.124380,0.095276,0.000610,29289.832513,0.058000
2026-08-19,12:35:38,0.207516,0.095276,0.000610,29289.833123,0.058000
2026-08-19,12:35:39,0.207516,0.095276,0.000610,29289.833123,0.058000
2026-08-19,12:35:39,0.083136,0.095361,0.000610,29289.833733,0.058000
2026-08-19,12:35:40,0.101972,0.097329,0.000630,29289.834343,0.058000
2026-08-19,12:35:41,0.124704,0.101571,0.000630,29289.834343,0.058000
2026-08-19,12:35:41,0.124704,0.105834,0.000650,29289.834973,0.058000
2026-08-19,12:35:42,0.145488,0.105834,0.000680,29289.835623,0.058000
2026-08-19,12:35:43,0.103920,0.105940,0.000680,29289.835623,0.058000
2026-08-19,12:35:43,0.103920,0.108104,0.000700,29289.836303,0.058000
2026-08-19,12:35:44,0.083136,0.105916,0.000680,29289.837003,0.058000
2026-08-19,12:35:45,0.083136,0.105807,0.000680,29289.837003,0.058000
2026-08-19,12:35:45,0.103920,0.105807,0.000680,29289.837683,0.058000
2026-08-19,12:35:46,0.122187,0.105684,0.000680,29289.838363,0.058000
2026-08-19,12:35:47,0.101822,0.107421,0.000680,29289.838363,0.058000
2026-08-19,12:35:47,0.122187,0.111326,0.000720,29289.839043,0.058000
2026-08-19,12:35:48,0.122187,0.111326,0.000720,29289.839763,0.058000
2026-08-19,12:35:49,0.101822,0.111311,0.000720,29289.839763,0.058000
2026-08-19,12:35:49,0.103386,0.109179,0.000700,29289.840483,0.058000
2026-08-19,12:35:50,0.124063,0.107036,0.000700,29289.841183,0.058000
2026-08-19,12:35:51,0.124063,0.106983,0.000690,29289.841183,0.058000
2026-08-19,12:35:51,0.103386,0.106983,0.000690,29289.841873,0.058000
2026-08-19,12:35:52,0.103386,0.106930,0.000690,29289.842563,0.058000
2026-08-19,12:35:53,0.165417,0.106930,0.000690,29289.842563,0.058000
2026-08-19,12:35:53,0.082709,0.106887,0.000690,29289.843253,0.058000
2026-08-19,12:35:54,0.082709,0.106833,0.000690,29289.843943,0.058000
2026-08-19,12:35:55,0.103386,0.106833,0.000690,29289.843943,0.058000
2026-08-19,12:35:55,0.082709,0.102886,0.000660,29289.844633,0.058000
2026-08-19,12:35:56,0.124063,0.102886,0.000660,29289.845293,0.058000
2026-08-19,12:35:57,0.103386,0.102886,0.000660,29289.845293,0.058000
2026-08-19,12:35:57,0.103386,0.102886,0.000660,29289.845953,0.058000
2026-08-19,12:35:58,0.155079,0.102886,0.000660,29289.846613,0.058000
2026-08-19,12:35:59,0.124063,0.102886,0.000660,29289.846613,0.058000
2026-08-19,12:35:59,0.081254,0.100829,0.000650,29289.847273,0.058000
2026-08-19,12:36:00,0.081254,0.100829,0.000650,29289.847923,0.058000
2026-08-19,12:36:01,0.121881,0.100829,0.000650,29289.847923,0.058000
2026-08-19,12:36:01,0.140863,0.100829,0.000650,29289.848573,0.058000
2026-08-19,12:36:02,0.081663,0.096776,0.000650,29289.849223,0.058000
2026-08-19,12:36:03,0.142911,0.096776,0.000620,29289.849223,0.058000
2026-08-19,12:36:03,0.142911,0.096776,0.000620,29289.849843,0.058000
2026-08-19,12:36:04,0.103652,0.096776,0.000620,29289.850463,0.058000
2026-08-19,12:36:05,0.165196,0.096776,0.000620,29289.850463,0.058000
2026-08-19,12:36:05,0.110454,0.097640,0.000620,29289.851083,0.058000
2026-08-19,12:36:06,0.165520,0.097640,0.000630,29289.851713,0.058000
2026-08-19,12:36:07,0.165520,0.097640,0.000610,29289.851713,0.058000
2026-08-19,12:36:07,0.082922,0.095593,0.000610,29289.852323,0.058000
2026-08-19,12:36:08,0.145113,0.095593,0.000610,29289.852933,0.058000
2026-08-19,12:36:09,0.124383,0.095593,0.000610,29289.852933,0.058000
2026-08-19,12:36:09,0.124383,0.095593,0.000610,29289.853543,0.058000
2026-08-19,12:36:10,0.165844,0.095593,0.000610,29289.854153,0.058000
2026-08-19,12:36:11,0.124383,0.095593,0.000610,29289.854153,0.058000
2026-08-19,12:36:11,0.094907,0.095593,0.000610,29289.854763,0.058000
2026-08-19,12:36:12,0.144789,0.095593,0.000610,29289.855373,0.058000
2026-08-19,12:36:13,0.144789,0.095593,0.000610,29289.855373,0.058000
2026-08-19,12:36:13,0.124059,0.095593,0.000610,29289.855983,0.058000
2026-08-19,12:36:14,0.103652,0.095593,0.000610,29289.856593,0.058000
2026-08-19,12:36:15,0.082922,0.095593,0.000610,29289.856593,0.058000
2026-08-19,12:36:15,0.124383,0.095593,0.000610,29289.857203,0.058000
2026-08-19,12:36:16,0.124383,0.095593,0.000610,29289.857813,0.058000
2026-08-19,12:36:17,0.124383,0.095593,0.000610,29289.857813,0.058000
2026-08-19,12:36:17,0.124059,0.095593,0.000610,29289.858423,0.058000
2026-08-19,12:36:18,0.120172,0.095593,0.000610,29289.859033,0.058000
2026-08-19,12:36:19,0.120172,0.091479,0.000610,29289.859033,0.058000
2026-08-19,12:36:19,0.082922,0.091479,0.000590,29289.859623,0.058000
2026-08-19,12:36:20,0.124059,0.091479,0.000590,29289.860213,0.058000
2026-08-19,12:36:21,0.168458,0.091479,0.000590,29289.860213,0.058000
2026-08-19,12:36:21,0.082922,0.089433,0.000590,29289.860803,0.058000
2026-08-19,12:36:22,0.082922,0.089433,0.000570,29289.861373,0.058000
2026-08-19,12:36:23,0.158070,0.089433,0.000570,29289.861373,0.058000
2026-08-19,12:36:23,0.124059,0.089433,0.000570,29289.861943,0.058000
2026-08-19,12:36:24,0.082922,0.087386,0.000560,29289.862503,0.058000
2026-08-19,12:36:25,0.082922,0.087407,0.000560,29289.862503,0.058000
2026-08-19,12:36:25,0.082922,0.087407,0.000560,29289.863063,0.058000
2026-08-19,12:36:26,0.124383,0.087407,0.000560,29289.863623,0.058000
2026-08-19,12:36:27,0.165844,0.087407,0.000560,29289.863623,0.058000
2026-08-19,12:36:27,0.124383,0.087407,0.000560,29289.864183,0.058000
2026-08-19,12:36:28,0.124383,0.087407,0.000560,29289.864743,0.058000
2026-08-19,12:36:29,0.122176,0.087407,0.000560,29289.864743,0.058000
2026-08-19,12:36:29,0.163326,0.087407,0.000560,29289.865303,0.058000
2026-08-19,12:36:30,0.166704,0.087407,0.000560,29289.865863,0.058000
2026-08-19,12:36:31,0.083352,0.085404,0.000560,29289.865863,0.058000
2026-08-19,12:36:31,0.083352,0.087552,0.000550,29289.866423,0.058000
2026-08-19,12:36:32,0.104190,0.087552,0.000550,29289.866973,0.058000
2026-08-19,12:36:33,0.187542,0.087552,0.000560,29289.866973,0.058000
2026-08-19,12:36:33,0.082077,0.087635,0.000560,29289.867533,0.058000
2026-08-19,12:36:34,0.102597,0.089728,0.000560,29289.868093,0.058000
2026-08-19,12:36:35,0.102597,0.089728,0.000580,29289.868093,0.058000
2026-08-19,12:36:35,0.102597,0.088942,0.000570,29289.868673,0.058000
2026-08-19,12:36:36,0.104735,0.091123,0.000570,29289.869243,0.058000
2026-08-19,12:36:37,0.137137,0.091123,0.000590,29289.869243,0.058000
2026-08-19,12:36:37,0.137137,0.091123,0.000590,29289.869833,0.058000
2026-08-19,12:36:38,0.114108,0.091123,0.000590,29289.870423,0.058000
2026-08-19,12:36:39,0.170359,0.091123,0.000590,29289.870423,0.058000
2026-08-19,12:36:39,0.083788,0.091210,0.000590,29289.871013,0.058000
2026-08-19,12:36:40,0.113572,0.091210,0.000590,29289.871603,0.058000
2026-08-19,12:36:41,0.113572,0.091210,0.000590,29289.871603,0.058000
2026-08-19,12:36:41,0.148124,0.091210,0.000590,29289.872193,0.058000
2026-08-19,12:36:42,0.104190,0.091210,0.000590,29289.872783,0.058000
2026-08-19,12:36:43,0.166704,0.091210,0.000590,29289.872783,0.058000
2026-08-19,12:36:43,0.083352,0.091253,0.000590,29289.873373,0.058000
2026-08-19,12:36:44,0.083352,0.091253,0.000590,29289.873963,0.058000
2026-08-19,12:36:45,0.083352,0.091296,0.000590,29289.873963,0.058000
2026-08-19,12:36:45,0.125028,0.091296,0.000590,29289.874553,0.058000
2026-08-19,12:36:46,0.114283,0.091296,0.000590,29289.875143,0.058000
2026-08-19,12:36:47,0.114283,0.091296,0.000590,29289.875143,0.058000
2026-08-19,12:36:47,0.083352,0.091296,0.000590,29289.875733,0.058000
2026-08-19,12:36:48,0.142233,0.091296,0.000590,29289.876323,0.058000
2026-08-19,12:36:49,0.125027,0.091296,0.000590,29289.876323,0.058000
2026-08-19,12:36:49,0.144740,0.091296,0.000590,29289.876913,0.058000
2026-08-19,12:36:50,0.144740,0.091296,0.000590,29289.877503,0.058000
2026-08-19,12:36:51,0.186095,0.091296,0.000590,29289.877503,0.058000
2026-08-19,12:36:51,0.126344,0.091296,0.000590,29289.878093,0.058000
2026-08-19,12:36:52,0.181248,0.091296,0.000590,29289.878683,0.058000
2026-08-19,12:36:53,0.103386,0.093343,0.000600,29289.878683,0.058000
2026-08-19,12:36:53,0.103386,0.093343,0.000600,29289.879283,0.058000
2026-08-19,12:36:54,0.103386,0.095346,0.000610,29289.879893,0.058000
2026-08-19,12:36:55,0.144740,0.095346,0.000610,29289.879893,0.058000
2026-08-19,12:36:55,0.146032,0.095346,0.000610,29289.880503,0.058000
2026-08-19,12:36:56,0.146032,0.095346,0.000610,29289.881113,0.058000
2026-08-19,12:36:57,0.103386,0.095346,0.000610,29289.881113,0.058000
2026-08-19,12:36:57,0.102459,0.095346,0.000610,29289.881723,0.058000
2026-08-19,12:36:58,0.104735,0.095346,0.000610,29289.882333,0.058000
2026-08-19,12:36:59,0.125682,0.095346,0.000610,29289.882333,0.058000
2026-08-19,12:36:59,0.125682,0.095346,0.000610,29289.882943,0.058000
2026-08-19,12:37:00,0.106411,0.095346,0.000610,29289.883553,0.058000
2026-08-19,12:37:01,0.085129,0.095346,0.000610,29289.883553,0.058000
2026-08-19,12:37:01,0.167248,0.095346,0.000610,29289.884163,0.058000
2026-08-19,12:37:02,0.117053,0.096632,0.000610,29289.884773,0.058000
2026-08-19,12:37:03,0.117053,0.096632,0.000630,29289.884773,0.058000
2026-08-19,12:37:03,0.101822,0.098607,0.000630,29289.885403,0.058000
2026-08-19,12:37:04,0.121869,0.100534,0.000650,29289.886053,0.058000
2026-08-19,12:37:05,0.081458,0.100534,0.000650,29289.886053,0.058000
2026-08-19,12:37:05,0.081458,0.102875,0.000650,29289.886703,0.058000
2026-08-19,12:37:06,0.126012,0.102875,0.000660,29289.887363,0.058000
2026-08-19,12:37:07,0.084008,0.102875,0.000660,29289.887363,0.058000
2026-08-19,12:37:07,0.146685,0.102875,0.000660,29289.888023,0.058000
2026-08-19,12:37:08,0.144370,0.102875,0.000660,29289.888683,0.058000
2026-08-19,12:37:09,0.144370,0.100652,0.000660,29289.888683,0.058000
2026-08-19,12:37:09,0.082497,0.100652,0.000650,29289.889333,0.058000
2026-08-19,12:37:10,0.144047,0.100652,0.000650,29289.889983,0.058000
2026-08-19,12:37:11,0.082497,0.100522,0.000650,29289.889983,0.058000
2026-08-19,12:37:11,0.082497,0.100437,0.000650,29289.890633,0.058000
2026-08-19,12:37:12,0.082497,0.100437,0.000650,29289.891283,0.058000
2026-08-19,12:37:13,0.103121,0.102414,0.000650,29289.891283,0.058000
2026-08-19,12:37:13,0.088298,0.100905,0.000650,29289.891933,0.058000
2026-08-19,12:37:14,0.088942,0.099461,0.000640,29289.892573,0.058000
2026-08-19,12:37:15,0.088942,0.099461,0.000640,29289.892573,0.058000
2026-08-19,12:37:15,0.164994,0.099461,0.000640,29289.893213,0.058000
2026-08-19,12:37:16,0.100543,0.097810,0.000630,29289.893843,0.058000
2026-08-19,12:37:17,0.082497,0.095877,0.000630,29289.893843,0.058000
2026-08-19,12:37:17,0.119136,0.095877,0.000620,29289.894463,0.058000
2026-08-19,12:37:18,0.119136,0.095877,0.000620,29289.895083,0.058000
2026-08-19,12:37:19,0.125354,0.095877,0.000620,29289.895083,0.058000
2026-08-19,12:37:19,0.129356,0.095877,0.000620,29289.895703,0.058000
2026-08-19,12:37:20,0.082922,0.091982,0.000590,29289.896293,0.058000
2026-08-19,12:37:21,0.145113,0.091982,0.000590,29289.896293,0.058000
2026-08-19,12:37:21,0.145113,0.091982,0.000590,29289.896883,0.058000
2026-08-19,12:37:22,0.082922,0.087674,0.000560,29289.897443,0.058000
2026-08-19,12:37:23,0.103652,0.089789,0.000560,29289.897443,0.058000
2026-08-19,12:37:23,0.145113,0.089789,0.000580,29289.898023,0.058000
2026-08-19,12:37:24,0.145113,0.089789,0.000580,29289.898603,0.058000
2026-08-19,12:37:25,0.183742,0.089789,0.000580,29289.898603,0.058000
2026-08-19,12:37:25,0.083136,0.089853,0.000580,29289.899183,0.058000
2026-08-19,12:37:26,0.103920,0.091995,0.000590,29289.899773,0.058000
2026-08-19,12:37:27,0.102079,0.091891,0.000590,29289.899773,0.058000
2026-08-19,12:37:27,0.102079,0.091891,0.000590,29289.900363,0.058000
2026-08-19,12:37:28,0.142911,0.091891,0.000590,29289.900953,0.058000
2026-08-19,12:37:29,0.122495,0.091891,0.000590,29289.900953,0.058000
2026-08-19,12:37:29,0.081663,0.091228,0.000590,29289.901543,0.058000
2026-08-19,12:37:30,0.107446,0.091228,0.000590,29289.902133,0.058000
2026-08-19,12:37:31,0.107446,0.091228,0.000590,29289.902133,0.058000
2026-08-19,12:37:31,0.125028,0.091228,0.000590,29289.902723,0.058000
2026-08-19,12:37:32,0.166704,0.091228,0.000590,29289.903313,0.058000
2026-08-19,12:37:33,0.166704,0.091228,0.000590,29289.903313,0.058000
2026-08-19,12:37:33,0.166704,0.093241,0.000600,29289.903903,0.058000
2026-08-19,12:37:34,0.109074,0.093241,0.000600,29289.904503,0.058000
2026-08-19,12:37:35,0.104190,0.093606,0.000600,29289.904503,0.058000
2026-08-19,12:37:35,0.145866,0.093606,0.000600,29289.905103,0.058000
2026-08-19,12:37:36,0.125028,0.093606,0.000600,29289.905703,0.058000
2026-08-19,12:37:37,0.125028,0.093606,0.000600,29289.905703,0.058000
2026-08-19,12:37:37,0.139354,0.093606,0.000600,29289.906303,0.058000
2026-08-19,12:37:38,0.083352,0.093691,0.000600,29289.906903,0.058000
2026-08-19,12:37:39,0.104190,0.095818,0.000620,29289.906903,0.058000
2026-08-19,12:37:39,0.083352,0.095861,0.000620,29289.907523,0.058000
2026-08-19,12:37:40,0.083352,0.095861,0.000620,29289.908143,0.058000
2026-08-19,12:37:41,0.102337,0.095729,0.000620,29289.908143,0.058000
2026-08-19,12:37:41,0.081870,0.095603,0.000610,29289.908763,0.058000
2026-08-19,12:37:42,0.081870,0.093398,0.000610,29289.909373,0.058000
2026-08-19,12:37:43,0.081870,0.093582,0.000600,29289.909373,0.058000
2026-08-19,12:37:43,0.103920,0.093582,0.000600,29289.909973,0.058000
2026-08-19,12:37:44,0.083136,0.093729,0.000600,29289.910573,0.058000
2026-08-19,12:37:45,0.120807,0.093729,0.000600,29289.910573,0.058000
2026-08-19,12:37:45,0.103920,0.093729,0.000600,29289.911173,0.058000
2026-08-19,12:37:46,0.103920,0.093729,0.000600,29289.911773,0.058000
2026-08-19,12:37:47,0.081870,0.093729,0.000600,29289.911773,0.058000
2026-08-19,12:37:47,0.129201,0.093729,0.000600,29289.912373,0.058000
2026-08-19,12:37:48,0.211691,0.093729,0.000600,29289.912973,0.058000
2026-08-19,12:37:49,0.119540,0.094776,0.000610,29289.912973,0.058000
2026-08-19,12:37:49,0.119540,0.094776,0.000610,29289.913583,0.058000
2026-08-19,12:37:50,0.144740,0.098831,0.000640,29289.914223,0.058000
2026-08-19,12:37:51,0.186095,0.109105,0.000700,29289.914223,0.058000
2026-08-19,12:37:51,0.103386,0.109105,0.000700,29289.914923,0.058000
2026-08-19,12:37:52,0.103386,0.109105,0.000700,29289.915623,0.058000
2026-08-19,12:37:53,0.103386,0.109105,0.000700,29289.915623,0.058000
2026-08-19,12:37:53,0.124063,0.109105,0.000700,29289.916323,0.058000
2026-08-19,12:37:54,0.118248,0.109105,0.000700,29289.917023,0.058000
2026-08-19,12:37:55,0.082709,0.106957,0.000690,29289.917023,0.058000
2026-08-19,12:37:55,0.082709,0.106957,0.000690,29289.917713,0.058000
2026-08-19,12:37:56,0.124063,0.106957,0.000690,29289.918403,0.058000
2026-08-19,12:37:57,0.085616,0.107183,0.000690,29289.918403,0.058000
2026-08-19,12:37:57,0.103386,0.107288,0.000690,29289.919093,0.058000
2026-08-19,12:37:58,0.188679,0.107288,0.000690,29289.919783,0.058000
2026-08-19,12:37:59,0.188679,0.107288,0.000720,29289.919783,0.058000
2026-08-19,12:37:59,0.124063,0.111507,0.000720,29289.920503,0.058000
2026-08-19,12:38:00,0.103386,0.113659,0.000730,29289.921233,0.058000
2026-08-19,12:38:01,0.103386,0.113606,0.000730,29289.921233,0.058000
2026-08-19,12:38:01,0.103386,0.113563,0.000730,29289.921963,0.058000
2026-08-19,12:38:02,0.082709,0.113563,0.000730,29289.922693,0.058000
2026-08-19,12:38:03,0.094986,0.111107,0.000710,29289.922693,0.058000
2026-08-19,12:38:03,0.082709,0.104904,0.000710,29289.923403,0.058000
2026-08-19,12:38:04,0.119540,0.104904,0.000670,29289.924073,0.058000
2026-08-19,12:38:05,0.119540,0.104904,0.000670,29289.924073,0.059000
2026-08-19,12:38:05,0.103386,0.104904,0.000690,29289.924763,0.059000
2026-08-19,12:38:06,0.124063,0.104904,0.000690,29289.925453,0.059000
2026-08-19,12:38:07,0.124063,0.104904,0.000690,29289.925453,0.059000
2026-08-19,12:38:07,0.122125,0.104904,0.000690,29289.926143,0.059000
2026-08-19,12:38:08,0.122125,0.104904,0.000690,29289.926833,0.059000
2026-08-19,12:38:09,0.127940,0.104904,0.000690,29289.926833,0.059000
2026-08-19,12:38:09,0.124063,0.104904,0.000690,29289.927523,0.059000
2026-08-19,12:38:10,0.144417,0.104904,0.000690,29289.928213,0.059000
2026-08-19,12:38:11,0.144417,0.104904,0.000690,29289.928213,0.059000
2026-08-19,12:38:11,0.144417,0.104904,0.000690,29289.928903,0.059000
2026-08-19,12:38:12,0.082709,0.094566,0.000620,29289.929523,0.059000
2026-08-19,12:38:13,0.144740,0.094566,0.000620,29289.929523,0.059000
2026-08-19,12:38:13,0.082709,0.094566,0.000620,29289.930143,0.059000
2026-08-19,12:38:14,0.082709,0.096343,0.000640,29289.930783,0.059000
2026-08-19,12:38:15,0.103386,0.096343,0.000640,29289.930783,0.059000
2026-08-19,12:38:15,0.082709,0.094275,0.000620,29289.931403,0.059000
2026-08-19,12:38:16,0.124063,0.094275,0.000610,29289.932013,0.058000
2026-08-19,12:38:17,0.085129,0.090382,0.000610,29289.932013,0.058000
2026-08-19,12:38:17,0.085129,0.090382,0.000580,29289.932593,0.058000
2026-08-19,12:38:18,0.082497,0.088293,0.000570,29289.933163,0.058000
2026-08-19,12:38:19,0.082497,0.086204,0.000570,29289.933163,0.058000
2026-08-19,12:38:19,0.123745,0.086204,0.000550,29289.933713,0.058000
2026-08-19,12:38:20,0.123745,0.086455,0.000560,29289.934273,0.058000
2026-08-19,12:38:21,0.085216,0.086455,0.000560,29289.934273,0.058000
2026-08-19,12:38:21,0.147072,0.086455,0.000560,29289.934833,0.058000
2026-08-19,12:38:22,0.082287,0.085185,0.000550,29289.935383,0.058000
2026-08-19,12:38:23,0.143680,0.085185,0.000550,29289.935383,0.058000
2026-08-19,12:38:23,0.143680,0.085185,0.000550,29289.935933,0.058000
2026-08-19,12:38:24,0.102858,0.085185,0.000550,29289.936483,0.058000
2026-08-19,12:38:25,0.105286,0.085185,0.000550,29289.936483,0.058000
2026-08-19,12:38:25,0.164839,0.085185,0.000550,29289.937033,0.058000
2026-08-19,12:38:26,0.103641,0.087278,0.000550,29289.937593,0.058000
2026-08-19,12:38:27,0.103641,0.087278,0.000560,29289.937593,0.058000
2026-08-19,12:38:27,0.142952,0.087278,0.000560,29289.938153,0.058000
2026-08-19,12:38:28,0.122485,0.087278,0.000560,29289.938153,0.058000
2026-08-19,12:38:29,0.102337,0.087278,0.000560,29289.938713,0.058000
2026-08-19,12:38:29,0.102337,0.087278,0.000560,29289.939273,0.058000
2026-08-19,12:38:30,0.184207,0.087278,0.000560,29289.939273,0.058000
2026-08-19,12:38:30,0.126012,0.087278,0.000560,29289.939833,0.058000
2026-08-19,12:38:31,0.113724,0.087278,0.000560,29289.940393,0.058000
2026-08-19,12:38:32,0.110222,0.087278,0.000560,29289.940393,0.058000
2026-08-19,12:38:32,0.110222,0.087278,0.000560,29289.940953,0.058000
2026-08-19,12:38:33,0.084229,0.087278,0.000560,29289.941513,0.058000
2026-08-19,12:38:34,0.168458,0.087278,0.000560,29289.941513,0.058000
2026-08-19,12:38:34,0.126015,0.087278,0.000560,29289.942073,0.058000
2026-08-19,12:38:35,0.126015,0.087430,0.000560,29289.942633,0.058000
2026-08-19,12:38:36,0.084229,0.087430,0.000560,29289.942633,0.058000
2026-08-19,12:38:36,0.123423,0.087430,0.000560,29289.943193,0.058000
2026-08-19,12:38:37,0.123745,0.087430,0.000560,29289.943753,0.058000
2026-08-19,12:38:38,0.185618,0.087430,0.000560,29289.943753,0.058000
2026-08-19,12:38:38,0.185618,0.089471,0.000560,29289.944313,0.058000
2026-08-19,12:38:39,0.103121,0.089471,0.000560,29289.944873,0.058000
2026-08-19,12:38:40,0.082497,0.087382,0.000560,29289.944873,0.058000
2026-08-19,12:38:40,0.082497,0.087361,0.000560,29289.945433,0.058000
2026-08-19,12:38:41,0.082497,0.087098,0.000560,29289.945993,0.058000
2026-08-19,12:38:42,0.082497,0.087098,0.000560,29289.945993,0.058000
2026-08-19,12:38:42,0.123745,0.087098,0.000560,29289.946553,0.058000
2026-08-19,12:38:43,0.082497,0.087098,0.000560,29289.947113,0.058000
2026-08-19,12:38:44,0.206242,0.087098,0.000560,29289.947113,0.058000
2026-08-19,12:38:44,0.206242,0.089160,0.000570,29289.947673,0.059000
2026-08-19,12:38:45,0.103121,0.089160,0.000570,29289.948243,0.059000
2026-08-19,12:38:46,0.082497,0.088888,0.000590,29289.948243,0.059000
2026-08-19,12:38:46,0.103121,0.090972,0.000600,29289.948833,0.059000
2026-08-19,12:38:47,0.144047,0.090972,0.000600,29289.949433,0.059000
2026-08-19,12:38:48,0.144047,0.088986,0.000600,29289.949433,0.059000
2026-08-19,12:38:48,0.083786,0.088986,0.000590,29289.950033,0.058000
2026-08-19,12:38:49,0.103121,0.090876,0.000590,29289.950623,0.058000
2026-08-19,12:38:50,0.123745,0.092938,0.000600,29289.950623,0.059000
2026-08-19,12:38:50,0.126678,0.097356,0.000640,29289.951223,0.059000
2026-08-19,12:38:51,0.126678,0.097356,0.000640,29289.951863,0.059000
2026-08-19,12:38:52,0.126348,0.101741,0.000670,29289.951863,0.059000
2026-08-19,12:38:52,0.082287,0.101741,0.000670,29289.952533,0.059000
2026-08-19,12:38:53,0.120858,0.105577,0.000670,29289.953203,0.059000
2026-08-19,12:38:54,0.120858,0.107613,0.000700,29289.953203,0.059000
2026-08-19,12:38:54,0.102858,0.107613,0.000730,29289.953903,0.059000
2026-08-19,12:38:55,0.125027,0.109804,0.000730,29289.954633,0.059000
2026-08-19,12:38:56,0.104461,0.112001,0.000740,29289.954633,0.059000
2026-08-19,12:38:56,0.125027,0.114191,0.000740,29289.955373,0.059000
2026-08-19,12:38:57,0.125027,0.116259,0.000750,29289.956123,0.059000
2026-08-19,12:38:58,0.104461,0.116259,0.000770,29289.956123,0.059000
2026-08-19,12:38:58,0.123108,0.118257,0.000770,29289.956893,0.059000
2026-08-19,12:38:59,0.082287,0.118257,0.000780,29289.957673,0.059000
2026-08-19,12:39:00,0.082287,0.118257,0.000780,29289.957673,0.059000
2026-08-19,12:39:00,0.082287,0.118257,0.000780,29289.958453,0.059000
2026-08-19,12:39:01,0.205716,0.118257,0.000780,29289.959233,0.059000
2026-08-19,12:39:02,0.082287,0.118257,0.000780,29289.959233,0.059000
2026-08-19,12:39:02,0.083569,0.118257,0.000780,29289.960013,0.059000
2026-08-19,12:39:03,0.083569,0.118194,0.000780,29289.960793,0.059000
2026-08-19,12:39:04,0.123108,0.118194,0.000780,29289.960793,0.059000
2026-08-19,12:39:04,0.125354,0.118061,0.000780,29289.961573,0.059000
2026-08-19,12:39:05,0.101822,0.115609,0.000760,29289.962333,0.059000
2026-08-19,12:39:06,0.223691,0.115609,0.000760,29289.962333,0.059000
2026-08-19,12:39:06,0.223691,0.111858,0.000760,29289.963093,0.059000
2026-08-19,12:39:07,0.083352,0.111858,0.000740,29289.963833,0.058000
2026-08-19,12:39:08,0.084676,0.110040,0.000710,29289.963833,0.058000
2026-08-19,12:39:08,0.127014,0.110040,0.000710,29289.964543,0.058000
2026-08-19,12:39:09,0.127014,0.110040,0.000710,29289.965253,0.058000
2026-08-19,12:39:10,0.127014,0.110040,0.000710,29289.965253,0.058000
2026-08-19,12:39:10,0.103920,0.110040,0.000710,29289.965963,0.058000
2026-08-19,12:39:11,0.186732,0.110040,0.000710,29289.966673,0.058000
2026-08-19,12:39:12,0.172443,0.110040,0.000710,29289.966673,0.058000
2026-08-19,12:39:12,0.172443,0.110040,0.000710,29289.967383,0.058000
2026-08-19,12:39:13,0.145488,0.110040,0.000710,29289.968093,0.058000
2026-08-19,12:39:14,0.108142,0.110040,0.000710,29289.968093,0.058000
2026-08-19,12:39:14,0.081870,0.110040,0.000710,29289.968803,0.058000
2026-08-19,12:39:15,0.163419,0.110040,0.000710,29289.969513,0.058000
2026-08-19,12:39:16,0.163419,0.110040,0.000710,29289.969513,0.058000
2026-08-19,12:39:16,0.192202,0.110040,0.000710,29289.970223,0.059000
2026-08-19,12:39:17,0.081870,0.105724,0.000700,29289.970923,0.059000
2026-08-19,12:39:18,0.122485,0.105724,0.000700,29289.970923,0.059000
2026-08-19,12:39:18,0.102337,0.105724,0.000700,29289.971623,0.059000
2026-08-19,12:39:19,0.102337,0.105724,0.000700,29289.972323,0.059000
2026-08-19,12:39:20,0.081870,0.105724,0.000700,29289.972323,0.059000
2026-08-19,12:39:20,0.158303,0.105724,0.000700,29289.973023,0.059000
2026-08-19,12:39:21,0.083569,0.103635,0.000680,29289.973703,0.059000
2026-08-19,12:39:22,0.083569,0.103635,0.000680,29289.973703,0.059000
2026-08-19,12:39:22,0.119804,0.103635,0.000680,29289.974383,0.059000
2026-08-19,12:39:23,0.145920,0.103635,0.000680,29289.975063,0.059000
2026-08-19,12:39:24,0.082077,0.099340,0.000680,29289.975063,0.059000
2026-08-19,12:39:24,0.102597,0.099153,0.000660,29289.975723,0.059000
2026-08-19,12:39:25,0.102597,0.097102,0.000640,29289.976363,0.059000
2026-08-19,12:39:26,0.102597,0.097102,0.000640,29289.976363,0.059000
2026-08-19,12:39:26,0.123116,0.097103,0.000640,29289.977003,0.059000
2026-08-19,12:39:27,0.125682,0.097136,0.000640,29289.977643,0.059000
2026-08-19,12:39:28,0.106698,0.097623,0.000640,29289.977643,0.059000
2026-08-19,12:39:28,0.106698,0.097623,0.000640,29289.978283,0.059000
2026-08-19,12:39:29,0.123430,0.101631,0.000670,29289.978953,0.059000
2026-08-19,12:39:30,0.176466,0.101631,0.000670,29289.978953,0.059000
2026-08-19,12:39:30,0.119894,0.105153,0.000690,29289.979623,0.059000
2026-08-19,12:39:31,0.119894,0.107252,0.000710,29289.980313,0.059000
2026-08-19,12:39:32,0.102858,0.107252,0.000710,29289.980313,0.059000
2026-08-19,12:39:32,0.171966,0.107252,0.000710,29289.981023,0.059000
2026-08-19,12:39:33,0.125682,0.107252,0.000690,29289.981733,0.058000
2026-08-19,12:39:34,0.114400,0.107252,0.000690,29289.981733,0.058000
2026-08-19,12:39:34,0.114400,0.107252,0.000690,29289.982423,0.058000
2026-08-19,12:39:35,0.082497,0.107252,0.000690,29289.983113,0.058000
2026-08-19,12:39:36,0.100543,0.107252,0.000690,29289.983113,0.058000
2026-08-19,12:39:36,0.103121,0.107252,0.000690,29289.983803,0.058000
2026-08-19,12:39:37,0.199797,0.107252,0.000690,29289.984493,0.058000
2026-08-19,12:39:38,0.199797,0.107252,0.000690,29289.984493,0.058000
2026-08-19,12:39:38,0.103121,0.109207,0.000700,29289.985183,0.058000
2026-08-19,12:39:39,0.126001,0.113599,0.000700,29289.985883,0.058000
2026-08-19,12:39:40,0.123423,0.115682,0.000730,29289.985883,0.058000
2026-08-19,12:39:40,0.123423,0.115682,0.000740,29289.986613,0.058000
2026-08-19,12:39:41,0.168216,0.115682,0.000740,29289.987353,0.059000
2026-08-19,12:39:42,0.185618,0.115682,0.000760,29289.987353,0.059000
2026-08-19,12:39:42,0.109888,0.116411,0.000770,29289.988113,0.059000
2026-08-19,12:39:43,0.123423,0.116442,0.000770,29289.988883,0.059000
2026-08-19,12:39:44,0.123423,0.116442,0.000770,29289.988883,0.059000
2026-08-19,12:39:44,0.082497,0.116442,0.000770,29289.989653,0.059000
2026-08-19,12:39:45,0.137859,0.117660,0.000770,29289.990423,0.059000
2026-08-19,12:39:46,0.143680,0.121358,0.000800,29289.990423,0.059000
2026-08-19,12:39:46,0.105010,0.119516,0.000790,29289.991223,0.059000
2026-08-19,12:39:47,0.105010,0.119516,0.000790,29289.992013,0.059000
2026-08-19,12:39:48,0.137825,0.119516,0.000790,29289.992013,0.059000
2026-08-19,12:39:48,0.124063,0.119516,0.000790,29289.992803,0.059000
2026-08-19,12:39:49,0.123740,0.119516,0.000790,29289.993593,0.059000
2026-08-19,12:39:50,0.123740,0.119516,0.000790,29289.993593,0.059000
2026-08-19,12:39:50,0.115017,0.119516,0.000790,29289.994383,0.059000
2026-08-19,12:39:51,0.082709,0.119516,0.000790,29289.995173,0.059000
2026-08-19,12:39:52,0.082709,0.119516,0.000790,29289.995173,0.059000
2026-08-19,12:39:52,0.101568,0.119516,0.000790,29289.995963,0.059000
2026-08-19,12:39:53,0.101568,0.119516,0.000790,29289.996753,0.059000
2026-08-19,12:39:54,0.103386,0.119516,0.000790,29289.996753,0.059000
2026-08-19,12:39:54,0.124063,0.119516,0.000790,29289.997543,0.059000
2026-08-19,12:39:55,0.082709,0.119516,0.000790,29289.998333,0.059000
2026-08-19,12:39:56,0.124063,0.119933,0.000790,29289.998333,0.059000
2026-08-19,12:39:56,0.124063,0.119933,0.000790,29289.999123,0.059000
2026-08-19,12:39:57,0.121869,0.121834,0.000810,29289.999933,0.059000
2026-08-19,12:39:58,0.108423,0.122364,0.000810,29289.999933,0.059000
2026-08-19,12:39:58,0.104190,0.120183,0.000810,29290.000743,0.059000
2026-08-19,12:39:59,0.104190,0.118260,0.000790,29290.001533,0.059000
2026-08-19,12:40:00,0.104190,0.118260,0.000780,29290.001533,0.059000
2026-08-19,12:40:00,0.154657,0.118260,0.000780,29290.002313,0.059000
2026-08-19,12:40:01,0.104190,0.117690,0.000780,29290.003093,0.059000
2026-08-19,12:40:02,0.104190,0.115766,0.000760,29290.003093,0.059000
2026-08-19,12:40:02,0.104190,0.110316,0.000760,29290.003853,0.059000
2026-08-19,12:40:03,0.083352,0.110316,0.000730,29290.004583,0.059000
2026-08-19,12:40:04,0.145866,0.110316,0.000730,29290.004583,0.059000
2026-08-19,12:40:04,0.122796,0.110316,0.000730,29290.005313,0.059000
2026-08-19,12:40:05,0.102597,0.110316,0.000730,29290.006043,0.059000
2026-08-19,12:40:06,0.102597,0.110316,0.000730,29290.006043,0.059000
2026-08-19,12:40:06,0.083360,0.110316,0.000730,29290.006773,0.059000
2026-08-19,12:40:07,0.102597,0.110316,0.000730,29290.007503,0.059000
2026-08-19,12:40:08,0.125027,0.110316,0.000730,29290.007503,0.059000
2026-08-19,12:40:08,0.125027,0.110316,0.000730,29290.008233,0.059000
2026-08-19,12:40:09,0.132209,0.110316,0.000730,29290.008963,0.059000
2026-08-19,12:40:10,0.082077,0.104155,0.000690,29290.008963,0.059000
2026-08-19,12:40:10,0.123116,0.104155,0.000690,29290.009653,0.059000
2026-08-19,12:40:11,0.163834,0.104155,0.000690,29290.010343,0.059000
2026-08-19,12:40:12,0.163834,0.101862,0.000690,29290.010343,0.059000
2026-08-19,12:40:12,0.082077,0.101862,0.000670,29290.011013,0.059000
2026-08-19,12:40:13,0.130021,0.101862,0.000670,29290.011683,0.059000
2026-08-19,12:40:14,0.107076,0.101862,0.000670,29290.011683,0.059000
2026-08-19,12:40:14,0.091432,0.101862,0.000670,29290.012353,0.059000
2026-08-19,12:40:15,0.091432,0.101862,0.000670,29290.013023,0.059000
2026-08-19,12:40:16,0.156371,0.101862,0.000670,29290.013023,0.059000
2026-08-19,12:40:16,0.165417,0.101862,0.000670,29290.013693,0.059000
2026-08-19,12:40:17,0.144417,0.101862,0.000670,29290.014363,0.059000
2026-08-19,12:40:18,0.144417,0.097727,0.000670,29290.014363,0.059000
2026-08-19,12:40:18,0.082709,0.097727,0.000640,29290.015003,0.059000
2026-08-19,12:40:19,0.103386,0.095878,0.000630,29290.015633,0.059000
2026-08-19,12:40:20,0.124063,0.097442,0.000630,29290.015633,0.059000
2026-08-19,12:40:20,0.186095,0.097442,0.000640,29290.016273,0.059000
2026-08-19,12:40:21,0.186095,0.097442,0.000640,29290.016913,0.059000
2026-08-19,12:40:22,0.167687,0.097442,0.000640,29290.016913,0.058000
2026-08-19,12:40:22,0.084008,0.095424,0.000610,29290.017523,0.058000
2026-08-19,12:40:23,0.168015,0.095424,0.000610,29290.018133,0.058000
2026-08-19,12:40:24,0.160468,0.095424,0.000610,29290.018133,0.058000
2026-08-19,12:40:24,0.160468,0.095424,0.000610,29290.018743,0.059000
2026-08-19,12:40:25,0.126012,0.095424,0.000630,29290.019373,0.059000
2026-08-19,12:40:26,0.124063,0.095424,0.000630,29290.019373,0.059000
2026-08-19,12:40:26,0.082709,0.093276,0.000620,29290.019993,0.059000
2026-08-19,12:40:27,0.082709,0.093276,0.000620,29290.020613,0.059000
2026-08-19,12:40:28,0.144417,0.093276,0.000620,29290.020613,0.059000
2026-08-19,12:40:28,0.165417,0.093276,0.000620,29290.021233,0.059000
2026-08-19,12:40:29,0.095955,0.092453,0.000610,29290.021843,0.059000
2026-08-19,12:40:30,0.103386,0.092372,0.000610,29290.021843,0.059000
2026-08-19,12:40:30,0.103386,0.096411,0.000610,29290.022453,0.059000
2026-08-19,12:40:31,0.123740,0.096411,0.000610,29290.023063,0.059000
2026-08-19,12:40:32,0.082709,0.096411,0.000640,29290.023063,0.059000
2026-08-19,12:40:32,0.103386,0.096411,0.000640,29290.023703,0.059000
2026-08-19,12:40:33,0.126012,0.096411,0.000640,29290.024343,0.059000
2026-08-19,12:40:34,0.126012,0.096411,0.000640,29290.024343,0.059000
2026-08-19,12:40:34,0.104355,0.096411,0.000640,29290.024983,0.059000
2026-08-19,12:40:35,0.103386,0.096411,0.000640,29290.025623,0.059000
2026-08-19,12:40:36,0.124063,0.096411,0.000640,29290.025623,0.059000
2026-08-19,12:40:36,0.124063,0.096411,0.000640,29290.026263,0.059000
2026-08-19,12:40:37,0.124063,0.096411,0.000640,29290.026903,0.059000
2026-08-19,12:40:38,0.082709,0.096474,0.000640,29290.026903,0.059000
2026-08-19,12:40:38,0.123740,0.096474,0.000640,29290.027543,0.059000
2026-08-19,12:40:39,0.147072,0.096474,0.000640,29290.028183,0.059000
2026-08-19,12:40:40,0.147072,0.098474,0.000640,29290.028183,0.059000
2026-08-19,12:40:40,0.102079,0.098474,0.000650,29290.028823,0.059000
2026-08-19,12:40:41,0.104190,0.100622,0.000650,29290.029473,0.059000
2026-08-19,12:40:42,0.082077,0.098492,0.000650,29290.029473,0.059000
2026-08-19,12:40:42,0.143315,0.098492,0.000650,29290.030123,0.059000
2026-08-19,12:40:43,0.143315,0.098492,0.000650,29290.030773,0.059000
2026-08-19,12:40:44,0.205194,0.098492,0.000650,29290.030773,0.059000
2026-08-19,12:40:44,0.091375,0.095223,0.000630,29290.031423,0.059000
2026-08-19,12:40:45,0.124702,0.095223,0.000630,29290.032053,0.059000
2026-08-19,12:40:46,0.124702,0.095157,0.000630,29290.032053,0.059000
2026-08-19,12:40:46,0.083352,0.095157,0.000630,29290.032683,0.059000
2026-08-19,12:40:47,0.124702,0.095157,0.000630,29290.033313,0.059000
2026-08-19,12:40:48,0.166378,0.095157,0.000630,29290.033313,0.059000
2026-08-19,12:40:48,0.121772,0.095157,0.000630,29290.033943,0.059000
2026-08-19,12:40:49,0.121772,0.095157,0.000630,29290.034573,0.059000
2026-08-19,12:40:50,0.125028,0.095157,0.000630,29290.034573,0.059000
2026-08-19,12:40:50,0.083352,0.095222,0.000630,29290.035203,0.059000
2026-08-19,12:40:51,0.104190,0.096045,0.000630,29290.035833,0.059000
2026-08-19,12:40:52,0.143315,0.096045,0.000630,29290.035833,0.059000
2026-08-19,12:40:52,0.143315,0.096045,0.000630,29290.036463,0.059000
2026-08-19,12:40:53,0.184354,0.096045,0.000630,29290.037093,0.059000
2026-08-19,12:40:54,0.125682,0.096045,0.000630,29290.037093,0.059000
2026-08-19,12:40:54,0.104735,0.096045,0.000630,29290.037723,0.059000
2026-08-19,12:40:55,0.104735,0.096045,0.000630,29290.038353,0.059000
2026-08-19,12:40:56,0.083788,0.096045,0.000630,29290.038353,0.059000
2026-08-19,12:40:56,0.125682,0.096045,0.000630,29290.038983,0.059000
2026-08-19,12:40:57,0.104895,0.096045,0.000630,29290.039613,0.059000
2026-08-19,12:40:58,0.141993,0.096045,0.000630,29290.039613,0.059000
2026-08-19,12:40:58,0.141993,0.096045,0.000630,29290.040243,0.059000
2026-08-19,12:40:59,0.143272,0.096045,0.000630,29290.040873,0.059000
2026-08-19,12:41:00,0.084229,0.094129,0.000620,29290.040873,0.059000
2026-08-19,12:41:00,0.105286,0.092284,0.000620,29290.041493,0.059000
2026-08-19,12:41:01,0.143680,0.092284,0.000610,29290.042103,0.059000
2026-08-19,12:41:02,0.143680,0.092284,0.000610,29290.042103,0.059000
2026-08-19,12:41:02,0.109325,0.092284,0.000610,29290.042713,0.059000
2026-08-19,12:41:03,0.145164,0.092284,0.000610,29290.043323,0.059000
2026-08-19,12:41:04,0.083136,0.092327,0.000610,29290.043323,0.059000
2026-08-19,12:41:04,0.083136,0.090432,0.000610,29290.043933,0.059000
2026-08-19,12:41:05,0.083136,0.090432,0.000600,29290.044533,0.059000
2026-08-19,12:41:06,0.124704,0.090432,0.000600,29290.044533,0.059000
2026-08-19,12:41:06,0.106194,0.090432,0.000600,29290.045133,0.059000
2026-08-19,12:41:07,0.132174,0.090432,0.000600,29290.045733,0.059000
2026-08-19,12:41:08,0.132174,0.090432,0.000600,29290.045733,0.059000
2026-08-19,12:41:08,0.124380,0.090432,0.000600,29290.046333,0.059000
2026-08-19,12:41:09,0.124704,0.090432,0.000600,29290.046933,0.059000
2026-08-19,12:41:10,0.166272,0.090432,0.000600,29290.046933,0.059000
2026-08-19,12:41:10,0.107134,0.090727,0.000600,29290.047533,0.059000
2026-08-19,12:41:11,0.107134,0.090727,0.000600,29290.048133,0.059000
2026-08-19,12:41:12,0.122804,0.094800,0.000600,29290.048133,0.059000
2026-08-19,12:41:12,0.081870,0.094800,0.000630,29290.048763,0.059000
2026-08-19,12:41:13,0.163739,0.094800,0.000630,29290.049393,0.059000
2026-08-19,12:41:14,0.163739,0.094800,0.000630,29290.049393,0.059000
2026-08-19,12:41:14,0.122485,0.094800,0.000630,29290.050023,0.059000
2026-08-19,12:41:15,0.143272,0.094800,0.000630,29290.050653,0.059000
2026-08-19,12:41:16,0.122804,0.094800,0.000630,29290.050653,0.059000
2026-08-19,12:41:16,0.143272,0.094800,0.000630,29290.051283,0.059000
2026-08-19,12:41:17,0.143272,0.093997,0.000620,29290.051903,0.059000
2026-08-19,12:41:18,0.083352,0.093997,0.000620,29290.051903,0.059000
2026-08-19,12:41:18,0.112981,0.093997,0.000620,29290.052523,0.059000
2026-08-19,12:41:19,0.104190,0.093997,0.000620,29290.053143,0.059000
2026-08-19,12:41:20,0.166378,0.093997,0.000620,29290.053143,0.059000
2026-08-19,12:41:20,0.166378,0.093997,0.000620,29290.053763,0.059000
2026-08-19,12:41:21,0.104190,0.096081,0.000630,29290.054393,0.059000
2026-08-19,12:41:22,0.083352,0.096081,0.000630,29290.054393,0.059000
2026-08-19,12:41:22,0.125028,0.096081,0.000630,29290.055023,0.059000
2026-08-19,12:41:23,0.125028,0.093997,0.000620,29290.055643,0.059000
2026-08-19,12:41:24,0.083352,0.093997,0.000620,29290.055643,0.059000
2026-08-19,12:41:24,0.083352,0.093910,0.000620,29290.056263,0.059000
2026-08-19,12:41:25,0.160843,0.093910,0.000620,29290.056883,0.059000
2026-08-19,12:41:26,0.180379,0.093910,0.000620,29290.056883,0.059000
2026-08-19,12:41:26,0.180379,0.093910,0.000620,29290.057503,0.059000
2026-08-19,12:41:27,0.125028,0.093910,0.000620,29290.058123,0.059000
2026-08-19,12:41:28,0.104190,0.093910,0.000620,29290.058123,0.059000
2026-08-19,12:41:28,0.104190,0.093910,0.000620,29290.058743,0.059000
2026-08-19,12:41:29,0.205124,0.093910,0.000620,29290.059363,0.059000
2026-08-19,12:41:30,0.205124,0.093910,0.000620,29290.059363,0.059000
2026-08-19,12:41:30,0.152378,0.093910,0.000620,29290.059983,0.059000
2026-08-19,12:41:31,0.082077,0.091589,0.000620,29290.060583,0.059000
2026-08-19,12:41:32,0.102597,0.093535,0.000600,29290.060583,0.059000
2026-08-19,12:41:32,0.102597,0.093644,0.000620,29290.061183,0.059000
2026-08-19,12:41:33,0.084229,0.093644,0.000620,29290.061803,0.059000
2026-08-19,12:41:34,0.144740,0.093644,0.000620,29290.061803,0.059000
2026-08-19,12:41:34,0.165417,0.093644,0.000620,29290.062423,0.059000
2026-08-19,12:41:35,0.142479,0.093644,0.000620,29290.063043,0.059000
2026-08-19,12:41:36,0.142479,0.093644,0.000620,29290.063043,0.059000
2026-08-19,12:41:36,0.123740,0.093644,0.000620,29290.063663,0.059000
2026-08-19,12:41:37,0.118571,0.093644,0.000620,29290.064283,0.059000
2026-08-19,12:41:38,0.082709,0.091201,0.000600,29290.064283,0.059000
2026-08-19,12:41:38,0.082709,0.087192,0.000570,29290.064883,0.059000
2026-08-19,12:41:39,0.082709,0.087192,0.000570,29290.065453,0.059000
2026-08-19,12:41:40,0.124063,0.087192,0.000570,29290.065453,0.059000
2026-08-19,12:41:40,0.112432,0.087192,0.000570,29290.066023,0.059000
2026-08-19,12:41:41,0.103386,0.087192,0.000570,29290.066593,0.059000
2026-08-19,12:41:42,0.103386,0.087192,0.000570,29290.066593,0.059000
2026-08-19,12:41:42,0.123740,0.087192,0.000570,29290.067163,0.059000
2026-08-19,12:41:43,0.144417,0.087192,0.000570,29290.067733,0.059000
2026-08-19,12:41:44,0.103386,0.087192,0.000570,29290.067733,0.059000
2026-08-19,12:41:44,0.084452,0.087192,0.000570,29290.068303,0.059000
2026-08-19,12:41:45,0.084452,0.087192,0.000570,29290.068303,0.059000
2026-08-19,12:41:46,0.124063,0.087192,0.000570,29290.068873,0.059000
2026-08-19,12:41:46,0.082709,0.087128,0.000570,29290.069443,0.059000
2026-08-19,12:41:47,0.100155,0.086724,0.000570,29290.069443,0.059000
2026-08-19,12:41:48,0.082709,0.086660,0.000570,29290.070013,0.059000
2026-08-19,12:41:48,0.082709,0.086660,0.000570,29290.070583,0.059000
2026-08-19,12:41:49,0.165417,0.086660,0.000570,29290.070583,0.059000
2026-08-19,12:41:50,0.082709,0.086595,0.000570,29290.071153,0.059000
2026-08-19,12:41:50,0.116632,0.086595,0.000570,29290.071723,0.059000
2026-08-19,12:41:51,0.116632,0.086595,0.000570,29290.071723,0.059000
2026-08-19,12:41:52,0.103386,0.086595,0.000570,29290.072293,0.059000
2026-08-19,12:41:52,0.082709,0.086595,0.000570,29290.072863,0.059000
2026-08-19,12:41:53,0.153463,0.086595,0.000570,29290.072863,0.059000
2026-08-19,12:41:54,0.103386,0.088599,0.000580,29290.073433,0.059000
2026-08-19,12:41:54,0.103386,0.088662,0.000580,29290.074013,0.059000
2026-08-19,12:41:55,0.082709,0.088662,0.000580,29290.074013,0.059000
2026-08-19,12:41:56,0.103386,0.088741,0.000590,29290.074593,0.059000
2026-08-19,12:41:56,0.103386,0.090656,0.000590,29290.075183,0.059000
2026-08-19,12:41:57,0.124063,0.094792,0.000600,29290.075183,0.059000
2026-08-19,12:41:58,0.124063,0.094792,0.000660,29290.075783,0.059000
2026-08-19,12:41:58,0.134725,0.099993,0.000660,29290.076443,0.059000
2026-08-19,12:41:59,0.101822,0.101905,0.000670,29290.076443,0.059000
2026-08-19,12:42:00,0.103652,0.102255,0.000670,29290.077113,0.059000
2026-08-19,12:42:00,0.103652,0.104867,0.000670,29290.077783,0.059000
2026-08-19,12:42:01,0.108835,0.104867,0.000690,29290.077783,0.059000
2026-08-19,12:42:02,0.082922,0.104889,0.000690,29290.078473,0.059000
2026-08-19,12:42:02,0.186574,0.104889,0.000690,29290.079163,0.059000
2026-08-19,12:42:03,0.124383,0.106988,0.000710,29290.079163,0.059000
2026-08-19,12:42:04,0.124383,0.109083,0.000710,29290.079873,0.059000
2026-08-19,12:42:04,0.103652,0.109083,0.000720,29290.080593,0.059000
2026-08-19,12:42:05,0.125030,0.111247,0.000730,29290.080593,0.059000
2026-08-19,12:42:06,0.124383,0.113347,0.000730,29290.081323,0.059000
2026-08-19,12:42:06,0.103652,0.111306,0.000750,29290.082073,0.059000
2026-08-19,12:42:07,0.103652,0.111306,0.000740,29290.082073,0.059000
2026-08-19,12:42:08,0.106244,0.108457,0.000740,29290.082813,0.059000
2026-08-19,12:42:08,0.165844,0.108457,0.000720,29290.083533,0.059000
2026-08-19,12:42:09,0.144789,0.108457,0.000720,29290.083533,0.059000
2026-08-19,12:42:10,0.144789,0.106567,0.000720,29290.084253,0.059000
2026-08-19,12:42:10,0.082922,0.106567,0.000700,29290.084953,0.059000
2026-08-19,12:42:11,0.103652,0.106567,0.000700,29290.084953,0.059000
2026-08-19,12:42:12,0.142911,0.106567,0.000700,29290.085653,0.059000
2026-08-19,12:42:12,0.166272,0.106567,0.000700,29290.086353,0.059000
2026-08-19,12:42:13,0.166272,0.106567,0.000700,29290.086353,0.059000
2026-08-19,12:42:14,0.145164,0.106567,0.000700,29290.087053,0.059000
2026-08-19,12:42:14,0.083136,0.103998,0.000690,29290.087743,0.059000
2026-08-19,12:42:15,0.083136,0.104019,0.000690,29290.087743,0.059000
2026-08-19,12:42:16,0.175041,0.104019,0.000690,29290.088433,0.059000
2026-08-19,12:42:16,0.175041,0.104019,0.000690,29290.089123,0.059000
2026-08-19,12:42:17,0.105845,0.102165,0.000670,29290.089123,0.059000
2026-08-19,12:42:18,0.269172,0.102165,0.000670,29290.089793,0.059000
2026-08-19,12:42:18,0.082922,0.100092,0.000660,29290.090453,0.059000
2026-08-19,12:42:19,0.082922,0.097857,0.000650,29290.090453,0.059000
2026-08-19,12:42:20,0.102680,0.097857,0.000650,29290.091103,0.059000
2026-08-19,12:42:20,0.165844,0.097857,0.000650,29290.091753,0.059000
2026-08-19,12:42:21,0.103652,0.095784,0.000630,29290.091753,0.059000
2026-08-19,12:42:22,0.103652,0.095784,0.000630,29290.092383,0.059000
2026-08-19,12:42:22,0.103652,0.093452,0.000630,29290.093013,0.059000
2026-08-19,12:42:23,0.082922,0.093452,0.000630,29290.093013,0.059000
2026-08-19,12:42:24,0.144789,0.093452,0.000620,29290.093633,0.059000
2026-08-19,12:42:24,0.103652,0.093452,0.000620,29290.094253,0.059000
2026-08-19,12:42:25,0.138311,0.093452,0.000620,29290.094253,0.059000
2026-08-19,12:42:26,0.138311,0.093452,0.000620,29290.094873,0.059000
2026-08-19,12:42:26,0.103652,0.093452,0.000620,29290.095493,0.059000
2026-08-19,12:42:27,0.082922,0.093452,0.000620,29290.095493,0.059000
2026-08-19,12:42:28,0.105272,0.093452,0.000620,29290.096113,0.059000
2026-08-19,12:42:28,0.105272,0.093452,0.000620,29290.096733,0.059000
2026-08-19,12:42:29,0.193052,0.093452,0.000620,29290.096733,0.059000
2026-08-19,12:42:30,0.082922,0.093452,0.000620,29290.097353,0.059000
2026-08-19,12:42:30,0.102079,0.093295,0.000620,29290.097973,0.059000
2026-08-19,12:42:31,0.094104,0.094391,0.000620,29290.097973,0.059000
2026-08-19,12:42:32,0.094104,0.094391,0.000620,29290.098593,0.059000
2026-08-19,12:42:32,0.165520,0.094391,0.000620,29290.099213,0.059000
2026-08-19,12:42:33,0.100413,0.096119,0.000620,29290.099213,0.059000
2026-08-19,12:42:34,0.081663,0.093701,0.000620,29290.099833,0.059000
2026-08-19,12:42:34,0.145540,0.093701,0.000620,29290.100453,0.059000
2026-08-19,12:42:35,0.145540,0.093701,0.000620,29290.100453,0.059000
2026-08-19,12:42:36,0.104190,0.093701,0.000620,29290.101073,0.059000
2026-08-19,12:42:36,0.083352,0.093701,0.000620,29290.101693,0.059000
2026-08-19,12:42:37,0.104190,0.093701,0.000620,29290.101693,0.059000
2026-08-19,12:42:38,0.104190,0.093701,0.000620,29290.102313,0.059000
2026-08-19,12:42:38,0.083352,0.093701,0.000620,29290.102933,0.059000
2026-08-19,12:42:39,0.124702,0.093701,0.000620,29290.102933,0.059000
2026-08-19,12:42:40,0.229218,0.093701,0.000620,29290.103553,0.059000
2026-08-19,12:42:40,0.083352,0.093744,0.000620,29290.104173,0.059000
2026-08-19,12:42:41,0.083352,0.093744,0.000620,29290.104173,0.059000
2026-08-19,12:42:42,0.125028,0.093744,0.000620,29290.104793,0.059000
2026-08-19,12:42:42,0.104190,0.093744,0.000620,29290.105413,0.059000
2026-08-19,12:42:43,0.122796,0.093744,0.000620,29290.105413,0.059000
2026-08-19,12:42:44,0.238538,0.093744,0.000620,29290.106033,0.059000
2026-08-19,12:42:44,0.238538,0.093744,0.000620,29290.106653,0.059000
2026-08-19,12:42:45,0.102597,0.093736,0.000620,29290.106653,0.059000
2026-08-19,12:42:46,0.180506,0.093736,0.000620,29290.107273,0.059000
2026-08-19,12:42:46,0.122796,0.093736,0.000620,29290.107893,0.059000
2026-08-19,12:42:47,0.122796,0.093736,0.000620,29290.107893,0.059000
2026-08-19,12:42:48,0.120761,0.093736,0.000620,29290.108513,0.059000
2026-08-19,12:42:48,0.134725,0.093736,0.000620,29290.109133,0.059000
2026-08-19,12:42:49,0.124063,0.093736,0.000620,29290.109133,0.059000
2026-08-19,12:42:50,0.103386,0.093736,0.000620,29290.109753,0.059000
2026-08-19,12:42:50,0.103386,0.093736,0.000620,29290.110373,0.059000
2026-08-19,12:42:51,0.082709,0.093736,0.000620,29290.110373,0.058000
2026-08-19,12:42:52,0.124063,0.093736,0.000600,29290.110993,0.058000
2026-08-19,12:42:52,0.124063,0.093736,0.000600,29290.111593,0.058000
2026-08-19,12:42:53,0.081254,0.091496,0.000600,29290.111593,0.058000
2026-08-19,12:42:54,0.081254,0.091496,0.000590,29290.112193,0.058000
2026-08-19,12:42:54,0.125354,0.091496,0.000590,29290.112783,0.058000
2026-08-19,12:42:55,0.144047,0.091496,0.000600,29290.112783,0.059000
2026-08-19,12:42:56,0.132124,0.091496,0.000600,29290.113383,0.059000
2026-08-19,12:42:56,0.132124,0.089670,0.000600,29290.113983,0.059000
2026-08-19,12:42:57,0.085397,0.089670,0.000590,29290.113983,0.059000
2026-08-19,12:42:58,0.126012,0.089670,0.000590,29290.114573,0.059000
2026-08-19,12:42:58,0.103386,0.089670,0.000590,29290.115163,0.059000
2026-08-19,12:42:59,0.165094,0.089670,0.000590,29290.115163,0.059000
2026-08-19,12:43:00,0.165094,0.089649,0.000590,29290.115753,0.059000
2026-08-19,12:43:00,0.082709,0.089649,0.000590,29290.116343,0.059000
2026-08-19,12:43:01,0.147401,0.089649,0.000590,29290.116343,0.059000
2026-08-19,12:43:02,0.082497,0.089606,0.000590,29290.116933,0.059000
2026-08-19,12:43:02,0.111500,0.089606,0.000590,29290.117523,0.059000
2026-08-19,12:43:03,0.111500,0.089606,0.000590,29290.117523,0.059000
2026-08-19,12:43:04,0.083788,0.089606,0.000590,29290.118113,0.059000
2026-08-19,12:43:04,0.123423,0.089606,0.000590,29290.118703,0.059000
2026-08-19,12:43:05,0.144370,0.089606,0.000590,29290.118703,0.059000
2026-08-19,12:43:06,0.144370,0.089606,0.000590,29290.119293,0.059000
2026-08-19,12:43:06,0.103121,0.089606,0.000590,29290.119883,0.059000
2026-08-19,12:43:07,0.123423,0.089606,0.000590,29290.119883,0.059000
2026-08-19,12:43:08,0.164994,0.089606,0.000590,29290.120473,0.059000
2026-08-19,12:43:08,0.082497,0.087648,0.000590,29290.121063,0.059000
2026-08-19,12:43:09,0.082497,0.087648,0.000580,29290.121063,0.059000
2026-08-19,12:43:10,0.123745,0.087648,0.000580,29290.121643,0.059000
2026-08-19,12:43:10,0.123423,0.087648,0.000580,29290.122223,0.059000
2026-08-19,12:43:11,0.084229,0.086661,0.000570,29290.122223,0.059000
2026-08-19,12:43:12,0.103652,0.086985,0.000570,29290.122793,0.059000
2026-08-19,12:43:12,0.103652,0.086985,0.000570,29290.123363,0.059000
2026-08-19,12:43:13,0.145113,0.086985,0.000570,29290.123363,0.059000
2026-08-19,12:43:14,0.082922,0.087111,0.000570,29290.123933,0.059000
2026-08-19,12:43:14,0.103652,0.089141,0.000590,29290.124523,0.059000
2026-08-19,12:43:15,0.103652,0.087173,0.000570,29290.124523,0.059000
2026-08-19,12:43:16,0.082922,0.087173,0.000570,29290.125093,0.058000
2026-08-19,12:43:16,0.082922,0.087340,0.000560,29290.125653,0.058000
2026-08-19,12:43:17,0.124059,0.087340,0.000560,29290.125653,0.058000
2026-08-19,12:43:18,0.135720,0.087340,0.000560,29290.126213,0.058000
2026-08-19,12:43:18,0.135720,0.087092,0.000560,29290.126773,0.058000
2026-08-19,12:43:19,0.082922,0.087092,0.000560,29290.126773,0.058000
2026-08-19,12:43:20,0.103652,0.089187,0.000570,29290.127343,0.058000
2026-08-19,12:43:20,0.144789,0.089187,0.000570,29290.127913,0.058000
2026-08-19,12:43:21,0.168759,0.089187,0.000570,29290.127913,0.058000
2026-08-19,12:43:22,0.168759,0.089187,0.000570,29290.128483,0.058000
2026-08-19,12:43:22,0.095554,0.090492,0.000580,29290.129063,0.058000
2026-08-19,12:43:23,0.103652,0.092608,0.000580,29290.129063,0.058000
2026-08-19,12:43:24,0.082922,0.092477,0.000590,29290.129653,0.058000
2026-08-19,12:43:24,0.082922,0.092641,0.000600,29290.130253,0.058000
2026-08-19,12:43:25,0.105286,0.092641,0.000600,29290.130253,0.058000
2026-08-19,12:43:26,0.111292,0.095478,0.000610,29290.130863,0.058000
2026-08-19,12:43:26,0.099139,0.095026,0.000630,29290.131493,0.059000
2026-08-19,12:43:27,0.081870,0.094921,0.000630,29290.131493,0.059000
2026-08-19,12:43:28,0.081870,0.094921,0.000630,29290.132123,0.059000
2026-08-19,12:43:28,0.125354,0.094921,0.000630,29290.132753,0.059000
2026-08-19,12:43:29,0.226034,0.094921,0.000630,29290.132753,0.059000
2026-08-19,12:43:30,0.132228,0.094921,0.000630,29290.133383,0.059000
2026-08-19,12:43:30,0.166921,0.094921,0.000630,29290.134013,0.059000
2026-08-19,12:43:31,0.166921,0.094921,0.000630,29290.134013,0.059000
2026-08-19,12:43:32,0.122804,0.094921,0.000630,29290.134643,0.059000
2026-08-19,12:43:32,0.146301,0.094921,0.000630,29290.135273,0.059000
2026-08-19,12:43:33,0.148592,0.094921,0.000630,29290.135273,0.059000
2026-08-19,12:43:34,0.148592,0.094921,0.000630,29290.135903,0.059000
2026-08-19,12:43:34,0.133678,0.094921,0.000630,29290.136533,0.059000
2026-08-19,12:43:35,0.102337,0.094921,0.000630,29290.136533,0.059000
2026-08-19,12:43:36,0.125027,0.094921,0.000630,29290.137163,0.059000
2026-08-19,12:43:36,0.084008,0.095030,0.000630,29290.137793,0.059000
2026-08-19,12:43:37,0.084008,0.097538,0.000630,29290.137793,0.059000
2026-08-19,12:43:38,0.108001,0.097538,0.000640,29290.138423,0.059000
2026-08-19,12:43:38,0.102858,0.097458,0.000640,29290.139063,0.059000
2026-08-19,12:43:39,0.123430,0.100246,0.000640,29290.139063,0.059000
2026-08-19,12:43:40,0.164252,0.100246,0.000660,29290.139703,0.059000
2026-08-19,12:43:40,0.164252,0.100246,0.000660,29290.140363,0.059000
2026-08-19,12:43:41,0.116037,0.100246,0.000660,29290.140363,0.059000
2026-08-19,12:43:42,0.123430,0.100246,0.000660,29290.141023,0.059000
2026-08-19,12:43:42,0.102858,0.100246,0.000660,29290.141683,0.059000
2026-08-19,12:43:43,0.102858,0.100246,0.000660,29290.141683,0.059000
2026-08-19,12:43:44,0.102858,0.100246,0.000660,29290.142343,0.059000
2026-08-19,12:43:44,0.102858,0.100246,0.000660,29290.143003,0.059000
2026-08-19,12:43:45,0.123430,0.100246,0.000660,29290.143003,0.059000
2026-08-19,12:43:46,0.123430,0.100246,0.000660,29290.143663,0.059000
2026-08-19,12:43:46,0.123430,0.100246,0.000660,29290.144323,0.059000
2026-08-19,12:43:47,0.125027,0.100246,0.000660,29290.144323,0.059000
2026-08-19,12:43:48,0.164252,0.100246,0.000660,29290.144983,0.059000
2026-08-19,12:43:48,0.082287,0.098109,0.000660,29290.145643,0.059000
2026-08-19,12:43:49,0.144001,0.098109,0.000650,29290.145643,0.059000
2026-08-19,12:43:50,0.144001,0.098109,0.000650,29290.146293,0.058000
2026-08-19,12:43:50,0.087946,0.098612,0.000650,29290.146943,0.058000
2026-08-19,12:43:51,0.184354,0.098612,0.000630,29290.146943,0.058000
2026-08-19,12:43:52,0.102597,0.098343,0.000630,29290.147573,0.058000
2026-08-19,12:43:52,0.102597,0.095421,0.000630,29290.148203,0.058000
2026-08-19,12:43:53,0.082077,0.095421,0.000610,29290.148203,0.058000
2026-08-19,12:43:54,0.106411,0.096148,0.000620,29290.148813,0.058000
2026-08-19,12:43:54,0.249730,0.096148,0.000620,29290.149433,0.058000
2026-08-19,12:43:55,0.103559,0.098317,0.000630,29290.149433,0.058000
2026-08-19,12:43:56,0.103559,0.098273,0.000630,29290.150063,0.058000
2026-08-19,12:43:56,0.083569,0.098273,0.000630,29290.150693,0.058000
2026-08-19,12:43:57,0.083569,0.095830,0.000620,29290.150693,0.058000
2026-08-19,12:43:58,0.135147,0.095830,0.000620,29290.151313,0.058000
2026-08-19,12:43:58,0.147225,0.095830,0.000620,29290.151933,0.058000
2026-08-19,12:43:59,0.147225,0.095830,0.000620,29290.151933,0.058000
2026-08-19,12:44:00,0.143680,0.095830,0.000620,29290.152553,0.058000
2026-08-19,12:44:00,0.101251,0.095830,0.000620,29290.153173,0.058000
2026-08-19,12:44:01,0.102858,0.095830,0.000620,29290.153173,0.058000
2026-08-19,12:44:02,0.102858,0.095830,0.000620,29290.153793,0.059000
2026-08-19,12:44:02,0.082287,0.095830,0.000630,29290.154423,0.059000
2026-08-19,12:44:03,0.123430,0.097887,0.000650,29290.154423,0.059000
2026-08-19,12:44:04,0.102858,0.095830,0.000650,29290.155073,0.059000
2026-08-19,12:44:04,0.153002,0.095830,0.000630,29290.155703,0.059000
2026-08-19,12:44:05,0.153002,0.095830,0.000630,29290.155703,0.059000
2026-08-19,12:44:06,0.123108,0.095830,0.000630,29290.156333,0.058000
2026-08-19,12:44:06,0.123430,0.095830,0.000620,29290.156953,0.058000
2026-08-19,12:44:07,0.082287,0.095830,0.000620,29290.156953,0.058000
2026-08-19,12:44:08,0.143680,0.095830,0.000620,29290.157573,0.058000
2026-08-19,12:44:08,0.143680,0.095830,0.000620,29290.158193,0.058000
2026-08-19,12:44:09,0.102858,0.095830,0.000620,29290.158193,0.058000
2026-08-19,12:44:10,0.106715,0.095830,0.000620,29290.158813,0.058000
2026-08-19,12:44:10,0.083788,0.095830,0.000620,29290.159433,0.058000
2026-08-19,12:44:11,0.083788,0.095830,0.000620,29290.159433,0.058000
2026-08-19,12:44:12,0.104735,0.095830,0.000620,29290.160053,0.058000
2026-08-19,12:44:12,0.104735,0.095830,0.000620,29290.160673,0.058000
2026-08-19,12:44:13,0.167576,0.095830,0.000620,29290.160673,0.058000
2026-08-19,12:44:14,0.123108,0.095830,0.000620,29290.161293,0.058000
2026-08-19,12:44:14,0.123108,0.095830,0.000620,29290.161913,0.059000
2026-08-19,12:44:15,0.120118,0.095830,0.000620,29290.161913,0.059000
2026-08-19,12:44:16,0.104735,0.095830,0.000630,29290.162543,0.059000
2026-08-19,12:44:16,0.129208,0.095830,0.000630,29290.163173,0.059000
2026-08-19,12:44:17,0.146246,0.095830,0.000630,29290.163173,0.059000
2026-08-19,12:44:18,0.146246,0.095830,0.000630,29290.163803,0.059000
2026-08-19,12:44:18,0.123430,0.095830,0.000630,29290.164433,0.059000
2026-08-19,12:44:19,0.139180,0.095830,0.000630,29290.164433,0.059000
2026-08-19,12:44:20,0.120858,0.095830,0.000630,29290.165063,0.059000
2026-08-19,12:44:20,0.120858,0.131814,0.000870,29290.165933,0.059000
2026-08-19,12:44:21,0.143680,0.131814,0.000870,29290.165933,0.059000
2026-08-19,12:44:22,0.164252,0.131481,0.000870,29290.166803,0.059000
2026-08-19,12:44:22,0.102858,0.131481,0.000870,29290.167673,0.059000
2026-08-19,12:44:23,0.133073,0.131481,0.000870,29290.167673,0.059000
2026-08-19,12:44:24,0.133073,0.131481,0.000870,29290.168543,0.059000
2026-08-19,12:44:24,0.164252,0.131481,0.000870,29290.169413,0.059000
2026-08-19,12:44:25,0.123430,0.131481,0.000870,29290.169413,0.059000
2026-08-19,12:44:26,0.138537,0.131481,0.000870,29290.170283,0.059000
2026-08-19,12:44:26,0.123108,0.131481,0.000870,29290.171153,0.059000
2026-08-19,12:44:27,0.123108,0.131481,0.000870,29290.171153,0.059000
2026-08-19,12:44:28,0.102858,0.131481,0.000870,29290.172023,0.059000
2026-08-19,12:44:28,0.082287,0.131481,0.000870,29290.172893,0.059000
2026-08-19,12:44:29,0.123430,0.131514,0.000870,29290.172893,0.058000
2026-08-19,12:44:30,0.102858,0.129788,0.000850,29290.173743,0.058000
2026-08-19,12:44:30,0.102858,0.129788,0.000840,29290.174583,0.058000
2026-08-19,12:44:31,0.105010,0.129815,0.000840,29290.174583,0.058000
2026-08-19,12:44:32,0.103386,0.127233,0.000820,29290.175403,0.058000
2026-08-19,12:44:32,0.105010,0.123109,0.000790,29290.176193,0.058000
2026-08-19,12:44:33,0.105010,0.122985,0.000790,29290.176193,0.058000
2026-08-19,12:44:34,0.122187,0.122985,0.000790,29290.176983,0.058000
2026-08-19,12:44:34,0.083788,0.122985,0.000790,29290.177773,0.058000
2026-08-19,12:44:35,0.083788,0.122985,0.000790,29290.177773,0.058000
2026-08-19,12:44:36,0.130480,0.122115,0.000790,29290.178563,0.058000
2026-08-19,12:44:36,0.130480,0.122115,0.000790,29290.179353,0.058000
2026-08-19,12:44:37,0.180120,0.122115,0.000790,29290.179353,0.058000
2026-08-19,12:44:38,0.103920,0.120421,0.000780,29290.180143,0.058000
2026-08-19,12:44:38,0.183159,0.120421,0.000780,29290.180923,0.058000
2026-08-19,12:44:39,0.179587,0.120421,0.000780,29290.180923,0.058000
2026-08-19,12:44:40,0.179587,0.120421,0.000780,29290.181703,0.058000
2026-08-19,12:44:40,0.124704,0.118524,0.000780,29290.182483,0.058000
2026-08-19,12:44:41,0.103920,0.112490,0.000720,29290.182483,0.058000
2026-08-19,12:44:42,0.083136,0.108461,0.000700,29290.183203,0.058000
2026-08-19,12:44:42,0.083136,0.106489,0.000700,29290.183903,0.058000
2026-08-19,12:44:43,0.083136,0.106489,0.000680,29290.183903,0.058000
2026-08-19,12:44:44,0.106194,0.106607,0.000690,29290.184583,0.058000
2026-08-19,12:44:44,0.145488,0.106607,0.000690,29290.185273,0.058000
2026-08-19,12:44:45,0.083136,0.104582,0.000690,29290.185273,0.058000
2026-08-19,12:44:46,0.083136,0.104582,0.000670,29290.185963,0.058000
2026-08-19,12:44:46,0.187056,0.104582,0.000670,29290.186633,0.058000
2026-08-19,12:44:47,0.083136,0.102395,0.000660,29290.186633,0.058000
2026-08-19,12:44:48,0.128743,0.102395,0.000660,29290.187293,0.058000
2026-08-19,12:44:48,0.124383,0.102395,0.000660,29290.187953,0.058000
2026-08-19,12:44:49,0.124383,0.102395,0.000660,29290.187953,0.058000
2026-08-19,12:44:50,0.103652,0.102395,0.000660,29290.188613,0.058000
2026-08-19,12:44:50,0.224255,0.102395,0.000660,29290.189273,0.058000
2026-08-19,12:44:51,0.122495,0.102426,0.000660,29290.189273,0.058000
2026-08-19,12:44:52,0.122495,0.102426,0.000660,29290.189933,0.058000
2026-08-19,12:44:52,0.188841,0.102426,0.000660,29290.190593,0.058000
2026-08-19,12:44:53,0.103652,0.099743,0.000640,29290.190593,0.058000
2026-08-19,12:44:54,0.145113,0.099743,0.000640,29290.191233,0.058000
2026-08-19,12:44:54,0.145113,0.099743,0.000640,29290.191873,0.058000
2026-08-19,12:44:55,0.145113,0.097643,0.000640,29290.191873,0.058000
2026-08-19,12:44:56,0.082922,0.097643,0.000640,29290.192513,0.058000
2026-08-19,12:44:56,0.112722,0.097643,0.000630,29290.193143,0.058000
2026-08-19,12:44:57,0.145437,0.097643,0.000640,29290.193143,0.059000
2026-08-19,12:44:58,0.082922,0.093465,0.000640,29290.193783,0.059000
2026-08-19,12:44:58,0.082922,0.093465,0.000620,29290.194403,0.059000
2026-08-19,12:44:59,0.094583,0.092531,0.000610,29290.194403,0.059000
2026-08-19,12:45:00,0.124383,0.092531,0.000610,29290.195013,0.059000
2026-08-19,12:45:00,0.124383,0.092531,0.000610,29290.195623,0.059000
2026-08-19,12:45:01,0.124383,0.092531,0.000610,29290.195623,0.059000
2026-08-19,12:45:02,0.122495,0.092531,0.000610,29290.196233,0.059000
2026-08-19,12:45:02,0.116434,0.092531,0.000610,29290.196843,0.059000
2026-08-19,12:45:03,0.083136,0.092531,0.000610,29290.196843,0.059000
2026-08-19,12:45:04,0.145488,0.092531,0.000610,29290.197453,0.059000
2026-08-19,12:45:04,0.145488,0.092531,0.000610,29290.198063,0.059000
2026-08-19,12:45:05,0.124704,0.092531,0.000610,29290.198063,0.059000
2026-08-19,12:45:06,0.124704,0.092531,0.000610,29290.198673,0.059000
2026-08-19,12:45:06,0.083136,0.092531,0.000610,29290.199283,0.059000
2026-08-19,12:45:07,0.103920,0.094610,0.000620,29290.199283,0.059000
2026-08-19,12:45:08,0.103920,0.094610,0.000620,29290.199903,0.059000
2026-08-19,12:45:08,0.105544,0.094545,0.000620,29290.200523,0.059000
2026-08-19,12:45:09,0.081663,0.094397,0.000620,29290.200523,0.059000
2026-08-19,12:45:10,0.105588,0.096642,0.000620,29290.201143,0.059000
2026-08-19,12:45:10,0.105588,0.094601,0.000640,29290.201783,0.059000
2026-08-19,12:45:11,0.102079,0.094601,0.000640,29290.201783,0.059000
2026-08-19,12:45:12,0.185975,0.094601,0.000620,29290.202403,0.059000
2026-08-19,12:45:12,0.183742,0.094601,0.000620,29290.203023,0.059000
2026-08-19,12:45:13,0.083136,0.092549,0.000620,29290.203023,0.059000
2026-08-19,12:45:14,0.083136,0.092571,0.000610,29290.203633,0.059000
2026-08-19,12:45:14,0.083136,0.092571,0.000610,29290.204243,0.059000
2026-08-19,12:45:15,0.103920,0.094671,0.000610,29290.204243,0.059000
2026-08-19,12:45:16,0.124380,0.097650,0.000620,29290.204863,0.059000
2026-08-19,12:45:16,0.166272,0.097650,0.000640,29290.205503,0.059000
2026-08-19,12:45:17,0.166272,0.097650,0.000640,29290.205503,0.059000
2026-08-19,12:45:18,0.187056,0.097650,0.000640,29290.206143,0.059000
2026-08-19,12:45:18,0.207841,0.097650,0.000640,29290.206783,0.059000
2026-08-19,12:45:19,0.152633,0.097650,0.000640,29290.206783,0.059000
2026-08-19,12:45:20,0.152633,0.097782,0.000640,29290.207423,0.059000
2026-08-19,12:45:20,0.084452,0.097782,0.000650,29290.208073,0.059000
2026-08-19,12:45:21,0.083136,0.095703,0.000650,29290.208073,0.059000
2026-08-19,12:45:22,0.124380,0.095703,0.000630,29290.208703,0.059000
2026-08-19,12:45:22,0.103920,0.095703,0.000630,29290.209333,0.059000
2026-08-19,12:45:23,0.103920,0.095703,0.000630,29290.209333,0.059000
2026-08-19,12:45:24,0.083136,0.095703,0.000630,29290.209963,0.059000
2026-08-19,12:45:24,0.083136,0.095703,0.000630,29290.210593,0.059000
2026-08-19,12:45:25,0.103920,0.095703,0.000630,29290.210593,0.059000
2026-08-19,12:45:26,0.103920,0.095703,0.000630,29290.211223,0.059000
2026-08-19,12:45:26,0.103920,0.095703,0.000630,29290.211853,0.059000
2026-08-19,12:45:27,0.081982,0.095703,0.000630,29290.211853,0.059000
2026-08-19,12:45:28,0.103652,0.095703,0.000630,29290.212483,0.059000
2026-08-19,12:45:28,0.082922,0.095703,0.000630,29290.213113,0.059000
2026-08-19,12:45:29,0.082922,0.095389,0.000630,29290.213113,0.059000
2026-08-19,12:45:30,0.082922,0.095389,0.000630,29290.213743,0.059000
2026-08-19,12:45:30,0.085588,0.091510,0.000600,29290.214343,0.059000
2026-08-19,12:45:31,0.164672,0.091510,0.000600,29290.214343,0.059000
2026-08-19,12:45:32,0.123423,0.091510,0.000600,29290.214943,0.059000
2026-08-19,12:45:32,0.123423,0.091510,0.000600,29290.215543,0.059000
2026-08-19,12:45:33,0.144370,0.091510,0.000600,29290.215543,0.059000
2026-08-19,12:45:34,0.082497,0.089368,0.000590,29290.216133,0.059000
2026-08-19,12:45:34,0.082497,0.089304,0.000590,29290.216723,0.059000
2026-08-19,12:45:35,0.082497,0.089240,0.000590,29290.216723,0.059000
2026-08-19,12:45:36,0.082497,0.089240,0.000590,29290.217313,0.059000
2026-08-19,12:45:36,0.103121,0.089160,0.000590,29290.217903,0.059000
2026-08-19,12:45:37,0.129634,0.091731,0.000600,29290.217903,0.059000
2026-08-19,12:45:38,0.196754,0.091731,0.000600,29290.218503,0.059000
2026-08-19,12:45:38,0.196754,0.094818,0.000600,29290.219103,0.059000
2026-08-19,12:45:39,0.112854,0.094818,0.000630,29290.219103,0.059000
2026-08-19,12:45:40,0.164573,0.094818,0.000630,29290.219733,0.059000
2026-08-19,12:45:40,0.122144,0.094818,0.000630,29290.220363,0.059000
2026-08-19,12:45:41,0.102858,0.094818,0.000630,29290.220363,0.059000
2026-08-19,12:45:42,0.102858,0.094818,0.000630,29290.220993,0.059000
2026-08-19,12:45:42,0.123430,0.094818,0.000630,29290.220993,0.059000
2026-08-19,12:45:43,0.146246,0.094818,0.000630,29290.221623,0.059000
2026-08-19,12:45:44,0.083569,0.092810,0.000610,29290.222253,0.059000
2026-08-19,12:45:44,0.112949,0.092810,0.000610,29290.222253,0.059000
2026-08-19,12:45:45,0.112949,0.092810,0.000610,29290.222863,0.059000
2026-08-19,12:45:46,0.083569,0.092810,0.000610,29290.223473,0.059000
2026-08-19,12:45:46,0.082287,0.092810,0.000610,29290.224083,0.059000
2026-08-19,12:45:47,0.082287,0.092810,0.000610,29290.224083,0.059000
2026-08-19,12:45:48,0.082287,0.092810,0.000610,29290.224693,0.059000
2026-08-19,12:45:48,0.185145,0.092810,0.000610,29290.224693,0.059000
2026-08-19,12:45:49,0.164252,0.092810,0.000610,29290.225303,0.059000
2026-08-19,12:45:50,0.082287,0.092747,0.000610,29290.225913,0.059000
2026-08-19,12:45:50,0.107037,0.092747,0.000610,29290.225913,0.059000
2026-08-19,12:45:51,0.107037,0.092747,0.000610,29290.226523,0.059000
2026-08-19,12:45:52,0.267110,0.092747,0.000610,29290.227133,0.059000
2026-08-19,12:45:52,0.144001,0.092747,0.000610,29290.227133,0.059000
2026-08-19,12:45:53,0.123430,0.092747,0.000610,29290.227743,0.059000
2026-08-19,12:45:54,0.168129,0.092747,0.000610,29290.228353,0.059000
2026-08-19,12:45:54,0.168129,0.092747,0.000610,29290.228353,0.059000
2026-08-19,12:45:55,0.103386,0.094793,0.000630,29290.228963,0.059000
2026-08-19,12:45:56,0.082709,0.094505,0.000630,29290.229593,0.059000
2026-08-19,12:45:56,0.144417,0.094505,0.000620,29290.229593,0.059000
2026-08-19,12:45:57,0.144417,0.094505,0.000620,29290.230213,0.059000
2026-08-19,12:45:58,0.144417,0.094505,0.000620,29290.230833,0.059000
2026-08-19,12:45:58,0.082709,0.094526,0.000620,29290.230833,0.059000
2026-08-19,12:45:59,0.124063,0.094526,0.000620,29290.231453,0.059000
2026-08-19,12:46:00,0.103386,0.094526,0.000620,29290.232073,0.059000
2026-08-19,12:46:00,0.103386,0.094526,0.000620,29290.232073,0.059000
2026-08-19,12:46:01,0.124063,0.094526,0.000620,29290.232693,0.059000
2026-08-19,12:46:02,0.165417,0.094526,0.000620,29290.233313,0.059000
2026-08-19,12:46:02,0.123740,0.094526,0.000620,29290.233313,0.059000
2026-08-19,12:46:03,0.082709,0.094547,0.000620,29290.233933,0.059000
2026-08-19,12:46:04,0.082709,0.094547,0.000620,29290.234553,0.059000
2026-08-19,12:46:04,0.142551,0.094547,0.000620,29290.234553,0.059000
2026-08-19,12:46:05,0.081458,0.094443,0.000620,29290.235173,0.059000
2026-08-19,12:46:06,0.165520,0.094443,0.000620,29290.235793,0.059000
2026-08-19,12:46:06,0.165520,0.094443,0.000620,29290.235793,0.059000
2026-08-19,12:46:07,0.163900,0.094443,0.000620,29290.236413,0.059000
2026-08-19,12:46:08,0.103652,0.094497,0.000620,29290.237033,0.059000
2026-08-19,12:46:08,0.082922,0.089825,0.000590,29290.237033,0.059000
2026-08-19,12:46:09,0.082922,0.088905,0.000590,29290.237623,0.059000
2026-08-19,12:46:10,0.103652,0.088905,0.000590,29290.238213,0.059000
2026-08-19,12:46:10,0.103652,0.090913,0.000600,29290.238213,0.059000
2026-08-19,12:46:11,0.212811,0.090913,0.000600,29290.238813,0.059000
2026-08-19,12:46:12,0.124059,0.090913,0.000600,29290.239413,0.059000
2026-08-19,12:46:12,0.124059,0.090913,0.000600,29290.239413,0.059000
2026-08-19,12:46:13,0.124383,0.090913,0.000600,29290.240013,0.059000
2026-08-19,12:46:14,0.145113,0.090913,0.000600,29290.240613,0.059000
2026-08-19,12:46:14,0.124059,0.090913,0.000600,29290.240613,0.059000
2026-08-19,12:46:15,0.082922,0.090977,0.000600,29290.241213,0.059000
2026-08-19,12:46:16,0.082922,0.090977,0.000600,29290.241813,0.059000
2026-08-19,12:46:16,0.168435,0.090977,0.000600,29290.241813,0.059000
2026-08-19,12:46:17,0.123735,0.090977,0.000600,29290.242413,0.059000
2026-08-19,12:46:18,0.124059,0.090977,0.000600,29290.243013,0.059000
2026-08-19,12:46:18,0.124059,0.090977,0.000600,29290.243013,0.059000
2026-08-19,12:46:19,0.103652,0.090977,0.000600,29290.243613,0.059000
2026-08-19,12:46:20,0.124059,0.090977,0.000600,29290.244213,0.059000
2026-08-19,12:46:20,0.107215,0.090977,0.000600,29290.244213,0.059000
2026-08-19,12:46:21,0.114665,0.090977,0.000600,29290.244813,0.059000
2026-08-19,12:46:22,0.114665,0.090977,0.000600,29290.245413,0.059000
2026-08-19,12:46:22,0.082922,0.090977,0.000600,29290.245413,0.059000
2026-08-19,12:46:23,0.103652,0.090977,0.000600,29290.246013,0.059000
2026-08-19,12:46:24,0.115637,0.116803,0.000770,29290.246783,0.059000
2026-08-19,12:46:24,0.145113,0.114471,0.000760,29290.246783,0.059000
2026-08-19,12:46:25,0.145113,0.114471,0.000760,29290.247543,0.059000
2026-08-19,12:46:26,0.082922,0.114471,0.000760,29290.248303,0.059000
2026-08-19,12:46:26,0.081663,0.114471,0.000760,29290.248303,0.059000
2026-08-19,12:46:27,0.125027,0.114600,0.000760,29290.249063,0.059000
2026-08-19,12:46:28,0.125027,0.112454,0.000760,29290.249823,0.059000
2026-08-19,12:46:28,0.102597,0.112454,0.000750,29290.249823,0.059000
2026-08-19,12:46:29,0.121834,0.114272,0.000750,29290.250573,0.059000
2026-08-19,12:46:30,0.128887,0.114755,0.000760,29290.251333,0.059000
2026-08-19,12:46:30,0.102597,0.114293,0.000750,29290.251333,0.059000
2026-08-19,12:46:31,0.102597,0.114293,0.000750,29290.252083,0.059000
2026-08-19,12:46:32,0.143636,0.114293,0.000750,29290.252833,0.059000
2026-08-19,12:46:32,0.121513,0.114293,0.000750,29290.252833,0.059000
2026-08-19,12:46:33,0.102597,0.114293,0.000750,29290.253583,0.059000
2026-08-19,12:46:34,0.084676,0.114293,0.000750,29290.254333,0.059000
2026-08-19,12:46:34,0.084676,0.114293,0.000750,29290.254333,0.059000
2026-08-19,12:46:35,0.126353,0.115462,0.000760,29290.255093,0.059000
2026-08-19,12:46:36,0.101822,0.117352,0.000780,29290.255873,0.059000
2026-08-19,12:46:36,0.187056,0.117352,0.000780,29290.255873,0.059000
2026-08-19,12:46:37,0.187056,0.119425,0.000780,29290.256653,0.059000
2026-08-19,12:46:38,0.124380,0.119425,0.000790,29290.257443,0.059000
2026-08-19,12:46:38,0.190191,0.119425,0.000790,29290.257443,0.059000
2026-08-19,12:46:39,0.120523,0.119913,0.000790,29290.258233,0.059000
2026-08-19,12:46:40,0.082497,0.119913,0.000790,29290.259023,0.059000
2026-08-19,12:46:40,0.082497,0.119913,0.000790,29290.259023,0.059000
2026-08-19,12:46:41,0.082497,0.119913,0.000790,29290.259813,0.059000
2026-08-19,12:46:42,0.082497,0.119913,0.000790,29290.260603,0.059000
2026-08-19,12:46:42,0.082497,0.119913,0.000790,29290.260603,0.059000
2026-08-19,12:46:43,0.164994,0.119913,0.000790,29290.261393,0.059000
2026-08-19,12:46:44,0.164994,0.119913,0.000790,29290.262183,0.059000
2026-08-19,12:46:44,0.082497,0.119913,0.000790,29290.262183,0.059000
2026-08-19,12:46:45,0.103121,0.119913,0.000790,29290.262973,0.059000
2026-08-19,12:46:46,0.100543,0.119913,0.000790,29290.263763,0.059000
2026-08-19,12:46:46,0.100543,0.119913,0.000790,29290.263763,0.059000
2026-08-19,12:46:47,0.103121,0.119913,0.000790,29290.264553,0.059000
2026-08-19,12:46:48,0.103121,0.119913,0.000790,29290.265343,0.059000
2026-08-19,12:46:48,0.094098,0.119913,0.000790,29290.265343,0.059000
2026-08-19,12:46:49,0.164994,0.119913,0.000790,29290.266133,0.059000
2026-08-19,12:46:50,0.164994,0.115714,0.000790,29290.266923,0.059000
2026-08-19,12:46:50,0.103121,0.115714,0.000760,29290.266923,0.059000
2026-08-19,12:46:51,0.116781,0.114889,0.000760,29290.267683,0.059000
2026-08-19,12:46:52,0.123108,0.116941,0.000760,29290.268443,0.059000
2026-08-19,12:46:52,0.082287,0.116941,0.000770,29290.268443,0.059000
2026-08-19,12:46:53,0.082287,0.116941,0.000770,29290.269213,0.059000
2026-08-19,12:46:54,0.104735,0.116941,0.000770,29290.269983,0.059000
2026-08-19,12:46:54,0.082077,0.116941,0.000770,29290.269983,0.059000
2026-08-19,12:46:55,0.123116,0.117069,0.000770,29290.270753,0.059000
2026-08-19,12:46:56,0.123116,0.117069,0.000770,29290.271523,0.059000
2026-08-19,12:46:56,0.082077,0.117069,0.000770,29290.271523,0.059000
2026-08-19,12:46:57,0.083681,0.117069,0.000770,29290.272293,0.059000
2026-08-19,12:46:58,0.082077,0.117069,0.000770,29290.273063,0.059000
2026-08-19,12:46:58,0.123116,0.116492,0.000770,29290.273063,0.059000
2026-08-19,12:46:59,0.123116,0.116492,0.000770,29290.273833,0.059000
2026-08-19,12:47:00,0.083788,0.116492,0.000770,29290.274603,0.059000
2026-08-19,12:47:00,0.146629,0.120895,0.000800,29290.274603,0.059000
2026-08-19,12:47:01,0.087061,0.120895,0.000800,29290.275403,0.059000
2026-08-19,12:47:02,0.083788,0.120895,0.000800,29290.276203,0.059000
2026-08-19,12:47:02,0.083788,0.120895,0.000800,29290.276203,0.059000
2026-08-19,12:47:03,0.083788,0.120895,0.000800,29290.277003,0.059000
2026-08-19,12:47:04,0.146629,0.122923,0.000800,29290.277803,0.059000
2026-08-19,12:47:04,0.125682,0.125308,0.000830,29290.277803,0.059000
2026-08-19,12:47:05,0.125682,0.127501,0.000840,29290.278633,0.059000
2026-08-19,12:47:05,0.146301,0.127501,0.000840,29290.279473,0.059000
2026-08-19,12:47:06,0.082497,0.127501,0.000840,29290.279473,0.059000
2026-08-19,12:47:07,0.103121,0.127501,0.000840,29290.280313,0.059000
2026-08-19,12:47:07,0.082497,0.127501,0.000840,29290.281153,0.059000
2026-08-19,12:47:08,0.082497,0.127501,0.000840,29290.281153,0.059000
2026-08-19,12:47:09,0.113122,0.126761,0.000840,29290.281993,0.059000
2026-08-19,12:47:09,0.164125,0.126761,0.000840,29290.282833,0.059000
2026-08-19,12:47:10,0.144740,0.126761,0.000840,29290.282833,0.059000
2026-08-19,12:47:11,0.144740,0.126761,0.000840,29290.283673,0.059000
2026-08-19,12:47:11,0.165094,0.126761,0.000840,29290.284513,0.059000
2026-08-19,12:47:12,0.082709,0.126761,0.000840,29290.284513,0.059000
2026-08-19,12:47:13,0.103386,0.126761,0.000840,29290.285353,0.059000
2026-08-19,12:47:13,0.082709,0.126761,0.000840,29290.286193,0.059000
2026-08-19,12:47:14,0.082709,0.126761,0.000840,29290.286193,0.059000
2026-08-19,12:47:15,0.082709,0.126761,0.000840,29290.287033,0.059000
2026-08-19,12:47:15,0.110171,0.127465,0.000840,29290.287873,0.059000
2026-08-19,12:47:16,0.082709,0.124058,0.000820,29290.287873,0.059000
2026-08-19,12:47:17,0.144740,0.124058,0.000820,29290.288693,0.059000
2026-08-19,12:47:17,0.144740,0.124058,0.000820,29290.289513,0.059000
2026-08-19,12:47:18,0.082709,0.124058,0.000820,29290.289513,0.059000
2026-08-19,12:47:19,0.141832,0.125931,0.000820,29290.290333,0.059000
2026-08-19,12:47:19,0.144740,0.128093,0.000850,29290.291183,0.059000
2026-08-19,12:47:20,0.144740,0.129932,0.000860,29290.291183,0.059000
2026-08-19,12:47:21,0.141509,0.129932,0.000860,29290.292043,0.059000
2026-08-19,12:47:21,0.119863,0.127256,0.000840,29290.292883,0.059000
2026-08-19,12:47:22,0.082709,0.127256,0.000840,29290.292883,0.059000
2026-08-19,12:47:23,0.110494,0.123642,0.000840,29290.293723,0.059000
2026-08-19,12:47:23,0.110494,0.119475,0.000820,29290.294543,0.059000
2026-08-19,12:47:24,0.084008,0.119475,0.000820,29290.294543,0.059000
2026-08-19,12:47:25,0.168015,0.119475,0.000790,29290.295333,0.059000
2026-08-19,12:47:25,0.144740,0.119475,0.000790,29290.296123,0.059000
2026-08-19,12:47:26,0.084452,0.113290,0.000790,29290.296123,0.059000
2026-08-19,12:47:27,0.084452,0.113290,0.000750,29290.296873,0.059000
2026-08-19,12:47:27,0.084452,0.110423,0.000730,29290.297603,0.059000
2026-08-19,12:47:28,0.233456,0.110423,0.000730,29290.297603,0.059000
2026-08-19,12:47:29,0.122485,0.111654,0.000730,29290.298333,0.059000
2026-08-19,12:47:29,0.122485,0.115632,0.000760,29290.299093,0.059000
2026-08-19,12:47:30,0.122485,0.115632,0.000760,29290.299093,0.059000
2026-08-19,12:47:31,0.081870,0.115632,0.000760,29290.299853,0.059000
2026-08-19,12:47:31,0.122804,0.113729,0.000750,29290.300603,0.059000
2026-08-19,12:47:32,0.081870,0.113729,0.000750,29290.300603,0.059000
2026-08-19,12:47:33,0.081870,0.113729,0.000750,29290.301353,0.059000
2026-08-19,12:47:33,0.081870,0.113729,0.000750,29290.302103,0.059000
2026-08-19,12:47:34,0.083352,0.113729,0.000750,29290.302103,0.059000
2026-08-19,12:47:35,0.102597,0.113729,0.000750,29290.302853,0.059000
2026-08-19,12:47:35,0.107772,0.113729,0.000750,29290.303603,0.059000
2026-08-19,12:47:36,0.107772,0.113729,0.000750,29290.303603,0.059000
2026-08-19,12:47:37,0.166378,0.113729,0.000750,29290.304353,0.059000
2026-08-19,12:47:37,0.083352,0.107590,0.000710,29290.305063,0.059000
2026-08-19,12:47:38,0.143636,0.107590,0.000710,29290.305063,0.059000
2026-08-19,12:47:39,0.143636,0.107590,0.000710,29290.305773,0.059000
2026-08-19,12:47:39,0.229815,0.107590,0.000670,29290.306443,0.059000
2026-08-19,12:47:40,0.081663,0.101606,0.000670,29290.306443,0.059000
2026-08-19,12:47:41,0.102079,0.099827,0.000660,29290.307103,0.059000
2026-08-19,12:47:41,0.103993,0.099177,0.000650,29290.307753,0.059000
2026-08-19,12:47:42,0.103993,0.099177,0.000650,29290.307753,0.059000
2026-08-19,12:47:43,0.165844,0.099177,0.000650,29290.308403,0.059000
2026-08-19,12:47:43,0.147401,0.099177,0.000650,29290.309053,0.059000
2026-08-19,12:47:44,0.105286,0.099177,0.000650,29290.309053,0.059000
2026-08-19,12:47:45,0.082287,0.099177,0.000650,29290.309703,0.059000
2026-08-19,12:47:45,0.082287,0.099177,0.000650,29290.310353,0.059000
2026-08-19,12:47:46,0.160716,0.099177,0.000650,29290.310353,0.059000
2026-08-19,12:47:47,0.082287,0.099005,0.000650,29290.311003,0.059000
2026-08-19,12:47:47,0.082287,0.098789,0.000650,29290.311653,0.059000
2026-08-19,12:47:48,0.082287,0.098789,0.000650,29290.311653,0.059000
2026-08-19,12:47:49,0.144001,0.098789,0.000650,29290.312303,0.059000
2026-08-19,12:47:49,0.099001,0.100243,0.000650,29290.312953,0.059000
2026-08-19,12:47:50,0.113465,0.099342,0.000660,29290.312953,0.059000
2026-08-19,12:47:51,0.147461,0.101839,0.000670,29290.313613,0.059000
2026-08-19,12:47:51,0.147461,0.100844,0.000670,29290.314283,0.059000
2026-08-19,12:47:52,0.112856,0.100844,0.000670,29290.314283,0.059000
2026-08-19,12:47:53,0.184354,0.100844,0.000670,29290.314953,0.059000
2026-08-19,12:47:53,0.173453,0.100844,0.000670,29290.315623,0.059000
2026-08-19,12:47:54,0.108047,0.103314,0.000670,29290.315623,0.059000
2026-08-19,12:47:55,0.108047,0.103314,0.000710,29290.316293,0.059000
2026-08-19,12:47:55,0.123116,0.107459,0.000710,29290.317003,0.059000
2026-08-19,12:47:56,0.126673,0.109919,0.000730,29290.317003,0.059000
2026-08-19,12:47:57,0.144740,0.113993,0.000750,29290.317733,0.059000
2026-08-19,12:47:57,0.144740,0.124374,0.000750,29290.318483,0.059000
2026-08-19,12:47:58,0.186095,0.124374,0.000820,29290.318483,0.059000
2026-08-19,12:47:59,0.138602,0.130006,0.000860,29290.319303,0.059000
2026-08-19,12:47:59,0.082709,0.130006,0.000860,29290.319303,0.059000
2026-08-19,12:48:00,0.103386,0.130006,0.000860,29290.320163,0.059000
2026-08-19,12:48:01,0.103386,0.130006,0.000860,29290.321023,0.059000
2026-08-19,12:48:01,0.206772,0.130006,0.000860,29290.321023,0.059000
2026-08-19,12:48:02,0.105001,0.130606,0.000860,29290.321883,0.059000
2026-08-19,12:48:03,0.144740,0.130606,0.000860,29290.322743,0.059000
2026-08-19,12:48:03,0.144740,0.130606,0.000860,29290.322743,0.059000
2026-08-19,12:48:04,0.082709,0.130606,0.000860,29290.323603,0.059000
2026-08-19,12:48:05,0.082709,0.130606,0.000860,29290.324463,0.059000
2026-08-19,12:48:05,0.118894,0.131148,0.000870,29290.324463,0.059000
2026-08-19,12:48:06,0.206449,0.131148,0.000870,29290.325333,0.059000
2026-08-19,12:48:07,0.206449,0.131148,0.000870,29290.326203,0.059000
2026-08-19,12:48:07,0.082709,0.131148,0.000870,29290.326203,0.059000
2026-08-19,12:48:08,0.082709,0.131148,0.000870,29290.327073,0.059000
2026-08-19,12:48:09,0.144417,0.130844,0.000870,29290.327943,0.059000
2026-08-19,12:48:09,0.144417,0.134032,0.000860,29290.327943,0.059000
2026-08-19,12:48:10,0.144740,0.134032,0.000900,29290.328803,0.059000
2026-08-19,12:48:11,0.124063,0.135634,0.000900,29290.329703,0.059000
2026-08-19,12:48:11,0.103386,0.133661,0.000880,29290.329703,0.059000
2026-08-19,12:48:12,0.103386,0.131332,0.000870,29290.330583,0.059000
2026-08-19,12:48:13,0.103386,0.131332,0.000870,29290.331453,0.059000
2026-08-19,12:48:13,0.195141,0.131332,0.000870,29290.331453,0.059000
2026-08-19,12:48:14,0.144740,0.131332,0.000870,29290.332323,0.059000
2026-08-19,12:48:15,0.142551,0.131332,0.000870,29290.333193,0.059000
2026-08-19,12:48:15,0.082709,0.131332,0.000870,29290.333193,0.059000
2026-08-19,12:48:16,0.082709,0.131332,0.000870,29290.334063,0.059000
2026-08-19,12:48:17,0.082709,0.131332,0.000870,29290.334933,0.059000
2026-08-19,12:48:17,0.118248,0.128683,0.000850,29290.334933,0.059000
2026-08-19,12:48:18,0.165094,0.128683,0.000850,29290.335783,0.059000
2026-08-19,12:48:19,0.165094,0.128683,0.000850,29290.336633,0.059000
2026-08-19,12:48:19,0.144417,0.128683,0.000850,29290.336633,0.059000
2026-08-19,12:48:20,0.082709,0.128683,0.000850,29290.337483,0.059000
2026-08-19,12:48:21,0.088847,0.128683,0.000850,29290.338333,0.059000
2026-08-19,12:48:21,0.082709,0.128683,0.000850,29290.338333,0.059000
2026-08-19,12:48:22,0.082709,0.128683,0.000850,29290.339183,0.059000
2026-08-19,12:48:23,0.173494,0.128683,0.000850,29290.340033,0.059000
2026-08-19,12:48:23,0.116632,0.121737,0.000800,29290.340033,0.059000
2026-08-19,12:48:24,0.144740,0.122351,0.000800,29290.340833,0.059000
2026-08-19,12:48:25,0.123740,0.124225,0.000810,29290.341643,0.059000
2026-08-19,12:48:25,0.123740,0.124225,0.000820,29290.341643,0.059000
2026-08-19,12:48:26,0.124063,0.124741,0.000820,29290.342463,0.059000
2026-08-19,12:48:27,0.134544,0.123754,0.000820,29290.343283,0.059000
2026-08-19,12:48:27,0.110373,0.120317,0.000800,29290.343283,0.059000
2026-08-19,12:48:28,0.110373,0.116396,0.000800,29290.344083,0.059000
2026-08-19,12:48:29,0.084853,0.116396,0.000770,29290.344853,0.059000
2026-08-19,12:48:29,0.102079,0.116266,0.000770,29290.344853,0.059000
2026-08-19,12:48:30,0.160455,0.116266,0.000770,29290.345623,0.059000
2026-08-19,12:48:31,0.084676,0.114395,0.000760,29290.346383,0.059000
2026-08-19,12:48:31,0.084676,0.114395,0.000760,29290.346383,0.059000
2026-08-19,12:48:32,0.123740,0.114395,0.000760,29290.347143,0.059000
2026-08-19,12:48:33,0.134725,0.114395,0.000760,29290.347903,0.059000
2026-08-19,12:48:33,0.082709,0.110841,0.000760,29290.347903,0.059000
2026-08-19,12:48:34,0.082709,0.109516,0.000730,29290.348633,0.059000
2026-08-19,12:48:35,0.103386,0.109516,0.000720,29290.349353,0.059000
2026-08-19,12:48:35,0.082709,0.103313,0.000720,29290.349353,0.059000
2026-08-19,12:48:36,0.124063,0.103313,0.000680,29290.350033,0.059000
2026-08-19,12:48:37,0.124063,0.103313,0.000680,29290.350713,0.059000
2026-08-19,12:48:37,0.124063,0.103313,0.000680,29290.350713,0.059000
2026-08-19,12:48:38,0.105565,0.103313,0.000680,29290.351393,0.059000
2026-08-19,12:48:39,0.103920,0.103313,0.000680,29290.352073,0.059000
2026-08-19,12:48:39,0.158478,0.103313,0.000680,29290.352073,0.059000
2026-08-19,12:48:40,0.158478,0.101331,0.000680,29290.352753,0.059000
2026-08-19,12:48:41,0.103920,0.101331,0.000670,29290.353423,0.059000
2026-08-19,12:48:41,0.124704,0.101395,0.000670,29290.353423,0.059000
2026-08-19,12:48:42,0.103920,0.098333,0.000650,29290.354073,0.059000
2026-08-19,12:48:43,0.145164,0.098333,0.000650,29290.354723,0.059000
2026-08-19,12:48:43,0.145164,0.098333,0.000650,29290.354723,0.059000
2026-08-19,12:48:44,0.145488,0.098333,0.000650,29290.355373,0.059000
2026-08-19,12:48:44,0.083136,0.095609,0.000650,29290.356003,0.059000
2026-08-19,12:48:45,0.103920,0.097516,0.000630,29290.356003,0.059000
2026-08-19,12:48:46,0.139688,0.097516,0.000640,29290.356633,0.059000
2026-08-19,12:48:46,0.139688,0.097516,0.000640,29290.357273,0.059000
2026-08-19,12:48:47,0.110732,0.097516,0.000640,29290.357273,0.059000
2026-08-19,12:48:48,0.153754,0.097516,0.000640,29290.357913,0.059000
2026-08-19,12:48:48,0.081663,0.095474,0.000640,29290.358553,0.059000
2026-08-19,12:48:49,0.081663,0.095474,0.000630,29290.358553,0.059000
2026-08-19,12:48:50,0.146301,0.095474,0.000630,29290.359183,0.059000
2026-08-19,12:48:50,0.104735,0.095474,0.000630,29290.359813,0.059000
2026-08-19,12:48:51,0.095898,0.095474,0.000630,29290.359813,0.059000
2026-08-19,12:48:52,0.082287,0.095474,0.000630,29290.360443,0.059000
2026-08-19,12:48:52,0.082287,0.095474,0.000630,29290.361073,0.059000
2026-08-19,12:48:53,0.123108,0.099318,0.000660,29290.361073,0.059000
2026-08-19,12:48:54,0.126344,0.103681,0.000680,29290.361733,0.059000
2026-08-19,12:48:54,0.084229,0.103681,0.000680,29290.361733,0.059000
2026-08-19,12:48:55,0.084229,0.105141,0.000680,29290.362413,0.059000
2026-08-19,12:48:56,0.117986,0.105141,0.000690,29290.363093,0.059000
2026-08-19,12:48:56,0.082077,0.105141,0.000690,29290.363093,0.059000
2026-08-19,12:48:57,0.123116,0.109182,0.000720,29290.363783,0.059000
2026-08-19,12:48:58,0.122154,0.111005,0.000720,29290.364503,0.059000
2026-08-19,12:48:58,0.122154,0.111005,0.000730,29290.364503,0.059000
2026-08-19,12:48:59,0.124702,0.111005,0.000730,29290.365233,0.059000
2026-08-19,12:49:00,0.102079,0.110821,0.000730,29290.365963,0.059000
2026-08-19,12:49:00,0.107215,0.113229,0.000730,29290.365963,0.059000
2026-08-19,12:49:01,0.133452,0.116182,0.000770,29290.366693,0.059000
2026-08-19,12:49:02,0.133452,0.116182,0.000770,29290.367463,0.059000
2026-08-19,12:49:02,0.165844,0.124600,0.000820,29290.367463,0.059000
2026-08-19,12:49:03,0.124383,0.124728,0.000820,29290.368283,0.059000
2026-08-19,12:49:04,0.136044,0.125698,0.000820,29290.369103,0.059000
2026-08-19,12:49:04,0.136044,0.125698,0.000830,29290.369103,0.059000
2026-08-19,12:49:05,0.082922,0.125698,0.000830,29290.369933,0.059000
2026-08-19,12:49:06,0.160013,0.129900,0.000830,29290.370763,0.059000
2026-08-19,12:49:06,0.103652,0.129900,0.000860,29290.370763,0.059000
2026-08-19,12:49:07,0.082922,0.129900,0.000860,29290.371623,0.059000
2026-08-19,12:49:08,0.082922,0.129900,0.000860,29290.372483,0.059000
2026-08-19,12:49:08,0.206980,0.129900,0.000860,29290.372483,0.059000
2026-08-19,12:49:09,0.126974,0.130286,0.000860,29290.373343,0.059000
2026-08-19,12:49:10,0.103652,0.128436,0.000860,29290.374203,0.059000
2026-08-19,12:49:10,0.103652,0.124411,0.000850,29290.374203,0.059000
2026-08-19,12:49:11,0.084452,0.124411,0.000820,29290.375053,0.059000
2026-08-19,12:49:12,0.123423,0.124411,0.000820,29290.375873,0.059000
2026-08-19,12:49:12,0.083786,0.124411,0.000820,29290.375873,0.059000
2026-08-19,12:49:13,0.082497,0.124411,0.000820,29290.376693,0.059000
2026-08-19,12:49:14,0.082497,0.124411,0.000820,29290.377513,0.059000
2026-08-19,12:49:14,0.097965,0.124411,0.000820,29290.377513,0.059000
2026-08-19,12:49:15,0.083788,0.124411,0.000820,29290.378333,0.059000
2026-08-19,12:49:16,0.125682,0.126771,0.000820,29290.379153,0.059000
2026-08-19,12:49:16,0.125682,0.128618,0.000850,29290.379153,0.059000
2026-08-19,12:49:17,0.125682,0.128618,0.000850,29290.380003,0.059000
2026-08-19,12:49:18,0.102858,0.125558,0.000830,29290.380833,0.059000
2026-08-19,12:49:18,0.123108,0.121285,0.000800,29290.380833,0.059000
2026-08-19,12:49:19,0.123430,0.121189,0.000800,29290.381633,0.059000
2026-08-19,12:49:20,0.123430,0.117871,0.000800,29290.382433,0.059000
2026-08-19,12:49:20,0.102858,0.117871,0.000780,29290.382433,0.059000
2026-08-19,12:49:21,0.082287,0.110098,0.000780,29290.383213,0.059000
2026-08-19,12:49:22,0.082287,0.105630,0.000700,29290.383913,0.059000
2026-08-19,12:49:22,0.117001,0.105630,0.000700,29290.383913,0.059000
2026-08-19,12:49:23,0.117001,0.105630,0.000700,29290.384613,0.059000
2026-08-19,12:49:24,0.105010,0.105630,0.000700,29290.385313,0.059000
2026-08-19,12:49:24,0.123740,0.105630,0.000700,29290.385313,0.059000
2026-08-19,12:49:25,0.091109,0.105630,0.000700,29290.386013,0.059000
2026-08-19,12:49:26,0.091109,0.105630,0.000700,29290.386713,0.059000
2026-08-19,12:49:26,0.105010,0.105630,0.000700,29290.386713,0.059000
2026-08-19,12:49:27,0.116823,0.105630,0.000700,29290.387413,0.059000
2026-08-19,12:49:28,0.120105,0.105630,0.000700,29290.388113,0.059000
2026-08-19,12:49:28,0.168002,0.105630,0.000700,29290.388113,0.059000
2026-08-19,12:49:29,0.168002,0.105630,0.000700,29290.388813,0.059000
2026-08-19,12:49:30,0.124063,0.105630,0.000700,29290.389513,0.059000
2026-08-19,12:49:30,0.089170,0.105630,0.000700,29290.389513,0.059000
2026-08-19,12:49:31,0.123740,0.107638,0.000700,29290.390213,0.059000
2026-08-19,12:49:32,0.082709,0.107638,0.000710,29290.390923,0.059000
2026-08-19,12:49:32,0.082709,0.107638,0.000710,29290.390923,0.059000
2026-08-19,12:49:33,0.101822,0.107638,0.000710,29290.391633,0.059000
2026-08-19,12:49:34,0.103732,0.107638,0.000710,29290.392343,0.059000
2026-08-19,12:49:34,0.122187,0.107638,0.000710,29290.392343,0.059000
2026-08-19,12:49:35,0.122187,0.107485,0.000710,29290.393053,0.059000
2026-08-19,12:49:36,0.082922,0.107485,0.000710,29290.393763,0.059000
2026-08-19,12:49:36,0.082922,0.103209,0.000710,29290.393763,0.059000
2026-08-19,12:49:37,0.206980,0.103209,0.000680,29290.394443,0.059000
2026-08-19,12:49:38,0.101822,0.100823,0.000670,29290.395113,0.059000
2026-08-19,12:49:38,0.101822,0.100823,0.000670,29290.395113,0.059000
2026-08-19,12:49:39,0.175110,0.100823,0.000670,29290.395783,0.059000
2026-08-19,12:49:40,0.084008,0.098938,0.000650,29290.396433,0.059000
2026-08-19,12:49:40,0.102858,0.096913,0.000650,29290.396433,0.059000
2026-08-19,12:49:41,0.082287,0.092799,0.000640,29290.397073,0.059000
2026-08-19,12:49:42,0.082287,0.092799,0.000610,29290.397683,0.059000
2026-08-19,12:49:42,0.144001,0.092799,0.000610,29290.397683,0.059000
2026-08-19,12:49:43,0.102858,0.092799,0.000610,29290.398293,0.059000
2026-08-19,12:49:44,0.083569,0.092799,0.000610,29290.398903,0.059000
2026-08-19,12:49:44,0.083569,0.092799,0.000610,29290.398903,0.059000
2026-08-19,12:49:45,0.121110,0.092799,0.000610,29290.399513,0.059000
2026-08-19,12:49:46,0.218252,0.092799,0.000610,29290.400123,0.059000
2026-08-19,12:49:46,0.103809,0.092894,0.000610,29290.400123,0.059000
2026-08-19,12:49:47,0.125354,0.097201,0.000640,29290.400733,0.059000
2026-08-19,12:49:48,0.125354,0.097201,0.000640,29290.401373,0.059000
2026-08-19,12:49:48,0.083569,0.097201,0.000640,29290.401373,0.059000
2026-08-19,12:49:49,0.125027,0.101475,0.000670,29290.402013,0.059000
2026-08-19,12:49:50,0.083569,0.101475,0.000670,29290.402683,0.059000
2026-08-19,12:49:50,0.083569,0.101475,0.000670,29290.402683,0.059000
2026-08-19,12:49:51,0.083569,0.101475,0.000670,29290.403353,0.059000
2026-08-19,12:49:52,0.131466,0.102247,0.000670,29290.404023,0.059000
2026-08-19,12:49:52,0.083569,0.102247,0.000670,29290.404023,0.059000
2026-08-19,12:49:53,0.083569,0.102247,0.000670,29290.404693,0.059000
2026-08-19,12:49:54,0.083569,0.102247,0.000670,29290.405363,0.059000
2026-08-19,12:49:54,0.146246,0.102247,0.000670,29290.405363,0.059000
2026-08-19,12:49:55,0.148858,0.102247,0.000670,29290.406033,0.059000
2026-08-19,12:49:56,0.125354,0.102247,0.000670,29290.406703,0.059000
2026-08-19,12:49:56,0.083569,0.102312,0.000670,29290.406703,0.059000
2026-08-19,12:49:57,0.083569,0.102312,0.000680,29290.407373,0.059000
2026-08-19,12:49:58,0.167138,0.102312,0.000680,29290.408053,0.059000
2026-08-19,12:49:58,0.125354,0.102312,0.000680,29290.408053,0.059000
2026-08-19,12:49:59,0.083569,0.102377,0.000680,29290.408733,0.059000
2026-08-19,12:50:00,0.083569,0.100552,0.000680,29290.409413,0.059000
2026-08-19,12:50:00,0.083569,0.100552,0.000660,29290.409413,0.059000
2026-08-19,12:50:01,0.104461,0.102597,0.000680,29290.410073,0.059000
2026-08-19,12:50:02,0.120784,0.104389,0.000680,29290.410753,0.059000
2026-08-19,12:50:02,0.208597,0.104389,0.000690,29290.410753,0.059000
2026-08-19,12:50:03,0.208597,0.107738,0.000710,29290.411443,0.059000
2026-08-19,12:50:04,0.115769,0.107738,0.000710,29290.412153,0.059000
