# 펌프 2개, 설치 높이 2300mm, 파이프 200A, 파이프내 수위 82mm
# Level 설정 : Range 5.000m, Low Level 2.000m, Distance Migration 0.340m, Empty Height 1.944m, Water Level 0.057m
# Flow 설정 : U-Shape, Canal Width 0.200m, Height 0.200m, Installation Height 2.000m
# Flow Direction:Downstream
# 순서: date, time, Real-time velocity, Avg. velocity, Instant. flow rate, Cumulative flow, Water level, 펌프
date,time,Real-time velocity,Avg. velocity,Instant. flow rate,Cumulative flow,Water level,펌프
2026-08-19,11:26:30,0.182751,0.104176,0.00069,29287.079153,0.059,2
2026-08-19,11:26:31,0.083352,0.104176,0.00069,29287.079843,0.059,2
2026-08-19,11:26:32,0.083352,0.104176,0.00069,29287.080533,0.059,2
2026-08-19,11:26:32,0.112981,0.104176,0.00069,29287.080533,0.059,2
2026-08-19,11:26:33,0.122495,0.104176,0.00069,29287.081223,0.059,2
2026-08-19,11:26:34,0.122176,0.104176,0.00069,29287.081913,0.059,2
2026-08-19,11:26:34,0.122176,0.104134,0.00069,29287.081913,0.059,2
2026-08-19,11:26:35,0.081663,0.104134,0.00069,29287.082603,0.059,2
2026-08-19,11:26:36,0.231274,0.104134,0.00069,29287.083293,0.059,2
2026-08-19,11:26:36,0.082922,0.102167,0.00067,29287.083293,0.059,2
2026-08-19,11:26:37,0.124059,0.102167,0.00067,29287.083963,0.059,2
2026-08-19,11:26:38,0.124059,0.102167,0.00067,29287.084633,0.059,2
2026-08-19,11:26:38,0.082922,0.100919,0.00067,29287.084633,0.059,2
2026-08-19,11:26:39,0.081663,0.098666,0.00067,29287.085303,0.059,2
2026-08-19,11:26:40,0.081663,0.092469,0.00065,29287.085953,0.059,2
2026-08-19,11:26:40,0.081663,0.092469,0.00061,29287.085953,0.059,2
2026-08-19,11:26:41,0.122495,0.092469,0.00061,29287.086563,0.059,2
2026-08-19,11:26:42,0.142911,0.092469,0.00061,29287.087173,0.059,2
2026-08-19,11:26:42,0.155713,0.092469,0.00061,29287.087173,0.059,2
2026-08-19,11:26:43,0.102337,0.090391,0.00061,29287.087783,0.059,2
2026-08-19,11:26:44,0.102337,0.090392,0.0006,29287.088383,0.059,2
2026-08-19,11:26:44,0.122804,0.090392,0.0006,29287.088383,0.059,2
2026-08-19,11:26:45,0.08187,0.090392,0.0006,29287.088983,0.059,2
2026-08-19,11:26:46,0.145488,0.090392,0.0006,29287.089583,0.059,2
2026-08-19,11:26:46,0.118859,0.090392,0.0006,29287.089583,0.059,2
2026-08-19,11:26:47,0.118859,0.090392,0.0006,29287.090183,0.059,2
2026-08-19,11:26:48,0.105323,0.090392,0.0006,29287.090783,0.059,2
2026-08-19,11:26:48,0.081458,0.090392,0.0006,29287.090783,0.059,2
2026-08-19,11:26:49,0.165417,0.090392,0.0006,29287.091383,0.059,2
2026-08-19,11:26:50,0.111463,0.091458,0.0006,29287.091983,0.059,2
2026-08-19,11:26:50,0.111463,0.091458,0.00064,29287.091983,0.059,2
2026-08-19,11:26:51,0.14474,0.097553,0.00064,29287.092623,0.059,2
2026-08-19,11:26:52,0.144417,0.103659,0.00068,29287.093303,0.059,2
2026-08-19,11:26:52,0.100758,0.103659,0.00068,29287.093303,0.059,2
2026-08-19,11:26:53,0.100758,0.103659,0.00068,29287.093983,0.059,2
2026-08-19,11:26:54,0.124063,0.103659,0.00068,29287.094663,0.059,2
2026-08-19,11:26:54,0.082709,0.103764,0.00068,29287.094663,0.059,2
2026-08-19,11:26:55,0.105324,0.106004,0.00068,29287.095343,0.059,2
2026-08-19,11:26:56,0.082709,0.105983,0.0007,29287.096043,0.059,2
2026-08-19,11:26:56,0.082709,0.105983,0.0007,29287.096043,0.059,2
2026-08-19,11:26:57,0.082709,0.106088,0.0007,29287.096743,0.059,2
2026-08-19,11:26:58,0.12374,0.106088,0.0007,29287.097443,0.059,2
2026-08-19,11:26:58,0.082709,0.106192,0.0007,29287.097443,0.059,2
2026-08-19,11:26:59,0.082709,0.106192,0.0007,29287.098143,0.059,2
2026-08-19,11:27:00,0.124063,0.106192,0.0007,29287.098843,0.059,2
2026-08-19,11:27:00,0.10501,0.106192,0.0007,29287.098843,0.059,2
2026-08-19,11:27:01,0.126012,0.106192,0.0007,29287.099543,0.059,2
2026-08-19,11:27:02,0.082287,0.104187,0.00069,29287.100233,0.059,2
2026-08-19,11:27:02,0.082287,0.104187,0.00069,29287.100233,0.059,2
2026-08-19,11:27:03,0.12343,0.104187,0.00069,29287.100923,0.059,2
2026-08-19,11:27:04,0.146301,0.104187,0.00069,29287.101613,0.059,2
2026-08-19,11:27:04,0.104735,0.104187,0.00069,29287.101613,0.059,2
2026-08-19,11:27:05,0.146629,0.104187,0.00069,29287.102303,0.059,2
2026-08-19,11:27:06,0.146629,0.100925,0.00067,29287.102973,0.059,2
2026-08-19,11:27:06,0.090185,0.100925,0.00067,29287.102973,0.059,2
2026-08-19,11:27:07,0.122804,0.100925,0.00067,29287.103643,0.059,2
2026-08-19,11:27:08,0.145866,0.100925,0.00067,29287.104313,0.059,2
2026-08-19,11:27:08,0.114283,0.100925,0.00067,29287.104313,0.059,2
2026-08-19,11:27:09,0.114283,0.100925,0.00067,29287.104983,0.059,2
2026-08-19,11:27:10,0.166704,0.100925,0.00067,29287.105653,0.059,2
2026-08-19,11:27:10,0.125028,0.100925,0.00067,29287.105653,0.059,2
2026-08-19,11:27:11,0.1781,0.100925,0.00067,29287.106323,0.059,2
2026-08-19,11:27:12,0.1781,0.098114,0.00065,29287.106973,0.059,2
2026-08-19,11:27:12,0.083352,0.098114,0.00065,29287.106973,0.059,2
2026-08-19,11:27:13,0.081458,0.091786,0.00061,29287.107583,0.059,2
2026-08-19,11:27:14,0.182962,0.091786,0.00061,29287.108193,0.059,2
2026-08-19,11:27:14,0.154961,0.091786,0.00061,29287.108193,0.059,2
2026-08-19,11:27:15,0.154961,0.091786,0.00061,29287.108803,0.059,2
2026-08-19,11:27:16,0.216787,0.091786,0.00061,29287.109413,0.059,2
2026-08-19,11:27:16,0.103386,0.087683,0.00058,29287.109413,0.059,2
2026-08-19,11:27:17,0.120761,0.091488,0.0006,29287.109993,0.059,2
2026-08-19,11:27:18,0.165417,0.091488,0.0006,29287.110593,0.059,2
2026-08-19,11:27:18,0.165417,0.091488,0.0006,29287.110593,0.059,2
2026-08-19,11:27:19,0.221633,0.091488,0.0006,29287.111193,0.059,2
2026-08-19,11:27:20,0.155402,0.091488,0.0006,29287.111793,0.059,2
2026-08-19,11:27:20,0.082709,0.089226,0.0006,29287.111793,0.059,2
2026-08-19,11:27:21,0.082709,0.091294,0.0006,29287.112393,0.059,2
2026-08-19,11:27:22,0.103386,0.091294,0.0006,29287.112993,0.059,2
2026-08-19,11:27:22,0.110171,0.09404,0.00062,29287.112993,0.059,2
2026-08-19,11:27:23,0.14474,0.09404,0.00062,29287.113613,0.059,2
2026-08-19,11:27:24,0.12374,0.09404,0.00062,29287.114233,0.059,2
2026-08-19,11:27:25,0.12374,0.09404,0.00062,29287.114233,0.059,2
2026-08-19,11:27:25,0.082709,0.09404,0.00062,29287.114853,0.059,2
2026-08-19,11:27:26,0.08917,0.094729,0.00062,29287.115473,0.059,2
2026-08-19,11:27:27,0.186095,0.094729,0.00062,29287.115473,0.059,2
2026-08-19,11:27:27,0.186095,0.094729,0.00062,29287.116093,0.059,2
2026-08-19,11:27:28,0.186095,0.094729,0.00062,29287.116713,0.059,2
2026-08-19,11:27:29,0.082709,0.093981,0.00062,29287.116713,0.059,2
2026-08-19,11:27:29,0.14474,0.093981,0.00062,29287.117333,0.059,2
2026-08-19,11:27:30,0.082709,0.093917,0.00062,29287.117953,0.059,2
2026-08-19,11:27:31,0.082709,0.093917,0.00062,29287.117953,0.059,2
2026-08-19,11:27:31,0.124063,0.093917,0.00062,29287.118573,0.059,2
2026-08-19,11:27:32,0.124063,0.093917,0.00062,29287.119193,0.059,2
2026-08-19,11:27:33,0.10501,0.093917,0.00062,29287.119193,0.059,2
2026-08-19,11:27:33,0.102858,0.093917,0.00062,29287.119813,0.059,2
2026-08-19,11:27:34,0.102858,0.093917,0.00062,29287.120433,0.059,2
2026-08-19,11:27:35,0.082287,0.093917,0.00062,29287.120433,0.059,2
2026-08-19,11:27:35,0.102858,0.093917,0.00062,29287.121053,0.059,2
2026-08-19,11:27:36,0.146685,0.093917,0.00062,29287.121673,0.059,2
2026-08-19,11:27:37,0.147014,0.093917,0.00062,29287.121673,0.059,2
2026-08-19,11:27:37,0.147014,0.093917,0.00062,29287.122293,0.059,2
2026-08-19,11:27:38,0.10501,0.093917,0.00062,29287.122913,0.059,2
2026-08-19,11:27:39,0.210019,0.093917,0.00062,29287.122913,0.059,2
2026-08-19,11:27:39,0.096601,0.095431,0.00062,29287.123533,0.059,2
2026-08-19,11:27:40,0.124063,0.097499,0.00063,29287.124163,0.059,2
2026-08-19,11:27:41,0.124063,0.097499,0.00064,29287.124163,0.059,2
2026-08-19,11:27:41,0.103386,0.095761,0.00064,29287.124803,0.059,2
2026-08-19,11:27:42,0.103386,0.097829,0.00065,29287.125453,0.059,2
2026-08-19,11:27:43,0.103386,0.097829,0.00065,29287.125453,0.059,2
2026-08-19,11:27:43,0.103386,0.097829,0.00065,29287.126103,0.059,2
2026-08-19,11:27:44,0.14474,0.097829,0.00065,29287.126753,0.059,2
2026-08-19,11:27:45,0.14474,0.097829,0.00065,29287.126753,0.059,2
2026-08-19,11:27:45,0.082709,0.095083,0.00065,29287.127403,0.059,2
2026-08-19,11:27:46,0.082709,0.095083,0.00063,29287.128033,0.059,2
2026-08-19,11:27:47,0.082709,0.096504,0.00064,29287.128033,0.059,2
2026-08-19,11:27:47,0.103386,0.096504,0.00064,29287.128673,0.059,2
2026-08-19,11:27:48,0.103386,0.098572,0.00065,29287.129323,0.059,2
2026-08-19,11:27:49,0.106294,0.10093,0.00067,29287.129323,0.059,2
2026-08-19,11:27:49,0.163156,0.10093,0.00067,29287.129993,0.059,2
2026-08-19,11:27:50,0.163156,0.10093,0.00067,29287.130663,0.059,2
2026-08-19,11:27:51,0.12374,0.10093,0.00067,29287.130663,0.059,2
2026-08-19,11:27:51,0.117601,0.10093,0.00067,29287.131333,0.059,2
2026-08-19,11:27:52,0.086586,0.10093,0.00067,29287.132003,0.059,2
2026-08-19,11:27:53,0.086586,0.10093,0.00067,29287.132003,0.059,2
2026-08-19,11:27:53,0.165417,0.10093,0.00067,29287.132673,0.059,2
2026-08-19,11:27:54,0.124063,0.10093,0.00067,29287.133343,0.059,2
2026-08-19,11:27:55,0.082709,0.099541,0.00066,29287.133343,0.059,2
2026-08-19,11:27:55,0.103386,0.097473,0.00066,29287.134003,0.059,2
2026-08-19,11:27:56,0.103386,0.097473,0.00064,29287.134643,0.059,2
2026-08-19,11:27:57,0.14474,0.097473,0.00064,29287.134643,0.059,2
2026-08-19,11:27:57,0.082709,0.095406,0.00063,29287.135273,0.059,2
2026-08-19,11:27:58,0.126678,0.095406,0.00063,29287.135903,0.059,2
2026-08-19,11:27:59,0.123423,0.095406,0.00063,29287.135903,0.059,2
2026-08-19,11:27:59,0.123423,0.095406,0.00063,29287.136533,0.059,2
2026-08-19,11:28:00,0.082497,0.093317,0.00062,29287.137153,0.059,2
2026-08-19,11:28:01,0.117945,0.093317,0.00062,29287.137153,0.059,2
2026-08-19,11:28:01,0.212687,0.093317,0.00062,29287.137773,0.059,2
2026-08-19,11:28:02,0.212687,0.093317,0.00062,29287.138393,0.059,2
2026-08-19,11:28:03,0.164994,0.093317,0.00062,29287.138393,0.059,2
2026-08-19,11:28:03,0.123745,0.093317,0.00062,29287.139013,0.059,2
2026-08-19,11:28:04,0.082497,0.091228,0.0006,29287.139613,0.059,2
2026-08-19,11:28:05,0.082497,0.091207,0.0006,29287.139613,0.059,2
2026-08-19,11:28:05,0.082497,0.093248,0.0006,29287.140213,0.059,2
2026-08-19,11:28:06,0.103121,0.093248,0.00062,29287.140833,0.059,2
2026-08-19,11:28:07,0.082497,0.091159,0.00062,29287.140833,0.059,2
2026-08-19,11:28:07,0.082497,0.08907,0.00059,29287.141423,0.059,2
2026-08-19,11:28:08,0.082497,0.086691,0.00057,29287.141993,0.059,2
2026-08-19,11:28:09,0.082497,0.086691,0.00057,29287.141993,0.059,2
2026-08-19,11:28:09,0.123745,0.086691,0.00057,29287.142563,0.059,2
2026-08-19,11:28:10,0.157757,0.086691,0.00057,29287.143133,0.059,2
2026-08-19,11:28:11,0.083788,0.086799,0.00057,29287.143133,0.059,2
2026-08-19,11:28:11,0.083788,0.084839,0.00057,29287.143703,0.059,2
2026-08-19,11:28:12,0.083788,0.084839,0.00057,29287.144273,0.059,2
2026-08-19,11:28:13,0.104735,0.087041,0.00057,29287.144273,0.059,2
2026-08-19,11:28:13,0.082077,0.086999,0.00057,29287.144843,0.059,2
2026-08-19,11:28:14,0.117666,0.086999,0.00057,29287.145413,0.059,2
2026-08-19,11:28:15,0.117666,0.086999,0.00057,29287.145413,0.059,2
2026-08-19,11:28:15,0.122475,0.086999,0.00057,29287.145983,0.059,2
2026-08-19,11:28:16,0.102597,0.086999,0.00057,29287.146553,0.059,2
2026-08-19,11:28:17,0.126344,0.086999,0.00057,29287.146553,0.059,2
2026-08-19,11:28:17,0.082922,0.087042,0.00057,29287.147123,0.059,2
2026-08-19,11:28:18,0.082922,0.087042,0.00057,29287.147693,0.059,2
2026-08-19,11:28:19,0.103652,0.089157,0.00059,29287.147693,0.059,2
2026-08-19,11:28:19,0.082922,0.087137,0.00057,29287.148283,0.059,2
2026-08-19,11:28:20,0.097498,0.088638,0.00057,29287.148853,0.059,2
2026-08-19,11:28:21,0.097498,0.08868,0.00058,29287.148853,0.059,2
2026-08-19,11:28:21,0.082922,0.08868,0.00058,29287.149433,0.059,2
2026-08-19,11:28:22,0.102079,0.090638,0.00058,29287.150013,0.059,2
2026-08-19,11:28:23,0.166704,0.090638,0.0006,29287.150013,0.059,2
2026-08-19,11:28:23,0.123116,0.090638,0.0006,29287.150613,0.059,2
2026-08-19,11:28:24,0.123116,0.090638,0.0006,29287.151213,0.059,2
2026-08-19,11:28:25,0.123116,0.090638,0.0006,29287.151213,0.059,2
2026-08-19,11:28:25,0.082077,0.090467,0.0006,29287.151813,0.059,2
2026-08-19,11:28:26,0.146246,0.090467,0.0006,29287.152413,0.059,2
2026-08-19,11:28:27,0.083569,0.090445,0.0006,29287.152413,0.059,2
2026-08-19,11:28:27,0.083569,0.090445,0.0006,29287.153013,0.059,2
2026-08-19,11:28:28,0.125027,0.090445,0.0006,29287.153613,0.059,2
2026-08-19,11:28:29,0.208923,0.090445,0.0006,29287.153613,0.059,2
2026-08-19,11:28:29,0.083569,0.088329,0.00058,29287.154213,0.059,2
2026-08-19,11:28:30,0.083569,0.088329,0.00058,29287.154793,0.059,2
2026-08-19,11:28:31,0.146246,0.088329,0.00058,29287.154793,0.059,2
2026-08-19,11:28:31,0.146246,0.088329,0.00058,29287.155373,0.059,2
2026-08-19,11:28:32,0.104461,0.088329,0.00058,29287.155953,0.059,2
2026-08-19,11:28:33,0.083569,0.088329,0.00058,29287.155953,0.059,2
2026-08-19,11:28:33,0.083569,0.088329,0.00058,29287.156533,0.059,2
2026-08-19,11:28:34,0.166812,0.088329,0.00058,29287.157113,0.059,2
2026-08-19,11:28:35,0.083569,0.088478,0.00058,29287.157113,0.059,2
2026-08-19,11:28:35,0.104461,0.090632,0.0006,29287.157693,0.059,2
2026-08-19,11:28:36,0.083569,0.088624,0.0006,29287.158293,0.059,2
2026-08-19,11:28:37,0.083569,0.088624,0.00058,29287.158293,0.059,2
2026-08-19,11:28:37,0.115887,0.088624,0.00058,29287.158873,0.059,2
2026-08-19,11:28:38,0.104461,0.088624,0.00058,29287.159453,0.059,2
2026-08-19,11:28:39,0.104461,0.088624,0.00058,29287.159453,0.059,2
2026-08-19,11:28:39,0.221866,0.088624,0.00058,29287.160033,0.059,2
2026-08-19,11:28:40,0.221866,0.088624,0.00058,29287.160613,0.059,2
2026-08-19,11:28:41,0.143636,0.088624,0.00058,29287.160613,0.059,2
2026-08-19,11:28:41,0.112856,0.088624,0.00058,29287.161193,0.059,2
2026-08-19,11:28:42,0.116063,0.088624,0.00058,29287.161773,0.059,2
2026-08-19,11:28:43,0.116063,0.088624,0.00058,29287.161773,0.059,2
2026-08-19,11:28:43,0.102597,0.088624,0.00058,29287.162353,0.059,2
2026-08-19,11:28:44,0.123116,0.088624,0.00058,29287.162933,0.059,2
2026-08-19,11:28:45,0.143636,0.088624,0.00058,29287.162933,0.059,2
2026-08-19,11:28:45,0.184354,0.088624,0.00058,29287.163513,0.059,2
2026-08-19,11:28:46,0.184354,0.088624,0.00058,29287.164093,0.059,2
2026-08-19,11:28:47,0.143636,0.088624,0.00058,29287.164093,0.059,2
2026-08-19,11:28:47,0.164155,0.088624,0.00058,29287.164673,0.059,2
2026-08-19,11:28:48,0.10419,0.09075,0.0006,29287.165273,0.059,2
2026-08-19,11:28:49,0.124702,0.093471,0.00062,29287.165273,0.059,2
2026-08-19,11:28:49,0.124702,0.093471,0.00062,29287.165893,0.059,2
2026-08-19,11:28:50,0.166704,0.093471,0.00062,29287.166513,0.059,2
2026-08-19,11:28:51,0.143315,0.093471,0.00062,29287.166513,0.059,2
2026-08-19,11:28:51,0.146246,0.093471,0.00062,29287.167133,0.059,2
2026-08-19,11:28:52,0.146246,0.093471,0.00062,29287.167753,0.059,2
2026-08-19,11:28:53,0.12343,0.093471,0.00062,29287.167753,0.059,2
2026-08-19,11:28:53,0.14368,0.093471,0.00062,29287.168373,0.059,2
2026-08-19,11:28:54,0.102858,0.093471,0.00062,29287.168993,0.059,2
2026-08-19,11:28:55,0.205716,0.093471,0.00062,29287.168993,0.059,2
2026-08-19,11:28:55,0.205716,0.093471,0.00062,29287.169613,0.059,2
2026-08-19,11:28:56,0.082287,0.093407,0.00062,29287.170233,0.059,2
2026-08-19,11:28:57,0.082287,0.091428,0.00062,29287.170233,0.059,2
2026-08-19,11:28:57,0.102858,0.093506,0.0006,29287.170833,0.059,2
2026-08-19,11:28:58,0.102858,0.095435,0.00063,29287.171463,0.059,2
2026-08-19,11:28:59,0.102858,0.095435,0.00063,29287.171463,0.059,2
2026-08-19,11:28:59,0.12343,0.099421,0.00066,29287.172123,0.059,2
2026-08-19,11:29:00,0.082287,0.099421,0.00066,29287.172783,0.059,2
2026-08-19,11:29:01,0.104461,0.099421,0.00066,29287.172783,0.059,2
2026-08-19,11:29:01,0.104461,0.099421,0.00066,29287.173443,0.059,2
2026-08-19,11:29:02,0.129201,0.099421,0.00066,29287.174103,0.059,2
2026-08-19,11:29:03,0.142312,0.099421,0.00066,29287.174103,0.059,2
2026-08-19,11:29:03,0.10392,0.099421,0.00066,29287.174763,0.059,2
2026-08-19,11:29:04,0.180237,0.099421,0.00066,29287.175423,0.059,2
2026-08-19,11:29:05,0.180237,0.099421,0.00066,29287.175423,0.059,2
2026-08-19,11:29:05,0.144189,0.099421,0.00066,29287.176083,0.059,2
2026-08-19,11:29:06,0.083136,0.099378,0.00066,29287.176743,0.059,2
2026-08-19,11:29:07,0.081458,0.097077,0.00066,29287.176743,0.059,2
2026-08-19,11:29:07,0.10419,0.09914,0.00064,29287.177383,0.059,2
2026-08-19,11:29:08,0.10419,0.09914,0.00067,29287.178053,0.059,2
2026-08-19,11:29:09,0.125028,0.101223,0.00067,29287.178053,0.059,2
2026-08-19,11:29:09,0.119167,0.10067,0.00066,29287.178713,0.059,2
2026-08-19,11:29:10,0.118516,0.104293,0.00069,29287.179403,0.059,2
2026-08-19,11:29:11,0.118516,0.108567,0.00069,29287.179403,0.059,2
2026-08-19,11:29:11,0.125028,0.108567,0.00072,29287.180123,0.059,2
2026-08-19,11:29:12,0.10419,0.1087,0.00072,29287.180843,0.059,2
2026-08-19,11:29:13,0.145866,0.1087,0.00072,29287.180843,0.059,2
2026-08-19,11:29:13,0.083352,0.10675,0.0007,29287.181543,0.059,2
2026-08-19,11:29:14,0.083352,0.104826,0.0007,29287.182233,0.059,2
2026-08-19,11:29:15,0.10419,0.104826,0.00069,29287.182233,0.059,2
2026-08-19,11:29:15,0.166704,0.104826,0.00069,29287.182923,0.059,2
2026-08-19,11:29:16,0.083352,0.104847,0.00069,29287.183613,0.059,2
2026-08-19,11:29:17,0.083352,0.105037,0.00069,29287.183613,0.059,2
2026-08-19,11:29:17,0.083352,0.105037,0.00069,29287.184303,0.059,2
2026-08-19,11:29:18,0.14554,0.105037,0.00069,29287.184993,0.059,2
2026-08-19,11:29:19,0.10419,0.105037,0.00069,29287.184993,0.059,2
2026-08-19,11:29:19,0.163419,0.105037,0.00069,29287.185683,0.059,2
2026-08-19,11:29:20,0.163419,0.105037,0.00069,29287.186373,0.059,2
2026-08-19,11:29:21,0.122804,0.105037,0.00069,29287.186373,0.059,2
2026-08-19,11:29:21,0.102337,0.105037,0.00069,29287.187063,0.059,2
2026-08-19,11:29:22,0.102337,0.105037,0.00069,29287.187753,0.059,2
2026-08-19,11:29:23,0.135915,0.108209,0.00069,29287.187753,0.059,2
2026-08-19,11:29:23,0.135915,0.108209,0.00071,29287.188443,0.059,2
2026-08-19,11:29:24,0.084452,0.108209,0.00071,29287.188443,0.059,2
2026-08-19,11:29:25,0.124704,0.108177,0.00071,29287.189153,0.059,2
2026-08-19,11:29:25,0.106985,0.106958,0.00071,29287.189863,0.059,2
2026-08-19,11:29:26,0.104461,0.105553,0.00071,29287.189863,0.059,2
2026-08-19,11:29:27,0.104461,0.105553,0.0007,29287.190573,0.059,2
2026-08-19,11:29:27,0.16975,0.105553,0.0007,29287.191273,0.059,2
2026-08-19,11:29:28,0.125354,0.105553,0.0007,29287.191273,0.059,2
2026-08-19,11:29:29,0.104461,0.105553,0.0007,29287.191973,0.059,2
2026-08-19,11:29:29,0.104461,0.105553,0.0007,29287.192673,0.059,2
2026-08-19,11:29:30,0.082077,0.105553,0.0007,29287.192673,0.059,2
2026-08-19,11:29:31,0.145866,0.105553,0.0007,29287.193373,0.059,2
2026-08-19,11:29:31,0.083352,0.101385,0.00067,29287.194073,0.059,2
2026-08-19,11:29:32,0.141308,0.101385,0.00067,29287.194073,0.059,2
2026-08-19,11:29:33,0.141308,0.101385,0.00067,29287.194743,0.059,2
2026-08-19,11:29:33,0.228892,0.101385,0.00067,29287.195413,0.059,2
2026-08-19,11:29:34,0.160518,0.101385,0.00067,29287.195413,0.059,2
2026-08-19,11:29:35,0.088887,0.099855,0.00066,29287.196083,0.059,2
2026-08-19,11:29:35,0.085604,0.10008,0.00066,29287.196743,0.059,2
2026-08-19,11:29:36,0.085604,0.10008,0.00066,29287.196743,0.059,2
2026-08-19,11:29:37,0.193331,0.10008,0.00066,29287.197403,0.059,2
2026-08-19,11:29:37,0.163834,0.10008,0.00066,29287.198063,0.059,2
2026-08-19,11:29:38,0.102597,0.099921,0.00066,29287.198063,0.059,2
2026-08-19,11:29:39,0.102597,0.099921,0.00066,29287.198723,0.059,2
2026-08-19,11:29:39,0.147878,0.099921,0.00066,29287.199383,0.059,2
2026-08-19,11:29:40,0.167138,0.099921,0.00066,29287.199383,0.059,2
2026-08-19,11:29:41,0.104461,0.102032,0.00067,29287.200043,0.059,2
2026-08-19,11:29:41,0.126966,0.106393,0.00067,29287.200713,0.059,2
2026-08-19,11:29:42,0.126966,0.103088,0.0007,29287.200713,0.059,2
2026-08-19,11:29:43,0.102858,0.103088,0.00068,29287.201413,0.059,2
2026-08-19,11:29:43,0.102858,0.100903,0.00068,29287.202093,0.059,2
2026-08-19,11:29:44,0.12343,0.102547,0.00068,29287.202093,0.059,2
2026-08-19,11:29:45,0.12343,0.104444,0.00069,29287.202773,0.059,2
2026-08-19,11:29:45,0.12343,0.104444,0.00069,29287.203463,0.059,2
2026-08-19,11:29:46,0.082287,0.104444,0.00069,29287.203463,0.059,2
2026-08-19,11:29:47,0.185145,0.104444,0.00069,29287.204153,0.059,2
2026-08-19,11:29:47,0.102858,0.106395,0.00069,29287.204843,0.059,2
2026-08-19,11:29:48,0.102858,0.105735,0.0007,29287.204843,0.059,2
2026-08-19,11:29:49,0.082287,0.105735,0.0007,29287.205543,0.059,2
2026-08-19,11:29:49,0.123108,0.105735,0.0007,29287.206243,0.059,2
2026-08-19,11:29:50,0.082287,0.105403,0.0007,29287.206243,0.059,2
2026-08-19,11:29:51,0.185145,0.105403,0.0007,29287.206943,0.059,2
2026-08-19,11:29:51,0.185145,0.105403,0.0007,29287.207643,0.059,2
2026-08-19,11:29:52,0.225967,0.105403,0.0007,29287.207643,0.059,2
2026-08-19,11:29:53,0.146301,0.105403,0.0007,29287.208343,0.059,2
2026-08-19,11:29:53,0.185296,0.105403,0.0007,29287.209043,0.059,2
2026-08-19,11:29:54,0.082497,0.103393,0.00068,29287.209043,0.059,2
2026-08-19,11:29:55,0.082497,0.103393,0.00068,29287.209723,0.059,2
2026-08-19,11:29:55,0.144047,0.103393,0.00068,29287.210403,0.059,2
2026-08-19,11:29:56,0.14437,0.103393,0.00068,29287.210403,0.059,2
2026-08-19,11:29:57,0.103121,0.103393,0.00068,29287.211083,0.059,2
2026-08-19,11:29:57,0.185296,0.103393,0.00068,29287.211763,0.059,2
2026-08-19,11:29:58,0.185296,0.103393,0.00068,29287.211763,0.059,2
2026-08-19,11:29:59,0.167576,0.103393,0.00068,29287.212443,0.059,2
2026-08-19,11:29:59,0.164573,0.103393,0.00068,29287.213123,0.059,2
2026-08-19,11:30:00,0.123108,0.103393,0.00068,29287.213123,0.059,2
2026-08-19,11:30:01,0.123108,0.103393,0.00068,29287.213803,0.059,2
2026-08-19,11:30:01,0.146246,0.103393,0.00068,29287.214483,0.059,2
2026-08-19,11:30:02,0.091077,0.102055,0.00067,29287.214483,0.059,2
2026-08-19,11:30:03,0.088139,0.098172,0.00067,29287.215153,0.059,2
2026-08-19,11:30:03,0.122176,0.098172,0.00065,29287.215803,0.059,2
2026-08-19,11:30:04,0.122176,0.098172,0.00065,29287.215803,0.059,2
2026-08-19,11:30:05,0.163326,0.098172,0.00065,29287.216453,0.059,2
2026-08-19,11:30:05,0.097932,0.097679,0.00064,29287.217093,0.059,2
2026-08-19,11:30:06,0.163326,0.097679,0.00064,29287.217733,0.059,2
2026-08-19,11:30:07,0.083569,0.095751,0.00064,29287.217733,0.059,2
2026-08-19,11:30:07,0.083569,0.095751,0.00063,29287.218363,0.059,2
2026-08-19,11:30:08,0.12343,0.095751,0.00063,29287.218993,0.059,2
2026-08-19,11:30:09,0.102858,0.095751,0.00063,29287.218993,0.059,2
2026-08-19,11:30:09,0.082287,0.095751,0.00063,29287.219623,0.059,2
2026-08-19,11:30:10,0.082287,0.095751,0.00063,29287.220253,0.059,2
2026-08-19,11:30:11,0.185145,0.095751,0.00063,29287.220253,0.059,2
2026-08-19,11:30:11,0.127361,0.095751,0.00063,29287.220883,0.059,2
2026-08-19,11:30:12,0.145113,0.095751,0.00063,29287.220883,0.059,2
2026-08-19,11:30:13,0.129241,0.095751,0.00063,29287.221513,0.059,2
2026-08-19,11:30:13,0.129241,0.095751,0.00063,29287.222143,0.059,2
2026-08-19,11:30:14,0.103652,0.095751,0.00063,29287.222143,0.059,2
2026-08-19,11:30:15,0.082922,0.095751,0.00063,29287.222773,0.059,2
2026-08-19,11:30:15,0.145144,0.095751,0.00063,29287.223403,0.059,2
2026-08-19,11:30:16,0.149122,0.095751,0.00063,29287.223403,0.059,2
2026-08-19,11:30:17,0.149122,0.095751,0.00063,29287.224033,0.059,2
2026-08-19,11:30:17,0.124702,0.095751,0.00063,29287.224663,0.059,2
2026-08-19,11:30:18,0.101568,0.095751,0.00063,29287.224663,0.059,2
2026-08-19,11:30:19,0.083569,0.095751,0.00063,29287.225293,0.059,2
2026-08-19,11:30:19,0.083569,0.095751,0.00063,29287.225923,0.059,2
2026-08-19,11:30:20,0.102337,0.095751,0.00063,29287.225923,0.059,2
2026-08-19,11:30:21,0.204674,0.095751,0.00063,29287.226553,0.059,2
2026-08-19,11:30:21,0.08187,0.091595,0.0006,29287.227183,0.059,2
2026-08-19,11:30:22,0.122485,0.091595,0.0006,29287.227183,0.059,2
2026-08-19,11:30:23,0.122485,0.087439,0.0006,29287.227783,0.059,2
2026-08-19,11:30:23,0.08187,0.087439,0.00058,29287.228383,0.059,2
2026-08-19,11:30:24,0.190017,0.087439,0.00058,29287.228383,0.059,2
2026-08-19,11:30:25,0.124063,0.087439,0.00058,29287.228963,0.059,2
2026-08-19,11:30:25,0.121564,0.087439,0.00058,29287.229543,0.059,2
2026-08-19,11:30:26,0.121564,0.087439,0.00058,29287.229543,0.059,2
2026-08-19,11:30:27,0.082709,0.085424,0.00056,29287.230123,0.059,2
2026-08-19,11:30:27,0.168574,0.085424,0.00056,29287.230683,0.059,2
2026-08-19,11:30:28,0.164252,0.085424,0.00056,29287.230683,0.059,2
2026-08-19,11:30:29,0.164252,0.085424,0.00056,29287.231243,0.059,2
2026-08-19,11:30:29,0.16618,0.085424,0.00056,29287.231803,0.059,2
2026-08-19,11:30:30,0.140144,0.085424,0.00056,29287.231803,0.059,2
2026-08-19,11:30:31,0.149787,0.085424,0.00056,29287.232363,0.059,2
2026-08-19,11:30:31,0.133716,0.085424,0.00056,29287.232923,0.059,2
2026-08-19,11:30:32,0.133716,0.085424,0.00056,29287.232923,0.059,2
2026-08-19,11:30:33,0.246538,0.085424,0.00056,29287.233483,0.059,2
2026-08-19,11:30:33,0.144001,0.085424,0.00056,29287.234043,0.059,2
2026-08-19,11:30:34,0.082287,0.085424,0.00056,29287.234043,0.059,2
2026-08-19,11:30:35,0.110251,0.085424,0.00056,29287.234603,0.059,2
2026-08-19,11:30:35,0.110251,0.085424,0.00056,29287.235163,0.059,2
2026-08-19,11:30:36,0.164573,0.085424,0.00056,29287.235163,0.059,2
2026-08-19,11:30:37,0.167138,0.085424,0.00056,29287.235723,0.059,2
2026-08-19,11:30:37,0.125027,0.085424,0.00056,29287.236283,0.059,2
2026-08-19,11:30:38,0.125027,0.085424,0.00056,29287.236283,0.059,2
2026-08-19,11:30:39,0.156692,0.085424,0.00056,29287.236843,0.059,2
2026-08-19,11:30:39,0.197171,0.085424,0.00056,29287.237403,0.059,2
2026-08-19,11:30:40,0.167138,0.085424,0.00056,29287.237403,0.059,2
2026-08-19,11:30:41,0.14592,0.085424,0.00056,29287.237963,0.059,2
2026-08-19,11:30:41,0.14592,0.085424,0.00056,29287.238523,0.059,2
2026-08-19,11:30:42,0.147878,0.085424,0.00056,29287.238523,0.059,2
2026-08-19,11:30:43,0.264738,0.085424,0.00056,29287.239083,0.059,2
2026-08-19,11:30:43,0.10419,0.087614,0.00056,29287.239643,0.059,2
2026-08-19,11:30:44,0.166704,0.087614,0.00058,29287.239643,0.059,2
2026-08-19,11:30:45,0.166704,0.087614,0.00058,29287.240223,0.059,2
2026-08-19,11:30:45,0.145866,0.087614,0.00058,29287.240803,0.059,2
2026-08-19,11:30:46,0.115586,0.087614,0.00058,29287.240803,0.059,2
2026-08-19,11:30:47,0.083352,0.087614,0.00058,29287.241383,0.059,2
2026-08-19,11:30:47,0.083352,0.087614,0.00058,29287.241963,0.059,2
2026-08-19,11:30:48,0.083352,0.087614,0.00058,29287.241963,0.059,2
2026-08-19,11:30:49,0.102597,0.087614,0.00058,29287.242543,0.059,2
2026-08-19,11:30:49,0.123116,0.087614,0.00058,29287.243123,0.059,2
2026-08-19,11:30:50,0.163834,0.087614,0.00058,29287.243123,0.059,2
2026-08-19,11:30:51,0.163834,0.089945,0.00059,29287.243703,0.059,2
2026-08-19,11:30:51,0.105803,0.089945,0.00059,29287.244293,0.059,2
2026-08-19,11:30:52,0.096826,0.090519,0.0006,29287.244293,0.059,2
2026-08-19,11:30:53,0.096184,0.091324,0.0006,29287.244893,0.059,2
2026-08-19,11:30:53,0.082077,0.089738,0.0006,29287.245493,0.059,2
2026-08-19,11:30:54,0.082077,0.089738,0.00059,29287.245493,0.059,2
2026-08-19,11:30:55,0.082077,0.089589,0.00059,29287.246083,0.059,2
2026-08-19,11:30:55,0.08849,0.090251,0.0006,29287.246683,0.059,2
2026-08-19,11:30:56,0.122796,0.090251,0.0006,29287.246683,0.059,2
2026-08-19,11:30:57,0.122796,0.090251,0.0006,29287.247283,0.059,2
2026-08-19,11:30:57,0.143636,0.090251,0.0006,29287.247883,0.059,2
2026-08-19,11:30:58,0.13017,0.090251,0.0006,29287.247883,0.059,2
2026-08-19,11:30:59,0.082077,0.090272,0.0006,29287.248483,0.059,2
2026-08-19,11:30:59,0.122796,0.090272,0.0006,29287.249083,0.059,2
2026-08-19,11:31:00,0.122796,0.090272,0.0006,29287.249083,0.059,2
2026-08-19,11:31:01,0.120551,0.090272,0.0006,29287.249683,0.059,2
2026-08-19,11:31:01,0.143636,0.090272,0.0006,29287.250283,0.059,2
2026-08-19,11:31:02,0.137544,0.090272,0.0006,29287.250283,0.059,2
2026-08-19,11:31:02,0.137544,0.090272,0.0006,29287.250883,0.059,2
2026-08-19,11:31:03,0.112655,0.090272,0.0006,29287.251483,0.059,2
2026-08-19,11:31:04,0.139402,0.090272,0.0006,29287.251483,0.059,2
2026-08-19,11:31:04,0.102079,0.090272,0.0006,29287.252083,0.059,2
2026-08-19,11:31:05,0.084008,0.090272,0.0006,29287.252683,0.059,2
2026-08-19,11:31:06,0.084008,0.090272,0.0006,29287.252683,0.059,2
2026-08-19,11:31:06,0.102858,0.090272,0.0006,29287.253283,0.059,2
2026-08-19,11:31:07,0.12568,0.119121,0.00079,29287.254073,0.059,2
2026-08-19,11:31:08,0.12343,0.119184,0.00079,29287.254073,0.059,2
2026-08-19,11:31:08,0.12343,0.119184,0.00079,29287.254863,0.059,2
2026-08-19,11:31:09,0.082287,0.119184,0.00079,29287.255653,0.059,2
2026-08-19,11:31:10,0.102858,0.119184,0.00079,29287.255653,0.059,2
2026-08-19,11:31:10,0.102858,0.119184,0.00079,29287.256443,0.059,2
2026-08-19,11:31:11,0.141392,0.121268,0.0008,29287.257243,0.059,2
2026-08-19,11:31:12,0.141392,0.117164,0.0008,29287.257243,0.059,2
2026-08-19,11:31:12,0.102597,0.117164,0.00077,29287.258013,0.059,2
2026-08-19,11:31:13,0.122796,0.11569,0.00076,29287.258773,0.059,2
2026-08-19,11:31:14,0.143636,0.118788,0.00076,29287.258773,0.059,2
2026-08-19,11:31:14,0.102597,0.115107,0.00078,29287.259553,0.059,2
2026-08-19,11:31:15,0.102597,0.115107,0.00076,29287.260313,0.059,2
2026-08-19,11:31:16,0.184674,0.115107,0.00076,29287.260313,0.059,2
2026-08-19,11:31:16,0.082077,0.113107,0.00075,29287.261063,0.059,2
2026-08-19,11:31:17,0.102597,0.114966,0.00076,29287.261823,0.059,2
2026-08-19,11:31:18,0.102597,0.112888,0.00076,29287.261823,0.059,2
2026-08-19,11:31:18,0.082077,0.112888,0.00075,29287.262573,0.059,2
2026-08-19,11:31:19,0.221981,0.112888,0.00075,29287.263323,0.059,2
2026-08-19,11:31:20,0.104461,0.110766,0.00075,29287.263323,0.059,2
2026-08-19,11:31:20,0.188031,0.110766,0.00073,29287.264073,0.059,2
2026-08-19,11:31:21,0.188031,0.110766,0.00073,29287.264803,0.059,2
2026-08-19,11:31:22,0.131883,0.110766,0.00073,29287.264803,0.059,2
2026-08-19,11:31:22,0.146246,0.110766,0.00073,29287.265533,0.059,2
2026-08-19,11:31:23,0.082077,0.106631,0.00073,29287.266263,0.059,2
2026-08-19,11:31:24,0.082077,0.106631,0.0007,29287.266263,0.059,2
2026-08-19,11:31:24,0.204873,0.106631,0.0007,29287.266963,0.059,2
2026-08-19,11:31:25,0.082077,0.100699,0.0007,29287.267663,0.059,2
2026-08-19,11:31:26,0.143636,0.100699,0.00066,29287.267663,0.059,2
2026-08-19,11:31:26,0.104461,0.100699,0.00066,29287.268323,0.059,2
2026-08-19,11:31:27,0.104461,0.100699,0.00066,29287.268323,0.059,2
2026-08-19,11:31:28,0.265757,0.100699,0.00066,29287.268983,0.059,2
2026-08-19,11:31:28,0.245289,0.100699,0.00066,29287.269643,0.059,2
2026-08-19,11:31:29,0.122804,0.10272,0.00066,29287.269643,0.059,2
2026-08-19,11:31:30,0.122804,0.10272,0.00068,29287.270303,0.059,2
2026-08-19,11:31:30,0.163739,0.10272,0.00068,29287.270983,0.059,2
2026-08-19,11:31:31,0.184207,0.10272,0.00068,29287.270983,0.059,2
2026-08-19,11:31:32,0.122804,0.102721,0.00068,29287.271663,0.059,2
2026-08-19,11:31:32,0.122485,0.100606,0.00068,29287.272343,0.059,2
2026-08-19,11:31:33,0.122485,0.100606,0.00066,29287.272343,0.059,2
2026-08-19,11:31:34,0.08187,0.100606,0.00066,29287.273003,0.059,2
2026-08-19,11:31:34,0.144871,0.100606,0.00066,29287.273663,0.059,2
2026-08-19,11:31:35,0.101058,0.100452,0.00066,29287.273663,0.059,2
2026-08-19,11:31:36,0.101058,0.100452,0.00066,29287.274323,0.059,2
2026-08-19,11:31:36,0.143272,0.100452,0.00066,29287.274983,0.059,2
2026-08-19,11:31:37,0.10419,0.100452,0.00066,29287.274983,0.059,2
2026-08-19,11:31:38,0.124702,0.100452,0.00066,29287.275643,0.059,2
2026-08-19,11:31:38,0.102337,0.100452,0.00066,29287.276303,0.059,2
2026-08-19,11:31:39,0.102337,0.100452,0.00066,29287.276303,0.059,2
2026-08-19,11:31:40,0.08187,0.100452,0.00066,29287.276963,0.059,2
2026-08-19,11:31:40,0.10419,0.100452,0.00066,29287.277623,0.059,2
2026-08-19,11:31:41,0.106697,0.100452,0.00066,29287.277623,0.059,2
2026-08-19,11:31:42,0.106697,0.100452,0.00066,29287.278283,0.059,2
2026-08-19,11:31:42,0.103652,0.100452,0.00066,29287.278943,0.059,2
2026-08-19,11:31:43,0.082922,0.100452,0.00066,29287.278943,0.059,2
2026-08-19,11:31:43,0.145113,0.100452,0.00066,29287.279603,0.059,2
2026-08-19,11:31:44,0.124383,0.100452,0.00066,29287.280263,0.059,2
2026-08-19,11:31:45,0.124383,0.100452,0.00066,29287.280263,0.059,2
2026-08-19,11:31:45,0.103652,0.100452,0.00066,29287.280923,0.059,2
2026-08-19,11:31:46,0.082922,0.100452,0.00066,29287.281583,0.059,2
2026-08-19,11:31:47,0.103652,0.100452,0.00066,29287.281583,0.059,2
2026-08-19,11:31:47,0.103652,0.100452,0.00066,29287.282243,0.059,2
2026-08-19,11:31:48,0.145113,0.100452,0.00066,29287.282903,0.059,2
2026-08-19,11:31:49,0.103652,0.100452,0.00066,29287.282903,0.059,2
2026-08-19,11:31:49,0.248765,0.100452,0.00066,29287.283563,0.059,2
2026-08-19,11:31:50,0.124383,0.104682,0.00066,29287.284223,0.059,2
2026-08-19,11:31:51,0.124383,0.106602,0.0007,29287.284223,0.059,2
2026-08-19,11:31:51,0.121791,0.106602,0.0007,29287.284923,0.059,2
2026-08-19,11:31:52,0.16552,0.106602,0.0007,29287.285623,0.059,2
2026-08-19,11:31:53,0.102079,0.108602,0.00072,29287.285623,0.059,2
2026-08-19,11:31:53,0.163007,0.108602,0.00072,29287.286343,0.059,2
2026-08-19,11:31:54,0.163007,0.108602,0.00072,29287.287063,0.059,2
2026-08-19,11:31:55,0.083136,0.10647,0.0007,29287.287063,0.059,2
2026-08-19,11:31:55,0.10392,0.108654,0.0007,29287.287763,0.059,2
2026-08-19,11:31:56,0.189005,0.108654,0.00072,29287.288483,0.059,2
2026-08-19,11:31:57,0.189005,0.110838,0.00073,29287.288483,0.059,2
2026-08-19,11:31:57,0.10392,0.110838,0.00073,29287.289213,0.059,2
2026-08-19,11:31:58,0.083136,0.106871,0.00071,29287.289923,0.059,2
2026-08-19,11:31:59,0.24467,0.106871,0.00071,29287.289923,0.059,2
2026-08-19,11:31:59,0.142911,0.106871,0.00071,29287.290633,0.059,2
2026-08-19,11:32:00,0.142911,0.106871,0.00071,29287.291343,0.059,2
2026-08-19,11:32:01,0.10419,0.106871,0.00071,29287.291343,0.059,2
2026-08-19,11:32:01,0.083352,0.106871,0.00071,29287.292053,0.059,2
2026-08-19,11:32:02,0.164155,0.106871,0.00071,29287.292763,0.059,2
2026-08-19,11:32:03,0.164155,0.105588,0.00071,29287.292763,0.059,2
2026-08-19,11:32:03,0.109971,0.105588,0.0007,29287.293463,0.059,2
2026-08-19,11:32:04,0.102597,0.103599,0.00068,29287.294143,0.059,2
2026-08-19,11:32:05,0.123116,0.105805,0.00068,29287.294143,0.059,2
2026-08-19,11:32:05,0.123116,0.105678,0.0007,29287.294843,0.059,2
2026-08-19,11:32:06,0.123116,0.104144,0.00069,29287.295533,0.059,2
2026-08-19,11:32:07,0.106444,0.104144,0.00069,29287.295533,0.059,2
2026-08-19,11:32:07,0.136903,0.107626,0.00071,29287.296243,0.059,2
2026-08-19,11:32:08,0.102597,0.109572,0.00072,29287.296243,0.059,2
2026-08-19,11:32:09,0.102597,0.110017,0.00072,29287.296963,0.059,2
2026-08-19,11:32:09,0.108368,0.110017,0.00073,29287.297693,0.059,2
2026-08-19,11:32:10,0.120551,0.11168,0.00074,29287.297693,0.059,2
2026-08-19,11:32:11,0.147791,0.118145,0.00074,29287.298433,0.059,2
2026-08-19,11:32:11,0.135966,0.120745,0.0008,29287.299233,0.059,2
2026-08-19,11:32:12,0.135966,0.120745,0.0008,29287.299233,0.059,2
2026-08-19,11:32:13,0.082287,0.120745,0.0008,29287.300033,0.059,2
2026-08-19,11:32:13,0.128573,0.123342,0.00082,29287.300853,0.059,2
2026-08-19,11:32:14,0.205716,0.123342,0.00082,29287.300853,0.059,2
2026-08-19,11:32:15,0.102858,0.121317,0.00082,29287.301673,0.059,2
2026-08-19,11:32:15,0.102858,0.121317,0.0008,29287.302473,0.059,2
2026-08-19,11:32:16,0.083788,0.117384,0.0008,29287.302473,0.059,2
2026-08-19,11:32:17,0.143315,0.117384,0.00078,29287.303253,0.059,2
2026-08-19,11:32:17,0.123116,0.117384,0.00078,29287.304033,0.059,2
2026-08-19,11:32:18,0.123116,0.117384,0.00078,29287.304033,0.059,2
2026-08-19,11:32:19,0.082077,0.117384,0.00078,29287.304813,0.059,2
2026-08-19,11:32:19,0.122796,0.119019,0.00079,29287.305603,0.059,2
2026-08-19,11:32:20,0.083569,0.119019,0.00079,29287.305603,0.059,2
2026-08-19,11:32:21,0.167138,0.119019,0.00079,29287.306393,0.059,2
2026-08-19,11:32:21,0.167138,0.115588,0.00076,29287.307183,0.059,2
2026-08-19,11:32:22,0.102597,0.115588,0.00076,29287.307183,0.059,2
2026-08-19,11:32:23,0.125028,0.117831,0.00078,29287.307943,0.059,2
2026-08-19,11:32:23,0.081254,0.117831,0.00078,29287.308723,0.059,2
2026-08-19,11:32:24,0.121564,0.119151,0.00078,29287.308723,0.059,2
2026-08-19,11:32:25,0.121564,0.119151,0.00079,29287.309503,0.059,2
2026-08-19,11:32:25,0.081254,0.119151,0.00079,29287.310293,0.059,2
2026-08-19,11:32:26,0.124704,0.119566,0.00079,29287.310293,0.059,2
2026-08-19,11:32:27,0.12438,0.117225,0.00077,29287.311083,0.059,2
2026-08-19,11:32:27,0.12438,0.117225,0.00077,29287.311853,0.059,2
2026-08-19,11:32:28,0.170819,0.117225,0.00077,29287.311853,0.059,2
2026-08-19,11:32:29,0.083136,0.111942,0.00074,29287.312623,0.059,2
2026-08-19,11:32:29,0.125679,0.111942,0.00074,29287.313363,0.059,2
2026-08-19,11:32:30,0.12438,0.111942,0.00074,29287.313363,0.059,2
2026-08-19,11:32:31,0.12438,0.107399,0.00074,29287.314103,0.059,2
2026-08-19,11:32:31,0.083136,0.107399,0.00074,29287.314843,0.059,2
2026-08-19,11:32:32,0.10392,0.107505,0.00071,29287.314843,0.059,2
2026-08-19,11:32:33,0.145488,0.107505,0.00071,29287.315553,0.059,2
2026-08-19,11:32:33,0.125354,0.107505,0.00071,29287.316263,0.059,2
2026-08-19,11:32:34,0.125354,0.107505,0.00071,29287.316263,0.059,2
2026-08-19,11:32:35,0.145488,0.107505,0.00071,29287.316973,0.059,2
2026-08-19,11:32:35,0.10392,0.107505,0.00071,29287.317683,0.059,2
2026-08-19,11:32:36,0.083136,0.107505,0.00071,29287.317683,0.059,2
2026-08-19,11:32:37,0.083136,0.107505,0.00071,29287.318393,0.059,2
2026-08-19,11:32:37,0.10392,0.107505,0.00071,29287.319103,0.059,2
2026-08-19,11:32:38,0.10392,0.107505,0.00071,29287.319103,0.059,2
2026-08-19,11:32:39,0.186732,0.107505,0.00071,29287.319813,0.059,2
2026-08-19,11:32:39,0.083136,0.10744,0.00071,29287.320523,0.059,2
2026-08-19,11:32:40,0.083136,0.10744,0.00071,29287.320523,0.059,2
2026-08-19,11:32:41,0.124704,0.10744,0.00071,29287.321233,0.059,2
2026-08-19,11:32:41,0.115936,0.10744,0.00071,29287.321943,0.059,2
2026-08-19,11:32:42,0.083136,0.10744,0.00071,29287.321943,0.059,2
2026-08-19,11:32:43,0.109766,0.106137,0.0007,29287.322653,0.059,2
2026-08-19,11:32:43,0.109766,0.106137,0.0007,29287.323353,0.059,2
2026-08-19,11:32:44,0.10392,0.106269,0.0007,29287.323353,0.059,2
2026-08-19,11:32:45,0.10392,0.104158,0.00069,29287.324053,0.059,2
2026-08-19,11:32:45,0.207516,0.104158,0.00069,29287.324743,0.059,2
2026-08-19,11:32:46,0.207516,0.102236,0.00069,29287.324743,0.059,2
2026-08-19,11:32:47,0.102337,0.102236,0.00069,29287.325433,0.059,2
2026-08-19,11:32:47,0.102337,0.099999,0.00066,29287.326093,0.059,2
2026-08-19,11:32:48,0.140074,0.099999,0.00066,29287.326093,0.059,2
2026-08-19,11:32:49,0.141193,0.099999,0.00066,29287.326753,0.059,2
2026-08-19,11:32:49,0.141193,0.099999,0.00066,29287.327413,0.059,2
2026-08-19,11:32:50,0.168904,0.099999,0.00066,29287.327413,0.059,2
2026-08-19,11:32:51,0.102858,0.097847,0.00066,29287.328073,0.059,2
2026-08-19,11:32:51,0.12343,0.101876,0.00065,29287.328723,0.059,2
2026-08-19,11:32:52,0.082287,0.101876,0.00067,29287.328723,0.059,2
2026-08-19,11:32:53,0.082287,0.101876,0.00067,29287.329393,0.059,2
2026-08-19,11:32:53,0.164573,0.101876,0.00067,29287.330063,0.059,2
2026-08-19,11:32:54,0.11668,0.101876,0.00067,29287.330063,0.059,2
2026-08-19,11:32:55,0.102858,0.101876,0.00067,29287.330733,0.059,2
2026-08-19,11:32:55,0.102858,0.101876,0.00067,29287.331403,0.059,2
2026-08-19,11:32:56,0.082287,0.101876,0.00067,29287.331403,0.059,2
2026-08-19,11:32:57,0.082287,0.101876,0.00067,29287.332073,0.059,2
2026-08-19,11:32:57,0.102858,0.101876,0.00067,29287.332743,0.059,2
2026-08-19,11:32:58,0.164573,0.101876,0.00067,29287.332743,0.059,2
2026-08-19,11:32:59,0.164573,0.101876,0.00067,29287.333413,0.059,2
2026-08-19,11:32:59,0.123108,0.101876,0.00067,29287.334083,0.059,2
2026-08-19,11:33:00,0.123108,0.101876,0.00067,29287.334083,0.059,2
2026-08-19,11:33:01,0.082287,0.101791,0.00067,29287.334753,0.059,2
2026-08-19,11:33:01,0.082287,0.101685,0.00067,29287.335423,0.059,2
2026-08-19,11:33:02,0.102858,0.101685,0.00067,29287.335423,0.059,2
2026-08-19,11:33:03,0.144001,0.101685,0.00067,29287.336093,0.059,2
2026-08-19,11:33:03,0.102858,0.101685,0.00067,29287.336763,0.059,2
2026-08-19,11:33:04,0.123108,0.101685,0.00067,29287.336763,0.059,2
2026-08-19,11:33:05,0.123108,0.1016,0.00067,29287.337433,0.059,2
2026-08-19,11:33:05,0.082287,0.1016,0.00067,29287.338103,0.059,2
2026-08-19,11:33:06,0.205395,0.1016,0.00067,29287.338103,0.059,2
2026-08-19,11:33:07,0.12343,0.102966,0.00067,29287.338773,0.059,2
2026-08-19,11:33:07,0.246538,0.102966,0.00068,29287.339453,0.059,2
2026-08-19,11:33:08,0.246538,0.102966,0.00068,29287.339453,0.059,2
2026-08-19,11:33:09,0.157757,0.102966,0.00068,29287.340133,0.059,2
2026-08-19,11:33:09,0.125354,0.102966,0.00068,29287.340813,0.059,2
2026-08-19,11:33:10,0.167248,0.102966,0.00068,29287.340813,0.059,2
2026-08-19,11:33:11,0.167248,0.102966,0.00068,29287.341493,0.059,2
2026-08-19,11:33:11,0.12343,0.102966,0.00068,29287.342173,0.059,2
2026-08-19,11:33:12,0.144001,0.102966,0.00068,29287.342173,0.059,2
2026-08-19,11:33:13,0.10642,0.102966,0.00068,29287.342853,0.059,2
2026-08-19,11:33:13,0.082287,0.102966,0.00068,29287.343533,0.059,2
2026-08-19,11:33:14,0.082287,0.102966,0.00068,29287.343533,0.059,2
2026-08-19,11:33:15,0.084008,0.102966,0.00068,29287.344213,0.059,2
2026-08-19,11:33:15,0.123423,0.104917,0.00069,29287.344903,0.059,2
2026-08-19,11:33:16,0.145336,0.109058,0.00069,29287.344903,0.059,2
2026-08-19,11:33:17,0.082497,0.109058,0.00072,29287.345623,0.059,2
2026-08-19,11:33:17,0.082497,0.109058,0.00072,29287.346343,0.059,2
2026-08-19,11:33:18,0.144047,0.109058,0.00072,29287.346343,0.059,2
2026-08-19,11:33:19,0.130835,0.109058,0.00072,29287.347063,0.059,2
2026-08-19,11:33:19,0.112144,0.109058,0.00072,29287.347783,0.059,2
2026-08-19,11:33:20,0.112144,0.109058,0.00072,29287.347783,0.059,2
2026-08-19,11:33:21,0.172083,0.109058,0.00072,29287.348503,0.059,2
2026-08-19,11:33:21,0.10501,0.109326,0.00072,29287.349223,0.059,2
2026-08-19,11:33:22,0.082497,0.107342,0.00072,29287.349223,0.059,2
2026-08-19,11:33:23,0.103121,0.107368,0.00071,29287.349943,0.059,2
2026-08-19,11:33:23,0.103121,0.105337,0.00071,29287.350653,0.059,2
2026-08-19,11:33:24,0.103121,0.105337,0.0007,29287.350653,0.059,2
2026-08-19,11:33:25,0.123745,0.109483,0.00072,29287.351353,0.059,2
2026-08-19,11:33:25,0.103121,0.109509,0.00072,29287.352073,0.059,2
2026-08-19,11:33:26,0.195608,0.109509,0.00072,29287.352073,0.058,2
2026-08-19,11:33:27,0.195608,0.109509,0.0007,29287.352793,0.058,2
2026-08-19,11:33:27,0.144047,0.109509,0.0007,29287.353493,0.058,2
2026-08-19,11:33:28,0.103121,0.109509,0.0007,29287.353493,0.058,2
2026-08-19,11:33:29,0.082497,0.109509,0.0007,29287.354193,0.058,2
2026-08-19,11:33:29,0.082497,0.109509,0.0007,29287.354893,0.058,2
2026-08-19,11:33:30,0.164027,0.109509,0.0007,29287.354893,0.058,2
2026-08-19,11:33:31,0.123745,0.109509,0.0007,29287.355593,0.058,2
2026-08-19,11:33:31,0.152847,0.109509,0.0007,29287.356293,0.058,2
2026-08-19,11:33:32,0.116383,0.109509,0.0007,29287.356293,0.058,2
2026-08-19,11:33:33,0.116383,0.109509,0.0007,29287.356993,0.058,2
2026-08-19,11:33:33,0.102597,0.109509,0.0007,29287.357693,0.058,2
2026-08-19,11:33:34,0.143636,0.109509,0.0007,29287.357693,0.058,2
2026-08-19,11:33:35,0.123116,0.109509,0.0007,29287.358393,0.058,2
2026-08-19,11:33:35,0.142353,0.109509,0.0007,29287.359093,0.058,2
2026-08-19,11:33:36,0.142353,0.109509,0.0007,29287.359093,0.058,2
2026-08-19,11:33:37,0.083788,0.109659,0.00071,29287.359793,0.058,2
2026-08-19,11:33:37,0.11619,0.109659,0.00071,29287.360503,0.058,2
2026-08-19,11:33:38,0.167576,0.109659,0.00071,29287.360503,0.058,2
2026-08-19,11:33:39,0.167576,0.105483,0.00068,29287.361213,0.058,2
2026-08-19,11:33:39,0.081663,0.105483,0.00068,29287.361893,0.058,2
2026-08-19,11:33:40,0.083788,0.101519,0.00065,29287.361893,0.058,2
2026-08-19,11:33:41,0.106698,0.097655,0.00063,29287.362543,0.058,2
2026-08-19,11:33:41,0.105751,0.097729,0.00063,29287.363173,0.058,2
2026-08-19,11:33:42,0.105751,0.097729,0.00063,29287.363173,0.058,2
2026-08-19,11:33:43,0.144001,0.097729,0.00063,29287.363803,0.058,2
2026-08-19,11:33:43,0.164573,0.097729,0.00063,29287.364433,0.058,2
2026-08-19,11:33:44,0.164252,0.097729,0.00063,29287.364433,0.058,2
2026-08-19,11:33:45,0.082287,0.097708,0.00063,29287.365063,0.058,2
2026-08-19,11:33:45,0.082287,0.097708,0.00063,29287.365693,0.058,2
2026-08-19,11:33:46,0.082287,0.095625,0.00061,29287.365693,0.058,2
2026-08-19,11:33:47,0.102858,0.095599,0.00061,29287.366303,0.058,2
2026-08-19,11:33:47,0.184823,0.095599,0.00061,29287.366913,0.058,2
2026-08-19,11:33:48,0.184823,0.094249,0.00061,29287.366913,0.058,2
2026-08-19,11:33:48,0.110251,0.094249,0.00061,29287.367523,0.058,2
2026-08-19,11:33:49,0.14368,0.094249,0.00061,29287.368133,0.058,2
2026-08-19,11:33:50,0.176787,0.094249,0.00061,29287.368133,0.058,2
2026-08-19,11:33:50,0.084858,0.092423,0.00061,29287.368743,0.058,2
2026-08-19,11:33:51,0.084858,0.092423,0.00059,29287.369333,0.058,2
2026-08-19,11:33:52,0.123108,0.092423,0.00059,29287.369333,0.058,2
2026-08-19,11:33:52,0.082287,0.092273,0.00059,29287.369923,0.058,2
2026-08-19,11:33:53,0.12343,0.092273,0.00059,29287.370513,0.058,2
2026-08-19,11:33:54,0.082287,0.092335,0.00059,29287.370513,0.058,2
2026-08-19,11:33:54,0.082287,0.092335,0.00059,29287.371103,0.058,2
2026-08-19,11:33:55,0.212145,0.092335,0.00059,29287.371693,0.058,2
2026-08-19,11:33:56,0.12343,0.092335,0.00059,29287.371693,0.058,2
2026-08-19,11:33:56,0.082287,0.092185,0.00059,29287.372283,0.058,2
2026-08-19,11:33:57,0.082287,0.089744,0.00059,29287.372873,0.059,2
2026-08-19,11:33:58,0.082287,0.089744,0.00059,29287.372873,0.059,2
2026-08-19,11:33:58,0.102858,0.089454,0.00059,29287.373463,0.059,2
2026-08-19,11:33:59,0.082287,0.089454,0.00059,29287.374053,0.059,2
2026-08-19,11:34:00,0.185145,0.089454,0.00059,29287.374053,0.059,2
2026-08-19,11:34:00,0.185145,0.089454,0.00059,29287.374643,0.058,2
2026-08-19,11:34:01,0.12343,0.089454,0.00057,29287.375213,0.058,2
2026-08-19,11:34:02,0.144001,0.089454,0.00057,29287.375213,0.058,2
2026-08-19,11:34:02,0.102858,0.089454,0.00057,29287.375783,0.058,2
2026-08-19,11:34:03,0.102858,0.089454,0.00057,29287.375783,0.058,2
2026-08-19,11:34:04,0.14368,0.089454,0.00057,29287.376353,0.058,2
2026-08-19,11:34:04,0.102858,0.089454,0.00057,29287.376923,0.058,2
2026-08-19,11:34:05,0.082287,0.089454,0.00057,29287.376923,0.058,2
2026-08-19,11:34:06,0.102858,0.089454,0.00057,29287.377493,0.058,2
2026-08-19,11:34:06,0.102858,0.089454,0.00057,29287.378063,0.058,2
2026-08-19,11:34:07,0.12343,0.089454,0.00057,29287.378063,0.058,2
2026-08-19,11:34:08,0.125682,0.089454,0.00057,29287.378633,0.058,2
2026-08-19,11:34:08,0.133864,0.089454,0.00057,29287.379203,0.059,2
2026-08-19,11:34:09,0.164994,0.089454,0.00059,29287.379203,0.059,2
2026-08-19,11:34:10,0.164994,0.089454,0.00059,29287.379793,0.059,2
2026-08-19,11:34:10,0.123423,0.089454,0.00059,29287.380383,0.059,2
2026-08-19,11:34:11,0.185618,0.089454,0.00059,29287.380383,0.059,2
2026-08-19,11:34:12,0.138569,0.089454,0.00059,29287.380973,0.059,2
2026-08-19,11:34:12,0.138569,0.089454,0.00059,29287.381563,0.059,2
2026-08-19,11:34:13,0.179173,0.089454,0.0006,29287.381563,0.059,2
2026-08-19,11:34:14,0.104735,0.091699,0.0006,29287.382163,0.059,2
2026-08-19,11:34:14,0.14437,0.091699,0.0006,29287.382763,0.059,2
2026-08-19,11:34:15,0.185296,0.091699,0.0006,29287.382763,0.059,2
2026-08-19,11:34:16,0.185296,0.091699,0.0006,29287.383363,0.059,2
2026-08-19,11:34:16,0.123745,0.091699,0.0006,29287.383963,0.059,2
2026-08-19,11:34:17,0.164994,0.091699,0.0006,29287.383963,0.059,2
2026-08-19,11:34:18,0.14437,0.091699,0.0006,29287.384563,0.059,2
2026-08-19,11:34:18,0.103121,0.091699,0.0006,29287.385163,0.059,2
2026-08-19,11:34:19,0.103121,0.091699,0.0006,29287.385163,0.059,2
2026-08-19,11:34:20,0.103121,0.091699,0.0006,29287.385763,0.059,2
2026-08-19,11:34:20,0.096998,0.091699,0.0006,29287.386363,0.059,2
2026-08-19,11:34:21,0.251363,0.091699,0.0006,29287.386363,0.059,2
2026-08-19,11:34:22,0.251363,0.089792,0.0006,29287.386963,0.059,2
2026-08-19,11:34:22,0.083788,0.089792,0.00059,29287.387553,0.059,2
2026-08-19,11:34:23,0.083788,0.087146,0.00059,29287.387553,0.059,2
2026-08-19,11:34:24,0.083788,0.087039,0.00057,29287.388143,0.059,2
2026-08-19,11:34:24,0.083788,0.087189,0.00057,29287.388713,0.059,2
2026-08-19,11:34:25,0.083788,0.089642,0.00057,29287.388713,0.059,2
2026-08-19,11:34:26,0.106814,0.089642,0.00059,29287.389283,0.059,2
2026-08-19,11:34:26,0.102017,0.091615,0.0006,29287.389873,0.059,2
2026-08-19,11:34:27,0.122804,0.095667,0.0006,29287.389873,0.059,2
2026-08-19,11:34:28,0.146629,0.100044,0.00063,29287.390473,0.059,2
2026-08-19,11:34:28,0.146629,0.100044,0.00066,29287.391103,0.059,2
2026-08-19,11:34:29,0.082497,0.100044,0.00066,29287.391103,0.059,2
2026-08-19,11:34:30,0.103121,0.100044,0.00066,29287.391763,0.059,2
2026-08-19,11:34:30,0.129293,0.100044,0.00066,29287.392423,0.059,2
2026-08-19,11:34:31,0.129293,0.100044,0.00066,29287.392423,0.059,2
2026-08-19,11:34:32,0.19093,0.100044,0.00066,29287.393083,0.059,2
2026-08-19,11:34:32,0.082287,0.100044,0.00066,29287.393743,0.059,2
2026-08-19,11:34:33,0.082287,0.097799,0.00066,29287.393743,0.059,2
2026-08-19,11:34:34,0.102858,0.099706,0.00066,29287.394403,0.059,2
2026-08-19,11:34:34,0.102858,0.099706,0.00066,29287.395063,0.059,2
2026-08-19,11:34:35,0.164573,0.099706,0.00066,29287.395063,0.059,2
2026-08-19,11:34:36,0.126344,0.099706,0.00066,29287.395723,0.059,2
2026-08-19,11:34:36,0.102858,0.099706,0.00066,29287.396383,0.059,2
2026-08-19,11:34:37,0.102858,0.099706,0.00066,29287.396383,0.059,2
2026-08-19,11:34:38,0.082287,0.099706,0.00066,29287.397043,0.059,2
2026-08-19,11:34:38,0.185145,0.099706,0.00066,29287.397703,0.059,2
2026-08-19,11:34:39,0.126012,0.103928,0.00069,29287.397703,0.059,2
2026-08-19,11:34:40,0.10501,0.10605,0.0007,29287.398393,0.059,2
2026-08-19,11:34:40,0.10501,0.110015,0.0007,29287.399093,0.059,2
2026-08-19,11:34:41,0.12343,0.110015,0.00073,29287.399093,0.059,2
2026-08-19,11:34:42,0.102858,0.109619,0.00072,29287.399823,0.059,2
2026-08-19,11:34:42,0.104461,0.109863,0.00072,29287.400543,0.059,2
2026-08-19,11:34:43,0.120784,0.109661,0.00073,29287.400543,0.059,2
2026-08-19,11:34:44,0.120784,0.109661,0.00073,29287.401273,0.059,2
2026-08-19,11:34:44,0.148205,0.109819,0.00073,29287.402003,0.059,2
2026-08-19,11:34:45,0.146246,0.116215,0.00077,29287.402003,0.059,2
2026-08-19,11:34:46,0.104461,0.118432,0.00078,29287.402773,0.059,2
2026-08-19,11:34:46,0.102079,0.118355,0.00078,29287.403553,0.059,2
2026-08-19,11:34:47,0.102079,0.118355,0.00078,29287.403553,0.059,2
2026-08-19,11:34:48,0.11233,0.116986,0.00077,29287.404333,0.059,2
2026-08-19,11:34:48,0.166704,0.116986,0.00077,29287.405103,0.059,2
2026-08-19,11:34:49,0.203822,0.116986,0.00077,29287.405103,0.059,2
2026-08-19,11:34:50,0.203822,0.114821,0.00076,29287.405873,0.059,2
2026-08-19,11:34:50,0.083352,0.114821,0.00076,29287.406633,0.059,2
2026-08-19,11:34:51,0.117688,0.114821,0.00076,29287.406633,0.059,2
2026-08-19,11:34:52,0.104735,0.114821,0.00076,29287.407393,0.059,2
2026-08-19,11:34:52,0.185145,0.114821,0.00076,29287.408153,0.059,2
2026-08-19,11:34:53,0.185145,0.114821,0.00076,29287.408153,0.059,2
2026-08-19,11:34:54,0.164573,0.114821,0.00076,29287.408913,0.059,2
2026-08-19,11:34:54,0.115394,0.114821,0.00076,29287.409673,0.059,2
2026-08-19,11:34:55,0.188522,0.114821,0.00076,29287.409673,0.059,2
2026-08-19,11:34:56,0.146629,0.114821,0.00076,29287.410433,0.059,2
2026-08-19,11:34:56,0.146629,0.114821,0.00076,29287.411193,0.059,2
2026-08-19,11:34:57,0.146629,0.114821,0.00076,29287.411193,0.059,2
2026-08-19,11:34:58,0.125682,0.114821,0.00076,29287.411953,0.059,2
2026-08-19,11:34:58,0.083788,0.110856,0.00076,29287.412713,0.059,2
2026-08-19,11:34:59,0.083788,0.111044,0.00073,29287.412713,0.059,2
2026-08-19,11:35:00,0.104735,0.111044,0.00073,29287.413443,0.059,2
2026-08-19,11:35:00,0.082077,0.108806,0.00072,29287.414163,0.059,2
2026-08-19,11:35:01,0.184674,0.108806,0.00072,29287.414163,0.059,2
2026-08-19,11:35:02,0.143315,0.108806,0.00072,29287.414883,0.059,2
2026-08-19,11:35:02,0.143315,0.108806,0.00072,29287.415603,0.059,2
2026-08-19,11:35:03,0.131452,0.108806,0.00072,29287.415603,0.059,2
2026-08-19,11:35:04,0.126336,0.108806,0.00072,29287.416323,0.059,2
2026-08-19,11:35:04,0.125354,0.108806,0.00072,29287.417043,0.059,2
2026-08-19,11:35:05,0.125354,0.108806,0.00072,29287.417043,0.059,2
2026-08-19,11:35:06,0.091287,0.108806,0.00072,29287.417763,0.059,2
2026-08-19,11:35:06,0.12343,0.10907,0.00072,29287.418483,0.059,2
2026-08-19,11:35:07,0.192216,0.10907,0.00072,29287.418483,0.059,2
2026-08-19,11:35:08,0.082287,0.102478,0.00072,29287.419203,0.059,2
2026-08-19,11:35:08,0.082287,0.09814,0.00068,29287.419883,0.059,2
2026-08-19,11:35:09,0.102858,0.09814,0.00068,29287.419883,0.059,2
2026-08-19,11:35:10,0.119763,0.09967,0.00066,29287.420543,0.059,2
2026-08-19,11:35:10,0.147072,0.104169,0.00069,29287.421233,0.059,2
2026-08-19,11:35:11,0.082709,0.104169,0.00069,29287.421233,0.059,2
2026-08-19,11:35:12,0.082709,0.104169,0.00069,29287.421923,0.059,2
2026-08-19,11:35:12,0.142233,0.104169,0.00069,29287.422613,0.059,2
2026-08-19,11:35:13,0.081458,0.101082,0.00069,29287.422613,0.059,2
2026-08-19,11:35:14,0.139688,0.101082,0.00067,29287.423283,0.059,2
2026-08-19,11:35:14,0.139688,0.100893,0.00067,29287.423953,0.059,2
2026-08-19,11:35:15,0.081458,0.100893,0.00067,29287.423953,0.059,2
2026-08-19,11:35:16,0.083352,0.100849,0.00067,29287.424623,0.059,2
2026-08-19,11:35:16,0.110051,0.100849,0.00067,29287.425293,0.059,2
2026-08-19,11:35:17,0.10419,0.100849,0.00067,29287.425293,0.059,2
2026-08-19,11:35:18,0.10419,0.100849,0.00067,29287.425963,0.059,2
2026-08-19,11:35:18,0.122804,0.100849,0.00067,29287.426633,0.059,2
2026-08-19,11:35:19,0.163419,0.100849,0.00067,29287.426633,0.059,2
2026-08-19,11:35:20,0.083788,0.098754,0.00065,29287.427283,0.059,2
2026-08-19,11:35:20,0.146629,0.098754,0.00065,29287.427933,0.059,2
2026-08-19,11:35:21,0.146629,0.098754,0.00065,29287.427933,0.059,2
2026-08-19,11:35:22,0.083788,0.098925,0.00065,29287.428583,0.059,2
2026-08-19,11:35:22,0.17674,0.098925,0.00065,29287.429233,0.059,2
2026-08-19,11:35:23,0.185618,0.098925,0.00065,29287.429233,0.059,2
2026-08-19,11:35:24,0.185618,0.094832,0.00065,29287.429883,0.059,2
2026-08-19,11:35:24,0.082497,0.094832,0.00063,29287.430533,0.059,2
2026-08-19,11:35:25,0.082497,0.094853,0.00063,29287.430533,0.059,2
2026-08-19,11:35:26,0.124068,0.094853,0.00063,29287.431163,0.059,2
2026-08-19,11:35:26,0.123745,0.094853,0.00063,29287.431793,0.059,2
2026-08-19,11:35:27,0.123745,0.094853,0.00063,29287.431793,0.059,2
2026-08-19,11:35:28,0.123745,0.094853,0.00063,29287.432423,0.059,2
2026-08-19,11:35:28,0.12729,0.094853,0.00063,29287.433053,0.059,2
2026-08-19,11:35:29,0.082497,0.092817,0.00063,29287.433053,0.059,2
2026-08-19,11:35:30,0.164672,0.092817,0.00061,29287.433683,0.059,2
2026-08-19,11:35:30,0.164672,0.092817,0.00061,29287.434293,0.059,2
2026-08-19,11:35:31,0.14437,0.092817,0.00061,29287.434293,0.059,2
2026-08-19,11:35:32,0.164672,0.092817,0.00061,29287.434903,0.059,2
2026-08-19,11:35:32,0.226867,0.092817,0.00061,29287.435513,0.059,2
2026-08-19,11:35:33,0.226867,0.091153,0.00061,29287.435513,0.059,2
2026-08-19,11:35:34,0.103121,0.091153,0.0006,29287.436123,0.059,2
2026-08-19,11:35:34,0.103121,0.086758,0.0006,29287.436723,0.059,2
2026-08-19,11:35:35,0.082497,0.086862,0.00057,29287.436723,0.059,2
2026-08-19,11:35:36,0.08443,0.087159,0.00057,29287.437293,0.059,2
2026-08-19,11:35:36,0.08443,0.087159,0.00057,29287.437863,0.059,2
2026-08-19,11:35:37,0.103121,0.089136,0.00059,29287.437863,0.059,2
2026-08-19,11:35:38,0.082497,0.089007,0.00059,29287.438453,0.059,2
2026-08-19,11:35:38,0.106666,0.091294,0.00059,29287.439043,0.059,2
2026-08-19,11:35:39,0.082497,0.091294,0.0006,29287.439043,0.059,2
2026-08-19,11:35:40,0.082497,0.091294,0.0006,29287.439643,0.059,2
2026-08-19,11:35:40,0.247491,0.091294,0.0006,29287.440243,0.059,2
2026-08-19,11:35:41,0.146301,0.091294,0.0006,29287.440243,0.059,2
2026-08-19,11:35:42,0.125037,0.091294,0.0006,29287.440843,0.059,2
2026-08-19,11:35:42,0.125037,0.091294,0.0006,29287.441443,0.059,2
2026-08-19,11:35:43,0.183538,0.091294,0.0006,29287.441443,0.059,2
2026-08-19,11:35:44,0.105565,0.093601,0.00062,29287.442043,0.059,2
2026-08-19,11:35:44,0.082497,0.093601,0.00062,29287.442663,0.059,2
2026-08-19,11:35:45,0.082497,0.091539,0.0006,29287.442663,0.059,2
2026-08-19,11:35:46,0.082497,0.091539,0.0006,29287.443263,0.059,2
2026-08-19,11:35:46,0.123745,0.091539,0.0006,29287.443863,0.059,2
2026-08-19,11:35:47,0.082497,0.089476,0.00059,29287.443863,0.059,2
2026-08-19,11:35:48,0.139138,0.089476,0.00059,29287.444453,0.059,2
2026-08-19,11:35:48,0.102858,0.089476,0.00059,29287.445043,0.059,2
2026-08-19,11:35:49,0.102858,0.089476,0.00059,29287.445043,0.059,2
2026-08-19,11:35:50,0.118172,0.089476,0.00059,29287.445633,0.059,2
2026-08-19,11:35:50,0.143315,0.089476,0.00059,29287.446223,0.059,2
2026-08-19,11:35:51,0.123116,0.089476,0.00059,29287.446223,0.059,2
2026-08-19,11:35:52,0.123116,0.089434,0.00059,29287.446813,0.059,2
2026-08-19,11:35:52,0.082077,0.089434,0.00059,29287.447403,0.059,2
2026-08-19,11:35:53,0.125354,0.089434,0.00059,29287.447403,0.059,2
2026-08-19,11:35:54,0.083569,0.089348,0.00059,29287.447993,0.059,2
2026-08-19,11:35:54,0.187704,0.089348,0.00059,29287.448583,0.059,2
2026-08-19,11:35:55,0.187704,0.087393,0.00058,29287.448583,0.059,2
2026-08-19,11:35:56,0.083569,0.087393,0.00058,29287.449163,0.059,2
2026-08-19,11:35:56,0.125354,0.087393,0.00058,29287.449743,0.059,2
2026-08-19,11:35:57,0.188031,0.087393,0.00058,29287.449743,0.059,2
2026-08-19,11:35:58,0.083569,0.0875,0.00058,29287.450323,0.059,2
2026-08-19,11:35:58,0.083569,0.0875,0.00058,29287.450903,0.059,2
2026-08-19,11:35:59,0.104461,0.08728,0.00058,29287.450903,0.059,2
2026-08-19,11:36:00,0.208923,0.08728,0.00058,29287.451483,0.059,2
2026-08-19,11:36:00,0.083569,0.087387,0.00058,29287.452063,0.059,2
2026-08-19,11:36:01,0.083569,0.087277,0.00058,29287.452063,0.059,2
2026-08-19,11:36:02,0.104461,0.087277,0.00058,29287.452643,0.059,2
2026-08-19,11:36:02,0.123108,0.091338,0.0006,29287.453243,0.059,2
2026-08-19,11:36:03,0.083569,0.091338,0.0006,29287.453243,0.059,2
2026-08-19,11:36:04,0.116213,0.09471,0.0006,29287.453843,0.059,2
2026-08-19,11:36:04,0.116213,0.098995,0.00062,29287.454463,0.059,2
2026-08-19,11:36:05,0.125354,0.098995,0.00062,29287.454463,0.059,2
2026-08-19,11:36:06,0.146246,0.105412,0.0007,29287.455163,0.059,2
2026-08-19,11:36:06,0.110337,0.108089,0.00071,29287.455873,0.059,2
2026-08-19,11:36:07,0.081254,0.107857,0.00071,29287.455873,0.059,2
2026-08-19,11:36:08,0.081254,0.107857,0.00071,29287.456583,0.059,2
2026-08-19,11:36:08,0.103121,0.109813,0.00073,29287.457313,0.059,2
2026-08-19,11:36:09,0.190452,0.109813,0.00073,29287.457313,0.059,2
2026-08-19,11:36:10,0.123745,0.111741,0.00073,29287.458043,0.059,2
2026-08-19,11:36:10,0.123745,0.113696,0.00075,29287.458793,0.059,2
2026-08-19,11:36:11,0.103121,0.113696,0.00075,29287.458793,0.059,2
2026-08-19,11:36:12,0.082497,0.1115,0.00074,29287.459533,0.059,2
2026-08-19,11:36:12,0.124368,0.1115,0.00074,29287.460273,0.059,2
2026-08-19,11:36:13,0.102977,0.1115,0.00074,29287.460273,0.059,2
2026-08-19,11:36:14,0.102977,0.1115,0.00074,29287.461013,0.059,2
2026-08-19,11:36:14,0.08187,0.1115,0.00074,29287.461753,0.059,2
2026-08-19,11:36:15,0.102337,0.1115,0.00074,29287.461753,0.059,2
2026-08-19,11:36:16,0.08187,0.1115,0.00074,29287.462493,0.059,2
2026-08-19,11:36:16,0.102337,0.1115,0.00074,29287.463233,0.059,2
2026-08-19,11:36:17,0.102337,0.1115,0.00074,29287.463233,0.059,2
2026-08-19,11:36:18,0.08187,0.1115,0.00074,29287.463973,0.059,2
2026-08-19,11:36:18,0.096261,0.1115,0.00074,29287.464713,0.059,2
2026-08-19,11:36:19,0.116408,0.1115,0.00074,29287.464713,0.059,2
2026-08-19,11:36:20,0.116408,0.097441,0.00074,29287.465453,0.059,2
2026-08-19,11:36:20,0.084108,0.097441,0.00064,29287.466093,0.059,2
2026-08-19,11:36:21,0.111317,0.097441,0.00064,29287.466093,0.059,2
2026-08-19,11:36:22,0.184207,0.097441,0.00064,29287.466733,0.059,2
2026-08-19,11:36:22,0.112251,0.096229,0.00064,29287.467363,0.059,2
2026-08-19,11:36:23,0.112251,0.096229,0.00063,29287.467363,0.059,2
2026-08-19,11:36:24,0.109373,0.096868,0.00064,29287.468003,0.059,2
2026-08-19,11:36:24,0.221944,0.096868,0.00064,29287.468643,0.059,2
2026-08-19,11:36:25,0.08187,0.096868,0.00064,29287.468643,0.059,2
2026-08-19,11:36:26,0.08187,0.096868,0.00064,29287.469283,0.059,2
2026-08-19,11:36:26,0.122485,0.096868,0.00064,29287.469283,0.059,2
2026-08-19,11:36:27,0.08187,0.094822,0.00063,29287.469923,0.059,2
2026-08-19,11:36:28,0.08187,0.094822,0.00063,29287.470553,0.059,2
2026-08-19,11:36:28,0.102337,0.094822,0.00063,29287.470553,0.059,2
2026-08-19,11:36:29,0.102337,0.094822,0.00063,29287.471183,0.059,2
2026-08-19,11:36:30,0.197319,0.094822,0.00063,29287.471813,0.059,2
2026-08-19,11:36:30,0.122804,0.098915,0.00063,29287.471813,0.059,2
2026-08-19,11:36:31,0.105286,0.099818,0.00066,29287.472443,0.059,2
2026-08-19,11:36:32,0.105286,0.101338,0.00067,29287.473103,0.059,2
2026-08-19,11:36:32,0.131608,0.101338,0.00067,29287.473103,0.059,2
2026-08-19,11:36:33,0.147401,0.107667,0.00071,29287.473773,0.059,2
2026-08-19,11:36:34,0.126344,0.109076,0.00072,29287.474483,0.059,2
2026-08-19,11:36:34,0.103652,0.108504,0.00072,29287.474483,0.059,2
2026-08-19,11:36:35,0.103652,0.110682,0.00072,29287.475203,0.059,2
2026-08-19,11:36:36,0.103652,0.110682,0.00072,29287.475923,0.059,2
2026-08-19,11:36:36,0.113693,0.113865,0.00075,29287.475923,0.059,2
2026-08-19,11:36:37,0.15807,0.113865,0.00075,29287.476673,0.059,2
2026-08-19,11:36:37,0.121791,0.113865,0.00075,29287.477423,0.059,2
2026-08-19,11:36:38,0.121791,0.113865,0.00075,29287.477423,0.059,2
2026-08-19,11:36:39,0.103652,0.113865,0.00075,29287.478173,0.059,2
2026-08-19,11:36:39,0.103652,0.113865,0.00075,29287.478923,0.059,2
2026-08-19,11:36:40,0.116609,0.113865,0.00075,29287.478923,0.059,2
2026-08-19,11:36:41,0.116609,0.113865,0.00075,29287.479673,0.059,2
2026-08-19,11:36:41,0.082922,0.113865,0.00075,29287.480423,0.059,2
2026-08-19,11:36:42,0.126326,0.11831,0.00078,29287.480423,0.059,2
2026-08-19,11:36:43,0.081051,0.11831,0.00078,29287.481203,0.059,2
2026-08-19,11:36:43,0.082709,0.11831,0.00078,29287.481983,0.059,2
2026-08-19,11:36:44,0.082709,0.11831,0.00078,29287.481983,0.059,2
2026-08-19,11:36:45,0.12374,0.120451,0.0008,29287.482763,0.059,2
2026-08-19,11:36:45,0.136017,0.121772,0.0008,29287.483563,0.059,2
2026-08-19,11:36:46,0.147461,0.125989,0.00083,29287.483563,0.059,2
2026-08-19,11:36:47,0.147461,0.125463,0.00083,29287.484393,0.059,2
2026-08-19,11:36:47,0.126348,0.125463,0.00083,29287.485223,0.059,2
2026-08-19,11:36:48,0.083136,0.125463,0.00083,29287.485223,0.059,2
2026-08-19,11:36:49,0.164649,0.125463,0.00083,29287.486053,0.059,2
2026-08-19,11:36:49,0.102079,0.120931,0.00083,29287.486883,0.059,2
2026-08-19,11:36:50,0.102079,0.120931,0.0008,29287.486883,0.059,2
2026-08-19,11:36:51,0.083788,0.116676,0.0008,29287.487683,0.059,2
2026-08-19,11:36:51,0.104735,0.116784,0.00077,29287.488453,0.059,2
2026-08-19,11:36:52,0.082077,0.114626,0.00076,29287.488453,0.059,2
2026-08-19,11:36:53,0.082077,0.111465,0.00076,29287.489213,0.059,2
2026-08-19,11:36:53,0.082077,0.111465,0.00074,29287.489953,0.059,2
2026-08-19,11:36:54,0.082077,0.10704,0.00071,29287.489953,0.059,2
2026-08-19,11:36:55,0.102597,0.104926,0.00071,29287.490663,0.059,2
2026-08-19,11:36:55,0.10419,0.101743,0.00069,29287.491353,0.059,2
2026-08-19,11:36:56,0.10419,0.101743,0.00067,29287.491353,0.059,2
2026-08-19,11:36:57,0.166378,0.101743,0.00067,29287.492023,0.059,2
2026-08-19,11:36:57,0.10419,0.097416,0.00064,29287.492663,0.059,2
2026-08-19,11:36:58,0.125028,0.097284,0.00064,29287.492663,0.059,2
2026-08-19,11:36:59,0.125028,0.097495,0.00064,29287.493303,0.059,2
2026-08-19,11:36:59,0.10419,0.097495,0.00064,29287.493943,0.059,2
2026-08-19,11:37:00,0.125028,0.101619,0.00067,29287.493943,0.059,2
2026-08-19,11:37:01,0.125028,0.103648,0.00067,29287.494613,0.059,2
2026-08-19,11:37:01,0.124702,0.107911,0.00071,29287.495323,0.059,2
2026-08-19,11:37:02,0.124702,0.110122,0.00071,29287.495323,0.059,2
2026-08-19,11:37:03,0.10419,0.110122,0.00073,29287.496053,0.059,2
2026-08-19,11:37:03,0.083352,0.11025,0.00073,29287.496053,0.059,2
2026-08-19,11:37:04,0.119493,0.11025,0.00073,29287.496783,0.059,2
2026-08-19,11:37:05,0.119493,0.11025,0.00073,29287.497513,0.059,2
2026-08-19,11:37:05,0.10419,0.11025,0.00073,29287.497513,0.059,2
2026-08-19,11:37:06,0.158564,0.11025,0.00073,29287.498243,0.059,2
2026-08-19,11:37:07,0.10419,0.110409,0.00073,29287.498973,0.059,2
2026-08-19,11:37:07,0.083352,0.108325,0.00072,29287.498973,0.059,2
2026-08-19,11:37:08,0.083352,0.108325,0.00072,29287.499693,0.059,2
2026-08-19,11:37:09,0.142195,0.108325,0.00072,29287.500413,0.059,2
2026-08-19,11:37:09,0.10419,0.108325,0.00072,29287.500413,0.059,2
2026-08-19,11:37:10,0.137075,0.111614,0.00072,29287.501133,0.059,2
2026-08-19,11:37:11,0.109725,0.110083,0.00074,29287.501873,0.059,2
2026-08-19,11:37:11,0.109725,0.110083,0.00073,29287.501873,0.059,2
2026-08-19,11:37:12,0.10419,0.110083,0.00073,29287.502603,0.059,2
2026-08-19,11:37:13,0.125028,0.110083,0.00073,29287.503333,0.059,2
2026-08-19,11:37:13,0.11233,0.108813,0.00072,29287.503333,0.059,2
2026-08-19,11:37:14,0.11233,0.108813,0.00072,29287.504053,0.059,2
2026-08-19,11:37:14,0.147804,0.108813,0.00072,29287.504773,0.059,2
2026-08-19,11:37:15,0.102597,0.106603,0.00072,29287.504773,0.059,2
2026-08-19,11:37:16,0.136261,0.106603,0.0007,29287.505473,0.059,2
2026-08-19,11:37:16,0.102597,0.106603,0.0007,29287.506173,0.059,2
2026-08-19,11:37:17,0.102597,0.106603,0.0007,29287.506173,0.059,2
2026-08-19,11:37:18,0.115421,0.106603,0.0007,29287.506873,0.059,2
2026-08-19,11:37:18,0.082077,0.106603,0.0007,29287.507573,0.059,2
2026-08-19,11:37:19,0.125354,0.108719,0.0007,29287.507573,0.059,2
2026-08-19,11:37:20,0.125354,0.114789,0.00072,29287.508293,0.059,2
2026-08-19,11:37:20,0.144047,0.114789,0.00076,29287.509053,0.059,2
2026-08-19,11:37:21,0.082497,0.114789,0.00076,29287.509053,0.059,2
2026-08-19,11:37:22,0.103121,0.114789,0.00076,29287.509813,0.059,2
2026-08-19,11:37:22,0.14437,0.118807,0.00078,29287.510593,0.059,2
2026-08-19,11:37:23,0.14437,0.118807,0.00078,29287.510593,0.059,2
2026-08-19,11:37:24,0.123745,0.122846,0.00081,29287.511403,0.059,2
2026-08-19,11:37:24,0.082497,0.122846,0.00081,29287.512213,0.059,2
2026-08-19,11:37:25,0.103121,0.122846,0.00081,29287.512213,0.059,2
2026-08-19,11:37:26,0.103121,0.122846,0.00081,29287.513023,0.059,2
2026-08-19,11:37:26,0.168861,0.122846,0.00081,29287.513833,0.059,2
2026-08-19,11:37:27,0.20592,0.122846,0.00081,29287.513833,0.059,2
2026-08-19,11:37:28,0.144047,0.123543,0.00082,29287.514643,0.059,2
2026-08-19,11:37:28,0.082497,0.123543,0.00082,29287.515463,0.059,2
2026-08-19,11:37:29,0.082497,0.123543,0.00082,29287.515463,0.059,2
2026-08-19,11:37:30,0.123745,0.124945,0.00083,29287.516283,0.059,2
2026-08-19,11:37:30,0.103121,0.124839,0.00083,29287.517113,0.059,2
2026-08-19,11:37:31,0.19593,0.124839,0.00083,29287.517113,0.059,2
2026-08-19,11:37:32,0.19593,0.12471,0.00082,29287.517943,0.059,2
2026-08-19,11:37:32,0.123745,0.12471,0.00082,29287.518763,0.059,2
2026-08-19,11:37:33,0.185296,0.12471,0.00082,29287.518763,0.059,2
2026-08-19,11:37:34,0.164672,0.12471,0.00082,29287.519583,0.059,2
2026-08-19,11:37:34,0.082497,0.12471,0.00082,29287.519583,0.059,2
2026-08-19,11:37:35,0.082497,0.12471,0.00082,29287.520403,0.059,2
2026-08-19,11:37:36,0.105845,0.12471,0.00082,29287.521223,0.059,2
2026-08-19,11:37:36,0.082077,0.12471,0.00082,29287.521223,0.059,2
2026-08-19,11:37:37,0.123116,0.125789,0.00083,29287.522043,0.059,2
2026-08-19,11:37:38,0.123116,0.124218,0.00082,29287.522873,0.059,2
2026-08-19,11:37:38,0.086887,0.124218,0.00082,29287.522873,0.059,2
2026-08-19,11:37:39,0.082077,0.11989,0.00079,29287.523693,0.059,2
2026-08-19,11:37:40,0.082077,0.113693,0.00079,29287.524483,0.059,2
2026-08-19,11:37:40,0.170567,0.113693,0.00075,29287.524483,0.059,2
2026-08-19,11:37:41,0.170567,0.113693,0.00075,29287.525233,0.059,2
2026-08-19,11:37:42,0.085925,0.107849,0.00075,29287.525983,0.059,2
2026-08-19,11:37:42,0.13017,0.107849,0.00071,29287.525983,0.059,2
2026-08-19,11:37:43,0.143636,0.107849,0.00071,29287.526693,0.059,2
2026-08-19,11:37:44,0.143636,0.107849,0.00071,29287.527403,0.059,2
2026-08-19,11:37:44,0.225392,0.107849,0.00071,29287.527403,0.059,2
2026-08-19,11:37:45,0.14592,0.107849,0.00071,29287.528113,0.059,2
2026-08-19,11:37:46,0.108052,0.107849,0.00071,29287.528823,0.059,2
2026-08-19,11:37:46,0.126986,0.107849,0.00071,29287.528823,0.059,2
2026-08-19,11:37:47,0.126986,0.107849,0.00071,29287.529533,0.059,2
2026-08-19,11:37:48,0.12343,0.107849,0.00071,29287.530243,0.059,2
2026-08-19,11:37:48,0.128894,0.107849,0.00071,29287.530243,0.059,2
2026-08-19,11:37:49,0.102858,0.107849,0.00071,29287.530953,0.059,2
2026-08-19,11:37:49,0.102858,0.107849,0.00071,29287.531663,0.059,2
2026-08-19,11:37:50,0.125354,0.107849,0.00071,29287.531663,0.059,2
2026-08-19,11:37:51,0.122796,0.107849,0.00071,29287.532373,0.059,2
2026-08-19,11:37:51,0.187542,0.107849,0.00071,29287.533083,0.059,2
2026-08-19,11:37:52,0.166378,0.107849,0.00071,29287.533083,0.059,2
2026-08-19,11:37:53,0.166378,0.107849,0.00071,29287.533793,0.059,2
2026-08-19,11:37:53,0.132093,0.107849,0.00071,29287.534503,0.059,2
2026-08-19,11:37:54,0.084229,0.103897,0.00069,29287.534503,0.059,2
2026-08-19,11:37:55,0.10759,0.100251,0.00069,29287.535193,0.059,2
2026-08-19,11:37:55,0.10759,0.096023,0.00066,29287.535853,0.059,2
2026-08-19,11:37:56,0.081458,0.096023,0.00063,29287.535853,0.059,2
2026-08-19,11:37:57,0.083569,0.094067,0.00063,29287.536483,0.059,2
2026-08-19,11:37:57,0.104461,0.092139,0.00061,29287.537093,0.059,2
2026-08-19,11:37:58,0.083569,0.088184,0.00058,29287.537093,0.059,2
2026-08-19,11:37:59,0.083569,0.088184,0.00058,29287.537673,0.059,2
2026-08-19,11:37:59,0.149779,0.088184,0.00058,29287.538253,0.059,2
2026-08-19,11:38:00,0.103121,0.089808,0.00059,29287.538253,0.059,2
2026-08-19,11:38:01,0.082497,0.08985,0.00059,29287.538843,0.059,2
2026-08-19,11:38:01,0.082497,0.08985,0.00059,29287.539433,0.059,2
2026-08-19,11:38:02,0.123745,0.08985,0.00059,29287.539433,0.059,2
2026-08-19,11:38:03,0.082497,0.089892,0.00059,29287.540023,0.059,2
2026-08-19,11:38:03,0.124712,0.089892,0.00059,29287.540613,0.059,2
2026-08-19,11:38:04,0.123745,0.089892,0.00059,29287.540613,0.059,2
2026-08-19,11:38:05,0.123745,0.089892,0.00059,29287.541203,0.059,2
2026-08-19,11:38:05,0.123423,0.089892,0.00059,29287.541203,0.059,2
2026-08-19,11:38:06,0.121812,0.089892,0.00059,29287.541793,0.059,2
2026-08-19,11:38:07,0.116656,0.089892,0.00059,29287.542383,0.059,2
2026-08-19,11:38:07,0.116656,0.089892,0.00059,29287.542383,0.059,2
2026-08-19,11:38:08,0.103121,0.089892,0.00059,29287.542973,0.059,2
2026-08-19,11:38:09,0.082497,0.089892,0.00059,29287.543563,0.059,2
2026-08-19,11:38:09,0.168015,0.089892,0.00059,29287.543563,0.059,2
2026-08-19,11:38:10,0.101568,0.091456,0.00059,29287.544153,0.059,2
2026-08-19,11:38:11,0.101568,0.095408,0.0006,29287.544753,0.059,2
2026-08-19,11:38:11,0.123745,0.095408,0.00063,29287.544753,0.059,2
2026-08-19,11:38:12,0.159193,0.100568,0.00063,29287.545383,0.059,2
2026-08-19,11:38:13,0.123745,0.104797,0.00069,29287.546073,0.059,2
2026-08-19,11:38:13,0.164672,0.104797,0.00069,29287.546073,0.059,2
2026-08-19,11:38:14,0.164672,0.104797,0.00069,29287.546763,0.059,2
2026-08-19,11:38:15,0.089909,0.105431,0.0007,29287.547463,0.059,2
2026-08-19,11:38:15,0.186263,0.105431,0.0007,29287.547463,0.059,2
2026-08-19,11:38:16,0.082497,0.103234,0.0007,29287.548163,0.059,2
2026-08-19,11:38:17,0.082497,0.103234,0.00068,29287.548843,0.059,2
2026-08-19,11:38:17,0.1115,0.103234,0.00068,29287.548843,0.059,2
2026-08-19,11:38:18,0.125682,0.103234,0.00068,29287.549523,0.059,2
2026-08-19,11:38:19,0.083788,0.103256,0.00068,29287.550203,0.059,2
2026-08-19,11:38:19,0.188195,0.103256,0.00068,29287.550203,0.059,2
2026-08-19,11:38:20,0.188195,0.103256,0.00068,29287.550883,0.059,2
2026-08-19,11:38:21,0.125354,0.105479,0.0007,29287.551583,0.059,2
2026-08-19,11:38:21,0.123745,0.109604,0.0007,29287.551583,0.059,2
2026-08-19,11:38:22,0.10501,0.111855,0.00072,29287.552303,0.059,2
2026-08-19,11:38:23,0.10501,0.114073,0.00075,29287.553053,0.059,2
2026-08-19,11:38:23,0.123745,0.114073,0.00075,29287.553053,0.059,2
2026-08-19,11:38:24,0.084008,0.114073,0.00075,29287.553803,0.059,2
2026-08-19,11:38:25,0.102858,0.114073,0.00075,29287.554553,0.059,2
2026-08-19,11:38:25,0.102858,0.114073,0.00075,29287.554553,0.059,2
2026-08-19,11:38:26,0.102858,0.114073,0.00075,29287.555303,0.059,2
2026-08-19,11:38:27,0.164573,0.114073,0.00075,29287.556053,0.059,2
2026-08-19,11:38:27,0.129216,0.114073,0.00075,29287.556053,0.059,2
2026-08-19,11:38:28,0.12126,0.114073,0.00075,29287.556803,0.059,2
2026-08-19,11:38:29,0.124063,0.114073,0.00075,29287.557553,0.059,2
2026-08-19,11:38:29,0.124063,0.114073,0.00075,29287.557553,0.059,2
2026-08-19,11:38:30,0.082709,0.10997,0.00073,29287.558303,0.059,2
2026-08-19,11:38:31,0.206772,0.10997,0.00073,29287.559033,0.059,2
2026-08-19,11:38:31,0.152171,0.10997,0.00073,29287.559033,0.059,2
2026-08-19,11:38:32,0.152171,0.104607,0.00073,29287.559763,0.059,2
2026-08-19,11:38:33,0.105565,0.104607,0.00073,29287.560493,0.059,2
2026-08-19,11:38:33,0.123745,0.104607,0.00069,29287.560493,0.059,2
2026-08-19,11:38:34,0.082497,0.104607,0.00069,29287.561183,0.059,2
2026-08-19,11:38:35,0.084008,0.104607,0.00069,29287.561873,0.059,2
2026-08-19,11:38:35,0.084008,0.107281,0.00069,29287.561873,0.059,2
2026-08-19,11:38:36,0.116656,0.107281,0.00071,29287.562563,0.059,2
2026-08-19,11:38:37,0.14437,0.113469,0.00071,29287.563273,0.059,2
2026-08-19,11:38:37,0.185296,0.12362,0.00075,29287.563273,0.059,2
2026-08-19,11:38:38,0.082497,0.12362,0.00082,29287.564023,0.059,2
2026-08-19,11:38:39,0.082497,0.12362,0.00082,29287.564843,0.059,2
2026-08-19,11:38:39,0.103121,0.12362,0.00082,29287.564843,0.059,2
2026-08-19,11:38:40,0.103121,0.12362,0.00082,29287.565663,0.059,2
2026-08-19,11:38:41,0.082497,0.12362,0.00082,29287.566483,0.059,2
2026-08-19,11:38:41,0.082497,0.12362,0.00082,29287.566483,0.059,2
2026-08-19,11:38:42,0.082497,0.12362,0.00082,29287.567303,0.059,2
2026-08-19,11:38:43,0.082497,0.12362,0.00082,29287.568123,0.059,2
2026-08-19,11:38:43,0.082497,0.12362,0.00082,29287.568123,0.059,2
2026-08-19,11:38:44,0.123745,0.123459,0.00082,29287.568943,0.059,2
2026-08-19,11:38:45,0.123745,0.125233,0.00082,29287.569763,0.059,2
2026-08-19,11:38:45,0.141487,0.125233,0.00083,29287.569763,0.059,2
2026-08-19,11:38:46,0.164573,0.131189,0.00087,29287.570593,0.059,2
2026-08-19,11:38:47,0.123108,0.131125,0.00087,29287.571463,0.059,2
2026-08-19,11:38:47,0.102858,0.13314,0.00087,29287.571463,0.059,2
2026-08-19,11:38:48,0.102858,0.134927,0.00089,29287.572333,0.059,2
2026-08-19,11:38:49,0.12343,0.134927,0.00089,29287.573223,0.059,2
2026-08-19,11:38:49,0.125682,0.135121,0.00089,29287.573223,0.059,2
2026-08-19,11:38:50,0.146301,0.138085,0.00091,29287.574113,0.059,2
2026-08-19,11:38:51,0.214716,0.138085,0.00091,29287.575023,0.059,2
2026-08-19,11:38:51,0.214716,0.138085,0.00091,29287.575023,0.059,2
2026-08-19,11:38:52,0.123108,0.135959,0.0009,29287.575933,0.059,2
2026-08-19,11:38:53,0.12343,0.129772,0.0009,29287.576833,0.059,2
2026-08-19,11:38:53,0.082287,0.129772,0.00086,29287.576833,0.059,2
2026-08-19,11:38:54,0.082287,0.129772,0.00086,29287.577693,0.059,2
2026-08-19,11:38:55,0.083572,0.129772,0.00086,29287.578553,0.059,2
2026-08-19,11:38:55,0.144001,0.131798,0.00087,29287.578553,0.059,2
2026-08-19,11:38:56,0.102858,0.127935,0.00085,29287.579423,0.059,2
2026-08-19,11:38:57,0.102858,0.121764,0.00085,29287.580273,0.059,2
2026-08-19,11:38:57,0.102858,0.119376,0.0008,29287.580273,0.059,2
2026-08-19,11:38:58,0.09923,0.119376,0.0008,29287.581073,0.059,2
2026-08-19,11:38:59,0.186095,0.119376,0.00079,29287.581863,0.059,2
2026-08-19,11:38:59,0.084324,0.117522,0.00078,29287.581863,0.059,2
2026-08-19,11:39:00,0.12374,0.117522,0.00078,29287.582643,0.059,2
2026-08-19,11:39:01,0.12374,0.117522,0.00078,29287.583423,0.059,2
2026-08-19,11:39:01,0.216166,0.117522,0.00078,29287.583423,0.059,2
2026-08-19,11:39:02,0.103121,0.115491,0.00078,29287.584203,0.059,2
2026-08-19,11:39:03,0.082497,0.111173,0.00076,29287.584963,0.059,2
2026-08-19,11:39:03,0.082497,0.106855,0.00071,29287.584963,0.059,2
2026-08-19,11:39:04,0.103121,0.106855,0.00071,29287.585673,0.059,2
2026-08-19,11:39:05,0.082497,0.102794,0.00068,29287.586353,0.059,2
2026-08-19,11:39:05,0.103121,0.100763,0.00066,29287.586353,0.059,2
2026-08-19,11:39:06,0.206242,0.100763,0.00066,29287.587013,0.059,2
2026-08-19,11:39:07,0.206242,0.096385,0.00066,29287.587673,0.059,2
2026-08-19,11:39:07,0.100221,0.096385,0.00064,29287.587673,0.059,2
2026-08-19,11:39:08,0.123745,0.098474,0.00064,29287.588313,0.059,2
2026-08-19,11:39:09,0.081254,0.098474,0.00065,29287.588963,0.059,2
2026-08-19,11:39:09,0.182822,0.098474,0.00065,29287.588963,0.059,2
2026-08-19,11:39:10,0.182822,0.098474,0.00065,29287.589613,0.059,2
2026-08-19,11:39:11,0.121564,0.100344,0.00066,29287.590273,0.059,2
2026-08-19,11:39:11,0.081254,0.100344,0.00066,29287.590273,0.059,2
2026-08-19,11:39:12,0.124383,0.102859,0.00066,29287.590933,0.059,2
2026-08-19,11:39:13,0.124383,0.102859,0.00068,29287.591613,0.059,2
2026-08-19,11:39:13,0.086809,0.102859,0.00068,29287.591613,0.059,2
2026-08-19,11:39:14,0.159689,0.102859,0.00068,29287.592293,0.059,2
2026-08-19,11:39:15,0.082922,0.102719,0.00068,29287.592973,0.059,2
2026-08-19,11:39:15,0.144789,0.102719,0.00068,29287.592973,0.059,2
2026-08-19,11:39:16,0.144789,0.102719,0.00068,29287.593653,0.059,2
2026-08-19,11:39:17,0.124383,0.102719,0.00068,29287.594333,0.059,2
2026-08-19,11:39:17,0.082922,0.100699,0.00066,29287.594333,0.059,2
2026-08-19,11:39:18,0.082922,0.100742,0.00066,29287.594993,0.059,2
2026-08-19,11:39:19,0.165844,0.100742,0.00066,29287.595653,0.059,2
2026-08-19,11:39:19,0.165844,0.100742,0.00066,29287.595653,0.059,2
2026-08-19,11:39:20,0.081254,0.098555,0.00065,29287.596303,0.059,2
2026-08-19,11:39:21,0.082709,0.098576,0.00065,29287.596953,0.059,2
2026-08-19,11:39:21,0.103386,0.098603,0.00065,29287.596953,0.059,2
2026-08-19,11:39:22,0.103386,0.098603,0.00065,29287.597603,0.059,2
2026-08-19,11:39:23,0.149586,0.098603,0.00065,29287.598253,0.059,2
2026-08-19,11:39:23,0.105324,0.098603,0.00065,29287.598253,0.059,2
2026-08-19,11:39:24,0.165417,0.098603,0.00065,29287.598903,0.059,2
2026-08-19,11:39:25,0.12374,0.098603,0.00065,29287.599553,0.059,2
2026-08-19,11:39:25,0.12374,0.098603,0.00065,29287.599553,0.059,2
2026-08-19,11:39:26,0.165417,0.098603,0.00065,29287.600203,0.059,2
2026-08-19,11:39:27,0.144417,0.098603,0.00065,29287.600853,0.059,2
2026-08-19,11:39:27,0.124063,0.098603,0.00065,29287.600853,0.059,2
2026-08-19,11:39:28,0.144417,0.098603,0.00065,29287.601503,0.059,2
2026-08-19,11:39:29,0.144417,0.098603,0.00065,29287.602153,0.059,2
2026-08-19,11:39:29,0.162187,0.098603,0.00065,29287.602153,0.059,2
2026-08-19,11:39:30,0.12374,0.098603,0.00065,29287.602803,0.059,2
2026-08-19,11:39:31,0.082709,0.096851,0.00064,29287.603453,0.059,2
2026-08-19,11:39:31,0.082709,0.092748,0.00064,29287.603453,0.059,2
2026-08-19,11:39:32,0.082709,0.092748,0.00061,29287.604093,0.059,2
2026-08-19,11:39:33,0.149779,0.092748,0.00061,29287.604703,0.059,2
2026-08-19,11:39:33,0.122187,0.092748,0.00061,29287.604703,0.059,2
2026-08-19,11:39:34,0.081458,0.088737,0.00059,29287.605313,0.059,2
2026-08-19,11:39:35,0.081458,0.086718,0.00059,29287.605903,0.059,2
2026-08-19,11:39:35,0.10419,0.086718,0.00057,29287.605903,0.059,2
2026-08-19,11:39:36,0.125028,0.090929,0.0006,29287.606473,0.059,2
2026-08-19,11:39:37,0.08187,0.090929,0.0006,29287.607073,0.059,2
2026-08-19,11:39:37,0.122804,0.090929,0.0006,29287.607073,0.059,2
2026-08-19,11:39:38,0.122804,0.090929,0.0006,29287.607673,0.059,2
2026-08-19,11:39:39,0.183887,0.090929,0.0006,29287.608273,0.059,2
2026-08-19,11:39:39,0.125683,0.090929,0.0006,29287.608273,0.059,2
2026-08-19,11:39:40,0.082287,0.090865,0.0006,29287.608873,0.059,2
2026-08-19,11:39:41,0.082287,0.092859,0.0006,29287.609473,0.059,2
2026-08-19,11:39:41,0.102858,0.092859,0.00061,29287.609473,0.059,2
2026-08-19,11:39:42,0.082287,0.092962,0.00061,29287.610083,0.059,2
2026-08-19,11:39:43,0.167687,0.092962,0.00061,29287.610693,0.059,2
2026-08-19,11:39:43,0.082287,0.09292,0.00061,29287.610693,0.059,2
2026-08-19,11:39:44,0.082287,0.09292,0.00061,29287.611303,0.059,2
2026-08-19,11:39:45,0.147216,0.09292,0.00061,29287.611913,0.059,2
2026-08-19,11:39:45,0.082287,0.09081,0.0006,29287.611913,0.059,2
2026-08-19,11:39:46,0.123108,0.09081,0.0006,29287.612513,0.059,2
2026-08-19,11:39:47,0.144001,0.09081,0.0006,29287.613113,0.059,2
2026-08-19,11:39:47,0.144001,0.09081,0.0006,29287.613113,0.059,2
2026-08-19,11:39:48,0.126678,0.09081,0.0006,29287.613713,0.059,2
2026-08-19,11:39:49,0.081663,0.090705,0.0006,29287.614313,0.059,2
2026-08-19,11:39:49,0.142592,0.090705,0.0006,29287.614313,0.059,2
2026-08-19,11:39:50,0.142592,0.090705,0.0006,29287.614913,0.059,2
2026-08-19,11:39:51,0.106603,0.090705,0.0006,29287.615513,0.059,2
2026-08-19,11:39:51,0.103652,0.090705,0.0006,29287.615513,0.059,2
2026-08-19,11:39:52,0.103652,0.090705,0.0006,29287.616113,0.059,2
2026-08-19,11:39:53,0.165844,0.090705,0.0006,29287.616713,0.059,2
2026-08-19,11:39:53,0.165844,0.090705,0.0006,29287.616713,0.059,2
2026-08-19,11:39:54,0.144789,0.090705,0.0006,29287.617313,0.059,2
2026-08-19,11:39:55,0.081663,0.090601,0.0006,29287.617913,0.059,2
2026-08-19,11:39:55,0.102079,0.092663,0.00061,29287.617913,0.059,2
2026-08-19,11:39:56,0.102079,0.092663,0.00061,29287.618523,0.059,2
2026-08-19,11:39:57,0.146246,0.092663,0.00061,29287.619133,0.059,2
2026-08-19,11:39:57,0.104461,0.092663,0.00061,29287.619133,0.059,2
2026-08-19,11:39:58,0.142911,0.092663,0.00061,29287.619743,0.059,2
2026-08-19,11:39:59,0.083136,0.090557,0.00061,29287.620353,0.059,2
2026-08-19,11:39:59,0.083136,0.086368,0.00057,29287.620353,0.059,2
2026-08-19,11:40:00,0.083136,0.086368,0.00057,29287.620923,0.059,2
2026-08-19,11:40:01,0.10392,0.088532,0.00058,29287.621503,0.059,2
2026-08-19,11:40:01,0.109735,0.089219,0.00059,29287.621503,0.059,2
2026-08-19,11:40:02,0.081663,0.089157,0.00059,29287.622093,0.059,2
2026-08-19,11:40:03,0.081663,0.089157,0.00059,29287.622683,0.059,2
2026-08-19,11:40:03,0.081663,0.089095,0.00059,29287.622683,0.059,2
2026-08-19,11:40:04,0.163326,0.089095,0.00059,29287.623273,0.059,2
2026-08-19,11:40:05,0.083352,0.089201,0.00059,29287.623863,0.059,2
2026-08-19,11:40:05,0.083352,0.089663,0.00059,29287.623863,0.059,2
2026-08-19,11:40:06,0.086282,0.089663,0.00059,29287.624453,0.059,2
2026-08-19,11:40:06,0.10419,0.091916,0.00061,29287.625063,0.059,2
2026-08-19,11:40:07,0.125028,0.094211,0.00061,29287.625063,0.059,2
2026-08-19,11:40:08,0.10419,0.096316,0.00062,29287.625683,0.059,2
2026-08-19,11:40:08,0.10419,0.096316,0.00064,29287.626323,0.059,2
2026-08-19,11:40:09,0.083352,0.096338,0.00064,29287.626323,0.059,2
2026-08-19,11:40:10,0.125028,0.096338,0.00064,29287.626963,0.059,2
2026-08-19,11:40:10,0.137401,0.096338,0.00064,29287.626963,0.059,2
2026-08-19,11:40:11,0.137401,0.096338,0.00064,29287.627603,0.059,2
2026-08-19,11:40:12,0.10419,0.096338,0.00064,29287.628243,0.059,2
2026-08-19,11:40:12,0.124702,0.096338,0.00064,29287.628243,0.059,2
2026-08-19,11:40:13,0.083352,0.094281,0.00064,29287.628883,0.059,2
2026-08-19,11:40:14,0.10419,0.093726,0.00062,29287.629503,0.059,2
2026-08-19,11:40:14,0.10419,0.093726,0.00062,29287.629503,0.059,2
2026-08-19,11:40:15,0.166378,0.093726,0.00062,29287.630123,0.059,2
2026-08-19,11:40:16,0.083352,0.093895,0.00062,29287.630743,0.059,2
2026-08-19,11:40:16,0.145866,0.093895,0.00062,29287.630743,0.059,2
2026-08-19,11:40:17,0.145866,0.093895,0.00062,29287.631363,0.059,2
2026-08-19,11:40:18,0.10419,0.093895,0.00062,29287.631983,0.059,2
2026-08-19,11:40:18,0.14554,0.093895,0.00062,29287.631983,0.059,2
2026-08-19,11:40:19,0.083352,0.094064,0.00062,29287.632603,0.059,2
2026-08-19,11:40:20,0.125028,0.094064,0.00062,29287.633223,0.059,2
2026-08-19,11:40:20,0.125028,0.094064,0.00062,29287.633223,0.059,2
2026-08-19,11:40:21,0.10419,0.094064,0.00062,29287.633843,0.059,2
2026-08-19,11:40:22,0.083352,0.094064,0.00062,29287.634463,0.059,2
2026-08-19,11:40:22,0.10419,0.094064,0.00062,29287.634463,0.059,2
2026-08-19,11:40:23,0.10419,0.094064,0.00062,29287.635083,0.059,2
2026-08-19,11:40:24,0.10419,0.094064,0.00062,29287.635703,0.059,2
2026-08-19,11:40:24,0.16703,0.094064,0.00062,29287.635703,0.059,2
2026-08-19,11:40:25,0.091492,0.094878,0.00063,29287.636333,0.059,2
2026-08-19,11:40:26,0.145866,0.094878,0.00063,29287.636963,0.059,2
2026-08-19,11:40:26,0.145866,0.094878,0.00063,29287.636963,0.059,2
2026-08-19,11:40:27,0.083352,0.094585,0.00062,29287.637583,0.059,2
2026-08-19,11:40:28,0.10419,0.094585,0.00062,29287.638203,0.059,2
2026-08-19,11:40:28,0.102597,0.092342,0.00062,29287.638203,0.059,2
2026-08-19,11:40:29,0.102597,0.093112,0.00061,29287.638813,0.059,2
2026-08-19,11:40:30,0.111895,0.093112,0.00061,29287.639423,0.059,2
2026-08-19,11:40:30,0.14554,0.093112,0.00061,29287.639423,0.059,2
2026-08-19,11:40:31,0.081663,0.092943,0.00061,29287.640033,0.059,2
2026-08-19,11:40:32,0.124702,0.092943,0.00061,29287.640643,0.059,2
2026-08-19,11:40:32,0.124702,0.092943,0.00061,29287.640643,0.059,2
2026-08-19,11:40:33,0.141308,0.092943,0.00061,29287.641253,0.059,2
2026-08-19,11:40:34,0.138386,0.092943,0.00061,29287.641863,0.059,2
2026-08-19,11:40:34,0.125354,0.092943,0.00061,29287.641863,0.059,2
2026-08-19,11:40:35,0.156293,0.092943,0.00061,29287.642473,0.059,2
2026-08-19,11:40:36,0.156293,0.092943,0.00061,29287.643083,0.059,2
2026-08-19,11:40:36,0.130513,0.092943,0.00061,29287.643083,0.059,2
2026-08-19,11:40:37,0.123745,0.092943,0.00061,29287.643693,0.059,2
2026-08-19,11:40:38,0.103121,0.092943,0.00061,29287.644303,0.059,2
2026-08-19,11:40:38,0.103121,0.092943,0.00061,29287.644303,0.059,2
2026-08-19,11:40:39,0.149203,0.092943,0.00061,29287.644913,0.059,2
2026-08-19,11:40:40,0.084676,0.093076,0.00061,29287.645523,0.059,2
2026-08-19,11:40:40,0.106617,0.093319,0.00062,29287.645523,0.059,2
2026-08-19,11:40:41,0.206772,0.093319,0.00062,29287.646143,0.059,2
2026-08-19,11:40:42,0.206772,0.093319,0.00062,29287.646763,0.059,2
2026-08-19,11:40:42,0.084008,0.093384,0.00062,29287.646763,0.059,2
2026-08-19,11:40:43,0.102858,0.095335,0.00063,29287.647383,0.059,2
2026-08-19,11:40:43,0.148183,0.095335,0.00063,29287.648013,0.059,2
2026-08-19,11:40:44,0.148183,0.095335,0.00063,29287.648013,0.059,2
2026-08-19,11:40:45,0.125361,0.095335,0.00063,29287.648643,0.059,2
2026-08-19,11:40:45,0.204873,0.095335,0.00063,29287.648643,0.059,2
2026-08-19,11:40:46,0.125028,0.095335,0.00063,29287.649273,0.059,2
2026-08-19,11:40:47,0.129528,0.095335,0.00063,29287.649903,0.059,2
2026-08-19,11:40:47,0.129528,0.095335,0.00063,29287.649903,0.059,2
2026-08-19,11:40:48,0.133055,0.095335,0.00063,29287.650533,0.059,2
2026-08-19,11:40:49,0.122796,0.095335,0.00063,29287.651163,0.059,2
2026-08-19,11:40:49,0.10419,0.095335,0.00063,29287.651163,0.059,2
2026-08-19,11:40:50,0.10419,0.095335,0.00063,29287.651793,0.059,2
2026-08-19,11:40:51,0.081254,0.095335,0.00063,29287.652423,0.059,2
2026-08-19,11:40:51,0.103652,0.095335,0.00063,29287.652423,0.059,2
2026-08-19,11:40:52,0.082922,0.095335,0.00063,29287.653053,0.059,2
2026-08-19,11:40:53,0.107215,0.095335,0.00063,29287.653683,0.059,2
2026-08-19,11:40:53,0.107215,0.095335,0.00063,29287.653683,0.059,2
2026-08-19,11:40:54,0.082922,0.107256,0.00071,29287.654313,0.059,2
2026-08-19,11:40:55,0.123411,0.107256,0.00071,29287.655023,0.059,2
2026-08-19,11:40:55,0.105845,0.107256,0.00071,29287.655023,0.059,2
2026-08-19,11:40:56,0.105845,0.107256,0.00071,29287.655733,0.059,2
2026-08-19,11:40:57,0.086887,0.107256,0.00071,29287.656443,0.059,2
2026-08-19,11:40:57,0.177585,0.107256,0.00071,29287.656443,0.059,2
2026-08-19,11:40:58,0.083569,0.10311,0.00068,29287.657153,0.059,2
2026-08-19,11:40:59,0.122485,0.10311,0.00068,29287.657833,0.059,2
2026-08-19,11:40:59,0.122485,0.10311,0.00068,29287.657833,0.059,2
2026-08-19,11:41:00,0.196378,0.10311,0.00068,29287.658513,0.059,2
2026-08-19,11:41:01,0.103121,0.10047,0.00066,29287.659173,0.059,2
2026-08-19,11:41:01,0.103121,0.097476,0.00064,29287.659173,0.059,2
2026-08-19,11:41:02,0.103121,0.093446,0.00064,29287.659813,0.059,2
2026-08-19,11:41:03,0.082497,0.093446,0.00062,29287.660433,0.059,2
2026-08-19,11:41:03,0.123423,0.093446,0.00062,29287.660433,0.059,2
2026-08-19,11:41:04,0.206242,0.093446,0.00062,29287.661053,0.059,2
2026-08-19,11:41:05,0.082497,0.091277,0.00062,29287.661673,0.059,2
2026-08-19,11:41:05,0.082497,0.091277,0.0006,29287.661673,0.059,2
2026-08-19,11:41:06,0.206242,0.091277,0.0006,29287.662273,0.059,2
2026-08-19,11:41:07,0.14437,0.091277,0.0006,29287.662873,0.059,2
2026-08-19,11:41:07,0.082497,0.091401,0.0006,29287.662873,0.059,2
2026-08-19,11:41:08,0.14437,0.091401,0.0006,29287.663473,0.059,2
2026-08-19,11:41:09,0.14437,0.091401,0.0006,29287.664073,0.059,2
2026-08-19,11:41:09,0.123745,0.091401,0.0006,29287.664073,0.059,2
2026-08-19,11:41:10,0.109566,0.091401,0.0006,29287.664673,0.059,2
2026-08-19,11:41:11,0.123745,0.091401,0.0006,29287.665273,0.059,2
2026-08-19,11:41:11,0.123745,0.091401,0.0006,29287.665273,0.059,2
2026-08-19,11:41:12,0.143403,0.091401,0.0006,29287.665873,0.059,2
2026-08-19,11:41:13,0.14437,0.091401,0.0006,29287.666473,0.059,2
2026-08-19,11:41:13,0.082497,0.089286,0.00059,29287.666473,0.059,2
2026-08-19,11:41:14,0.185618,0.089286,0.00059,29287.667063,0.059,2
2026-08-19,11:41:15,0.185618,0.089286,0.00059,29287.667653,0.059,2
2026-08-19,11:41:15,0.137602,0.089286,0.00059,29287.667653,0.059,2
2026-08-19,11:41:16,0.122456,0.089286,0.00059,29287.668243,0.059,2
2026-08-19,11:41:17,0.10501,0.089286,0.00059,29287.668833,0.059,2
2026-08-19,11:41:17,0.127294,0.089286,0.00059,29287.668833,0.059,2
2026-08-19,11:41:18,0.127294,0.089286,0.00059,29287.669423,0.059,2
2026-08-19,11:41:19,0.124063,0.089286,0.00059,29287.670013,0.059,2
2026-08-19,11:41:19,0.082709,0.089264,0.00059,29287.670013,0.059,2
2026-08-19,11:41:20,0.082709,0.086814,0.00059,29287.670603,0.059,2
2026-08-19,11:41:21,0.082709,0.086814,0.00057,29287.671173,0.059,2
2026-08-19,11:41:21,0.126348,0.086814,0.00057,29287.671173,0.059,2
2026-08-19,11:41:22,0.14977,0.086814,0.00057,29287.671743,0.059,2
2026-08-19,11:41:23,0.082287,0.08675,0.00057,29287.672313,0.059,2
2026-08-19,11:41:23,0.12343,0.08675,0.00057,29287.672313,0.059,2
2026-08-19,11:41:24,0.12343,0.08675,0.00057,29287.672883,0.059,2
2026-08-19,11:41:25,0.188031,0.08675,0.00057,29287.673453,0.059,2
2026-08-19,11:41:25,0.123116,0.08675,0.00057,29287.673453,0.059,2
2026-08-19,11:41:26,0.186883,0.08675,0.00057,29287.674023,0.059,2
2026-08-19,11:41:27,0.186883,0.08675,0.00057,29287.674593,0.059,2
2026-08-19,11:41:27,0.12374,0.08675,0.00057,29287.674593,0.059,2
2026-08-19,11:41:28,0.103386,0.08675,0.00057,29287.675163,0.059,2
2026-08-19,11:41:29,0.186095,0.08675,0.00057,29287.675733,0.059,2
2026-08-19,11:41:29,0.11954,0.08675,0.00057,29287.675733,0.059,2
2026-08-19,11:41:30,0.11954,0.086664,0.00057,29287.676303,0.059,2
2026-08-19,11:41:31,0.082709,0.086664,0.00057,29287.676873,0.059,2
2026-08-19,11:41:31,0.12374,0.086664,0.00057,29287.676873,0.059,2
2026-08-19,11:41:32,0.124063,0.086664,0.00057,29287.677443,0.059,2
2026-08-19,11:41:33,0.082709,0.084623,0.00057,29287.678013,0.059,2
2026-08-19,11:41:33,0.082709,0.084623,0.00056,29287.678013,0.059,2
2026-08-19,11:41:34,0.082709,0.082582,0.00054,29287.678573,0.059,2
2026-08-19,11:41:35,0.14474,0.082582,0.00054,29287.679113,0.059,2
2026-08-19,11:41:35,0.165094,0.082582,0.00054,29287.679113,0.059,2
2026-08-19,11:41:36,0.165094,0.082603,0.00054,29287.679653,0.059,2
2026-08-19,11:41:37,0.082709,0.082603,0.00054,29287.680193,0.059,2
2026-08-19,11:41:37,0.103386,0.084692,0.00056,29287.680193,0.059,2
2026-08-19,11:41:38,0.103386,0.086781,0.00057,29287.680753,0.059,2
2026-08-19,11:41:39,0.088524,0.087383,0.00057,29287.681323,0.059,2
2026-08-19,11:41:39,0.088524,0.087383,0.00058,29287.681323,0.059,2
2026-08-19,11:41:40,0.148617,0.087383,0.00058,29287.681903,0.059,2
2026-08-19,11:41:41,0.084008,0.087513,0.00058,29287.682483,0.059,2
2026-08-19,11:41:41,0.147014,0.087513,0.00058,29287.682483,0.059,2
2026-08-19,11:41:42,0.110171,0.087513,0.00058,29287.683063,0.059,2
2026-08-19,11:41:43,0.110171,0.087513,0.00058,29287.683643,0.059,2
2026-08-19,11:41:43,0.103386,0.087513,0.00058,29287.683643,0.059,2
2026-08-19,11:41:44,0.199018,0.087513,0.00058,29287.684223,0.059,2
2026-08-19,11:41:45,0.082709,0.087513,0.00058,29287.684803,0.059,2
2026-08-19,11:41:45,0.082709,0.087513,0.00058,29287.684803,0.059,2
2026-08-19,11:41:46,0.143502,0.087513,0.00058,29287.685383,0.059,2
2026-08-19,11:41:47,0.084452,0.08773,0.00058,29287.685963,0.059,2
2026-08-19,11:41:47,0.083141,0.087773,0.00058,29287.685963,0.059,2
2026-08-19,11:41:48,0.082497,0.087752,0.00058,29287.686543,0.059,2
2026-08-19,11:41:49,0.082497,0.089793,0.00058,29287.687123,0.059,2
2026-08-19,11:41:49,0.103121,0.089793,0.00059,29287.687123,0.059,2
2026-08-19,11:41:50,0.126684,0.094191,0.00059,29287.687713,0.059,2
2026-08-19,11:41:51,0.184823,0.094191,0.00062,29287.688333,0.059,2
2026-08-19,11:41:51,0.102858,0.094138,0.00062,29287.688333,0.059,2
2026-08-19,11:41:52,0.102858,0.094138,0.00062,29287.688953,0.059,2
2026-08-19,11:41:53,0.102858,0.094085,0.00062,29287.688953,0.059,2
2026-08-19,11:41:53,0.14368,0.094085,0.00062,29287.689573,0.059,2
2026-08-19,11:41:54,0.082287,0.093461,0.00062,29287.690193,0.059,2
2026-08-19,11:41:55,0.082287,0.093289,0.00062,29287.690813,0.059,2
2026-08-19,11:41:55,0.082287,0.093289,0.00062,29287.690813,0.059,2
2026-08-19,11:41:56,0.102858,0.095304,0.00062,29287.691433,0.059,2
2026-08-19,11:41:57,0.083788,0.095238,0.00063,29287.692063,0.059,2
2026-08-19,11:41:57,0.125682,0.095238,0.00063,29287.692063,0.059,2
2026-08-19,11:41:58,0.125682,0.095238,0.00063,29287.692693,0.059,2
2026-08-19,11:41:59,0.08187,0.095111,0.00063,29287.692693,0.059,2
2026-08-19,11:41:59,0.151983,0.095111,0.00063,29287.693323,0.059,2
2026-08-19,11:42:00,0.145164,0.095111,0.00063,29287.693953,0.059,2
2026-08-19,11:42:01,0.118209,0.095111,0.00063,29287.693953,0.059,2
2026-08-19,11:42:01,0.118209,0.095111,0.00063,29287.694583,0.059,2
2026-08-19,11:42:02,0.137694,0.095111,0.00063,29287.695213,0.059,2
2026-08-19,11:42:03,0.12438,0.095111,0.00063,29287.695213,0.059,2
2026-08-19,11:42:03,0.12438,0.095111,0.00063,29287.695843,0.059,2
2026-08-19,11:42:04,0.12438,0.095111,0.00063,29287.696473,0.059,2
2026-08-19,11:42:05,0.187056,0.095111,0.00063,29287.696473,0.059,2
2026-08-19,11:42:05,0.187056,0.095111,0.00063,29287.697103,0.059,2
2026-08-19,11:42:06,0.186732,0.095111,0.00063,29287.697733,0.059,2
2026-08-19,11:42:07,0.110091,0.09787,0.00065,29287.697733,0.059,2
2026-08-19,11:42:07,0.110091,0.09787,0.00065,29287.698383,0.059,2
2026-08-19,11:42:08,0.124704,0.100028,0.00066,29287.699043,0.059,2
2026-08-19,11:42:09,0.207516,0.100028,0.00066,29287.699043,0.059,2
2026-08-19,11:42:09,0.10392,0.097752,0.00066,29287.699703,0.059,2
2026-08-19,11:42:10,0.10392,0.097752,0.00064,29287.700343,0.059,2
2026-08-19,11:42:11,0.145164,0.097752,0.00064,29287.700343,0.059,2
2026-08-19,11:42:11,0.122176,0.097752,0.00064,29287.700983,0.059,2
2026-08-19,11:42:12,0.083569,0.095823,0.00063,29287.701613,0.059,2
2026-08-19,11:42:13,0.083569,0.093894,0.00062,29287.701613,0.059,2
2026-08-19,11:42:13,0.083569,0.093894,0.00062,29287.702233,0.059,2
2026-08-19,11:42:14,0.14592,0.093894,0.00062,29287.702853,0.059,2
2026-08-19,11:42:15,0.082077,0.093873,0.00062,29287.702853,0.059,2
2026-08-19,11:42:15,0.143636,0.093873,0.00062,29287.703473,0.059,2
2026-08-19,11:42:16,0.178141,0.093873,0.00062,29287.704093,0.059,2
2026-08-19,11:42:17,0.178141,0.093873,0.00062,29287.704093,0.059,2
2026-08-19,11:42:17,0.14437,0.093873,0.00062,29287.704713,0.059,2
2026-08-19,11:42:18,0.103121,0.093873,0.00062,29287.705333,0.059,2
2026-08-19,11:42:19,0.082497,0.093873,0.00062,29287.705333,0.059,2
2026-08-19,11:42:19,0.082497,0.093873,0.00062,29287.705953,0.059,2
2026-08-19,11:42:20,0.103121,0.093873,0.00062,29287.706573,0.059,2
2026-08-19,11:42:21,0.103121,0.093873,0.00062,29287.706573,0.059,2
2026-08-19,11:42:21,0.125683,0.093873,0.00062,29287.707193,0.059,2
2026-08-19,11:42:22,0.12374,0.093873,0.00062,29287.707813,0.059,2
2026-08-19,11:42:22,0.12374,0.093916,0.00062,29287.707813,0.059,2
2026-08-19,11:42:23,0.082709,0.093916,0.00062,29287.708433,0.059,2
2026-08-19,11:42:24,0.165417,0.093916,0.00062,29287.709053,0.059,2
2026-08-19,11:42:24,0.082709,0.091901,0.00062,29287.709053,0.059,2
2026-08-19,11:42:25,0.103386,0.09386,0.00061,29287.709663,0.059,2
2026-08-19,11:42:26,0.103386,0.09386,0.00062,29287.710283,0.059,2
2026-08-19,11:42:26,0.10759,0.096432,0.00062,29287.710283,0.059,2
2026-08-19,11:42:27,0.102337,0.095657,0.00063,29287.710913,0.059,2
2026-08-19,11:42:28,0.08187,0.091374,0.0006,29287.711513,0.059,2
2026-08-19,11:42:28,0.08187,0.091215,0.0006,29287.711513,0.059,2
2026-08-19,11:42:29,0.102337,0.091215,0.0006,29287.712113,0.059,2
2026-08-19,11:42:30,0.142952,0.091215,0.0006,29287.712713,0.059,2
2026-08-19,11:42:30,0.122804,0.091215,0.0006,29287.712713,0.059,2
2026-08-19,11:42:31,0.104735,0.091215,0.0006,29287.713313,0.059,2
2026-08-19,11:42:32,0.104735,0.091215,0.0006,29287.713913,0.059,2
2026-08-19,11:42:32,0.103121,0.091215,0.0006,29287.713913,0.059,2
2026-08-19,11:42:33,0.082497,0.091215,0.0006,29287.714513,0.059,2
2026-08-19,11:42:34,0.082497,0.091215,0.0006,29287.715113,0.059,2
2026-08-19,11:42:34,0.082497,0.091215,0.0006,29287.715113,0.059,2
2026-08-19,11:42:35,0.103121,0.091215,0.0006,29287.715713,0.059,2
2026-08-19,11:42:36,0.155971,0.091215,0.0006,29287.716313,0.059,2
2026-08-19,11:42:36,0.123745,0.091215,0.0006,29287.716313,0.06,2
2026-08-19,11:42:37,0.103121,0.091215,0.00062,29287.716913,0.06,2
2026-08-19,11:42:38,0.103121,0.091215,0.00062,29287.717533,0.06,2
2026-08-19,11:42:38,0.161127,0.091215,0.00062,29287.717533,0.06,2
2026-08-19,11:42:39,0.128579,0.091215,0.00062,29287.718153,0.06,2
2026-08-19,11:42:40,0.105286,0.091215,0.00062,29287.718773,0.06,2
2026-08-19,11:42:40,0.105286,0.091215,0.00062,29287.718773,0.06,2
2026-08-19,11:42:41,0.145113,0.091215,0.00062,29287.719393,0.06,2
2026-08-19,11:42:42,0.137339,0.091215,0.00062,29287.720013,0.06,2
2026-08-19,11:42:42,0.103652,0.091215,0.00062,29287.720013,0.06,2
2026-08-19,11:42:43,0.082922,0.091215,0.0006,29287.720633,0.059,2
2026-08-19,11:42:44,0.082922,0.091215,0.0006,29287.721233,0.059,2
2026-08-19,11:42:44,0.165844,0.091215,0.0006,29287.721233,0.059,2
2026-08-19,11:42:45,0.082922,0.09115,0.0006,29287.721833,0.059,2
2026-08-19,11:42:46,0.124383,0.09115,0.0006,29287.722433,0.059,2
2026-08-19,11:42:46,0.124383,0.09115,0.0006,29287.722433,0.059,2
2026-08-19,11:42:47,0.145113,0.09115,0.0006,29287.723033,0.059,2
2026-08-19,11:42:48,0.186574,0.09115,0.0006,29287.723633,0.059,2
2026-08-19,11:42:48,0.137663,0.09115,0.0006,29287.723633,0.059,2
2026-08-19,11:42:49,0.144789,0.09115,0.0006,29287.724233,0.059,2
2026-08-19,11:42:50,0.144789,0.09115,0.0006,29287.724233,0.06,2
2026-08-19,11:42:50,0.108187,0.09115,0.00062,29287.724833,0.06,2
2026-08-19,11:42:51,0.082922,0.09115,0.00062,29287.725453,0.06,2
2026-08-19,11:42:52,0.082922,0.09115,0.00062,29287.725453,0.06,2
2026-08-19,11:42:52,0.082922,0.09115,0.00062,29287.726073,0.06,2
2026-08-19,11:42:53,0.120172,0.09115,0.00062,29287.726693,0.06,2
2026-08-19,11:42:54,0.124383,0.09115,0.00062,29287.726693,0.06,2
2026-08-19,11:42:54,0.133452,0.09115,0.00062,29287.727313,0.06,2
2026-08-19,11:42:55,0.122176,0.09115,0.00062,29287.727933,0.06,2
2026-08-19,11:42:56,0.122176,0.09115,0.00062,29287.727933,0.06,2
2026-08-19,11:42:56,0.082922,0.091086,0.00062,29287.728553,0.06,2
2026-08-19,11:42:57,0.107539,0.093632,0.00062,29287.729173,0.06,2
2026-08-19,11:42:58,0.145113,0.093632,0.00063,29287.729173,0.06,2
2026-08-19,11:42:58,0.145113,0.093632,0.00063,29287.729803,0.06,2
2026-08-19,11:42:59,0.103652,0.093632,0.00063,29287.730433,0.059,2
2026-08-19,11:43:00,0.085837,0.093632,0.00062,29287.730433,0.059,2
2026-08-19,11:43:00,0.16552,0.093632,0.00062,29287.731053,0.059,2
2026-08-19,11:43:01,0.103652,0.095726,0.00062,29287.731673,0.059,2
2026-08-19,11:43:02,0.103652,0.095901,0.00063,29287.731673,0.059,2
2026-08-19,11:43:02,0.084452,0.095901,0.00063,29287.732303,0.059,2
2026-08-19,11:43:03,0.082287,0.093791,0.00062,29287.732923,0.059,2
2026-08-19,11:43:03,0.082287,0.09126,0.0006,29287.732923,0.059,2
2026-08-19,11:43:04,0.082287,0.089255,0.0006,29287.733523,0.059,2
2026-08-19,11:43:05,0.082287,0.089255,0.00059,29287.734113,0.059,2
2026-08-19,11:43:05,0.123108,0.089255,0.00059,29287.734113,0.059,2
2026-08-19,11:43:06,0.176466,0.089255,0.00059,29287.734703,0.059,2
2026-08-19,11:43:07,0.082287,0.089297,0.00059,29287.735293,0.059,2
2026-08-19,11:43:07,0.082287,0.089592,0.00059,29287.735293,0.059,2
2026-08-19,11:43:08,0.105286,0.089592,0.00059,29287.735883,0.059,2
2026-08-19,11:43:09,0.201689,0.089592,0.00059,29287.736473,0.059,2
2026-08-19,11:43:09,0.126015,0.089592,0.00059,29287.736473,0.059,2
2026-08-19,11:43:10,0.082287,0.089528,0.00059,29287.737063,0.059,2
2026-08-19,11:43:11,0.082287,0.089528,0.00059,29287.737653,0.059,2
2026-08-19,11:43:11,0.159109,0.089528,0.00059,29287.737653,0.059,2
2026-08-19,11:43:12,0.102858,0.091522,0.00059,29287.738243,0.059,2
2026-08-19,11:43:13,0.082287,0.088997,0.00059,29287.738833,0.059,2
2026-08-19,11:43:13,0.082287,0.08686,0.00057,29287.738833,0.059,2
2026-08-19,11:43:14,0.082287,0.08686,0.00057,29287.739403,0.059,2
2026-08-19,11:43:15,0.205716,0.08686,0.00057,29287.739973,0.059,2
2026-08-19,11:43:15,0.14368,0.08686,0.00057,29287.739973,0.059,2
2026-08-19,11:43:16,0.082287,0.086644,0.00057,29287.740543,0.059,2
2026-08-19,11:43:17,0.082287,0.086644,0.00057,29287.741113,0.059,2
2026-08-19,11:43:17,0.102858,0.088701,0.00057,29287.741113,0.059,2
2026-08-19,11:43:18,0.082287,0.088701,0.00058,29287.741693,0.059,2
2026-08-19,11:43:19,0.144001,0.088701,0.00058,29287.742273,0.059,2
2026-08-19,11:43:19,0.144001,0.088701,0.00058,29287.742273,0.059,2
2026-08-19,11:43:20,0.102858,0.088701,0.00058,29287.742853,0.059,2
2026-08-19,11:43:21,0.14368,0.088701,0.00058,29287.743433,0.059,2
2026-08-19,11:43:21,0.162966,0.088701,0.00058,29287.743433,0.059,2
2026-08-19,11:43:22,0.082287,0.088701,0.00058,29287.744013,0.059,2
2026-08-19,11:43:23,0.082287,0.088701,0.00058,29287.744593,0.059,2
2026-08-19,11:43:23,0.082287,0.088701,0.00058,29287.744593,0.059,2
2026-08-19,11:43:24,0.082287,0.086401,0.00057,29287.745163,0.059,2
2026-08-19,11:43:25,0.161915,0.086401,0.00057,29287.745733,0.059,2
2026-08-19,11:43:25,0.161915,0.086401,0.00057,29287.745733,0.059,2
2026-08-19,11:43:26,0.146246,0.086401,0.00057,29287.746303,0.059,2
2026-08-19,11:43:27,0.146573,0.086401,0.00057,29287.746303,0.059,2
2026-08-19,11:43:27,0.188031,0.086401,0.00057,29287.746873,0.059,2
2026-08-19,11:43:28,0.083569,0.086529,0.00057,29287.747443,0.059,2
2026-08-19,11:43:29,0.083569,0.086529,0.00057,29287.747443,0.059,2
2026-08-19,11:43:29,0.146246,0.086529,0.00057,29287.748013,0.059,2
2026-08-19,11:43:30,0.147376,0.086529,0.00057,29287.748583,0.059,2
2026-08-19,11:43:31,0.102079,0.086451,0.00057,29287.748583,0.059,2
2026-08-19,11:43:31,0.102079,0.090725,0.00057,29287.749153,0.059,2
2026-08-19,11:43:32,0.125028,0.090725,0.0006,29287.749753,0.059,2
2026-08-19,11:43:33,0.10419,0.092916,0.0006,29287.749753,0.059,2
2026-08-19,11:43:33,0.083352,0.093022,0.00061,29287.750363,0.059,2
2026-08-19,11:43:34,0.14554,0.093022,0.00061,29287.750973,0.059,2
2026-08-19,11:43:35,0.14554,0.093022,0.00061,29287.750973,0.059,2
2026-08-19,11:43:35,0.14554,0.093022,0.00061,29287.751583,0.059,2
2026-08-19,11:43:36,0.125028,0.093022,0.00061,29287.752193,0.059,2
2026-08-19,11:43:37,0.217497,0.093022,0.00061,29287.752193,0.059,2
2026-08-19,11:43:37,0.102337,0.09297,0.00061,29287.752803,0.059,2
2026-08-19,11:43:38,0.102337,0.09297,0.00063,29287.753413,0.059,2
2026-08-19,11:43:39,0.102337,0.094975,0.00063,29287.753413,0.059,2
2026-08-19,11:43:39,0.122804,0.099027,0.00065,29287.754043,0.059,2
2026-08-19,11:43:40,0.142952,0.105094,0.00069,29287.754693,0.059,2
2026-08-19,11:43:41,0.142952,0.108602,0.00069,29287.754693,0.059,2
2026-08-19,11:43:41,0.117368,0.108602,0.00072,29287.755383,0.059,2
2026-08-19,11:43:42,0.08187,0.108602,0.00072,29287.756103,0.059,2
2026-08-19,11:43:43,0.08187,0.108602,0.00072,29287.756103,0.059,2
2026-08-19,11:43:43,0.142952,0.108602,0.00072,29287.756823,0.059,2
2026-08-19,11:43:44,0.142952,0.108602,0.00072,29287.757543,0.059,2
2026-08-19,11:43:45,0.145164,0.108602,0.00072,29287.757543,0.059,2
2026-08-19,11:43:45,0.145164,0.108602,0.00072,29287.758263,0.059,2
2026-08-19,11:43:46,0.207841,0.108602,0.00072,29287.758983,0.059,2
2026-08-19,11:43:47,0.207841,0.108558,0.00072,29287.758983,0.059,2
2026-08-19,11:43:47,0.083136,0.108558,0.00072,29287.759703,0.059,2
2026-08-19,11:43:48,0.12438,0.108558,0.00072,29287.760423,0.059,2
2026-08-19,11:43:48,0.10392,0.108558,0.00072,29287.760423,0.059,2
2026-08-19,11:43:49,0.083136,0.108558,0.00072,29287.761143,0.059,2
2026-08-19,11:43:50,0.083136,0.108558,0.00072,29287.761863,0.059,2
2026-08-19,11:43:50,0.145488,0.108558,0.00072,29287.761863,0.059,2
2026-08-19,11:43:51,0.083136,0.106664,0.0007,29287.762583,0.059,2
2026-08-19,11:43:52,0.147006,0.106664,0.0007,29287.763283,0.059,2
2026-08-19,11:43:52,0.147006,0.106664,0.0007,29287.763283,0.059,2
2026-08-19,11:43:53,0.166272,0.106664,0.0007,29287.763983,0.059,2
2026-08-19,11:43:54,0.12438,0.106664,0.0007,29287.764683,0.059,2
2026-08-19,11:43:54,0.145488,0.106664,0.0007,29287.764683,0.059,2
2026-08-19,11:43:55,0.145488,0.106664,0.0007,29287.765383,0.059,2
2026-08-19,11:43:56,0.145488,0.106664,0.0007,29287.766083,0.059,2
2026-08-19,11:43:56,0.10392,0.106664,0.0007,29287.766083,0.059,2
2026-08-19,11:43:57,0.165948,0.106664,0.0007,29287.766783,0.059,2
2026-08-19,11:43:58,0.163326,0.106664,0.0007,29287.767483,0.059,2
2026-08-19,11:43:58,0.16552,0.106664,0.0007,29287.767483,0.059,2
2026-08-19,11:43:59,0.16552,0.106664,0.0007,29287.768183,0.059,2
2026-08-19,11:44:00,0.082922,0.102453,0.00068,29287.768863,0.059,2
2026-08-19,11:44:00,0.082922,0.100327,0.00066,29287.768863,0.059,2
2026-08-19,11:44:01,0.165844,0.100327,0.00066,29287.769523,0.059,2
2026-08-19,11:44:02,0.165844,0.100327,0.00066,29287.770183,0.059,2
2026-08-19,11:44:02,0.144789,0.100327,0.00066,29287.770183,0.059,2
2026-08-19,11:44:03,0.165844,0.100327,0.00066,29287.770843,0.059,2
2026-08-19,11:44:04,0.124383,0.100327,0.00066,29287.771503,0.059,2
2026-08-19,11:44:04,0.082922,0.100284,0.00066,29287.771503,0.059,2
2026-08-19,11:44:05,0.082922,0.100284,0.00066,29287.772163,0.059,2
2026-08-19,11:44:06,0.144789,0.100284,0.00066,29287.772823,0.059,2
2026-08-19,11:44:06,0.125354,0.100284,0.00066,29287.772823,0.059,2
2026-08-19,11:44:07,0.082922,0.098342,0.00066,29287.773483,0.059,2
2026-08-19,11:44:08,0.082922,0.096401,0.00065,29287.774133,0.059,2
2026-08-19,11:44:08,0.082922,0.096401,0.00062,29287.774133,0.059,2
2026-08-19,11:44:09,0.103652,0.094485,0.00062,29287.774753,0.059,2
2026-08-19,11:44:10,0.082922,0.088482,0.00058,29287.775333,0.059,2
2026-08-19,11:44:10,0.126678,0.088482,0.00058,29287.775333,0.059,2
2026-08-19,11:44:11,0.126678,0.088482,0.00058,29287.775913,0.059,2
2026-08-19,11:44:12,0.126348,0.088482,0.00058,29287.776493,0.059,2
2026-08-19,11:44:12,0.253026,0.088482,0.00058,29287.776493,0.059,2
2026-08-19,11:44:13,0.082497,0.084995,0.00058,29287.777073,0.059,2
2026-08-19,11:44:14,0.144047,0.084995,0.00056,29287.777633,0.059,2
2026-08-19,11:44:14,0.144047,0.084995,0.00056,29287.777633,0.059,2
2026-08-19,11:44:15,0.103121,0.084995,0.00056,29287.778193,0.059,2
2026-08-19,11:44:16,0.084452,0.084995,0.00056,29287.778753,0.059,2
2026-08-19,11:44:16,0.205395,0.084995,0.00056,29287.778753,0.059,2
2026-08-19,11:44:17,0.205395,0.086967,0.00056,29287.779313,0.059,2
2026-08-19,11:44:18,0.102858,0.086967,0.00057,29287.779883,0.059,2
2026-08-19,11:44:18,0.144001,0.086967,0.00057,29287.779883,0.059,2
2026-08-19,11:44:19,0.102858,0.086967,0.00057,29287.780453,0.059,2
2026-08-19,11:44:20,0.102858,0.086967,0.00057,29287.781023,0.059,2
2026-08-19,11:44:20,0.102858,0.086967,0.00057,29287.781023,0.059,2
2026-08-19,11:44:21,0.14368,0.086967,0.00057,29287.781593,0.059,2
2026-08-19,11:44:22,0.123108,0.086967,0.00057,29287.782163,0.059,2
2026-08-19,11:44:22,0.082287,0.086882,0.00057,29287.782163,0.059,2
2026-08-19,11:44:23,0.144001,0.086882,0.00057,29287.782733,0.059,2
2026-08-19,11:44:24,0.144001,0.086882,0.00057,29287.783303,0.059,2
2026-08-19,11:44:24,0.102858,0.086882,0.00057,29287.783303,0.059,2
2026-08-19,11:44:25,0.12343,0.086882,0.00057,29287.783873,0.059,2
2026-08-19,11:44:26,0.205395,0.086882,0.00057,29287.784443,0.059,2
2026-08-19,11:44:26,0.205395,0.086882,0.00057,29287.784443,0.059,2
2026-08-19,11:44:27,0.144001,0.086882,0.00057,29287.785013,0.059,2
2026-08-19,11:44:28,0.12343,0.086882,0.00057,29287.785013,0.059,2
2026-08-19,11:44:28,0.082287,0.086819,0.00057,29287.785583,0.059,2
2026-08-19,11:44:29,0.102858,0.088813,0.00059,29287.786173,0.059,2
2026-08-19,11:44:30,0.102858,0.088813,0.00059,29287.786173,0.059,2
2026-08-19,11:44:30,0.144001,0.088813,0.00059,29287.786763,0.059,2
2026-08-19,11:44:31,0.096108,0.090131,0.00059,29287.787353,0.059,2
2026-08-19,11:44:32,0.106072,0.092446,0.00059,29287.787353,0.059,2
2026-08-19,11:44:32,0.109287,0.095083,0.00061,29287.787963,0.059,2
2026-08-19,11:44:33,0.109287,0.095083,0.00063,29287.788593,0.059,2
2026-08-19,11:44:34,0.102858,0.095003,0.00063,29287.788593,0.059,2
2026-08-19,11:44:34,0.084008,0.095112,0.00063,29287.789223,0.059,2
2026-08-19,11:44:35,0.151936,0.095112,0.00063,29287.789853,0.059,2
2026-08-19,11:44:36,0.151936,0.095112,0.00063,29287.789853,0.059,2
2026-08-19,11:44:36,0.125683,0.095112,0.00063,29287.790483,0.059,2
2026-08-19,11:44:37,0.167687,0.095112,0.00063,29287.791113,0.059,2
2026-08-19,11:44:38,0.101568,0.097019,0.00063,29287.791113,0.059,2
2026-08-19,11:44:38,0.121564,0.09889,0.00064,29287.791753,0.059,2
2026-08-19,11:44:39,0.121564,0.09889,0.00068,29287.792393,0.059,2
2026-08-19,11:44:40,0.122448,0.102906,0.00068,29287.792393,0.059,2
2026-08-19,11:44:40,0.124063,0.107083,0.00071,29287.793073,0.059,2
2026-08-19,11:44:41,0.103386,0.107136,0.00071,29287.793783,0.059,2
2026-08-19,11:44:42,0.082709,0.105796,0.00071,29287.793783,0.059,2
2026-08-19,11:44:42,0.082709,0.105796,0.0007,29287.794493,0.059,2
2026-08-19,11:44:43,0.14474,0.105796,0.0007,29287.795193,0.059,2
2026-08-19,11:44:44,0.144417,0.105796,0.0007,29287.795193,0.059,2
2026-08-19,11:44:44,0.12374,0.105796,0.0007,29287.795893,0.059,2
2026-08-19,11:44:45,0.12374,0.105796,0.0007,29287.796593,0.059,2
2026-08-19,11:44:46,0.144417,0.105796,0.0007,29287.796593,0.059,2
2026-08-19,11:44:46,0.12374,0.105796,0.0007,29287.797293,0.059,2
2026-08-19,11:44:47,0.182366,0.105796,0.0007,29287.797993,0.059,2
2026-08-19,11:44:48,0.167687,0.105796,0.0007,29287.797993,0.059,2
2026-08-19,11:44:48,0.167687,0.105796,0.0007,29287.798693,0.059,2
2026-08-19,11:44:49,0.147014,0.105796,0.0007,29287.799393,0.059,2
2026-08-19,11:44:50,0.10501,0.105796,0.0007,29287.799393,0.059,2
2026-08-19,11:44:50,0.084008,0.105796,0.0007,29287.800093,0.059,2
2026-08-19,11:44:51,0.084008,0.105796,0.0007,29287.800793,0.059,2
2026-08-19,11:44:52,0.084008,0.105796,0.0007,29287.800793,0.059,2
2026-08-19,11:44:52,0.142195,0.105796,0.0007,29287.801493,0.059,2
2026-08-19,11:44:53,0.100933,0.105796,0.0007,29287.802193,0.059,2
2026-08-19,11:44:54,0.0971,0.105796,0.0007,29287.802193,0.059,2
2026-08-19,11:44:54,0.0971,0.105796,0.0007,29287.802893,0.059,2
2026-08-19,11:44:55,0.143272,0.105796,0.0007,29287.803593,0.059,2
2026-08-19,11:44:56,0.142952,0.105796,0.0007,29287.803593,0.059,2
2026-08-19,11:44:56,0.147014,0.105796,0.0007,29287.804293,0.059,2
2026-08-19,11:44:57,0.091883,0.104377,0.0007,29287.804993,0.059,2
2026-08-19,11:44:58,0.091883,0.104377,0.00069,29287.804993,0.059,2
2026-08-19,11:44:58,0.121205,0.104377,0.00069,29287.805683,0.059,2
2026-08-19,11:44:59,0.119287,0.104377,0.00069,29287.806373,0.059,2
2026-08-19,11:45:00,0.122804,0.104377,0.00069,29287.806373,0.059,2
2026-08-19,11:45:00,0.122804,0.104377,0.00069,29287.807063,0.059,2
2026-08-19,11:45:01,0.205243,0.104377,0.00069,29287.807753,0.059,2
2026-08-19,11:45:02,0.12438,0.105887,0.0007,29287.807753,0.059,2
2026-08-19,11:45:02,0.12438,0.108039,0.00071,29287.808453,0.059,2
2026-08-19,11:45:03,0.12008,0.111646,0.00071,29287.809163,0.059,2
2026-08-19,11:45:04,0.12008,0.111646,0.00074,29287.809163,0.059,2
2026-08-19,11:45:04,0.093702,0.110859,0.00074,29287.809903,0.059,2
2026-08-19,11:45:05,0.102337,0.108937,0.00072,29287.810623,0.059,2
2026-08-19,11:45:06,0.170258,0.108937,0.00072,29287.810623,0.059,2
2026-08-19,11:45:06,0.170258,0.106952,0.00072,29287.811343,0.059,2
2026-08-19,11:45:07,0.102597,0.106952,0.00071,29287.812053,0.059,2
2026-08-19,11:45:08,0.184354,0.106952,0.00071,29287.812053,0.059,2
2026-08-19,11:45:08,0.102597,0.104805,0.00071,29287.812763,0.059,2
2026-08-19,11:45:09,0.174735,0.104805,0.00069,29287.813453,0.059,2
2026-08-19,11:45:10,0.174735,0.104805,0.00069,29287.813453,0.059,2
2026-08-19,11:45:10,0.143315,0.104805,0.00069,29287.814143,0.059,2
2026-08-19,11:45:11,0.28695,0.104805,0.00069,29287.814833,0.059,2
2026-08-19,11:45:12,0.122796,0.106746,0.0007,29287.814833,0.059,2
2026-08-19,11:45:12,0.122796,0.112839,0.0007,29287.815533,0.059,2
2026-08-19,11:45:13,0.143636,0.112839,0.00075,29287.816283,0.059,2
2026-08-19,11:45:14,0.136903,0.117341,0.00078,29287.816283,0.059,2
2026-08-19,11:45:14,0.123116,0.117214,0.00078,29287.817063,0.059,2
2026-08-19,11:45:15,0.123116,0.117088,0.00077,29287.817833,0.059,2
2026-08-19,11:45:15,0.123116,0.117088,0.00077,29287.817833,0.059,2
2026-08-19,11:45:16,0.163834,0.117088,0.00077,29287.818603,0.059,2
2026-08-19,11:45:17,0.082077,0.113288,0.00075,29287.819353,0.059,2
2026-08-19,11:45:17,0.122796,0.113288,0.00075,29287.819353,0.059,2
2026-08-19,11:45:18,0.082077,0.112125,0.00075,29287.820103,0.059,2
2026-08-19,11:45:19,0.082077,0.112125,0.00074,29287.820843,0.059,2
2026-08-19,11:45:19,0.105565,0.112448,0.00074,29287.820843,0.059,2
2026-08-19,11:45:20,0.10392,0.11258,0.00074,29287.821583,0.059,2
2026-08-19,11:45:21,0.124704,0.114791,0.00076,29287.822343,0.059,2
2026-08-19,11:45:21,0.124704,0.114073,0.00076,29287.822343,0.059,2
2026-08-19,11:45:22,0.115611,0.114073,0.00075,29287.823093,0.059,2
2026-08-19,11:45:23,0.145488,0.114258,0.00075,29287.823843,0.059,2
2026-08-19,11:45:23,0.12438,0.113006,0.00075,29287.823843,0.059,2
2026-08-19,11:45:24,0.118209,0.112515,0.00075,29287.824593,0.059,2
2026-08-19,11:45:25,0.118209,0.112515,0.00074,29287.824593,0.059,2
2026-08-19,11:45:25,0.124704,0.112674,0.00074,29287.825333,0.059,2
2026-08-19,11:45:26,0.083136,0.112674,0.00074,29287.826073,0.059,2
2026-08-19,11:45:27,0.081663,0.112674,0.00074,29287.826073,0.059,2
2026-08-19,11:45:27,0.081663,0.118725,0.00074,29287.826813,0.059,2
2026-08-19,11:45:28,0.142592,0.118725,0.00078,29287.827593,0.059,2
2026-08-19,11:45:29,0.163007,0.126818,0.00084,29287.827593,0.059,2
2026-08-19,11:45:29,0.081663,0.126818,0.00084,29287.828433,0.059,2
2026-08-19,11:45:30,0.105818,0.126818,0.00084,29287.829273,0.059,2
2026-08-19,11:45:31,0.105818,0.126818,0.00084,29287.829273,0.059,2
2026-08-19,11:45:31,0.083352,0.126818,0.00084,29287.830113,0.059,2
2026-08-19,11:45:32,0.083352,0.126818,0.00084,29287.830953,0.059,2
2026-08-19,11:45:33,0.145866,0.130848,0.00084,29287.830953,0.059,2
2026-08-19,11:45:33,0.145866,0.130848,0.00087,29287.831823,0.059,2
2026-08-19,11:45:34,0.083352,0.130848,0.00087,29287.832693,0.059,2
2026-08-19,11:45:35,0.14554,0.13501,0.00087,29287.832693,0.059,2
2026-08-19,11:45:35,0.142551,0.136795,0.0009,29287.833593,0.059,2
2026-08-19,11:45:36,0.122187,0.137453,0.00091,29287.834503,0.059,2
2026-08-19,11:45:37,0.122187,0.137453,0.00091,29287.834503,0.059,2
2026-08-19,11:45:37,0.10419,0.133323,0.00088,29287.835383,0.059,2
2026-08-19,11:45:38,0.10419,0.131304,0.00087,29287.836253,0.059,2
2026-08-19,11:45:39,0.125028,0.131986,0.00087,29287.836253,0.059,2
2026-08-19,11:45:39,0.125028,0.134328,0.00087,29287.837123,0.059,2
2026-08-19,11:45:40,0.148124,0.134328,0.00089,29287.837993,0.059,2
2026-08-19,11:45:41,0.283424,0.134328,0.00089,29287.837993,0.059,2
2026-08-19,11:45:41,0.103256,0.130394,0.00086,29287.838883,0.059,2
2026-08-19,11:45:42,0.123423,0.126436,0.00086,29287.839743,0.059,2
2026-08-19,11:45:43,0.123423,0.126436,0.00084,29287.839743,0.059,2
2026-08-19,11:45:43,0.123745,0.124224,0.00082,29287.840583,0.059,2
2026-08-19,11:45:44,0.133413,0.123011,0.00082,29287.841403,0.059,2
2026-08-19,11:45:45,0.164994,0.125255,0.00081,29287.841403,0.059,2
2026-08-19,11:45:45,0.164994,0.125255,0.00083,29287.842213,0.059,2
2026-08-19,11:45:46,0.267793,0.125255,0.00083,29287.843043,0.059,2
2026-08-19,11:45:47,0.124068,0.125443,0.00083,29287.843043,0.059,2
2026-08-19,11:45:47,0.127612,0.127785,0.00084,29287.843873,0.059,2
2026-08-19,11:45:48,0.082497,0.127785,0.00084,29287.844713,0.059,2
2026-08-19,11:45:49,0.082497,0.127785,0.00084,29287.844713,0.059,2
2026-08-19,11:45:49,0.082497,0.127785,0.00084,29287.845553,0.059,2
2026-08-19,11:45:50,0.123423,0.129709,0.00084,29287.846393,0.059,2
2026-08-19,11:45:51,0.147791,0.131985,0.00087,29287.846393,0.059,2
2026-08-19,11:45:51,0.103652,0.127538,0.00084,29287.847263,0.059,2
2026-08-19,11:45:52,0.103652,0.127538,0.00084,29287.848103,0.059,2
2026-08-19,11:45:53,0.103652,0.127577,0.00084,29287.848103,0.059,2
2026-08-19,11:45:53,0.197263,0.127577,0.00084,29287.848943,0.059,2
2026-08-19,11:45:54,0.082922,0.127577,0.00084,29287.849783,0.059,2
2026-08-19,11:45:55,0.082922,0.127641,0.00084,29287.849783,0.059,2
2026-08-19,11:45:55,0.124059,0.127641,0.00084,29287.850623,0.059,2
2026-08-19,11:45:56,0.124383,0.127705,0.00084,29287.851463,0.059,2
2026-08-19,11:45:57,0.084229,0.127705,0.00084,29287.851463,0.059,2
2026-08-19,11:45:57,0.207304,0.127705,0.00084,29287.852303,0.059,2
2026-08-19,11:45:58,0.207304,0.127705,0.00084,29287.853143,0.059,2
2026-08-19,11:45:59,0.165844,0.127705,0.00084,29287.853143,0.059,2
2026-08-19,11:45:59,0.103652,0.124729,0.00084,29287.853983,0.059,2
2026-08-19,11:46:00,0.124383,0.120667,0.00082,29287.854803,0.059,2
2026-08-19,11:46:01,0.124383,0.120667,0.0008,29287.854803,0.059,2
2026-08-19,11:46:01,0.204158,0.120667,0.0008,29287.855603,0.059,2
2026-08-19,11:46:02,0.117072,0.119968,0.00079,29287.856393,0.059,2
2026-08-19,11:46:03,0.10419,0.117626,0.00078,29287.856393,0.059,2
2026-08-19,11:46:03,0.124702,0.117754,0.00078,29287.857173,0.059,2
2026-08-19,11:46:04,0.124702,0.117754,0.00078,29287.857953,0.059,2
2026-08-19,11:46:04,0.166704,0.117754,0.00078,29287.857953,0.059,2
2026-08-19,11:46:05,0.14261,0.117754,0.00078,29287.858733,0.059,2
2026-08-19,11:46:06,0.10419,0.117754,0.00078,29287.859513,0.059,2
2026-08-19,11:46:06,0.112004,0.117754,0.00078,29287.859513,0.059,2
2026-08-19,11:46:07,0.112004,0.117754,0.00078,29287.860293,0.059,2
2026-08-19,11:46:08,0.083352,0.117754,0.00078,29287.861073,0.059,2
2026-08-19,11:46:08,0.145866,0.117561,0.00078,29287.861073,0.059,2
2026-08-19,11:46:09,0.125028,0.119699,0.00078,29287.861853,0.059,2
2026-08-19,11:46:10,0.125028,0.121836,0.00079,29287.862643,0.059,2
2026-08-19,11:46:10,0.125028,0.121836,0.00079,29287.862643,0.059,2
2026-08-19,11:46:11,0.083352,0.121836,0.00081,29287.863453,0.059,2
2026-08-19,11:46:12,0.142551,0.123686,0.00082,29287.863453,0.059,2
2026-08-19,11:46:12,0.134122,0.124659,0.00082,29287.864273,0.059,2
2026-08-19,11:46:13,0.134122,0.124659,0.00082,29287.865093,0.059,2
2026-08-19,11:46:14,0.10392,0.124686,0.00082,29287.865093,0.059,2
2026-08-19,11:46:14,0.166272,0.124686,0.00082,29287.865913,0.059,2
2026-08-19,11:46:15,0.145488,0.124686,0.00082,29287.866733,0.059,2
2026-08-19,11:46:16,0.145488,0.124686,0.00082,29287.866733,0.059,2
2026-08-19,11:46:16,0.084435,0.124686,0.00082,29287.867553,0.059,2
2026-08-19,11:46:17,0.083136,0.124686,0.00082,29287.868373,0.059,2
2026-08-19,11:46:18,0.112689,0.123517,0.00082,29287.868373,0.059,2
2026-08-19,11:46:18,0.145488,0.126359,0.00082,29287.869193,0.059,2
2026-08-19,11:46:19,0.145488,0.130488,0.00084,29287.870033,0.059,2
2026-08-19,11:46:20,0.145488,0.130488,0.00086,29287.870033,0.059,2
2026-08-19,11:46:20,0.10392,0.12841,0.00086,29287.870893,0.059,2
2026-08-19,11:46:21,0.145488,0.12841,0.00085,29287.871743,0.059,2
2026-08-19,11:46:22,0.083136,0.12841,0.00085,29287.871743,0.059,2
2026-08-19,11:46:22,0.083136,0.12841,0.00085,29287.872593,0.059,2
2026-08-19,11:46:23,0.166272,0.130451,0.00086,29287.873453,0.059,2
2026-08-19,11:46:24,0.249084,0.130451,0.00086,29287.873453,0.059,2
2026-08-19,11:46:24,0.124704,0.130418,0.00086,29287.874313,0.059,2
2026-08-19,11:46:25,0.124704,0.130418,0.00086,29287.875173,0.059,2
2026-08-19,11:46:26,0.083136,0.130418,0.00086,29287.875173,0.059,2
2026-08-19,11:46:26,0.12438,0.130354,0.00086,29287.876033,0.059,2
2026-08-19,11:46:27,0.10392,0.12649,0.00084,29287.876873,0.059,2
2026-08-19,11:46:28,0.105544,0.123633,0.00082,29287.876873,0.059,2
2026-08-19,11:46:28,0.105544,0.123633,0.00082,29287.877693,0.059,2
2026-08-19,11:46:29,0.17569,0.123633,0.00082,29287.878513,0.059,2
2026-08-19,11:46:30,0.166272,0.123633,0.00082,29287.878513,0.059,2
2026-08-19,11:46:30,0.083136,0.123633,0.00082,29287.879333,0.059,2
2026-08-19,11:46:31,0.135893,0.12683,0.00084,29287.880173,0.059,2
2026-08-19,11:46:32,0.135893,0.12683,0.00084,29287.880173,0.059,2
2026-08-19,11:46:32,0.081663,0.12683,0.00084,29287.881013,0.059,2
2026-08-19,11:46:33,0.083352,0.12683,0.00084,29287.881853,0.059,2
2026-08-19,11:46:34,0.184354,0.12683,0.00084,29287.881853,0.059,2
2026-08-19,11:46:34,0.184354,0.127873,0.00084,29287.882693,0.059,2
2026-08-19,11:46:35,0.123116,0.127873,0.00085,29287.883543,0.059,2
2026-08-19,11:46:36,0.10419,0.123743,0.00085,29287.883543,0.059,2
2026-08-19,11:46:36,0.142952,0.123743,0.00082,29287.884363,0.059,2
2026-08-19,11:46:37,0.102337,0.123743,0.00082,29287.885183,0.059,2
2026-08-19,11:46:38,0.102337,0.123743,0.00082,29287.885183,0.059,2
2026-08-19,11:46:38,0.08187,0.123743,0.00082,29287.886003,0.059,2
2026-08-19,11:46:39,0.120457,0.12124,0.0008,29287.886803,0.059,2
2026-08-19,11:46:40,0.083569,0.12124,0.0008,29287.886803,0.059,2
2026-08-19,11:46:40,0.083569,0.12124,0.0008,29287.887603,0.059,2
2026-08-19,11:46:41,0.083569,0.12124,0.0008,29287.888403,0.059,2
2026-08-19,11:46:42,0.229489,0.12124,0.0008,29287.888403,0.059,2
2026-08-19,11:46:42,0.082077,0.12124,0.0008,29287.889203,0.059,2
2026-08-19,11:46:43,0.109971,0.121845,0.00081,29287.890003,0.059,2
2026-08-19,11:46:44,0.109971,0.117786,0.00081,29287.890003,0.059,2
2026-08-19,11:46:44,0.125682,0.117786,0.00078,29287.890813,0.059,2
2026-08-19,11:46:45,0.109566,0.116272,0.00077,29287.891593,0.059,2
2026-08-19,11:46:46,0.082497,0.112084,0.00077,29287.891593,0.059,2
2026-08-19,11:46:46,0.083788,0.11007,0.00073,29287.892363,0.059,2
2026-08-19,11:46:47,0.083788,0.107745,0.00071,29287.893093,0.059,2
2026-08-19,11:46:48,0.082287,0.107745,0.00071,29287.893093,0.059,2
2026-08-19,11:46:48,0.085179,0.102673,0.00068,29287.893803,0.059,2
2026-08-19,11:46:49,0.131787,0.102673,0.00068,29287.894483,0.059,2
2026-08-19,11:46:50,0.189017,0.102673,0.00068,29287.894483,0.059,2
2026-08-19,11:46:50,0.189017,0.102673,0.00068,29287.895163,0.059,2
2026-08-19,11:46:51,0.140109,0.102673,0.00068,29287.895843,0.059,2
2026-08-19,11:46:52,0.102597,0.102673,0.00068,29287.895843,0.059,2
2026-08-19,11:46:52,0.184674,0.102673,0.00068,29287.896523,0.059,2
2026-08-19,11:46:53,0.13017,0.102673,0.00068,29287.897203,0.059,2
2026-08-19,11:46:54,0.13017,0.102673,0.00068,29287.897203,0.059,2
2026-08-19,11:46:54,0.123116,0.102673,0.00068,29287.897883,0.059,2
2026-08-19,11:46:55,0.082077,0.098569,0.00068,29287.898563,0.059,2
2026-08-19,11:46:56,0.115421,0.098569,0.00065,29287.898563,0.059,2
2026-08-19,11:46:56,0.115421,0.098569,0.00065,29287.899213,0.059,2
2026-08-19,11:46:57,0.149727,0.098569,0.00065,29287.899863,0.059,2
2026-08-19,11:46:58,0.082077,0.096358,0.00064,29287.899863,0.059,2
2026-08-19,11:46:58,0.126002,0.096358,0.00064,29287.900503,0.059,2
2026-08-19,11:46:59,0.082077,0.09252,0.00064,29287.901143,0.059,2
2026-08-19,11:47:00,0.082077,0.09252,0.00061,29287.901143,0.059,2
2026-08-19,11:47:00,0.163834,0.09252,0.00061,29287.901753,0.059,2
2026-08-19,11:47:01,0.156139,0.09252,0.00061,29287.902363,0.059,2
2026-08-19,11:47:02,0.11991,0.09252,0.00061,29287.902363,0.059,2
2026-08-19,11:47:02,0.11991,0.089731,0.00059,29287.902973,0.059,2
2026-08-19,11:47:03,0.082077,0.089731,0.00059,29287.903563,0.059,2
2026-08-19,11:47:04,0.084229,0.085586,0.00056,29287.903563,0.059,2
2026-08-19,11:47:04,0.147072,0.085586,0.00056,29287.904123,0.059,2
2026-08-19,11:47:05,0.124716,0.085586,0.00056,29287.904683,0.059,2
2026-08-19,11:47:06,0.124716,0.085586,0.00056,29287.904683,0.059,2
2026-08-19,11:47:06,0.102858,0.085586,0.00056,29287.905243,0.059,2
2026-08-19,11:47:07,0.12343,0.085586,0.00056,29287.905803,0.059,2
2026-08-19,11:47:08,0.184823,0.085586,0.00056,29287.905803,0.059,2
2026-08-19,11:47:08,0.104461,0.085075,0.00056,29287.906363,0.059,2
2026-08-19,11:47:09,0.104461,0.085075,0.00056,29287.906923,0.059,2
2026-08-19,11:47:10,0.125027,0.089328,0.00059,29287.906923,0.059,2
2026-08-19,11:47:10,0.156692,0.096619,0.00059,29287.907513,0.059,2
2026-08-19,11:47:11,0.143636,0.102753,0.00064,29287.908153,0.059,2
2026-08-19,11:47:12,0.143636,0.107926,0.00071,29287.908153,0.059,2
2026-08-19,11:47:12,0.136903,0.107926,0.00071,29287.908863,0.059,2
2026-08-19,11:47:13,0.118628,0.111581,0.00074,29287.909603,0.059,2
2026-08-19,11:47:14,0.14554,0.117927,0.00078,29287.909603,0.059,2
2026-08-19,11:47:14,0.084654,0.117927,0.00078,29287.910383,0.059,2
2026-08-19,11:47:15,0.084654,0.117927,0.00078,29287.911163,0.059,2
2026-08-19,11:47:16,0.10419,0.117927,0.00078,29287.911163,0.059,2
2026-08-19,11:47:16,0.134796,0.117927,0.00078,29287.911943,0.059,2
2026-08-19,11:47:17,0.160843,0.117927,0.00078,29287.912723,0.059,2
2026-08-19,11:47:18,0.160843,0.120138,0.00079,29287.912723,0.059,2
2026-08-19,11:47:18,0.10419,0.120138,0.00079,29287.913513,0.059,2
2026-08-19,11:47:19,0.166704,0.120138,0.00079,29287.914303,0.059,2
2026-08-19,11:47:20,0.10419,0.12235,0.00081,29287.914303,0.059,2
2026-08-19,11:47:20,0.127307,0.126657,0.00081,29287.915113,0.059,2
2026-08-19,11:47:21,0.127307,0.126657,0.00084,29287.915953,0.059,2
2026-08-19,11:47:22,0.08187,0.126657,0.00084,29287.915953,0.059,2
2026-08-19,11:47:22,0.08187,0.126657,0.00084,29287.916793,0.059,2
2026-08-19,11:47:23,0.102337,0.126657,0.00084,29287.917633,0.059,2
2026-08-19,11:47:24,0.102337,0.126657,0.00084,29287.917633,0.059,2
2026-08-19,11:47:24,0.10501,0.126657,0.00084,29287.918473,0.059,2
2026-08-19,11:47:25,0.147014,0.130913,0.00087,29287.919343,0.059,2
2026-08-19,11:47:26,0.123116,0.130722,0.00087,29287.919343,0.059,2
2026-08-19,11:47:26,0.122796,0.127332,0.00086,29287.920203,0.059,2
2026-08-19,11:47:27,0.122796,0.123228,0.00081,29287.921013,0.059,2
2026-08-19,11:47:28,0.102597,0.123228,0.00081,29287.921013,0.059,2
2026-08-19,11:47:28,0.184354,0.123228,0.00081,29287.921823,0.059,2
2026-08-19,11:47:29,0.104461,0.119984,0.00079,29287.922613,0.059,2
2026-08-19,11:47:30,0.104461,0.120624,0.00079,29287.922613,0.059,2
2026-08-19,11:47:30,0.125027,0.120624,0.0008,29287.923413,0.059,2
2026-08-19,11:47:31,0.125354,0.118605,0.00078,29287.924193,0.059,2
2026-08-19,11:47:32,0.121525,0.120339,0.00078,29287.924193,0.059,2
2026-08-19,11:47:32,0.139114,0.123831,0.00082,29287.925013,0.059,2
2026-08-19,11:47:33,0.139114,0.121334,0.00082,29287.925013,0.059,2
2026-08-19,11:47:34,0.102337,0.121334,0.0008,29287.925813,0.059,2
2026-08-19,11:47:34,0.08187,0.11482,0.00076,29287.926573,0.059,2
2026-08-19,11:47:35,0.08187,0.110695,0.00076,29287.926573,0.059,2
2026-08-19,11:47:36,0.167138,0.110695,0.00073,29287.927303,0.059,2
2026-08-19,11:47:36,0.167138,0.110695,0.00073,29287.928033,0.059,2
2026-08-19,11:47:37,0.161915,0.110695,0.00073,29287.928033,0.059,2
2026-08-19,11:47:37,0.144001,0.110695,0.00073,29287.928763,0.059,2
2026-08-19,11:47:38,0.230089,0.110695,0.00073,29287.929493,0.059,2
2026-08-19,11:47:39,0.230089,0.110951,0.00073,29287.929493,0.059,2
2026-08-19,11:47:39,0.125354,0.110951,0.00073,29287.930223,0.059,2
2026-08-19,11:47:40,0.102858,0.110977,0.00073,29287.930953,0.059,2
2026-08-19,11:47:41,0.159752,0.110977,0.00073,29287.930953,0.059,2
2026-08-19,11:47:41,0.200895,0.110977,0.00073,29287.931683,0.059,2
2026-08-19,11:47:42,0.200895,0.110977,0.00073,29287.932413,0.059,2
2026-08-19,11:47:43,0.164573,0.110977,0.00073,29287.932413,0.059,2
2026-08-19,11:47:43,0.102858,0.110817,0.00073,29287.933143,0.059,2
2026-08-19,11:47:44,0.146246,0.110817,0.00073,29287.933873,0.059,2
2026-08-19,11:47:45,0.146246,0.106671,0.00073,29287.933873,0.059,2
2026-08-19,11:47:45,0.083569,0.106671,0.0007,29287.934603,0.059,2
2026-08-19,11:47:46,0.125354,0.106671,0.0007,29287.935303,0.059,2
2026-08-19,11:47:47,0.082077,0.102343,0.0007,29287.935303,0.059,2
2026-08-19,11:47:47,0.122796,0.102343,0.00068,29287.936003,0.059,2
2026-08-19,11:47:48,0.122796,0.102343,0.00068,29287.936683,0.059,2
2026-08-19,11:47:49,0.102597,0.102343,0.00068,29287.936683,0.059,2
2026-08-19,11:47:49,0.178262,0.102343,0.00068,29287.937363,0.059,2
2026-08-19,11:47:50,0.123116,0.102502,0.00068,29287.938043,0.059,2
2026-08-19,11:47:51,0.123116,0.102502,0.00068,29287.938043,0.059,2
2026-08-19,11:47:51,0.083352,0.102502,0.00068,29287.938723,0.059,2
2026-08-19,11:47:52,0.125028,0.101094,0.00068,29287.939403,0.059,2
2026-08-19,11:47:53,0.10419,0.101279,0.00067,29287.939403,0.059,2
2026-08-19,11:47:53,0.083352,0.101427,0.00067,29287.940073,0.059,2
2026-08-19,11:47:54,0.083352,0.101427,0.00067,29287.940743,0.059,2
2026-08-19,11:47:55,0.138126,0.101427,0.00067,29287.940743,0.059,2
2026-08-19,11:47:55,0.10419,0.101427,0.00067,29287.941413,0.059,2
2026-08-19,11:47:56,0.083352,0.101427,0.00067,29287.942083,0.059,2
2026-08-19,11:47:57,0.083352,0.101427,0.00067,29287.942083,0.059,2
2026-08-19,11:47:57,0.182658,0.101427,0.0007,29287.942753,0.059,2
2026-08-19,11:47:58,0.124702,0.105711,0.0007,29287.943453,0.059,2
2026-08-19,11:47:59,0.10419,0.103594,0.00068,29287.943453,0.059,2
2026-08-19,11:47:59,0.106795,0.103988,0.00069,29287.944133,0.059,2
2026-08-19,11:48:00,0.106795,0.102037,0.00069,29287.944823,0.059,2
2026-08-19,11:48:01,0.083352,0.102037,0.00067,29287.944823,0.059,2
2026-08-19,11:48:01,0.123437,0.102037,0.00067,29287.945493,0.059,2
2026-08-19,11:48:02,0.122796,0.102037,0.00067,29287.946163,0.059,2
2026-08-19,11:48:03,0.117771,0.102037,0.00067,29287.946163,0.059,2
2026-08-19,11:48:03,0.117771,0.102037,0.00067,29287.946833,0.059,2
2026-08-19,11:48:04,0.08187,0.101867,0.00067,29287.947503,0.059,2
2026-08-19,11:48:05,0.120566,0.101867,0.00067,29287.947503,0.059,2
2026-08-19,11:48:05,0.143272,0.101867,0.00067,29287.948173,0.059,2
2026-08-19,11:48:06,0.143272,0.101867,0.00067,29287.948843,0.059,2
2026-08-19,11:48:07,0.104461,0.101867,0.00067,29287.948843,0.059,2
2026-08-19,11:48:07,0.081458,0.101867,0.00067,29287.949513,0.059,2
2026-08-19,11:48:08,0.163871,0.101867,0.00067,29287.950183,0.059,2
2026-08-19,11:48:09,0.187542,0.101867,0.00067,29287.950183,0.059,2
2026-08-19,11:48:09,0.187542,0.101867,0.00067,29287.950853,0.059,2
2026-08-19,11:48:10,0.083352,0.101995,0.00067,29287.951523,0.059,2
2026-08-19,11:48:11,0.083352,0.098018,0.00065,29287.951523,0.059,2
2026-08-19,11:48:11,0.122176,0.098018,0.00065,29287.952173,0.059,2
2026-08-19,11:48:12,0.122176,0.098018,0.00065,29287.952173,0.059,2
2026-08-19,11:48:13,0.104461,0.098018,0.00065,29287.952823,0.059,2
2026-08-19,11:48:13,0.114255,0.098018,0.00065,29287.953473,0.059,2
2026-08-19,11:48:14,0.167138,0.098018,0.00065,29287.953473,0.059,2
2026-08-19,11:48:15,0.104461,0.095962,0.00065,29287.954123,0.059,2
2026-08-19,11:48:15,0.104461,0.095962,0.00063,29287.954753,0.059,2
2026-08-19,11:48:16,0.143308,0.095962,0.00063,29287.954753,0.059,2
2026-08-19,11:48:17,0.083569,0.0939,0.00063,29287.955383,0.059,2
2026-08-19,11:48:17,0.187704,0.0939,0.00062,29287.956003,0.059,2
2026-08-19,11:48:18,0.187704,0.096011,0.00063,29287.956003,0.059,2
2026-08-19,11:48:19,0.104461,0.096011,0.00063,29287.956633,0.059,2
2026-08-19,11:48:19,0.146246,0.096011,0.00063,29287.957263,0.059,2
2026-08-19,11:48:20,0.167138,0.096011,0.00063,29287.957263,0.059,2
2026-08-19,11:48:21,0.104461,0.093986,0.00063,29287.957893,0.059,2
2026-08-19,11:48:21,0.104461,0.093986,0.00062,29287.958513,0.059,2
2026-08-19,11:48:22,0.154734,0.093986,0.00062,29287.958513,0.059,2
2026-08-19,11:48:23,0.125027,0.093986,0.00062,29287.959133,0.059,2
2026-08-19,11:48:23,0.145593,0.093986,0.00062,29287.959753,0.059,2
2026-08-19,11:48:24,0.145593,0.093986,0.00062,29287.959753,0.059,2
2026-08-19,11:48:24,0.146573,0.093986,0.00062,29287.960373,0.059,2
2026-08-19,11:48:25,0.102829,0.093986,0.00062,29287.960993,0.059,2
2026-08-19,11:48:26,0.123108,0.093986,0.00062,29287.960993,0.059,2
2026-08-19,11:48:26,0.171382,0.093986,0.00062,29287.961613,0.059,2
2026-08-19,11:48:27,0.171382,0.091924,0.00062,29287.962233,0.059,2
2026-08-19,11:48:28,0.083569,0.091924,0.00062,29287.962233,0.059,2
2026-08-19,11:48:28,0.083569,0.089602,0.00059,29287.962823,0.059,2
2026-08-19,11:48:29,0.081051,0.089372,0.00059,29287.963413,0.059,2
2026-08-19,11:48:30,0.082709,0.089456,0.00059,29287.963413,0.059,2
2026-08-19,11:48:30,0.082709,0.089456,0.00059,29287.964003,0.059,2
2026-08-19,11:48:31,0.10501,0.091621,0.0006,29287.964603,0.059,2
2026-08-19,11:48:32,0.102597,0.093546,0.0006,29287.964603,0.059,2
2026-08-19,11:48:32,0.10933,0.094033,0.00062,29287.965223,0.059,2
2026-08-19,11:48:33,0.10933,0.097987,0.00065,29287.965873,0.059,2
2026-08-19,11:48:34,0.123116,0.097987,0.00065,29287.965873,0.059,2
2026-08-19,11:48:34,0.10419,0.09796,0.00065,29287.966523,0.059,2
2026-08-19,11:48:35,0.145866,0.09796,0.00065,29287.967173,0.059,2
2026-08-19,11:48:36,0.083352,0.095849,0.00065,29287.967173,0.059,2
2026-08-19,11:48:36,0.083352,0.097752,0.00063,29287.967803,0.059,2
2026-08-19,11:48:37,0.102597,0.097752,0.00064,29287.968443,0.059,2
2026-08-19,11:48:38,0.123116,0.101707,0.00064,29287.968443,0.059,2
2026-08-19,11:48:38,0.098108,0.103412,0.00068,29287.969123,0.059,2
2026-08-19,11:48:39,0.205194,0.103412,0.00068,29287.969803,0.059,2
2026-08-19,11:48:40,0.205194,0.103412,0.00068,29287.969803,0.059,2
2026-08-19,11:48:40,0.156781,0.103412,0.00068,29287.970483,0.059,2
2026-08-19,11:48:41,0.122796,0.103412,0.00068,29287.971163,0.059,2
2026-08-19,11:48:42,0.082077,0.103349,0.00068,29287.971163,0.059,2
2026-08-19,11:48:42,0.082077,0.101205,0.00068,29287.971843,0.059,2
2026-08-19,11:48:43,0.083569,0.101205,0.00068,29287.972523,0.059,2
2026-08-19,11:48:44,0.176851,0.101205,0.00067,29287.972523,0.059,2
2026-08-19,11:48:44,0.122804,0.103226,0.00068,29287.973193,0.059,2
2026-08-19,11:48:45,0.142952,0.106588,0.00068,29287.973873,0.059,2
2026-08-19,11:48:46,0.142952,0.106588,0.0007,29287.973873,0.059,2
2026-08-19,11:48:46,0.08187,0.106588,0.0007,29287.974573,0.059,2
2026-08-19,11:48:47,0.08187,0.106588,0.0007,29287.975273,0.059,2
2026-08-19,11:48:48,0.11417,0.105694,0.0007,29287.975273,0.059,2
2026-08-19,11:48:48,0.11417,0.105508,0.0007,29287.975973,0.059,2
2026-08-19,11:48:49,0.102337,0.105508,0.0007,29287.976673,0.059,2
2026-08-19,11:48:50,0.082509,0.105424,0.0007,29287.976673,0.059,2
2026-08-19,11:48:50,0.115287,0.105424,0.0007,29287.977373,0.059,2
2026-08-19,11:48:51,0.187056,0.105424,0.0007,29287.978073,0.059,2
2026-08-19,11:48:52,0.187056,0.105424,0.0007,29287.978073,0.059,2
2026-08-19,11:48:52,0.081663,0.103331,0.00068,29287.978773,0.059,2
2026-08-19,11:48:53,0.102079,0.101227,0.00068,29287.979453,0.059,2
2026-08-19,11:48:54,0.142911,0.101227,0.00067,29287.979453,0.059,2
2026-08-19,11:48:54,0.142911,0.101227,0.00067,29287.980123,0.059,2
2026-08-19,11:48:55,0.14554,0.101227,0.00067,29287.980793,0.059,2
2026-08-19,11:48:56,0.14554,0.101227,0.00067,29287.980793,0.059,2
2026-08-19,11:48:56,0.081051,0.099521,0.00066,29287.981463,0.059,2
2026-08-19,11:48:57,0.141792,0.099521,0.00066,29287.982123,0.059,2
2026-08-19,11:48:58,0.141792,0.099563,0.00066,29287.982123,0.059,2
2026-08-19,11:48:58,0.082497,0.099563,0.00066,29287.982783,0.059,2
2026-08-19,11:48:59,0.104735,0.10168,0.00067,29287.983453,0.059,2
2026-08-19,11:49:00,0.146629,0.10168,0.00067,29287.983453,0.059,2
2026-08-19,11:49:00,0.14437,0.10168,0.00067,29287.984123,0.059,2
2026-08-19,11:49:01,0.14437,0.10168,0.00067,29287.984793,0.059,2
2026-08-19,11:49:02,0.123745,0.10168,0.00067,29287.984793,0.059,2
2026-08-19,11:49:02,0.147401,0.10168,0.00067,29287.985463,0.059,2
2026-08-19,11:49:03,0.147401,0.10168,0.00067,29287.986133,0.059,2
2026-08-19,11:49:04,0.147401,0.10168,0.00067,29287.986133,0.059,2
2026-08-19,11:49:04,0.103652,0.10168,0.00067,29287.986803,0.059,2
2026-08-19,11:49:05,0.199854,0.10168,0.00067,29287.987473,0.059,2
2026-08-19,11:49:06,0.124383,0.101838,0.00067,29287.987473,0.059,2
2026-08-19,11:49:06,0.103652,0.097908,0.00067,29287.988143,0.059,2
2026-08-19,11:49:07,0.103652,0.097908,0.00065,29287.988143,0.059,2
2026-08-19,11:49:08,0.186574,0.097908,0.00065,29287.988793,0.059,2
2026-08-19,11:49:08,0.082922,0.094783,0.00065,29287.989443,0.059,2
2026-08-19,11:49:09,0.099117,0.094461,0.00062,29287.989443,0.059,2
2026-08-19,11:49:10,0.099117,0.094502,0.00062,29287.990063,0.059,2
2026-08-19,11:49:10,0.082922,0.094502,0.00062,29287.990683,0.059,2
2026-08-19,11:49:11,0.162604,0.094502,0.00062,29287.990683,0.059,2
2026-08-19,11:49:12,0.144465,0.094502,0.00062,29287.991303,0.059,2
2026-08-19,11:49:12,0.082922,0.094628,0.00062,29287.991923,0.059,2
2026-08-19,11:49:13,0.082922,0.094628,0.00062,29287.991923,0.059,2
2026-08-19,11:49:14,0.165844,0.094628,0.00062,29287.992543,0.059,2
2026-08-19,11:49:14,0.18625,0.094628,0.00062,29287.993163,0.059,2
2026-08-19,11:49:15,0.082922,0.092712,0.00061,29287.993163,0.059,2
2026-08-19,11:49:16,0.103652,0.094972,0.00061,29287.993773,0.059,2
2026-08-19,11:49:16,0.103652,0.094972,0.00063,29287.994403,0.059,2
2026-08-19,11:49:17,0.082922,0.095015,0.00063,29287.994403,0.059,2
2026-08-19,11:49:18,0.09164,0.093705,0.00063,29287.995033,0.059,2
2026-08-19,11:49:18,0.083136,0.089581,0.00062,29287.995653,0.059,2
2026-08-19,11:49:19,0.083136,0.087659,0.00058,29287.995653,0.059,2
2026-08-19,11:49:20,0.084435,0.087659,0.00058,29287.996233,0.059,2
2026-08-19,11:49:20,0.086059,0.087973,0.00058,29287.996813,0.059,2
2026-08-19,11:49:21,0.083136,0.086375,0.00057,29287.996813,0.059,2
2026-08-19,11:49:22,0.124704,0.086375,0.00057,29287.997383,0.059,2
2026-08-19,11:49:22,0.124704,0.086396,0.00057,29287.997953,0.059,2
2026-08-19,11:49:23,0.083136,0.086396,0.00057,29287.997953,0.059,2
2026-08-19,11:49:24,0.124704,0.086396,0.00057,29287.998523,0.059,2
2026-08-19,11:49:24,0.10392,0.086396,0.00057,29287.999093,0.059,2
2026-08-19,11:49:25,0.124704,0.086396,0.00057,29287.999093,0.059,2
2026-08-19,11:49:26,0.124704,0.086396,0.00057,29287.999663,0.059,2
2026-08-19,11:49:26,0.083136,0.086417,0.00057,29288.000233,0.059,2
2026-08-19,11:49:27,0.085129,0.086638,0.00057,29288.000233,0.059,2
2026-08-19,11:49:28,0.082497,0.084523,0.00057,29288.000803,0.059,2
2026-08-19,11:49:28,0.082497,0.08448,0.00056,29288.001363,0.059,2
2026-08-19,11:49:29,0.082497,0.08448,0.00056,29288.001363,0.059,2
2026-08-19,11:49:30,0.125682,0.08448,0.00056,29288.001923,0.059,2
2026-08-19,11:49:30,0.104735,0.08448,0.00056,29288.002483,0.059,2
2026-08-19,11:49:31,0.123423,0.08448,0.00056,29288.002483,0.059,2
2026-08-19,11:49:32,0.123423,0.08448,0.00056,29288.003043,0.059,2
2026-08-19,11:49:32,0.120523,0.08448,0.00056,29288.003603,0.059,2
2026-08-19,11:49:33,0.123745,0.08448,0.00056,29288.003603,0.059,2
2026-08-19,11:49:34,0.103121,0.08448,0.00056,29288.004163,0.059,2
2026-08-19,11:49:34,0.103121,0.08448,0.00056,29288.004723,0.059,2
2026-08-19,11:49:35,0.139536,0.08448,0.00056,29288.004723,0.059,2
2026-08-19,11:49:36,0.14437,0.08448,0.00056,29288.005283,0.059,2
2026-08-19,11:49:36,0.103121,0.08448,0.00056,29288.005843,0.059,2
2026-08-19,11:49:37,0.118912,0.08448,0.00056,29288.005843,0.059,2
2026-08-19,11:49:37,0.118912,0.08448,0.00056,29288.006403,0.059,2
2026-08-19,11:49:38,0.099899,0.08448,0.00056,29288.006963,0.059,2
2026-08-19,11:49:39,0.121881,0.08448,0.00056,29288.006963,0.059,2
2026-08-19,11:49:39,0.124059,0.08448,0.00056,29288.007523,0.059,2
2026-08-19,11:49:40,0.082922,0.083608,0.00055,29288.008073,0.059,2
2026-08-19,11:49:41,0.082922,0.083608,0.00055,29288.008073,0.059,2
2026-08-19,11:49:41,0.16552,0.083608,0.00055,29288.008623,0.059,2
2026-08-19,11:49:42,0.082922,0.083587,0.00055,29288.009173,0.059,2
2026-08-19,11:49:43,0.082922,0.083436,0.00055,29288.009173,0.059,2
2026-08-19,11:49:43,0.082922,0.083436,0.00055,29288.009723,0.059,2
2026-08-19,11:49:44,0.144789,0.083436,0.00055,29288.010273,0.059,2
2026-08-19,11:49:45,0.18625,0.083436,0.00055,29288.010273,0.059,2
2026-08-19,11:49:45,0.082922,0.083122,0.00055,29288.010823,0.059,2
2026-08-19,11:49:46,0.103652,0.085173,0.00055,29288.011373,0.059,2
2026-08-19,11:49:47,0.103652,0.085173,0.00056,29288.011373,0.059,2
2026-08-19,11:49:47,0.135072,0.085173,0.00056,29288.011933,0.059,2
2026-08-19,11:49:48,0.082922,0.085152,0.00056,29288.012493,0.059,2
2026-08-19,11:49:49,0.082922,0.085131,0.00056,29288.012493,0.059,2
2026-08-19,11:49:49,0.082922,0.08491,0.00056,29288.013053,0.059,2
2026-08-19,11:49:50,0.082922,0.08491,0.00056,29288.013613,0.059,2
2026-08-19,11:49:51,0.145437,0.08491,0.00056,29288.013613,0.059,2
2026-08-19,11:49:51,0.186574,0.08491,0.00056,29288.014173,0.059,2
2026-08-19,11:49:52,0.082922,0.084952,0.00056,29288.014733,0.059,2
2026-08-19,11:49:53,0.082922,0.084952,0.00056,29288.014733,0.059,2
2026-08-19,11:49:53,0.082922,0.084995,0.00056,29288.015293,0.059,2
2026-08-19,11:49:54,0.103652,0.087068,0.00056,29288.015853,0.059,2
2026-08-19,11:49:55,0.145113,0.087068,0.00057,29288.015853,0.059,2
2026-08-19,11:49:55,0.145113,0.087068,0.00057,29288.016423,0.059,2
2026-08-19,11:49:56,0.207304,0.087068,0.00057,29288.016423,0.059,2
2026-08-19,11:49:57,0.082922,0.087068,0.00057,29288.016993,0.059,2
2026-08-19,11:49:57,0.120496,0.087068,0.00057,29288.017563,0.059,2
2026-08-19,11:49:58,0.082922,0.087068,0.00057,29288.017563,0.059,2
2026-08-19,11:49:59,0.082922,0.087068,0.00057,29288.018133,0.059,2
2026-08-19,11:49:59,0.145113,0.087068,0.00057,29288.018703,0.059,2
2026-08-19,11:50:00,0.140254,0.087068,0.00057,29288.018703,0.059,2
2026-08-19,11:50:01,0.084541,0.08723,0.00058,29288.019273,0.059,2
2026-08-19,11:50:01,0.084541,0.08723,0.00058,29288.019853,0.059,2
2026-08-19,11:50:02,0.124383,0.08723,0.00058,29288.019853,0.059,2
2026-08-19,11:50:03,0.137201,0.08723,0.00058,29288.020433,0.059,2
2026-08-19,11:50:03,0.185618,0.08723,0.00058,29288.021013,0.059,2
2026-08-19,11:50:04,0.105055,0.08737,0.00058,29288.021013,0.059,2
2026-08-19,11:50:05,0.105055,0.08737,0.00058,29288.021593,0.059,2
2026-08-19,11:50:05,0.14437,0.08737,0.00058,29288.022173,0.059,2
2026-08-19,11:50:06,0.125682,0.08737,0.00058,29288.022173,0.059,2
2026-08-19,11:50:07,0.162916,0.08737,0.00058,29288.022753,0.059,2
2026-08-19,11:50:07,0.162916,0.08737,0.00058,29288.023333,0.059,2
2026-08-19,11:50:08,0.142551,0.08737,0.00058,29288.023333,0.059,2
2026-08-19,11:50:09,0.113277,0.08737,0.00058,29288.023913,0.059,2
2026-08-19,11:50:09,0.112689,0.08737,0.00058,29288.024493,0.059,2
2026-08-19,11:50:10,0.10392,0.08737,0.00058,29288.024493,0.059,2
2026-08-19,11:50:11,0.10392,0.08737,0.00058,29288.025073,0.059,2
2026-08-19,11:50:11,0.08187,0.08737,0.00058,29288.025653,0.059,2
2026-08-19,11:50:12,0.115769,0.08737,0.00058,29288.025653,0.059,2
2026-08-19,11:50:13,0.163739,0.08737,0.00058,29288.026233,0.059,2
2026-08-19,11:50:13,0.163739,0.08737,0.00058,29288.026813,0.059,2
2026-08-19,11:50:14,0.114255,0.08737,0.00058,29288.026813,0.059,2
2026-08-19,11:50:14,0.081254,0.08737,0.00058,29288.027393,0.059,2
2026-08-19,11:50:15,0.164994,0.08737,0.00058,29288.027973,0.059,2
2026-08-19,11:50:16,0.123745,0.08737,0.00058,29288.027973,0.059,2
2026-08-19,11:50:16,0.123745,0.08737,0.00058,29288.028553,0.059,2
2026-08-19,11:50:17,0.123745,0.08737,0.00058,29288.029133,0.059,2
2026-08-19,11:50:18,0.084229,0.087501,0.00058,29288.029133,0.059,2
2026-08-19,11:50:18,0.185296,0.087501,0.00058,29288.029713,0.059,2
2026-08-19,11:50:19,0.185296,0.087501,0.00058,29288.030293,0.059,2
2026-08-19,11:50:20,0.127935,0.087501,0.00058,29288.030293,0.059,2
2026-08-19,11:50:20,0.082497,0.087458,0.00058,29288.030873,0.059,2
2026-08-19,11:50:21,0.164672,0.087458,0.00058,29288.031453,0.059,2
2026-08-19,11:50:22,0.144047,0.087458,0.00058,29288.031453,0.059,2
2026-08-19,11:50:22,0.144047,0.087458,0.00058,29288.032033,0.059,2
2026-08-19,11:50:23,0.158871,0.087458,0.00058,29288.032613,0.059,2
2026-08-19,11:50:24,0.206242,0.087458,0.00058,29288.032613,0.059,2
2026-08-19,11:50:24,0.103121,0.089478,0.00058,29288.033193,0.059,2
2026-08-19,11:50:25,0.103121,0.089478,0.00059,29288.033783,0.059,2
2026-08-19,11:50:26,0.14437,0.089478,0.00059,29288.033783,0.059,2
2026-08-19,11:50:26,0.118267,0.089478,0.00059,29288.034373,0.059,2
2026-08-19,11:50:27,0.089264,0.089478,0.00059,29288.034963,0.059,2
2026-08-19,11:50:28,0.164994,0.089478,0.00059,29288.034963,0.059,2
2026-08-19,11:50:28,0.164994,0.089478,0.00059,29288.035553,0.059,2
2026-08-19,11:50:29,0.103121,0.091498,0.0006,29288.035553,0.059,2
2026-08-19,11:50:30,0.122456,0.095452,0.0006,29288.036153,0.059,2
2026-08-19,11:50:30,0.082497,0.095452,0.00063,29288.036783,0.059,2
2026-08-19,11:50:31,0.082497,0.095452,0.00063,29288.036783,0.059,2
2026-08-19,11:50:32,0.143655,0.095452,0.00063,29288.037413,0.059,2
2026-08-19,11:50:32,0.081051,0.093192,0.00061,29288.038023,0.059,2
2026-08-19,11:50:33,0.162103,0.093192,0.00061,29288.038023,0.059,2
2026-08-19,11:50:34,0.174984,0.093192,0.00061,29288.038633,0.059,2
2026-08-19,11:50:34,0.174984,0.095212,0.00061,29288.039243,0.059,2
2026-08-19,11:50:35,0.103121,0.095212,0.00061,29288.039243,0.059,2
2026-08-19,11:50:36,0.14437,0.095212,0.00063,29288.039873,0.059,2
2026-08-19,11:50:36,0.156938,0.095212,0.00063,29288.040503,0.059,2
2026-08-19,11:50:37,0.156938,0.095212,0.00063,29288.040503,0.059,2
2026-08-19,11:50:38,0.123745,0.095212,0.00063,29288.041133,0.059,2
2026-08-19,11:50:38,0.082497,0.095169,0.00063,29288.041763,0.059,2
2026-08-19,11:50:39,0.123423,0.095169,0.00063,29288.041763,0.059,2
2026-08-19,11:50:40,0.116656,0.095169,0.00063,29288.042393,0.059,2
2026-08-19,11:50:40,0.116656,0.095169,0.00063,29288.043023,0.059,2
2026-08-19,11:50:41,0.123745,0.095169,0.00063,29288.043023,0.059,2
2026-08-19,11:50:42,0.112467,0.095169,0.00063,29288.043653,0.059,2
2026-08-19,11:50:42,0.164994,0.095169,0.00063,29288.044283,0.059,2
2026-08-19,11:50:43,0.082497,0.094965,0.00063,29288.044283,0.059,2
2026-08-19,11:50:44,0.082497,0.094965,0.00063,29288.044913,0.059,2
2026-08-19,11:50:44,0.104735,0.094933,0.00063,29288.045543,0.059,2
2026-08-19,11:50:45,0.146301,0.094933,0.00063,29288.045543,0.059,2
2026-08-19,11:50:46,0.082497,0.094759,0.00063,29288.046173,0.059,2
2026-08-19,11:50:46,0.082497,0.094759,0.00063,29288.046803,0.059,2
2026-08-19,11:50:47,0.123745,0.094759,0.00063,29288.046803,0.059,2
2026-08-19,11:50:48,0.14437,0.094759,0.00063,29288.047433,0.059,2
2026-08-19,11:50:48,0.144047,0.094759,0.00063,29288.048063,0.059,2
2026-08-19,11:50:49,0.14437,0.094759,0.00063,29288.048063,0.059,2
2026-08-19,11:50:50,0.14437,0.094759,0.00063,29288.048693,0.059,2
2026-08-19,11:50:50,0.102154,0.094759,0.00063,29288.049323,0.059,2
2026-08-19,11:50:51,0.096354,0.094759,0.00063,29288.049323,0.059,2
2026-08-19,11:50:51,0.123423,0.094759,0.00063,29288.049953,0.059,2
2026-08-19,11:50:52,0.123423,0.094759,0.00063,29288.050583,0.059,2
2026-08-19,11:50:53,0.123745,0.094759,0.00063,29288.050583,0.059,2
2026-08-19,11:50:53,0.164672,0.094759,0.00063,29288.051213,0.059,2
2026-08-19,11:50:54,0.123745,0.094759,0.00063,29288.051843,0.059,2
2026-08-19,11:50:55,0.164994,0.094759,0.00063,29288.051843,0.059,2
2026-08-19,11:50:55,0.164994,0.094759,0.00064,29288.052473,0.059,2
2026-08-19,11:50:56,0.103121,0.096822,0.00064,29288.053113,0.059,2
2026-08-19,11:50:57,0.123745,0.098884,0.00065,29288.053113,0.059,2
2026-08-19,11:50:57,0.082497,0.098884,0.00065,29288.053763,0.059,2
2026-08-19,11:50:58,0.082497,0.098884,0.00065,29288.054413,0.059,2
2026-08-19,11:50:59,0.14437,0.098884,0.00065,29288.054413,0.059,2
2026-08-19,11:50:59,0.123423,0.098884,0.00065,29288.055063,0.059,2
2026-08-19,11:51:00,0.121812,0.098884,0.00065,29288.055713,0.059,2
2026-08-19,11:51:01,0.082497,0.096822,0.00064,29288.055713,0.059,2
2026-08-19,11:51:01,0.082497,0.092826,0.00064,29288.056353,0.059,2
2026-08-19,11:51:02,0.082497,0.092826,0.00061,29288.056963,0.059,2
2026-08-19,11:51:03,0.123745,0.092826,0.00061,29288.056963,0.059,2
2026-08-19,11:51:03,0.309041,0.092826,0.00061,29288.057573,0.059,2
2026-08-19,11:51:04,0.164994,0.092826,0.00061,29288.058183,0.059,2
2026-08-19,11:51:05,0.164994,0.092826,0.00061,29288.058183,0.059,2
2026-08-19,11:51:05,0.109566,0.095677,0.00061,29288.058793,0.059,2
2026-08-19,11:51:06,0.130835,0.098449,0.00065,29288.059443,0.059,2
2026-08-19,11:51:07,0.164672,0.106666,0.0007,29288.059443,0.059,2
2026-08-19,11:51:07,0.164672,0.113321,0.0007,29288.060143,0.059,2
2026-08-19,11:51:08,0.149043,0.113321,0.00075,29288.060893,0.059,2
2026-08-19,11:51:09,0.187704,0.121618,0.0008,29288.060893,0.059,2
2026-08-19,11:51:09,0.125027,0.121618,0.0008,29288.061693,0.059,2
2026-08-19,11:51:10,0.140787,0.121618,0.0008,29288.062493,0.059,2
2026-08-19,11:51:11,0.140787,0.121618,0.0008,29288.062493,0.059,2
2026-08-19,11:51:11,0.12343,0.121618,0.0008,29288.063293,0.059,2
2026-08-19,11:51:12,0.123108,0.121618,0.0008,29288.063293,0.059,2
2026-08-19,11:51:13,0.082287,0.121618,0.0008,29288.064093,0.059,2
2026-08-19,11:51:13,0.082287,0.125068,0.0008,29288.064893,0.059,2
2026-08-19,11:51:14,0.117001,0.125068,0.00083,29288.064893,0.059,2
2026-08-19,11:51:15,0.102858,0.125042,0.00083,29288.065723,0.059,2
2026-08-19,11:51:15,0.164252,0.125042,0.00083,29288.066553,0.059,2
2026-08-19,11:51:16,0.102858,0.122953,0.00081,29288.067363,0.059,2
2026-08-19,11:51:17,0.102858,0.122953,0.00081,29288.067363,0.059,2
2026-08-19,11:51:17,0.144001,0.122953,0.00081,29288.068173,0.059,2
2026-08-19,11:51:18,0.119251,0.122953,0.00081,29288.068173,0.059,2
2026-08-19,11:51:19,0.082287,0.122953,0.00081,29288.068983,0.059,2
2026-08-19,11:51:19,0.082287,0.122953,0.00081,29288.069793,0.059,2
2026-08-19,11:51:20,0.082287,0.122953,0.00081,29288.069793,0.059,2
2026-08-19,11:51:21,0.10543,0.122953,0.00081,29288.070603,0.059,2
2026-08-19,11:51:21,0.10501,0.122953,0.00081,29288.071413,0.059,2
2026-08-19,11:51:22,0.086961,0.122953,0.00081,29288.071413,0.059,2
2026-08-19,11:51:23,0.086961,0.122953,0.00081,29288.072223,0.059,2
2026-08-19,11:51:23,0.102858,0.122953,0.00081,29288.073033,0.059,2
2026-08-19,11:51:24,0.082287,0.122953,0.00081,29288.073033,0.059,2
2026-08-19,11:51:25,0.12118,0.126821,0.00081,29288.073843,0.059,2
2026-08-19,11:51:25,0.12343,0.130915,0.00084,29288.074683,0.059,2
2026-08-19,11:51:26,0.12343,0.132301,0.00087,29288.074683,0.059,2
2026-08-19,11:51:27,0.12343,0.132301,0.00087,29288.075553,0.059,2
2026-08-19,11:51:27,0.082287,0.132301,0.00087,29288.076423,0.059,2
2026-08-19,11:51:28,0.144001,0.133618,0.00088,29288.076423,0.059,2
2026-08-19,11:51:29,0.102858,0.127436,0.00088,29288.077303,0.059,2
2026-08-19,11:51:29,0.102858,0.127436,0.00084,29288.078143,0.059,2
2026-08-19,11:51:30,0.164252,0.127436,0.00084,29288.078143,0.059,2
2026-08-19,11:51:31,0.164252,0.127436,0.00084,29288.078983,0.059,2
2026-08-19,11:51:31,0.08582,0.127436,0.00084,29288.079823,0.059,2
2026-08-19,11:51:32,0.08582,0.127436,0.00084,29288.079823,0.059,2
2026-08-19,11:51:33,0.084229,0.127436,0.00084,29288.080663,0.059,2
2026-08-19,11:51:33,0.105286,0.127436,0.00084,29288.081503,0.059,2
2026-08-19,11:51:34,0.124383,0.127436,0.00084,29288.081503,0.059,2
2026-08-19,11:51:35,0.145113,0.127436,0.00084,29288.082343,0.059,2
2026-08-19,11:51:35,0.145113,0.127436,0.00084,29288.083183,0.059,2
2026-08-19,11:51:36,0.081663,0.127436,0.00084,29288.083183,0.059,2
2026-08-19,11:51:37,0.132174,0.125749,0.00083,29288.084013,0.059,2
2026-08-19,11:51:37,0.145164,0.121495,0.0008,29288.084813,0.059,2
2026-08-19,11:51:38,0.145164,0.121064,0.0008,29288.084813,0.059,2
2026-08-19,11:51:39,0.112689,0.121064,0.0008,29288.085613,0.059,2
2026-08-19,11:51:39,0.124704,0.123249,0.00081,29288.086423,0.059,2
2026-08-19,11:51:40,0.145488,0.127512,0.00081,29288.086423,0.059,2
2026-08-19,11:51:41,0.083136,0.127512,0.00084,29288.087263,0.059,2
2026-08-19,11:51:41,0.083136,0.127512,0.00084,29288.088103,0.059,2
2026-08-19,11:51:42,0.10392,0.127512,0.00084,29288.088103,0.059,2
2026-08-19,11:51:43,0.083136,0.127512,0.00084,29288.088943,0.059,2
2026-08-19,11:51:43,0.160102,0.131404,0.00087,29288.089813,0.059,2
2026-08-19,11:51:44,0.166272,0.135688,0.00087,29288.089813,0.059,2
2026-08-19,11:51:45,0.166272,0.135688,0.0009,29288.090713,0.059,2
2026-08-19,11:51:45,0.10392,0.135688,0.0009,29288.091613,0.059,2
2026-08-19,11:51:46,0.166272,0.139972,0.0009,29288.091613,0.059,2
2026-08-19,11:51:47,0.124704,0.138043,0.00091,29288.092513,0.059,2
2026-08-19,11:51:47,0.124704,0.138043,0.00091,29288.093423,0.059,2
2026-08-19,11:51:48,0.187056,0.138043,0.00091,29288.093423,0.059,2
2026-08-19,11:51:49,0.165948,0.138043,0.00091,29288.094333,0.059,2
2026-08-19,11:51:49,0.118859,0.138043,0.00091,29288.095243,0.059,2
2026-08-19,11:51:50,0.107168,0.138043,0.00091,29288.095243,0.059,2
2026-08-19,11:51:51,0.107168,0.138043,0.00091,29288.096153,0.059,2
2026-08-19,11:51:51,0.083136,0.138043,0.00091,29288.097063,0.059,2
2026-08-19,11:51:52,0.162375,0.143994,0.00095,29288.097063,0.059,2
2026-08-19,11:51:53,0.08187,0.143994,0.00095,29288.098013,0.059,2
2026-08-19,11:51:53,0.122485,0.143026,0.00095,29288.098963,0.059,2
2026-08-19,11:51:54,0.122485,0.143026,0.00095,29288.098963,0.059,2
2026-08-19,11:51:55,0.106697,0.139179,0.00092,29288.099913,0.059,2
2026-08-19,11:51:55,0.083136,0.136224,0.00092,29288.100833,0.059,2
2026-08-19,11:51:56,0.145164,0.136224,0.0009,29288.100833,0.059,2
2026-08-19,11:51:57,0.145164,0.136224,0.0009,29288.101733,0.059,2
2026-08-19,11:51:57,0.134122,0.136224,0.0009,29288.102633,0.059,2
2026-08-19,11:51:58,0.10392,0.136224,0.0009,29288.102633,0.059,2
2026-08-19,11:51:59,0.113662,0.136224,0.0009,29288.103533,0.059,2
2026-08-19,11:51:59,0.105565,0.136224,0.0009,29288.104433,0.059,2
2026-08-19,11:52:00,0.105565,0.136224,0.0009,29288.104433,0.059,2
2026-08-19,11:52:01,0.088715,0.136224,0.0009,29288.105333,0.059,2
2026-08-19,11:52:01,0.083569,0.136224,0.0009,29288.106233,0.059,2
2026-08-19,11:52:02,0.083569,0.136224,0.0009,29288.106233,0.059,2
2026-08-19,11:52:03,0.083569,0.136224,0.0009,29288.107133,0.059,2
2026-08-19,11:52:03,0.083569,0.136224,0.0009,29288.108033,0.059,2
2026-08-19,11:52:04,0.125354,0.136289,0.0009,29288.108033,0.059,2
2026-08-19,11:52:05,0.205659,0.136289,0.0009,29288.108933,0.059,2
2026-08-19,11:52:05,0.125027,0.134243,0.0009,29288.109833,0.059,2
2026-08-19,11:52:06,0.125027,0.127177,0.00089,29288.109833,0.059,2
2026-08-19,11:52:07,0.089445,0.127177,0.00089,29288.110723,0.059,2
2026-08-19,11:52:07,0.083569,0.118907,0.00079,29288.111513,0.059,2
2026-08-19,11:52:08,0.099238,0.112203,0.00074,29288.111513,0.059,2
2026-08-19,11:52:09,0.125354,0.112268,0.00074,29288.112253,0.059,2
2026-08-19,11:52:09,0.125354,0.112268,0.00074,29288.112993,0.059,2
2026-08-19,11:52:10,0.08187,0.112268,0.00074,29288.112993,0.059,2
2026-08-19,11:52:11,0.102337,0.112268,0.00074,29288.113733,0.059,2
2026-08-19,11:52:11,0.143272,0.110358,0.00074,29288.114473,0.059,2
2026-08-19,11:52:12,0.143272,0.114451,0.00076,29288.114473,0.059,2
2026-08-19,11:52:13,0.163419,0.114451,0.00076,29288.115233,0.059,2
2026-08-19,11:52:13,0.10392,0.114451,0.00076,29288.115993,0.059,2
2026-08-19,11:52:14,0.166272,0.114451,0.00076,29288.115993,0.059,2
2026-08-19,11:52:15,0.083136,0.112095,0.00076,29288.116753,0.059,2
2026-08-19,11:52:15,0.083136,0.112095,0.00074,29288.117493,0.059,2
2026-08-19,11:52:16,0.083136,0.112095,0.00074,29288.117493,0.059,2
2026-08-19,11:52:17,0.145164,0.112095,0.00074,29288.118233,0.059,2
2026-08-19,11:52:17,0.124704,0.112095,0.00074,29288.118973,0.059,2
2026-08-19,11:52:18,0.124704,0.112095,0.00074,29288.118973,0.059,2
2026-08-19,11:52:18,0.145488,0.112095,0.00074,29288.119713,0.059,2
2026-08-19,11:52:19,0.173742,0.112095,0.00074,29288.120453,0.059,2
2026-08-19,11:52:20,0.124704,0.112095,0.00074,29288.120453,0.059,2
2026-08-19,11:52:20,0.083136,0.107873,0.00074,29288.121193,0.059,2
2026-08-19,11:52:21,0.083136,0.107873,0.00071,29288.121193,0.059,2
2026-08-19,11:52:22,0.121782,0.107873,0.00071,29288.121903,0.059,2
2026-08-19,11:52:22,0.12438,0.107873,0.00071,29288.122613,0.059,2
2026-08-19,11:52:23,0.084452,0.103816,0.00069,29288.122613,0.059,2
2026-08-19,11:52:24,0.084452,0.103142,0.00069,29288.123303,0.059,2
2026-08-19,11:52:24,0.082709,0.103142,0.00068,29288.123983,0.059,2
2026-08-19,11:52:25,0.124063,0.103142,0.00068,29288.123983,0.059,2
2026-08-19,11:52:26,0.12374,0.103142,0.00068,29288.124663,0.059,2
2026-08-19,11:52:26,0.103386,0.103142,0.00068,29288.125343,0.059,2
2026-08-19,11:52:27,0.103386,0.103142,0.00068,29288.125343,0.059,2
2026-08-19,11:52:28,0.082709,0.103142,0.00068,29288.126023,0.059,2
2026-08-19,11:52:28,0.150556,0.103142,0.00068,29288.126703,0.059,2
2026-08-19,11:52:29,0.105001,0.105285,0.0007,29288.126703,0.059,2
2026-08-19,11:52:30,0.105001,0.105285,0.0007,29288.127403,0.059,2
2026-08-19,11:52:30,0.144417,0.105285,0.0007,29288.128103,0.059,2
2026-08-19,11:52:31,0.12374,0.105285,0.0007,29288.128103,0.059,2
2026-08-19,11:52:32,0.124063,0.105285,0.0007,29288.128803,0.059,2
2026-08-19,11:52:32,0.103386,0.105285,0.0007,29288.129503,0.059,2
2026-08-19,11:52:33,0.103386,0.105285,0.0007,29288.129503,0.059,2
2026-08-19,11:52:34,0.082709,0.105285,0.0007,29288.130203,0.059,2
2026-08-19,11:52:34,0.14474,0.105285,0.0007,29288.130903,0.059,2
2026-08-19,11:52:35,0.14474,0.105285,0.0007,29288.130903,0.059,2
2026-08-19,11:52:36,0.14474,0.105285,0.0007,29288.131603,0.059,2
2026-08-19,11:52:36,0.147014,0.105285,0.0007,29288.132303,0.059,2
2026-08-19,11:52:37,0.147014,0.105285,0.0007,29288.132303,0.059,2
2026-08-19,11:52:38,0.163834,0.105285,0.0007,29288.133003,0.059,2
2026-08-19,11:52:38,0.102597,0.105621,0.0007,29288.133703,0.059,2
2026-08-19,11:52:39,0.102597,0.105621,0.0007,29288.133703,0.059,2
2026-08-19,11:52:40,0.153575,0.105621,0.0007,29288.134403,0.059,2
2026-08-19,11:52:40,0.082077,0.101294,0.00067,29288.135073,0.059,2
2026-08-19,11:52:41,0.143636,0.101294,0.00067,29288.135073,0.059,2
2026-08-19,11:52:42,0.143636,0.095174,0.00067,29288.135743,0.059,2
2026-08-19,11:52:42,0.082077,0.095174,0.00059,29288.136333,0.059,2
2026-08-19,11:52:43,0.102597,0.089092,0.00059,29288.136333,0.059,2
2026-08-19,11:52:44,0.208597,0.089092,0.00059,29288.136923,0.059,2
2026-08-19,11:52:44,0.104461,0.091224,0.00059,29288.137523,0.059,2
2026-08-19,11:52:45,0.104461,0.091224,0.0006,29288.137523,0.059,2
2026-08-19,11:52:46,0.083569,0.091268,0.0006,29288.138123,0.059,2
2026-08-19,11:52:46,0.166812,0.091268,0.0006,29288.138723,0.059,2
2026-08-19,11:52:47,0.157672,0.091268,0.0006,29288.138723,0.059,2
2026-08-19,11:52:48,0.157672,0.091268,0.0006,29288.139323,0.059,2
2026-08-19,11:52:48,0.166812,0.091268,0.0006,29288.139923,0.059,2
2026-08-19,11:52:49,0.083569,0.091311,0.0006,29288.139923,0.059,2
2026-08-19,11:52:50,0.102858,0.093152,0.00061,29288.140523,0.059,2
2026-08-19,11:52:50,0.164573,0.093152,0.00061,29288.141133,0.059,2
2026-08-19,11:52:51,0.164573,0.093109,0.00061,29288.141133,0.059,2
2026-08-19,11:52:51,0.082287,0.093109,0.00061,29288.141743,0.059,2
2026-08-19,11:52:52,0.12343,0.093109,0.00061,29288.141743,0.059,2
2026-08-19,11:52:53,0.169716,0.093109,0.00061,29288.142353,0.059,2
2026-08-19,11:52:53,0.169716,0.093109,0.00061,29288.142963,0.059,2
2026-08-19,11:52:54,0.12343,0.093109,0.00061,29288.142963,0.059,2
2026-08-19,11:52:55,0.084229,0.091032,0.0006,29288.143573,0.059,2
2026-08-19,11:52:55,0.103121,0.091085,0.0006,29288.144173,0.059,2
2026-08-19,11:52:56,0.123423,0.095219,0.0006,29288.144173,0.059,2
2026-08-19,11:52:57,0.123423,0.099386,0.00063,29288.144773,0.059,2
2026-08-19,11:52:57,0.123745,0.099386,0.00063,29288.145403,0.059,2
2026-08-19,11:52:58,0.138247,0.102951,0.00068,29288.145403,0.059,2
2026-08-19,11:52:59,0.082497,0.102951,0.00068,29288.146083,0.059,2
2026-08-19,11:52:59,0.082497,0.102951,0.00068,29288.146763,0.059,2
2026-08-19,11:53:00,0.082497,0.102951,0.00068,29288.146763,0.059,2
2026-08-19,11:53:01,0.147791,0.102951,0.00068,29288.147443,0.059,2
2026-08-19,11:53:01,0.082287,0.100734,0.00068,29288.148123,0.059,2
2026-08-19,11:53:02,0.102858,0.102662,0.00066,29288.148123,0.059,2
2026-08-19,11:53:03,0.102858,0.102662,0.00068,29288.148783,0.059,2
2026-08-19,11:53:03,0.14368,0.102662,0.00068,29288.149463,0.059,2
2026-08-19,11:53:04,0.164573,0.102662,0.00068,29288.149463,0.059,2
2026-08-19,11:53:05,0.082287,0.102534,0.00068,29288.150143,0.059,2
2026-08-19,11:53:05,0.106072,0.102856,0.00068,29288.150823,0.059,2
2026-08-19,11:53:06,0.106072,0.102856,0.00068,29288.150823,0.059,2
2026-08-19,11:53:07,0.12343,0.10697,0.00071,29288.151503,0.059,2
2026-08-19,11:53:07,0.105565,0.109104,0.00071,29288.152213,0.059,2
2026-08-19,11:53:08,0.084452,0.107237,0.00071,29288.152213,0.059,2
2026-08-19,11:53:09,0.084452,0.107237,0.00071,29288.152923,0.059,2
2026-08-19,11:53:09,0.162916,0.107237,0.00071,29288.153633,0.059,2
2026-08-19,11:53:10,0.208054,0.107237,0.00071,29288.153633,0.059,2
2026-08-19,11:53:11,0.145866,0.107237,0.00071,29288.154343,0.059,2
2026-08-19,11:53:11,0.083352,0.103229,0.00071,29288.155053,0.059,2
2026-08-19,11:53:12,0.083352,0.103229,0.00068,29288.155053,0.059,2
2026-08-19,11:53:13,0.083352,0.09919,0.00068,29288.155733,0.059,2
2026-08-19,11:53:13,0.228892,0.09919,0.00065,29288.156383,0.059,2
2026-08-19,11:53:14,0.145866,0.09919,0.00065,29288.156383,0.059,2
2026-08-19,11:53:15,0.145866,0.09919,0.00065,29288.157033,0.059,2
2026-08-19,11:53:15,0.187542,0.09919,0.00065,29288.157683,0.059,2
2026-08-19,11:53:16,0.187542,0.09919,0.00065,29288.157683,0.059,2
2026-08-19,11:53:17,0.217497,0.09919,0.00065,29288.158333,0.059,2
2026-08-19,11:53:17,0.208054,0.09919,0.00065,29288.158983,0.059,2
2026-08-19,11:53:18,0.208054,0.09919,0.00063,29288.158983,0.059,2
2026-08-19,11:53:19,0.102597,0.095625,0.00063,29288.159613,0.059,2
2026-08-19,11:53:19,0.143636,0.095625,0.00063,29288.160243,0.059,2
2026-08-19,11:53:20,0.082077,0.095604,0.00063,29288.160243,0.059,2
2026-08-19,11:53:21,0.082077,0.095578,0.00063,29288.160873,0.059,2
2026-08-19,11:53:21,0.102597,0.095578,0.00063,29288.161503,0.059,2
2026-08-19,11:53:22,0.114255,0.098775,0.00065,29288.161503,0.059,2
2026-08-19,11:53:23,0.146246,0.102792,0.00065,29288.162153,0.059,2
2026-08-19,11:53:23,0.104461,0.100895,0.00067,29288.162823,0.059,2
2026-08-19,11:53:24,0.104461,0.100895,0.00067,29288.162823,0.059,2
2026-08-19,11:53:25,0.082077,0.098547,0.00065,29288.163473,0.059,2
2026-08-19,11:53:25,0.110292,0.098547,0.00065,29288.164123,0.059,2
2026-08-19,11:53:26,0.104735,0.098547,0.00065,29288.164123,0.059,2
2026-08-19,11:53:27,0.104735,0.098547,0.00065,29288.164773,0.059,2
2026-08-19,11:53:27,0.082077,0.098547,0.00065,29288.165423,0.059,2
2026-08-19,11:53:28,0.28695,0.098547,0.00065,29288.165423,0.059,2
2026-08-19,11:53:29,0.102597,0.100361,0.00066,29288.166083,0.059,2
2026-08-19,11:53:29,0.163834,0.100361,0.00066,29288.166743,0.059,2
2026-08-19,11:53:30,0.163834,0.100361,0.00066,29288.166743,0.059,2
2026-08-19,11:53:31,0.122796,0.100361,0.00066,29288.167403,0.059,2
2026-08-19,11:53:31,0.082077,0.100234,0.00066,29288.167403,0.059,2
2026-08-19,11:53:32,0.143636,0.100234,0.00066,29288.168063,0.059,2
2026-08-19,11:53:33,0.125354,0.100234,0.00066,29288.168723,0.059,2
2026-08-19,11:53:33,0.125354,0.100234,0.00066,29288.168723,0.059,2
2026-08-19,11:53:34,0.125354,0.100234,0.00066,29288.169383,0.059,2
2026-08-19,11:53:35,0.146246,0.100234,0.00066,29288.170043,0.059,2
2026-08-19,11:53:35,0.082287,0.100127,0.00066,29288.170043,0.059,2
2026-08-19,11:53:36,0.082287,0.098096,0.00066,29288.170703,0.059,2
2026-08-19,11:53:37,0.082287,0.098096,0.00065,29288.171353,0.059,2
2026-08-19,11:53:37,0.165833,0.098096,0.00065,29288.171353,0.059,2
2026-08-19,11:53:38,0.208597,0.098096,0.00065,29288.172003,0.059,2
2026-08-19,11:53:39,0.14592,0.098096,0.00065,29288.172653,0.059,2
2026-08-19,11:53:39,0.14592,0.098096,0.00065,29288.172653,0.059,2
2026-08-19,11:53:40,0.133515,0.098096,0.00065,29288.173303,0.059,2
2026-08-19,11:53:41,0.125354,0.098096,0.00065,29288.173953,0.059,2
2026-08-19,11:53:41,0.125354,0.098096,0.00065,29288.173953,0.059,2
2026-08-19,11:53:42,0.088466,0.098096,0.00065,29288.174603,0.059,2
2026-08-19,11:53:43,0.088466,0.098096,0.00065,29288.175253,0.059,2
2026-08-19,11:53:43,0.124374,0.102326,0.00065,29288.175253,0.059,2
2026-08-19,11:53:44,0.14592,0.106658,0.0007,29288.175953,0.059,2
2026-08-19,11:53:45,0.082287,0.106658,0.0007,29288.176653,0.059,2
2026-08-19,11:53:45,0.082287,0.106658,0.0007,29288.176653,0.059,2
2026-08-19,11:53:46,0.189017,0.106658,0.0007,29288.177353,0.059,2
2026-08-19,11:53:47,0.087528,0.103985,0.00069,29288.178043,0.059,2
2026-08-19,11:53:47,0.104735,0.099834,0.00069,29288.178043,0.059,2
2026-08-19,11:53:48,0.102597,0.099648,0.00066,29288.178703,0.059,2
2026-08-19,11:53:49,0.102597,0.099648,0.00066,29288.179363,0.059,2
2026-08-19,11:53:49,0.162872,0.099648,0.00066,29288.179363,0.059,2
2026-08-19,11:53:50,0.083352,0.099775,0.00066,29288.180023,0.059,2
2026-08-19,11:53:50,0.145866,0.099775,0.00066,29288.180683,0.059,2
2026-08-19,11:53:51,0.145866,0.097851,0.00066,29288.180683,0.059,2
2026-08-19,11:53:52,0.083352,0.097851,0.00065,29288.181343,0.059,2
2026-08-19,11:53:52,0.145866,0.097851,0.00065,29288.181993,0.059,2
2026-08-19,11:53:53,0.145866,0.097851,0.00065,29288.181993,0.059,2
2026-08-19,11:53:54,0.145866,0.097851,0.00065,29288.182643,0.059,2
2026-08-19,11:53:54,0.145866,0.097851,0.00065,29288.183293,0.059,2
2026-08-19,11:53:55,0.166378,0.097851,0.00065,29288.183293,0.059,2
2026-08-19,11:53:56,0.148389,0.097851,0.00065,29288.183943,0.059,2
2026-08-19,11:53:56,0.122485,0.097851,0.00065,29288.184593,0.059,2
2026-08-19,11:53:57,0.122804,0.097851,0.00065,29288.184593,0.059,2
2026-08-19,11:53:58,0.122804,0.097851,0.00065,29288.185243,0.059,2
2026-08-19,11:53:58,0.204674,0.097851,0.00065,29288.185893,0.059,2
2026-08-19,11:53:59,0.143272,0.097851,0.00065,29288.185893,0.059,2
2026-08-19,11:54:00,0.368413,0.097851,0.00065,29288.186543,0.059,2
2026-08-19,11:54:00,0.122804,0.101924,0.00065,29288.187193,0.059,2
2026-08-19,11:54:01,0.122804,0.101924,0.00067,29288.187193,0.059,2
2026-08-19,11:54:02,0.102337,0.103929,0.00069,29288.187863,0.059,2
2026-08-19,11:54:02,0.142952,0.103929,0.00069,29288.188553,0.059,2
2026-08-19,11:54:03,0.118191,0.103929,0.00069,29288.188553,0.059,2
2026-08-19,11:54:04,0.118191,0.103929,0.00069,29288.189243,0.059,2
2026-08-19,11:54:04,0.14554,0.103929,0.00069,29288.189933,0.059,2
2026-08-19,11:54:05,0.124702,0.103929,0.00069,29288.189933,0.059,2
2026-08-19,11:54:06,0.107406,0.103929,0.00069,29288.190623,0.059,2
2026-08-19,11:54:06,0.083569,0.103929,0.00069,29288.191313,0.059,2
2026-08-19,11:54:07,0.083569,0.103929,0.00069,29288.191313,0.059,2
2026-08-19,11:54:08,0.19913,0.103929,0.00069,29288.192003,0.059,2
2026-08-19,11:54:08,0.208597,0.103929,0.00069,29288.192693,0.059,2
2026-08-19,11:54:09,0.104461,0.106146,0.0007,29288.192693,0.059,2
2026-08-19,11:54:10,0.104461,0.106146,0.0007,29288.193393,0.059,2
2026-08-19,11:54:10,0.187704,0.106146,0.0007,29288.194093,0.059,2
2026-08-19,11:54:11,0.198803,0.106146,0.0007,29288.194093,0.059,2
2026-08-19,11:54:12,0.146246,0.106146,0.0007,29288.194793,0.059,2
2026-08-19,11:54:12,0.102337,0.103942,0.0007,29288.195493,0.059,2
2026-08-19,11:54:13,0.102337,0.103942,0.00069,29288.195493,0.059,2
2026-08-19,11:54:14,0.145488,0.103942,0.00069,29288.196183,0.059,2
2026-08-19,11:54:14,0.176664,0.103942,0.00069,29288.196873,0.059,2
2026-08-19,11:54:15,0.187056,0.103942,0.00069,29288.196873,0.059,2
2026-08-19,11:54:16,0.12438,0.101788,0.00069,29288.197563,0.059,2
2026-08-19,11:54:16,0.12438,0.101788,0.00067,29288.198233,0.059,2
2026-08-19,11:54:17,0.186732,0.101788,0.00067,29288.198233,0.059,2
2026-08-19,11:54:18,0.083136,0.101349,0.00067,29288.198903,0.059,2
2026-08-19,11:54:18,0.117688,0.101349,0.00067,29288.199573,0.059,2
2026-08-19,11:54:19,0.117688,0.101349,0.00067,29288.199573,0.059,2
2026-08-19,11:54:20,0.114255,0.101349,0.00067,29288.200243,0.059,2
2026-08-19,11:54:20,0.104461,0.101349,0.00067,29288.200913,0.059,2
2026-08-19,11:54:21,0.102858,0.101349,0.00067,29288.200913,0.059,2
2026-08-19,11:54:22,0.10543,0.101349,0.00067,29288.201583,0.059,2
2026-08-19,11:54:22,0.10543,0.101349,0.00067,29288.202253,0.059,2
2026-08-19,11:54:23,0.12343,0.101349,0.00067,29288.202253,0.059,2
2026-08-19,11:54:24,0.123108,0.101349,0.00067,29288.202923,0.059,2
2026-08-19,11:54:24,0.164252,0.101349,0.00067,29288.203593,0.059,2
2026-08-19,11:54:25,0.164252,0.101161,0.00067,29288.203593,0.059,2
2026-08-19,11:54:26,0.102858,0.101161,0.00067,29288.204263,0.059,2
2026-08-19,11:54:26,0.125683,0.10347,0.00068,29288.204943,0.059,2
2026-08-19,11:54:27,0.147014,0.109836,0.00073,29288.204943,0.059,2
2026-08-19,11:54:28,0.126012,0.114102,0.00073,29288.205673,0.059,2
2026-08-19,11:54:28,0.126012,0.114102,0.00075,29288.206423,0.059,2
2026-08-19,11:54:29,0.14437,0.116259,0.00075,29288.206423,0.059,2
2026-08-19,11:54:30,0.085397,0.116259,0.00077,29288.207193,0.059,2
2026-08-19,11:54:30,0.123423,0.118367,0.00078,29288.207973,0.059,2
2026-08-19,11:54:31,0.123423,0.119941,0.00078,29288.207973,0.059,2
2026-08-19,11:54:32,0.120201,0.119941,0.00079,29288.208763,0.059,2
2026-08-19,11:54:32,0.144047,0.124112,0.00082,29288.209583,0.059,2
2026-08-19,11:54:33,0.084008,0.124112,0.00082,29288.209583,0.059,2
2026-08-19,11:54:34,0.100087,0.124112,0.00082,29288.210403,0.059,2
2026-08-19,11:54:34,0.100087,0.124112,0.00082,29288.211223,0.059,2
2026-08-19,11:54:35,0.186392,0.124112,0.00082,29288.211223,0.059,2
2026-08-19,11:54:36,0.08187,0.124112,0.00082,29288.212043,0.059,2
2026-08-19,11:54:36,0.083788,0.124112,0.00082,29288.212863,0.059,2
2026-08-19,11:54:37,0.123745,0.124049,0.00082,29288.212863,0.059,2
2026-08-19,11:54:38,0.123745,0.124049,0.00082,29288.213683,0.059,2
2026-08-19,11:54:38,0.082497,0.124049,0.00082,29288.214503,0.059,2
2026-08-19,11:54:39,0.144047,0.13014,0.00082,29288.214503,0.059,2
2026-08-19,11:54:40,0.103121,0.130166,0.00086,29288.215363,0.059,2
2026-08-19,11:54:40,0.103121,0.129973,0.00086,29288.215363,0.059,2
2026-08-19,11:54:41,0.123745,0.129973,0.00086,29288.216223,0.059,2
2026-08-19,11:54:42,0.103121,0.125583,0.00083,29288.217053,0.059,2
2026-08-19,11:54:42,0.082497,0.121232,0.00083,29288.217053,0.059,2
2026-08-19,11:54:43,0.123745,0.121232,0.0008,29288.217853,0.059,2
2026-08-19,11:54:44,0.123745,0.121232,0.0008,29288.218653,0.059,2
2026-08-19,11:54:44,0.108599,0.121232,0.0008,29288.218653,0.059,2
2026-08-19,11:54:45,0.114722,0.121232,0.0008,29288.219453,0.059,2
2026-08-19,11:54:46,0.14437,0.121232,0.0008,29288.220253,0.059,2
2026-08-19,11:54:46,0.14437,0.121232,0.0008,29288.220253,0.059,2
2026-08-19,11:54:47,0.113433,0.121232,0.0008,29288.221053,0.059,2
2026-08-19,11:54:48,0.14437,0.121232,0.0008,29288.221853,0.059,2
2026-08-19,11:54:48,0.123745,0.121232,0.0008,29288.221853,0.059,2
2026-08-19,11:54:49,0.123423,0.121232,0.0008,29288.222653,0.059,2
2026-08-19,11:54:50,0.123423,0.121232,0.0008,29288.223453,0.059,2
2026-08-19,11:54:50,0.123745,0.121232,0.0008,29288.223453,0.059,2
2026-08-19,11:54:51,0.123423,0.124358,0.00082,29288.224253,0.059,2
2026-08-19,11:54:52,0.144047,0.126388,0.00084,29288.225073,0.059,2
2026-08-19,11:54:52,0.144047,0.12584,0.00084,29288.225073,0.059,2
2026-08-19,11:54:53,0.103121,0.12584,0.00083,29288.225913,0.059,2
2026-08-19,11:54:53,0.082497,0.122618,0.00081,29288.226743,0.059,2
2026-08-19,11:54:54,0.103121,0.118493,0.00081,29288.226743,0.059,2
2026-08-19,11:54:55,0.217979,0.118493,0.00078,29288.227553,0.059,2
2026-08-19,11:54:55,0.217979,0.118493,0.00078,29288.228333,0.059,2
2026-08-19,11:54:56,0.083788,0.115528,0.00076,29288.228333,0.059,2
2026-08-19,11:54:57,0.082287,0.10932,0.00072,29288.229093,0.059,2
2026-08-19,11:54:57,0.102858,0.107231,0.00072,29288.229813,0.059,2
2026-08-19,11:54:58,0.102858,0.107231,0.00071,29288.229813,0.059,2
2026-08-19,11:54:59,0.202181,0.107231,0.00071,29288.230523,0.059,2
2026-08-19,11:54:59,0.102858,0.105175,0.00071,29288.231233,0.059,2
2026-08-19,11:55:00,0.102858,0.103086,0.00068,29288.231233,0.059,2
2026-08-19,11:55:01,0.125682,0.103312,0.00068,29288.231913,0.059,2
2026-08-19,11:55:01,0.125682,0.09938,0.00068,29288.232593,0.059,2
2026-08-19,11:55:02,0.104735,0.09938,0.00066,29288.232593,0.059,2
2026-08-19,11:55:03,0.122495,0.101318,0.00067,29288.233253,0.059,2
2026-08-19,11:55:03,0.206311,0.101318,0.00067,29288.233923,0.059,2
2026-08-19,11:55:04,0.206311,0.101425,0.00067,29288.233923,0.059,2
2026-08-19,11:55:05,0.083569,0.101425,0.00067,29288.234593,0.059,2
2026-08-19,11:55:05,0.128237,0.101425,0.00067,29288.235263,0.059,2
2026-08-19,11:55:06,0.111649,0.101425,0.00067,29288.235263,0.059,2
2026-08-19,11:55:07,0.186732,0.101425,0.00067,29288.235933,0.059,2
2026-08-19,11:55:07,0.186732,0.099427,0.00067,29288.236603,0.059,2
2026-08-19,11:55:08,0.083136,0.099427,0.00066,29288.236603,0.059,2
2026-08-19,11:55:09,0.08187,0.099235,0.00066,29288.237263,0.059,2
2026-08-19,11:55:09,0.122804,0.099235,0.00065,29288.237913,0.059,2
2026-08-19,11:55:10,0.104461,0.099235,0.00065,29288.237913,0.059,2
2026-08-19,11:55:11,0.104461,0.099235,0.00065,29288.238563,0.059,2
2026-08-19,11:55:11,0.083569,0.099235,0.00065,29288.239213,0.059,2
2026-08-19,11:55:12,0.122796,0.103286,0.00068,29288.239213,0.059,2
2026-08-19,11:55:13,0.205194,0.103286,0.00068,29288.239893,0.059,2
2026-08-19,11:55:13,0.205194,0.104318,0.00068,29288.240573,0.059,2
2026-08-19,11:55:14,0.113177,0.104318,0.00069,29288.240573,0.059,2
2026-08-19,11:55:15,0.204873,0.104318,0.00069,29288.241263,0.059,2
2026-08-19,11:55:15,0.082077,0.102239,0.00067,29288.241933,0.059,2
2026-08-19,11:55:16,0.169605,0.102239,0.00067,29288.241933,0.059,2
2026-08-19,11:55:17,0.169605,0.102239,0.00067,29288.242603,0.059,2
2026-08-19,11:55:17,0.102597,0.102213,0.00067,29288.242603,0.059,2
2026-08-19,11:55:18,0.123116,0.101957,0.00067,29288.243273,0.059,2
2026-08-19,11:55:19,0.082077,0.101957,0.00067,29288.243943,0.059,2
2026-08-19,11:55:19,0.082077,0.103986,0.00067,29288.243943,0.059,2
2026-08-19,11:55:20,0.125028,0.103986,0.00067,29288.244613,0.059,2
2026-08-19,11:55:21,0.122796,0.104016,0.00069,29288.245303,0.059,2
2026-08-19,11:55:21,0.149184,0.110578,0.00073,29288.245303,0.059,2
2026-08-19,11:55:22,0.125354,0.114799,0.00073,29288.246033,0.059,2
2026-08-19,11:55:23,0.125354,0.114799,0.00076,29288.246793,0.059,2
2026-08-19,11:55:23,0.163326,0.114799,0.00076,29288.246793,0.059,2
2026-08-19,11:55:24,0.081663,0.114779,0.00076,29288.247553,0.059,2
2026-08-19,11:55:25,0.083788,0.110878,0.00076,29288.248313,0.059,2
2026-08-19,11:55:25,0.083788,0.107939,0.00071,29288.248313,0.059,2
2026-08-19,11:55:26,0.083788,0.107939,0.00071,29288.249023,0.059,2
2026-08-19,11:55:27,0.123718,0.107939,0.00071,29288.249733,0.059,2
2026-08-19,11:55:27,0.08187,0.107918,0.00071,29288.249733,0.059,2
2026-08-19,11:55:28,0.122804,0.107918,0.00071,29288.250443,0.059,2
2026-08-19,11:55:29,0.122804,0.107918,0.00071,29288.251153,0.059,2
2026-08-19,11:55:29,0.102337,0.107918,0.00071,29288.251153,0.059,2
2026-08-19,11:55:30,0.102337,0.107918,0.00071,29288.251863,0.059,2
2026-08-19,11:55:31,0.102337,0.107918,0.00071,29288.252573,0.059,2
2026-08-19,11:55:31,0.102337,0.107918,0.00071,29288.252573,0.059,2
2026-08-19,11:55:32,0.156775,0.107918,0.00071,29288.253283,0.059,2
2026-08-19,11:55:33,0.104735,0.108132,0.00071,29288.253993,0.059,2
2026-08-19,11:55:33,0.104735,0.106294,0.0007,29288.253993,0.059,2
2026-08-19,11:55:34,0.146629,0.106294,0.0007,29288.254693,0.059,2
2026-08-19,11:55:35,0.146629,0.106294,0.0007,29288.255393,0.059,2
2026-08-19,11:55:35,0.122796,0.106294,0.0007,29288.255393,0.059,2
2026-08-19,11:55:36,0.083352,0.102126,0.00067,29288.256063,0.059,2
2026-08-19,11:55:37,0.083352,0.098182,0.00065,29288.256713,0.059,2
2026-08-19,11:55:37,0.083352,0.091599,0.00065,29288.256713,0.059,2
2026-08-19,11:55:38,0.083352,0.091599,0.0006,29288.257313,0.059,2
2026-08-19,11:55:39,0.083352,0.087399,0.00058,29288.257893,0.059,2
2026-08-19,11:55:39,0.124377,0.087399,0.00058,29288.257893,0.059,2
2026-08-19,11:55:40,0.104516,0.087399,0.00058,29288.258473,0.059,2
2026-08-19,11:55:40,0.104516,0.087399,0.00058,29288.259053,0.059,2
2026-08-19,11:55:41,0.122804,0.087399,0.00058,29288.259053,0.059,2
2026-08-19,11:55:42,0.143272,0.087399,0.00058,29288.259633,0.059,2
2026-08-19,11:55:42,0.122485,0.087399,0.00058,29288.260213,0.059,2
2026-08-19,11:55:43,0.102337,0.087399,0.00058,29288.260213,0.059,2
2026-08-19,11:55:44,0.102337,0.087399,0.00058,29288.260793,0.059,2
2026-08-19,11:55:44,0.102657,0.087399,0.00058,29288.261373,0.059,2
2026-08-19,11:55:45,0.190522,0.087399,0.00058,29288.261373,0.059,2
2026-08-19,11:55:46,0.082077,0.08744,0.00058,29288.261953,0.059,2
2026-08-19,11:55:46,0.082077,0.087269,0.00058,29288.262533,0.059,2
2026-08-19,11:55:47,0.082077,0.087269,0.00058,29288.262533,0.059,2
2026-08-19,11:55:48,0.128955,0.087269,0.00058,29288.263113,0.059,2
2026-08-19,11:55:48,0.104735,0.087269,0.00058,29288.263693,0.059,2
2026-08-19,11:55:49,0.146301,0.087269,0.00058,29288.263693,0.059,2
2026-08-19,11:55:50,0.146301,0.087269,0.00058,29288.264273,0.059,2
2026-08-19,11:55:50,0.103121,0.087269,0.00058,29288.264853,0.059,2
2026-08-19,11:55:51,0.099899,0.087269,0.00058,29288.264853,0.059,2
2026-08-19,11:55:52,0.082497,0.087269,0.00058,29288.265433,0.059,2
2026-08-19,11:55:52,0.146301,0.087269,0.00058,29288.266013,0.059,2
2026-08-19,11:55:53,0.146301,0.087269,0.00058,29288.266013,0.059,2
2026-08-19,11:55:54,0.14437,0.087269,0.00058,29288.266593,0.059,2
2026-08-19,11:55:54,0.082497,0.08714,0.00058,29288.267173,0.059,2
2026-08-19,11:55:55,0.14437,0.08714,0.00057,29288.267173,0.059,2
2026-08-19,11:55:56,0.14437,0.087203,0.00057,29288.267743,0.059,2
2026-08-19,11:55:56,0.082497,0.087203,0.00057,29288.268313,0.059,2
2026-08-19,11:55:57,0.164994,0.087203,0.00057,29288.268313,0.059,2
2026-08-19,11:55:58,0.123745,0.087203,0.00057,29288.268883,0.059,2
2026-08-19,11:55:58,0.144047,0.087203,0.00057,29288.269453,0.059,2
2026-08-19,11:55:59,0.144047,0.084979,0.00057,29288.269453,0.059,2
2026-08-19,11:56:00,0.082497,0.084979,0.00056,29288.270023,0.059,2
2026-08-19,11:56:00,0.185618,0.084979,0.00056,29288.270583,0.059,2
2026-08-19,11:56:01,0.103121,0.084817,0.00056,29288.270583,0.059,2
2026-08-19,11:56:02,0.082497,0.084732,0.00056,29288.271143,0.059,2
2026-08-19,11:56:02,0.082497,0.084732,0.00056,29288.271703,0.059,2
2026-08-19,11:56:03,0.123745,0.084732,0.00056,29288.271703,0.059,2
2026-08-19,11:56:04,0.123423,0.084732,0.00056,29288.272263,0.059,2
2026-08-19,11:56:04,0.20592,0.084732,0.00056,29288.272823,0.059,2
2026-08-19,11:56:05,0.20592,0.084732,0.00056,29288.272823,0.059,2
2026-08-19,11:56:06,0.14437,0.084732,0.00056,29288.273383,0.059,2
2026-08-19,11:56:06,0.103121,0.084732,0.00056,29288.273943,0.059,2
2026-08-19,11:56:07,0.147592,0.084732,0.00056,29288.273943,0.059,2
2026-08-19,11:56:08,0.084008,0.084798,0.00056,29288.274503,0.059,2
2026-08-19,11:56:08,0.084008,0.084798,0.00056,29288.275063,0.059,2
2026-08-19,11:56:09,0.084008,0.084863,0.00056,29288.275063,0.059,2
2026-08-19,11:56:10,0.14437,0.084863,0.00056,29288.275623,0.059,2
2026-08-19,11:56:10,0.15307,0.084863,0.00056,29288.276183,0.059,2
2026-08-19,11:56:11,0.15307,0.084778,0.00056,29288.276183,0.059,2
2026-08-19,11:56:12,0.082497,0.084778,0.00056,29288.276743,0.059,2
2026-08-19,11:56:12,0.113433,0.084778,0.00056,29288.277303,0.059,2
2026-08-19,11:56:13,0.139466,0.084778,0.00056,29288.277303,0.059,2
2026-08-19,11:56:14,0.082709,0.084841,0.00056,29288.277863,0.059,2
2026-08-19,11:56:14,0.082709,0.084841,0.00056,29288.278423,0.059,2
2026-08-19,11:56:15,0.185771,0.084841,0.00056,29288.278423,0.059,2
2026-08-19,11:56:16,0.144094,0.084841,0.00056,29288.278983,0.059,2
2026-08-19,11:56:16,0.118571,0.084841,0.00056,29288.279543,0.059,2
2026-08-19,11:56:17,0.082709,0.084904,0.00056,29288.279543,0.059,2
2026-08-19,11:56:18,0.082709,0.084904,0.00056,29288.280103,0.059,2
2026-08-19,11:56:18,0.082709,0.084925,0.00056,29288.280663,0.059,2
2026-08-19,11:56:19,0.085293,0.085205,0.00056,29288.280663,0.059,2
2026-08-19,11:56:20,0.124063,0.085205,0.00056,29288.281223,0.059,2
2026-08-19,11:56:20,0.124063,0.085226,0.00056,29288.281783,0.059,2
2026-08-19,11:56:21,0.082709,0.085226,0.00056,29288.281783,0.059,2
2026-08-19,11:56:22,0.13214,0.085226,0.00056,29288.282343,0.059,2
2026-08-19,11:56:22,0.082709,0.083185,0.00055,29288.282893,0.059,2
2026-08-19,11:56:23,0.12374,0.083185,0.00055,29288.282893,0.059,2
2026-08-19,11:56:24,0.12374,0.083185,0.00055,29288.283443,0.059,2
2026-08-19,11:56:24,0.14474,0.083185,0.00055,29288.283993,0.059,2
2026-08-19,11:56:25,0.103386,0.083185,0.00055,29288.283993,0.059,2
2026-08-19,11:56:26,0.082709,0.083185,0.00055,29288.284543,0.059,2
2026-08-19,11:56:26,0.082709,0.083185,0.00055,29288.284543,0.059,2
2026-08-19,11:56:27,0.082709,0.083185,0.00055,29288.285093,0.059,2
2026-08-19,11:56:28,0.14474,0.083185,0.00055,29288.285643,0.059,2
2026-08-19,11:56:28,0.139248,0.083185,0.00055,29288.285643,0.059,2
2026-08-19,11:56:29,0.105286,0.083185,0.00055,29288.286193,0.059,2
2026-08-19,11:56:30,0.105286,0.083185,0.00055,29288.286743,0.059,2
2026-08-19,11:56:30,0.126344,0.083185,0.00055,29288.286743,0.059,2
2026-08-19,11:56:31,0.126344,0.083185,0.00055,29288.287293,0.059,2
2026-08-19,11:56:32,0.126015,0.083185,0.00055,29288.287843,0.059,2
2026-08-19,11:56:32,0.123745,0.083185,0.00055,29288.287843,0.059,2
2026-08-19,11:56:33,0.123745,0.083185,0.00055,29288.288393,0.059,2
2026-08-19,11:56:34,0.082497,0.083185,0.00055,29288.288943,0.059,2
2026-08-19,11:56:34,0.123745,0.083185,0.00055,29288.288943,0.059,2
2026-08-19,11:56:35,0.169183,0.083185,0.00055,29288.289493,0.059,2
2026-08-19,11:56:36,0.169183,0.084258,0.00055,29288.290043,0.059,2
2026-08-19,11:56:36,0.094743,0.084258,0.00055,29288.290043,0.059,2
2026-08-19,11:56:37,0.123745,0.084258,0.00056,29288.290603,0.059,2
2026-08-19,11:56:38,0.081254,0.083983,0.00055,29288.291153,0.059,2
2026-08-19,11:56:38,0.081254,0.083858,0.00055,29288.291153,0.059,2
2026-08-19,11:56:39,0.081254,0.083858,0.00055,29288.291703,0.059,2
2026-08-19,11:56:40,0.105845,0.083858,0.00055,29288.292253,0.059,2
2026-08-19,11:56:40,0.159987,0.083858,0.00055,29288.292253,0.059,2
2026-08-19,11:56:41,0.163834,0.083858,0.00055,29288.292803,0.059,2
2026-08-19,11:56:42,0.163834,0.083858,0.00055,29288.293353,0.059,2
2026-08-19,11:56:42,0.164155,0.083858,0.00055,29288.293353,0.059,2
2026-08-19,11:56:43,0.123116,0.083858,0.00055,29288.293903,0.059,2
2026-08-19,11:56:44,0.164155,0.083858,0.00055,29288.294453,0.059,2
2026-08-19,11:56:44,0.082077,0.083795,0.00055,29288.294453,0.059,2
2026-08-19,11:56:45,0.082077,0.083732,0.00055,29288.295003,0.059,2
2026-08-19,11:56:46,0.082077,0.083732,0.00055,29288.295553,0.059,2
2026-08-19,11:56:46,0.118498,0.083732,0.00055,29288.295553,0.059,2
2026-08-19,11:56:47,0.104461,0.083732,0.00055,29288.296103,0.059,2
2026-08-19,11:56:48,0.167138,0.083732,0.00055,29288.296653,0.059,2
2026-08-19,11:56:48,0.167138,0.083732,0.00055,29288.296653,0.059,2
2026-08-19,11:56:49,0.164155,0.083732,0.00055,29288.297203,0.059,2
2026-08-19,11:56:50,0.143636,0.083732,0.00055,29288.297753,0.059,2
2026-08-19,11:56:50,0.145866,0.083732,0.00055,29288.297753,0.059,2
2026-08-19,11:56:51,0.145866,0.083797,0.00055,29288.298303,0.059,2
2026-08-19,11:56:52,0.083352,0.083797,0.00055,29288.298853,0.059,2
2026-08-19,11:56:52,0.083352,0.083602,0.00055,29288.298853,0.059,2
2026-08-19,11:56:53,0.208054,0.083602,0.00055,29288.299403,0.059,2
2026-08-19,11:56:54,0.083352,0.083667,0.00055,29288.299953,0.059,2
2026-08-19,11:56:54,0.083352,0.083667,0.00055,29288.299953,0.059,2
2026-08-19,11:56:55,0.10419,0.085815,0.00057,29288.300503,0.059,2
2026-08-19,11:56:56,0.164155,0.085815,0.00057,29288.301073,0.059,2
2026-08-19,11:56:56,0.082077,0.085773,0.00057,29288.301073,0.059,2
2026-08-19,11:56:57,0.082077,0.085773,0.00057,29288.301643,0.059,2
2026-08-19,11:56:58,0.146246,0.085773,0.00057,29288.302213,0.059,2
2026-08-19,11:56:58,0.125354,0.085773,0.00057,29288.302213,0.059,2
2026-08-19,11:56:59,0.083569,0.084656,0.00056,29288.302783,0.059,2
2026-08-19,11:56:59,0.144001,0.084656,0.00056,29288.303343,0.059,2
2026-08-19,11:57:00,0.144001,0.084656,0.00056,29288.303343,0.059,2
2026-08-19,11:57:01,0.082287,0.084759,0.00056,29288.303903,0.059,2
2026-08-19,11:57:01,0.082287,0.084862,0.00056,29288.304463,0.059,2
2026-08-19,11:57:02,0.123108,0.084862,0.00056,29288.304463,0.059,2
2026-08-19,11:57:03,0.123108,0.085011,0.00056,29288.305023,0.059,2
2026-08-19,11:57:03,0.083569,0.085011,0.00056,29288.305583,0.059,2
2026-08-19,11:57:04,0.083569,0.08516,0.00056,29288.305583,0.059,2
2026-08-19,11:57:05,0.083569,0.085182,0.00056,29288.306143,0.059,2
2026-08-19,11:57:05,0.125354,0.085182,0.00056,29288.306703,0.059,2
2026-08-19,11:57:06,0.125354,0.085182,0.00056,29288.306703,0.059,2
2026-08-19,11:57:07,0.125027,0.085182,0.00056,29288.307263,0.059,2
2026-08-19,11:57:07,0.123116,0.085182,0.00056,29288.307263,0.059,2
2026-08-19,11:57:08,0.147804,0.085182,0.00056,29288.307823,0.059,2
2026-08-19,11:57:09,0.147804,0.085182,0.00056,29288.308383,0.059,2
2026-08-19,11:57:09,0.164155,0.085182,0.00056,29288.308383,0.059,2
2026-08-19,11:57:10,0.108368,0.087684,0.00058,29288.308943,0.059,2
2026-08-19,11:57:11,0.139147,0.093263,0.00058,29288.309523,0.059,2
2026-08-19,11:57:11,0.114283,0.094273,0.00062,29288.309523,0.059,2
2026-08-19,11:57:12,0.114283,0.094273,0.00062,29288.310143,0.059,2
2026-08-19,11:57:13,0.083352,0.0944,0.00062,29288.310763,0.059,2
2026-08-19,11:57:13,0.10419,0.096462,0.00064,29288.310763,0.059,2
2026-08-19,11:57:14,0.083352,0.096569,0.00064,29288.311403,0.059,2
2026-08-19,11:57:15,0.083352,0.096569,0.00064,29288.312043,0.059,2
2026-08-19,11:57:15,0.166378,0.096569,0.00064,29288.312043,0.059,2
2026-08-19,11:57:16,0.083352,0.096675,0.00064,29288.312683,0.059,2
2026-08-19,11:57:17,0.083352,0.096653,0.00064,29288.313323,0.059,2
2026-08-19,11:57:17,0.083352,0.096632,0.00064,29288.313323,0.059,2
2026-08-19,11:57:18,0.083352,0.096632,0.00064,29288.313963,0.059,2
2026-08-19,11:57:19,0.125028,0.096632,0.00064,29288.314603,0.059,2
2026-08-19,11:57:19,0.125028,0.096632,0.00064,29288.314603,0.059,2
2026-08-19,11:57:20,0.145866,0.096632,0.00064,29288.315243,0.059,2
2026-08-19,11:57:21,0.145866,0.096632,0.00064,29288.315883,0.059,2
2026-08-19,11:57:21,0.106795,0.096632,0.00064,29288.315883,0.059,2
2026-08-19,11:57:22,0.184674,0.096632,0.00064,29288.316523,0.059,2
2026-08-19,11:57:23,0.143636,0.096632,0.00064,29288.317163,0.059,2
2026-08-19,11:57:23,0.082077,0.096483,0.00064,29288.317163,0.059,2
2026-08-19,11:57:24,0.082077,0.096483,0.00064,29288.317803,0.059,2
2026-08-19,11:57:25,0.122796,0.096483,0.00064,29288.318443,0.059,2
2026-08-19,11:57:25,0.102597,0.096483,0.00064,29288.318443,0.059,2
2026-08-19,11:57:26,0.082077,0.096483,0.00064,29288.319083,0.059,2
2026-08-19,11:57:27,0.082077,0.096483,0.00064,29288.319723,0.059,2
2026-08-19,11:57:27,0.143636,0.096483,0.00062,29288.319723,0.059,2
2026-08-19,11:57:28,0.084008,0.094047,0.00062,29288.320343,0.059,2
2026-08-19,11:57:29,0.147014,0.094047,0.00062,29288.320963,0.059,2
2026-08-19,11:57:29,0.10501,0.094047,0.00062,29288.320963,0.059,2
2026-08-19,11:57:30,0.10501,0.094047,0.00062,29288.321583,0.059,2
2026-08-19,11:57:31,0.084008,0.094047,0.00062,29288.322203,0.059,2
2026-08-19,11:57:31,0.084008,0.094047,0.00062,29288.322203,0.059,2
2026-08-19,11:57:32,0.126012,0.094047,0.00062,29288.322823,0.059,2
2026-08-19,11:57:33,0.126012,0.094047,0.00062,29288.323443,0.059,2
2026-08-19,11:57:33,0.123745,0.094047,0.00062,29288.323443,0.059,2
2026-08-19,11:57:34,0.144047,0.094047,0.00062,29288.324063,0.059,2
2026-08-19,11:57:35,0.14437,0.094047,0.00062,29288.324683,0.059,2
2026-08-19,11:57:35,0.082497,0.088382,0.00062,29288.324683,0.059,2
2026-08-19,11:57:36,0.082497,0.085203,0.00058,29288.325263,0.059,2
2026-08-19,11:57:37,0.082497,0.085203,0.00056,29288.325823,0.059,2
2026-08-19,11:57:37,0.082497,0.085117,0.00056,29288.325823,0.059,2
2026-08-19,11:57:38,0.164994,0.085117,0.00056,29288.326383,0.059,2
2026-08-19,11:57:39,0.113433,0.085117,0.00056,29288.326943,0.059,2
2026-08-19,11:57:39,0.113433,0.085117,0.00056,29288.326943,0.059,2
2026-08-19,11:57:40,0.082497,0.085117,0.00056,29288.327503,0.059,2
2026-08-19,11:57:40,0.103121,0.085117,0.00056,29288.328063,0.059,2
2026-08-19,11:57:41,0.082497,0.085117,0.00056,29288.328063,0.059,2
2026-08-19,11:57:42,0.082497,0.085117,0.00056,29288.328623,0.059,2
2026-08-19,11:57:42,0.14437,0.085117,0.00056,29288.329183,0.059,2
2026-08-19,11:57:43,0.103121,0.085117,0.00056,29288.329183,0.059,2
2026-08-19,11:57:44,0.103121,0.085117,0.00056,29288.329743,0.059,2
2026-08-19,11:57:44,0.084676,0.085117,0.00056,29288.330303,0.059,2
2026-08-19,11:57:45,0.084676,0.085117,0.00056,29288.330303,0.059,2
2026-08-19,11:57:46,0.081663,0.085117,0.00056,29288.330863,0.059,2
2026-08-19,11:57:46,0.081663,0.085117,0.00056,29288.330863,0.059,2
2026-08-19,11:57:47,0.183742,0.085117,0.00056,29288.331423,0.059,2
2026-08-19,11:57:48,0.183742,0.083077,0.00055,29288.331983,0.059,2
2026-08-19,11:57:48,0.083788,0.083077,0.00055,29288.331983,0.059,2
2026-08-19,11:57:49,0.083788,0.083121,0.00055,29288.332533,0.059,2
2026-08-19,11:57:50,0.125682,0.083121,0.00055,29288.333083,0.059,2
2026-08-19,11:57:50,0.106698,0.083121,0.00055,29288.333083,0.059,2
2026-08-19,11:57:51,0.106698,0.083121,0.00055,29288.333633,0.059,2
2026-08-19,11:57:52,0.125682,0.083121,0.00055,29288.334183,0.059,2
2026-08-19,11:57:52,0.153502,0.083121,0.00055,29288.334183,0.059,2
2026-08-19,11:57:53,0.082077,0.082993,0.00055,29288.334733,0.059,2
2026-08-19,11:57:54,0.143956,0.082993,0.00055,29288.335283,0.059,2
2026-08-19,11:57:54,0.143956,0.082993,0.00055,29288.335283,0.059,2
2026-08-19,11:57:55,0.099391,0.084597,0.00056,29288.335833,0.059,2
2026-08-19,11:57:56,0.082077,0.08447,0.00056,29288.336393,0.059,2
2026-08-19,11:57:56,0.083352,0.084597,0.00056,29288.336393,0.059,2
2026-08-19,11:57:57,0.083352,0.085223,0.00056,29288.336953,0.059,2
2026-08-19,11:57:58,0.090269,0.085223,0.00056,29288.337513,0.059,2
2026-08-19,11:57:58,0.112196,0.088193,0.00058,29288.337513,0.059,2
2026-08-19,11:57:59,0.082497,0.088193,0.00058,29288.338093,0.059,2
2026-08-19,11:58:00,0.116334,0.088193,0.00058,29288.338673,0.059,2
2026-08-19,11:58:00,0.116334,0.088193,0.00058,29288.338673,0.059,2
2026-08-19,11:58:01,0.096354,0.088193,0.00058,29288.339253,0.059,2
2026-08-19,11:58:02,0.123745,0.088193,0.00058,29288.339833,0.059,2
2026-08-19,11:58:02,0.126684,0.088193,0.00058,29288.339833,0.059,2
2026-08-19,11:58:03,0.103386,0.088193,0.00058,29288.340413,0.059,2
2026-08-19,11:58:04,0.103386,0.088193,0.00058,29288.340993,0.059,2
2026-08-19,11:58:04,0.124386,0.088193,0.00058,29288.340993,0.059,2
2026-08-19,11:58:05,0.144417,0.088193,0.00058,29288.341573,0.059,2
2026-08-19,11:58:06,0.14474,0.088193,0.00058,29288.342153,0.059,2
2026-08-19,11:58:06,0.14474,0.088193,0.00058,29288.342153,0.059,2
2026-08-19,11:58:07,0.124063,0.088193,0.00058,29288.342733,0.059,2
2026-08-19,11:58:08,0.124063,0.122817,0.00058,29288.343313,0.059,2
2026-08-19,11:58:08,0.124063,0.12359,0.00082,29288.343313,0.059,2
2026-08-19,11:58:09,0.082709,0.12359,0.00082,29288.344133,0.059,2
2026-08-19,11:58:10,0.082709,0.12359,0.00082,29288.344953,0.059,2
2026-08-19,11:58:10,0.082709,0.12359,0.00082,29288.344953,0.059,2
2026-08-19,11:58:11,0.206772,0.12359,0.00082,29288.345773,0.059,2
2026-08-19,11:58:12,0.10597,0.124552,0.00082,29288.346593,0.059,2
2026-08-19,11:58:12,0.10597,0.122516,0.00082,29288.346593,0.059,2
2026-08-19,11:58:13,0.103386,0.122516,0.00081,29288.347413,0.059,2
2026-08-19,11:58:14,0.206449,0.122516,0.00081,29288.348223,0.059,2
2026-08-19,11:58:14,0.110494,0.120897,0.0008,29288.348223,0.059,2
2026-08-19,11:58:15,0.094016,0.11996,0.0008,29288.349023,0.059,2
2026-08-19,11:58:16,0.094016,0.11996,0.00079,29288.349813,0.059,2
2026-08-19,11:58:16,0.124063,0.11996,0.00079,29288.349813,0.059,2
2026-08-19,11:58:17,0.092724,0.11996,0.00079,29288.350603,0.059,2
2026-08-19,11:58:18,0.12374,0.119895,0.00079,29288.351393,0.059,2
2026-08-19,11:58:18,0.084008,0.119895,0.00079,29288.351393,0.059,2
2026-08-19,11:58:19,0.084008,0.119895,0.00079,29288.352183,0.059,2
2026-08-19,11:58:20,0.147014,0.120155,0.00079,29288.352973,0.059,2
2026-08-19,11:58:20,0.10501,0.116182,0.00077,29288.352973,0.059,2
2026-08-19,11:58:21,0.084008,0.112176,0.00077,29288.353743,0.059,2
2026-08-19,11:58:22,0.084008,0.112176,0.00074,29288.354483,0.059,2
2026-08-19,11:58:22,0.147014,0.112176,0.00074,29288.354483,0.059,2
2026-08-19,11:58:23,0.126012,0.112176,0.00074,29288.355223,0.059,2
2026-08-19,11:58:24,0.127652,0.112176,0.00074,29288.355963,0.059,2
2026-08-19,11:58:24,0.161127,0.112176,0.00074,29288.355963,0.059,2
2026-08-19,11:58:25,0.161127,0.112176,0.00074,29288.356703,0.059,2
2026-08-19,11:58:26,0.09152,0.108922,0.00072,29288.357423,0.059,2
2026-08-19,11:58:26,0.144047,0.108922,0.00072,29288.357423,0.059,2
2026-08-19,11:58:27,0.144047,0.108922,0.00072,29288.358143,0.059,2
2026-08-19,11:58:28,0.144047,0.108922,0.00072,29288.358863,0.059,2
2026-08-19,11:58:28,0.123745,0.108922,0.00069,29288.358863,0.059,2
2026-08-19,11:58:29,0.082497,0.104765,0.00069,29288.359553,0.059,2
2026-08-19,11:58:30,0.082497,0.102418,0.00068,29288.360233,0.059,2
2026-08-19,11:58:30,0.103121,0.102392,0.00068,29288.360233,0.059,2
2026-08-19,11:58:31,0.103121,0.101397,0.00068,29288.360913,0.059,2
2026-08-19,11:58:32,0.100543,0.101397,0.00067,29288.361583,0.058,2
2026-08-19,11:58:32,0.082497,0.100245,0.00064,29288.361583,0.058,2
2026-08-19,11:58:33,0.164672,0.100245,0.00064,29288.362223,0.058,2
2026-08-19,11:58:34,0.10501,0.098372,0.00063,29288.362853,0.058,2
2026-08-19,11:58:34,0.10501,0.098372,0.00063,29288.362853,0.058,2
2026-08-19,11:58:35,0.10501,0.094171,0.00061,29288.363463,0.058,2
2026-08-19,11:58:36,0.084008,0.092071,0.00061,29288.364073,0.059,2
2026-08-19,11:58:36,0.122796,0.092071,0.00061,29288.364073,0.059,2
2026-08-19,11:58:37,0.122796,0.092071,0.00061,29288.364683,0.059,2
2026-08-19,11:58:38,0.102597,0.092071,0.00061,29288.365293,0.059,2
2026-08-19,11:58:38,0.122796,0.092071,0.00061,29288.365293,0.059,2
2026-08-19,11:58:39,0.082077,0.091878,0.00061,29288.365903,0.059,2
2026-08-19,11:58:40,0.143636,0.091878,0.00061,29288.366513,0.059,2
2026-08-19,11:58:40,0.143636,0.090934,0.00061,29288.366513,0.059,2
2026-08-19,11:58:41,0.082077,0.090934,0.0006,29288.367113,0.059,2
2026-08-19,11:58:42,0.138052,0.090934,0.0006,29288.367713,0.059,2
2026-08-19,11:58:42,0.166704,0.090934,0.0006,29288.367713,0.059,2
2026-08-19,11:58:43,0.166704,0.090934,0.0006,29288.368313,0.059,2
2026-08-19,11:58:44,0.13447,0.090934,0.0006,29288.368913,0.059,2
2026-08-19,11:58:44,0.10419,0.090934,0.0006,29288.368913,0.059,2
2026-08-19,11:58:45,0.136236,0.090934,0.0006,29288.369513,0.059,2
2026-08-19,11:58:46,0.188044,0.090934,0.0006,29288.370113,0.059,2
2026-08-19,11:58:46,0.188044,0.090934,0.0006,29288.370113,0.059,2
2026-08-19,11:58:47,0.143272,0.090934,0.0006,29288.370713,0.059,2
2026-08-19,11:58:48,0.124702,0.090934,0.0006,29288.371313,0.059,2
2026-08-19,11:58:48,0.121772,0.090934,0.0006,29288.371313,0.059,2
2026-08-19,11:58:49,0.083352,0.091019,0.0006,29288.371913,0.059,2
2026-08-19,11:58:50,0.083352,0.091019,0.0006,29288.371913,0.059,2
2026-08-19,11:58:50,0.245912,0.091019,0.0006,29288.372513,0.059,2
2026-08-19,11:58:51,0.083569,0.091126,0.0006,29288.373113,0.059,2
2026-08-19,11:58:52,0.146246,0.091126,0.0006,29288.373113,0.059,2
2026-08-19,11:58:52,0.146246,0.091126,0.0006,29288.373713,0.059,2
2026-08-19,11:58:53,0.122796,0.091126,0.0006,29288.374313,0.059,2
2026-08-19,11:58:53,0.154407,0.091126,0.0006,29288.374313,0.059,2
2026-08-19,11:58:54,0.083569,0.089171,0.00059,29288.374913,0.059,2
2026-08-19,11:58:55,0.187704,0.089171,0.00059,29288.375503,0.059,2
2026-08-19,11:58:55,0.187704,0.089171,0.00059,29288.375503,0.059,2
2026-08-19,11:58:56,0.104461,0.089563,0.00059,29288.376093,0.059,2
2026-08-19,11:58:57,0.083569,0.08967,0.00059,29288.376683,0.059,2
2026-08-19,11:58:57,0.142674,0.08967,0.00059,29288.376683,0.059,2
2026-08-19,11:58:58,0.142674,0.08967,0.00059,29288.377273,0.059,2
2026-08-19,11:58:59,0.205194,0.08967,0.00059,29288.377863,0.059,2
2026-08-19,11:58:59,0.102597,0.089429,0.00059,29288.377863,0.059,2
2026-08-19,11:59:00,0.1042,0.089348,0.00059,29288.378453,0.059,2
2026-08-19,11:59:01,0.082077,0.089155,0.00059,29288.379043,0.059,2
2026-08-19,11:59:01,0.082077,0.089155,0.00059,29288.379043,0.059,2
2026-08-19,11:59:02,0.102597,0.091207,0.0006,29288.379633,0.059,2
2026-08-19,11:59:03,0.191407,0.091207,0.0006,29288.380233,0.059,2
2026-08-19,11:59:03,0.159666,0.091207,0.0006,29288.380233,0.059,2
2026-08-19,11:59:04,0.159666,0.091207,0.0006,29288.380833,0.059,2
2026-08-19,11:59:05,0.082077,0.091207,0.0006,29288.381433,0.059,2
2026-08-19,11:59:05,0.102597,0.093131,0.00061,29288.381433,0.059,2
2026-08-19,11:59:06,0.084008,0.093175,0.00061,29288.382043,0.059,2
2026-08-19,11:59:07,0.084008,0.093219,0.00061,29288.382653,0.059,2
2026-08-19,11:59:07,0.084008,0.093219,0.00061,29288.382653,0.059,2
2026-08-19,11:59:08,0.177048,0.093219,0.00061,29288.383263,0.059,2
2026-08-19,11:59:09,0.195787,0.093219,0.00061,29288.383873,0.059,2
2026-08-19,11:59:09,0.137632,0.093219,0.00061,29288.383873,0.058,2
2026-08-19,11:59:10,0.137632,0.093219,0.00061,29288.384483,0.058,2
2026-08-19,11:59:11,0.138925,0.093219,0.0006,29288.385083,0.058,2
2026-08-19,11:59:11,0.186095,0.093219,0.0006,29288.385083,0.058,2
2026-08-19,11:59:12,0.082709,0.091044,0.0006,29288.385683,0.059,2
2026-08-19,11:59:13,0.169294,0.091044,0.0006,29288.386283,0.059,2
2026-08-19,11:59:13,0.169294,0.091044,0.0006,29288.386283,0.059,2
2026-08-19,11:59:14,0.134079,0.091044,0.0006,29288.386883,0.059,2
2026-08-19,11:59:15,0.158633,0.091044,0.0006,29288.387483,0.059,2
2026-08-19,11:59:15,0.165417,0.091044,0.0006,29288.387483,0.059,2
2026-08-19,11:59:16,0.165417,0.094124,0.0006,29288.388083,0.059,2
2026-08-19,11:59:17,0.114371,0.094124,0.00062,29288.388703,0.059,2
2026-08-19,11:59:17,0.144417,0.098306,0.00065,29288.388703,0.059,2
2026-08-19,11:59:18,0.082709,0.098306,0.00065,29288.389353,0.059,2
2026-08-19,11:59:19,0.167356,0.098306,0.00065,29288.390003,0.059,2
2026-08-19,11:59:19,0.167356,0.098306,0.00063,29288.390003,0.059,2
2026-08-19,11:59:20,0.082709,0.096157,0.00063,29288.390633,0.059,2
2026-08-19,11:59:21,0.103386,0.098288,0.00065,29288.390633,0.059,2
2026-08-19,11:59:21,0.103386,0.098367,0.00065,29288.391283,0.059,2
2026-08-19,11:59:22,0.103386,0.100497,0.00065,29288.391933,0.059,2
2026-08-19,11:59:23,0.103386,0.100497,0.00066,29288.391933,0.059,2
2026-08-19,11:59:23,0.124063,0.102644,0.00068,29288.392593,0.059,2
2026-08-19,11:59:24,0.103386,0.104582,0.00068,29288.393273,0.059,2
2026-08-19,11:59:25,0.103386,0.10652,0.0007,29288.393273,0.059,2
2026-08-19,11:59:25,0.103386,0.10652,0.0007,29288.393973,0.059,2
2026-08-19,11:59:26,0.092078,0.107457,0.00071,29288.394683,0.059,2
2026-08-19,11:59:26,0.124063,0.107457,0.00071,29288.394683,0.059,2
2026-08-19,11:59:27,0.117924,0.107457,0.00071,29288.395393,0.059,2
2026-08-19,11:59:28,0.117924,0.107457,0.00071,29288.396103,0.059,2
2026-08-19,11:59:28,0.103386,0.107457,0.00071,29288.396103,0.059,2
2026-08-19,11:59:29,0.165417,0.107457,0.00071,29288.396813,0.059,2
2026-08-19,11:59:30,0.082709,0.10429,0.00069,29288.397503,0.059,2
2026-08-19,11:59:30,0.103386,0.100187,0.00066,29288.397503,0.059,2
2026-08-19,11:59:31,0.103386,0.100187,0.00066,29288.398163,0.059,2
2026-08-19,11:59:32,0.124063,0.104323,0.00069,29288.398853,0.059,2
2026-08-19,11:59:32,0.126012,0.106585,0.0007,29288.398853,0.059,2
2026-08-19,11:59:33,0.102597,0.106506,0.0007,29288.399553,0.059,2
2026-08-19,11:59:34,0.102597,0.106506,0.0007,29288.400253,0.059,2
2026-08-19,11:59:34,0.164155,0.106506,0.0007,29288.400253,0.059,2
2026-08-19,11:59:35,0.125354,0.106506,0.0007,29288.400953,0.059,2
2026-08-19,11:59:36,0.102597,0.106506,0.0007,29288.401653,0.059,2
2026-08-19,11:59:36,0.102597,0.106506,0.0007,29288.401653,0.059,2
2026-08-19,11:59:37,0.102597,0.106506,0.0007,29288.402353,0.059,2
2026-08-19,11:59:38,0.082398,0.106506,0.0007,29288.403053,0.059,2
2026-08-19,11:59:38,0.102597,0.106506,0.0007,29288.403053,0.059,2
2026-08-19,11:59:39,0.147014,0.106506,0.0007,29288.403753,0.059,2
2026-08-19,11:59:40,0.147014,0.104504,0.00069,29288.404443,0.059,2
2026-08-19,11:59:40,0.08336,0.104504,0.00069,29288.404443,0.059,2
2026-08-19,11:59:41,0.123116,0.104504,0.00069,29288.405133,0.059,2
2026-08-19,11:59:42,0.082077,0.100305,0.00066,29288.405793,0.059,2
