# 펌프 1개, 설치 높이 2300mm, 파이프 200A, 파이프내 수위 40mm
# Level 설정 : Range 5.000m, Low Level 2.000m, Distance Migration 0.340m, Empty Height 1.944m, Water Level 0.057m
# Flow 설정 : U-Shape, Canal Width 0.200m, Height 0.200m, Installation Height 2.000m
# 순서: date, time, Real-time velocity, Avg. velocity, Instant. flow rate, Cumulative flow, Water level, 펌프
date,time,Real-time velocity,Avg. velocity,Instant. flow rate,Cumulative flow,Water level,펌프
2026-08-12,17:30:38,0.227711,0.522482,0.00329,29262.143863,0.057,1
2026-08-12,17:30:38,0.311928,0.522482,0.00329,29262.143863,0.057,1
2026-08-12,17:30:39,0.207304,0.522482,0.00329,29262.147153,0.057,1
2026-08-12,17:30:40,0.498178,0.511238,0.00322,29262.150373,0.057,1
2026-08-12,17:30:40,0.498178,0.511238,0.00322,29262.150373,0.057,1
2026-08-12,17:30:41,0.580452,0.517323,0.00326,29262.153633,0.057,1
2026-08-12,17:30:42,0.310633,0.517323,0.00326,29262.156893,0.057,1
2026-08-12,17:30:42,0.592437,0.529611,0.00326,29262.156893,0.057,1
2026-08-12,17:30:43,0.592437,0.550341,0.00334,29262.160233,0.057,1
2026-08-12,17:30:44,0.559398,0.550341,0.00347,29262.163703,0.057,1
2026-08-12,17:30:44,0.373148,0.550341,0.00347,29262.163703,0.057,1
2026-08-12,17:30:45,0.54678,0.541713,0.00341,29262.167113,0.057,1
2026-08-12,17:30:46,0.373788,0.541713,0.00341,29262.170523,0.057,1
2026-08-12,17:30:46,0.373788,0.541713,0.00341,29262.170523,0.057,1
2026-08-12,17:30:47,0.394572,0.541713,0.00341,29262.173933,0.057,1
2026-08-12,17:30:48,0.623197,0.550134,0.00347,29262.177403,0.057,1
2026-08-12,17:30:48,0.228625,0.550134,0.00347,29262.177403,0.057,1
2026-08-12,17:30:49,0.228625,0.559015,0.00347,29262.180873,0.057,1
2026-08-12,17:30:50,0.521875,0.559015,0.00352,29262.184393,0.057,1
2026-08-12,17:30:50,0.540061,0.555008,0.00352,29262.184393,0.057,1
2026-08-12,17:30:51,0.356576,0.555008,0.0035,29262.187893,0.057,1
2026-08-12,17:30:52,0.356576,0.548237,0.00345,29262.191343,0.057,1
2026-08-12,17:30:52,0.498817,0.548237,0.00345,29262.191343,0.057,1
2026-08-12,17:30:53,0.543633,0.550483,0.00347,29262.194813,0.057,1
2026-08-12,17:30:54,0.674183,0.568083,0.00358,29262.198393,0.057,1
2026-08-12,17:30:54,0.467966,0.568083,0.00358,29262.198393,0.057,1
2026-08-12,17:30:55,0.467966,0.568083,0.00358,29262.201973,0.057,1
2026-08-12,17:30:56,0.602413,0.568083,0.00358,29262.205553,0.057,1
2026-08-12,17:30:56,0.547503,0.568083,0.00358,29262.205553,0.057,1
2026-08-12,17:30:57,0.644306,0.568083,0.00358,29262.209133,0.057,1
2026-08-12,17:30:58,0.644306,0.568083,0.00358,29262.212713,0.057,1
2026-08-12,17:30:58,0.510076,0.568083,0.00358,29262.212713,0.057,1
2026-08-12,17:30:59,0.477708,0.568083,0.00358,29262.216293,0.057,1
2026-08-12,17:31:00,0.540061,0.568083,0.00358,29262.219873,0.057,1
2026-08-12,17:31:00,0.540061,0.568083,0.00358,29262.219873,0.057,1
2026-08-12,17:31:01,0.643981,0.568083,0.00358,29262.223453,0.057,1
2026-08-12,17:31:02,0.498492,0.568083,0.00358,29262.227033,0.057,1
2026-08-12,17:31:02,0.581629,0.551413,0.00358,29262.227033,0.057,1
2026-08-12,17:31:03,0.581629,0.562812,0.00355,29262.230613,0.057,1
2026-08-12,17:31:04,0.581953,0.562812,0.00355,29262.234163,0.057,1
2026-08-12,17:31:04,0.457249,0.548296,0.00345,29262.234163,0.057,1
2026-08-12,17:31:05,0.228625,0.548296,0.00345,29262.237613,0.057,1
2026-08-12,17:31:06,0.314359,0.548296,0.00345,29262.241063,0.057,1
2026-08-12,17:31:06,0.314359,0.548296,0.00345,29262.241063,0.057,1
2026-08-12,17:31:07,0.394572,0.548296,0.00345,29262.244513,0.057,1
2026-08-12,17:31:08,0.290652,0.548296,0.00345,29262.247963,0.057,1
2026-08-12,17:31:08,0.373788,0.548296,0.00345,29262.247963,0.057,1
2026-08-12,17:31:09,0.373788,0.548296,0.00345,29262.251413,0.057,1
2026-08-12,17:31:10,0.311436,0.548296,0.00345,29262.254863,0.057,1
2026-08-12,17:31:10,0.12438,0.548296,0.00345,29262.254863,0.057,1
2026-08-12,17:31:11,0.311436,0.548296,0.00345,29262.258313,0.057,1
2026-08-12,17:31:12,0.2283,0.548296,0.00345,29262.261763,0.057,1
2026-08-12,17:31:12,0.2283,0.548296,0.00345,29262.261763,0.057,1
2026-08-12,17:31:13,0.591739,0.552719,0.00345,29262.265213,0.057,1
2026-08-12,17:31:14,0.567052,0.544994,0.00343,29262.268643,0.057,1
2026-08-12,17:31:14,0.420039,0.53599,0.00338,29262.268643,0.057,1
2026-08-12,17:31:15,0.420039,0.538624,0.00338,29262.272023,0.057,1
2026-08-12,17:31:16,0.504046,0.538624,0.00339,29262.275413,0.057,1
2026-08-12,17:31:16,0.483045,0.532923,0.00336,29262.275413,0.057,1
2026-08-12,17:31:17,0.556532,0.524178,0.00336,29262.278773,0.057,1
2026-08-12,17:31:18,0.556532,0.530014,0.0033,29262.282073,0.057,1
2026-08-12,17:31:18,0.556854,0.530014,0.00334,29262.282073,0.057,1
2026-08-12,17:31:19,0.639351,0.535786,0.00334,29262.285413,0.057,1
2026-08-12,17:31:20,0.59778,0.537369,0.00338,29262.288793,0.057,1
2026-08-12,17:31:20,0.59778,0.555547,0.0035,29262.288793,0.057,1
2026-08-12,17:31:21,0.639029,0.555547,0.0035,29262.292293,0.057,1
2026-08-12,17:31:22,0.556854,0.552058,0.00348,29262.295773,0.057,1
2026-08-12,17:31:22,0.433109,0.538664,0.00339,29262.295773,0.057,1
2026-08-12,17:31:23,0.082497,0.538664,0.00339,29262.299163,0.057,1
2026-08-12,17:31:24,0.082497,0.538664,0.00339,29262.302553,0.057,1
2026-08-12,17:31:24,0.247491,0.538664,0.00339,29262.302553,0.057,1
2026-08-12,17:31:25,0.421146,0.538775,0.00339,29262.305943,0.057,1
2026-08-12,17:31:26,0.568547,0.538775,0.00339,29262.309333,0.057,1
2026-08-12,17:31:26,0.526103,0.538775,0.00339,29262.309333,0.057,1
2026-08-12,17:31:27,0.526103,0.538775,0.00339,29262.312723,0.057,1
2026-08-12,17:31:28,0.357974,0.538775,0.00339,29262.316113,0.057,1
2026-08-12,17:31:28,0.610332,0.549403,0.00339,29262.316113,0.057,1
2026-08-12,17:31:29,0.082497,0.549403,0.00346,29262.319573,0.057,1
2026-08-12,17:31:30,0.082497,0.555076,0.0035,29262.319573,0.057,1
2026-08-12,17:31:30,0.539775,0.555076,0.0035,29262.323073,0.057,1
2026-08-12,17:31:31,0.701224,0.569546,0.00359,29262.326663,0.057,1
2026-08-12,17:31:32,0.556532,0.569513,0.00359,29262.326663,0.057,1
2026-08-12,17:31:32,0.556532,0.565356,0.00359,29262.330253,0.057,1
2026-08-12,17:31:33,0.59778,0.565356,0.00356,29262.333813,0.057,1
2026-08-12,17:31:34,0.391538,0.565356,0.00356,29262.333813,0.057,1
2026-08-12,17:31:34,0.419711,0.565356,0.00356,29262.337373,0.057,1
2026-08-12,17:31:35,0.366725,0.565356,0.00356,29262.340933,0.057,1
2026-08-12,17:31:36,0.366725,0.565356,0.00352,29262.340933,0.057,1
2026-08-12,17:31:36,0.534941,0.559072,0.00352,29262.344453,0.057,1
2026-08-12,17:31:37,0.659653,0.561135,0.00353,29262.347983,0.057,1
2026-08-12,17:31:38,0.418939,0.561135,0.00353,29262.347983,0.057,1
2026-08-12,17:31:38,0.418939,0.561135,0.00353,29262.351513,0.057,1
2026-08-12,17:31:39,0.348509,0.561135,0.00353,29262.355043,0.057,1
2026-08-12,17:31:40,0.557864,0.561236,0.00354,29262.355043,0.057,1
2026-08-12,17:31:40,0.493719,0.567297,0.00354,29262.358583,0.057,1
2026-08-12,17:31:41,0.493719,0.57044,0.00357,29262.362153,0.057,1
2026-08-12,17:31:41,0.452576,0.57044,0.00357,29262.362153,0.057,1
2026-08-12,17:31:42,0.432004,0.552607,0.00348,29262.365633,0.057,1
2026-08-12,17:31:43,0.514291,0.550058,0.00346,29262.369093,0.057,1
2026-08-12,17:31:43,0.12343,0.550058,0.00346,29262.369093,0.057,1
2026-08-12,17:31:44,0.12343,0.550058,0.00346,29262.372553,0.057,1
2026-08-12,17:31:45,0.555434,0.535479,0.00337,29262.375923,0.057,1
2026-08-12,17:31:45,0.575684,0.537395,0.00337,29262.375923,0.057,1
2026-08-12,17:31:46,0.652558,0.542872,0.00338,29262.379303,0.057,1
2026-08-12,17:31:47,0.652558,0.542872,0.00342,29262.382723,0.057,1
2026-08-12,17:31:47,0.431683,0.542872,0.00342,29262.382723,0.057,1
2026-08-12,17:31:48,0.12343,0.542872,0.00342,29262.386143,0.057,1
2026-08-12,17:31:49,0.555434,0.544922,0.00343,29262.389573,0.057,1
2026-08-12,17:31:49,0.614577,0.540414,0.00343,29262.389573,0.057,1
2026-08-12,17:31:50,0.614577,0.540171,0.0034,29262.392973,0.057,1
2026-08-12,17:31:51,0.555434,0.540171,0.0034,29262.396373,0.057,1
2026-08-12,17:31:51,0.350039,0.540171,0.0034,29262.396373,0.057,1
2026-08-12,17:31:52,0.226288,0.540171,0.0034,29262.399773,0.057,1
2026-08-12,17:31:53,0.351646,0.540171,0.0034,29262.403173,0.057,1
2026-08-12,17:31:53,0.351646,0.540171,0.0034,29262.403173,0.057,1
2026-08-12,17:31:54,0.225967,0.540171,0.0034,29262.406573,0.057,1
2026-08-12,17:31:55,0.102858,0.540171,0.0034,29262.409973,0.057,1
2026-08-12,17:31:55,0.534541,0.544253,0.0034,29262.409973,0.057,1
2026-08-12,17:31:56,0.534541,0.544253,0.00343,29262.413373,0.057,1
2026-08-12,17:31:57,0.185145,0.544253,0.00343,29262.416803,0.057,1
2026-08-12,17:31:57,0.432004,0.542196,0.00342,29262.416803,0.057,1
2026-08-12,17:31:58,0.356705,0.534666,0.00337,29262.420223,0.057,1
2026-08-12,17:31:59,0.629719,0.534666,0.00337,29262.423593,0.057,1
2026-08-12,17:31:59,0.629719,0.534666,0.00337,29262.423593,0.057,1
2026-08-12,17:32:00,0.289157,0.534666,0.00337,29262.426963,0.057,1
2026-08-12,17:32:01,0.537606,0.536998,0.00337,29262.430333,0.057,1
2026-08-12,17:32:01,0.227126,0.536998,0.00338,29262.430333,0.057,1
2026-08-12,17:32:02,0.433897,0.524844,0.00331,29262.433713,0.057,1
2026-08-12,17:32:03,0.433897,0.524844,0.00331,29262.437023,0.057,1
2026-08-12,17:32:03,0.309834,0.498259,0.00314,29262.437023,0.057,1
2026-08-12,17:32:04,0.307573,0.463761,0.00292,29262.440163,0.057,1
2026-08-12,17:32:05,0.516929,0.463761,0.00292,29262.443083,0.057,1
2026-08-12,17:32:05,0.516929,0.463761,0.00292,29262.443083,0.057,1
2026-08-12,17:32:06,0.591884,0.463761,0.00292,29262.446003,0.057,1
2026-08-12,17:32:07,0.523714,0.463761,0.00292,29262.448923,0.057,1
2026-08-12,17:32:07,0.640669,0.463761,0.00292,29262.448923,0.057,1
2026-08-12,17:32:08,0.640669,0.463761,0.00292,29262.451843,0.057,1
2026-08-12,17:32:09,0.578961,0.463761,0.00292,29262.454763,0.057,1
2026-08-12,17:32:09,0.268803,0.463761,0.00292,29262.454763,0.057,1
2026-08-12,17:32:10,0.620315,0.463761,0.00292,29262.457683,0.057,1
2026-08-12,17:32:11,0.620315,0.463761,0.00292,29262.460603,0.057,1
2026-08-12,17:32:11,0.544081,0.463761,0.00292,29262.460603,0.057,1
2026-08-12,17:32:12,0.398709,0.463761,0.00292,29262.463523,0.057,1
2026-08-12,17:32:13,0.399037,0.463761,0.00292,29262.466443,0.057,1
2026-08-12,17:32:13,0.364504,0.463761,0.00292,29262.466443,0.057,1
2026-08-12,17:32:14,0.364504,0.463761,0.00292,29262.469363,0.057,1
2026-08-12,17:32:15,0.106715,0.463761,0.00292,29262.472283,0.057,1
2026-08-12,17:32:15,0.084452,0.463761,0.00292,29262.472283,0.057,1
2026-08-12,17:32:16,0.532153,0.461433,0.00291,29262.475203,0.057,1
2026-08-12,17:32:17,0.532153,0.461433,0.00291,29262.478113,0.057,1
2026-08-12,17:32:17,0.265757,0.461433,0.00291,29262.478113,0.057,1
2026-08-12,17:32:18,0.462569,0.446232,0.00281,29262.481023,0.057,1
2026-08-12,17:32:19,0.292492,0.446232,0.00281,29262.483833,0.057,1
2026-08-12,17:32:19,0.452254,0.435914,0.00274,29262.483833,0.057,1
2026-08-12,17:32:20,0.452254,0.435914,0.00274,29262.486573,0.057,1
2026-08-12,17:32:21,0.514291,0.433889,0.00273,29262.489303,0.057,1
2026-08-12,17:32:21,0.369968,0.427685,0.00269,29262.489303,0.057,1
2026-08-12,17:32:22,0.308253,0.42284,0.00269,29262.491993,0.057,1
2026-08-12,17:32:23,0.308253,0.401962,0.00266,29262.494653,0.057,1
2026-08-12,17:32:23,0.328825,0.401962,0.00253,29262.494653,0.057,1
2026-08-12,17:32:24,0.460505,0.401962,0.00253,29262.497183,0.057,1
2026-08-12,17:32:25,0.613336,0.401962,0.00253,29262.499713,0.057,1
2026-08-12,17:32:25,0.399037,0.398476,0.00251,29262.499713,0.057,1
2026-08-12,17:32:26,0.399037,0.398476,0.00251,29262.502223,0.057,1
2026-08-12,17:32:27,0.39054,0.406546,0.00256,29262.504783,0.057,1
2026-08-12,17:32:27,0.28286,0.404075,0.00254,29262.504783,0.057,1
2026-08-12,17:32:28,0.308253,0.381685,0.00254,29262.507323,0.057,1
2026-08-12,17:32:29,0.308253,0.366832,0.0024,29262.509723,0.057,1
2026-08-12,17:32:29,0.314037,0.366832,0.00222,29262.509723,0.057,1
2026-08-12,17:32:30,0.313384,0.352945,0.00222,29262.511943,0.057,1
2026-08-12,17:32:31,0.166812,0.352945,0.00222,29262.514163,0.057,1
2026-08-12,17:32:31,0.161786,0.352945,0.00222,29262.514163,0.057,1
2026-08-12,17:32:32,0.161786,0.352945,0.00222,29262.516383,0.057,1
2026-08-12,17:32:33,0.185602,0.352945,0.00222,29262.518603,0.057,1
2026-08-12,17:32:33,0.580128,0.352945,0.00222,29262.518603,0.057,1
2026-08-12,17:32:34,0.18625,0.352945,0.00222,29262.520823,0.057,1
2026-08-12,17:32:35,0.248441,0.32636,0.00205,29262.522873,0.057,1
2026-08-12,17:32:35,0.248441,0.32636,0.00205,29262.522873,0.057,1
2026-08-12,17:32:36,0.310957,0.320459,0.00202,29262.524893,0.057,1
2026-08-12,17:32:37,0.228035,0.312437,0.00197,29262.526863,0.057,1
2026-08-12,17:32:37,0.165844,0.296139,0.00197,29262.526863,0.057,1
2026-08-12,17:32:38,0.165844,0.296139,0.00186,29262.528723,0.057,1
2026-08-12,17:32:39,0.372824,0.296139,0.00186,29262.530583,0.057,1
2026-08-12,17:32:39,0.559398,0.296139,0.00186,29262.530583,0.057,1
2026-08-12,17:32:40,0.574946,0.296139,0.00186,29262.532443,0.057,1
2026-08-12,17:32:41,0.518261,0.296139,0.00186,29262.534303,0.057,1
2026-08-12,17:32:41,0.518261,0.296139,0.00186,29262.534303,0.057,1
2026-08-12,17:32:42,0.352094,0.291444,0.00183,29262.536133,0.057,1
2026-08-12,17:32:43,0.269496,0.27934,0.00176,29262.537893,0.057,1
2026-08-12,17:32:43,0.231301,0.274184,0.00176,29262.537893,0.057,1
2026-08-12,17:32:44,0.231301,0.274184,0.00172,29262.539613,0.057,1
2026-08-12,17:32:45,0.568547,0.274184,0.00172,29262.541333,0.057,1
2026-08-12,17:32:45,0.103652,0.274184,0.00172,29262.541333,0.057,1
2026-08-12,17:32:46,0.45607,0.274184,0.00172,29262.543053,0.057,1
2026-08-12,17:32:47,0.231301,0.266489,0.00172,29262.543053,0.057,1
2026-08-12,17:32:47,0.231301,0.266489,0.00168,29262.544733,0.057,1
2026-08-12,17:32:48,0.434368,0.266489,0.00168,29262.546413,0.057,1
2026-08-12,17:32:49,0.414609,0.266489,0.00168,29262.546413,0.057,1
2026-08-12,17:32:49,0.414609,0.266489,0.00168,29262.548093,0.057,1
2026-08-12,17:32:50,0.414609,0.259962,0.00163,29262.549723,0.057,1
2026-08-12,17:32:51,0.248765,0.259962,0.00163,29262.549723,0.057,1
2026-08-12,17:32:51,0.497207,0.259962,0.00163,29262.551353,0.057,1
2026-08-12,17:32:52,0.145113,0.259962,0.00163,29262.552983,0.057,1
2026-08-12,17:32:53,0.165844,0.259962,0.00163,29262.552983,0.057,1
2026-08-12,17:32:53,0.165844,0.259962,0.00163,29262.554613,0.057,1
2026-08-12,17:32:54,0.164548,0.259962,0.00163,29262.556243,0.057,1
2026-08-12,17:32:55,0.372824,0.259962,0.00163,29262.556243,0.057,1
2026-08-12,17:32:55,0.556159,0.259962,0.00163,29262.557873,0.057,1
2026-08-12,17:32:56,0.556159,0.259962,0.00163,29262.559503,0.057,1
2026-08-12,17:32:57,0.529922,0.259962,0.00163,29262.559503,0.057,1
2026-08-12,17:32:57,0.497531,0.259962,0.00163,29262.561133,0.057,1
2026-08-12,17:32:58,0.352094,0.259962,0.00163,29262.562763,0.057,1
2026-08-12,17:32:59,0.593409,0.259962,0.00163,29262.562763,0.057,1
2026-08-12,17:32:59,0.593409,0.259962,0.00163,29262.564393,0.057,1
2026-08-12,17:33:00,0.310957,0.259719,0.00163,29262.566023,0.057,1
2026-08-12,17:33:01,0.265285,0.261403,0.00163,29262.566023,0.057,1
2026-08-12,17:33:01,0.310957,0.261403,0.00164,29262.567653,0.057,1
2026-08-12,17:33:02,0.310957,0.261403,0.00164,29262.569293,0.057,1
2026-08-12,17:33:03,0.538991,0.261403,0.00164,29262.569293,0.057,1
2026-08-12,17:33:03,0.497207,0.261403,0.00164,29262.570933,0.057,1
2026-08-12,17:33:04,0.559722,0.261403,0.00164,29262.572573,0.057,1
2026-08-12,17:33:05,0.559722,0.261403,0.00164,29262.572573,0.057,1
2026-08-12,17:33:05,0.149324,0.261403,0.00164,29262.574213,0.057,1
2026-08-12,17:33:06,0.269172,0.265517,0.00164,29262.575853,0.057,1
2026-08-12,17:33:06,0.489109,0.265517,0.00167,29262.575853,0.057,1
2026-08-12,17:33:07,0.489109,0.279996,0.00176,29262.577523,0.057,1
2026-08-12,17:33:08,0.310633,0.279996,0.00176,29262.579283,0.057,1
2026-08-12,17:33:08,0.538668,0.279996,0.00176,29262.579283,0.057,1
2026-08-12,17:33:09,0.207304,0.265517,0.00167,29262.581043,0.057,1
2026-08-12,17:33:10,0.518261,0.265517,0.00167,29262.582713,0.057,1
2026-08-12,17:33:10,0.518261,0.269825,0.00167,29262.582713,0.057,1
2026-08-12,17:33:11,0.312576,0.269825,0.0017,29262.584383,0.057,1
2026-08-12,17:33:12,0.269172,0.273612,0.0017,29262.586083,0.057,1
2026-08-12,17:33:12,0.269172,0.277399,0.00174,29262.586083,0.057,1
2026-08-12,17:33:13,0.269172,0.278695,0.00175,29262.587823,0.057,1
2026-08-12,17:33:14,0.261722,0.278695,0.00175,29262.589573,0.057,1
2026-08-12,17:33:14,0.580128,0.278695,0.00175,29262.589573,0.057,1
2026-08-12,17:33:15,0.227711,0.27037,0.0017,29262.591323,0.057,1
2026-08-12,17:33:16,0.499798,0.27037,0.0017,29262.593023,0.057,1
2026-08-12,17:33:16,0.499798,0.277011,0.0017,29262.593023,0.057,1
2026-08-12,17:33:17,0.331687,0.277011,0.0017,29262.594723,0.057,1
2026-08-12,17:33:18,0.18625,0.277011,0.00174,29262.596463,0.057,1
2026-08-12,17:33:18,0.55292,0.277011,0.00174,29262.596463,0.057,1
2026-08-12,17:33:19,0.331363,0.279051,0.00174,29262.598203,0.057,1
2026-08-12,17:33:20,0.331363,0.279051,0.00176,29262.599963,0.057,1
2026-08-12,17:33:20,0.331687,0.285303,0.00179,29262.599963,0.057,1
2026-08-12,17:33:21,0.310633,0.285303,0.00179,29262.601753,0.057,1
2026-08-12,17:33:22,0.165844,0.285303,0.00179,29262.603543,0.057,1
2026-08-12,17:33:22,0.165844,0.285303,0.00179,29262.603543,0.057,1
2026-08-12,17:33:23,0.165844,0.285303,0.00179,29262.605333,0.057,1
2026-08-12,17:33:24,0.288607,0.293433,0.00185,29262.607183,0.057,1
2026-08-12,17:33:24,0.580128,0.293433,0.00185,29262.607183,0.057,1
2026-08-12,17:33:25,0.538991,0.293433,0.00185,29262.609033,0.057,1
2026-08-12,17:33:26,0.538991,0.293433,0.00185,29262.610883,0.057,1
2026-08-12,17:33:26,0.227711,0.284946,0.00179,29262.610883,0.057,1
2026-08-12,17:33:27,0.4768,0.284946,0.00179,29262.612673,0.057,1
2026-08-12,17:33:28,0.310633,0.289092,0.00182,29262.614493,0.057,1
2026-08-12,17:33:28,0.310633,0.289092,0.00182,29262.614493,0.057,1
2026-08-12,17:33:29,0.580452,0.289092,0.00182,29262.616313,0.057,1
2026-08-12,17:33:30,0.497207,0.289092,0.00182,29262.618133,0.057,1
2026-08-12,17:33:30,0.393554,0.289092,0.00182,29262.618133,0.057,1
2026-08-12,17:33:31,0.538668,0.289092,0.00182,29262.619953,0.057,1
2026-08-12,17:33:32,0.538668,0.291166,0.00182,29262.621773,0.057,1
2026-08-12,17:33:32,0.289902,0.291166,0.00182,29262.621773,0.057,1
2026-08-12,17:33:33,0.538991,0.291166,0.00183,29262.623603,0.057,1
2026-08-12,17:33:34,0.559722,0.291166,0.00183,29262.625433,0.057,1
2026-08-12,17:33:34,0.497207,0.291166,0.00183,29262.625433,0.057,1
2026-08-12,17:33:35,0.497207,0.291166,0.00183,29262.627263,0.057,1
2026-08-12,17:33:36,0.598267,0.291166,0.00183,29262.629093,0.057,1
2026-08-12,17:33:36,0.269496,0.291943,0.00183,29262.629093,0.057,1
2026-08-12,17:33:37,0.144789,0.291943,0.00184,29262.630933,0.057,1
2026-08-12,17:33:38,0.144789,0.302341,0.0019,29262.632833,0.057,1
2026-08-12,17:33:38,0.331687,0.302341,0.0019,29262.632833,0.057,1
2026-08-12,17:33:39,0.207304,0.302341,0.0019,29262.634733,0.057,1
2026-08-12,17:33:40,0.227711,0.302341,0.0019,29262.636633,0.057,1
2026-08-12,17:33:40,0.530246,0.302341,0.0019,29262.636633,0.057,1
2026-08-12,17:33:41,0.530246,0.302341,0.0019,29262.638533,0.057,1
2026-08-12,17:33:42,0.538668,0.302341,0.0019,29262.640433,0.057,1
2026-08-12,17:33:42,0.331687,0.302341,0.0019,29262.640433,0.057,1
2026-08-12,17:33:43,0.310957,0.3003,0.00189,29262.642323,0.057,1
2026-08-12,17:33:44,0.310957,0.291975,0.00184,29262.644163,0.057,1
2026-08-12,17:33:44,0.248441,0.291975,0.00184,29262.644163,0.057,1
2026-08-12,17:33:45,0.16552,0.291975,0.00184,29262.646003,0.057,1
2026-08-12,17:33:46,0.090696,0.291975,0.00184,29262.647843,0.057,1
2026-08-12,17:33:46,0.186574,0.291975,0.00184,29262.647843,0.057,1
2026-08-12,17:33:47,0.186574,0.291975,0.00184,29262.649683,0.057,1
2026-08-12,17:33:48,0.580128,0.291975,0.00184,29262.651523,0.057,1
2026-08-12,17:33:48,0.435339,0.291975,0.00184,29262.651523,0.057,1
2026-08-12,17:33:49,0.511783,0.291975,0.00184,29262.653363,0.057,1
2026-08-12,17:33:50,0.156698,0.291975,0.00184,29262.655203,0.057,1
2026-08-12,17:33:50,0.156698,0.291975,0.00184,29262.655203,0.057,1
2026-08-12,17:33:51,0.487207,0.291975,0.00184,29262.657043,0.057,1
2026-08-12,17:33:52,0.209142,0.281826,0.00184,29262.658813,0.057,1
2026-08-12,17:33:52,0.20592,0.273558,0.00177,29262.658813,0.057,1
2026-08-12,17:33:53,0.20592,0.273558,0.00172,29262.660583,0.057,1
2026-08-12,17:33:54,0.494982,0.273558,0.00172,29262.662303,0.057,1
2026-08-12,17:33:54,0.268115,0.277598,0.00175,29262.662303,0.057,1
2026-08-12,17:33:55,0.581023,0.277598,0.00175,29262.664053,0.057,1
2026-08-12,17:33:56,0.515606,0.277598,0.00175,29262.665803,0.057,1
2026-08-12,17:33:56,0.515606,0.277598,0.00175,29262.665803,0.057,1
2026-08-12,17:33:57,0.53623,0.277598,0.00175,29262.667553,0.057,1
2026-08-12,17:33:58,0.401147,0.277598,0.00175,29262.669303,0.057,1
2026-08-12,17:33:58,0.581629,0.277598,0.00175,29262.669303,0.057,1
2026-08-12,17:33:59,0.581629,0.277598,0.00175,29262.671053,0.057,1
2026-08-12,17:34:00,0.594619,0.277598,0.00175,29262.671053,0.057,1
2026-08-12,17:34:00,0.309812,0.277516,0.00175,29262.672803,0.057,1
2026-08-12,17:34:01,0.290652,0.277591,0.00175,29262.674553,0.057,1
2026-08-12,17:34:02,0.283507,0.278992,0.00175,29262.674553,0.057,1
2026-08-12,17:34:02,0.283507,0.279045,0.00175,29262.676303,0.057,1
2026-08-12,17:34:03,0.33222,0.279045,0.00175,29262.678053,0.057,1
2026-08-12,17:34:04,0.436465,0.279045,0.00176,29262.678053,0.057,1
2026-08-12,17:34:04,0.353329,0.279045,0.00176,29262.679813,0.057,1
2026-08-12,17:34:05,0.540385,0.279045,0.00176,29262.681573,0.057,1
2026-08-12,17:34:06,0.540385,0.279045,0.00176,29262.681573,0.057,1
2026-08-12,17:34:06,0.373788,0.279045,0.00176,29262.683333,0.057,1
2026-08-12,17:34:07,0.560845,0.279045,0.00176,29262.685093,0.057,1
2026-08-12,17:34:08,0.083136,0.279045,0.00176,29262.685093,0.057,1
2026-08-12,17:34:08,0.083136,0.279045,0.00176,29262.686853,0.057,1
2026-08-12,17:34:09,0.540061,0.279045,0.00176,29262.688613,0.057,1
2026-08-12,17:34:10,0.290977,0.274974,0.00173,29262.688613,0.057,1
2026-08-12,17:34:10,0.096261,0.274974,0.00173,29262.690343,0.057,1
2026-08-12,17:34:11,0.306691,0.274548,0.00173,29262.692073,0.057,1
2026-08-12,17:34:12,0.306691,0.274548,0.00173,29262.692073,0.057,1
2026-08-12,17:34:12,0.204354,0.274548,0.00173,29262.693803,0.057,1
2026-08-12,17:34:13,0.37639,0.274548,0.00173,29262.695533,0.057,1
2026-08-12,17:34:14,0.288739,0.274548,0.00173,29262.695533,0.057,1
2026-08-12,17:34:14,0.261348,0.274548,0.00173,29262.697263,0.057,1
2026-08-12,17:34:15,0.261348,0.274548,0.00173,29262.698993,0.057,1
2026-08-12,17:34:16,0.488537,0.274548,0.00173,29262.698993,0.057,1
2026-08-12,17:34:16,0.247491,0.274453,0.00173,29262.700723,0.057,1
2026-08-12,17:34:17,0.323889,0.274453,0.00173,29262.702453,0.057,1
2026-08-12,17:34:18,0.323889,0.274453,0.00173,29262.702453,0.057,1
2026-08-12,17:34:18,0.313058,0.274453,0.00173,29262.704183,0.057,1
2026-08-12,17:34:19,0.328727,0.274453,0.00173,29262.705913,0.057,1
2026-08-12,17:34:20,0.187704,0.274453,0.00173,29262.705913,0.057,1
2026-08-12,17:34:20,0.456366,0.274453,0.00173,29262.707643,0.057,1
2026-08-12,17:34:21,0.456366,0.274453,0.00173,29262.709373,0.057,1
2026-08-12,17:34:22,0.334277,0.274453,0.00173,29262.709373,0.057,1
2026-08-12,17:34:22,0.273885,0.274453,0.00173,29262.711103,0.057,1
2026-08-12,17:34:23,0.522307,0.274453,0.00173,29262.712833,0.057,1
2026-08-12,17:34:24,0.522307,0.274453,0.00173,29262.712833,0.057,1
2026-08-12,17:34:24,0.573407,0.274453,0.00173,29262.714563,0.057,1
2026-08-12,17:34:25,0.265757,0.280114,0.00176,29262.716323,0.057,1
2026-08-12,17:34:26,0.33222,0.292744,0.00184,29262.716323,0.057,1
2026-08-12,17:34:26,0.33222,0.299155,0.00184,29262.718163,0.057,1
2026-08-12,17:34:27,0.33222,0.299155,0.00188,29262.720043,0.057,1
2026-08-12,17:34:28,0.589253,0.299155,0.00188,29262.720043,0.057,1
2026-08-12,17:34:28,0.334277,0.301601,0.00188,29262.721923,0.057,1
2026-08-12,17:34:29,0.41752,0.314288,0.00198,29262.723903,0.057,1
2026-08-12,17:34:30,0.522307,0.338168,0.00213,29262.723903,0.057,1
2026-08-12,17:34:30,0.522307,0.338168,0.00213,29262.726033,0.057,1
2026-08-12,17:34:31,0.522307,0.357177,0.00225,29262.728283,0.057,1
2026-08-12,17:34:32,0.292166,0.357177,0.00225,29262.728283,0.057,1
2026-08-12,17:34:32,0.375735,0.357177,0.00225,29262.730533,0.057,1
2026-08-12,17:34:33,0.375735,0.357177,0.00225,29262.732783,0.057,1
2026-08-12,17:34:34,0.657454,0.357177,0.00225,29262.732783,0.057,1
2026-08-12,17:34:34,0.563766,0.357177,0.00225,29262.735033,0.057,1
2026-08-12,17:34:35,0.307835,0.358862,0.00226,29262.737293,0.057,1
2026-08-12,17:34:36,0.164155,0.358862,0.00226,29262.737293,0.057,1
2026-08-12,17:34:36,0.164155,0.358862,0.00226,29262.739553,0.057,1
2026-08-12,17:34:37,0.245912,0.358862,0.00226,29262.741813,0.057,1
2026-08-12,17:34:38,0.104461,0.358862,0.00226,29262.741813,0.057,1
2026-08-12,17:34:38,0.313058,0.359499,0.00226,29262.744073,0.057,1
2026-08-12,17:34:39,0.125027,0.359499,0.00226,29262.746333,0.057,1
2026-08-12,17:34:40,0.125027,0.359499,0.00226,29262.746333,0.057,1
2026-08-12,17:34:40,0.24911,0.359499,0.00226,29262.748593,0.057,1
2026-08-12,17:34:41,0.246538,0.359499,0.00226,29262.750853,0.057,1
2026-08-12,17:34:42,0.576006,0.359499,0.00226,29262.750853,0.057,1
2026-08-12,17:34:42,0.576006,0.365575,0.00226,29262.753113,0.057,1
2026-08-12,17:34:43,0.308253,0.365575,0.0023,29262.755413,0.057,1
2026-08-12,17:34:44,0.225967,0.361596,0.0023,29262.755413,0.057,1
2026-08-12,17:34:44,0.184823,0.346857,0.00218,29262.757593,0.057,1
2026-08-12,17:34:45,0.425229,0.346857,0.00218,29262.759773,0.057,1
2026-08-12,17:34:46,0.425229,0.346857,0.00218,29262.759773,0.057,1
2026-08-12,17:34:46,0.311761,0.346857,0.00218,29262.761953,0.057,1
2026-08-12,17:34:47,0.254929,0.346857,0.00218,29262.764133,0.057,1
2026-08-12,17:34:48,0.581629,0.346857,0.00218,29262.764133,0.057,1
2026-08-12,17:34:48,0.581629,0.346857,0.00218,29262.766313,0.057,1
2026-08-12,17:34:49,0.415356,0.346857,0.00218,29262.768493,0.057,1
2026-08-12,17:34:50,0.311436,0.346857,0.00218,29262.768493,0.057,1
2026-08-12,17:34:50,0.187056,0.346857,0.00218,29262.770673,0.057,1
2026-08-12,17:34:51,0.249084,0.338543,0.00213,29262.772853,0.057,1
2026-08-12,17:34:52,0.249084,0.338543,0.00213,29262.772853,0.057,1
2026-08-12,17:34:52,0.166272,0.338543,0.00213,29262.774983,0.057,1
2026-08-12,17:34:53,0.540061,0.338543,0.00213,29262.777113,0.057,1
2026-08-12,17:34:54,0.340988,0.339214,0.00213,29262.777113,0.057,1
2026-08-12,17:34:54,0.478033,0.339214,0.00213,29262.779243,0.057,1
2026-08-12,17:34:55,0.478033,0.339214,0.00213,29262.781373,0.057,1
2026-08-12,17:34:56,0.228625,0.339214,0.00213,29262.781373,0.057,1
2026-08-12,17:34:56,0.373788,0.334841,0.00211,29262.783503,0.057,1
2026-08-12,17:34:57,0.561169,0.334841,0.00211,29262.785613,0.057,1
2026-08-12,17:34:58,0.561169,0.334841,0.00211,29262.785613,0.057,1
2026-08-12,17:34:58,0.50174,0.334841,0.00211,29262.787723,0.057,1
2026-08-12,17:34:59,0.498817,0.334841,0.00211,29262.789833,0.057,1
2026-08-12,17:35:00,0.388561,0.334841,0.00211,29262.789833,0.057,1
2026-08-12,17:35:00,0.162765,0.334841,0.00211,29262.791943,0.057,1
2026-08-12,17:35:01,0.162765,0.334841,0.00211,29262.794053,0.057,1
2026-08-12,17:35:02,0.548347,0.334841,0.00211,29262.794053,0.057,1
2026-08-12,17:35:02,0.503718,0.334841,0.00211,29262.796163,0.057,1
2026-08-12,17:35:03,0.289157,0.311526,0.00211,29262.798273,0.057,1
2026-08-12,17:35:04,0.289157,0.288211,0.00196,29262.798273,0.057,1
2026-08-12,17:35:04,0.289157,0.288211,0.00181,29262.800233,0.057,1
2026-08-12,17:35:05,0.12374,0.288211,0.00181,29262.802043,0.057,1
2026-08-12,17:35:06,0.365643,0.293992,0.00185,29262.802043,0.057,1
2026-08-12,17:35:06,0.203135,0.293992,0.00185,29262.803893,0.057,1
2026-08-12,17:35:07,0.203135,0.293992,0.00185,29262.805743,0.057,1
2026-08-12,17:35:08,0.188522,0.293992,0.00185,29262.805743,0.057,1
2026-08-12,17:35:08,0.271983,0.289884,0.00182,29262.807593,0.057,1
2026-08-12,17:35:09,0.27231,0.28629,0.00182,29262.809413,0.057,1
2026-08-12,17:35:10,0.430907,0.28629,0.0018,29262.809413,0.057,1
2026-08-12,17:35:10,0.430907,0.28629,0.0018,29262.811213,0.057,1
2026-08-12,17:35:11,0.246232,0.288317,0.00181,29262.813023,0.057,1
2026-08-12,17:35:12,0.554023,0.288317,0.00181,29262.813023,0.057,1
2026-08-12,17:35:12,0.188195,0.288317,0.00181,29262.814833,0.057,1
2026-08-12,17:35:13,0.188195,0.288317,0.00181,29262.816643,0.057,1
2026-08-12,17:35:14,0.565567,0.288317,0.00181,29262.816643,0.057,1
2026-08-12,17:35:14,0.418939,0.288317,0.00181,29262.818453,0.057,1
2026-08-12,17:35:15,0.329988,0.288317,0.00181,29262.820263,0.057,1
2026-08-12,17:35:16,0.609704,0.288317,0.00181,29262.820263,0.057,1
2026-08-12,17:35:16,0.609704,0.288317,0.00181,29262.822073,0.057,1
2026-08-12,17:35:17,0.535908,0.288317,0.00181,29262.823883,0.057,1
2026-08-12,17:35:18,0.48757,0.288317,0.00181,29262.823883,0.057,1
2026-08-12,17:35:18,0.474035,0.288317,0.00181,29262.825693,0.057,1
2026-08-12,17:35:19,0.508838,0.288317,0.00181,29262.827503,0.057,1
2026-08-12,17:35:20,0.508838,0.288317,0.00185,29262.827503,0.057,1
2026-08-12,17:35:20,0.247491,0.294583,0.00185,29262.829353,0.057,1
2026-08-12,17:35:21,0.268115,0.296487,0.00187,29262.831223,0.057,1
2026-08-12,17:35:22,0.185618,0.296487,0.00187,29262.831223,0.057,1
2026-08-12,17:35:22,0.185618,0.296487,0.00187,29262.833093,0.057,1
2026-08-12,17:35:23,0.105699,0.296487,0.00187,29262.834963,0.057,1
2026-08-12,17:35:24,0.273916,0.289779,0.00182,29262.834963,0.057,1
2026-08-12,17:35:24,0.359957,0.289779,0.00182,29262.836783,0.057,1
2026-08-12,17:35:25,0.535586,0.289779,0.00182,29262.838603,0.057,1
2026-08-12,17:35:26,0.535586,0.289779,0.00182,29262.838603,0.057,1
2026-08-12,17:35:26,0.329665,0.285367,0.0018,29262.840403,0.057,1
2026-08-12,17:35:27,0.53623,0.285367,0.0018,29262.842203,0.057,1
2026-08-12,17:35:28,0.272697,0.283721,0.0018,29262.842203,0.057,1
2026-08-12,17:35:28,0.272697,0.284175,0.00178,29262.843983,0.057,1
2026-08-12,17:35:29,0.293699,0.284175,0.00179,29262.845773,0.057,1
2026-08-12,17:35:30,0.377707,0.285381,0.00179,29262.845773,0.057,1
2026-08-12,17:35:30,0.188689,0.285381,0.0018,29262.847573,0.057,1
2026-08-12,17:35:31,0.329988,0.291182,0.00183,29262.849403,0.057,1
2026-08-12,17:35:32,0.329988,0.289022,0.00183,29262.849403,0.057,1
2026-08-12,17:35:32,0.250713,0.289022,0.00182,29262.851223,0.057,1
2026-08-12,17:35:33,0.268115,0.291211,0.00183,29262.853053,0.057,1
2026-08-12,17:35:34,0.484318,0.291211,0.00183,29262.853053,0.057,1
2026-08-12,17:35:34,0.189516,0.291211,0.00183,29262.854883,0.057,1
2026-08-12,17:35:35,0.189516,0.291211,0.00183,29262.856713,0.057,1
2026-08-12,17:35:35,0.547489,0.291211,0.00183,29262.856713,0.057,1
2026-08-12,17:35:36,0.618405,0.291211,0.00183,29262.858543,0.057,1
2026-08-12,17:35:37,0.515606,0.291211,0.00183,29262.860373,0.057,1
2026-08-12,17:35:37,0.515606,0.291211,0.00183,29262.860373,0.057,1
2026-08-12,17:35:38,0.577156,0.291211,0.00183,29262.862203,0.057,1
2026-08-12,17:35:39,0.639351,0.291211,0.00183,29262.864033,0.057,1
2026-08-12,17:35:39,0.459745,0.291211,0.00183,29262.864033,0.057,1
2026-08-12,17:35:40,0.459745,0.291211,0.00183,29262.865863,0.057,1
2026-08-12,17:35:41,0.482716,0.291211,0.00183,29262.867693,0.057,1
2026-08-12,17:35:41,0.461714,0.291211,0.00183,29262.867693,0.057,1
2026-08-12,17:35:42,0.55796,0.291211,0.00183,29262.869523,0.057,1
2026-08-12,17:35:43,0.55796,0.539775,0.00183,29262.872923,0.057,1
2026-08-12,17:35:43,0.537606,0.539775,0.0034,29262.872923,0.057,1
2026-08-12,17:35:44,0.658936,0.55092,0.00347,29262.876393,0.057,1
2026-08-12,17:35:45,0.676292,0.556708,0.00347,29262.879903,0.057,1
2026-08-12,17:35:45,0.342003,0.556708,0.00351,29262.879903,0.057,1
2026-08-12,17:35:46,0.342003,0.556708,0.00351,29262.883413,0.057,1
2026-08-12,17:35:47,0.431683,0.556708,0.00351,29262.886923,0.057,1
2026-08-12,17:35:47,0.39054,0.556708,0.00351,29262.886923,0.057,1
2026-08-12,17:35:48,0.417846,0.556708,0.00351,29262.890433,0.057,1
2026-08-12,17:35:49,0.417846,0.556708,0.00351,29262.890433,0.057,1
2026-08-12,17:35:49,0.501415,0.556708,0.00351,29262.893943,0.057,1
2026-08-12,17:35:50,0.668227,0.571971,0.0036,29262.897453,0.057,1
2026-08-12,17:35:51,0.463221,0.571971,0.0036,29262.897453,0.057,1
2026-08-12,17:35:51,0.463221,0.571971,0.0036,29262.901053,0.057,1
2026-08-12,17:35:52,0.626442,0.576899,0.00363,29262.904653,0.057,1
2026-08-12,17:35:53,0.534862,0.56645,0.00363,29262.904653,0.057,1
2026-08-12,17:35:53,0.534862,0.573962,0.00362,29262.908283,0.057,1
2026-08-12,17:35:54,0.534862,0.574122,0.00362,29262.911903,0.057,1
2026-08-12,17:35:55,0.484318,0.574122,0.00362,29262.911903,0.057,1
2026-08-12,17:35:55,0.273745,0.574122,0.00362,29262.915523,0.057,1
2026-08-12,17:35:56,0.126015,0.574122,0.00362,29262.919143,0.057,1
2026-08-12,17:35:57,0.46326,0.574277,0.00362,29262.919143,0.057,1
2026-08-12,17:35:57,0.46326,0.574277,0.00362,29262.922763,0.057,1
2026-08-12,17:35:58,0.568547,0.575335,0.00362,29262.926383,0.057,1
2026-08-12,17:35:59,0.411111,0.562686,0.00354,29262.926383,0.057,1
2026-08-12,17:35:59,0.603327,0.562686,0.00354,29262.929923,0.057,1
2026-08-12,17:36:00,0.603327,0.562686,0.00354,29262.933463,0.057,1
2026-08-12,17:36:01,0.185145,0.562686,0.00354,29262.933463,0.057,1
2026-08-12,17:36:01,0.308253,0.562686,0.00354,29262.937003,0.057,1
2026-08-12,17:36:02,0.349396,0.562686,0.00354,29262.940543,0.057,1
2026-08-12,17:36:03,0.549648,0.551757,0.00354,29262.940543,0.057,1
2026-08-12,17:36:03,0.549648,0.551757,0.00348,29262.944083,0.057,1
2026-08-12,17:36:04,0.252358,0.551757,0.00348,29262.947563,0.057,1
2026-08-12,17:36:05,0.290226,0.551757,0.00348,29262.947563,0.057,1
2026-08-12,17:36:05,0.435339,0.527662,0.00332,29262.951043,0.057,1
2026-08-12,17:36:06,0.559398,0.516779,0.00332,29262.954363,0.057,1
2026-08-12,17:36:07,0.559398,0.516779,0.00325,29262.954363,0.057,1
2026-08-12,17:36:07,0.538668,0.508001,0.0032,29262.957613,0.057,1
2026-08-12,17:36:08,0.303507,0.508001,0.0032,29262.960813,0.057,1
2026-08-12,17:36:09,0.559722,0.510487,0.00322,29262.960813,0.057,1
2026-08-12,17:36:09,0.559722,0.510487,0.00322,29262.964033,0.057,1
2026-08-12,17:36:10,0.081663,0.510487,0.00322,29262.967253,0.057,1
2026-08-12,17:36:11,0.33222,0.510487,0.00322,29262.967253,0.057,1
2026-08-12,17:36:11,0.540385,0.51104,0.00322,29262.970473,0.057,1
2026-08-12,17:36:12,0.394572,0.502065,0.00322,29262.973693,0.057,1
2026-08-12,17:36:13,0.394572,0.502065,0.00316,29262.973693,0.057,1
2026-08-12,17:36:13,0.33222,0.488961,0.00316,29262.976853,0.057,1
2026-08-12,17:36:14,0.402366,0.472343,0.00297,29262.979823,0.057,1
2026-08-12,17:36:15,0.228625,0.472343,0.00297,29262.979823,0.057,1
2026-08-12,17:36:15,0.228625,0.472343,0.00297,29262.982793,0.057,1
2026-08-12,17:36:16,0.269868,0.472343,0.00297,29262.985763,0.057,1
2026-08-12,17:36:17,0.198423,0.472343,0.00297,29262.985763,0.057,1
2026-08-12,17:36:17,0.228625,0.472343,0.00297,29262.988733,0.057,1
2026-08-12,17:36:18,0.228625,0.472343,0.00297,29262.991703,0.057,1
2026-08-12,17:36:19,0.228625,0.472343,0.00297,29262.991703,0.057,1
2026-08-12,17:36:19,0.301044,0.472343,0.00297,29262.994673,0.057,1
2026-08-12,17:36:20,0.581629,0.489395,0.00308,29262.997753,0.057,1
2026-08-12,17:36:21,0.527495,0.487179,0.00307,29262.997753,0.057,1
2026-08-12,17:36:21,0.527495,0.483001,0.00307,29263.000823,0.057,1
2026-08-12,17:36:22,0.393554,0.483001,0.00304,29263.003863,0.057,1
2026-08-12,17:36:23,0.435339,0.470595,0.00296,29263.003863,0.057,1
2026-08-12,17:36:23,0.621589,0.470595,0.00296,29263.006823,0.057,1
2026-08-12,17:36:24,0.518261,0.470595,0.00296,29263.009783,0.057,1
2026-08-12,17:36:25,0.518261,0.470595,0.00296,29263.009783,0.057,1
2026-08-12,17:36:25,0.435339,0.470595,0.00296,29263.012743,0.057,1
2026-08-12,17:36:26,0.518261,0.470595,0.00296,29263.015703,0.057,1
2026-08-12,17:36:27,0.476476,0.470595,0.00296,29263.015703,0.057,1
2026-08-12,17:36:27,0.476476,0.470595,0.00296,29263.018663,0.057,1
2026-08-12,17:36:28,0.559722,0.470595,0.00296,29263.021623,0.057,1
2026-08-12,17:36:29,0.538668,0.470595,0.00296,29263.021623,0.057,1
2026-08-12,17:36:29,0.267638,0.470595,0.00296,29263.024583,0.057,1
2026-08-12,17:36:30,0.267638,0.470595,0.00296,29263.027543,0.057,1
2026-08-12,17:36:31,0.106411,0.470595,0.00296,29263.027543,0.057,1
2026-08-12,17:36:31,0.232618,0.470595,0.00296,29263.030503,0.057,1
2026-08-12,17:36:32,0.124063,0.470595,0.00296,29263.033463,0.057,1
2026-08-12,17:36:33,0.392866,0.456015,0.00296,29263.033463,0.057,1
2026-08-12,17:36:33,0.392866,0.456015,0.00287,29263.036333,0.057,1
2026-08-12,17:36:34,0.558284,0.456015,0.00287,29263.039203,0.057,1
2026-08-12,17:36:35,0.351189,0.435162,0.00287,29263.039203,0.057,1
2026-08-12,17:36:35,0.304385,0.411562,0.00274,29263.041943,0.057,1
2026-08-12,17:36:36,0.304385,0.398916,0.00251,29263.044453,0.057,1
2026-08-12,17:36:37,0.268115,0.398916,0.00251,29263.044453,0.057,1
2026-08-12,17:36:37,0.288739,0.394568,0.00248,29263.046933,0.057,1
2026-08-12,17:36:38,0.350612,0.389392,0.00245,29263.049383,0.057,1
2026-08-12,17:36:39,0.184007,0.389392,0.00245,29263.049383,0.057,1
2026-08-12,17:36:39,0.184007,0.37454,0.00245,29263.051833,0.057,1
2026-08-12,17:36:40,0.433109,0.37454,0.00236,29263.054193,0.057,1
2026-08-12,17:36:41,0.230416,0.37454,0.00236,29263.054193,0.057,1
2026-08-12,17:36:41,0.251036,0.37454,0.00236,29263.056553,0.057,1
2026-08-12,17:36:42,0.230416,0.37454,0.00236,29263.058913,0.057,1
2026-08-12,17:36:43,0.230416,0.37454,0.00236,29263.058913,0.057,1
2026-08-12,17:36:43,0.167248,0.37454,0.00236,29263.061273,0.057,1
2026-08-12,17:36:44,0.553457,0.37454,0.00236,29263.063633,0.057,1
2026-08-12,17:36:45,0.125354,0.37454,0.00236,29263.063633,0.057,1
2026-08-12,17:36:45,0.125354,0.357401,0.00236,29263.065993,0.057,1
2026-08-12,17:36:46,0.356098,0.357401,0.00236,29263.068353,0.057,1
2026-08-12,17:36:47,0.544293,0.357401,0.00225,29263.068353,0.057,1
2026-08-12,17:36:47,0.143028,0.357401,0.00225,29263.070603,0.057,1
2026-08-12,17:36:48,0.509272,0.357401,0.00225,29263.072853,0.057,1
2026-08-12,17:36:49,0.509272,0.357401,0.00225,29263.072853,0.057,1
2026-08-12,17:36:49,0.144047,0.357401,0.00225,29263.075103,0.057,1
2026-08-12,17:36:50,0.435042,0.361549,0.00225,29263.077353,0.057,1
2026-08-12,17:36:51,0.267793,0.361549,0.00228,29263.077353,0.057,1
2026-08-12,17:36:51,0.267793,0.361549,0.00228,29263.079633,0.057,1
2026-08-12,17:36:52,0.267793,0.361549,0.00228,29263.081913,0.057,1
2026-08-12,17:36:53,0.53623,0.361549,0.00228,29263.081913,0.057,1
2026-08-12,17:36:53,0.515606,0.361549,0.00228,29263.084193,0.057,1
2026-08-12,17:36:54,0.544293,0.361549,0.00228,29263.086473,0.057,1
2026-08-12,17:36:55,0.544293,0.361549,0.00228,29263.086473,0.057,1
2026-08-12,17:36:55,0.356098,0.353625,0.00223,29263.088753,0.057,1
2026-08-12,17:36:56,0.205716,0.353625,0.00223,29263.090983,0.057,1
2026-08-12,17:36:57,0.39054,0.353393,0.00222,29263.090983,0.057,1
2026-08-12,17:36:57,0.576006,0.353393,0.00222,29263.093203,0.057,1
2026-08-12,17:36:58,0.576006,0.353393,0.00222,29263.095423,0.057,1
2026-08-12,17:36:59,0.534862,0.353393,0.00222,29263.095423,0.057,1
2026-08-12,17:36:59,0.186109,0.353393,0.00222,29263.097643,0.057,1
2026-08-12,17:37:00,0.628408,0.353393,0.00222,29263.099863,0.057,1
2026-08-12,17:37:01,0.628408,0.353393,0.00222,29263.099863,0.057,1
2026-08-12,17:37:01,0.083788,0.353393,0.00222,29263.102083,0.057,1
2026-08-12,17:37:02,0.271983,0.345472,0.00217,29263.104253,0.057,1
2026-08-12,17:37:03,0.691576,0.345472,0.00217,29263.104253,0.057,1
2026-08-12,17:37:03,0.293257,0.344359,0.00217,29263.106423,0.057,1
2026-08-12,17:37:04,0.293257,0.344359,0.00217,29263.108593,0.057,1
2026-08-12,17:37:05,0.555113,0.344359,0.00217,29263.108593,0.057,1
2026-08-12,17:37:05,0.146301,0.344359,0.00217,29263.110763,0.057,1
2026-08-12,17:37:06,0.308574,0.348405,0.00217,29263.112933,0.057,1
2026-08-12,17:37:07,0.308574,0.348405,0.00219,29263.112933,0.057,1
2026-08-12,17:37:07,0.184823,0.348405,0.00219,29263.115123,0.057,1
2026-08-12,17:37:08,0.184823,0.348405,0.00219,29263.117313,0.057,1
2026-08-12,17:37:09,0.555434,0.348405,0.00219,29263.117313,0.057,1
2026-08-12,17:37:09,0.576006,0.348405,0.00219,29263.119503,0.057,1
2026-08-12,17:37:10,0.576006,0.348405,0.00219,29263.121693,0.057,1
2026-08-12,17:37:11,0.586514,0.348405,0.00219,29263.121693,0.057,1
2026-08-12,17:37:11,0.355771,0.355108,0.00219,29263.123883,0.057,1
2026-08-12,17:37:12,0.226544,0.355108,0.00224,29263.126123,0.057,1
2026-08-12,17:37:13,0.53623,0.355108,0.00224,29263.126123,0.057,1
2026-08-12,17:37:13,0.53623,0.355108,0.00224,29263.128363,0.057,1
2026-08-12,17:37:14,0.618727,0.355108,0.00224,29263.130603,0.057,1
2026-08-12,17:37:15,0.329988,0.353046,0.00222,29263.130603,0.057,1
2026-08-12,17:37:15,0.453733,0.353046,0.00222,29263.132823,0.057,1
2026-08-12,17:37:16,0.453733,0.336514,0.00222,29263.135043,0.057,1
2026-08-12,17:37:17,0.267793,0.336514,0.00212,29263.135043,0.057,1
2026-08-12,17:37:17,0.53623,0.336514,0.00212,29263.137163,0.057,1
2026-08-12,17:37:18,0.649355,0.336514,0.00212,29263.139283,0.057,1
2026-08-12,17:37:19,0.411111,0.342016,0.00212,29263.139283,0.057,1
2026-08-12,17:37:19,0.411111,0.342016,0.00215,29263.141433,0.057,1
2026-08-12,17:37:20,0.56572,0.342016,0.00215,29263.143583,0.057,1
2026-08-12,17:37:21,0.432004,0.342016,0.00215,29263.143583,0.057,1
2026-08-12,17:37:21,0.432004,0.342016,0.00215,29263.145733,0.057,1
2026-08-12,17:37:22,0.205395,0.342016,0.00215,29263.147883,0.057,1
2026-08-12,17:37:23,0.205395,0.342016,0.00215,29263.147883,0.057,1
2026-08-12,17:37:23,0.26261,0.342016,0.00215,29263.150033,0.057,1
2026-08-12,17:37:24,0.14368,0.342016,0.00215,29263.152183,0.057,1
2026-08-12,17:37:25,0.168129,0.342016,0.00215,29263.152183,0.057,1
2026-08-12,17:37:25,0.168129,0.342016,0.00215,29263.154333,0.057,1
2026-08-12,17:37:26,0.522695,0.342016,0.00215,29263.156483,0.057,1
2026-08-12,17:37:27,0.206242,0.342016,0.00215,29263.156483,0.057,1
2026-08-12,17:37:27,0.494982,0.342016,0.00215,29263.158633,0.057,1
2026-08-12,17:37:28,0.243762,0.322888,0.00203,29263.160663,0.057,1
2026-08-12,17:37:29,0.243762,0.322888,0.00203,29263.160663,0.057,1
2026-08-12,17:37:29,0.202818,0.30756,0.00194,29263.162603,0.057,1
2026-08-12,17:37:30,0.548465,0.30756,0.00194,29263.164543,0.057,1
2026-08-12,17:37:31,0.330512,0.301557,0.00194,29263.164543,0.057,1
2026-08-12,17:37:31,0.330512,0.303307,0.0019,29263.166443,0.057,1
2026-08-12,17:37:32,0.28948,0.303307,0.00191,29263.168353,0.057,1
2026-08-12,17:37:33,0.454898,0.303307,0.00191,29263.168353,0.057,1
2026-08-12,17:37:33,0.50756,0.303307,0.00191,29263.170263,0.057,1
2026-08-12,17:37:34,0.210019,0.303307,0.00191,29263.172173,0.057,1
2026-08-12,17:37:35,0.210019,0.303307,0.00191,29263.172173,0.057,1
2026-08-12,17:37:35,0.41322,0.303307,0.00191,29263.174083,0.057,1
2026-08-12,17:37:36,0.103386,0.303307,0.00191,29263.175993,0.057,1
2026-08-12,17:37:37,0.351512,0.309132,0.00191,29263.175993,0.057,1
2026-08-12,17:37:37,0.211941,0.309132,0.00195,29263.177903,0.057,1
2026-08-12,17:37:38,0.211941,0.309132,0.00195,29263.179853,0.057,1
2026-08-12,17:37:39,0.144417,0.309132,0.00195,29263.179853,0.057,1
2026-08-12,17:37:39,0.578638,0.309132,0.00195,29263.181803,0.057,1
2026-08-12,17:37:40,0.227126,0.300987,0.00195,29263.183753,0.057,1
2026-08-12,17:37:41,0.227126,0.29268,0.00189,29263.183753,0.057,1
2026-08-12,17:37:41,0.272697,0.29268,0.00184,29263.185643,0.057,1
2026-08-12,17:37:42,0.246538,0.284335,0.00184,29263.187483,0.057,1
2026-08-12,17:37:43,0.472826,0.284335,0.00179,29263.187483,0.057,1
2026-08-12,17:37:43,0.472826,0.284335,0.00179,29263.189273,0.057,1
2026-08-12,17:37:44,0.472826,0.284335,0.00179,29263.191063,0.057,1
2026-08-12,17:37:45,0.551898,0.284335,0.00179,29263.191063,0.057,1
2026-08-12,17:37:45,0.626442,0.284335,0.00179,29263.192853,0.057,1
2026-08-12,17:37:46,0.564092,0.284335,0.00179,29263.194643,0.057,1
2026-08-12,17:37:47,0.564092,0.284335,0.00179,29263.194643,0.057,1
2026-08-12,17:37:47,0.480523,0.284335,0.00179,29263.196433,0.057,1
2026-08-12,17:37:48,0.592058,0.284335,0.00179,29263.198223,0.057,1
2026-08-12,17:37:49,0.510395,0.284335,0.00179,29263.198223,0.057,1
2026-08-12,17:37:49,0.310957,0.288651,0.00179,29263.200013,0.057,1
2026-08-12,17:37:50,0.310957,0.288651,0.00182,29263.201833,0.057,1
2026-08-12,17:37:51,0.352094,0.282749,0.00178,29263.201833,0.057,1
2026-08-12,17:37:51,0.331687,0.291542,0.00178,29263.203613,0.057,1
2026-08-12,17:37:52,0.559722,0.291542,0.00183,29263.205443,0.057,1
2026-08-12,17:37:53,0.559722,0.291542,0.00183,29263.205443,0.057,1
2026-08-12,17:37:53,0.596324,0.291542,0.00183,29263.207273,0.057,1
2026-08-12,17:37:54,0.518261,0.291542,0.00183,29263.209103,0.057,1
2026-08-12,17:37:55,0.269172,0.298177,0.00188,29263.209103,0.057,1
2026-08-12,17:37:55,0.269172,0.298177,0.00188,29263.210983,0.057,1
2026-08-12,17:37:56,0.105596,0.298177,0.00188,29263.212863,0.057,1
2026-08-12,17:37:57,0.372824,0.302409,0.0019,29263.212863,0.057,1
2026-08-12,17:37:57,0.310957,0.304556,0.0019,29263.214763,0.057,1
2026-08-12,17:37:58,0.621589,0.304556,0.00192,29263.216683,0.057,1
2026-08-12,17:37:59,0.621589,0.304556,0.00192,29263.216683,0.057,1
2026-08-12,17:37:59,0.100413,0.304556,0.00192,29263.218603,0.057,1
2026-08-12,17:38:00,0.269496,0.296355,0.00186,29263.218603,0.057,1
2026-08-12,17:38:01,0.331687,0.306811,0.00193,29263.220463,0.057,1
2026-08-12,17:38:01,0.331687,0.31475,0.00193,29263.222393,0.057,1
2026-08-12,17:38:02,0.352094,0.31475,0.00198,29263.222393,0.057,1
2026-08-12,17:38:03,0.538991,0.31475,0.00198,29263.224373,0.057,1
2026-08-12,17:38:03,0.553244,0.31475,0.00198,29263.226353,0.057,1
2026-08-12,17:38:04,0.60345,0.31475,0.00198,29263.226353,0.057,1
2026-08-12,17:38:05,0.60345,0.31475,0.00198,29263.228333,0.057,1
2026-08-12,17:38:05,0.621589,0.31475,0.00198,29263.230313,0.057,1
2026-08-12,17:38:06,0.580452,0.31475,0.00198,29263.230313,0.057,1
2026-08-12,17:38:07,0.435015,0.31475,0.00198,29263.232293,0.057,1
2026-08-12,17:38:07,0.435015,0.31475,0.00198,29263.234273,0.057,1
2026-08-12,17:38:08,0.473561,0.31475,0.00198,29263.234273,0.057,1
2026-08-12,17:38:09,0.331687,0.31475,0.00198,29263.236253,0.057,1
2026-08-12,17:38:09,0.4768,0.31475,0.00198,29263.238233,0.057,1
2026-08-12,17:38:10,0.4768,0.31475,0.00198,29263.238233,0.057,1
2026-08-12,17:38:11,0.538991,0.31475,0.00198,29263.240213,0.057,1
2026-08-12,17:38:11,0.435339,0.31475,0.00198,29263.242193,0.057,1
2026-08-12,17:38:12,0.16552,0.31475,0.00198,29263.242193,0.057,1
2026-08-12,17:38:13,0.16552,0.31475,0.00198,29263.244173,0.057,1
2026-08-12,17:38:13,0.48425,0.31475,0.00198,29263.246153,0.057,1
2026-08-12,17:38:14,0.4768,0.31475,0.00198,29263.246153,0.057,1
2026-08-12,17:38:15,0.538668,0.31475,0.00198,29263.248133,0.057,1
2026-08-12,17:38:15,0.606365,0.31475,0.00198,29263.250113,0.057,1
2026-08-12,17:38:16,0.606365,0.31475,0.00198,29263.250113,0.057,1
2026-08-12,17:38:17,0.189165,0.31475,0.00198,29263.252093,0.057,1
2026-08-12,17:38:17,0.228035,0.31475,0.00198,29263.254073,0.057,1
2026-08-12,17:38:18,0.621589,0.31475,0.00198,29263.254073,0.057,1
2026-08-12,17:38:19,0.559398,0.31475,0.00198,29263.256053,0.057,1
2026-08-12,17:38:19,0.559398,0.31475,0.00198,29263.258033,0.057,1
2026-08-12,17:38:20,0.228035,0.3129,0.00198,29263.258033,0.057,1
2026-08-12,17:38:21,0.580452,0.3129,0.00197,29263.260003,0.057,1
2026-08-12,17:38:21,0.310957,0.3129,0.00197,29263.261973,0.057,1
2026-08-12,17:38:22,0.310957,0.3129,0.00197,29263.261973,0.057,1
2026-08-12,17:38:23,0.414609,0.3129,0.00197,29263.263943,0.057,1
2026-08-12,17:38:23,0.249737,0.302664,0.0019,29263.265843,0.057,1
2026-08-12,17:38:24,0.512754,0.302664,0.0019,29263.265843,0.057,1
2026-08-12,17:38:25,0.209248,0.302664,0.0019,29263.267743,0.057,1
2026-08-12,17:38:25,0.209248,0.302664,0.0019,29263.269643,0.057,1
2026-08-12,17:38:26,0.103652,0.302664,0.0019,29263.269643,0.057,1
2026-08-12,17:38:27,0.310633,0.300559,0.00189,29263.271543,0.057,1
2026-08-12,17:38:27,0.372824,0.310924,0.00196,29263.273433,0.057,1
2026-08-12,17:38:28,0.372824,0.306778,0.00196,29263.273433,0.057,1
2026-08-12,17:38:29,0.331363,0.306778,0.00193,29263.275393,0.057,1
2026-08-12,17:38:29,0.559722,0.306778,0.00193,29263.277323,0.057,1
2026-08-12,17:38:30,0.497531,0.306778,0.00193,29263.277323,0.057,1
2026-08-12,17:38:31,0.497531,0.306778,0.00193,29263.279253,0.057,1
2026-08-12,17:38:31,0.497531,0.306778,0.00193,29263.281183,0.057,1
2026-08-12,17:38:32,0.538668,0.306778,0.00193,29263.281183,0.057,1
2026-08-12,17:38:33,0.538668,0.306778,0.00193,29263.283113,0.057,1
2026-08-12,17:38:33,0.497207,0.306778,0.00193,29263.285043,0.057,1
2026-08-12,17:38:34,0.497207,0.306778,0.00193,29263.285043,0.057,1
2026-08-12,17:38:35,0.596,0.306778,0.00193,29263.286973,0.057,1
2026-08-12,17:38:35,0.414285,0.306778,0.00193,29263.288903,0.057,1
2026-08-12,17:38:36,0.538991,0.306778,0.00193,29263.288903,0.057,1
2026-08-12,17:38:37,0.538991,0.306778,0.00193,29263.290833,0.057,1
2026-08-12,17:38:37,0.51405,0.306778,0.00193,29263.292763,0.057,1
2026-08-12,17:38:38,0.082922,0.306778,0.00193,29263.292763,0.057,1
2026-08-12,17:38:39,0.160661,0.306778,0.00193,29263.294693,0.057,1
2026-08-12,17:38:39,0.621589,0.306778,0.00193,29263.296623,0.057,1
2026-08-12,17:38:40,0.621589,0.306778,0.00193,29263.296623,0.057,1
2026-08-12,17:38:41,0.168458,0.306778,0.00193,29263.298553,0.057,1
2026-08-12,17:38:41,0.315859,0.307268,0.00193,29263.300483,0.057,1
2026-08-12,17:38:42,0.144789,0.307268,0.00193,29263.300483,0.057,1
2026-08-12,17:38:43,0.144789,0.311414,0.00196,29263.302413,0.057,1
2026-08-12,17:38:43,0.310957,0.311414,0.00196,29263.304373,0.057,1
2026-08-12,17:38:44,0.269496,0.305195,0.00192,29263.304373,0.057,1
2026-08-12,17:38:45,0.448828,0.305195,0.00192,29263.306293,0.057,1
2026-08-12,17:38:45,0.265086,0.296495,0.00192,29263.308213,0.057,1
2026-08-12,17:38:46,0.265086,0.296495,0.00187,29263.308213,0.057,1
2026-08-12,17:38:47,0.612474,0.296495,0.00187,29263.310083,0.057,1
2026-08-12,17:38:47,0.407997,0.296495,0.00187,29263.311953,0.057,1
2026-08-12,17:38:48,0.376718,0.296495,0.00187,29263.311953,0.057,1
2026-08-12,17:38:49,0.376718,0.296495,0.00187,29263.313823,0.057,1
2026-08-12,17:38:49,0.63417,0.296495,0.00187,29263.315693,0.057,1
2026-08-12,17:38:50,0.44037,0.296495,0.00187,29263.315693,0.057,1
2026-08-12,17:38:50,0.41752,0.296495,0.00187,29263.317563,0.057,1
2026-08-12,17:38:51,0.41752,0.296495,0.00187,29263.319433,0.057,1
2026-08-12,17:38:52,0.647661,0.296495,0.00187,29263.319433,0.057,1
2026-08-12,17:38:52,0.60555,0.296495,0.00187,29263.321303,0.057,1
2026-08-12,17:38:53,0.616827,0.296495,0.00187,29263.323173,0.057,1
2026-08-12,17:38:54,0.584984,0.296495,0.00187,29263.323173,0.057,1
2026-08-12,17:38:54,0.584984,0.296495,0.00187,29263.325043,0.057,1
2026-08-12,17:38:55,0.369968,0.310688,0.00195,29263.326993,0.057,1
2026-08-12,17:38:56,0.082287,0.310688,0.00195,29263.326993,0.057,1
2026-08-12,17:38:56,0.549327,0.310688,0.00195,29263.328943,0.057,1
2026-08-12,17:38:57,0.549327,0.310688,0.00195,29263.330893,0.057,1
2026-08-12,17:38:58,0.164573,0.310688,0.00195,29263.330893,0.057,1
2026-08-12,17:38:58,0.370289,0.316621,0.00199,29263.332883,0.057,1
2026-08-12,17:38:59,0.14368,0.316621,0.00199,29263.334873,0.057,1
2026-08-12,17:39:00,0.595438,0.316621,0.00199,29263.334873,0.057,1
2026-08-12,17:39:00,0.595438,0.316621,0.00199,29263.336863,0.057,1
2026-08-12,17:39:01,0.62973,0.316621,0.00199,29263.338853,0.057,1
2026-08-12,17:39:02,0.308574,0.322505,0.00199,29263.338853,0.057,1
2026-08-12,17:39:02,0.210019,0.322505,0.00203,29263.340883,0.057,1
2026-08-12,17:39:03,0.210019,0.322505,0.00203,29263.342913,0.057,1
2026-08-12,17:39:04,0.519837,0.322505,0.00203,29263.342913,0.057,1
2026-08-12,17:39:04,0.309834,0.322425,0.00203,29263.344943,0.057,1
2026-08-12,17:39:05,0.578961,0.322425,0.00203,29263.346973,0.057,1
2026-08-12,17:39:06,0.247803,0.309923,0.00203,29263.346973,0.057,1
2026-08-12,17:39:06,0.247803,0.309923,0.00195,29263.348923,0.057,1
2026-08-12,17:39:07,0.124063,0.309923,0.00195,29263.350873,0.057,1
2026-08-12,17:39:08,0.578638,0.309923,0.00195,29263.350873,0.057,1
2026-08-12,17:39:08,0.26848,0.303635,0.00191,29263.352783,0.057,1
2026-08-12,17:39:09,0.289157,0.300965,0.00189,29263.354673,0.057,1
2026-08-12,17:39:10,0.289157,0.300965,0.00189,29263.354673,0.057,1
2026-08-12,17:39:10,0.475252,0.300965,0.00189,29263.356563,0.057,1
2026-08-12,17:39:11,0.371866,0.300965,0.00189,29263.358453,0.057,1
2026-08-12,17:39:12,0.495929,0.300965,0.00189,29263.358453,0.057,1
2026-08-12,17:39:12,0.495929,0.300965,0.00189,29263.360343,0.057,1
2026-08-12,17:39:13,0.599638,0.300965,0.00189,29263.362233,0.057,1
2026-08-12,17:39:14,0.351512,0.30502,0.00192,29263.362233,0.057,1
2026-08-12,17:39:14,0.273025,0.305373,0.00192,29263.364153,0.057,1
2026-08-12,17:39:15,0.474035,0.305373,0.00192,29263.366073,0.057,1
2026-08-12,17:39:16,0.474035,0.305373,0.00192,29263.366073,0.057,1
2026-08-12,17:39:16,0.329665,0.311831,0.00196,29263.367993,0.057,1
2026-08-12,17:39:17,0.178206,0.311831,0.00196,29263.369953,0.057,1
2026-08-12,17:39:18,0.494982,0.311831,0.00196,29263.369953,0.057,1
2026-08-12,17:39:18,0.515606,0.311831,0.00196,29263.371913,0.057,1
2026-08-12,17:39:19,0.515606,0.311831,0.00196,29263.373873,0.057,1
2026-08-12,17:39:20,0.242979,0.299132,0.00188,29263.373873,0.057,1
2026-08-12,17:39:20,0.127361,0.299132,0.00188,29263.375753,0.057,1
2026-08-12,17:39:21,0.584984,0.299132,0.00188,29263.377633,0.057,1
2026-08-12,17:39:22,0.584984,0.299132,0.00188,29263.377633,0.057,1
2026-08-12,17:39:22,0.612155,0.299132,0.00188,29263.379513,0.057,1
2026-08-12,17:39:23,0.29293,0.291396,0.00188,29263.381393,0.057,1
2026-08-12,17:39:24,0.563,0.291396,0.00183,29263.381393,0.057,1
2026-08-12,17:39:24,0.299134,0.290452,0.00183,29263.383223,0.057,1
2026-08-12,17:39:25,0.299134,0.290452,0.00183,29263.385053,0.057,1
2026-08-12,17:39:26,0.410387,0.290452,0.00183,29263.385053,0.057,1
2026-08-12,17:39:26,0.30747,0.290452,0.00183,29263.386883,0.057,1
2026-08-12,17:39:27,0.533183,0.290452,0.00183,29263.388713,0.057,1
2026-08-12,17:39:28,0.533183,0.290452,0.00183,29263.388713,0.057,1
2026-08-12,17:39:28,0.570051,0.290452,0.00183,29263.390543,0.057,1
2026-08-12,17:39:29,0.432787,0.290452,0.00183,29263.392373,0.057,1
2026-08-12,17:39:30,0.35029,0.290452,0.00183,29263.392373,0.057,1
2026-08-12,17:39:30,0.247491,0.290452,0.00183,29263.394203,0.057,1
2026-08-12,17:39:31,0.247491,0.290452,0.00183,29263.396033,0.057,1
2026-08-12,17:39:32,0.226544,0.290452,0.00183,29263.396033,0.057,1
2026-08-12,17:39:32,0.613571,0.290452,0.00183,29263.397863,0.057,1
2026-08-12,17:39:33,0.547489,0.290452,0.00183,29263.399693,0.057,1
2026-08-12,17:39:34,0.189187,0.290452,0.00183,29263.399693,0.057,1
2026-08-12,17:39:34,0.189187,0.290452,0.00183,29263.401523,0.057,1
2026-08-12,17:39:35,0.189187,0.290452,0.00183,29263.403353,0.057,1
2026-08-12,17:39:36,0.603423,0.290452,0.00183,29263.403353,0.057,1
2026-08-12,17:39:36,0.328448,0.292313,0.00183,29263.405183,0.057,1
2026-08-12,17:39:37,0.328448,0.292313,0.00184,29263.407023,0.057,1
2026-08-12,17:39:38,0.124059,0.292313,0.00184,29263.407023,0.057,1
2026-08-12,17:39:38,0.373545,0.304888,0.00184,29263.408863,0.057,1
2026-08-12,17:39:39,0.386104,0.31665,0.00199,29263.410853,0.057,1
2026-08-12,17:39:40,0.505628,0.31665,0.00199,29263.410853,0.057,1
2026-08-12,17:39:40,0.505628,0.31665,0.00199,29263.412843,0.057,1
2026-08-12,17:39:41,0.309013,0.318636,0.00201,29263.414853,0.057,1
2026-08-12,17:39:42,0.318083,0.315293,0.00198,29263.414853,0.057,1
2026-08-12,17:39:42,0.621913,0.315293,0.00198,29263.416833,0.057,1
2026-08-12,17:39:43,0.621913,0.315293,0.00198,29263.418813,0.057,1
2026-08-12,17:39:44,0.188841,0.315293,0.002,29263.418813,0.057,1
2026-08-12,17:39:44,0.306237,0.318614,0.002,29263.420813,0.057,1
2026-08-12,17:39:45,0.163007,0.318614,0.002,29263.422813,0.057,1
2026-08-12,17:39:46,0.147401,0.318614,0.002,29263.422813,0.057,1
2026-08-12,17:39:46,0.147401,0.308451,0.002,29263.424813,0.057,1
2026-08-12,17:39:47,0.228035,0.308451,0.00194,29263.426753,0.057,1
2026-08-12,17:39:48,0.559398,0.308451,0.00194,29263.426753,0.057,1
2026-08-12,17:39:48,0.538991,0.308451,0.00194,29263.428693,0.057,1
2026-08-12,17:39:49,0.393878,0.308451,0.00194,29263.430633,0.057,1
2026-08-12,17:39:50,0.393878,0.308451,0.00194,29263.430633,0.057,1
2026-08-12,17:39:50,0.186574,0.308451,0.00194,29263.432573,0.057,1
2026-08-12,17:39:51,0.435015,0.308451,0.00194,29263.434513,0.057,1
2026-08-12,17:39:52,0.393554,0.308451,0.00194,29263.434513,0.057,1
2026-08-12,17:39:52,0.393554,0.308563,0.00194,29263.436453,0.057,1
2026-08-12,17:39:53,0.244106,0.308563,0.00194,29263.438393,0.057,1
2026-08-12,17:39:54,0.516988,0.308563,0.00194,29263.438393,0.057,1
2026-08-12,17:39:54,0.578961,0.308563,0.00194,29263.440333,0.057,1
2026-08-12,17:39:55,0.496252,0.308563,0.00194,29263.442273,0.057,1
2026-08-12,17:39:56,0.496252,0.308563,0.00194,29263.442273,0.057,1
2026-08-12,17:39:56,0.640669,0.308563,0.00194,29263.444213,0.057,1
2026-08-12,17:39:57,0.496252,0.308563,0.00194,29263.446153,0.057,1
2026-08-12,17:39:58,0.26848,0.306118,0.00194,29263.446153,0.057,1
2026-08-12,17:39:58,0.26848,0.306118,0.00193,29263.448083,0.057,1
2026-08-12,17:39:59,0.578961,0.306118,0.00193,29263.450013,0.057,1
2026-08-12,17:40:00,0.585429,0.306118,0.00193,29263.450013,0.057,1
2026-08-12,17:40:00,0.359313,0.312136,0.00196,29263.451973,0.057,1
2026-08-12,17:40:01,0.359313,0.318445,0.00196,29263.453973,0.057,1
2026-08-12,17:40:02,0.391538,0.318445,0.002,29263.453973,0.057,1
2026-08-12,17:40:02,0.268115,0.318445,0.002,29263.455973,0.057,1
2026-08-12,17:40:03,0.14437,0.318445,0.002,29263.457973,0.057,1
2026-08-12,17:40:04,0.14437,0.318445,0.002,29263.457973,0.057,1
2026-08-12,17:40:04,0.556854,0.318445,0.002,29263.459973,0.057,1
2026-08-12,17:40:05,0.276816,0.308772,0.002,29263.461973,0.057,1
2026-08-12,17:40:06,0.253026,0.295465,0.00186,29263.461973,0.057,1
2026-08-12,17:40:06,0.241615,0.288725,0.00182,29263.463833,0.057,1
2026-08-12,17:40:07,0.241615,0.288725,0.00182,29263.463833,0.057,1
2026-08-12,17:40:08,0.498492,0.288725,0.00182,29263.465653,0.057,1
2026-08-12,17:40:08,0.270193,0.283936,0.00179,29263.467473,0.057,1
2026-08-12,17:40:09,0.207841,0.274096,0.00179,29263.467473,0.057,1
2026-08-12,17:40:10,0.561169,0.274096,0.00172,29263.469263,0.057,1
2026-08-12,17:40:10,0.561169,0.274096,0.00172,29263.470983,0.057,1
2026-08-12,17:40:11,0.478033,0.274096,0.00172,29263.470983,0.057,1
2026-08-12,17:40:12,0.311436,0.282436,0.00178,29263.472703,0.057,1
2026-08-12,17:40:12,0.519601,0.282436,0.00178,29263.474483,0.057,1
2026-08-12,17:40:13,0.519601,0.282436,0.00178,29263.474483,0.057,1
2026-08-12,17:40:14,0.529344,0.282436,0.00178,29263.476263,0.057,1
2026-08-12,17:40:14,0.165948,0.282436,0.00178,29263.478043,0.057,1
2026-08-12,17:40:15,0.581629,0.282436,0.00178,29263.478043,0.057,1
2026-08-12,17:40:16,0.166272,0.282436,0.00178,29263.479823,0.057,1
2026-08-12,17:40:16,0.166272,0.282436,0.00178,29263.481603,0.057,1
2026-08-12,17:40:17,0.478033,0.282436,0.00178,29263.481603,0.057,1
2026-08-12,17:40:18,0.558896,0.282436,0.00178,29263.483383,0.057,1
2026-08-12,17:40:18,0.270193,0.285045,0.00178,29263.485163,0.057,1
2026-08-12,17:40:19,0.270193,0.285045,0.00179,29263.485163,0.057,1
2026-08-12,17:40:20,0.145164,0.285045,0.00179,29263.486953,0.057,1
2026-08-12,17:40:20,0.561169,0.285045,0.00179,29263.488743,0.057,1
2026-08-12,17:40:21,0.269868,0.285184,0.00179,29263.488743,0.057,1
2026-08-12,17:40:22,0.498492,0.285184,0.00179,29263.490533,0.057,1
2026-08-12,17:40:22,0.498492,0.276239,0.00179,29263.492323,0.057,1
2026-08-12,17:40:23,0.269868,0.276239,0.00174,29263.492323,0.057,1
2026-08-12,17:40:24,0.290977,0.266183,0.00167,29263.494063,0.057,1
2026-08-12,17:40:24,0.228625,0.261364,0.00167,29263.495733,0.057,1
2026-08-12,17:40:25,0.12438,0.261364,0.00164,29263.495733,0.057,1
2026-08-12,17:40:26,0.12438,0.261364,0.00164,29263.497373,0.057,1
2026-08-12,17:40:26,0.606634,0.261364,0.00164,29263.499013,0.057,1
2026-08-12,17:40:27,0.510508,0.261364,0.00164,29263.499013,0.057,1
2026-08-12,17:40:28,0.529159,0.261364,0.00164,29263.500653,0.057,1
2026-08-12,17:40:28,0.529159,0.262979,0.00164,29263.502293,0.057,1
2026-08-12,17:40:29,0.269172,0.262979,0.00165,29263.502293,0.057,1
2026-08-12,17:40:30,0.082922,0.262979,0.00165,29263.503943,0.057,1
2026-08-12,17:40:30,0.538668,0.262979,0.00165,29263.505593,0.057,1
2026-08-12,17:40:31,0.269172,0.265734,0.00167,29263.505593,0.057,1
2026-08-12,17:40:32,0.269172,0.265734,0.00167,29263.507263,0.057,1
2026-08-12,17:40:32,0.082922,0.265734,0.00167,29263.508933,0.057,1
2026-08-12,17:40:33,0.212811,0.259996,0.00164,29263.508933,0.057,1
2026-08-12,17:40:34,0.207304,0.259942,0.00164,29263.510573,0.057,1
2026-08-12,17:40:34,0.538991,0.259942,0.00163,29263.512203,0.057,1
2026-08-12,17:40:35,0.538991,0.259942,0.00163,29263.512203,0.057,1
2026-08-12,17:40:36,0.517937,0.259942,0.00163,29263.513833,0.057,1
2026-08-12,17:40:36,0.4768,0.259942,0.00163,29263.515463,0.057,1
2026-08-12,17:40:37,0.393554,0.259942,0.00163,29263.515463,0.057,1
2026-08-12,17:40:38,0.393554,0.249497,0.00163,29263.517093,0.057,1
2026-08-12,17:40:38,0.20698,0.249497,0.00157,29263.518663,0.057,1
2026-08-12,17:40:39,0.507248,0.249497,0.00157,29263.518663,0.057,1
2026-08-12,17:40:40,0.331363,0.249497,0.00157,29263.520233,0.057,1
2026-08-12,17:40:40,0.248765,0.249497,0.00157,29263.521803,0.057,1
2026-08-12,17:40:41,0.248765,0.249497,0.00157,29263.521803,0.057,1
2026-08-12,17:40:42,0.455746,0.249497,0.00157,29263.523373,0.057,1
2026-08-12,17:40:42,0.294473,0.251925,0.00158,29263.524953,0.057,1
2026-08-12,17:40:43,0.252358,0.250174,0.00157,29263.524953,0.057,1
2026-08-12,17:40:44,0.252358,0.250174,0.00157,29263.526523,0.057,1
2026-08-12,17:40:44,0.399759,0.250174,0.00157,29263.528093,0.057,1
2026-08-12,17:40:45,0.31553,0.250174,0.00157,29263.528093,0.057,1
2026-08-12,17:40:46,0.571323,0.250174,0.00157,29263.529663,0.057,1
2026-08-12,17:40:46,0.554826,0.250174,0.00157,29263.531233,0.057,1
2026-08-12,17:40:47,0.554826,0.250174,0.00157,29263.531233,0.057,1
2026-08-12,17:40:48,0.540385,0.250174,0.00157,29263.532803,0.057,1
2026-08-12,17:40:48,0.519601,0.250174,0.00157,29263.534373,0.057,1
2026-08-12,17:40:49,0.43614,0.250174,0.00157,29263.534373,0.057,1
2026-08-12,17:40:50,0.43614,0.250174,0.00157,29263.535943,0.057,1
2026-08-12,17:40:50,0.374113,0.250174,0.00157,29263.537513,0.057,1
2026-08-12,17:40:51,0.602413,0.250174,0.00157,29263.537513,0.057,1
2026-08-12,17:40:52,0.623522,0.250174,0.00157,29263.539083,0.057,1
2026-08-12,17:40:52,0.623522,0.250174,0.00157,29263.540653,0.057,1
2026-08-12,17:40:53,0.436465,0.250174,0.00157,29263.540653,0.057,1
2026-08-12,17:40:54,0.353004,0.250174,0.00157,29263.542223,0.057,1
2026-08-12,17:40:54,0.228625,0.24605,0.00155,29263.543773,0.057,1
2026-08-12,17:40:55,0.228625,0.24605,0.00155,29263.543773,0.057,1
2026-08-12,17:40:56,0.498817,0.24605,0.00155,29263.545323,0.057,1
2026-08-12,17:40:56,0.581953,0.24605,0.00155,29263.546873,0.057,1
2026-08-12,17:40:57,0.290977,0.24605,0.00155,29263.546873,0.057,1
2026-08-12,17:40:58,0.373788,0.260566,0.00164,29263.548423,0.057,1
2026-08-12,17:40:58,0.373788,0.275217,0.00164,29263.550063,0.057,1
2026-08-12,17:40:59,0.415681,0.275217,0.00173,29263.550063,0.057,1
2026-08-12,17:41:00,0.581953,0.275217,0.00173,29263.551793,0.057,1
2026-08-12,17:41:00,0.083136,0.275217,0.00173,29263.553523,0.057,1
2026-08-12,17:41:01,0.602737,0.275217,0.00173,29263.553523,0.057,1
2026-08-12,17:41:02,0.602737,0.275217,0.00173,29263.555253,0.057,1
2026-08-12,17:41:02,0.519276,0.275217,0.00173,29263.556983,0.057,1
2026-08-12,17:41:03,0.568963,0.275217,0.00173,29263.556983,0.057,1
2026-08-12,17:41:04,0.561169,0.275217,0.00173,29263.558713,0.057,1
2026-08-12,17:41:04,0.561169,0.275217,0.00173,29263.560443,0.057,1
2026-08-12,17:41:05,0.560195,0.275217,0.00173,29263.560443,0.057,1
2026-08-12,17:41:06,0.480956,0.275217,0.00173,29263.562173,0.057,1
2026-08-12,17:41:06,0.527825,0.275217,0.00173,29263.563903,0.057,1
2026-08-12,17:41:07,0.527825,0.275217,0.00173,29263.563903,0.057,1
2026-08-12,17:41:08,0.581629,0.275217,0.00173,29263.565633,0.057,1
2026-08-12,17:41:08,0.642682,0.275217,0.00173,29263.567363,0.057,1
2026-08-12,17:41:09,0.561169,0.56066,0.00353,29263.567363,0.057,1
2026-08-12,17:41:10,0.561169,0.556179,0.0035,29263.570893,0.057,1
2026-08-12,17:41:10,0.557922,0.556179,0.0035,29263.574393,0.057,1
2026-08-12,17:41:11,0.540385,0.55829,0.00352,29263.574393,0.057,1
2026-08-12,17:41:12,0.540385,0.555432,0.0035,29263.577913,0.057,1
2026-08-12,17:41:12,0.540061,0.553321,0.0035,29263.581413,0.057,1
2026-08-12,17:41:13,0.540061,0.553321,0.00349,29263.581413,0.057,1
2026-08-12,17:41:14,0.311761,0.553321,0.00349,29263.584903,0.057,1
2026-08-12,17:41:14,0.42997,0.540298,0.00349,29263.588393,0.057,1
2026-08-12,17:41:15,0.560845,0.540298,0.0034,29263.588393,0.057,1
2026-08-12,17:41:16,0.560845,0.540298,0.0034,29263.591793,0.057,1
2026-08-12,17:41:16,0.429645,0.540298,0.0034,29263.595193,0.057,1
2026-08-12,17:41:17,0.519276,0.540298,0.0034,29263.595193,0.057,1
2026-08-12,17:41:18,0.498817,0.540298,0.0034,29263.598593,0.057,1
2026-08-12,17:41:18,0.498817,0.540298,0.0034,29263.601993,0.057,1
2026-08-12,17:41:19,0.311436,0.540298,0.0034,29263.601993,0.057,1
2026-08-12,17:41:20,0.562144,0.548417,0.0034,29263.605393,0.057,1
2026-08-12,17:41:20,0.561169,0.551752,0.00345,29263.608843,0.057,1
2026-08-12,17:41:21,0.561169,0.547432,0.00345,29263.608843,0.057,1
2026-08-12,17:41:22,0.538437,0.547432,0.00345,29263.612293,0.057,1
2026-08-12,17:41:22,0.320529,0.547432,0.00345,29263.615743,0.057,1
2026-08-12,17:41:23,0.548179,0.537982,0.00339,29263.615743,0.057,1
2026-08-12,17:41:24,0.548179,0.531747,0.00339,29263.619133,0.057,1
2026-08-12,17:41:24,0.498817,0.531747,0.00335,29263.622483,0.057,1
2026-08-12,17:41:25,0.623197,0.538274,0.00339,29263.622483,0.057,1
2026-08-12,17:41:26,0.347068,0.538274,0.00339,29263.625873,0.057,1
2026-08-12,17:41:26,0.479274,0.532163,0.00339,29263.629263,0.057,1
2026-08-12,17:41:27,0.479274,0.532163,0.00335,29263.629263,0.057,1
2026-08-12,17:41:28,0.278578,0.532163,0.00335,29263.632613,0.057,1
2026-08-12,17:41:28,0.356801,0.532163,0.00335,29263.635963,0.057,1
2026-08-12,17:41:29,0.522307,0.530355,0.00334,29263.635963,0.057,1
2026-08-12,17:41:30,0.522307,0.534815,0.00334,29263.639303,0.057,1
2026-08-12,17:41:30,0.584658,0.534815,0.00337,29263.642673,0.057,1
2026-08-12,17:41:31,0.354843,0.534815,0.00337,29263.642673,0.057,1
2026-08-12,17:41:32,0.531121,0.54493,0.00337,29263.646043,0.057,1
2026-08-12,17:41:32,0.166812,0.54493,0.00343,29263.649473,0.057,1
2026-08-12,17:41:33,0.166812,0.54493,0.00343,29263.649473,0.057,1
2026-08-12,17:41:34,0.595061,0.548222,0.00345,29263.652923,0.057,1
2026-08-12,17:41:34,0.512663,0.543372,0.00342,29263.656343,0.057,1
2026-08-12,17:41:35,0.438412,0.533369,0.00342,29263.656343,0.057,1
2026-08-12,17:41:36,0.438412,0.533369,0.00336,29263.659703,0.057,1
2026-08-12,17:41:36,0.250708,0.533369,0.00336,29263.663063,0.057,1
2026-08-12,17:41:37,0.240914,0.533369,0.00336,29263.663063,0.057,1
2026-08-12,17:41:38,0.493719,0.527923,0.00333,29263.666393,0.057,1
2026-08-12,17:41:38,0.616827,0.539724,0.0034,29263.669793,0.057,1
2026-08-12,17:41:39,0.616827,0.539724,0.0034,29263.669793,0.057,1
2026-08-12,17:41:40,0.513969,0.528801,0.00333,29263.673123,0.057,1
2026-08-12,17:41:40,0.60555,0.541429,0.00341,29263.676533,0.057,1
2026-08-12,17:41:41,0.313058,0.541429,0.00341,29263.676533,0.057,1
2026-08-12,17:41:42,0.313058,0.541429,0.00341,29263.679943,0.057,1
2026-08-12,17:41:42,0.531327,0.542331,0.00342,29263.683363,0.057,1
2026-08-12,17:41:43,0.575684,0.541433,0.00342,29263.683363,0.057,1
2026-08-12,17:41:44,0.493719,0.537693,0.00339,29263.686753,0.057,1
2026-08-12,17:41:44,0.493719,0.537693,0.00339,29263.690123,0.057,1
2026-08-12,17:41:45,0.576006,0.535788,0.00337,29263.690123,0.057,1
2026-08-12,17:41:46,0.473148,0.531836,0.00335,29263.693473,0.057,1
2026-08-12,17:41:46,0.39054,0.527049,0.00335,29263.696793,0.057,1
2026-08-12,17:41:47,0.39054,0.525924,0.00332,29263.696793,0.057,1
2026-08-12,17:41:48,0.482469,0.525924,0.00331,29263.700103,0.057,1
2026-08-12,17:41:48,0.506576,0.514899,0.00331,29263.703343,0.057,1
2026-08-12,17:41:49,0.472826,0.510785,0.00324,29263.703343,0.057,1
2026-08-12,17:41:50,0.472826,0.508848,0.0032,29263.706583,0.057,1
2026-08-12,17:41:50,0.586187,0.508848,0.0032,29263.709783,0.057,1
2026-08-12,17:41:51,0.523346,0.50805,0.0032,29263.709783,0.057,1
2026-08-12,17:41:52,0.59778,0.51026,0.00321,29263.712983,0.057,1
2026-08-12,17:41:52,0.59778,0.51026,0.00321,29263.716193,0.057,1
2026-08-12,17:41:53,0.370914,0.51026,0.00321,29263.716193,0.057,1
2026-08-12,17:41:54,0.513995,0.512287,0.00323,29263.719403,0.057,1
2026-08-12,17:41:54,0.577479,0.512435,0.00323,29263.722633,0.057,1
2026-08-12,17:41:55,0.639029,0.529023,0.00323,29263.722633,0.057,1
2026-08-12,17:41:56,0.639029,0.529023,0.00345,29263.725863,0.057,1
2026-08-12,17:41:56,0.577156,0.547684,0.00345,29263.729313,0.057,1
2026-08-12,17:41:57,0.474035,0.546841,0.00344,29263.729313,0.057,1
2026-08-12,17:41:58,0.432787,0.539462,0.0034,29263.732753,0.057,1
2026-08-12,17:41:58,0.432787,0.539462,0.0034,29263.736153,0.057,1
2026-08-12,17:41:59,0.397992,0.531979,0.00335,29263.736153,0.057,1
2026-08-12,17:42:00,0.628408,0.531979,0.00335,29263.739503,0.057,1
2026-08-12,17:42:00,0.494982,0.531979,0.00335,29263.742853,0.057,1
2026-08-12,17:42:01,0.494982,0.531979,0.00335,29263.742853,0.057,1
2026-08-12,17:42:02,0.288739,0.531979,0.00335,29263.746203,0.057,1
2026-08-12,17:42:02,0.556532,0.529013,0.00333,29263.749533,0.057,1
2026-08-12,17:42:03,0.309041,0.529013,0.00333,29263.749533,0.057,1
2026-08-12,17:42:04,0.309041,0.529013,0.00333,29263.752863,0.057,1
2026-08-12,17:42:04,0.188522,0.529013,0.00333,29263.756193,0.057,1
2026-08-12,17:42:05,0.515606,0.528239,0.00333,29263.756193,0.057,1
2026-08-12,17:42:06,0.350612,0.528239,0.00333,29263.759523,0.057,1
2026-08-12,17:42:06,0.082497,0.528239,0.00333,29263.762853,0.057,1
2026-08-12,17:42:07,0.082497,0.528239,0.00333,29263.762853,0.057,1
2026-08-12,17:42:08,0.123745,0.528239,0.00333,29263.766183,0.057,1
2026-08-12,17:42:08,0.618405,0.530301,0.00334,29263.769523,0.057,1
2026-08-12,17:42:09,0.577156,0.536618,0.00338,29263.769523,0.057,1
2026-08-12,17:42:10,0.442132,0.523083,0.00338,29263.772903,0.057,1
2026-08-12,17:42:10,0.442132,0.523083,0.00329,29263.776193,0.057,1
2026-08-12,17:42:11,0.53623,0.512803,0.00323,29263.776193,0.057,1
2026-08-12,17:42:12,0.123745,0.512803,0.00323,29263.779423,0.057,1
2026-08-12,17:42:12,0.556532,0.510741,0.00322,29263.779423,0.057,1
2026-08-12,17:42:13,0.556532,0.510741,0.00322,29263.782643,0.057,1
2026-08-12,17:42:13,0.329988,0.510741,0.00322,29263.785863,0.057,1
2026-08-12,17:42:14,0.577156,0.521053,0.00328,29263.785863,0.057,1
2026-08-12,17:42:15,0.515606,0.529335,0.00333,29263.789143,0.057,1
2026-08-12,17:42:15,0.515606,0.526627,0.00333,29263.792473,0.057,1
2026-08-12,17:42:16,0.370914,0.526627,0.00332,29263.792473,0.057,1
2026-08-12,17:42:17,0.576834,0.526627,0.00332,29263.795793,0.057,1
2026-08-12,17:42:17,0.515606,0.526627,0.00332,29263.799113,0.057,1
2026-08-12,17:42:18,0.515606,0.526627,0.00332,29263.799113,0.057,1
2026-08-12,17:42:19,0.407329,0.526627,0.00332,29263.802433,0.057,1
2026-08-12,17:42:19,0.329988,0.526627,0.00332,29263.805753,0.057,1
2026-08-12,17:42:20,0.474357,0.518409,0.00327,29263.805753,0.057,1
2026-08-12,17:42:21,0.309041,0.518409,0.00327,29263.809023,0.057,1
2026-08-12,17:42:21,0.309041,0.518409,0.00327,29263.812293,0.057,1
2026-08-12,17:42:22,0.453733,0.512222,0.00323,29263.812293,0.057,1
2026-08-12,17:42:23,0.226867,0.512222,0.00323,29263.815523,0.057,1
2026-08-12,17:42:23,0.590369,0.509419,0.00321,29263.818733,0.057,1
2026-08-12,17:42:24,0.590369,0.509419,0.00321,29263.818733,0.057,1
2026-08-12,17:42:25,0.391538,0.509419,0.00321,29263.821943,0.057,1
2026-08-12,17:42:25,0.523984,0.504101,0.00317,29263.825113,0.057,1
2026-08-12,17:42:26,0.288417,0.504101,0.00317,29263.825113,0.057,1
2026-08-12,17:42:27,0.164672,0.504101,0.00317,29263.828283,0.057,1
2026-08-12,17:42:27,0.164672,0.509386,0.00317,29263.831453,0.057,1
2026-08-12,17:42:28,0.494982,0.509386,0.00317,29263.831453,0.057,1
2026-08-12,17:42:29,0.206242,0.509386,0.00321,29263.834663,0.057,1
2026-08-12,17:42:29,0.293257,0.509386,0.00321,29263.837873,0.057,1
2026-08-12,17:42:30,0.607134,0.516477,0.00321,29263.837873,0.057,1
2026-08-12,17:42:31,0.607134,0.516477,0.00325,29263.841123,0.057,1
2026-08-12,17:42:31,0.397992,0.516477,0.00325,29263.844373,0.057,1
2026-08-12,17:42:32,0.230416,0.516477,0.00325,29263.844373,0.057,1
2026-08-12,17:42:33,0.308574,0.516477,0.00325,29263.847623,0.057,1
2026-08-12,17:42:33,0.308574,0.516477,0.00325,29263.850873,0.057,1
2026-08-12,17:42:34,0.329146,0.516477,0.00325,29263.850873,0.057,1
2026-08-12,17:42:35,0.493398,0.510163,0.00321,29263.854083,0.057,1
2026-08-12,17:42:35,0.29186,0.510163,0.00321,29263.857293,0.057,1
2026-08-12,17:42:36,0.271273,0.510163,0.00321,29263.857293,0.057,1
2026-08-12,17:42:37,0.271273,0.510163,0.00321,29263.860503,0.057,1
2026-08-12,17:42:37,0.229815,0.510163,0.00321,29263.863713,0.057,1
2026-08-12,17:42:38,0.60555,0.513003,0.00321,29263.863713,0.057,1
2026-08-12,17:42:39,0.355169,0.513003,0.00323,29263.866923,0.057,1
2026-08-12,17:42:39,0.355169,0.513003,0.00323,29263.870153,0.057,1
2026-08-12,17:42:40,0.277802,0.513003,0.00323,29263.870153,0.058,1
2026-08-12,17:42:41,0.525572,0.513999,0.00332,29263.873383,0.058,1
2026-08-12,17:42:41,0.480523,0.52496,0.00332,29263.876703,0.058,1
2026-08-12,17:42:42,0.480523,0.52649,0.0034,29263.876703,0.058,1
2026-08-12,17:42:43,0.48966,0.52649,0.00341,29263.880103,0.058,1
2026-08-12,17:42:43,0.526432,0.53376,0.00341,29263.883513,0.058,1
2026-08-12,17:42:44,0.515606,0.526284,0.0034,29263.883513,0.058,1
2026-08-12,17:42:45,0.350612,0.526284,0.0034,29263.886913,0.058,1
2026-08-12,17:42:45,0.350612,0.526284,0.0034,29263.890313,0.058,1
2026-08-12,17:42:46,0.453411,0.526284,0.0034,29263.890313,0.058,1
2026-08-12,17:42:47,0.371236,0.526284,0.0034,29263.893713,0.058,1
2026-08-12,17:42:47,0.318786,0.526284,0.0034,29263.897113,0.058,1
2026-08-12,17:42:48,0.318786,0.526284,0.0034,29263.897113,0.058,1
2026-08-12,17:42:49,0.314204,0.526284,0.0034,29263.900513,0.058,1
2026-08-12,17:42:49,0.54462,0.528348,0.0034,29263.903913,0.058,1
2026-08-12,17:42:50,0.553702,0.53422,0.00346,29263.903913,0.058,1
2026-08-12,17:42:51,0.553702,0.53182,0.00344,29263.907373,0.058,1
2026-08-12,17:42:51,0.583138,0.53182,0.00344,29263.910813,0.058,1
2026-08-12,17:42:52,0.491218,0.531602,0.00344,29263.910813,0.058,1
2026-08-12,17:42:53,0.454441,0.516491,0.00334,29263.914253,0.058,1
2026-08-12,17:42:53,0.454441,0.519196,0.00334,29263.917593,0.058,1
2026-08-12,17:42:54,0.55262,0.519196,0.00336,29263.917593,0.058,1
2026-08-12,17:42:55,0.593235,0.530467,0.00343,29263.920953,0.058,1
2026-08-12,17:42:55,0.249084,0.530467,0.00343,29263.924383,0.058,1
2026-08-12,17:42:56,0.290652,0.530467,0.00343,29263.924383,0.058,1
2026-08-12,17:42:57,0.290652,0.530467,0.00343,29263.927813,0.058,1
2026-08-12,17:42:57,0.249409,0.530467,0.00343,29263.931243,0.058,1
2026-08-12,17:42:58,0.602413,0.541743,0.0035,29263.931243,0.058,1
2026-08-12,17:42:59,0.394572,0.541743,0.0035,29263.934743,0.058,1
2026-08-12,17:42:59,0.394572,0.541743,0.0035,29263.938243,0.058,1
2026-08-12,17:43:00,0.434841,0.541743,0.0035,29263.938243,0.058,1
2026-08-12,17:43:01,0.249409,0.541743,0.0035,29263.941743,0.058,1
2026-08-12,17:43:01,0.373788,0.541743,0.0035,29263.945243,0.058,1
2026-08-12,17:43:02,0.166922,0.541743,0.0035,29263.945243,0.058,1
2026-08-12,17:43:03,0.166922,0.541743,0.0035,29263.948743,0.058,1
2026-08-12,17:43:03,0.289353,0.541743,0.0035,29263.952243,0.058,1
2026-08-12,17:43:04,0.478033,0.536903,0.00347,29263.952243,0.058,1
2026-08-12,17:43:05,0.207841,0.536903,0.00347,29263.955713,0.058,1
2026-08-12,17:43:05,0.145164,0.536903,0.00347,29263.959183,0.058,1
2026-08-12,17:43:06,0.145164,0.536903,0.00354,29263.959183,0.058,1
2026-08-12,17:43:07,0.623197,0.547662,0.00354,29263.962723,0.058,1
2026-08-12,17:43:07,0.457249,0.538925,0.00349,29263.966213,0.058,1
2026-08-12,17:43:08,0.207841,0.538925,0.00349,29263.966213,0.058,1
2026-08-12,17:43:09,0.207841,0.538925,0.00349,29263.969703,0.058,1
2026-08-12,17:43:09,0.326699,0.538925,0.00349,29263.973193,0.058,1
2026-08-12,17:43:10,0.540385,0.537593,0.00348,29263.973193,0.058,1
2026-08-12,17:43:11,0.540385,0.533318,0.00348,29263.976673,0.058,1
2026-08-12,17:43:11,0.270193,0.533318,0.00345,29263.980123,0.058,1
2026-08-12,17:43:12,0.270193,0.536708,0.00345,29263.980123,0.058,1
2026-08-12,17:43:13,0.525122,0.536708,0.00347,29263.983593,0.058,1
2026-08-12,17:43:13,0.506382,0.541902,0.00351,29263.987103,0.058,1
2026-08-12,17:43:14,0.316695,0.541902,0.00351,29263.987103,0.058,1
2026-08-12,17:43:15,0.316695,0.53213,0.00351,29263.990613,0.058,1
2026-08-12,17:43:15,0.454898,0.53213,0.00344,29263.994053,0.058,1
2026-08-12,17:43:16,0.454898,0.518296,0.00344,29263.994053,0.058,1
2026-08-12,17:43:17,0.380332,0.496088,0.00321,29263.997263,0.058,1
2026-08-12,17:43:17,0.5746,0.496088,0.00321,29264.000473,0.058,1
2026-08-12,17:43:18,0.5746,0.496088,0.00321,29264.000473,0.058,1
2026-08-12,17:43:19,0.247169,0.496088,0.00321,29264.003683,0.058,1
2026-08-12,17:43:19,0.203664,0.496088,0.00321,29264.006893,0.058,1
2026-08-12,17:43:20,0.433109,0.491596,0.00321,29264.006893,0.057,1
2026-08-12,17:43:21,0.288417,0.491596,0.0031,29264.009993,0.057,1
2026-08-12,17:43:21,0.288417,0.491596,0.0031,29264.013093,0.057,1
2026-08-12,17:43:22,0.223322,0.491596,0.0031,29264.013093,0.057,1
2026-08-12,17:43:23,0.226867,0.491596,0.0031,29264.016193,0.057,1
2026-08-12,17:43:23,0.288417,0.491596,0.0031,29264.019293,0.057,1
2026-08-12,17:43:24,0.288417,0.491596,0.0031,29264.019293,0.057,1
2026-08-12,17:43:25,0.276171,0.491596,0.0031,29264.022393,0.057,1
2026-08-12,17:43:25,0.474357,0.476712,0.003,29264.025393,0.057,1
2026-08-12,17:43:26,0.226544,0.476712,0.003,29264.025393,0.057,1
2026-08-12,17:43:27,0.268115,0.476712,0.003,29264.028393,0.057,1
2026-08-12,17:43:27,0.268115,0.476712,0.003,29264.031393,0.057,1
2026-08-12,17:43:28,0.185618,0.476712,0.003,29264.031393,0.057,1
2026-08-12,17:43:29,0.618405,0.492827,0.0031,29264.034393,0.057,1
2026-08-12,17:43:29,0.309363,0.492827,0.0031,29264.037493,0.057,1
2026-08-12,17:43:30,0.556854,0.494474,0.0031,29264.037493,0.057,1
2026-08-12,17:43:31,0.556854,0.494474,0.00311,29264.040593,0.057,1
2026-08-12,17:43:31,0.20592,0.494474,0.00311,29264.043703,0.057,1
2026-08-12,17:43:32,0.252969,0.494474,0.00311,29264.043703,0.057,1
2026-08-12,17:43:33,0.226544,0.494474,0.00311,29264.046813,0.057,1
2026-08-12,17:43:33,0.226544,0.494474,0.00311,29264.049923,0.057,1
2026-08-12,17:43:34,0.302596,0.494474,0.00311,29264.049923,0.057,1
2026-08-12,17:43:35,0.556854,0.496121,0.00312,29264.053033,0.057,1
2026-08-12,17:43:35,0.280361,0.496121,0.00312,29264.056153,0.057,1
2026-08-12,17:43:36,0.103121,0.496121,0.00312,29264.056153,0.057,1
2026-08-12,17:43:37,0.103121,0.496121,0.00301,29264.059273,0.057,1
2026-08-12,17:43:37,0.350612,0.47867,0.00301,29264.062283,0.057,1
2026-08-12,17:43:38,0.598103,0.47867,0.00301,29264.062283,0.057,1
2026-08-12,17:43:39,0.556532,0.47867,0.00301,29264.065293,0.057,1
2026-08-12,17:43:39,0.556532,0.47867,0.00301,29264.068303,0.057,1
2026-08-12,17:43:40,0.515606,0.47867,0.00301,29264.068303,0.057,1
2026-08-12,17:43:41,0.556532,0.47867,0.00301,29264.071313,0.057,1
2026-08-12,17:43:41,0.515606,0.47867,0.00301,29264.074323,0.057,1
2026-08-12,17:43:42,0.515606,0.47867,0.00301,29264.074323,0.057,1
2026-08-12,17:43:43,0.515606,0.47867,0.00301,29264.077333,0.057,1
2026-08-12,17:43:43,0.577479,0.47867,0.00301,29264.080343,0.057,1
2026-08-12,17:43:44,0.556854,0.47867,0.00301,29264.080343,0.057,1
2026-08-12,17:43:45,0.432787,0.47867,0.00301,29264.083353,0.057,1
2026-08-12,17:43:45,0.432787,0.47867,0.00301,29264.086363,0.057,1
2026-08-12,17:43:46,0.530547,0.535565,0.00337,29264.086363,0.057,1
2026-08-12,17:43:47,0.288417,0.535565,0.00337,29264.089733,0.057,1
2026-08-12,17:43:47,0.267793,0.535565,0.00337,29264.093103,0.057,1
2026-08-12,17:43:48,0.267793,0.528701,0.00337,29264.093103,0.057,1
2026-08-12,17:43:49,0.529463,0.528701,0.00337,29264.096473,0.057,1
2026-08-12,17:43:49,0.370914,0.510139,0.00321,29264.099683,0.057,1
2026-08-12,17:43:50,0.515284,0.510139,0.00321,29264.099683,0.057,1
2026-08-12,17:43:51,0.20592,0.510139,0.00321,29264.102893,0.057,1
2026-08-12,17:43:51,0.20592,0.510139,0.00321,29264.106103,0.057,1
2026-08-12,17:43:52,0.478547,0.506433,0.00319,29264.106103,0.057,1
2026-08-12,17:43:53,0.412485,0.492029,0.00319,29264.109293,0.057,1
2026-08-12,17:43:53,0.313272,0.471795,0.0031,29264.112393,0.057,1
2026-08-12,17:43:54,0.313272,0.471795,0.00297,29264.112393,0.057,1
2026-08-12,17:43:55,0.502399,0.471795,0.00297,29264.115363,0.057,1
2026-08-12,17:43:55,0.481452,0.471795,0.00297,29264.118333,0.057,1
2026-08-12,17:43:56,0.442448,0.471795,0.00297,29264.118333,0.057,1
2026-08-12,17:43:57,0.228625,0.471795,0.00297,29264.121303,0.057,1
2026-08-12,17:43:57,0.228625,0.471795,0.00297,29264.124273,0.057,1
2026-08-12,17:43:58,0.12438,0.471795,0.00297,29264.124273,0.057,1
2026-08-12,17:43:59,0.253698,0.471795,0.00297,29264.127243,0.057,1
2026-08-12,17:43:59,0.332545,0.453489,0.00286,29264.130103,0.057,1
2026-08-12,17:44:00,0.550907,0.453489,0.00286,29264.130103,0.057,1
2026-08-12,17:44:01,0.550907,0.453489,0.00286,29264.132963,0.057,1
2026-08-12,17:44:01,0.540385,0.453489,0.00286,29264.135823,0.057,1
2026-08-12,17:44:02,0.374113,0.433153,0.00273,29264.135823,0.057,1
2026-08-12,17:44:03,0.186732,0.433153,0.00273,29264.138553,0.057,1
2026-08-12,17:44:03,0.186732,0.433153,0.00273,29264.141283,0.057,1
2026-08-12,17:44:04,0.581953,0.433153,0.00273,29264.141283,0.057,1
2026-08-12,17:44:05,0.623522,0.433153,0.00273,29264.144013,0.057,1
2026-08-12,17:44:05,0.498817,0.433153,0.00273,29264.146743,0.057,1
2026-08-12,17:44:06,0.498817,0.433153,0.00273,29264.146743,0.057,1
2026-08-12,17:44:07,0.581953,0.433153,0.00273,29264.149473,0.057,1
2026-08-12,17:44:07,0.302343,0.433153,0.00273,29264.152203,0.057,1
2026-08-12,17:44:08,0.477708,0.425238,0.00273,29264.152203,0.057,1
2026-08-12,17:44:09,0.477708,0.427652,0.00268,29264.154883,0.057,1
2026-08-12,17:44:09,0.456924,0.427652,0.00269,29264.157573,0.057,1
2026-08-12,17:44:10,0.560845,0.430682,0.00269,29264.157573,0.057,1
2026-08-12,17:44:11,0.55435,0.43317,0.00273,29264.160303,0.057,1
2026-08-12,17:44:11,0.398178,0.435897,0.00274,29264.163043,0.057,1
2026-08-12,17:44:12,0.398178,0.435897,0.00274,29264.163043,0.057,1
2026-08-12,17:44:13,0.433109,0.431353,0.00272,29264.165763,0.057,1
2026-08-12,17:44:13,0.639944,0.431353,0.00272,29264.168483,0.057,1
2026-08-12,17:44:14,0.604422,0.431353,0.00272,29264.168483,0.057,1
2026-08-12,17:44:15,0.604422,0.431353,0.00272,29264.171203,0.057,1
2026-08-12,17:44:15,0.601183,0.431353,0.00272,29264.173923,0.057,1
2026-08-12,17:44:16,0.414609,0.431565,0.00272,29264.173923,0.057,1
2026-08-12,17:44:17,0.174053,0.431565,0.00272,29264.176643,0.057,1
2026-08-12,17:44:17,0.126012,0.431565,0.00272,29264.179433,0.058,1
2026-08-12,17:44:18,0.126012,0.431565,0.00279,29264.179433,0.058,1
2026-08-12,17:44:19,0.294027,0.431565,0.00279,29264.182223,0.058,1
2026-08-12,17:44:19,0.167687,0.431565,0.00279,29264.185013,0.058,1
2026-08-12,17:44:20,0.516929,0.451931,0.00279,29264.185013,0.058,1
2026-08-12,17:44:21,0.516929,0.451931,0.00292,29264.187803,0.058,1
2026-08-12,17:44:21,0.168971,0.451931,0.00292,29264.190723,0.058,1
2026-08-12,17:44:22,0.630058,0.451931,0.00292,29264.190723,0.058,1
2026-08-12,17:44:23,0.523391,0.451931,0.00285,29264.193643,0.057,1
2026-08-12,17:44:23,0.124063,0.451931,0.00285,29264.196493,0.057,1
2026-08-12,17:44:24,0.124063,0.453296,0.00285,29264.196493,0.057,1
2026-08-12,17:44:25,0.346196,0.453296,0.00285,29264.199343,0.057,1
2026-08-12,17:44:25,0.244056,0.44029,0.00285,29264.202193,0.057,1
2026-08-12,17:44:26,0.325514,0.44029,0.00277,29264.202193,0.057,1
2026-08-12,17:44:27,0.227449,0.44029,0.00277,29264.204963,0.057,1
2026-08-12,17:44:27,0.227449,0.44029,0.00277,29264.207733,0.057,1
2026-08-12,17:44:28,0.185771,0.44029,0.00277,29264.207733,0.057,1
2026-08-12,17:44:29,0.165094,0.44029,0.00277,29264.210503,0.057,1
2026-08-12,17:44:29,0.537606,0.44628,0.00277,29264.210503,0.057,1
2026-08-12,17:44:30,0.537606,0.44628,0.00281,29264.213273,0.057,1
2026-08-12,17:44:31,0.309834,0.44628,0.00281,29264.216083,0.057,1
2026-08-12,17:44:31,0.475575,0.448145,0.00282,29264.216083,0.057,1
2026-08-12,17:44:32,0.570238,0.449085,0.0029,29264.218903,0.058,1
2026-08-12,17:44:33,0.570238,0.441207,0.0029,29264.221803,0.058,1
2026-08-12,17:44:33,0.475575,0.441207,0.00285,29264.221803,0.058,1
2026-08-12,17:44:34,0.495929,0.450982,0.00292,29264.224653,0.058,1
2026-08-12,17:44:35,0.351512,0.442823,0.00292,29264.227573,0.058,1
2026-08-12,17:44:35,0.351512,0.442823,0.00286,29264.227573,0.058,1
2026-08-12,17:44:36,0.535345,0.442823,0.00286,29264.230433,0.058,1
2026-08-12,17:44:37,0.619992,0.442823,0.00286,29264.233293,0.058,1
2026-08-12,17:44:37,0.488748,0.442823,0.00286,29264.233293,0.058,1
2026-08-12,17:44:38,0.535522,0.442823,0.00286,29264.236153,0.058,1
2026-08-12,17:44:39,0.535522,0.442823,0.00286,29264.239013,0.058,1
2026-08-12,17:44:39,0.529477,0.442823,0.00286,29264.239013,0.058,1
2026-08-12,17:44:40,0.386607,0.442823,0.00286,29264.241873,0.058,1
2026-08-12,17:44:41,0.520624,0.453424,0.00286,29264.244733,0.058,1
2026-08-12,17:44:41,0.520624,0.453424,0.00293,29264.244733,0.058,1
2026-08-12,17:44:42,0.569409,0.458672,0.00297,29264.247663,0.058,1
2026-08-12,17:44:43,0.581393,0.482192,0.00297,29264.250633,0.058,1
2026-08-12,17:44:43,0.564092,0.514195,0.00333,29264.250633,0.058,1
2026-08-12,17:44:44,0.564092,0.510544,0.00333,29264.253963,0.058,1
2026-08-12,17:44:45,0.501089,0.510544,0.0033,29264.257263,0.058,1
2026-08-12,17:44:45,0.354843,0.49847,0.00322,29264.257263,0.058,1
2026-08-12,17:44:46,0.501415,0.49847,0.00322,29264.260483,0.058,1
2026-08-12,17:44:47,0.501415,0.49847,0.00322,29264.263703,0.058,1
2026-08-12,17:44:47,0.459631,0.49847,0.00322,29264.263703,0.058,1
2026-08-12,17:44:48,0.229815,0.49847,0.00322,29264.266923,0.058,1
2026-08-12,17:44:49,0.299558,0.49847,0.00322,29264.270143,0.058,1
2026-08-12,17:44:49,0.164994,0.49847,0.00322,29264.270143,0.057,1
2026-08-12,17:44:50,0.164994,0.486139,0.00322,29264.273363,0.057,1
2026-08-12,17:44:51,0.446928,0.486139,0.00306,29264.276423,0.057,1
2026-08-12,17:44:51,0.325696,0.471152,0.00297,29264.276423,0.057,1
2026-08-12,17:44:52,0.469563,0.471152,0.00297,29264.279393,0.057,1
2026-08-12,17:44:53,0.469563,0.471152,0.00297,29264.282363,0.057,1
2026-08-12,17:44:53,0.224255,0.471152,0.00297,29264.282363,0.057,1
2026-08-12,17:44:54,0.446595,0.466218,0.00297,29264.285333,0.057,1
2026-08-12,17:44:55,0.560845,0.487151,0.00307,29264.288403,0.057,1
2026-08-12,17:44:55,0.560845,0.491173,0.00309,29264.288403,0.057,1
2026-08-12,17:44:56,0.560845,0.491173,0.00309,29264.291493,0.057,1
2026-08-12,17:44:57,0.525771,0.48681,0.00307,29264.294563,0.057,1
2026-08-12,17:44:57,0.581629,0.486833,0.00307,29264.294563,0.057,1
2026-08-12,17:44:58,0.33222,0.486833,0.00307,29264.297633,0.058,1
2026-08-12,17:44:59,0.33222,0.486833,0.00315,29264.300783,0.058,1
2026-08-12,17:44:59,0.290977,0.486833,0.00315,29264.300783,0.058,1
2026-08-12,17:45:00,0.470431,0.477467,0.00315,29264.303933,0.058,1
2026-08-12,17:45:01,0.52095,0.479453,0.0031,29264.307033,0.058,1
2026-08-12,17:45:01,0.52095,0.491896,0.00318,29264.307033,0.058,1
2026-08-12,17:45:02,0.479274,0.491896,0.00318,29264.310213,0.058,1
2026-08-12,17:45:03,0.526517,0.499855,0.00323,29264.313443,0.058,1
2026-08-12,17:45:03,0.313877,0.499855,0.00323,29264.313443,0.058,1
2026-08-12,17:45:04,0.185145,0.499855,0.00323,29264.316673,0.058,1
2026-08-12,17:45:05,0.185145,0.499855,0.00323,29264.319903,0.058,1
2026-08-12,17:45:05,0.45129,0.512415,0.00331,29264.319903,0.058,1
2026-08-12,17:45:06,0.225967,0.512415,0.00331,29264.323213,0.058,1
2026-08-12,17:45:07,0.643647,0.53212,0.00344,29264.326653,0.058,1
2026-08-12,17:45:07,0.643647,0.53212,0.00344,29264.326653,0.058,1
2026-08-12,17:45:08,0.190017,0.53212,0.00344,29264.330093,0.058,1
2026-08-12,17:45:09,0.269681,0.53212,0.00344,29264.333533,0.058,1
2026-08-12,17:45:09,0.370289,0.53212,0.00344,29264.333533,0.058,1
2026-08-12,17:45:10,0.58822,0.534857,0.00344,29264.336973,0.058,1
2026-08-12,17:45:11,0.58822,0.534857,0.00346,29264.340433,0.058,1
2026-08-12,17:45:11,0.24686,0.534857,0.00346,29264.340433,0.058,1
2026-08-12,17:45:12,0.267431,0.534857,0.00346,29264.343893,0.058,1
2026-08-12,17:45:13,0.588054,0.537578,0.00348,29264.347373,0.058,1
2026-08-12,17:45:13,0.588054,0.53864,0.00348,29264.347373,0.058,1
2026-08-12,17:45:14,0.536389,0.53864,0.00348,29264.350853,0.058,1
2026-08-12,17:45:15,0.410067,0.521484,0.00337,29264.354223,0.058,1
2026-08-12,17:45:15,0.492465,0.523687,0.00337,29264.354223,0.058,1
2026-08-12,17:45:16,0.492465,0.533118,0.00339,29264.357613,0.058,1
2026-08-12,17:45:17,0.61526,0.533118,0.00345,29264.361063,0.058,1
2026-08-12,17:45:17,0.594741,0.544665,0.00345,29264.361063,0.058,1
2026-08-12,17:45:18,0.369348,0.544665,0.00352,29264.364583,0.058,1
2026-08-12,17:45:19,0.541788,0.546192,0.00353,29264.368113,0.058,1
2026-08-12,17:45:19,0.541788,0.546192,0.00353,29264.368113,0.058,1
2026-08-12,17:45:20,0.574542,0.558517,0.00361,29264.371723,0.058,1
2026-08-12,17:45:21,0.492465,0.543399,0.00352,29264.375243,0.058,1
2026-08-12,17:45:21,0.34915,0.519492,0.00352,29264.375243,0.058,1
2026-08-12,17:45:22,0.34915,0.519492,0.00336,29264.378603,0.058,1
2026-08-12,17:45:23,0.410067,0.501693,0.00325,29264.381853,0.058,1
2026-08-12,17:45:23,0.5623,0.501693,0.00325,29264.381853,0.058,1
2026-08-12,17:45:24,0.512984,0.501693,0.00325,29264.385103,0.058,1
2026-08-12,17:45:25,0.512984,0.501693,0.00325,29264.388353,0.058,1
2026-08-12,17:45:25,0.410067,0.501693,0.00325,29264.388353,0.058,1
2026-08-12,17:45:26,0.492144,0.501693,0.00325,29264.391603,0.058,1
2026-08-12,17:45:27,0.478948,0.501693,0.00325,29264.394853,0.058,1
2026-08-12,17:45:27,0.478948,0.512652,0.00325,29264.394853,0.057,1
2026-08-12,17:45:28,0.645978,0.512652,0.00323,29264.398103,0.057,1
2026-08-12,17:45:29,0.624815,0.534127,0.00323,29264.401333,0.057,1
2026-08-12,17:45:29,0.541788,0.539059,0.00336,29264.401333,0.057,1
2026-08-12,17:45:30,0.541788,0.533796,0.00336,29264.404693,0.057,1
2026-08-12,17:45:31,0.562626,0.533796,0.00336,29264.408053,0.057,1
2026-08-12,17:45:31,0.35392,0.533796,0.00336,29264.408053,0.057,1
2026-08-12,17:45:32,0.593555,0.533677,0.00336,29264.411413,0.057,1
2026-08-12,17:45:33,0.470751,0.526573,0.00336,29264.414773,0.057,1
2026-08-12,17:45:33,0.470751,0.526573,0.00332,29264.414773,0.057,1
2026-08-12,17:45:34,0.409028,0.510022,0.00321,29264.418093,0.057,1
2026-08-12,17:45:35,0.429496,0.503725,0.00321,29264.421303,0.057,1
2026-08-12,17:45:35,0.429816,0.511792,0.00317,29264.421303,0.057,1
2026-08-12,17:45:36,0.429816,0.511792,0.00319,29264.424473,0.057,1
2026-08-12,17:45:37,0.352423,0.506028,0.00319,29264.427663,0.057,1
2026-08-12,17:45:37,0.517762,0.506028,0.00319,29264.427663,0.057,1
2026-08-12,17:45:38,0.60555,0.506028,0.00319,29264.430853,0.057,1
2026-08-12,17:45:38,0.60555,0.506028,0.00319,29264.434043,0.057,1
2026-08-12,17:45:39,0.205194,0.506028,0.00319,29264.434043,0.058,1
2026-08-12,17:45:40,0.547489,0.496179,0.00321,29264.437233,0.058,1
2026-08-12,17:45:40,0.336588,0.496179,0.00321,29264.440443,0.058,1
2026-08-12,17:45:41,0.5523,0.488927,0.00316,29264.440443,0.058,1
2026-08-12,17:45:42,0.5523,0.488927,0.00316,29264.443603,0.058,1
2026-08-12,17:45:42,0.502727,0.485021,0.00314,29264.446743,0.058,1
2026-08-12,17:45:43,0.565567,0.485315,0.00314,29264.446743,0.058,1
2026-08-12,17:45:44,0.356098,0.485315,0.00314,29264.449883,0.058,1
2026-08-12,17:45:44,0.356098,0.485315,0.00314,29264.453023,0.058,1
2026-08-12,17:45:45,0.251036,0.485315,0.00314,29264.453023,0.058,1
2026-08-12,17:45:46,0.21591,0.485315,0.00314,29264.456163,0.058,1
2026-08-12,17:45:46,0.329665,0.485315,0.00314,29264.459303,0.058,1
2026-08-12,17:45:47,0.226867,0.485315,0.00314,29264.459303,0.058,1
2026-08-12,17:45:48,0.226867,0.485315,0.00314,29264.462443,0.058,1
2026-08-12,17:45:48,0.288417,0.485315,0.00314,29264.465583,0.058,1
2026-08-12,17:45:49,0.558788,0.481839,0.00312,29264.465583,0.058,1
2026-08-12,17:45:50,0.474357,0.482199,0.00312,29264.468703,0.058,1
2026-08-12,17:45:50,0.412485,0.482545,0.00312,29264.471823,0.058,1
2026-08-12,17:45:51,0.412485,0.482545,0.0031,29264.471823,0.058,1
2026-08-12,17:45:52,0.391538,0.478749,0.0031,29264.474923,0.058,1
2026-08-12,17:45:52,0.247491,0.478749,0.0031,29264.478023,0.058,1
2026-08-12,17:45:53,0.433109,0.479078,0.0031,29264.478023,0.058,1
2026-08-12,17:45:54,0.433109,0.479078,0.0031,29264.481123,0.058,1
2026-08-12,17:45:54,0.249424,0.479078,0.0031,29264.484223,0.058,1
2026-08-12,17:45:55,0.525048,0.496341,0.00321,29264.484223,0.058,1
2026-08-12,17:45:56,0.462043,0.487796,0.00321,29264.487433,0.058,1
2026-08-12,17:45:56,0.608728,0.487796,0.00316,29264.490593,0.058,1
2026-08-12,17:45:57,0.608728,0.487796,0.00316,29264.490593,0.058,1
2026-08-12,17:45:58,0.53623,0.487796,0.00316,29264.493753,0.058,1
2026-08-12,17:45:58,0.59778,0.487796,0.00316,29264.496913,0.058,1
2026-08-12,17:45:59,0.53623,0.487796,0.00316,29264.496913,0.058,1
2026-08-12,17:46:00,0.53623,0.487796,0.00316,29264.500073,0.058,1
2026-08-12,17:46:00,0.577156,0.487796,0.00316,29264.503233,0.058,1
2026-08-12,17:46:01,0.577479,0.487796,0.00316,29264.503233,0.058,1
2026-08-12,17:46:02,0.329988,0.487796,0.00316,29264.506393,0.058,1
2026-08-12,17:46:02,0.329988,0.477907,0.00309,29264.509483,0.058,1
2026-08-12,17:46:03,0.453411,0.477907,0.00309,29264.509483,0.058,1
2026-08-12,17:46:04,0.377045,0.465339,0.00301,29264.512493,0.058,1
2026-08-12,17:46:04,0.294894,0.438272,0.00283,29264.515323,0.058,1
2026-08-12,17:46:05,0.294894,0.438272,0.00283,29264.515323,0.058,1
2026-08-12,17:46:06,0.184207,0.438272,0.00283,29264.518153,0.058,1
2026-08-12,17:46:06,0.52095,0.434488,0.00281,29264.520963,0.058,1
2026-08-12,17:46:07,0.35392,0.434488,0.00281,29264.520963,0.058,1
2026-08-12,17:46:08,0.639141,0.434488,0.00281,29264.523773,0.057,1
2026-08-12,17:46:08,0.639141,0.434488,0.00281,29264.526513,0.057,1
2026-08-12,17:46:09,0.270568,0.434488,0.00274,29264.526513,0.057,1
2026-08-12,17:46:10,0.208054,0.434488,0.00274,29264.529253,0.057,1
2026-08-12,17:46:10,0.303626,0.434488,0.00274,29264.531993,0.057,1
2026-08-12,17:46:11,0.270894,0.434488,0.00274,29264.531993,0.057,1
2026-08-12,17:46:12,0.270894,0.434488,0.00274,29264.534733,0.057,1
2026-08-12,17:46:12,0.333408,0.434488,0.00274,29264.537473,0.057,1
2026-08-12,17:46:13,0.291406,0.434488,0.00274,29264.537473,0.057,1
2026-08-12,17:46:14,0.296036,0.434488,0.00274,29264.540213,0.057,1
2026-08-12,17:46:14,0.296036,0.439147,0.00274,29264.542953,0.057,1
2026-08-12,17:46:15,0.52095,0.439147,0.00277,29264.542953,0.057,1
2026-08-12,17:46:16,0.228892,0.439147,0.00277,29264.545723,0.057,1
2026-08-12,17:46:16,0.208054,0.439147,0.00277,29264.548493,0.057,1
2026-08-12,17:46:17,0.437598,0.441659,0.00277,29264.548493,0.057,1
2026-08-12,17:46:18,0.437598,0.441659,0.00278,29264.551263,0.057,1
2026-08-12,17:46:18,0.583138,0.441659,0.00278,29264.554043,0.057,1
2026-08-12,17:46:19,0.371828,0.439688,0.00277,29264.554043,0.057,1
2026-08-12,17:46:20,0.416434,0.43802,0.00276,29264.556813,0.057,1
2026-08-12,17:46:20,0.395922,0.425107,0.00276,29264.559573,0.057,1
2026-08-12,17:46:21,0.395922,0.425107,0.00268,29264.559573,0.057,1
2026-08-12,17:46:22,0.270568,0.425107,0.00268,29264.562253,0.057,1
2026-08-12,17:46:22,0.611465,0.425107,0.00268,29264.564933,0.057,1
2026-08-12,17:46:23,0.120795,0.425107,0.00268,29264.564933,0.057,1
2026-08-12,17:46:24,0.120795,0.425107,0.00268,29264.567613,0.057,1
2026-08-12,17:46:24,0.575324,0.425107,0.00268,29264.570293,0.057,1
2026-08-12,17:46:25,0.660955,0.425107,0.00268,29264.570293,0.057,1
2026-08-12,17:46:26,0.228892,0.425107,0.00268,29264.572973,0.057,1
2026-08-12,17:46:26,0.312244,0.410128,0.00268,29264.575653,0.057,1
2026-08-12,17:46:27,0.312244,0.410128,0.00258,29264.575653,0.057,1
2026-08-12,17:46:28,0.229218,0.387708,0.00258,29264.578233,0.057,1
2026-08-12,17:46:28,0.187216,0.368726,0.00232,29264.578233,0.057,1
2026-08-12,17:46:29,0.250056,0.368726,0.00232,29264.580553,0.057,1
2026-08-12,17:46:30,0.250056,0.382963,0.00232,29264.582873,0.057,1
2026-08-12,17:46:30,0.437272,0.382963,0.00241,29264.582873,0.057,1
2026-08-12,17:46:31,0.178425,0.382963,0.00241,29264.585283,0.057,1
2026-08-12,17:46:32,0.270568,0.357925,0.00241,29264.587693,0.057,1
2026-08-12,17:46:32,0.336013,0.339432,0.00225,29264.587693,0.057,1
2026-08-12,17:46:33,0.336013,0.339432,0.00214,29264.589943,0.057,1
2026-08-12,17:46:34,0.603976,0.339432,0.00214,29264.592083,0.057,1
2026-08-12,17:46:34,0.511685,0.339432,0.00214,29264.592083,0.057,1
2026-08-12,17:46:35,0.532153,0.339432,0.00214,29264.594223,0.057,1
2026-08-12,17:46:36,0.532153,0.339432,0.00214,29264.596363,0.057,1
2026-08-12,17:46:36,0.187216,0.339432,0.00214,29264.596363,0.057,1
2026-08-12,17:46:37,0.520624,0.339432,0.00214,29264.598503,0.057,1
2026-08-12,17:46:38,0.492465,0.339432,0.00214,29264.600643,0.057,1
2026-08-12,17:46:38,0.501415,0.339432,0.00214,29264.600643,0.057,1
2026-08-12,17:46:39,0.501415,0.320742,0.00214,29264.602783,0.057,1
2026-08-12,17:46:40,0.250708,0.320742,0.00202,29264.604803,0.057,1
2026-08-12,17:46:40,0.584331,0.320742,0.00202,29264.604803,0.057,1
2026-08-12,17:46:41,0.203645,0.320742,0.00202,29264.606823,0.057,1
2026-08-12,17:46:42,0.273745,0.310934,0.00202,29264.608843,0.057,1
2026-08-12,17:46:42,0.273745,0.310934,0.00196,29264.608843,0.057,1
2026-08-12,17:46:43,0.20698,0.289989,0.00196,29264.610803,0.057,1
2026-08-12,17:46:44,0.310633,0.289989,0.00182,29264.612623,0.057,1
2026-08-12,17:46:44,0.342017,0.289989,0.00182,29264.612623,0.057,1
2026-08-12,17:46:45,0.342017,0.271095,0.00182,29264.614443,0.057,1
2026-08-12,17:46:46,0.20698,0.271095,0.00171,29264.616153,0.057,1
2026-08-12,17:46:46,0.306746,0.271095,0.00171,29264.616153,0.057,1
2026-08-12,17:46:47,0.559722,0.271095,0.00171,29264.617863,0.057,1
2026-08-12,17:46:48,0.64232,0.271095,0.00171,29264.619573,0.057,1
2026-08-12,17:46:48,0.64232,0.271095,0.00171,29264.619573,0.057,1
2026-08-12,17:46:49,0.580128,0.271095,0.00171,29264.621283,0.057,1
2026-08-12,17:46:50,0.538991,0.271095,0.00171,29264.622993,0.057,1
2026-08-12,17:46:50,0.25743,0.265613,0.00167,29264.622993,0.057,1
2026-08-12,17:46:51,0.25743,0.265613,0.00167,29264.624663,0.057,1
2026-08-12,17:46:52,0.567052,0.265613,0.00167,29264.626333,0.057,1
2026-08-12,17:46:52,0.578961,0.265613,0.00167,29264.626333,0.057,1
2026-08-12,17:46:53,0.516929,0.265613,0.00167,29264.628003,0.057,1
2026-08-12,17:46:54,0.516929,0.265613,0.00167,29264.629673,0.057,1
2026-08-12,17:46:54,0.537283,0.265613,0.00167,29264.629673,0.057,1
2026-08-12,17:46:55,0.550207,0.265613,0.00167,29264.631343,0.057,1
2026-08-12,17:46:56,0.558284,0.265613,0.00167,29264.633013,0.057,1
2026-08-12,17:46:56,0.558284,0.265613,0.00167,29264.633013,0.057,1
2026-08-12,17:46:57,0.627105,0.265613,0.00167,29264.634683,0.057,1
2026-08-12,17:46:58,0.678297,0.265613,0.00167,29264.636353,0.057,1
2026-08-12,17:46:58,0.483373,0.265613,0.00167,29264.636353,0.057,1
2026-08-12,17:46:59,0.537606,0.56351,0.00167,29264.638023,0.057,1
2026-08-12,17:47:00,0.537606,0.56351,0.00355,29264.641573,0.057,1
2026-08-12,17:47:00,0.599638,0.566768,0.00355,29264.641573,0.057,1
2026-08-12,17:47:01,0.537606,0.562633,0.00354,29264.645113,0.057,1
2026-08-12,17:47:02,0.41322,0.552262,0.00348,29264.648593,0.057,1
2026-08-12,17:47:02,0.41322,0.552262,0.00348,29264.648593,0.057,1
2026-08-12,17:47:03,0.516929,0.550226,0.00347,29264.652063,0.057,1
2026-08-12,17:47:04,0.661346,0.56134,0.00354,29264.655603,0.057,1
2026-08-12,17:47:04,0.530176,0.55853,0.00354,29264.655603,0.057,1
2026-08-12,17:47:05,0.530176,0.541309,0.00352,29264.659123,0.057,1
2026-08-12,17:47:06,0.454898,0.541309,0.00341,29264.662533,0.057,1
2026-08-12,17:47:06,0.578961,0.531375,0.00341,29264.662533,0.057,1
2026-08-12,17:47:07,0.67847,0.550885,0.00347,29264.665943,0.057,1
2026-08-12,17:47:08,0.67847,0.563259,0.00355,29264.669413,0.057,1
2026-08-12,17:47:08,0.661346,0.563259,0.00355,29264.669413,0.057,1
2026-08-12,17:47:09,0.325514,0.563259,0.00355,29264.672963,0.057,1
2026-08-12,17:47:10,0.552705,0.558566,0.00352,29264.676513,0.057,1
2026-08-12,17:47:10,0.552705,0.558566,0.00352,29264.676513,0.057,1
2026-08-12,17:47:11,0.311761,0.558566,0.00352,29264.680033,0.057,1
2026-08-12,17:47:12,0.560845,0.56089,0.00353,29264.683553,0.057,1
2026-08-12,17:47:12,0.498817,0.569449,0.00353,29264.683553,0.057,1
2026-08-12,17:47:13,0.643981,0.582154,0.00367,29264.687083,0.057,1
2026-08-12,17:47:14,0.643981,0.582154,0.00367,29264.690753,0.057,1
2026-08-12,17:47:14,0.643981,0.580418,0.00366,29264.690753,0.057,1
2026-08-12,17:47:15,0.602737,0.587674,0.0037,29264.694413,0.057,1
2026-08-12,17:47:16,0.520576,0.594242,0.0037,29264.698113,0.057,1
2026-08-12,17:47:16,0.520576,0.594242,0.00374,29264.698113,0.057,1
2026-08-12,17:47:17,0.43614,0.57996,0.00365,29264.701853,0.057,1
2026-08-12,17:47:18,0.517003,0.563813,0.00365,29264.705503,0.057,1
2026-08-12,17:47:18,0.290977,0.563813,0.00355,29264.705503,0.057,1
2026-08-12,17:47:19,0.290977,0.548599,0.00346,29264.709053,0.057,1
2026-08-12,17:47:20,0.509209,0.548599,0.00346,29264.712513,0.057,1
2026-08-12,17:47:20,0.540385,0.547367,0.00345,29264.712513,0.057,1
2026-08-12,17:47:21,0.33222,0.547367,0.00345,29264.715963,0.057,1
2026-08-12,17:47:22,0.33222,0.549446,0.00345,29264.719413,0.057,1
2026-08-12,17:47:22,0.581629,0.549446,0.00346,29264.719413,0.057,1
2026-08-12,17:47:23,0.498817,0.549446,0.00346,29264.722873,0.057,1
2026-08-12,17:47:24,0.541684,0.539216,0.00346,29264.726333,0.057,1
2026-08-12,17:47:24,0.541684,0.516386,0.0034,29264.726333,0.057,1
2026-08-12,17:47:25,0.415681,0.516386,0.0031,29264.729733,0.057,1
2026-08-12,17:47:26,0.353329,0.491445,0.0031,29264.732833,0.057,1
2026-08-12,17:47:26,0.478033,0.491445,0.0031,29264.732833,0.057,1
2026-08-12,17:47:27,0.342287,0.491445,0.0031,29264.735933,0.057,1
2026-08-12,17:47:28,0.342287,0.491445,0.0031,29264.739033,0.057,1
2026-08-12,17:47:28,0.566041,0.495992,0.00312,29264.739033,0.057,1
2026-08-12,17:47:29,0.561169,0.508495,0.0032,29264.742153,0.057,1
2026-08-12,17:47:30,0.456924,0.502487,0.0032,29264.745353,0.057,1
2026-08-12,17:47:30,0.456924,0.502487,0.00316,29264.745353,0.057,1
2026-08-12,17:47:31,0.244397,0.502487,0.00316,29264.748513,0.057,1
2026-08-12,17:47:32,0.547489,0.506315,0.00319,29264.751703,0.057,1
2026-08-12,17:47:32,0.26711,0.506315,0.00319,29264.751703,0.057,1
2026-08-12,17:47:33,0.26711,0.506315,0.00319,29264.754893,0.057,1
2026-08-12,17:47:34,0.123108,0.506315,0.00319,29264.758083,0.057,1
2026-08-12,17:47:34,0.411433,0.49342,0.00311,29264.758083,0.057,1
2026-08-12,17:47:35,0.493719,0.484629,0.00311,29264.761193,0.057,1
2026-08-12,17:47:36,0.624863,0.497233,0.00305,29264.764243,0.057,1
2026-08-12,17:47:36,0.624863,0.497233,0.00313,29264.764243,0.057,1
2026-08-12,17:47:37,0.084229,0.497233,0.00313,29264.767373,0.057,1
2026-08-12,17:47:38,0.619992,0.505064,0.00318,29264.770553,0.057,1
2026-08-12,17:47:38,0.26848,0.505064,0.00318,29264.770553,0.057,1
2026-08-12,17:47:39,0.289157,0.505064,0.00318,29264.773733,0.057,1
2026-08-12,17:47:40,0.289157,0.505064,0.00318,29264.776913,0.057,1
2026-08-12,17:47:40,0.496252,0.513121,0.00323,29264.776913,0.057,1
2026-08-12,17:47:41,0.103386,0.513121,0.00323,29264.780143,0.057,1
2026-08-12,17:47:42,0.263311,0.513121,0.00323,29264.783373,0.057,1
2026-08-12,17:47:42,0.263311,0.513121,0.00323,29264.783373,0.057,1
2026-08-12,17:47:43,0.247803,0.513121,0.00323,29264.786603,0.057,1
2026-08-12,17:47:44,0.496252,0.527413,0.00332,29264.789923,0.057,1
2026-08-12,17:47:44,0.496252,0.520435,0.00328,29264.789923,0.057,1
2026-08-12,17:47:45,0.225833,0.520435,0.00328,29264.793203,0.057,1
2026-08-12,17:47:46,0.225833,0.520435,0.00328,29264.796483,0.057,1
2026-08-12,17:47:46,0.575084,0.521826,0.00328,29264.796483,0.057,1
2026-08-12,17:47:47,0.26848,0.521826,0.00329,29264.799773,0.057,1
2026-08-12,17:47:48,0.206449,0.521826,0.00329,29264.803063,0.057,1
2026-08-12,17:47:48,0.206449,0.521826,0.00329,29264.803063,0.057,1
2026-08-12,17:47:49,0.286345,0.521826,0.00329,29264.806353,0.057,1
2026-08-12,17:47:50,0.249409,0.521826,0.00329,29264.809643,0.057,1
2026-08-12,17:47:50,0.270193,0.521826,0.00329,29264.809643,0.057,1
2026-08-12,17:47:51,0.290652,0.521826,0.00329,29264.812933,0.057,1
2026-08-12,17:47:52,0.290652,0.523905,0.0033,29264.816233,0.057,1
2026-08-12,17:47:52,0.477708,0.523905,0.0033,29264.816233,0.057,1
2026-08-12,17:47:53,0.253356,0.523905,0.0033,29264.819533,0.057,1
2026-08-12,17:47:54,0.454898,0.514645,0.00324,29264.822773,0.057,1
2026-08-12,17:47:54,0.28648,0.514645,0.00324,29264.822773,0.057,1
2026-08-12,17:47:55,0.28648,0.514645,0.00324,29264.826013,0.057,1
2026-08-12,17:47:56,0.566724,0.530174,0.00334,29264.829353,0.057,1
2026-08-12,17:47:56,0.288417,0.530174,0.00334,29264.829353,0.057,1
2026-08-12,17:47:57,0.247169,0.530174,0.00334,29264.832693,0.057,1
2026-08-12,17:47:58,0.247169,0.524113,0.0033,29264.835993,0.057,1
2026-08-12,17:47:58,0.433109,0.524113,0.0033,29264.835993,0.057,1
2026-08-12,17:47:59,0.41474,0.503101,0.00317,29264.839163,0.057,1
2026-08-12,17:48:00,0.329988,0.474101,0.00299,29264.842153,0.057,1
2026-08-12,17:48:00,0.331277,0.457603,0.00299,29264.842153,0.057,1
2026-08-12,17:48:01,0.331277,0.457603,0.00288,29264.845033,0.057,1
2026-08-12,17:48:02,0.589275,0.457603,0.00288,29264.847913,0.057,1
2026-08-12,17:48:02,0.252687,0.457603,0.00288,29264.847913,0.057,1
2026-08-12,17:48:03,0.186585,0.457603,0.00288,29264.850793,0.057,1
2026-08-12,17:48:04,0.491437,0.457122,0.00288,29264.853673,0.057,1
2026-08-12,17:48:04,0.491437,0.457122,0.00288,29264.853673,0.057,1
2026-08-12,17:48:05,0.144047,0.457122,0.00288,29264.856553,0.057,1
2026-08-12,17:48:06,0.226544,0.457122,0.00288,29264.859433,0.057,1
2026-08-12,17:48:06,0.515606,0.459057,0.00288,29264.859433,0.057,1
2026-08-12,17:48:07,0.515606,0.459057,0.00289,29264.862313,0.057,1
2026-08-12,17:48:08,0.288417,0.459057,0.00289,29264.865203,0.057,1
2026-08-12,17:48:08,0.123745,0.459057,0.00289,29264.865203,0.057,1
2026-08-12,17:48:09,0.575867,0.459135,0.00289,29264.868093,0.057,1
2026-08-12,17:48:10,0.433109,0.454675,0.00289,29264.870983,0.057,1
2026-08-12,17:48:10,0.433109,0.454675,0.00286,29264.870983,0.057,1
2026-08-12,17:48:11,0.329988,0.442184,0.00278,29264.873843,0.057,1
2026-08-12,17:48:12,0.547489,0.442184,0.00278,29264.876623,0.057,1
2026-08-12,17:48:12,0.585327,0.442184,0.00278,29264.876623,0.057,1
2026-08-12,17:48:13,0.585327,0.442184,0.00278,29264.879403,0.057,1
2026-08-12,17:48:14,0.559722,0.442184,0.00278,29264.882183,0.057,1
2026-08-12,17:48:14,0.538991,0.442184,0.00278,29264.882183,0.057,1
2026-08-12,17:48:15,0.518261,0.442184,0.00278,29264.884963,0.057,1
2026-08-12,17:48:16,0.518261,0.442184,0.00278,29264.887743,0.057,1
2026-08-12,17:48:16,0.4768,0.442184,0.00278,29264.887743,0.057,1
2026-08-12,17:48:17,0.269496,0.442184,0.00278,29264.890523,0.057,1
2026-08-12,17:48:18,0.529159,0.438428,0.00278,29264.893303,0.057,1
2026-08-12,17:48:18,0.320893,0.438428,0.00276,29264.893303,0.057,1
2026-08-12,17:48:19,0.320893,0.438428,0.00276,29264.896063,0.057,1
2026-08-12,17:48:20,0.33395,0.438428,0.00276,29264.898823,0.057,1
2026-08-12,17:48:20,0.576823,0.438428,0.00276,29264.898823,0.057,1
2026-08-12,17:48:21,0.528053,0.438428,0.00276,29264.901583,0.057,1
2026-08-12,17:48:22,0.528053,0.438428,0.00276,29264.904343,0.057,1
2026-08-12,17:48:22,0.471625,0.438428,0.00276,29264.904343,0.057,1
2026-08-12,17:48:23,0.250381,0.438428,0.00276,29264.907103,0.057,1
2026-08-12,17:48:24,0.480196,0.443137,0.00276,29264.909863,0.057,1
2026-08-12,17:48:24,0.104461,0.443137,0.00279,29264.909863,0.057,1
2026-08-12,17:48:25,0.104461,0.443137,0.00279,29264.912653,0.057,1
2026-08-12,17:48:26,0.525898,0.454252,0.00286,29264.915513,0.057,1
2026-08-12,17:48:26,0.501415,0.471395,0.00297,29264.915513,0.057,1
2026-08-12,17:48:27,0.464147,0.484682,0.00297,29264.918483,0.057,1
2026-08-12,17:48:28,0.464147,0.484682,0.00305,29264.921533,0.057,1
2026-08-12,17:48:28,0.12343,0.484682,0.00305,29264.921533,0.057,1
2026-08-12,17:48:29,0.452254,0.480764,0.00305,29264.924583,0.057,1
2026-08-12,17:48:30,0.246538,0.480764,0.00303,29264.927613,0.057,1
2026-08-12,17:48:30,0.361932,0.465397,0.00293,29264.927613,0.057,1
2026-08-12,17:48:31,0.361932,0.465397,0.00293,29264.930543,0.057,1
2026-08-12,17:48:32,0.555434,0.465397,0.00293,29264.933473,0.057,1
2026-08-12,17:48:32,0.225967,0.465397,0.00293,29264.933473,0.057,1
2026-08-12,17:48:33,0.288003,0.465397,0.00293,29264.936403,0.057,1
2026-08-12,17:48:34,0.288003,0.466926,0.00293,29264.939333,0.057,1
2026-08-12,17:48:34,0.591164,0.466926,0.00303,29264.939333,0.057,1
2026-08-12,17:48:35,0.581629,0.481778,0.00303,29264.942363,0.057,1
2026-08-12,17:48:36,0.498168,0.498596,0.00314,29264.942363,0.057,1
2026-08-12,17:48:36,0.142952,0.498596,0.00314,29264.945503,0.057,1
2026-08-12,17:48:37,0.142952,0.495724,0.00314,29264.948643,0.057,1
2026-08-12,17:48:38,0.500441,0.495724,0.00312,29264.948643,0.057,1
2026-08-12,17:48:38,0.224822,0.495724,0.00312,29264.951763,0.057,1
2026-08-12,17:48:39,0.299016,0.495724,0.00312,29264.954883,0.057,1
2026-08-12,17:48:40,0.27231,0.495724,0.00312,29264.954883,0.057,1
2026-08-12,17:48:40,0.27231,0.495724,0.00312,29264.958003,0.057,1
2026-08-12,17:48:41,0.474357,0.495141,0.00312,29264.961123,0.057,1
2026-08-12,17:48:42,0.164672,0.495141,0.00312,29264.961123,0.057,1
2026-08-12,17:48:42,0.267793,0.495141,0.00312,29264.964243,0.057,1
2026-08-12,17:48:43,0.267793,0.506454,0.00312,29264.967363,0.057,1
2026-08-12,17:48:44,0.639029,0.506454,0.00319,29264.967363,0.057,1
2026-08-12,17:48:44,0.599392,0.516251,0.00319,29264.970553,0.057,1
2026-08-12,17:48:45,0.226544,0.516251,0.00325,29264.973803,0.057,1
2026-08-12,17:48:46,0.371236,0.50696,0.00319,29264.973803,0.057,1
2026-08-12,17:48:46,0.371236,0.50696,0.00319,29264.976993,0.057,1
2026-08-12,17:48:47,0.247169,0.50696,0.00319,29264.980183,0.057,1
2026-08-12,17:48:48,0.556532,0.517388,0.00326,29264.980183,0.057,1
2026-08-12,17:48:48,0.462931,0.527488,0.00326,29264.983443,0.057,1
2026-08-12,17:48:49,0.462931,0.520982,0.00332,29264.986763,0.057,1
2026-08-12,17:48:50,0.526103,0.520982,0.00316,29264.986763,0.057,1
2026-08-12,17:48:50,0.390861,0.501905,0.00316,29264.989923,0.057,1
2026-08-12,17:48:51,0.27231,0.501905,0.00316,29264.993083,0.057,1
2026-08-12,17:48:52,0.586514,0.51074,0.00322,29264.993083,0.057,1
2026-08-12,17:48:52,0.586514,0.508874,0.00322,29264.996303,0.057,1
2026-08-12,17:48:53,0.48178,0.508874,0.00321,29264.999513,0.057,1
2026-08-12,17:48:54,0.350612,0.496499,0.00313,29264.999513,0.057,1
2026-08-12,17:48:54,0.334824,0.466079,0.00313,29265.002643,0.057,1
2026-08-12,17:48:55,0.346749,0.440814,0.00278,29265.005423,0.057,1
2026-08-12,17:48:56,0.346749,0.440814,0.00278,29265.005423,0.057,1
2026-08-12,17:48:56,0.31553,0.435244,0.00274,29265.008163,0.057,1
2026-08-12,17:48:57,0.621519,0.435244,0.00274,29265.010903,0.057,1
2026-08-12,17:48:58,0.126015,0.435244,0.00274,29265.010903,0.057,1
2026-08-12,17:48:58,0.126015,0.435244,0.00274,29265.013643,0.057,1
2026-08-12,17:48:59,0.575684,0.435244,0.00274,29265.016383,0.057,1
2026-08-12,17:49:00,0.56524,0.435244,0.00274,29265.016383,0.057,1
2026-08-12,17:49:00,0.460833,0.435244,0.00274,29265.019123,0.057,1
2026-08-12,17:49:01,0.247491,0.435244,0.00274,29265.021863,0.057,1
2026-08-12,17:49:02,0.247491,0.435244,0.00274,29265.021863,0.057,1
2026-08-12,17:49:02,0.59778,0.435244,0.00274,29265.024603,0.057,1
2026-08-12,17:49:03,0.309363,0.410527,0.00258,29265.027343,0.057,1
2026-08-12,17:49:03,0.194641,0.410527,0.00258,29265.027343,0.057,1
2026-08-12,17:49:04,0.194641,0.41515,0.00258,29265.029923,0.057,1
2026-08-12,17:49:05,0.509161,0.41515,0.00261,29265.032503,0.057,1
2026-08-12,17:49:05,0.329665,0.41515,0.00261,29265.032503,0.057,1
2026-08-12,17:49:06,0.247169,0.41515,0.00261,29265.035113,0.057,1
2026-08-12,17:49:07,0.504649,0.413004,0.0026,29265.037723,0.057,1
2026-08-12,17:49:07,0.504649,0.413004,0.0026,29265.037723,0.057,1
2026-08-12,17:49:08,0.317205,0.413004,0.0026,29265.040323,0.057,1
2026-08-12,17:49:09,0.596256,0.413004,0.0026,29265.042923,0.057,1
2026-08-12,17:49:09,0.164573,0.413004,0.0026,29265.042923,0.057,1
2026-08-12,17:49:10,0.575684,0.413004,0.0026,29265.045523,0.057,1
2026-08-12,17:49:11,0.575684,0.413004,0.0026,29265.048123,0.057,1
2026-08-12,17:49:11,0.46704,0.413004,0.0026,29265.048123,0.057,1
2026-08-12,17:49:12,0.313058,0.405224,0.00255,29265.050723,0.057,1
2026-08-12,17:49:13,0.246538,0.371226,0.00255,29265.053273,0.057,1
2026-08-12,17:49:13,0.246538,0.351849,0.00234,29265.053273,0.057,1
2026-08-12,17:49:14,0.288003,0.351849,0.00221,29265.055613,0.057,1
2026-08-12,17:49:15,0.493719,0.351849,0.00221,29265.057823,0.057,1
2026-08-12,17:49:15,0.396627,0.351849,0.00221,29265.057823,0.057,1
2026-08-12,17:49:16,0.564092,0.351849,0.00221,29265.060033,0.057,1
2026-08-12,17:49:17,0.564092,0.351849,0.00221,29265.062243,0.057,1
2026-08-12,17:49:17,0.501089,0.351849,0.00221,29265.062243,0.057,1
2026-08-12,17:49:18,0.598672,0.351849,0.00221,29265.064453,0.057,1
2026-08-12,17:49:19,0.232529,0.351849,0.00221,29265.066663,0.057,1
2026-08-12,17:49:19,0.232529,0.351849,0.00221,29265.066663,0.057,1
2026-08-12,17:49:20,0.206772,0.351849,0.00228,29265.068873,0.057,1
2026-08-12,17:49:21,0.454898,0.362277,0.00228,29265.071153,0.057,1
2026-08-12,17:49:21,0.578638,0.386659,0.00243,29265.071153,0.057,1
2026-08-12,17:49:22,0.578961,0.40988,0.00258,29265.073583,0.057,1
2026-08-12,17:49:23,0.578961,0.40988,0.00258,29265.076163,0.057,1
2026-08-12,17:49:23,0.516929,0.43002,0.00271,29265.076163,0.057,1
2026-08-12,17:49:24,0.723701,0.43002,0.00271,29265.078873,0.057,1
2026-08-12,17:49:25,0.351189,0.434202,0.00271,29265.081583,0.057,1
2026-08-12,17:49:25,0.351189,0.434202,0.00273,29265.081583,0.057,1
2026-08-12,17:49:26,0.516606,0.434202,0.00273,29265.084313,0.057,1
2026-08-12,17:49:27,0.704962,0.434202,0.00273,29265.087043,0.057,1
2026-08-12,17:49:27,0.599638,0.434202,0.00273,29265.087043,0.057,1
2026-08-12,17:49:28,0.599638,0.434202,0.00273,29265.089773,0.057,1
2026-08-12,17:49:29,0.516929,0.434202,0.00273,29265.092503,0.057,1
2026-08-12,17:49:29,0.469759,0.434202,0.00273,29265.092503,0.057,1
2026-08-12,17:49:30,0.186095,0.434202,0.00273,29265.095233,0.057,1
2026-08-12,17:49:31,0.27688,0.434202,0.00273,29265.097963,0.057,1
2026-08-12,17:49:31,0.27688,0.434202,0.00273,29265.097963,0.057,1
2026-08-12,17:49:32,0.558284,0.439115,0.00273,29265.100693,0.057,1
2026-08-12,17:49:33,0.529477,0.441597,0.00278,29265.103473,0.057,1
2026-08-12,17:49:33,0.54605,0.464897,0.00293,29265.103473,0.057,1
2026-08-12,17:49:34,0.54605,0.464897,0.00293,29265.106403,0.057,1
2026-08-12,17:49:35,0.247101,0.464897,0.00293,29265.109333,0.057,1
2026-08-12,17:49:35,0.133413,0.464897,0.00293,29265.109333,0.057,1
2026-08-12,17:49:36,0.469524,0.487195,0.00293,29265.112263,0.057,1
2026-08-12,17:49:37,0.545722,0.512967,0.00307,29265.115333,0.057,1
2026-08-12,17:49:37,0.545722,0.525823,0.00331,29265.115333,0.057,1
2026-08-12,17:49:38,0.58346,0.525823,0.00331,29265.118643,0.057,1
2026-08-12,17:49:39,0.14437,0.525823,0.00331,29265.121953,0.057,1
2026-08-12,17:49:39,0.251036,0.525823,0.00331,29265.121953,0.057,1
2026-08-12,17:49:40,0.355771,0.525823,0.00331,29265.125263,0.057,1
2026-08-12,17:49:41,0.355771,0.525823,0.00331,29265.128573,0.057,1
2026-08-12,17:49:41,0.180323,0.525823,0.00331,29265.128573,0.057,1
2026-08-12,17:49:42,0.473148,0.515274,0.00331,29265.131883,0.057,1
2026-08-12,17:49:43,0.354843,0.492862,0.0031,29265.134983,0.057,1
2026-08-12,17:49:43,0.354843,0.46833,0.0031,29265.134983,0.057,1
2026-08-12,17:49:44,0.2716,0.46833,0.00295,29265.137933,0.057,1
2026-08-12,17:49:45,0.288003,0.462011,0.00291,29265.140843,0.057,1
2026-08-12,17:49:45,0.57697,0.462011,0.00291,29265.140843,0.057,1
2026-08-12,17:49:46,0.144001,0.462011,0.00291,29265.143753,0.057,1
2026-08-12,17:49:47,0.144001,0.462011,0.00291,29265.146663,0.057,1
2026-08-12,17:49:47,0.575684,0.463751,0.00291,29265.146663,0.057,1
2026-08-12,17:49:48,0.596256,0.470429,0.00296,29265.149623,0.057,1
2026-08-12,17:49:49,0.472826,0.463106,0.00292,29265.152543,0.057,1
2026-08-12,17:49:49,0.472826,0.463106,0.00292,29265.152543,0.057,1
2026-08-12,17:49:50,0.345218,0.450676,0.00284,29265.155383,0.057,1
2026-08-12,17:49:51,0.555113,0.450676,0.00284,29265.158223,0.057,1
2026-08-12,17:49:51,0.308574,0.450676,0.00284,29265.158223,0.057,1
2026-08-12,17:49:52,0.308574,0.450676,0.00284,29265.161063,0.057,1
2026-08-12,17:49:53,0.616827,0.450676,0.00284,29265.163903,0.057,1
2026-08-12,17:49:53,0.534541,0.450676,0.00284,29265.163903,0.057,1
2026-08-12,17:49:54,0.576006,0.450676,0.00284,29265.166743,0.057,1
2026-08-12,17:49:55,0.576006,0.450676,0.00284,29265.169583,0.057,1
2026-08-12,17:49:55,0.534862,0.450676,0.00284,29265.169583,0.057,1
2026-08-12,17:49:56,0.586673,0.450676,0.00284,29265.172423,0.057,1
2026-08-12,17:49:57,0.28368,0.450676,0.00284,29265.175263,0.057,1
2026-08-12,17:49:57,0.311436,0.450676,0.00284,29265.175263,0.057,1
2026-08-12,17:49:58,0.311436,0.450676,0.00284,29265.178103,0.057,1
2026-08-12,17:49:59,0.540385,0.450142,0.00284,29265.180943,0.057,1
2026-08-12,17:49:59,0.353004,0.450142,0.00283,29265.180943,0.057,1
2026-08-12,17:50:00,0.310787,0.450142,0.00283,29265.183773,0.057,1
2026-08-12,17:50:01,0.310787,0.450142,0.00283,29265.186603,0.057,1
2026-08-12,17:50:01,0.634563,0.450142,0.00283,29265.186603,0.057,1
2026-08-12,17:50:02,0.578381,0.450142,0.00283,29265.189433,0.057,1
2026-08-12,17:50:03,0.373788,0.429175,0.00283,29265.192263,0.057,1
2026-08-12,17:50:03,0.180237,0.429175,0.0027,29265.192263,0.057,1
2026-08-12,17:50:04,0.180237,0.429175,0.0027,29265.194963,0.057,1
2026-08-12,17:50:05,0.561169,0.429175,0.0027,29265.197663,0.057,1
2026-08-12,17:50:05,0.436465,0.429175,0.0027,29265.197663,0.057,1
2026-08-12,17:50:06,0.33222,0.429175,0.0027,29265.200363,0.057,1
2026-08-12,17:50:07,0.33222,0.429664,0.0027,29265.203063,0.057,1
2026-08-12,17:50:07,0.478033,0.429664,0.00271,29265.203063,0.057,1
2026-08-12,17:50:08,0.519601,0.446139,0.00281,29265.205773,0.057,1
2026-08-12,17:50:09,0.394572,0.458437,0.00281,29265.208583,0.057,1
2026-08-12,17:50:09,0.394572,0.458437,0.00289,29265.208583,0.057,1
2026-08-12,17:50:10,0.519601,0.458437,0.00289,29265.211473,0.057,1
2026-08-12,17:50:11,0.388881,0.458437,0.00289,29265.214363,0.057,1
2026-08-12,17:50:11,0.573088,0.486945,0.00307,29265.214363,0.057,1
2026-08-12,17:50:12,0.593235,0.4887,0.00307,29265.217433,0.057,1
2026-08-12,17:50:13,0.593235,0.4887,0.00308,29265.220513,0.057,1
2026-08-12,17:50:13,0.122485,0.4887,0.00308,29265.220513,0.057,1
2026-08-12,17:50:14,0.394897,0.468564,0.00308,29265.223593,0.057,1
2026-08-12,17:50:15,0.2283,0.468564,0.00295,29265.226543,0.057,1
2026-08-12,17:50:15,0.2283,0.471163,0.00297,29265.226543,0.057,1
2026-08-12,17:50:16,0.498817,0.471163,0.00297,29265.229513,0.057,1
2026-08-12,17:50:17,0.415356,0.478177,0.00301,29265.232523,0.057,1
2026-08-12,17:50:17,0.249409,0.478177,0.00301,29265.232523,0.057,1
2026-08-12,17:50:18,0.269868,0.478177,0.00301,29265.235533,0.057,1
2026-08-12,17:50:19,0.269868,0.478177,0.00301,29265.238543,0.057,1
2026-08-12,17:50:19,0.249409,0.478177,0.00301,29265.238543,0.057,1
2026-08-12,17:50:20,0.249409,0.478177,0.00301,29265.241553,0.057,1
2026-08-12,17:50:21,0.469563,0.471095,0.00297,29265.244523,0.057,1
2026-08-12,17:50:21,0.469563,0.471095,0.00297,29265.244523,0.057,1
2026-08-12,17:50:22,0.24467,0.471095,0.00297,29265.247493,0.057,1
2026-08-12,17:50:23,0.265405,0.471095,0.00297,29265.250463,0.057,1
2026-08-12,17:50:23,0.262215,0.471095,0.00297,29265.250463,0.057,1
2026-08-12,17:50:24,0.314204,0.471095,0.00297,29265.253433,0.057,1
2026-08-12,17:50:25,0.314204,0.471095,0.00297,29265.256403,0.057,1
2026-08-12,17:50:25,0.266752,0.471095,0.00297,29265.256403,0.057,1
2026-08-12,17:50:26,0.163834,0.471095,0.00297,29265.259373,0.057,1
2026-08-12,17:50:27,0.30747,0.471095,0.00297,29265.262343,0.057,1
2026-08-12,17:50:27,0.64641,0.471095,0.00297,29265.262343,0.057,1
2026-08-12,17:50:28,0.64641,0.471095,0.00297,29265.265313,0.057,1
2026-08-12,17:50:29,0.167576,0.471095,0.00297,29265.268283,0.057,1
2026-08-12,17:50:29,0.523346,0.486051,0.00297,29265.268283,0.057,1
2026-08-12,17:50:30,0.565567,0.494804,0.00306,29265.271343,0.057,1
2026-08-12,17:50:31,0.565567,0.497935,0.00314,29265.274483,0.057,1
2026-08-12,17:50:31,0.550907,0.497935,0.00314,29265.274483,0.057,1
2026-08-12,17:50:32,0.568144,0.515292,0.00325,29265.277733,0.057,1
2026-08-12,17:50:33,0.497531,0.507736,0.0032,29265.277733,0.057,1
2026-08-12,17:50:33,0.497531,0.496093,0.0032,29265.280933,0.057,1
2026-08-12,17:50:34,0.4768,0.496093,0.00312,29265.284053,0.057,1
2026-08-12,17:50:35,0.559398,0.512543,0.00323,29265.284053,0.057,1
2026-08-12,17:50:35,0.45607,0.508268,0.00323,29265.287283,0.057,1
2026-08-12,17:50:36,0.637785,0.508268,0.0032,29265.290483,0.057,1
2026-08-12,17:50:37,0.637785,0.508268,0.0032,29265.290483,0.057,1
2026-08-12,17:50:37,0.518261,0.508268,0.0032,29265.293683,0.057,1
2026-08-12,17:50:38,0.559722,0.508268,0.0032,29265.296883,0.057,1
2026-08-12,17:50:39,0.393554,0.508268,0.0032,29265.296883,0.057,1
2026-08-12,17:50:39,0.393554,0.508268,0.0032,29265.300083,0.057,1
2026-08-12,17:50:40,0.207304,0.508268,0.0032,29265.303283,0.057,1
2026-08-12,17:50:41,0.518261,0.518559,0.0032,29265.303283,0.057,1
2026-08-12,17:50:41,0.393554,0.510958,0.00327,29265.306553,0.057,1
2026-08-12,17:50:42,0.393554,0.487646,0.00307,29265.309623,0.057,1
2026-08-12,17:50:43,0.290226,0.487646,0.00307,29265.309623,0.057,1
2026-08-12,17:50:43,0.124059,0.487646,0.00307,29265.312693,0.057,1
2026-08-12,17:50:44,0.207304,0.487646,0.00307,29265.315763,0.057,1
2026-08-12,17:50:45,0.266904,0.487646,0.00307,29265.315763,0.057,1
2026-08-12,17:50:45,0.266904,0.487646,0.00307,29265.318833,0.057,1
2026-08-12,17:50:46,0.255891,0.487646,0.00307,29265.321903,0.057,1
2026-08-12,17:50:47,0.20698,0.487646,0.00307,29265.321903,0.057,1
2026-08-12,17:50:47,0.227711,0.487646,0.00307,29265.324973,0.057,1
2026-08-12,17:50:48,0.237428,0.487646,0.00307,29265.328043,0.057,1
2026-08-12,17:50:49,0.237428,0.487646,0.00307,29265.328043,0.057,1
2026-08-12,17:50:49,0.082922,0.487646,0.00307,29265.331113,0.057,1
2026-08-12,17:50:50,0.352417,0.466331,0.00294,29265.334183,0.057,1
2026-08-12,17:50:51,0.230626,0.466331,0.00294,29265.334183,0.057,1
2026-08-12,17:50:51,0.230626,0.466331,0.00294,29265.337123,0.057,1
2026-08-12,17:50:52,0.310633,0.466331,0.00294,29265.340063,0.057,1
2026-08-12,17:50:53,0.186574,0.466331,0.00294,29265.340063,0.057,1
2026-08-12,17:50:53,0.538668,0.465107,0.00293,29265.343003,0.057,1
2026-08-12,17:50:54,0.277594,0.465107,0.00293,29265.345933,0.057,1
2026-08-12,17:50:55,0.277594,0.465107,0.00293,29265.345933,0.057,1
2026-08-12,17:50:55,0.253624,0.465107,0.00293,29265.348863,0.057,1
2026-08-12,17:50:56,0.559722,0.464265,0.00293,29265.351793,0.057,1
2026-08-12,17:50:57,0.393554,0.453867,0.00292,29265.351793,0.057,1
2026-08-12,17:50:57,0.393554,0.453867,0.00286,29265.354713,0.057,1
2026-08-12,17:50:58,0.4768,0.453867,0.00286,29265.357573,0.057,1
2026-08-12,17:50:59,0.538991,0.451826,0.00285,29265.357573,0.057,1
2026-08-12,17:50:59,0.538668,0.460086,0.0029,29265.360423,0.057,1
2026-08-12,17:51:00,0.538668,0.4642,0.0029,29265.363323,0.057,1
2026-08-12,17:51:01,0.559398,0.4642,0.00292,29265.363323,0.057,1
2026-08-12,17:51:01,0.568778,0.481722,0.00303,29265.366243,0.057,1
2026-08-12,17:51:02,0.628722,0.515572,0.00303,29265.369273,0.057,1
2026-08-12,17:51:03,0.583138,0.538644,0.00325,29265.369273,0.057,1
2026-08-12,17:51:03,0.583138,0.538644,0.0034,29265.372523,0.057,1
2026-08-12,17:51:04,0.549213,0.539698,0.0034,29265.375923,0.057,1
2026-08-12,17:51:05,0.205194,0.539698,0.0034,29265.375923,0.057,1
2026-08-12,17:51:05,0.369348,0.539698,0.0034,29265.379323,0.057,1
2026-08-12,17:51:06,0.369348,0.539698,0.0034,29265.382723,0.057,1
2026-08-12,17:51:07,0.145866,0.539698,0.0034,29265.382723,0.057,1
2026-08-12,17:51:07,0.354246,0.539698,0.0034,29265.386123,0.057,1
2026-08-12,17:51:08,0.124702,0.539698,0.0034,29265.389523,0.057,1
2026-08-12,17:51:09,0.458436,0.52957,0.00334,29265.389523,0.057,1
2026-08-12,17:51:09,0.458436,0.52957,0.00334,29265.392863,0.057,1
2026-08-12,17:51:10,0.166378,0.52957,0.00334,29265.396203,0.057,1
2026-08-12,17:51:11,0.083352,0.52957,0.00334,29265.396203,0.057,1
2026-08-12,17:51:11,0.500112,0.540226,0.00334,29265.399543,0.057,1
2026-08-12,17:51:12,0.500112,0.551308,0.0034,29265.402943,0.057,1
2026-08-12,17:51:13,0.587623,0.551308,0.00347,29265.402943,0.057,1
2026-08-12,17:51:13,0.563767,0.553786,0.00347,29265.406413,0.057,1
2026-08-12,17:51:14,0.519601,0.551879,0.00348,29265.409893,0.057,1
2026-08-12,17:51:15,0.662492,0.562188,0.00354,29265.409893,0.057,1
2026-08-12,17:51:15,0.662492,0.562188,0.00354,29265.413433,0.057,1
2026-08-12,17:51:16,0.436465,0.562188,0.00354,29265.416973,0.057,1
2026-08-12,17:51:17,0.560845,0.562188,0.00354,29265.416973,0.057,1
2026-08-12,17:51:17,0.394897,0.562188,0.00354,29265.420513,0.057,1
2026-08-12,17:51:18,0.394897,0.562188,0.00354,29265.424053,0.057,1
2026-08-12,17:51:19,0.519601,0.557271,0.00351,29265.424053,0.057,1
2026-08-12,17:51:19,0.457249,0.540123,0.00351,29265.427563,0.057,1
2026-08-12,17:51:20,0.540061,0.535816,0.00338,29265.430943,0.057,1
2026-08-12,17:51:21,0.540061,0.543214,0.00342,29265.430943,0.057,1
2026-08-12,17:51:21,0.623197,0.543214,0.00342,29265.434363,0.057,1
2026-08-12,17:51:22,0.300719,0.543214,0.00342,29265.437783,0.057,1
2026-08-12,17:51:23,0.498817,0.547252,0.00345,29265.437783,0.057,1
2026-08-12,17:51:23,0.374113,0.534652,0.00345,29265.441233,0.057,1
2026-08-12,17:51:24,0.374113,0.534652,0.00337,29265.444603,0.057,1
2026-08-12,17:51:25,0.561819,0.534652,0.00337,29265.444603,0.057,1
2026-08-12,17:51:25,0.2283,0.534652,0.00337,29265.447973,0.057,1
2026-08-12,17:51:26,0.174716,0.534652,0.00337,29265.451343,0.057,1
2026-08-12,17:51:27,0.174716,0.534652,0.00337,29265.451343,0.057,1
2026-08-12,17:51:27,0.249409,0.534652,0.00337,29265.454713,0.057,1
2026-08-12,17:51:28,0.498817,0.525772,0.00331,29265.458023,0.057,1
2026-08-12,17:51:29,0.207841,0.525772,0.00331,29265.458023,0.057,1
2026-08-12,17:51:29,0.547097,0.524104,0.00331,29265.461333,0.057,1
2026-08-12,17:51:30,0.547097,0.524104,0.0033,29265.464633,0.057,1
2026-08-12,17:51:31,0.523674,0.524512,0.0033,29265.464633,0.057,1
2026-08-12,17:51:31,0.146301,0.524512,0.0033,29265.467933,0.057,1
2026-08-12,17:51:32,0.167248,0.524512,0.0033,29265.471233,0.057,1
2026-08-12,17:51:33,0.167248,0.524512,0.0033,29265.471233,0.057,1
2026-08-12,17:51:33,0.287681,0.524512,0.0033,29265.474533,0.057,1
2026-08-12,17:51:34,0.288003,0.524512,0.0033,29265.477833,0.057,1
2026-08-12,17:51:35,0.26711,0.524512,0.0033,29265.477833,0.057,1
2026-08-12,17:51:35,0.490183,0.507281,0.0032,29265.481133,0.057,1
2026-08-12,17:51:36,0.490183,0.492318,0.0032,29265.484333,0.057,1
2026-08-12,17:51:37,0.369968,0.492318,0.0031,29265.484333,0.057,1
2026-08-12,17:51:37,0.473148,0.493907,0.00311,29265.487433,0.057,1
2026-08-12,17:51:38,0.596256,0.499527,0.00311,29265.490543,0.057,1
2026-08-12,17:51:39,0.250074,0.499527,0.00315,29265.490543,0.057,1
2026-08-12,17:51:39,0.250074,0.499527,0.00315,29265.493693,0.057,1
2026-08-12,17:51:40,0.369968,0.474204,0.00315,29265.496843,0.057,1
2026-08-12,17:51:41,0.284146,0.452737,0.00285,29265.496843,0.057,1
2026-08-12,17:51:41,0.411111,0.452737,0.00285,29265.499693,0.057,1
2026-08-12,17:51:42,0.411111,0.452737,0.00285,29265.502543,0.057,1
2026-08-12,17:51:43,0.473148,0.452737,0.00285,29265.502543,0.057,1
2026-08-12,17:51:43,0.228217,0.452737,0.00285,29265.505393,0.057,1
2026-08-12,17:51:44,0.184823,0.452737,0.00285,29265.508243,0.057,1
2026-08-12,17:51:45,0.418504,0.457176,0.00285,29265.508243,0.057,1
2026-08-12,17:51:45,0.418504,0.457176,0.00288,29265.511093,0.057,1
2026-08-12,17:51:46,0.586187,0.457176,0.00288,29265.513973,0.057,1
2026-08-12,17:51:47,0.523346,0.457176,0.00288,29265.513973,0.057,1
2026-08-12,17:51:47,0.212088,0.457176,0.00288,29265.516853,0.057,1
2026-08-12,17:51:48,0.212088,0.457176,0.00288,29265.519733,0.057,1
2026-08-12,17:51:49,0.244817,0.457176,0.00288,29265.519733,0.057,1
2026-08-12,17:51:49,0.226867,0.457176,0.00288,29265.522613,0.057,1
2026-08-12,17:51:50,0.439886,0.451283,0.00288,29265.525493,0.057,1
2026-08-12,17:51:51,0.54462,0.451035,0.00284,29265.525493,0.057,1
2026-08-12,17:51:51,0.54462,0.451035,0.00284,29265.528333,0.057,1
2026-08-12,17:51:52,0.288739,0.451035,0.00284,29265.531173,0.057,1
2026-08-12,17:51:53,0.586187,0.457287,0.00288,29265.531173,0.057,1
2026-08-12,17:51:53,0.225392,0.457287,0.00288,29265.534053,0.057,1
2026-08-12,17:51:54,0.348509,0.443119,0.00288,29265.536933,0.057,1
2026-08-12,17:51:55,0.348509,0.443119,0.00279,29265.536933,0.057,1
2026-08-12,17:51:55,0.143636,0.443119,0.00279,29265.539723,0.057,1
2026-08-12,17:51:56,0.28695,0.443119,0.00279,29265.542513,0.057,1
2026-08-12,17:51:57,0.204873,0.443119,0.00279,29265.542513,0.057,1
2026-08-12,17:51:57,0.204873,0.443119,0.00279,29265.545303,0.057,1
2026-08-12,17:51:58,0.229815,0.443119,0.00279,29265.548093,0.057,1
2026-08-12,17:51:59,0.522307,0.458353,0.00289,29265.548093,0.057,1
2026-08-12,17:51:59,0.563766,0.467415,0.00289,29265.550983,0.057,1
2026-08-12,17:52:00,0.125027,0.467415,0.00294,29265.553923,0.057,1
2026-08-12,17:52:01,0.125027,0.467415,0.00294,29265.553923,0.057,1
2026-08-12,17:52:01,0.188031,0.467415,0.00294,29265.556863,0.057,1
2026-08-12,17:52:02,0.132209,0.467415,0.00294,29265.559803,0.057,1
2026-08-12,17:52:03,0.555434,0.463333,0.00292,29265.559803,0.057,1
2026-08-12,17:52:03,0.164252,0.463333,0.00292,29265.562723,0.057,1
2026-08-12,17:52:04,0.164252,0.463333,0.00292,29265.565643,0.057,1
2026-08-12,17:52:05,0.205716,0.463333,0.00292,29265.565643,0.057,1
2026-08-12,17:52:05,0.541612,0.480497,0.00292,29265.568563,0.057,1
2026-08-12,17:52:06,0.5432,0.506402,0.00319,29265.571753,0.057,1
2026-08-12,17:52:07,0.5432,0.506402,0.00319,29265.571753,0.057,1
2026-08-12,17:52:07,0.377041,0.506402,0.00319,29265.574943,0.057,1
2026-08-12,17:52:08,0.5523,0.519782,0.00327,29265.578213,0.057,1
2026-08-12,17:52:09,0.300615,0.519782,0.00327,29265.578213,0.057,1
2026-08-12,17:52:09,0.355169,0.519782,0.00327,29265.581483,0.057,1
2026-08-12,17:52:10,0.355169,0.519782,0.00327,29265.584753,0.057,1
2026-08-12,17:52:11,0.083569,0.519782,0.00327,29265.584753,0.057,1
2026-08-12,17:52:11,0.188031,0.519782,0.00327,29265.588023,0.057,1
2026-08-12,17:52:12,0.605877,0.536381,0.00338,29265.591403,0.057,1
2026-08-12,17:52:13,0.605877,0.538296,0.00338,29265.591403,0.057,1
2026-08-12,17:52:13,0.563766,0.538296,0.00339,29265.594793,0.057,1
2026-08-12,17:52:14,0.123108,0.538296,0.00339,29265.598183,0.057,1
2026-08-12,17:52:15,0.267431,0.538296,0.00339,29265.598183,0.057,1
2026-08-12,17:52:15,0.576006,0.537278,0.00339,29265.601573,0.057,1
2026-08-12,17:52:16,0.576006,0.557176,0.00351,29265.605083,0.057,1
2026-08-12,17:52:17,0.547489,0.557176,0.00351,29265.605083,0.057,1
2026-08-12,17:52:17,0.210244,0.557176,0.00351,29265.608593,0.057,1
2026-08-12,17:52:18,0.555434,0.560488,0.00353,29265.612123,0.057,1
2026-08-12,17:52:19,0.167466,0.560488,0.00353,29265.612123,0.057,1
2026-08-12,17:52:19,0.167466,0.560488,0.00353,29265.615653,0.057,1
2026-08-12,17:52:20,0.164573,0.560488,0.00353,29265.619183,0.057,1
2026-08-12,17:52:21,0.501112,0.554223,0.00353,29265.619183,0.057,1
2026-08-12,17:52:21,0.226288,0.554223,0.00349,29265.622673,0.057,1
2026-08-12,17:52:22,0.226288,0.542145,0.00341,29265.626083,0.057,1
2026-08-12,17:52:22,0.434649,0.542145,0.00341,29265.626083,0.057,1
2026-08-12,17:52:23,0.266752,0.542145,0.00341,29265.629493,0.057,1
2026-08-12,17:52:24,0.525809,0.540564,0.0034,29265.632893,0.057,1
2026-08-12,17:52:24,0.612116,0.547456,0.0034,29265.632893,0.057,1
2026-08-12,17:52:25,0.612116,0.547456,0.00345,29265.636343,0.057,1
2026-08-12,17:52:26,0.24973,0.547456,0.00345,29265.639793,0.057,1
2026-08-12,17:52:26,0.35392,0.547456,0.00345,29265.639793,0.057,1
2026-08-12,17:52:27,0.145866,0.547456,0.00345,29265.643243,0.057,1
2026-08-12,17:52:28,0.145866,0.547456,0.00345,29265.646693,0.057,1
2026-08-12,17:52:28,0.270568,0.547456,0.00345,29265.646693,0.057,1
2026-08-12,17:52:29,0.348509,0.547456,0.00345,29265.650143,0.057,1
2026-08-12,17:52:30,0.512663,0.543492,0.00345,29265.653593,0.057,1
2026-08-12,17:52:30,0.366142,0.519519,0.00342,29265.653593,0.057,1
2026-08-12,17:52:31,0.366142,0.519519,0.00327,29265.657013,0.057,1
2026-08-12,17:52:32,0.512663,0.519519,0.00327,29265.660283,0.057,1
2026-08-12,17:52:32,0.401881,0.519519,0.00327,29265.660283,0.057,1
2026-08-12,17:52:33,0.33222,0.519519,0.00327,29265.663553,0.057,1
2026-08-12,17:52:34,0.33222,0.519519,0.00327,29265.666823,0.057,1
2026-08-12,17:52:34,0.457249,0.508867,0.00321,29265.666823,0.057,1
2026-08-12,17:52:35,0.353004,0.486567,0.00306,29265.670033,0.057,1
2026-08-12,17:52:36,0.562391,0.486567,0.00306,29265.673093,0.057,1
2026-08-12,17:52:36,0.562391,0.486567,0.00306,29265.673093,0.057,1
2026-08-12,17:52:37,0.63289,0.486567,0.00306,29265.676153,0.057,1
2026-08-12,17:52:38,0.571642,0.486567,0.00306,29265.679213,0.057,1
2026-08-12,17:52:38,0.510076,0.486567,0.00306,29265.679213,0.057,1
2026-08-12,17:52:39,0.510076,0.486567,0.00306,29265.682273,0.057,1
2026-08-12,17:52:40,0.611836,0.486567,0.00306,29265.685333,0.057,1
2026-08-12,17:52:40,0.580452,0.486567,0.00306,29265.685333,0.057,1
2026-08-12,17:52:41,0.435339,0.486567,0.00306,29265.688393,0.057,1
2026-08-12,17:52:42,0.559722,0.486567,0.00306,29265.688393,0.057,1
2026-08-12,17:52:42,0.559722,0.486567,0.00306,29265.691453,0.057,1
2026-08-12,17:52:43,0.518261,0.486567,0.00306,29265.694513,0.057,1
2026-08-12,17:52:44,0.518261,0.550087,0.00306,29265.694513,0.057,1
2026-08-12,17:52:44,0.518261,0.550087,0.00347,29265.697573,0.057,1
2026-08-12,17:52:45,0.5364,0.547488,0.00347,29265.701043,0.057,1
2026-08-12,17:52:46,0.414285,0.525627,0.00331,29265.701043,0.057,1
2026-08-12,17:52:46,0.497207,0.518184,0.00326,29265.704353,0.057,1
2026-08-12,17:52:47,0.497207,0.518184,0.00326,29265.707613,0.057,1
2026-08-12,17:52:48,0.551624,0.522339,0.00329,29265.707613,0.057,1
2026-08-12,17:52:48,0.559398,0.517095,0.00326,29265.710903,0.057,1
2026-08-12,17:52:49,0.517937,0.510843,0.00326,29265.714163,0.057,1
2026-08-12,17:52:50,0.517937,0.510843,0.00322,29265.714163,0.057,1
2026-08-12,17:52:50,0.538991,0.521209,0.00328,29265.717383,0.057,1
2026-08-12,17:52:51,0.345615,0.521209,0.00328,29265.720663,0.057,1
2026-08-12,17:52:52,0.538991,0.519136,0.00327,29265.720663,0.057,1
2026-08-12,17:52:52,0.538991,0.519136,0.00327,29265.723933,0.057,1
2026-08-12,17:52:53,0.290226,0.519136,0.00327,29265.727203,0.057,1
2026-08-12,17:52:54,0.57365,0.524675,0.0033,29265.727203,0.057,1
2026-08-12,17:52:54,0.414609,0.514309,0.0033,29265.730503,0.057,1
2026-08-12,17:52:55,0.414609,0.512463,0.00324,29265.733743,0.057,1
2026-08-12,17:52:56,0.517937,0.512463,0.00323,29265.733743,0.057,1
2026-08-12,17:52:56,0.511783,0.522213,0.00323,29265.736973,0.057,1
2026-08-12,17:52:57,0.538991,0.526391,0.00329,29265.740263,0.057,1
2026-08-12,17:52:58,0.165844,0.526391,0.00332,29265.740263,0.057,1
2026-08-12,17:52:58,0.165844,0.526391,0.00332,29265.743583,0.057,1
2026-08-12,17:52:59,0.530894,0.524318,0.0033,29265.746883,0.057,1
2026-08-12,17:53:00,0.45607,0.513985,0.00324,29265.746883,0.057,1
2026-08-12,17:53:00,0.570087,0.5192,0.00324,29265.750123,0.057,1
2026-08-12,17:53:01,0.570087,0.5192,0.00327,29265.753393,0.057,1
2026-08-12,17:53:02,0.269172,0.5192,0.00327,29265.753393,0.057,1
2026-08-12,17:53:02,0.45607,0.510908,0.00327,29265.756663,0.057,1
2026-08-12,17:53:03,0.538991,0.510908,0.00322,29265.759883,0.057,1
2026-08-12,17:53:04,0.331363,0.510908,0.00322,29265.759883,0.057,1
2026-08-12,17:53:04,0.331363,0.510908,0.00322,29265.763103,0.057,1
2026-08-12,17:53:05,0.248765,0.510908,0.00322,29265.766323,0.057,1
2026-08-12,17:53:06,0.562313,0.509775,0.00321,29265.766323,0.057,1
2026-08-12,17:53:06,0.580452,0.526359,0.00321,29265.769533,0.057,1
2026-08-12,17:53:07,0.303507,0.526359,0.00332,29265.772853,0.057,1
2026-08-12,17:53:08,0.303507,0.526359,0.00332,29265.772853,0.057,1
2026-08-12,17:53:08,0.345615,0.526359,0.00332,29265.776173,0.057,1
2026-08-12,17:53:09,0.231274,0.526359,0.00332,29265.779493,0.057,1
2026-08-12,17:53:10,0.082922,0.526359,0.00332,29265.779493,0.057,1
2026-08-12,17:53:10,0.082922,0.530537,0.00332,29265.782813,0.057,1
2026-08-12,17:53:11,0.559722,0.530537,0.00334,29265.786153,0.057,1
2026-08-12,17:53:12,0.559722,0.535331,0.00337,29265.786153,0.057,1
2026-08-12,17:53:12,0.082922,0.535331,0.00337,29265.789523,0.057,1
2026-08-12,17:53:13,0.186574,0.535331,0.00337,29265.792893,0.057,1
2026-08-12,17:53:14,0.186574,0.535331,0.00337,29265.792893,0.057,1
2026-08-12,17:53:14,0.517937,0.533226,0.00336,29265.796253,0.057,1
2026-08-12,17:53:15,0.331363,0.533226,0.00336,29265.799613,0.057,1
2026-08-12,17:53:16,0.269496,0.533226,0.00336,29265.799613,0.057,1
2026-08-12,17:53:16,0.269496,0.541842,0.00336,29265.802973,0.057,1
2026-08-12,17:53:17,0.617055,0.541842,0.00341,29265.806383,0.057,1
2026-08-12,17:53:18,0.269496,0.541842,0.00341,29265.806383,0.057,1
2026-08-12,17:53:18,0.112287,0.541842,0.00341,29265.809793,0.057,1
2026-08-12,17:53:19,0.561169,0.552352,0.00348,29265.813273,0.057,1
2026-08-12,17:53:20,0.561169,0.557955,0.00348,29265.813273,0.057,1
2026-08-12,17:53:20,0.62612,0.557955,0.00351,29265.816783,0.057,1
2026-08-12,17:53:21,0.187056,0.557955,0.00351,29265.820293,0.057,1
2026-08-12,17:53:22,0.33222,0.557955,0.00351,29265.820293,0.057,1
2026-08-12,17:53:22,0.249409,0.557955,0.00351,29265.823803,0.057,1
2026-08-12,17:53:23,0.249409,0.557955,0.00351,29265.827313,0.057,1
2026-08-12,17:53:24,0.270193,0.557955,0.00351,29265.827313,0.057,1
2026-08-12,17:53:24,0.311436,0.557955,0.00351,29265.830823,0.057,1
2026-08-12,17:53:25,0.552726,0.567621,0.00358,29265.834333,0.057,1
2026-08-12,17:53:26,0.552726,0.567621,0.00358,29265.834333,0.057,1
2026-08-12,17:53:26,0.332545,0.567621,0.00358,29265.837913,0.057,1
2026-08-12,17:53:27,0.29325,0.567621,0.00358,29265.841493,0.057,1
2026-08-12,17:53:28,0.276038,0.567621,0.00358,29265.841493,0.057,1
2026-08-12,17:53:28,0.311436,0.567621,0.00358,29265.845073,0.057,1
2026-08-12,17:53:29,0.311436,0.567621,0.00358,29265.848653,0.057,1
2026-08-12,17:53:30,0.52772,0.566494,0.00357,29265.848653,0.057,1
2026-08-12,17:53:30,0.311761,0.566494,0.00357,29265.852223,0.057,1
2026-08-12,17:53:31,0.311436,0.566494,0.00357,29265.855793,0.057,1
2026-08-12,17:53:32,0.311436,0.566494,0.00357,29265.855793,0.057,1
2026-08-12,17:53:32,0.290652,0.566494,0.00357,29265.859363,0.057,1
2026-08-12,17:53:33,0.18868,0.566494,0.00357,29265.862933,0.057,1
2026-08-12,17:53:34,0.207841,0.566494,0.00357,29265.862933,0.057,1
2026-08-12,17:53:34,0.540061,0.564268,0.00355,29265.866503,0.057,1
2026-08-12,17:53:35,0.540061,0.564268,0.00355,29265.870053,0.057,1
2026-08-12,17:53:36,0.540385,0.560262,0.00353,29265.870053,0.057,1
2026-08-12,17:53:36,0.37119,0.560262,0.00353,29265.873583,0.057,1
2026-08-12,17:53:37,0.415356,0.560262,0.00353,29265.877113,0.057,1
2026-08-12,17:53:38,0.415356,0.563491,0.00353,29265.877113,0.057,1
2026-08-12,17:53:38,0.592021,0.563491,0.00354,29265.880643,0.057,1
2026-08-12,17:53:39,0.540385,0.561558,0.00354,29265.884183,0.057,1
2026-08-12,17:53:40,0.498817,0.559646,0.00353,29265.884183,0.057,1
2026-08-12,17:53:40,0.249084,0.559646,0.00353,29265.887713,0.057,1
2026-08-12,17:53:41,0.249084,0.559646,0.00353,29265.891243,0.057,1
2026-08-12,17:53:42,0.330921,0.559646,0.00353,29265.891243,0.057,1
2026-08-12,17:53:42,0.602413,0.558182,0.00352,29265.894773,0.057,1
2026-08-12,17:53:43,0.320204,0.558182,0.00352,29265.898293,0.057,1
2026-08-12,17:53:44,0.48258,0.550323,0.00347,29265.898293,0.057,1
2026-08-12,17:53:44,0.48258,0.550323,0.00347,29265.901763,0.057,1
2026-08-12,17:53:45,0.26662,0.550323,0.00347,29265.905233,0.057,1
2026-08-12,17:53:46,0.560845,0.543795,0.00343,29265.905233,0.057,1
2026-08-12,17:53:46,0.1299,0.543795,0.00343,29265.908663,0.057,1
2026-08-12,17:53:47,0.1299,0.543795,0.00343,29265.912093,0.057,1
2026-08-12,17:53:48,0.353329,0.543795,0.00343,29265.912093,0.057,1
2026-08-12,17:53:48,0.250058,0.543795,0.00343,29265.915523,0.057,1
2026-08-12,17:53:49,0.269868,0.543795,0.00343,29265.918953,0.057,1
2026-08-12,17:53:50,0.353329,0.543795,0.00343,29265.918953,0.057,1
2026-08-12,17:53:50,0.353329,0.542561,0.00343,29265.922383,0.057,1
2026-08-12,17:53:51,0.540385,0.542561,0.00342,29265.925803,0.057,1
2026-08-12,17:53:52,0.311761,0.542561,0.00342,29265.925803,0.057,1
2026-08-12,17:53:52,0.59884,0.549673,0.00342,29265.929223,0.057,1
2026-08-12,17:53:53,0.582928,0.55396,0.00346,29265.932683,0.057,1
2026-08-12,17:53:54,0.582928,0.55396,0.00349,29265.932683,0.057,1
2026-08-12,17:53:54,0.373788,0.55396,0.00349,29265.936173,0.057,1
2026-08-12,17:53:55,0.563767,0.556298,0.0035,29265.939673,0.057,1
2026-08-12,17:53:56,0.540385,0.551135,0.00347,29265.939673,0.057,1
2026-08-12,17:53:56,0.540385,0.553213,0.00347,29265.943143,0.057,1
2026-08-12,17:53:57,0.561169,0.553213,0.00348,29265.946623,0.057,1
2026-08-12,17:53:58,0.540061,0.557337,0.00351,29265.946623,0.057,1
2026-08-12,17:53:58,0.498817,0.546978,0.00351,29265.950133,0.057,1
2026-08-12,17:53:59,0.498817,0.55068,0.00345,29265.953583,0.057,1
2026-08-12,17:54:00,0.519601,0.55068,0.00345,29265.953583,0.057,1
2026-08-12,17:54:00,0.614022,0.555998,0.0035,29265.957083,0.057,1
2026-08-12,17:54:01,0.416434,0.555998,0.0035,29265.960583,0.057,1
2026-08-12,17:54:02,0.416434,0.560306,0.0035,29265.960583,0.057,1
2026-08-12,17:54:02,0.583464,0.560306,0.00353,29265.964113,0.057,1
2026-08-12,17:54:03,0.687329,0.569154,0.00359,29265.967703,0.057,1
2026-08-12,17:54:04,0.270568,0.569154,0.00359,29265.967703,0.057,1
2026-08-12,17:54:04,0.333408,0.569154,0.00359,29265.971293,0.057,1
2026-08-12,17:54:05,0.333408,0.569154,0.00359,29265.974883,0.057,1
2026-08-12,17:54:06,0.291406,0.569154,0.00359,29265.974883,0.057,1
2026-08-12,17:54:06,0.62514,0.573376,0.00361,29265.978493,0.057,1
2026-08-12,17:54:07,0.291732,0.573376,0.00361,29265.982103,0.057,1
2026-08-12,17:54:08,0.291732,0.573376,0.00361,29265.982103,0.057,1
2026-08-12,17:54:08,0.291732,0.573376,0.00361,29265.985713,0.057,1
2026-08-12,17:54:09,0.251685,0.573376,0.00361,29265.989323,0.057,1
2026-08-12,17:54:10,0.581629,0.575162,0.00361,29265.989323,0.057,1
2026-08-12,17:54:10,0.332545,0.575162,0.00362,29265.992943,0.057,1
2026-08-12,17:54:11,0.332545,0.575162,0.00362,29265.996563,0.057,1
2026-08-12,17:54:12,0.540385,0.575162,0.00362,29265.996563,0.057,1
2026-08-12,17:54:12,0.478033,0.566848,0.00357,29266.000133,0.057,1
2026-08-12,17:54:13,0.581953,0.571037,0.0036,29266.003733,0.057,1
2026-08-12,17:54:14,0.581953,0.575194,0.0036,29266.003733,0.057,1
2026-08-12,17:54:14,0.540385,0.575194,0.00362,29266.007353,0.057,1
2026-08-12,17:54:15,0.561169,0.579351,0.00365,29266.011003,0.057,1
2026-08-12,17:54:16,0.450283,0.562977,0.00365,29266.011003,0.057,1
2026-08-12,17:54:16,0.415356,0.546166,0.00355,29266.014553,0.057,1
2026-08-12,17:54:17,0.415356,0.546166,0.00344,29266.017993,0.057,1
2026-08-12,17:54:18,0.546231,0.546166,0.00344,29266.017993,0.057,1
2026-08-12,17:54:18,0.373788,0.546166,0.00344,29266.021433,0.057,1
2026-08-12,17:54:19,0.468383,0.546166,0.00344,29266.024873,0.057,1
2026-08-12,17:54:20,0.468383,0.546166,0.00344,29266.024873,0.057,1
2026-08-12,17:54:20,0.540061,0.546166,0.00344,29266.028313,0.057,1
2026-08-12,17:54:21,0.59057,0.546166,0.00344,29266.031753,0.057,1
2026-08-12,17:54:22,0.40729,0.518162,0.00344,29266.031753,0.057,1
2026-08-12,17:54:22,0.40729,0.518162,0.00326,29266.035013,0.057,1
2026-08-12,17:54:23,0.586187,0.518162,0.00326,29266.038273,0.057,1
2026-08-12,17:54:24,0.251363,0.518162,0.00326,29266.038273,0.057,1
2026-08-12,17:54:24,0.115535,0.518162,0.00326,29266.041533,0.057,1
2026-08-12,17:54:25,0.377045,0.493353,0.00326,29266.044643,0.057,1
2026-08-12,17:54:26,0.377045,0.493353,0.00311,29266.044643,0.057,1
2026-08-12,17:54:26,0.188195,0.493353,0.00311,29266.047753,0.057,1
2026-08-12,17:54:27,0.27231,0.493353,0.00311,29266.050863,0.057,1
2026-08-12,17:54:28,0.360197,0.47121,0.00311,29266.050863,0.057,1
2026-08-12,17:54:28,0.360197,0.452472,0.00285,29266.053973,0.057,1
2026-08-12,17:54:29,0.353004,0.452472,0.00285,29266.056823,0.057,1
2026-08-12,17:54:30,0.415356,0.446204,0.00281,29266.056823,0.057,1
2026-08-12,17:54:30,0.33222,0.421231,0.00265,29266.059633,0.057,1
2026-08-12,17:54:31,0.498817,0.421231,0.00265,29266.062283,0.057,1
2026-08-12,17:54:32,0.498817,0.421231,0.00265,29266.062283,0.057,1
2026-08-12,17:54:32,0.122106,0.421231,0.00265,29266.064933,0.057,1
2026-08-12,17:54:33,0.311761,0.398368,0.00265,29266.067583,0.057,1
2026-08-12,17:54:34,0.270193,0.369271,0.00232,29266.067583,0.057,1
2026-08-12,17:54:34,0.573835,0.369271,0.00232,29266.069903,0.057,1
2026-08-12,17:54:35,0.573835,0.369271,0.00232,29266.072223,0.057,1
2026-08-12,17:54:36,0.244351,0.369271,0.00232,29266.072223,0.057,1
2026-08-12,17:54:36,0.428413,0.367083,0.00231,29266.074543,0.057,1
2026-08-12,17:54:37,0.373788,0.362927,0.00231,29266.074543,0.057,1
2026-08-12,17:54:38,0.373788,0.362927,0.00228,29266.076853,0.057,1
2026-08-12,17:54:38,0.21136,0.362927,0.00228,29266.079133,0.057,1
2026-08-12,17:54:39,0.592734,0.362927,0.00228,29266.079133,0.057,1
2026-08-12,17:54:40,0.225967,0.362927,0.00228,29266.081413,0.057,1
2026-08-12,17:54:40,0.379611,0.360159,0.00228,29266.083693,0.057,1
2026-08-12,17:54:41,0.379611,0.360159,0.00227,29266.083693,0.057,1
2026-08-12,17:54:42,0.502399,0.360159,0.00227,29266.085963,0.057,1
2026-08-12,17:54:42,0.183887,0.360159,0.00227,29266.088233,0.057,1
2026-08-12,17:54:43,0.549742,0.360159,0.00227,29266.088233,0.057,1
2026-08-12,17:54:44,0.549742,0.360159,0.00227,29266.090503,0.057,1
2026-08-12,17:54:44,0.483045,0.360159,0.00227,29266.092773,0.057,1
2026-08-12,17:54:45,0.343579,0.360159,0.00227,29266.092773,0.057,1
2026-08-12,17:54:46,0.185618,0.360159,0.00227,29266.095043,0.057,1
2026-08-12,17:54:46,0.391538,0.361608,0.00227,29266.097313,0.057,1
2026-08-12,17:54:47,0.391538,0.361608,0.00228,29266.097313,0.057,1
2026-08-12,17:54:48,0.553954,0.361608,0.00228,29266.099593,0.057,1
2026-08-12,17:54:48,0.54912,0.361608,0.00228,29266.101873,0.057,1
2026-08-12,17:54:49,0.577156,0.361608,0.00228,29266.101873,0.057,1
2026-08-12,17:54:50,0.567166,0.361608,0.00228,29266.104153,0.057,1
2026-08-12,17:54:50,0.567166,0.361608,0.00228,29266.106433,0.057,1
2026-08-12,17:54:51,0.313231,0.356911,0.00225,29266.106433,0.057,1
2026-08-12,17:54:52,0.371236,0.358735,0.00226,29266.108683,0.057,1
2026-08-12,17:54:52,0.206242,0.358735,0.00226,29266.110943,0.057,1
2026-08-12,17:54:53,0.206242,0.358735,0.00226,29266.110943,0.057,1
2026-08-12,17:54:54,0.213654,0.358735,0.00226,29266.113203,0.057,1
2026-08-12,17:54:54,0.577479,0.358735,0.00226,29266.115463,0.057,1
2026-08-12,17:54:55,0.123745,0.358735,0.00226,29266.115463,0.057,1
2026-08-12,17:54:56,0.577156,0.358735,0.00226,29266.117723,0.057,1
2026-08-12,17:54:56,0.577156,0.358735,0.00226,29266.119983,0.057,1
2026-08-12,17:54:57,0.701546,0.358735,0.00226,29266.119983,0.057,1
2026-08-12,17:54:58,0.370914,0.35429,0.00226,29266.122243,0.057,1
2026-08-12,17:54:58,0.288417,0.34991,0.00223,29266.124473,0.057,1
2026-08-12,17:54:59,0.288417,0.34991,0.0022,29266.124473,0.057,1
2026-08-12,17:55:00,0.496915,0.34991,0.0022,29266.126673,0.057,1
2026-08-12,17:55:00,0.432787,0.34991,0.0022,29266.128873,0.057,1
2026-08-12,17:55:01,0.494982,0.34991,0.0022,29266.128873,0.057,1
2026-08-12,17:55:02,0.494982,0.34991,0.0022,29266.131073,0.057,1
2026-08-12,17:55:02,0.560399,0.34991,0.0022,29266.133273,0.057,1
2026-08-12,17:55:03,0.62195,0.34991,0.0022,29266.133273,0.057,1
2026-08-12,17:55:03,0.294473,0.348181,0.0022,29266.135473,0.057,1
2026-08-12,17:55:04,0.294473,0.348181,0.00219,29266.137663,0.057,1
2026-08-12,17:55:05,0.567168,0.348181,0.00219,29266.137663,0.057,1
2026-08-12,17:55:05,0.523674,0.348181,0.00219,29266.139853,0.057,1
2026-08-12,17:55:06,0.600113,0.348181,0.00219,29266.142043,0.057,1
2026-08-12,17:55:07,0.600113,0.348181,0.00219,29266.142043,0.057,1
2026-08-12,17:55:07,0.513969,0.348181,0.00219,29266.144233,0.057,1
2026-08-12,17:55:08,0.30311,0.351473,0.00221,29266.146443,0.057,1
2026-08-12,17:55:09,0.514291,0.351473,0.00221,29266.146443,0.057,1
2026-08-12,17:55:09,0.452576,0.351473,0.00221,29266.148653,0.057,1
2026-08-12,17:55:10,0.452576,0.351473,0.00221,29266.150863,0.057,1
2026-08-12,17:55:11,0.575684,0.351473,0.00221,29266.150863,0.057,1
2026-08-12,17:55:11,0.473148,0.351473,0.00221,29266.153073,0.057,1
2026-08-12,17:55:12,0.596256,0.351473,0.00221,29266.155283,0.057,1
2026-08-12,17:55:13,0.596256,0.351473,0.00221,29266.155283,0.057,1
2026-08-12,17:55:13,0.584658,0.351473,0.00221,29266.157493,0.057,1
2026-08-12,17:55:14,0.396954,0.348327,0.00219,29266.159683,0.057,1
2026-08-12,17:55:15,0.277079,0.348327,0.00219,29266.159683,0.057,1
2026-08-12,17:55:15,0.277079,0.348327,0.00219,29266.161873,0.057,1
2026-08-12,17:55:16,0.580128,0.348327,0.00219,29266.164063,0.057,1
2026-08-12,17:55:17,0.4768,0.348327,0.00219,29266.164063,0.057,1
2026-08-12,17:55:17,0.471941,0.348327,0.00219,29266.166253,0.057,1
2026-08-12,17:55:18,0.471941,0.348327,0.00219,29266.168443,0.057,1
2026-08-12,17:55:19,0.64232,0.348327,0.00219,29266.168443,0.057,1
2026-08-12,17:55:19,0.580128,0.348327,0.00219,29266.170633,0.057,1
2026-08-12,17:55:20,0.559722,0.348327,0.00219,29266.172823,0.057,1
2026-08-12,17:55:21,0.559722,0.348327,0.00219,29266.172823,0.057,1
2026-08-12,17:55:21,0.518261,0.348327,0.00219,29266.175013,0.057,1
2026-08-12,17:55:22,0.559398,0.348327,0.00219,29266.177203,0.057,1
2026-08-12,17:55:23,0.435015,0.348327,0.00219,29266.177203,0.057,1
2026-08-12,17:55:23,0.4768,0.348327,0.00219,29266.179393,0.057,1
2026-08-12,17:55:24,0.4768,0.348327,0.00219,29266.181583,0.057,1
2026-08-12,17:55:25,0.497207,0.348327,0.00219,29266.181583,0.057,1
2026-08-12,17:55:25,0.64232,0.348327,0.00219,29266.183773,0.057,1
2026-08-12,17:55:26,0.373148,0.348263,0.00219,29266.185963,0.057,1
2026-08-12,17:55:27,0.373148,0.348263,0.00219,29266.185963,0.057,1
2026-08-12,17:55:27,0.580452,0.348263,0.00219,29266.188153,0.057,1
2026-08-12,17:55:28,0.497207,0.348263,0.00219,29266.190343,0.057,1
2026-08-12,17:55:29,0.621589,0.348263,0.00219,29266.190343,0.057,1
2026-08-12,17:55:29,0.621589,0.348263,0.00219,29266.192533,0.057,1
2026-08-12,17:55:30,0.538991,0.348263,0.00219,29266.194723,0.057,1
2026-08-12,17:55:31,0.518261,0.348263,0.00219,29266.194723,0.057,1
2026-08-12,17:55:31,0.352094,0.345511,0.00217,29266.196913,0.057,1
2026-08-12,17:55:32,0.352094,0.345511,0.00217,29266.199083,0.057,1
2026-08-12,17:55:33,0.504009,0.345511,0.00217,29266.199083,0.057,1
2026-08-12,17:55:33,0.559398,0.345511,0.00217,29266.201253,0.057,1
2026-08-12,17:55:34,0.310633,0.337421,0.00217,29266.203423,0.057,1
2026-08-12,17:55:35,0.310633,0.337421,0.00212,29266.203423,0.057,1
2026-08-12,17:55:35,0.583044,0.337421,0.00212,29266.205543,0.057,1
2026-08-12,17:55:36,0.621913,0.337421,0.00212,29266.207663,0.057,1
2026-08-12,17:55:37,0.459309,0.337421,0.00212,29266.207663,0.057,1
2026-08-12,17:55:37,0.385133,0.337421,0.00212,29266.209783,0.057,1
2026-08-12,17:55:38,0.385133,0.337421,0.00212,29266.211903,0.057,1
2026-08-12,17:55:39,0.329561,0.337421,0.00212,29266.211903,0.057,1
2026-08-12,17:55:39,0.310633,0.337421,0.00212,29266.214023,0.057,1
2026-08-12,17:55:40,0.224255,0.337421,0.00212,29266.216143,0.057,1
2026-08-12,17:55:41,0.224255,0.337421,0.00212,29266.216143,0.057,1
2026-08-12,17:55:41,0.551226,0.337421,0.00212,29266.218263,0.057,1
2026-08-12,17:55:42,0.387581,0.337421,0.00212,29266.220383,0.057,1
2026-08-12,17:55:43,0.207516,0.337421,0.00212,29266.220383,0.057,1
2026-08-12,17:55:43,0.347626,0.34086,0.00212,29266.222503,0.057,1
2026-08-12,17:55:44,0.347626,0.34086,0.00215,29266.224653,0.057,1
2026-08-12,17:55:45,0.306691,0.334406,0.0021,29266.224653,0.057,1
2026-08-12,17:55:45,0.675105,0.334406,0.0021,29266.226753,0.057,1
2026-08-12,17:55:46,0.295582,0.326873,0.0021,29266.228853,0.057,1
2026-08-12,17:55:47,0.295582,0.330327,0.00208,29266.228853,0.057,1
2026-08-12,17:55:47,0.322963,0.330327,0.00208,29266.230933,0.057,1
2026-08-12,17:55:48,0.577668,0.330327,0.00208,29266.233013,0.057,1
2026-08-12,17:55:49,0.206772,0.330327,0.00208,29266.233013,0.057,1
2026-08-12,17:55:49,0.206772,0.330327,0.00208,29266.235093,0.057,1
2026-08-12,17:55:50,0.558284,0.330327,0.00208,29266.237173,0.057,1
2026-08-12,17:55:51,0.496252,0.330327,0.00208,29266.237173,0.057,1
2026-08-12,17:55:51,0.310158,0.331896,0.00208,29266.239253,0.057,1
2026-08-12,17:55:52,0.475252,0.331896,0.00209,29266.241343,0.057,1
2026-08-12,17:55:53,0.475252,0.331896,0.00207,29266.241343,0.057,1
2026-08-12,17:55:53,0.269087,0.328494,0.00207,29266.243413,0.057,1
2026-08-12,17:55:54,0.471559,0.328494,0.00207,29266.245483,0.057,1
2026-08-12,17:55:55,0.566724,0.328494,0.00207,29266.245483,0.057,1
2026-08-12,17:55:55,0.566724,0.328494,0.00207,29266.247553,0.057,1
2026-08-12,17:55:56,0.578638,0.328494,0.00207,29266.249623,0.057,1
2026-08-12,17:55:57,0.206772,0.328494,0.00207,29266.249623,0.057,1
2026-08-12,17:55:57,0.371866,0.325985,0.00207,29266.251693,0.057,1
2026-08-12,17:55:58,0.371866,0.321721,0.00205,29266.253743,0.057,1
2026-08-12,17:55:59,0.330512,0.321721,0.00196,29266.253743,0.057,1
2026-08-12,17:55:59,0.248126,0.311324,0.00196,29266.255703,0.057,1
2026-08-12,17:56:00,0.516606,0.311324,0.00196,29266.257663,0.057,1
2026-08-12,17:56:01,0.227126,0.302974,0.00191,29266.257663,0.057,1
2026-08-12,17:56:01,0.227126,0.295059,0.00191,29266.259573,0.057,1
2026-08-12,17:56:02,0.26848,0.295059,0.00186,29266.261433,0.057,1
2026-08-12,17:56:03,0.468065,0.295059,0.00186,29266.261433,0.057,1
2026-08-12,17:56:03,0.574024,0.295059,0.00186,29266.263293,0.057,1
2026-08-12,17:56:04,0.271983,0.291588,0.00183,29266.265123,0.057,1
2026-08-12,17:56:05,0.271983,0.291588,0.00183,29266.265123,0.057,1
2026-08-12,17:56:05,0.205716,0.282602,0.00178,29266.266903,0.057,1
2026-08-12,17:56:06,0.396647,0.282602,0.00178,29266.268683,0.057,1
2026-08-12,17:56:07,0.225967,0.272902,0.00178,29266.268683,0.057,1
2026-08-12,17:56:07,0.225967,0.269553,0.00172,29266.270403,0.057,1
2026-08-12,17:56:08,0.27667,0.269553,0.0017,29266.272103,0.057,1
2026-08-12,17:56:09,0.250708,0.267715,0.0017,29266.272103,0.057,1
2026-08-12,17:56:09,0.250708,0.255599,0.00161,29266.273713,0.057,1
2026-08-12,17:56:10,0.246232,0.247171,0.00155,29266.275263,0.057,1
2026-08-12,17:56:11,0.246232,0.253106,0.00155,29266.275263,0.057,1
2026-08-12,17:56:11,0.30747,0.253106,0.00159,29266.276853,0.057,1
2026-08-12,17:56:12,0.30779,0.261172,0.00164,29266.278493,0.057,1
2026-08-12,17:56:13,0.293699,0.263694,0.00164,29266.278493,0.057,1
2026-08-12,17:56:13,0.377707,0.274267,0.00166,29266.280153,0.057,1
2026-08-12,17:56:14,0.377707,0.274267,0.00182,29266.281973,0.057,1
2026-08-12,17:56:15,0.356705,0.289365,0.00182,29266.281973,0.057,1
2026-08-12,17:56:15,0.327499,0.299519,0.00188,29266.283853,0.057,1
2026-08-12,17:56:16,0.252023,0.297054,0.00187,29266.285723,0.057,1
2026-08-12,17:56:17,0.252023,0.296595,0.00187,29266.285723,0.057,1
2026-08-12,17:56:17,0.246116,0.296595,0.00187,29266.287593,0.057,1
2026-08-12,17:56:18,0.692736,0.296595,0.00187,29266.289463,0.057,1
2026-08-12,17:56:19,0.314701,0.302994,0.00187,29266.289463,0.057,1
2026-08-12,17:56:19,0.097462,0.302994,0.00191,29266.291373,0.057,1
2026-08-12,17:56:20,0.097462,0.302994,0.00191,29266.293283,0.057,1
2026-08-12,17:56:21,0.114751,0.302994,0.00191,29266.293283,0.057,1
2026-08-12,17:56:21,0.144001,0.302994,0.00191,29266.295193,0.057,1
2026-08-12,17:56:22,0.526834,0.302994,0.00191,29266.297103,0.057,1
2026-08-12,17:56:23,0.526834,0.302994,0.00191,29266.297103,0.057,1
2026-08-12,17:56:23,0.454898,0.302994,0.00191,29266.299013,0.057,1
2026-08-12,17:56:24,0.578638,0.302994,0.00191,29266.299013,0.057,1
2026-08-12,17:56:25,0.475252,0.302994,0.00191,29266.300923,0.057,1
2026-08-12,17:56:25,0.475252,0.302994,0.00191,29266.302833,0.057,1
2026-08-12,17:56:26,0.578638,0.302994,0.00191,29266.302833,0.057,1
2026-08-12,17:56:27,0.351189,0.31349,0.00197,29266.304743,0.057,1
2026-08-12,17:56:27,0.330512,0.315794,0.00199,29266.306713,0.057,1
2026-08-12,17:56:28,0.537606,0.315794,0.00199,29266.306713,0.057,1
2026-08-12,17:56:29,0.537606,0.315794,0.00199,29266.308703,0.057,1
2026-08-12,17:56:29,0.506712,0.315794,0.00199,29266.310693,0.057,1
2026-08-12,17:56:30,0.600036,0.315794,0.00199,29266.310693,0.057,1
2026-08-12,17:56:31,0.618405,0.315794,0.00199,29266.312683,0.057,1
2026-08-12,17:56:31,0.618405,0.315794,0.00199,29266.314673,0.057,1
2026-08-12,17:56:32,0.412162,0.315794,0.00199,29266.314673,0.057,1
2026-08-12,17:56:33,0.494982,0.315794,0.00199,29266.316663,0.057,1
2026-08-12,17:56:33,0.556854,0.315794,0.00199,29266.318653,0.057,1
2026-08-12,17:56:34,0.556854,0.315794,0.00199,29266.318653,0.057,1
2026-08-12,17:56:35,0.453733,0.315794,0.00199,29266.320643,0.057,1
2026-08-12,17:56:35,0.639351,0.315794,0.00199,29266.322633,0.057,1
2026-08-12,17:56:36,0.432787,0.315794,0.00199,29266.322633,0.057,1
2026-08-12,17:56:37,0.432787,0.315794,0.00199,29266.324623,0.057,1
2026-08-12,17:56:37,0.55673,0.315794,0.00199,29266.326613,0.057,1
2026-08-12,17:56:38,0.534862,0.315794,0.00199,29266.326613,0.057,1
2026-08-12,17:56:39,0.678542,0.315794,0.00199,29266.328603,0.057,1
2026-08-12,17:56:39,0.678542,0.315794,0.00199,29266.330593,0.057,1
2026-08-12,17:56:40,0.459631,0.315794,0.00199,29266.330593,0.057,1
2026-08-12,17:56:41,0.622525,0.315794,0.00199,29266.332583,0.057,1
2026-08-12,17:56:41,0.187704,0.315794,0.00199,29266.334573,0.057,1
2026-08-12,17:56:42,0.291839,0.314199,0.00199,29266.334573,0.057,1
2026-08-12,17:56:43,0.291839,0.314199,0.00198,29266.336563,0.057,1
2026-08-12,17:56:43,0.593798,0.314199,0.00198,29266.338543,0.057,1
2026-08-12,17:56:44,0.396627,0.324492,0.00204,29266.338543,0.057,1
2026-08-12,17:56:45,0.104461,0.324492,0.00204,29266.340583,0.057,1
2026-08-12,17:56:45,0.396627,0.326384,0.00204,29266.342623,0.057,1
2026-08-12,17:56:46,0.396627,0.326384,0.00205,29266.342623,0.057,1
2026-08-12,17:56:47,0.229815,0.326384,0.00205,29266.344673,0.057,1
2026-08-12,17:56:47,0.229489,0.326384,0.00205,29266.346723,0.057,1
2026-08-12,17:56:48,0.271273,0.326384,0.00205,29266.346723,0.057,1
2026-08-12,17:56:49,0.271273,0.326384,0.00205,29266.348773,0.057,1
2026-08-12,17:56:49,0.293467,0.326384,0.00205,29266.350823,0.057,1
2026-08-12,17:56:50,0.473148,0.326384,0.00205,29266.350823,0.057,1
2026-08-12,17:56:51,0.246538,0.315367,0.00198,29266.352873,0.057,1
2026-08-12,17:56:51,0.370289,0.315367,0.00198,29266.354853,0.057,1
2026-08-12,17:56:52,0.370289,0.315367,0.00198,29266.354853,0.057,1
2026-08-12,17:56:53,0.102858,0.315367,0.00198,29266.356833,0.057,1
2026-08-12,17:56:53,0.5432,0.315367,0.00198,29266.358813,0.057,1
2026-08-12,17:56:54,0.396954,0.315367,0.00198,29266.358813,0.057,1
2026-08-12,17:56:55,0.530811,0.315367,0.00198,29266.360793,0.057,1
2026-08-12,17:56:55,0.530811,0.315367,0.00198,29266.362773,0.057,1
2026-08-12,17:56:56,0.497531,0.315367,0.00198,29266.362773,0.057,1
2026-08-12,17:56:57,0.340433,0.316661,0.00198,29266.364753,0.057,1
2026-08-12,17:56:57,0.144789,0.316661,0.00199,29266.366743,0.057,1
2026-08-12,17:56:58,0.144789,0.316661,0.00199,29266.366743,0.057,1
2026-08-12,17:56:59,0.518261,0.316661,0.00199,29266.368733,0.057,1
2026-08-12,17:56:59,0.352417,0.3267,0.00206,29266.370793,0.057,1
2026-08-12,17:57:00,0.165844,0.3267,0.00206,29266.370793,0.057,1
2026-08-12,17:57:01,0.20698,0.3267,0.00206,29266.372853,0.057,1
2026-08-12,17:57:01,0.20698,0.3267,0.00206,29266.374913,0.057,1
2026-08-12,17:57:02,0.123087,0.3267,0.00206,29266.374913,0.057,1
2026-08-12,17:57:03,0.103652,0.3267,0.00206,29266.376973,0.057,1
2026-08-12,17:57:03,0.497531,0.3267,0.00206,29266.379033,0.057,1
2026-08-12,17:57:04,0.497531,0.3267,0.00206,29266.379033,0.057,1
2026-08-12,17:57:05,0.435339,0.3267,0.00206,29266.381093,0.057,1
2026-08-12,17:57:05,0.248441,0.326932,0.00206,29266.383153,0.057,1
2026-08-12,17:57:06,0.26982,0.322444,0.00203,29266.383153,0.057,1
2026-08-12,17:57:07,0.435339,0.322444,0.00203,29266.385183,0.057,1
2026-08-12,17:57:07,0.435339,0.316316,0.00203,29266.387213,0.057,1
2026-08-12,17:57:08,0.289902,0.316316,0.00203,29266.387213,0.057,1
2026-08-12,17:57:09,0.212811,0.304546,0.00192,29266.389133,0.057,1
2026-08-12,17:57:09,0.227711,0.298133,0.00188,29266.391013,0.057,1
2026-08-12,17:57:10,0.124059,0.298133,0.00188,29266.391013,0.057,1
2026-08-12,17:57:11,0.124059,0.298133,0.00188,29266.392893,0.057,1
2026-08-12,17:57:11,0.186574,0.298133,0.00188,29266.394773,0.057,1
2026-08-12,17:57:12,0.182504,0.298133,0.00188,29266.394773,0.057,1
2026-08-12,17:57:13,0.581629,0.298133,0.00188,29266.396653,0.057,1
2026-08-12,17:57:13,0.581629,0.285457,0.0018,29266.398453,0.057,1
2026-08-12,17:57:14,0.269868,0.285457,0.0018,29266.398453,0.057,1
2026-08-12,17:57:15,0.373788,0.285457,0.0018,29266.400253,0.057,1
2026-08-12,17:57:15,0.547205,0.285457,0.0018,29266.402053,0.057,1
2026-08-12,17:57:16,0.269868,0.272781,0.0018,29266.402053,0.057,1
2026-08-12,17:57:17,0.269868,0.272781,0.00172,29266.403773,0.057,1
2026-08-12,17:57:17,0.249409,0.273068,0.00172,29266.405493,0.057,1
2026-08-12,17:57:18,0.216609,0.260686,0.00172,29266.405493,0.057,1
2026-08-12,17:57:19,0.33222,0.260686,0.00164,29266.407133,0.057,1
2026-08-12,17:57:19,0.33222,0.260686,0.00164,29266.408773,0.057,1
2026-08-12,17:57:20,0.457249,0.260686,0.00164,29266.408773,0.057,1
2026-08-12,17:57:21,0.540385,0.260686,0.00164,29266.410413,0.057,1
2026-08-12,17:57:21,0.540061,0.260686,0.00164,29266.412053,0.057,1
2026-08-12,17:57:22,0.643981,0.260686,0.00164,29266.412053,0.057,1
2026-08-12,17:57:23,0.643981,0.260686,0.00164,29266.413693,0.057,1
2026-08-12,17:57:23,0.43614,0.260686,0.00164,29266.415333,0.057,1
2026-08-12,17:57:24,0.540061,0.260686,0.00164,29266.415333,0.057,1
2026-08-12,17:57:25,0.519601,0.260686,0.00164,29266.416973,0.057,1
2026-08-12,17:57:25,0.519601,0.260686,0.00164,29266.418613,0.057,1
2026-08-12,17:57:26,0.602737,0.260686,0.00164,29266.418613,0.057,1
2026-08-12,17:57:27,0.498817,0.260686,0.00164,29266.420253,0.057,1
2026-08-12,17:57:27,0.498817,0.260686,0.00164,29266.421893,0.057,1
2026-08-12,17:57:28,0.498817,0.260686,0.00164,29266.421893,0.057,1
2026-08-12,17:57:29,0.655997,0.260686,0.00164,29266.423533,0.057,1
2026-08-12,17:57:29,0.519601,0.260686,0.00164,29266.425173,0.057,1
2026-08-12,17:57:30,0.593235,0.260686,0.00164,29266.425173,0.057,1
2026-08-12,17:57:31,0.251695,0.250613,0.00158,29266.426813,0.057,1
2026-08-12,17:57:31,0.251695,0.250613,0.00158,29266.428393,0.057,1
2026-08-12,17:57:32,0.455469,0.250613,0.00158,29266.428393,0.057,1
2026-08-12,17:57:33,0.162966,0.250613,0.00158,29266.429973,0.057,1
2026-08-12,17:57:33,0.526361,0.250613,0.00158,29266.431553,0.057,1
2026-08-12,17:57:34,0.526361,0.250613,0.00158,29266.431553,0.057,1
2026-08-12,17:57:35,0.462043,0.250613,0.00158,29266.433133,0.057,1
2026-08-12,17:57:35,0.349718,0.250613,0.00158,29266.434713,0.057,1
2026-08-12,17:57:36,0.369968,0.250613,0.00158,29266.434713,0.057,1
2026-08-12,17:57:37,0.514291,0.250613,0.00158,29266.436293,0.057,1
2026-08-12,17:57:37,0.514291,0.250613,0.00158,29266.437873,0.057,1
2026-08-12,17:57:38,0.369968,0.250613,0.00158,29266.437873,0.057,1
2026-08-12,17:57:39,0.596256,0.250613,0.00158,29266.439453,0.057,1
2026-08-12,17:57:39,0.308253,0.256594,0.00158,29266.441033,0.057,1
2026-08-12,17:57:40,0.308253,0.262495,0.00165,29266.441033,0.057,1
2026-08-12,17:57:41,0.328825,0.262495,0.00165,29266.442683,0.057,1
2026-08-12,17:57:41,0.123108,0.262495,0.00165,29266.444333,0.057,1
2026-08-12,17:57:42,0.208923,0.254397,0.0016,29266.444333,0.057,1
2026-08-12,17:57:43,0.438738,0.254397,0.0016,29266.445933,0.057,1
2026-08-12,17:57:43,0.438738,0.254397,0.0016,29266.447533,0.057,1
2026-08-12,17:57:44,0.5432,0.254397,0.0016,29266.447533,0.057,1
2026-08-12,17:57:45,0.523287,0.254397,0.0016,29266.449133,0.057,1
2026-08-12,17:57:45,0.514291,0.254397,0.0016,29266.450733,0.057,1
2026-08-12,17:57:46,0.514291,0.254397,0.0016,29266.450733,0.057,1
2026-08-12,17:57:47,0.59272,0.254397,0.0016,29266.452333,0.057,1
2026-08-12,17:57:47,0.24686,0.257802,0.00162,29266.453953,0.057,1
2026-08-12,17:57:48,0.555113,0.257802,0.00162,29266.453953,0.057,1
2026-08-12,17:57:49,0.411111,0.257802,0.00162,29266.455573,0.057,1
2026-08-12,17:57:49,0.411111,0.257802,0.00162,29266.457193,0.057,1
2026-08-12,17:57:50,0.328825,0.257802,0.00162,29266.457193,0.057,1
2026-08-12,17:57:51,0.309539,0.257802,0.00162,29266.458813,0.057,1
2026-08-12,17:57:51,0.564092,0.257802,0.00162,29266.460433,0.057,1
2026-08-12,17:57:52,0.564092,0.257802,0.00162,29266.460433,0.057,1
2026-08-12,17:57:53,0.584658,0.257802,0.00162,29266.462053,0.057,1
2026-08-12,17:57:53,0.584658,0.257802,0.00162,29266.463673,0.057,1
2026-08-12,17:57:54,0.341132,0.257802,0.00162,29266.463673,0.057,1
2026-08-12,17:57:54,0.341132,0.257802,0.00162,29266.465293,0.057,1
2026-08-12,17:57:55,0.584658,0.257802,0.00162,29266.466913,0.057,1
2026-08-12,17:57:56,0.584984,0.257802,0.00162,29266.466913,0.057,1
2026-08-12,17:57:56,0.250708,0.260102,0.00162,29266.468533,0.057,1
2026-08-12,17:57:57,0.083569,0.260102,0.00164,29266.470173,0.057,1
2026-08-12,17:57:58,0.083569,0.260102,0.00164,29266.470173,0.057,1
2026-08-12,17:57:58,0.5432,0.260102,0.00164,29266.471813,0.057,1
2026-08-12,17:57:59,0.375735,0.260102,0.00164,29266.473453,0.057,1
2026-08-12,17:58:00,0.5432,0.260102,0.00164,29266.473453,0.057,1
2026-08-12,17:58:00,0.5432,0.262364,0.00164,29266.475093,0.057,1
2026-08-12,17:58:01,0.292492,0.262364,0.00165,29266.476743,0.057,1
2026-08-12,17:58:02,0.452576,0.262364,0.00165,29266.476743,0.057,1
2026-08-12,17:58:02,0.349396,0.262364,0.00165,29266.478393,0.057,1
2026-08-12,17:58:03,0.205716,0.255949,0.00161,29266.480003,0.057,1
2026-08-12,17:58:04,0.205716,0.255949,0.00161,29266.480003,0.057,1
2026-08-12,17:58:04,0.164573,0.247465,0.00156,29266.481563,0.057,1
2026-08-12,17:58:05,0.329146,0.247465,0.00156,29266.483123,0.057,1
2026-08-12,17:58:06,0.506712,0.247465,0.00156,29266.483123,0.057,1
2026-08-12,17:58:06,0.506712,0.257474,0.00156,29266.484683,0.057,1
2026-08-12,17:58:07,0.316695,0.257474,0.00162,29266.484683,0.057,1
2026-08-12,17:58:08,0.590834,0.257474,0.00162,29266.486303,0.057,1
2026-08-12,17:58:08,0.498492,0.257474,0.00162,29266.487923,0.057,1
2026-08-12,17:58:09,0.498817,0.257474,0.00162,29266.487923,0.057,1
2026-08-12,17:58:10,0.498817,0.253088,0.00162,29266.489543,0.057,1
2026-08-12,17:58:10,0.207841,0.253088,0.00159,29266.491133,0.057,1
2026-08-12,17:58:11,0.253306,0.247594,0.00159,29266.491133,0.057,1
2026-08-12,17:58:12,0.332545,0.247594,0.00156,29266.492693,0.057,1
2026-08-12,17:58:12,0.083136,0.247594,0.00156,29266.494253,0.057,1
2026-08-12,17:58:13,0.083136,0.247594,0.00156,29266.494253,0.057,1
2026-08-12,17:58:14,0.282533,0.242965,0.00153,29266.495783,0.057,1
2026-08-12,17:58:14,0.311436,0.253216,0.00159,29266.497373,0.057,1
2026-08-12,17:58:15,0.602413,0.253216,0.00159,29266.497373,0.057,1
2026-08-12,17:58:16,0.602413,0.253216,0.00159,29266.498963,0.057,1
2026-08-12,17:58:16,0.511685,0.253216,0.00159,29266.500553,0.057,1
2026-08-12,17:58:17,0.567052,0.253216,0.00159,29266.500553,0.057,1
2026-08-12,17:58:18,0.608728,0.253216,0.00159,29266.502143,0.057,1
2026-08-12,17:58:18,0.206242,0.249154,0.00157,29266.503733,0.057,1
2026-08-12,17:58:19,0.206242,0.249154,0.00157,29266.503733,0.057,1
2026-08-12,17:58:20,0.574256,0.249154,0.00157,29266.505303,0.057,1
2026-08-12,17:58:20,0.35029,0.249154,0.00157,29266.506873,0.057,1
2026-08-12,17:58:21,0.309041,0.249154,0.00157,29266.506873,0.057,1
2026-08-12,17:58:22,0.309041,0.249154,0.00157,29266.508443,0.057,1
2026-08-12,17:58:22,0.556532,0.249154,0.00157,29266.510013,0.057,1
2026-08-12,17:58:23,0.35029,0.249154,0.00157,29266.510013,0.057,1
2026-08-12,17:58:24,0.535908,0.249154,0.00157,29266.511583,0.057,1
2026-08-12,17:58:24,0.535908,0.249154,0.00157,29266.513153,0.057,1
2026-08-12,17:58:25,0.535908,0.249154,0.00157,29266.513153,0.057,1
2026-08-12,17:58:26,0.123745,0.249154,0.00157,29266.514723,0.057,1
2026-08-12,17:58:26,0.41474,0.249154,0.00157,29266.516293,0.057,1
2026-08-12,17:58:27,0.123745,0.249154,0.00157,29266.516293,0.057,1
2026-08-12,17:58:28,0.123745,0.249154,0.00157,29266.517863,0.057,1
2026-08-12,17:58:28,0.59198,0.249154,0.00157,29266.519433,0.057,1
2026-08-12,17:58:29,0.577156,0.249154,0.00157,29266.519433,0.057,1
2026-08-12,17:58:30,0.267793,0.250863,0.00158,29266.521003,0.057,1
2026-08-12,17:58:30,0.355771,0.250863,0.00158,29266.522583,0.057,1
2026-08-12,17:58:31,0.355771,0.250863,0.00158,29266.522583,0.057,1
2026-08-12,17:58:32,0.48178,0.250863,0.00158,29266.524163,0.057,1
2026-08-12,17:58:32,0.334824,0.250863,0.00158,29266.525743,0.057,1
2026-08-12,17:58:33,0.225967,0.24421,0.00154,29266.525743,0.057,1
2026-08-12,17:58:34,0.308574,0.24421,0.00154,29266.527283,0.057,1
2026-08-12,17:58:34,0.308574,0.24421,0.00154,29266.528823,0.057,1
2026-08-12,17:58:35,0.370289,0.24421,0.00154,29266.528823,0.057,1
2026-08-12,17:58:36,0.294802,0.24421,0.00154,29266.530363,0.057,1
2026-08-12,17:58:36,0.56271,0.24421,0.00154,29266.531903,0.057,1
2026-08-12,17:58:37,0.56271,0.24421,0.00154,29266.531903,0.057,1
2026-08-12,17:58:38,0.367484,0.24421,0.00154,29266.533443,0.057,1
2026-08-12,17:58:38,0.538991,0.24421,0.00154,29266.534983,0.057,1
2026-08-12,17:58:39,0.538991,0.24421,0.00154,29266.534983,0.057,1
2026-08-12,17:58:40,0.414609,0.24421,0.00154,29266.536523,0.057,1
2026-08-12,17:58:40,0.414609,0.24421,0.00154,29266.538063,0.057,1
2026-08-12,17:58:41,0.538991,0.24421,0.00154,29266.538063,0.057,1
2026-08-12,17:58:42,0.600859,0.24421,0.00154,29266.539603,0.057,1
2026-08-12,17:58:42,0.373148,0.24421,0.00154,29266.541143,0.057,1
2026-08-12,17:58:43,0.373148,0.24421,0.00154,29266.541143,0.057,1
2026-08-12,17:58:44,0.455098,0.24421,0.00154,29266.542683,0.057,1
2026-08-12,17:58:44,0.228035,0.246442,0.00155,29266.544233,0.057,1
2026-08-12,17:58:45,0.580452,0.246442,0.00155,29266.544233,0.057,1
2026-08-12,17:58:46,0.580452,0.246442,0.00155,29266.545783,0.057,1
2026-08-12,17:58:46,0.414609,0.246442,0.00155,29266.547333,0.057,1
2026-08-12,17:58:47,0.642644,0.246442,0.00155,29266.547333,0.057,1
2026-08-12,17:58:48,0.244554,0.25444,0.00155,29266.548883,0.057,1
2026-08-12,17:58:48,0.559722,0.25444,0.0016,29266.550483,0.057,1
2026-08-12,17:58:49,0.559722,0.25444,0.0016,29266.550483,0.057,1
2026-08-12,17:58:50,0.227711,0.245542,0.0016,29266.552083,0.057,1
2026-08-12,17:58:50,0.515022,0.245542,0.00154,29266.553623,0.057,1
2026-08-12,17:58:51,0.600859,0.245542,0.00154,29266.553623,0.057,1
2026-08-12,17:58:52,0.600859,0.245542,0.00154,29266.555163,0.057,1
2026-08-12,17:58:52,0.124059,0.245542,0.00154,29266.556703,0.057,1
2026-08-12,17:58:53,0.273416,0.252099,0.00159,29266.556703,0.057,1
2026-08-12,17:58:54,0.13243,0.252099,0.00159,29266.558293,0.057,1
2026-08-12,17:58:54,0.493398,0.252099,0.00159,29266.559883,0.057,1
2026-08-12,17:58:55,0.493398,0.252099,0.00159,29266.559883,0.057,1
2026-08-12,17:58:56,0.577934,0.252099,0.00159,29266.561473,0.057,1
2026-08-12,17:58:56,0.144001,0.252099,0.00159,29266.563063,0.057,1
2026-08-12,17:58:57,0.637078,0.252099,0.00159,29266.563063,0.057,1
2026-08-12,17:58:58,0.637078,0.258912,0.00159,29266.564653,0.057,1
2026-08-12,17:58:58,0.321432,0.258912,0.00163,29266.566283,0.057,1
2026-08-12,17:58:59,0.14368,0.258912,0.00163,29266.566283,0.057,1
2026-08-12,17:59:00,0.267431,0.257402,0.00163,29266.567913,0.057,1
2026-08-12,17:59:00,0.26711,0.252969,0.00159,29266.569503,0.057,1
2026-08-12,17:59:01,0.26711,0.252969,0.00159,29266.569503,0.057,1
2026-08-12,17:59:02,0.473148,0.252969,0.00159,29266.571093,0.057,1
2026-08-12,17:59:02,0.39054,0.252969,0.00159,29266.572683,0.057,1
2026-08-12,17:59:03,0.313717,0.252969,0.00159,29266.572683,0.057,1
2026-08-12,17:59:04,0.26711,0.252969,0.00159,29266.574273,0.057,1
2026-08-12,17:59:04,0.26711,0.252969,0.00159,29266.575863,0.057,1
2026-08-12,17:59:05,0.526432,0.252969,0.00159,29266.575863,0.057,1
2026-08-12,17:59:06,0.318881,0.264233,0.00166,29266.577523,0.057,1
2026-08-12,17:59:06,0.291419,0.266595,0.00168,29266.579203,0.057,1
2026-08-12,17:59:07,0.291419,0.266595,0.00168,29266.579203,0.057,1
2026-08-12,17:59:08,0.446175,0.266595,0.00168,29266.580883,0.057,1
2026-08-12,17:59:08,0.371866,0.266595,0.00168,29266.582563,0.057,1
2026-08-12,17:59:09,0.392543,0.266595,0.00168,29266.582563,0.057,1
2026-08-12,17:59:10,0.392543,0.266595,0.00168,29266.584243,0.057,1
2026-08-12,17:59:10,0.599315,0.266595,0.00168,29266.585923,0.057,1
2026-08-12,17:59:11,0.496491,0.266595,0.00168,29266.585923,0.057,1
2026-08-12,17:59:12,0.450283,0.266595,0.00168,29266.587603,0.057,1
2026-08-12,17:59:12,0.450283,0.266595,0.00168,29266.589283,0.057,1
2026-08-12,17:59:13,0.347626,0.266595,0.00168,29266.589283,0.057,1
2026-08-12,17:59:14,0.581393,0.266595,0.00168,29266.590963,0.057,1
2026-08-12,17:59:14,0.208923,0.264891,0.00167,29266.592633,0.057,1
2026-08-12,17:59:15,0.208923,0.26298,0.00167,29266.592633,0.057,1
2026-08-12,17:59:16,0.208923,0.26298,0.00165,29266.594283,0.057,1
2026-08-12,17:59:16,0.250708,0.263595,0.00165,29266.595933,0.057,1
2026-08-12,17:59:17,0.334277,0.263595,0.00166,29266.595933,0.057,1
2026-08-12,17:59:18,0.188031,0.259627,0.00163,29266.597593,0.057,1
2026-08-12,17:59:18,0.188031,0.259627,0.00163,29266.599223,0.057,1
2026-08-12,17:59:19,0.617302,0.259627,0.00163,29266.599223,0.057,1
2026-08-12,17:59:20,0.555113,0.259627,0.00163,29266.600853,0.057,1
2026-08-12,17:59:20,0.246538,0.256939,0.00163,29266.602483,0.057,1
2026-08-12,17:59:21,0.596577,0.256939,0.00162,29266.602483,0.057,1
2026-08-12,17:59:22,0.596577,0.256939,0.00162,29266.604103,0.057,1
2026-08-12,17:59:22,0.15043,0.256939,0.00162,29266.605723,0.057,1
2026-08-12,17:59:23,0.452576,0.256939,0.00162,29266.605723,0.057,1
2026-08-12,17:59:24,0.267431,0.251539,0.00158,29266.607343,0.057,1
2026-08-12,17:59:24,0.522307,0.251539,0.00158,29266.608923,0.057,1
2026-08-12,17:59:25,0.522307,0.251539,0.00158,29266.608923,0.057,1
2026-08-12,17:59:26,0.292166,0.254013,0.0016,29266.610503,0.057,1
2026-08-12,17:59:26,0.279108,0.255213,0.0016,29266.612103,0.057,1
2026-08-12,17:59:27,0.555434,0.255213,0.0016,29266.612103,0.057,1
2026-08-12,17:59:28,0.555434,0.255213,0.0016,29266.613703,0.057,1
2026-08-12,17:59:28,0.123108,0.255213,0.0016,29266.615303,0.057,1
2026-08-12,17:59:29,0.226288,0.245953,0.00155,29266.615303,0.057,1
2026-08-12,17:59:30,0.584658,0.245953,0.00155,29266.616853,0.057,1
2026-08-12,17:59:30,0.564092,0.245953,0.00155,29266.618403,0.057,1
2026-08-12,17:59:31,0.564092,0.245953,0.00155,29266.618403,0.057,1
2026-08-12,17:59:32,0.349718,0.245953,0.00155,29266.619953,0.057,1
2026-08-12,17:59:32,0.329146,0.245953,0.00155,29266.621503,0.057,1
2026-08-12,17:59:33,0.349718,0.245953,0.00155,29266.621503,0.057,1
2026-08-12,17:59:34,0.349718,0.245953,0.00155,29266.623053,0.057,1
2026-08-12,17:59:34,0.57697,0.245953,0.00155,29266.624603,0.057,1
2026-08-12,17:59:35,0.659578,0.245953,0.00155,29266.624603,0.057,1
2026-08-12,17:59:36,0.617149,0.245953,0.00155,29266.626153,0.057,1
2026-08-12,17:59:36,0.617149,0.245953,0.00155,29266.627703,0.057,1
2026-08-12,17:59:37,0.357645,0.245953,0.00155,29266.627703,0.057,1
2026-08-12,17:59:38,0.556854,0.245953,0.00155,29266.629253,0.057,1
2026-08-12,17:59:38,0.391538,0.245953,0.00155,29266.630803,0.057,1
2026-08-12,17:59:39,0.391538,0.245953,0.00155,29266.630803,0.057,1
2026-08-12,17:59:40,0.556532,0.245953,0.00155,29266.632353,0.057,1
2026-08-12,17:59:40,0.618405,0.245953,0.00155,29266.633903,0.057,1
2026-08-12,17:59:41,0.639351,0.245953,0.00155,29266.633903,0.057,1
2026-08-12,17:59:42,0.639351,0.245953,0.00155,29266.635453,0.057,1
2026-08-12,17:59:42,0.589275,0.245953,0.00155,29266.637003,0.057,1
2026-08-12,17:59:43,0.448828,0.245953,0.00155,29266.637003,0.057,1
2026-08-12,17:59:44,0.608728,0.245953,0.00155,29266.638553,0.057,1
2026-08-12,17:59:44,0.314701,0.248282,0.00156,29266.640113,0.057,1
2026-08-12,17:59:45,0.314701,0.248282,0.00156,29266.640113,0.057,1
2026-08-12,17:59:46,0.574221,0.248282,0.00156,29266.641673,0.057,1
2026-08-12,17:59:46,0.567052,0.248282,0.00156,29266.643233,0.057,1
2026-08-12,17:59:47,0.515606,0.248282,0.00156,29266.643233,0.057,1
2026-08-12,17:59:48,0.515606,0.252138,0.00156,29266.644793,0.057,1
2026-08-12,17:59:48,0.247491,0.252138,0.00159,29266.646383,0.057,1
2026-08-12,17:59:49,0.304852,0.261731,0.00159,29266.646383,0.057,1
2026-08-12,17:59:50,0.496915,0.261731,0.00165,29266.648033,0.057,1
2026-08-12,17:59:50,0.453733,0.261731,0.00165,29266.649683,0.057,1
2026-08-12,17:59:51,0.453733,0.261731,0.00165,29266.649683,0.057,1
2026-08-12,17:59:52,0.53623,0.261731,0.00165,29266.651333,0.057,1
2026-08-12,17:59:52,0.577156,0.261731,0.00165,29266.652983,0.057,1
2026-08-12,17:59:53,0.53623,0.261731,0.00165,29266.652983,0.057,1
2026-08-12,17:59:54,0.53623,0.261731,0.00165,29266.654633,0.057,1
2026-08-12,17:59:54,0.14437,0.261731,0.00165,29266.656283,0.057,1
2026-08-12,17:59:55,0.144047,0.261731,0.00165,29266.656283,0.057,1
2026-08-12,17:59:56,0.350612,0.261731,0.00165,29266.657933,0.057,1
2026-08-12,17:59:56,0.301629,0.261731,0.00165,29266.659583,0.057,1
2026-08-12,17:59:57,0.301629,0.261731,0.00165,29266.659583,0.057,1
2026-08-12,17:59:58,0.309041,0.261731,0.00165,29266.661233,0.057,1
2026-08-12,17:59:58,0.598103,0.261731,0.00165,29266.662883,0.057,1
2026-08-12,17:59:59,0.247491,0.26141,0.00165,29266.662883,0.057,1
2026-08-12,18:00:00,0.247491,0.26141,0.00164,29266.664523,0.057,1
2026-08-12,18:00:00,0.489492,0.26141,0.00164,29266.664523,0.057,1
2026-08-12,18:00:01,0.123423,0.26141,0.00164,29266.666163,0.057,1
2026-08-12,18:00:02,0.521406,0.26141,0.00164,29266.667803,0.057,1
2026-08-12,18:00:02,0.494659,0.26141,0.00164,29266.667803,0.057,1
2026-08-12,18:00:03,0.494659,0.265261,0.00164,29266.669443,0.057,1
2026-08-12,18:00:04,0.226544,0.265261,0.00167,29266.671113,0.057,1
2026-08-12,18:00:04,0.247491,0.265356,0.00167,29266.671113,0.057,1
2026-08-12,18:00:05,0.577156,0.265356,0.00167,29266.672783,0.057,1
2026-08-12,18:00:06,0.577156,0.265356,0.00167,29266.674453,0.057,1
2026-08-12,18:00:06,0.370914,0.265356,0.00167,29266.674453,0.057,1
2026-08-12,18:00:07,0.467211,0.265356,0.00167,29266.676123,0.057,1
2026-08-12,18:00:08,0.487207,0.265356,0.00167,29266.677793,0.057,1
2026-08-12,18:00:08,0.497531,0.265356,0.00167,29266.677793,0.057,1
2026-08-12,18:00:09,0.497531,0.265356,0.00167,29266.679463,0.057,1
2026-08-12,18:00:10,0.589604,0.265356,0.00167,29266.681133,0.057,1
2026-08-12,18:00:10,0.267793,0.265392,0.00167,29266.681133,0.057,1
2026-08-12,18:00:11,0.399759,0.265392,0.00167,29266.682803,0.057,1
2026-08-12,18:00:12,0.399759,0.265392,0.00167,29266.684473,0.057,1
2026-08-12,18:00:12,0.566361,0.265392,0.00167,29266.684473,0.057,1
2026-08-12,18:00:13,0.599315,0.265392,0.00167,29266.686143,0.057,1
2026-08-12,18:00:14,0.558284,0.265392,0.00167,29266.687813,0.057,1
2026-08-12,18:00:14,0.558284,0.265392,0.00167,29266.687813,0.057,1
2026-08-12,18:00:15,0.661346,0.265392,0.00167,29266.689483,0.057,1
2026-08-12,18:00:16,0.309834,0.267159,0.00168,29266.691153,0.057,1
2026-08-12,18:00:16,0.41322,0.267159,0.00168,29266.691153,0.057,1
2026-08-12,18:00:17,0.41322,0.267159,0.00168,29266.692833,0.057,1
2026-08-12,18:00:18,0.495929,0.267159,0.00168,29266.694513,0.057,1
2026-08-12,18:00:18,0.516606,0.267159,0.00168,29266.694513,0.057,1
2026-08-12,18:00:19,0.475575,0.267159,0.00168,29266.696193,0.057,1
2026-08-12,18:00:20,0.475575,0.267159,0.00168,29266.697873,0.057,1
2026-08-12,18:00:20,0.516929,0.267159,0.00168,29266.697873,0.057,1
2026-08-12,18:00:21,0.516929,0.267159,0.00168,29266.699553,0.057,1
2026-08-12,18:00:22,0.495929,0.267159,0.00168,29266.701233,0.057,1
2026-08-12,18:00:22,0.495929,0.267159,0.00168,29266.701233,0.057,1
2026-08-12,18:00:23,0.516929,0.267159,0.00168,29266.702913,0.057,1
2026-08-12,18:00:24,0.537283,0.267159,0.00168,29266.704593,0.057,1
2026-08-12,18:00:24,0.309834,0.270232,0.0017,29266.704593,0.057,1
2026-08-12,18:00:25,0.41322,0.270232,0.0017,29266.706293,0.057,1
2026-08-12,18:00:26,0.41322,0.270232,0.0017,29266.707993,0.057,1
2026-08-12,18:00:26,0.6145,0.270232,0.0017,29266.707993,0.057,1
2026-08-12,18:00:27,0.550207,0.270232,0.0017,29266.709693,0.057,1
2026-08-12,18:00:28,0.537606,0.270232,0.0017,29266.711393,0.057,1
2026-08-12,18:00:28,0.537606,0.270232,0.0017,29266.711393,0.057,1
2026-08-12,18:00:29,0.392543,0.270232,0.0017,29266.713093,0.057,1
2026-08-12,18:00:29,0.475252,0.270232,0.0017,29266.714793,0.057,1
2026-08-12,18:00:30,0.578961,0.270232,0.0017,29266.714793,0.057,1
2026-08-12,18:00:31,0.578961,0.270232,0.0017,29266.716493,0.057,1
2026-08-12,18:00:31,0.434221,0.270232,0.0017,29266.718193,0.057,1
2026-08-12,18:00:32,0.185771,0.270232,0.0017,29266.718193,0.057,1
2026-08-12,18:00:33,0.248126,0.272416,0.0017,29266.719893,0.057,1
2026-08-12,18:00:33,0.186095,0.259555,0.00171,29266.721603,0.057,1
2026-08-12,18:00:34,0.186095,0.259555,0.00163,29266.721603,0.057,1
2026-08-12,18:00:35,0.248126,0.259555,0.00163,29266.723233,0.057,1
2026-08-12,18:00:35,0.227449,0.259555,0.00163,29266.724863,0.057,1
2026-08-12,18:00:36,0.082709,0.259555,0.00163,29266.724863,0.057,1
2026-08-12,18:00:37,0.082709,0.259555,0.00163,29266.726493,0.057,1
2026-08-12,18:00:37,0.139248,0.259555,0.00163,29266.728123,0.057,1
2026-08-12,18:00:38,0.28948,0.263754,0.00166,29266.728123,0.057,1
2026-08-12,18:00:39,0.165094,0.263754,0.00166,29266.729783,0.057,1
2026-08-12,18:00:39,0.248126,0.258081,0.00166,29266.731443,0.057,1
2026-08-12,18:00:40,0.248126,0.264316,0.00166,29266.731443,0.057,1
2026-08-12,18:00:41,0.309834,0.264316,0.00166,29266.733103,0.057,1
2026-08-12,18:00:41,0.351512,0.276813,0.00174,29266.734843,0.057,1
2026-08-12,18:00:42,0.371866,0.28925,0.00182,29266.734843,0.057,1
2026-08-12,18:00:43,0.516606,0.28925,0.00182,29266.736663,0.057,1
2026-08-12,18:00:43,0.516606,0.28925,0.00182,29266.738483,0.057,1
2026-08-12,18:00:44,0.268803,0.289351,0.00182,29266.738483,0.057,1
2026-08-12,18:00:45,0.413543,0.289351,0.00182,29266.740303,0.057,1
2026-08-12,18:00:45,0.475575,0.289351,0.00182,29266.742123,0.057,1
2026-08-12,18:00:46,0.475575,0.28318,0.00178,29266.742123,0.057,1
2026-08-12,18:00:47,0.248126,0.28318,0.00178,29266.743903,0.057,1
2026-08-12,18:00:47,0.165094,0.28318,0.00178,29266.745683,0.057,1
2026-08-12,18:00:48,0.103386,0.28318,0.00178,29266.745683,0.057,1
2026-08-12,18:00:49,0.434221,0.28318,0.00178,29266.747463,0.057,1
2026-08-12,18:00:49,0.434221,0.28318,0.00178,29266.749243,0.057,1
2026-08-12,18:00:50,0.247803,0.276977,0.00178,29266.749243,0.057,1
2026-08-12,18:00:51,0.398709,0.276977,0.00174,29266.750983,0.057,1
2026-08-12,18:00:51,0.189017,0.276977,0.00174,29266.752723,0.057,1
2026-08-12,18:00:52,0.189017,0.276977,0.00174,29266.752723,0.057,1
2026-08-12,18:00:53,0.568299,0.276977,0.00174,29266.754463,0.057,1
2026-08-12,18:00:53,0.537606,0.276977,0.00174,29266.756203,0.057,1
2026-08-12,18:00:54,0.419711,0.276977,0.00174,29266.756203,0.057,1
2026-08-12,18:00:55,0.167687,0.276977,0.00174,29266.757943,0.057,1
2026-08-12,18:00:55,0.167687,0.274909,0.00173,29266.759673,0.057,1
2026-08-12,18:00:56,0.227449,0.274909,0.00173,29266.759673,0.057,1
2026-08-12,18:00:57,0.516929,0.274909,0.00173,29266.761403,0.057,1
2026-08-12,18:00:57,0.351189,0.291419,0.00183,29266.763233,0.057,1
2026-08-12,18:00:58,0.516606,0.291419,0.00183,29266.763233,0.057,1
2026-08-12,18:00:59,0.516606,0.291419,0.00183,29266.765063,0.057,1
2026-08-12,18:00:59,0.144417,0.291419,0.00183,29266.766893,0.057,1
2026-08-12,18:01:00,0.353127,0.297784,0.00183,29266.766893,0.057,1
2026-08-12,18:01:01,0.372189,0.31019,0.00195,29266.768843,0.057,1
2026-08-12,18:01:01,0.372189,0.31019,0.00195,29266.770793,0.057,1
2026-08-12,18:01:02,0.186095,0.31019,0.00195,29266.770793,0.057,1
2026-08-12,18:01:03,0.599638,0.31019,0.00195,29266.772743,0.057,1
2026-08-12,18:01:03,0.248126,0.304019,0.00191,29266.774653,0.057,1
2026-08-12,18:01:04,0.268803,0.295748,0.00191,29266.774653,0.057,1
2026-08-12,18:01:05,0.268803,0.295748,0.00186,29266.776513,0.057,1
2026-08-12,18:01:05,0.608728,0.295748,0.00186,29266.778373,0.057,1
2026-08-12,18:01:06,0.503718,0.295748,0.00186,29266.778373,0.057,1
2026-08-12,18:01:07,0.577156,0.295748,0.00186,29266.780233,0.057,1
2026-08-12,18:01:07,0.577156,0.295748,0.00186,29266.782093,0.057,1
2026-08-12,18:01:08,0.628395,0.295748,0.00186,29266.782093,0.057,1
2026-08-12,18:01:09,0.556854,0.295748,0.00186,29266.783953,0.057,1
2026-08-12,18:01:09,0.596814,0.295748,0.00186,29266.785813,0.057,1
2026-08-12,18:01:10,0.596814,0.289466,0.00186,29266.785813,0.057,1
2026-08-12,18:01:11,0.309041,0.289466,0.00182,29266.787673,0.057,1
2026-08-12,18:01:11,0.556854,0.289466,0.00182,29266.789493,0.057,1
2026-08-12,18:01:12,0.576834,0.289466,0.00182,29266.789493,0.057,1
2026-08-12,18:01:13,0.576834,0.289466,0.00182,29266.791313,0.057,1
2026-08-12,18:01:13,0.494982,0.289466,0.00182,29266.793133,0.057,1
2026-08-12,18:01:14,0.535908,0.289466,0.00182,29266.793133,0.057,1
2026-08-12,18:01:15,0.556854,0.289466,0.00182,29266.794953,0.057,1
2026-08-12,18:01:15,0.556854,0.289466,0.00182,29266.796773,0.057,1
2026-08-12,18:01:16,0.54783,0.289466,0.00182,29266.796773,0.057,1
2026-08-12,18:01:17,0.586187,0.289466,0.00182,29266.798593,0.057,1
2026-08-12,18:01:17,0.523346,0.289466,0.00182,29266.800413,0.057,1
2026-08-12,18:01:18,0.523346,0.289466,0.00182,29266.800413,0.057,1
2026-08-12,18:01:19,0.558694,0.289466,0.00182,29266.802233,0.057,1
2026-08-12,18:01:19,0.593913,0.55314,0.00348,29266.805713,0.057,1
2026-08-12,18:01:20,0.288739,0.55314,0.00348,29266.805713,0.057,1
2026-08-12,18:01:21,0.577479,0.555203,0.00348,29266.809193,0.057,1
2026-08-12,18:01:21,0.577479,0.555203,0.0035,29266.812693,0.057,1
2026-08-12,18:01:22,0.535908,0.55111,0.00347,29266.812693,0.057,1
2026-08-12,18:01:23,0.494982,0.55111,0.00347,29266.816163,0.057,1
2026-08-12,18:01:23,0.592302,0.55675,0.00347,29266.816163,0.057,1
2026-08-12,18:01:24,0.592302,0.55675,0.00351,29266.819633,0.057,1
2026-08-12,18:01:25,0.350612,0.55675,0.00351,29266.823143,0.057,1
2026-08-12,18:01:25,0.577156,0.55878,0.00352,29266.823143,0.057,1
2026-08-12,18:01:26,0.371236,0.55878,0.00352,29266.826663,0.057,1
2026-08-12,18:01:27,0.247491,0.55878,0.00352,29266.830183,0.057,1
2026-08-12,18:01:27,0.247491,0.55878,0.00352,29266.830183,0.057,1
2026-08-12,18:01:28,0.515606,0.555557,0.0035,29266.833703,0.057,1
2026-08-12,18:01:29,0.556532,0.552592,0.0035,29266.837203,0.057,1
2026-08-12,18:01:29,0.309363,0.552592,0.00348,29266.837203,0.057,1
2026-08-12,18:01:30,0.309363,0.552592,0.00348,29266.840683,0.057,1
2026-08-12,18:01:31,0.185618,0.552592,0.00348,29266.844163,0.057,1
2026-08-12,18:01:31,0.268115,0.552592,0.00348,29266.844163,0.057,1
2026-08-12,18:01:32,0.577479,0.558005,0.00351,29266.847643,0.057,1
2026-08-12,18:01:33,0.123745,0.558005,0.00351,29266.851153,0.057,1
2026-08-12,18:01:33,0.123745,0.561591,0.00351,29266.851153,0.057,1
2026-08-12,18:01:34,0.594558,0.561591,0.00351,29266.854663,0.057,1
2026-08-12,18:01:35,0.20592,0.561591,0.00354,29266.858203,0.057,1
2026-08-12,18:01:35,0.53623,0.555823,0.0035,29266.858203,0.057,1
2026-08-12,18:01:36,0.35029,0.555823,0.0035,29266.861703,0.057,1
2026-08-12,18:01:37,0.35029,0.555823,0.0035,29266.865203,0.057,1
2026-08-12,18:01:37,0.453733,0.555823,0.0035,29266.865203,0.057,1
2026-08-12,18:01:38,0.164994,0.555823,0.0035,29266.868703,0.057,1
2026-08-12,18:01:39,0.309041,0.555823,0.0035,29266.872203,0.057,1
2026-08-12,18:01:39,0.309041,0.555823,0.0035,29266.872203,0.057,1
2026-08-12,18:01:40,0.082497,0.555823,0.0035,29266.875703,0.057,1
2026-08-12,18:01:41,0.226544,0.555823,0.0035,29266.879203,0.057,1
2026-08-12,18:01:41,0.556854,0.553761,0.00349,29266.879203,0.057,1
2026-08-12,18:01:42,0.618727,0.562043,0.00349,29266.882693,0.057,1
2026-08-12,18:01:43,0.618727,0.562043,0.00354,29266.886233,0.057,1
2026-08-12,18:01:43,0.288739,0.562043,0.00354,29266.886233,0.057,1
2026-08-12,18:01:44,0.247491,0.562043,0.00354,29266.889773,0.057,1
2026-08-12,18:01:45,0.535908,0.566135,0.00357,29266.893343,0.057,1
2026-08-12,18:01:45,0.535908,0.566135,0.00357,29266.893343,0.057,1
2026-08-12,18:01:46,0.334499,0.566135,0.00357,29266.896913,0.057,1
2026-08-12,18:01:47,0.267793,0.566135,0.00357,29266.900483,0.057,1
2026-08-12,18:01:47,0.412162,0.548121,0.00345,29266.900483,0.057,1
2026-08-12,18:01:48,0.412485,0.531654,0.00345,29266.903933,0.057,1
2026-08-12,18:01:49,0.412485,0.515122,0.00335,29266.907283,0.057,1
2026-08-12,18:01:49,0.35029,0.515122,0.00335,29266.907283,0.057,1
2026-08-12,18:01:50,0.206242,0.515122,0.00324,29266.910523,0.057,1
2026-08-12,18:01:51,0.577156,0.517185,0.00326,29266.913783,0.057,1
2026-08-12,18:01:51,0.226544,0.517185,0.00326,29266.913783,0.057,1
2026-08-12,18:01:52,0.226544,0.517185,0.00326,29266.917043,0.057,1
2026-08-12,18:01:53,0.325154,0.517185,0.00326,29266.920303,0.057,1
2026-08-12,18:01:53,0.309041,0.517185,0.00326,29266.920303,0.057,1
2026-08-12,18:01:54,0.132124,0.517185,0.00326,29266.923563,0.057,1
2026-08-12,18:01:55,0.132124,0.517185,0.00326,29266.926823,0.057,1
2026-08-12,18:01:55,0.329665,0.517185,0.00326,29266.926823,0.057,1
2026-08-12,18:01:56,0.294027,0.517185,0.00326,29266.930083,0.057,1
2026-08-12,18:01:57,0.231021,0.517185,0.00326,29266.933343,0.057,1
2026-08-12,18:01:57,0.411111,0.500548,0.00326,29266.933343,0.058,1
2026-08-12,18:01:58,0.411111,0.500548,0.00324,29266.936583,0.058,1
2026-08-12,18:01:59,0.566724,0.500548,0.00324,29266.939823,0.058,1
2026-08-12,18:01:59,0.102858,0.500548,0.00324,29266.939823,0.058,1
2026-08-12,18:02:00,0.164252,0.500548,0.00324,29266.943063,0.058,1
2026-08-12,18:02:01,0.164252,0.500548,0.00324,29266.946303,0.058,1
2026-08-12,18:02:01,0.164252,0.500548,0.00324,29266.946303,0.057,1
2026-08-12,18:02:02,0.349396,0.500548,0.00315,29266.949543,0.057,1
2026-08-12,18:02:03,0.267431,0.500548,0.00315,29266.952693,0.057,1
2026-08-12,18:02:03,0.12343,0.500548,0.00315,29266.952693,0.057,1
2026-08-12,18:02:04,0.12343,0.499744,0.00315,29266.955843,0.057,1
2026-08-12,18:02:05,0.586514,0.499744,0.00315,29266.958993,0.057,1
2026-08-12,18:02:05,0.355771,0.499744,0.00315,29266.958993,0.057,1
2026-08-12,18:02:06,0.146629,0.499744,0.00315,29266.962143,0.057,1
2026-08-12,18:02:07,0.329914,0.499744,0.00315,29266.965293,0.057,1
2026-08-12,18:02:07,0.329914,0.499744,0.00315,29266.965293,0.057,1
2026-08-12,18:02:08,0.377045,0.499744,0.00315,29266.968443,0.057,1
2026-08-12,18:02:09,0.163834,0.499744,0.00315,29266.971593,0.057,1
2026-08-12,18:02:09,0.523346,0.498455,0.00315,29266.971593,0.057,1
2026-08-12,18:02:10,0.523346,0.498455,0.00314,29266.974743,0.057,1
2026-08-12,18:02:11,0.232497,0.498455,0.00314,29266.977883,0.057,1
2026-08-12,18:02:11,0.542765,0.497046,0.00313,29266.977883,0.057,1
2026-08-12,18:02:12,0.096915,0.497046,0.00313,29266.981013,0.057,1
2026-08-12,18:02:13,0.10392,0.497046,0.00313,29266.984143,0.057,1
2026-08-12,18:02:13,0.10392,0.497046,0.00313,29266.984143,0.057,1
2026-08-12,18:02:14,0.311436,0.497046,0.00313,29266.987273,0.057,1
2026-08-12,18:02:15,0.249409,0.497046,0.00313,29266.990403,0.057,1
2026-08-12,18:02:15,0.290652,0.497046,0.00313,29266.990403,0.057,1
2026-08-12,18:02:16,0.290652,0.485932,0.00306,29266.993533,0.057,1
2026-08-12,18:02:17,0.507585,0.485932,0.00306,29266.996593,0.057,1
2026-08-12,18:02:17,0.290977,0.485932,0.00306,29266.996593,0.057,1
2026-08-12,18:02:18,0.654373,0.485932,0.00306,29266.999653,0.057,1
2026-08-12,18:02:19,0.540385,0.485932,0.00306,29267.002713,0.057,1
2026-08-12,18:02:19,0.540385,0.485932,0.00306,29267.002713,0.057,1
2026-08-12,18:02:20,0.569721,0.485932,0.00306,29267.005773,0.057,1
2026-08-12,18:02:21,0.233562,0.485932,0.00306,29267.008833,0.057,1
2026-08-12,18:02:21,0.298,0.485932,0.00306,29267.008833,0.057,1
2026-08-12,18:02:22,0.298,0.488281,0.00306,29267.011893,0.057,1
2026-08-12,18:02:23,0.559398,0.488281,0.00308,29267.014973,0.057,1
2026-08-12,18:02:23,0.46935,0.494,0.00311,29267.014973,0.057,1
2026-08-12,18:02:24,0.457041,0.498456,0.00311,29267.018083,0.057,1
2026-08-12,18:02:25,0.373148,0.500742,0.00314,29267.021223,0.057,1
2026-08-12,18:02:25,0.373148,0.500742,0.00315,29267.021223,0.057,1
2026-08-12,18:02:26,0.518261,0.500742,0.00315,29267.024373,0.057,1
2026-08-12,18:02:27,0.621589,0.500742,0.00315,29267.027523,0.057,1
2026-08-12,18:02:27,0.476476,0.500742,0.00315,29267.027523,0.057,1
2026-08-12,18:02:28,0.476476,0.500742,0.00315,29267.030673,0.057,1
2026-08-12,18:02:29,0.414609,0.500742,0.00315,29267.033823,0.057,1
2026-08-12,18:02:29,0.497531,0.500742,0.00315,29267.033823,0.057,1
2026-08-12,18:02:30,0.4768,0.500742,0.00315,29267.036973,0.057,1
2026-08-12,18:02:31,0.4768,0.500742,0.00315,29267.040123,0.057,1
2026-08-12,18:02:31,0.248441,0.500742,0.00315,29267.040123,0.057,1
2026-08-12,18:02:32,0.538668,0.496893,0.00315,29267.043273,0.057,1
2026-08-12,18:02:33,0.212811,0.496893,0.00313,29267.046403,0.057,1
2026-08-12,18:02:33,0.266257,0.496893,0.00313,29267.046403,0.057,1
2026-08-12,18:02:34,0.266257,0.496893,0.00313,29267.049533,0.057,1
2026-08-12,18:02:34,0.248765,0.496893,0.00313,29267.052663,0.057,1
2026-08-12,18:02:35,0.248765,0.496893,0.00313,29267.052663,0.057,1
2026-08-12,18:02:36,0.538991,0.509681,0.00313,29267.055793,0.057,1
2026-08-12,18:02:36,0.538991,0.509681,0.00321,29267.059003,0.057,1
2026-08-12,18:02:37,0.227711,0.509681,0.00321,29267.059003,0.058,1
2026-08-12,18:02:38,0.4768,0.498709,0.00314,29267.062143,0.058,1
2026-08-12,18:02:38,0.559722,0.502347,0.00325,29267.065393,0.058,1
2026-08-12,18:02:39,0.393508,0.487421,0.00325,29267.065393,0.058,1
2026-08-12,18:02:40,0.393508,0.487421,0.00315,29267.068543,0.058,1
2026-08-12,18:02:40,0.526432,0.487421,0.00315,29267.071693,0.058,1
2026-08-12,18:02:41,0.496252,0.487421,0.00315,29267.071693,0.058,1
2026-08-12,18:02:42,0.599315,0.487421,0.00315,29267.074843,0.058,1
2026-08-12,18:02:42,0.599315,0.487421,0.00315,29267.077993,0.058,1
2026-08-12,18:02:43,0.578961,0.487421,0.00315,29267.077993,0.058,1
2026-08-12,18:02:44,0.55796,0.487421,0.00315,29267.081143,0.058,1
2026-08-12,18:02:44,0.392543,0.487421,0.00315,29267.081143,0.058,1
2026-08-12,18:02:45,0.392543,0.487421,0.00315,29267.084293,0.058,1
2026-08-12,18:02:46,0.516929,0.488356,0.00316,29267.087453,0.058,1
2026-08-12,18:02:46,0.503718,0.482788,0.00312,29267.087453,0.058,1
2026-08-12,18:02:47,0.306237,0.482788,0.00312,29267.090573,0.058,1
2026-08-12,18:02:48,0.306237,0.482788,0.00312,29267.093693,0.058,1
2026-08-12,18:02:48,0.293257,0.482788,0.00312,29267.093693,0.058,1
2026-08-12,18:02:49,0.565567,0.492409,0.00312,29267.096813,0.058,1
2026-08-12,18:02:50,0.635281,0.510233,0.0033,29267.100113,0.058,1
2026-08-12,18:02:50,0.607461,0.533665,0.00345,29267.100113,0.058,1
2026-08-12,18:02:51,0.607461,0.533665,0.00345,29267.103563,0.058,1
2026-08-12,18:02:52,0.355771,0.533665,0.00345,29267.107013,0.058,1
2026-08-12,18:02:52,0.397665,0.533665,0.00345,29267.107013,0.058,1
2026-08-12,18:02:53,0.185618,0.533665,0.00345,29267.110463,0.058,1
2026-08-12,18:02:54,0.185618,0.540511,0.00345,29267.113913,0.058,1
2026-08-12,18:02:54,0.607134,0.540511,0.0035,29267.113913,0.058,1
2026-08-12,18:02:55,0.188195,0.540511,0.0035,29267.117413,0.058,1
2026-08-12,18:02:56,0.527274,0.53934,0.00349,29267.120903,0.058,1
2026-08-12,18:02:56,0.54462,0.546122,0.00353,29267.120903,0.058,1
2026-08-12,18:02:57,0.54462,0.546122,0.00353,29267.124433,0.058,1
2026-08-12,18:02:58,0.523346,0.542484,0.00351,29267.127943,0.058,1
2026-08-12,18:02:58,0.607461,0.563879,0.00365,29267.127943,0.058,1
2026-08-12,18:02:59,0.586514,0.570838,0.00365,29267.131593,0.058,1
2026-08-12,18:03:00,0.586514,0.582129,0.00369,29267.135283,0.058,1
2026-08-12,18:03:00,0.616626,0.582129,0.00369,29267.135283,0.058,1
2026-08-12,18:03:01,0.523674,0.577939,0.00374,29267.139023,0.058,1
2026-08-12,18:03:02,0.62939,0.57735,0.00374,29267.142763,0.058,1
2026-08-12,18:03:02,0.62939,0.571033,0.00374,29267.142763,0.058,1
2026-08-12,18:03:03,0.544293,0.571033,0.00369,29267.146453,0.058,1
2026-08-12,18:03:04,0.523674,0.562687,0.00364,29267.150093,0.058,1
2026-08-12,18:03:04,0.56524,0.566484,0.00364,29267.150093,0.058,1
2026-08-12,18:03:05,0.56524,0.569476,0.00366,29267.153753,0.058,1
2026-08-12,18:03:06,0.574542,0.569476,0.00368,29267.157433,0.058,1
2026-08-12,18:03:06,0.266752,0.569476,0.00368,29267.157433,0.058,1
2026-08-12,18:03:07,0.451426,0.562284,0.00364,29267.161113,0.058,1
2026-08-12,18:03:08,0.492465,0.550784,0.00356,29267.164753,0.058,1
2026-08-12,18:03:08,0.492465,0.550784,0.00356,29267.164753,0.058,1
2026-08-12,18:03:09,0.533503,0.545483,0.00353,29267.168313,0.058,1
2026-08-12,18:03:10,0.586187,0.542439,0.00342,29267.171843,0.057,1
2026-08-12,18:03:10,0.515284,0.5416,0.00342,29267.171843,0.057,1
2026-08-12,18:03:11,0.515284,0.5416,0.00341,29267.175263,0.057,1
2026-08-12,18:03:12,0.515284,0.53019,0.00334,29267.178673,0.057,1
2026-08-12,18:03:12,0.48178,0.523938,0.00334,29267.178673,0.057,1
2026-08-12,18:03:13,0.53623,0.525194,0.00331,29267.182013,0.057,1
2026-08-12,18:03:14,0.53623,0.525194,0.00331,29267.185323,0.057,1
2026-08-12,18:03:14,0.082497,0.525194,0.00331,29267.185323,0.058,1
2026-08-12,18:03:15,0.35029,0.525194,0.0034,29267.188633,0.058,1
2026-08-12,18:03:16,0.515284,0.520198,0.0034,29267.192033,0.058,1
2026-08-12,18:03:16,0.185618,0.520198,0.00336,29267.192033,0.058,1
2026-08-12,18:03:17,0.185618,0.520198,0.00336,29267.195393,0.058,1
2026-08-12,18:03:18,0.391538,0.501898,0.00336,29267.198753,0.058,1
2026-08-12,18:03:18,0.268115,0.501898,0.00325,29267.198753,0.058,1
2026-08-12,18:03:19,0.188522,0.501898,0.00325,29267.202003,0.058,1
2026-08-12,18:03:20,0.188522,0.497899,0.00325,29267.205253,0.058,1
2026-08-12,18:03:20,0.411433,0.497899,0.00322,29267.205253,0.058,1
2026-08-12,18:03:21,0.266788,0.497899,0.00322,29267.208473,0.058,1
2026-08-12,18:03:22,0.288003,0.497899,0.00322,29267.211693,0.058,1
2026-08-12,18:03:22,0.226288,0.497899,0.00322,29267.211693,0.058,1
2026-08-12,18:03:23,0.226288,0.497899,0.00322,29267.214913,0.058,1
2026-08-12,18:03:24,0.164573,0.497899,0.00322,29267.218133,0.058,1
2026-08-12,18:03:24,0.253026,0.497899,0.00322,29267.218133,0.058,1
2026-08-12,18:03:25,0.16552,0.497899,0.00322,29267.221353,0.058,1
2026-08-12,18:03:26,0.16552,0.497899,0.00322,29267.224573,0.058,1
2026-08-12,18:03:26,0.145113,0.497899,0.00322,29267.224573,0.058,1
2026-08-12,18:03:27,0.414285,0.490081,0.00317,29267.227793,0.058,1
2026-08-12,18:03:28,0.16552,0.490081,0.00317,29267.230963,0.058,1
2026-08-12,18:03:28,0.248441,0.490081,0.00317,29267.230963,0.058,1
2026-08-12,18:03:29,0.248441,0.490081,0.00317,29267.234133,0.058,1
2026-08-12,18:03:30,0.269496,0.490081,0.00317,29267.237303,0.058,1
2026-08-12,18:03:30,0.342017,0.490081,0.00317,29267.237303,0.058,1
2026-08-12,18:03:31,0.226288,0.490081,0.00317,29267.240473,0.058,1
2026-08-12,18:03:32,0.216324,0.490081,0.00317,29267.243643,0.058,1
2026-08-12,18:03:32,0.216324,0.490081,0.00317,29267.243643,0.058,1
2026-08-12,18:03:33,0.522813,0.489012,0.00317,29267.246813,0.058,1
2026-08-12,18:03:34,0.232667,0.489012,0.00316,29267.249973,0.058,1
2026-08-12,18:03:34,0.275198,0.489012,0.00316,29267.249973,0.058,1
2026-08-12,18:03:35,0.275198,0.489012,0.00316,29267.253133,0.058,1
2026-08-12,18:03:36,0.352094,0.489012,0.00316,29267.256293,0.058,1
2026-08-12,18:03:36,0.227711,0.489012,0.00316,29267.256293,0.058,1
2026-08-12,18:03:37,0.269172,0.489012,0.00316,29267.259453,0.058,1
2026-08-12,18:03:38,0.248441,0.489012,0.00316,29267.262613,0.058,1
2026-08-12,18:03:38,0.248441,0.489012,0.00316,29267.262613,0.058,1
2026-08-12,18:03:39,0.16552,0.489012,0.00316,29267.265773,0.058,1
2026-08-12,18:03:40,0.186574,0.489012,0.00316,29267.268933,0.058,1
2026-08-12,18:03:40,0.553007,0.485694,0.00314,29267.268933,0.058,1
2026-08-12,18:03:41,0.553007,0.489466,0.00314,29267.272073,0.058,1
2026-08-12,18:03:42,0.553007,0.489466,0.00317,29267.275243,0.058,1
2026-08-12,18:03:42,0.270193,0.489466,0.00317,29267.275243,0.058,1
2026-08-12,18:03:43,0.490898,0.487027,0.00317,29267.278413,0.058,1
2026-08-12,18:03:44,0.126015,0.487027,0.00315,29267.281563,0.058,1
2026-08-12,18:03:44,0.126015,0.487027,0.00315,29267.281563,0.058,1
2026-08-12,18:03:45,0.126344,0.487027,0.00315,29267.284713,0.058,1
2026-08-12,18:03:46,0.266542,0.487027,0.00315,29267.287863,0.058,1
2026-08-12,18:03:46,0.247803,0.487027,0.00315,29267.287863,0.058,1
2026-08-12,18:03:47,0.313065,0.487027,0.00315,29267.291013,0.058,1
2026-08-12,18:03:48,0.313065,0.487027,0.00315,29267.294163,0.058,1
2026-08-12,18:03:48,0.232243,0.487027,0.00315,29267.294163,0.058,1
2026-08-12,18:03:49,0.616565,0.500506,0.00324,29267.297403,0.058,1
2026-08-12,18:03:50,0.386925,0.500506,0.00324,29267.300643,0.058,1
2026-08-12,18:03:50,0.386925,0.500506,0.00324,29267.300643,0.058,1
2026-08-12,18:03:51,0.335703,0.500506,0.00324,29267.303883,0.058,1
2026-08-12,18:03:52,0.578961,0.504779,0.00327,29267.307153,0.058,1
2026-08-12,18:03:52,0.392543,0.504779,0.00327,29267.307153,0.058,1
2026-08-12,18:03:53,0.475575,0.504779,0.00327,29267.310423,0.058,1
2026-08-12,18:03:54,0.475575,0.504779,0.00327,29267.313693,0.058,1
