# 펌프 0개, 설치 높이 2300mm, 파이프 200A, 파이프내 수위 82mm
# Level 설정 : Range 5.000m, Low Level 1.350m, Distance Migration 0.00m, Empty Height 1.350m
# Flow 설정 : U-Shape, Canal Width 0.200m, Height 0.200m, Installation Height 2.000m
# Flow Direction:Downstream
# 순서: 날짜,시간,Real-time velocity, Avg. velocity, Instant. flow rate, Cumulative flow, Water level
2026-09-09,15:39:44,0.341776,0.336769,0.000000,29373.627843,0.000000
2026-09-09,15:39:45,0.307790,0.334240,0.000000,29373.627843,0.000000
2026-09-09,15:39:46,0.307790,0.334240,0.000000,29373.627843,0.000000
2026-09-09,15:39:46,0.339852,0.333809,0.000000,29373.627843,0.000000
2026-09-09,15:39:47,0.331195,0.332253,0.000000,29373.627843,0.000000
2026-09-09,15:39:48,0.325745,0.330714,0.000000,29373.627843,0.000000
2026-09-09,15:39:48,0.325745,0.331548,0.000000,29373.627843,0.000000
2026-09-09,15:39:49,0.344020,0.331548,0.000000,29373.627843,0.000000
2026-09-09,15:39:50,0.323180,0.330265,0.000000,29373.627843,0.000000
2026-09-09,15:39:50,0.327989,0.329624,0.000000,29373.627843,0.000000
2026-09-09,15:39:51,0.321256,0.328694,0.000000,29373.627843,0.000000
2026-09-09,15:39:52,0.321256,0.325454,0.000000,29373.627843,0.000000
2026-09-09,15:39:52,0.291732,0.325454,0.000000,29373.627843,0.000000
2026-09-09,15:39:53,0.319140,0.323190,0.000000,29373.627843,0.000000
2026-09-09,15:39:54,0.302676,0.322679,0.000000,29373.627843,0.000000
2026-09-09,15:39:54,0.344152,0.323109,0.000000,29373.627843,0.000000
2026-09-09,15:39:55,0.344152,0.323109,0.000000,29373.627843,0.000000
2026-09-09,15:39:56,0.349396,0.324929,0.000000,29373.627843,0.000000
2026-09-09,15:39:56,0.349396,0.327294,0.000000,29373.627843,0.000000
2026-09-09,15:39:57,0.323039,0.325196,0.000000,29373.627843,0.000000
2026-09-09,15:39:58,0.323039,0.327239,0.000000,29373.627843,0.000000
2026-09-09,15:39:58,0.343611,0.327239,0.000000,29373.627843,0.000000
2026-09-09,15:39:59,0.309860,0.325426,0.000000,29373.627843,0.000000
2026-09-09,15:40:00,0.313384,0.324639,0.000000,29373.627843,0.000000
2026-09-09,15:40:00,0.307011,0.326167,0.000000,29373.627843,0.000000
2026-09-09,15:40:01,0.307011,0.326167,0.000000,29373.627843,0.000000
2026-09-09,15:40:02,0.347588,0.329011,0.000000,29373.627843,0.000000
2026-09-09,15:40:02,0.339951,0.332739,0.000000,29373.627843,0.000000
2026-09-09,15:40:03,0.340910,0.332415,0.000000,29373.627843,0.000000
2026-09-09,15:40:04,0.340910,0.328651,0.000000,29373.627843,0.000000
2026-09-09,15:40:04,0.311761,0.328651,0.000000,29373.627843,0.000000
2026-09-09,15:40:05,0.311761,0.324888,0.000000,29373.627843,0.000000
2026-09-09,15:40:06,0.311761,0.323760,0.000000,29373.627843,0.000000
2026-09-09,15:40:06,0.307011,0.320100,0.000000,29373.627843,0.000000
2026-09-09,15:40:07,0.307011,0.319815,0.000000,29373.627843,0.000000
2026-09-09,15:40:08,0.307011,0.319815,0.000000,29373.627843,0.000000
2026-09-09,15:40:08,0.342287,0.322705,0.000000,29373.627843,0.000000
2026-09-09,15:40:09,0.325696,0.324574,0.000000,29373.627843,0.000000
2026-09-09,15:40:10,0.345210,0.324336,0.000000,29373.627843,0.000000
2026-09-09,15:40:10,0.345210,0.324336,0.000000,29373.627843,0.000000
2026-09-09,15:40:11,0.307011,0.321042,0.000000,29373.627843,0.000000
2026-09-09,15:40:12,0.330357,0.319987,0.000000,29373.627843,0.000000
2026-09-09,15:40:12,0.316925,0.320503,0.000000,29373.627843,0.000000
2026-09-09,15:40:13,0.316925,0.320028,0.000000,29373.627843,0.000000
2026-09-09,15:40:14,0.307011,0.320028,0.000000,29373.627843,0.000000
2026-09-09,15:40:14,0.328118,0.321664,0.000000,29373.627843,0.000000
2026-09-09,15:40:15,0.339951,0.324958,0.000000,29373.627843,0.000000
2026-09-09,15:40:16,0.326519,0.326909,0.000000,29373.627843,0.000000
2026-09-09,15:40:16,0.326519,0.326909,0.000000,29373.627843,0.000000
2026-09-09,15:40:17,0.347626,0.327442,0.000000,29373.627843,0.000000
2026-09-09,15:40:18,0.321402,0.327013,0.000000,29373.627843,0.000000
2026-09-09,15:40:18,0.338992,0.326391,0.000000,29373.627843,0.000000
2026-09-09,15:40:19,0.338992,0.327257,0.000000,29373.627843,0.000000
2026-09-09,15:40:20,0.315670,0.327257,0.000000,29373.627843,0.000000
2026-09-09,15:40:20,0.310676,0.325289,0.000000,29373.627843,0.000000
2026-09-09,15:40:21,0.347661,0.328363,0.000000,29373.627843,0.000000
2026-09-09,15:40:22,0.307508,0.328412,0.000000,29373.627843,0.000000
2026-09-09,15:40:22,0.307508,0.328412,0.000000,29373.627843,0.000000
2026-09-09,15:40:23,0.301133,0.325714,0.000000,29373.627843,0.000000
2026-09-09,15:40:24,0.326334,0.324352,0.000000,29373.627843,0.000000
2026-09-09,15:40:24,0.325533,0.324253,0.000000,29373.627843,0.000000
2026-09-09,15:40:25,0.325533,0.318513,0.000000,29373.627843,0.000000
2026-09-09,15:40:26,0.290226,0.318513,0.000000,29373.627843,0.000000
2026-09-09,15:40:26,0.314844,0.317858,0.000000,29373.627843,0.000000
2026-09-09,15:40:27,0.345291,0.318487,0.000000,29373.627843,0.000000
2026-09-09,15:40:27,0.341964,0.321117,0.000000,29373.627843,0.000000
2026-09-09,15:40:28,0.341964,0.321981,0.000000,29373.627843,0.000000
2026-09-09,15:40:29,0.319316,0.321981,0.000000,29373.627843,0.000000
2026-09-09,15:40:29,0.326181,0.319833,0.000000,29373.627843,0.000000
2026-09-09,15:40:30,0.329096,0.321992,0.000000,29373.627843,0.000000
2026-09-09,15:40:31,0.329096,0.324237,0.000000,29373.627843,0.000000
2026-09-09,15:40:31,0.323589,0.324237,0.000000,29373.627843,0.000000
2026-09-09,15:40:32,0.347559,0.326360,0.000000,29373.627843,0.000000
2026-09-09,15:40:33,0.344644,0.328271,0.000000,29373.627843,0.000000
2026-09-09,15:40:33,0.311281,0.330376,0.000000,29373.627843,0.000000
2026-09-09,15:40:34,0.311281,0.331996,0.000000,29373.627843,0.000000
2026-09-09,15:40:35,0.331039,0.331996,0.000000,29373.627843,0.000000
2026-09-09,15:40:35,0.352094,0.332676,0.000000,29373.627843,0.000000
2026-09-09,15:40:36,0.331687,0.331648,0.000000,29373.627843,0.000000
2026-09-09,15:40:37,0.324885,0.332205,0.000000,29373.627843,0.000000
2026-09-09,15:40:37,0.324885,0.332205,0.000000,29373.627843,0.000000
2026-09-09,15:40:38,0.343348,0.333922,0.000000,29373.627843,0.000000
2026-09-09,15:40:39,0.310957,0.332108,0.000000,29373.627843,0.000000
2026-09-09,15:40:39,0.344644,0.334214,0.000000,29373.627843,0.000000
2026-09-09,15:40:40,0.344644,0.333728,0.000000,29373.627843,0.000000
2026-09-09,15:40:41,0.342700,0.333728,0.000000,29373.627843,0.000000
2026-09-09,15:40:41,0.341081,0.333371,0.000000,29373.627843,0.000000
2026-09-09,15:40:42,0.341081,0.336351,0.000000,29373.627843,0.000000
2026-09-09,15:40:43,0.342376,0.337485,0.000000,29373.627843,0.000000
2026-09-09,15:40:43,0.342376,0.337485,0.000000,29373.627843,0.000000
2026-09-09,15:40:44,0.325209,0.334797,0.000000,29373.627843,0.000000
2026-09-09,15:40:45,0.290226,0.330651,0.000000,29373.627843,0.000000
2026-09-09,15:40:45,0.323589,0.330521,0.000000,29373.627843,0.000000
2026-09-09,15:40:46,0.323589,0.327055,0.000000,29373.627843,0.000000
2026-09-09,15:40:47,0.308689,0.327055,0.000000,29373.627843,0.000000
2026-09-09,15:40:47,0.331363,0.329096,0.000000,29373.627843,0.000000
2026-09-09,15:40:48,0.326828,0.327314,0.000000,29373.627843,0.000000
2026-09-09,15:40:49,0.293789,0.322423,0.000000,29373.627843,0.000000
2026-09-09,15:40:49,0.293789,0.318860,0.000000,29373.627843,0.000000
2026-09-09,15:40:50,0.305450,0.318860,0.000000,29373.627843,0.000000
2026-09-09,15:40:51,0.331363,0.317888,0.000000,29373.627843,0.000000
2026-09-09,15:40:51,0.342052,0.317856,0.000000,29373.627843,0.000000
2026-09-09,15:40:52,0.343996,0.319735,0.000000,29373.627843,0.000000
2026-09-09,15:40:53,0.343996,0.319735,0.000000,29373.627843,0.000000
2026-09-09,15:40:53,0.343672,0.325079,0.000000,29373.627843,0.000000
2026-09-09,15:40:54,0.343024,0.327023,0.000000,29373.627843,0.000000
2026-09-09,15:40:55,0.339785,0.330132,0.000000,29373.627843,0.000000
2026-09-09,15:40:55,0.339785,0.330197,0.000000,29373.627843,0.000000
2026-09-09,15:40:56,0.332011,0.330197,0.000000,29373.627843,0.000000
2026-09-09,15:40:57,0.314520,0.328966,0.000000,29373.627843,0.000000
2026-09-09,15:40:57,0.345939,0.334181,0.000000,29373.627843,0.000000
2026-09-09,15:40:58,0.352094,0.338846,0.000000,29373.627843,0.000000
2026-09-09,15:40:59,0.352094,0.338846,0.000000,29373.627843,0.000000
2026-09-09,15:40:59,0.327800,0.338489,0.000000,29373.627843,0.000000
2026-09-09,15:41:00,0.347235,0.339007,0.000000,29373.627843,0.000000
2026-09-09,15:41:01,0.345291,0.339137,0.000000,29373.627843,0.000000
2026-09-09,15:41:01,0.345291,0.339429,0.000000,29373.627843,0.000000
2026-09-09,15:41:02,0.346587,0.339429,0.000000,29373.627843,0.000000
2026-09-09,15:41:03,0.325533,0.337679,0.000000,29373.627843,0.000000
2026-09-09,15:41:03,0.329420,0.336643,0.000000,29373.627843,0.000000
2026-09-09,15:41:04,0.332983,0.336740,0.000000,29373.627843,0.000000
2026-09-09,15:41:05,0.332983,0.336740,0.000000,29373.627843,0.000000
2026-09-09,15:41:05,0.303943,0.335682,0.000000,29373.627843,0.000000
2026-09-09,15:41:06,0.312570,0.332345,0.000000,29373.627843,0.000000
2026-09-09,15:41:07,0.321722,0.329308,0.000000,29373.627843,0.000000
2026-09-09,15:41:07,0.321722,0.330747,0.000000,29373.627843,0.000000
2026-09-09,15:41:08,0.342190,0.330747,0.000000,29373.627843,0.000000
2026-09-09,15:41:09,0.317282,0.327752,0.000000,29373.627843,0.000000
2026-09-09,15:41:09,0.311761,0.324399,0.000000,29373.627843,0.000000
2026-09-09,15:41:10,0.311761,0.320916,0.000000,29373.627843,0.000000
2026-09-09,15:41:11,0.311761,0.322916,0.000000,29373.627843,0.000000
2026-09-09,15:41:11,0.345535,0.322916,0.000000,29373.627843,0.000000
2026-09-09,15:41:12,0.342937,0.324268,0.000000,29373.627843,0.000000
2026-09-09,15:41:13,0.353004,0.326270,0.000000,29373.627843,0.000000
2026-09-09,15:41:13,0.347159,0.330592,0.000000,29373.627843,0.000000
2026-09-09,15:41:14,0.347159,0.330592,0.000000,29373.627843,0.000000
2026-09-09,15:41:15,0.311761,0.330511,0.000000,29373.627843,0.000000
2026-09-09,15:41:15,0.344561,0.332795,0.000000,29373.627843,0.000000
2026-09-09,15:41:16,0.336117,0.332188,0.000000,29373.627843,0.000000
2026-09-09,15:41:17,0.336117,0.333227,0.000000,29373.627843,0.000000
2026-09-09,15:41:17,0.327674,0.333227,0.000000,29373.627843,0.000000
2026-09-09,15:41:18,0.348133,0.336864,0.000000,29373.627843,0.000000
2026-09-09,15:41:19,0.346509,0.340339,0.000000,29373.627843,0.000000
2026-09-09,15:41:19,0.347159,0.340501,0.000000,29373.627843,0.000000
2026-09-09,15:41:20,0.347159,0.338813,0.000000,29373.627843,0.000000
2026-09-09,15:41:21,0.326050,0.338813,0.000000,29373.627843,0.000000
2026-09-09,15:41:21,0.313385,0.334851,0.000000,29373.627843,0.000000
2026-09-09,15:41:22,0.332220,0.333357,0.000000,29373.627843,0.000000
2026-09-09,15:41:23,0.286544,0.330835,0.000000,29373.627843,0.000000
2026-09-09,15:41:23,0.286544,0.330835,0.000000,29373.627843,0.000000
2026-09-09,15:41:24,0.300295,0.326408,0.000000,29373.627843,0.000000
2026-09-09,15:41:25,0.334824,0.326279,0.000000,29373.627843,0.000000
2026-09-09,15:41:25,0.293257,0.322838,0.000000,29373.627843,0.000000
2026-09-09,15:41:26,0.293257,0.318735,0.000000,29373.627843,0.000000
2026-09-09,15:41:27,0.307108,0.318735,0.000000,29373.627843,0.000000
2026-09-09,15:41:27,0.323543,0.316438,0.000000,29373.627843,0.000000
2026-09-09,15:41:28,0.290673,0.310790,0.000000,29373.627843,0.000000
2026-09-09,15:41:29,0.307108,0.308896,0.000000,29373.627843,0.000000
2026-09-09,15:41:29,0.307108,0.308896,0.000000,29373.627843,0.000000
2026-09-09,15:41:30,0.320965,0.309654,0.000000,29373.627843,0.000000
2026-09-09,15:41:31,0.294027,0.305834,0.000000,29373.627843,0.000000
2026-09-09,15:41:31,0.297965,0.306976,0.000000,29373.627843,0.000000
2026-09-09,15:41:32,0.297965,0.307432,0.000000,29373.627843,0.000000
2026-09-09,15:41:33,0.304852,0.307432,0.000000,29373.627843,0.000000
2026-09-09,15:41:33,0.335703,0.307520,0.000000,29373.627843,0.000000
2026-09-09,15:41:34,0.340910,0.312285,0.000000,29373.627843,0.000000
2026-09-09,15:41:35,0.307011,0.312276,0.000000,29373.627843,0.000000
2026-09-09,15:41:35,0.307011,0.311243,0.000000,29373.627843,0.000000
2026-09-09,15:41:36,0.313221,0.311243,0.000000,29373.627843,0.000000
2026-09-09,15:41:37,0.319082,0.314084,0.000000,29373.627843,0.000000
2026-09-09,15:41:37,0.344478,0.317821,0.000000,29373.627843,0.000000
2026-09-09,15:41:38,0.344478,0.317080,0.000000,29373.627843,0.000000
2026-09-09,15:41:39,0.313547,0.317080,0.000000,29373.627843,0.000000
2026-09-09,15:41:39,0.347734,0.322450,0.000000,29373.627843,0.000000
2026-09-09,15:41:40,0.323321,0.324986,0.000000,29373.627843,0.000000
2026-09-09,15:41:41,0.314364,0.325937,0.000000,29373.627843,0.000000
2026-09-09,15:41:41,0.314364,0.326872,0.000000,29373.627843,0.000000
2026-09-09,15:41:42,0.345049,0.326872,0.000000,29373.627843,0.000000
2026-09-09,15:41:43,0.332318,0.326013,0.000000,29373.627843,0.000000
2026-09-09,15:41:43,0.342325,0.329544,0.000000,29373.627843,0.000000
2026-09-09,15:41:44,0.308574,0.329079,0.000000,29373.627843,0.000000
2026-09-09,15:41:45,0.308574,0.329079,0.000000,29373.627843,0.000000
2026-09-09,15:41:45,0.343289,0.331500,0.000000,29373.627843,0.000000
2026-09-09,15:41:46,0.337503,0.330803,0.000000,29373.627843,0.000000
2026-09-09,15:41:47,0.328503,0.332298,0.000000,29373.627843,0.000000
2026-09-09,15:41:47,0.328503,0.328961,0.000000,29373.627843,0.000000
2026-09-09,15:41:48,0.314360,0.328961,0.000000,29373.627843,0.000000
2026-09-09,15:41:49,0.314204,0.328049,0.000000,29373.627843,0.000000
2026-09-09,15:41:49,0.342325,0.330845,0.000000,29373.627843,0.000000
2026-09-09,15:41:50,0.349396,0.331280,0.000000,29373.627843,0.000000
2026-09-09,15:41:51,0.349396,0.331280,0.000000,29373.627843,0.000000
2026-09-09,15:41:51,0.338468,0.331895,0.000000,29373.627843,0.000000
2026-09-09,15:41:52,0.319468,0.329609,0.000000,29373.627843,0.000000
2026-09-09,15:41:52,0.338241,0.332576,0.000000,29373.627843,0.000000
2026-09-09,15:41:53,0.338241,0.328794,0.000000,29373.627843,0.000000
2026-09-09,15:41:54,0.305467,0.328794,0.000000,29373.627843,0.000000
2026-09-09,15:41:54,0.313384,0.326382,0.000000,29373.627843,0.000000
2026-09-09,15:41:55,0.345702,0.328102,0.000000,29373.627843,0.000000
2026-09-09,15:41:56,0.336235,0.330289,0.000000,29373.627843,0.000000
2026-09-09,15:41:56,0.336235,0.330289,0.000000,29373.627843,0.000000
2026-09-09,15:41:57,0.329592,0.331828,0.000000,29373.627843,0.000000
2026-09-09,15:41:58,0.331195,0.330715,0.000000,29373.627843,0.000000
2026-09-09,15:41:58,0.333440,0.329119,0.000000,29373.627843,0.000000
2026-09-09,15:41:59,0.333440,0.329729,0.000000,29373.627843,0.000000
2026-09-09,15:42:00,0.344563,0.329729,0.000000,29373.627843,0.000000
2026-09-09,15:42:00,0.346860,0.332468,0.000000,29373.627843,0.000000
2026-09-09,15:42:01,0.341361,0.332780,0.000000,29373.627843,0.000000
2026-09-09,15:42:02,0.341682,0.336401,0.000000,29373.627843,0.000000
2026-09-09,15:42:02,0.341682,0.339231,0.000000,29373.627843,0.000000
2026-09-09,15:42:03,0.341682,0.339231,0.000000,29373.627843,0.000000
2026-09-09,15:42:04,0.341039,0.338765,0.000000,29373.627843,0.000000
2026-09-09,15:42:04,0.332039,0.338345,0.000000,29373.627843,0.000000
2026-09-09,15:42:05,0.328503,0.338236,0.000000,29373.627843,0.000000
2026-09-09,15:42:06,0.328503,0.338236,0.000000,29373.627843,0.000000
2026-09-09,15:42:06,0.324967,0.337614,0.000000,29373.627843,0.000000
2026-09-09,15:42:07,0.328932,0.337163,0.000000,29373.627843,0.000000
2026-09-09,15:42:08,0.328605,0.335567,0.000000,29373.627843,0.000000
2026-09-09,15:42:08,0.328605,0.333676,0.000000,29373.627843,0.000000
2026-09-09,15:42:09,0.327951,0.333676,0.000000,29373.627843,0.000000
2026-09-09,15:42:10,0.351189,0.334659,0.000000,29373.627843,0.000000
2026-09-09,15:42:10,0.344489,0.334940,0.000000,29373.627843,0.000000
2026-09-09,15:42:11,0.344489,0.335220,0.000000,29373.627843,0.000000
2026-09-09,15:42:12,0.344489,0.335726,0.000000,29373.627843,0.000000
2026-09-09,15:42:12,0.346100,0.335726,0.000000,29373.627843,0.000000
2026-09-09,15:42:13,0.345134,0.337036,0.000000,29373.627843,0.000000
2026-09-09,15:42:14,0.325798,0.336765,0.000000,29373.627843,0.000000
2026-09-09,15:42:14,0.333210,0.337590,0.000000,29373.627843,0.000000
2026-09-09,15:42:15,0.333210,0.337590,0.000000,29373.627843,0.000000
2026-09-09,15:42:16,0.339011,0.338598,0.000000,29373.627843,0.000000
2026-09-09,15:42:16,0.341267,0.339864,0.000000,29373.627843,0.000000
2026-09-09,15:42:17,0.341267,0.341195,0.000000,29373.627843,0.000000
2026-09-09,15:42:18,0.341267,0.340171,0.000000,29373.627843,0.000000
2026-09-09,15:42:18,0.340944,0.340171,0.000000,29373.627843,0.000000
2026-09-09,15:42:19,0.341267,0.339849,0.000000,29373.627843,0.000000
2026-09-09,15:42:20,0.342233,0.339623,0.000000,29373.627843,0.000000
2026-09-09,15:42:20,0.342556,0.339269,0.000000,29373.627843,0.000000
2026-09-09,15:42:21,0.342556,0.338270,0.000000,29373.627843,0.000000
2026-09-09,15:42:22,0.335144,0.338270,0.000000,29373.627843,0.000000
2026-09-09,15:42:22,0.329988,0.338689,0.000000,29373.627843,0.000000
2026-09-09,15:42:23,0.318986,0.337266,0.000000,29373.627843,0.000000
2026-09-09,15:42:24,0.341911,0.337556,0.000000,29373.627843,0.000000
2026-09-09,15:42:25,0.341911,0.337556,0.000000,29373.627843,0.000000
2026-09-09,15:42:25,0.310008,0.334430,0.000000,29373.627843,0.000000
2026-09-09,15:42:26,0.309363,0.331240,0.000000,29373.627843,0.000000
2026-09-09,15:42:27,0.309363,0.328082,0.000000,29373.627843,0.000000
2026-09-09,15:42:27,0.309363,0.328114,0.000000,29373.627843,0.000000
2026-09-09,15:42:28,0.341589,0.328114,0.000000,29373.627843,0.000000
2026-09-09,15:42:28,0.340300,0.327921,0.000000,29373.627843,0.000000
2026-09-09,15:42:29,0.339333,0.327599,0.000000,29373.627843,0.000000
2026-09-09,15:42:30,0.330310,0.327115,0.000000,29373.627843,0.000000
2026-09-09,15:42:30,0.330310,0.326986,0.000000,29373.627843,0.000000
2026-09-09,15:42:31,0.328699,0.326986,0.000000,29373.627843,0.000000
2026-09-09,15:42:32,0.327410,0.327829,0.000000,29373.627843,0.000000
2026-09-09,15:42:32,0.326765,0.326314,0.000000,29373.627843,0.000000
2026-09-09,15:42:33,0.326765,0.328183,0.000000,29373.627843,0.000000
2026-09-09,15:42:34,0.328699,0.328183,0.000000,29373.627843,0.000000
2026-09-09,15:42:34,0.332566,0.330503,0.000000,29373.627843,0.000000
2026-09-09,15:42:35,0.329665,0.332534,0.000000,29373.627843,0.000000
2026-09-09,15:42:36,0.324509,0.330826,0.000000,29373.627843,0.000000
2026-09-09,15:42:36,0.324509,0.325670,0.000000,29373.627843,0.000000
2026-09-09,15:42:37,0.288739,0.325670,0.000000,29373.627843,0.000000
2026-09-09,15:42:38,0.324832,0.324219,0.000000,29373.627843,0.000000
2026-09-09,15:42:38,0.326765,0.323865,0.000000,29373.627843,0.000000
2026-09-09,15:42:39,0.327410,0.323736,0.000000,29373.627843,0.000000
2026-09-09,15:42:40,0.327410,0.323736,0.000000,29373.627843,0.000000
2026-09-09,15:42:40,0.332244,0.324219,0.000000,29373.627843,0.000000
2026-09-09,15:42:41,0.335144,0.325057,0.000000,29373.627843,0.000000
2026-09-09,15:42:42,0.337077,0.325895,0.000000,29373.627843,0.000000
2026-09-09,15:42:42,0.337077,0.327037,0.000000,29373.627843,0.000000
2026-09-09,15:42:43,0.343988,0.327037,0.000000,29373.627843,0.000000
2026-09-09,15:42:44,0.338569,0.327928,0.000000,29373.627843,0.000000
2026-09-09,15:42:44,0.339852,0.329462,0.000000,29373.627843,0.000000
2026-09-09,15:42:45,0.340493,0.334637,0.000000,29373.627843,0.000000
2026-09-09,15:42:46,0.340493,0.334637,0.000000,29373.627843,0.000000
2026-09-09,15:42:46,0.307790,0.332933,0.000000,29373.627843,0.000000
2026-09-09,15:42:47,0.338890,0.334146,0.000000,29373.627843,0.000000
2026-09-09,15:42:48,0.344723,0.335877,0.000000,29373.627843,0.000000
2026-09-09,15:42:48,0.344723,0.336994,0.000000,29373.627843,0.000000
2026-09-09,15:42:49,0.343417,0.336994,0.000000,29373.627843,0.000000
2026-09-09,15:42:50,0.343417,0.337822,0.000000,29373.627843,0.000000
2026-09-09,15:42:50,0.336646,0.337779,0.000000,29373.627843,0.000000
2026-09-09,15:42:51,0.334722,0.336852,0.000000,29373.627843,0.000000
2026-09-09,15:42:52,0.334722,0.336852,0.000000,29373.627843,0.000000
2026-09-09,15:42:52,0.329592,0.335954,0.000000,29373.627843,0.000000
2026-09-09,15:42:53,0.323821,0.334351,0.000000,29373.627843,0.000000
2026-09-09,15:42:54,0.321577,0.332460,0.000000,29373.627843,0.000000
2026-09-09,15:42:54,0.321577,0.335858,0.000000,29373.627843,0.000000
2026-09-09,15:42:55,0.341776,0.335858,0.000000,29373.627843,0.000000
2026-09-09,15:42:56,0.316695,0.333639,0.000000,29373.627843,0.000000
2026-09-09,15:42:56,0.316695,0.330836,0.000000,29373.627843,0.000000
2026-09-09,15:42:57,0.343758,0.330870,0.000000,29373.627843,0.000000
2026-09-09,15:42:58,0.343758,0.330870,0.000000,29373.627843,0.000000
2026-09-09,15:42:58,0.343112,0.330839,0.000000,29373.627843,0.000000
2026-09-09,15:42:59,0.344727,0.331647,0.000000,29373.627843,0.000000
2026-09-09,15:43:00,0.289480,0.327123,0.000000,29373.627843,0.000000
2026-09-09,15:43:00,0.289480,0.326795,0.000000,29373.627843,0.000000
2026-09-09,15:43:01,0.326312,0.326795,0.000000,29373.627843,0.000000
2026-09-09,15:43:02,0.313388,0.325752,0.000000,29373.627843,0.000000
2026-09-09,15:43:02,0.307573,0.324351,0.000000,29373.627843,0.000000
2026-09-09,15:43:03,0.293034,0.319477,0.000000,29373.627843,0.000000
2026-09-09,15:43:04,0.293034,0.319477,0.000000,29373.627843,0.000000
2026-09-09,15:43:04,0.326635,0.320471,0.000000,29373.627843,0.000000
2026-09-09,15:43:05,0.330512,0.321853,0.000000,29373.627843,0.000000
2026-09-09,15:43:06,0.324050,0.319882,0.000000,29373.627843,0.000000
2026-09-09,15:43:06,0.289480,0.314519,0.000000,29373.627843,0.000000
2026-09-09,15:43:07,0.289480,0.314519,0.000000,29373.627843,0.000000
2026-09-09,15:43:08,0.326312,0.312678,0.000000,29373.627843,0.000000
2026-09-09,15:43:08,0.330512,0.316781,0.000000,29373.627843,0.000000
2026-09-09,15:43:09,0.325019,0.316651,0.000000,29373.627843,0.000000
2026-09-09,15:43:10,0.325019,0.314261,0.000000,29373.627843,0.000000
2026-09-09,15:43:10,0.289480,0.314261,0.000000,29373.627843,0.000000
2026-09-09,15:43:11,0.342789,0.317782,0.000000,29373.627843,0.000000
2026-09-09,15:43:12,0.346343,0.323113,0.000000,29373.627843,0.000000
2026-09-09,15:43:12,0.315650,0.322015,0.000000,29373.627843,0.000000
2026-09-09,15:43:13,0.315650,0.322015,0.000000,29373.627843,0.000000
2026-09-09,15:43:14,0.343112,0.323275,0.000000,29373.627843,0.000000
2026-09-09,15:43:14,0.344404,0.325310,0.000000,29373.627843,0.000000
2026-09-09,15:43:15,0.344404,0.330802,0.000000,29373.627843,0.000000
2026-09-09,15:43:16,0.344404,0.332418,0.000000,29373.627843,0.000000
2026-09-09,15:43:16,0.342466,0.332418,0.000000,29373.627843,0.000000
2026-09-09,15:43:17,0.314358,0.330802,0.000000,29373.627843,0.000000
2026-09-09,15:43:18,0.310158,0.329316,0.000000,29373.627843,0.000000
2026-09-09,15:43:18,0.310158,0.331384,0.000000,29373.627843,0.000000
2026-09-09,15:43:19,0.310158,0.328121,0.000000,29373.627843,0.000000
2026-09-09,15:43:20,0.310158,0.328121,0.000000,29373.627843,0.000000
2026-09-09,15:43:20,0.344404,0.327927,0.000000,29373.627843,0.000000
2026-09-09,15:43:21,0.330189,0.329381,0.000000,29373.627843,0.000000
2026-09-09,15:43:22,0.324373,0.327507,0.000000,29373.627843,0.000000
2026-09-09,15:43:22,0.324373,0.327507,0.000000,29373.627843,0.000000
2026-09-09,15:43:23,0.344081,0.327475,0.000000,29373.627843,0.000000
2026-09-09,15:43:24,0.310158,0.324050,0.000000,29373.627843,0.000000
2026-09-09,15:43:24,0.310158,0.320819,0.000000,29373.627843,0.000000
2026-09-09,15:43:25,0.310158,0.323598,0.000000,29373.627843,0.000000
2026-09-09,15:43:26,0.342143,0.323598,0.000000,29373.627843,0.000000
2026-09-09,15:43:26,0.351189,0.327701,0.000000,29373.627843,0.000000
2026-09-09,15:43:27,0.326312,0.329316,0.000000,29373.627843,0.000000
2026-09-09,15:43:28,0.323727,0.330673,0.000000,29373.627843,0.000000
2026-09-09,15:43:28,0.323727,0.330673,0.000000,29373.627843,0.000000
2026-09-09,15:43:29,0.346343,0.330867,0.000000,29373.627843,0.000000
2026-09-09,15:43:30,0.312096,0.329058,0.000000,29373.627843,0.000000
2026-09-09,15:43:30,0.313711,0.327992,0.000000,29373.627843,0.000000
2026-09-09,15:43:31,0.313711,0.324987,0.000000,29373.627843,0.000000
2026-09-09,15:43:32,0.314034,0.324987,0.000000,29373.627843,0.000000
2026-09-09,15:43:32,0.313065,0.325278,0.000000,29373.627843,0.000000
2026-09-09,15:43:33,0.312742,0.325536,0.000000,29373.627843,0.000000
2026-09-09,15:43:34,0.312742,0.322596,0.000000,29373.627843,0.000000
2026-09-09,15:43:34,0.312742,0.318913,0.000000,29373.627843,0.000000
2026-09-09,15:43:35,0.314358,0.318913,0.000000,29373.627843,0.000000
2026-09-09,15:43:36,0.318235,0.318105,0.000000,29373.627843,0.000000
2026-09-09,15:43:36,0.346019,0.320335,0.000000,29373.627843,0.000000
2026-09-09,15:43:37,0.324696,0.318170,0.000000,29373.627843,0.000000
2026-09-09,15:43:38,0.324696,0.318170,0.000000,29373.627843,0.000000
2026-09-09,15:43:38,0.328483,0.319809,0.000000,29373.627843,0.000000
2026-09-09,15:43:39,0.322539,0.320691,0.000000,29373.627843,0.000000
2026-09-09,15:43:40,0.323180,0.321606,0.000000,29373.627843,0.000000
2026-09-09,15:43:40,0.323180,0.322617,0.000000,29373.627843,0.000000
2026-09-09,15:43:41,0.323180,0.322617,0.000000,29373.627843,0.000000
2026-09-09,15:43:42,0.322539,0.323597,0.000000,29373.627843,0.000000
2026-09-09,15:43:42,0.321577,0.324481,0.000000,29373.627843,0.000000
2026-09-09,15:43:43,0.329796,0.326024,0.000000,29373.627843,0.000000
2026-09-09,15:43:44,0.329796,0.326024,0.000000,29373.627843,0.000000
2026-09-09,15:43:44,0.326896,0.326891,0.000000,29373.627843,0.000000
2026-09-09,15:43:45,0.328825,0.325171,0.000000,29373.627843,0.000000
2026-09-09,15:43:46,0.322717,0.324973,0.000000,29373.627843,0.000000
2026-09-09,15:43:46,0.322717,0.320925,0.000000,29373.627843,0.000000
2026-09-09,15:43:47,0.288003,0.320925,0.000000,29373.627843,0.000000
2026-09-09,15:43:47,0.323039,0.320975,0.000000,29373.627843,0.000000
2026-09-09,15:43:48,0.328825,0.321540,0.000000,29373.627843,0.000000
2026-09-09,15:43:49,0.288003,0.318022,0.000000,29373.627843,0.000000
2026-09-09,15:43:49,0.288003,0.318022,0.000000,29373.627843,0.000000
2026-09-09,15:43:50,0.301182,0.315886,0.000000,29373.627843,0.000000
2026-09-09,15:43:51,0.328825,0.316611,0.000000,29373.627843,0.000000
2026-09-09,15:43:51,0.288003,0.312432,0.000000,29373.627843,0.000000
2026-09-09,15:43:52,0.288003,0.309971,0.000000,29373.627843,0.000000
2026-09-09,15:43:53,0.302285,0.309971,0.000000,29373.627843,0.000000
2026-09-09,15:43:53,0.308574,0.307946,0.000000,29373.627843,0.000000
2026-09-09,15:43:54,0.328825,0.308556,0.000000,29373.627843,0.000000
2026-09-09,15:43:55,0.349396,0.314696,0.000000,29373.627843,0.000000
2026-09-09,15:43:55,0.349396,0.314696,0.000000,29373.627843,0.000000
2026-09-09,15:43:56,0.345219,0.316914,0.000000,29373.627843,0.000000
2026-09-09,15:43:57,0.350290,0.319060,0.000000,29373.627843,0.000000
2026-09-09,15:43:57,0.355771,0.325837,0.000000,29373.627843,0.000000
2026-09-09,15:43:58,0.355771,0.328799,0.000000,29373.627843,0.000000
2026-09-09,15:43:59,0.330800,0.328799,0.000000,29373.627843,0.000000
2026-09-09,15:43:59,0.326972,0.328613,0.000000,29373.627843,0.000000
2026-09-09,15:44:00,0.325209,0.332334,0.000000,29373.627843,0.000000
2026-09-09,15:44:01,0.320350,0.334140,0.000000,29373.627843,0.000000
2026-09-09,15:44:01,0.320350,0.334379,0.000000,29373.627843,0.000000
2026-09-09,15:44:02,0.310957,0.334379,0.000000,29373.627843,0.000000
2026-09-09,15:44:03,0.310957,0.332592,0.000000,29373.627843,0.000000
2026-09-09,15:44:03,0.337841,0.331436,0.000000,29373.627843,0.000000
2026-09-09,15:44:04,0.328448,0.329759,0.000000,29373.627843,0.000000
2026-09-09,15:44:05,0.328448,0.329759,0.000000,29373.627843,0.000000
2026-09-09,15:44:05,0.345615,0.329292,0.000000,29373.627843,0.000000
2026-09-09,15:44:06,0.310957,0.324810,0.000000,29373.627843,0.000000
2026-09-09,15:44:07,0.344967,0.326227,0.000000,29373.627843,0.000000
2026-09-09,15:44:07,0.344967,0.328205,0.000000,29373.627843,0.000000
2026-09-09,15:44:08,0.346749,0.328205,0.000000,29373.627843,0.000000
2026-09-09,15:44:09,0.329420,0.328626,0.000000,29373.627843,0.000000
2026-09-09,15:44:09,0.330880,0.329679,0.000000,29373.627843,0.000000
2026-09-09,15:44:10,0.341267,0.332710,0.000000,29373.627843,0.000000
2026-09-09,15:44:11,0.341267,0.333538,0.000000,29373.627843,0.000000
2026-09-09,15:44:11,0.319234,0.333538,0.000000,29373.627843,0.000000
2026-09-09,15:44:12,0.344885,0.334242,0.000000,29373.627843,0.000000
2026-09-09,15:44:13,0.343586,0.335756,0.000000,29373.627843,0.000000
2026-09-09,15:44:13,0.345535,0.335748,0.000000,29373.627843,0.000000
2026-09-09,15:44:14,0.345535,0.335748,0.000000,29373.627843,0.000000
2026-09-09,15:44:15,0.311761,0.335828,0.000000,29373.627843,0.000000
2026-09-09,15:44:15,0.290977,0.330429,0.000000,29373.627843,0.000000
2026-09-09,15:44:16,0.324751,0.328230,0.000000,29373.627843,0.000000
2026-09-09,15:44:17,0.324751,0.327893,0.000000,29373.627843,0.000000
2026-09-09,15:44:17,0.326050,0.327893,0.000000,29373.627843,0.000000
2026-09-09,15:44:18,0.330596,0.327864,0.000000,29373.627843,0.000000
2026-09-09,15:44:19,0.336767,0.327414,0.000000,29373.627843,0.000000
2026-09-09,15:44:19,0.335173,0.329008,0.000000,29373.627843,0.000000
2026-09-09,15:44:20,0.335173,0.329008,0.000000,29373.627843,0.000000
2026-09-09,15:44:21,0.352094,0.329729,0.000000,29373.627843,0.000000
2026-09-09,15:44:21,0.325533,0.327923,0.000000,29373.627843,0.000000
2026-09-09,15:44:22,0.290226,0.322393,0.000000,29373.627843,0.000000
2026-09-09,15:44:23,0.290226,0.323478,0.000000,29373.627843,0.000000
2026-09-09,15:44:23,0.322617,0.323478,0.000000,29373.627843,0.000000
2026-09-09,15:44:24,0.306098,0.324990,0.000000,29373.627843,0.000000
2026-09-09,15:44:25,0.331363,0.325652,0.000000,29373.627843,0.000000
2026-09-09,15:44:25,0.341728,0.327220,0.000000,29373.627843,0.000000
2026-09-09,15:44:26,0.341728,0.328592,0.000000,29373.627843,0.000000
2026-09-09,15:44:27,0.344320,0.328592,0.000000,29373.627843,0.000000
2026-09-09,15:44:27,0.310957,0.326011,0.000000,29373.627843,0.000000
2026-09-09,15:44:28,0.310957,0.323589,0.000000,29373.627843,0.000000
2026-09-09,15:44:29,0.310957,0.319476,0.000000,29373.627843,0.000000
2026-09-09,15:44:29,0.310957,0.319476,0.000000,29373.627843,0.000000
2026-09-09,15:44:30,0.310957,0.318018,0.000000,29373.627843,0.000000
2026-09-09,15:44:31,0.310957,0.320091,0.000000,29373.627843,0.000000
2026-09-09,15:44:31,0.310957,0.318925,0.000000,29373.627843,0.000000
2026-09-09,15:44:32,0.310957,0.319411,0.000000,29373.627843,0.000000
2026-09-09,15:44:33,0.310957,0.319411,0.000000,29373.627843,0.000000
2026-09-09,15:44:33,0.343348,0.320609,0.000000,29373.627843,0.000000
2026-09-09,15:44:34,0.338489,0.320285,0.000000,29373.627843,0.000000
2026-09-09,15:44:35,0.331363,0.318990,0.000000,29373.627843,0.000000
2026-09-09,15:44:35,0.331363,0.318990,0.000000,29373.627843,0.000000
2026-09-09,15:44:36,0.310957,0.318990,0.000000,29373.627843,0.000000
2026-09-09,15:44:37,0.329231,0.320817,0.000000,29373.627843,0.000000
2026-09-09,15:44:37,0.310158,0.320737,0.000000,29373.627843,0.000000
2026-09-09,15:44:38,0.310158,0.320188,0.000000,29373.627843,0.000000
2026-09-09,15:44:39,0.305467,0.320188,0.000000,29373.627843,0.000000
2026-09-09,15:44:39,0.305467,0.319639,0.000000,29373.627843,0.000000
2026-09-09,15:44:40,0.340469,0.322591,0.000000,29373.627843,0.000000
2026-09-09,15:44:41,0.339514,0.325446,0.000000,29373.627843,0.000000
2026-09-09,15:44:41,0.339514,0.325446,0.000000,29373.627843,0.000000
2026-09-09,15:44:42,0.339832,0.325095,0.000000,29373.627843,0.000000
2026-09-09,15:44:43,0.313384,0.322584,0.000000,29373.627843,0.000000
2026-09-09,15:44:43,0.313384,0.320786,0.000000,29373.627843,0.000000
2026-09-09,15:44:44,0.313384,0.321029,0.000000,29373.627843,0.000000
2026-09-09,15:44:45,0.313384,0.321029,0.000000,29373.627843,0.000000
2026-09-09,15:44:45,0.313384,0.319445,0.000000,29373.627843,0.000000
2026-09-09,15:44:46,0.343611,0.322790,0.000000,29373.627843,0.000000
2026-09-09,15:44:47,0.308574,0.323101,0.000000,29373.627843,0.000000
2026-09-09,15:44:47,0.308574,0.323101,0.000000,29373.627843,0.000000
2026-09-09,15:44:48,0.308574,0.323411,0.000000,29373.627843,0.000000
2026-09-09,15:44:49,0.308574,0.320222,0.000000,29373.627843,0.000000
2026-09-09,15:44:49,0.339753,0.320246,0.000000,29373.627843,0.000000
2026-09-09,15:44:50,0.339753,0.320656,0.000000,29373.627843,0.000000
2026-09-09,15:44:51,0.343932,0.320656,0.000000,29373.627843,0.000000
2026-09-09,15:44:51,0.321753,0.321493,0.000000,29373.627843,0.000000
2026-09-09,15:44:52,0.327217,0.322876,0.000000,29373.627843,0.000000
2026-09-09,15:44:53,0.328825,0.324420,0.000000,29373.627843,0.000000
2026-09-09,15:44:53,0.328825,0.325353,0.000000,29373.627843,0.000000
2026-09-09,15:44:54,0.322717,0.325353,0.000000,29373.627843,0.000000
2026-09-09,15:44:55,0.288003,0.319792,0.000000,29373.627843,0.000000
2026-09-09,15:44:55,0.297324,0.318667,0.000000,29373.627843,0.000000
2026-09-09,15:44:56,0.328825,0.320692,0.000000,29373.627843,0.000000
2026-09-09,15:44:57,0.328825,0.320692,0.000000,29373.627843,0.000000
2026-09-09,15:44:57,0.292492,0.319084,0.000000,29373.627843,0.000000
2026-09-09,15:44:58,0.326769,0.317786,0.000000,29373.627843,0.000000
2026-09-09,15:44:59,0.330686,0.316461,0.000000,29373.627843,0.000000
2026-09-09,15:44:59,0.330686,0.317385,0.000000,29373.627843,0.000000
2026-09-09,15:45:00,0.330996,0.317385,0.000000,29373.627843,0.000000
2026-09-09,15:45:01,0.333875,0.318051,0.000000,29373.627843,0.000000
2026-09-09,15:45:01,0.331956,0.318364,0.000000,29373.627843,0.000000
2026-09-09,15:45:02,0.332545,0.319347,0.000000,29373.627843,0.000000
2026-09-09,15:45:03,0.332545,0.319347,0.000000,29373.627843,0.000000
2026-09-09,15:45:03,0.348133,0.325360,0.000000,29373.627843,0.000000
2026-09-09,15:45:04,0.348133,0.330441,0.000000,29373.627843,0.000000
2026-09-09,15:45:05,0.326375,0.330196,0.000000,29373.627843,0.000000
2026-09-09,15:45:05,0.326375,0.331666,0.000000,29373.627843,0.000000
2026-09-09,15:45:06,0.307194,0.331666,0.000000,29373.627843,0.000000
2026-09-09,15:45:07,0.316764,0.330666,0.000000,29373.627843,0.000000
2026-09-09,15:45:07,0.290226,0.326620,0.000000,29373.627843,0.000000
2026-09-09,15:45:08,0.292494,0.322769,0.000000,29373.627843,0.000000
2026-09-09,15:45:08,0.292494,0.322769,0.000000,29373.627843,0.000000
2026-09-09,15:45:09,0.304478,0.319830,0.000000,29373.627843,0.000000
2026-09-09,15:45:10,0.331363,0.319770,0.000000,29373.627843,0.000000
2026-09-09,15:45:10,0.334020,0.319918,0.000000,29373.627843,0.000000
2026-09-09,15:45:11,0.334020,0.320405,0.000000,29373.627843,0.000000
2026-09-09,15:45:12,0.353004,0.320405,0.000000,29373.627843,0.000000
2026-09-09,15:45:12,0.342612,0.319853,0.000000,29373.627843,0.000000
2026-09-09,15:45:13,0.344561,0.321672,0.000000,29373.627843,0.000000
2026-09-09,15:45:14,0.345535,0.325506,0.000000,29373.627843,0.000000
2026-09-09,15:45:14,0.345535,0.328448,0.000000,29373.627843,0.000000
2026-09-09,15:45:15,0.346184,0.328448,0.000000,29373.627843,0.000000
2026-09-09,15:45:16,0.311761,0.330601,0.000000,29373.627843,0.000000
2026-09-09,15:45:16,0.311761,0.332528,0.000000,29373.627843,0.000000
2026-09-09,15:45:17,0.311761,0.331373,0.000000,29373.627843,0.000000
2026-09-09,15:45:18,0.292925,0.331373,0.000000,29373.627843,0.000000
2026-09-09,15:45:18,0.327349,0.330971,0.000000,29373.627843,0.000000
2026-09-09,15:45:19,0.307864,0.328356,0.000000,29373.627843,0.000000
2026-09-09,15:45:20,0.304133,0.323468,0.000000,29373.627843,0.000000
2026-09-09,15:45:20,0.304133,0.321923,0.000000,29373.627843,0.000000
2026-09-09,15:45:21,0.327159,0.321923,0.000000,29373.627843,0.000000
2026-09-09,15:45:22,0.339951,0.321462,0.000000,29373.627843,0.000000
2026-09-09,15:45:22,0.341870,0.321096,0.000000,29373.627843,0.000000
2026-09-09,15:45:23,0.347483,0.321226,0.000000,29373.627843,0.000000
2026-09-09,15:45:24,0.347483,0.321226,0.000000,29373.627843,0.000000
2026-09-09,15:45:24,0.341008,0.324150,0.000000,29373.627843,0.000000
2026-09-09,15:45:25,0.340688,0.327043,0.000000,29373.627843,0.000000
2026-09-09,15:45:26,0.306237,0.328374,0.000000,29373.627843,0.000000
2026-09-09,15:45:26,0.306237,0.326735,0.000000,29373.627843,0.000000
2026-09-09,15:45:27,0.310957,0.326735,0.000000,29373.627843,0.000000
2026-09-09,15:45:28,0.293465,0.325295,0.000000,29373.627843,0.000000
2026-09-09,15:45:28,0.294437,0.324325,0.000000,29373.627843,0.000000
2026-09-09,15:45:29,0.328124,0.324422,0.000000,29373.627843,0.000000
2026-09-09,15:45:30,0.328124,0.324422,0.000000,29373.627843,0.000000
2026-09-09,15:45:30,0.309985,0.321425,0.000000,29373.627843,0.000000
2026-09-09,15:45:31,0.331363,0.320375,0.000000,29373.627843,0.000000
2026-09-09,15:45:32,0.324561,0.318082,0.000000,29373.627843,0.000000
2026-09-09,15:45:32,0.324561,0.315077,0.000000,29373.627843,0.000000
2026-09-09,15:45:33,0.310957,0.315077,0.000000,29373.627843,0.000000
2026-09-09,15:45:34,0.306237,0.311632,0.000000,29373.627843,0.000000
2026-09-09,15:45:34,0.307832,0.311792,0.000000,29373.627843,0.000000
2026-09-09,15:45:35,0.315500,0.312246,0.000000,29373.627843,0.000000
2026-09-09,15:45:36,0.315500,0.312246,0.000000,29373.627843,0.000000
2026-09-09,15:45:36,0.319408,0.314840,0.000000,29373.627843,0.000000
2026-09-09,15:45:37,0.316152,0.317012,0.000000,29373.627843,0.000000
2026-09-09,15:45:38,0.321361,0.316335,0.000000,29373.627843,0.000000
2026-09-09,15:45:38,0.321361,0.317668,0.000000,29373.627843,0.000000
2026-09-09,15:45:39,0.323315,0.317668,0.000000,29373.627843,0.000000
2026-09-09,15:45:40,0.323640,0.316896,0.000000,29373.627843,0.000000
2026-09-09,15:45:40,0.324291,0.316869,0.000000,29373.627843,0.000000
2026-09-09,15:45:41,0.324943,0.318268,0.000000,29373.627843,0.000000
2026-09-09,15:45:42,0.324943,0.320041,0.000000,29373.627843,0.000000
2026-09-09,15:45:42,0.323966,0.320041,0.000000,29373.627843,0.000000
2026-09-09,15:45:43,0.320710,0.321329,0.000000,29373.627843,0.000000
2026-09-09,15:45:44,0.312570,0.321035,0.000000,29373.627843,0.000000
2026-09-09,15:45:44,0.307011,0.319796,0.000000,29373.627843,0.000000
2026-09-09,15:45:45,0.307011,0.319796,0.000000,29373.627843,0.000000
2026-09-09,15:45:46,0.330357,0.321216,0.000000,29373.627843,0.000000
2026-09-09,15:45:46,0.321722,0.321252,0.000000,29373.627843,0.000000
2026-09-09,15:45:47,0.340910,0.323012,0.000000,29373.627843,0.000000
2026-09-09,15:45:48,0.340910,0.321413,0.000000,29373.627843,0.000000
2026-09-09,15:45:48,0.307651,0.321413,0.000000,29373.627843,0.000000
2026-09-09,15:45:49,0.307011,0.319685,0.000000,29373.627843,0.000000
2026-09-09,15:45:50,0.347159,0.321907,0.000000,29373.627843,0.000000
2026-09-09,15:45:50,0.345860,0.324096,0.000000,29373.627843,0.000000
2026-09-09,15:45:51,0.345860,0.324096,0.000000,29373.627843,0.000000
2026-09-09,15:45:52,0.344236,0.326449,0.000000,29373.627843,0.000000
2026-09-09,15:45:52,0.353004,0.330492,0.000000,29373.627843,0.000000
2026-09-09,15:45:53,0.353004,0.335091,0.000000,29373.627843,0.000000
2026-09-09,15:45:54,0.353004,0.335180,0.000000,29373.627843,0.000000
2026-09-09,15:45:54,0.331246,0.335180,0.000000,29373.627843,0.000000
2026-09-09,15:45:55,0.328438,0.335852,0.000000,29373.627843,0.000000
2026-09-09,15:45:56,0.358591,0.337620,0.000000,29373.627843,0.000000
2026-09-09,15:45:56,0.353004,0.342155,0.000000,29373.627843,0.000000
2026-09-09,15:45:57,0.353004,0.345748,0.000000,29373.627843,0.000000
2026-09-09,15:45:58,0.342937,0.345748,0.000000,29373.627843,0.000000
2026-09-09,15:45:58,0.326699,0.343702,0.000000,29373.627843,0.000000
2026-09-09,15:45:59,0.290977,0.338214,0.000000,29373.627843,0.000000
2026-09-09,15:46:00,0.295198,0.333310,0.000000,29373.627843,0.000000
2026-09-09,15:46:00,0.295198,0.333310,0.000000,29373.627843,0.000000
2026-09-09,15:46:01,0.329622,0.330972,0.000000,29373.627843,0.000000
2026-09-09,15:46:02,0.313385,0.327010,0.000000,29373.627843,0.000000
2026-09-09,15:46:02,0.332220,0.327107,0.000000,29373.627843,0.000000
2026-09-09,15:46:03,0.332220,0.323361,0.000000,29373.627843,0.000000
2026-09-09,15:46:04,0.290977,0.323361,0.000000,29373.627843,0.000000
2026-09-09,15:46:04,0.296173,0.317119,0.000000,29373.627843,0.000000
2026-09-09,15:46:05,0.305266,0.312345,0.000000,29373.627843,0.000000
2026-09-09,15:46:06,0.333194,0.311371,0.000000,29373.627843,0.000000
2026-09-09,15:46:06,0.333194,0.311371,0.000000,29373.627843,0.000000
2026-09-09,15:46:07,0.353004,0.314002,0.000000,29373.627843,0.000000
2026-09-09,15:46:08,0.344885,0.319392,0.000000,29373.627843,0.000000
2026-09-09,15:46:08,0.346834,0.324556,0.000000,29373.627843,0.000000
2026-09-09,15:46:09,0.346834,0.322770,0.000000,29373.627843,0.000000
2026-09-09,15:46:10,0.311761,0.322770,0.000000,29373.627843,0.000000
2026-09-09,15:46:10,0.311761,0.322607,0.000000,29373.627843,0.000000
2026-09-09,15:46:11,0.307011,0.320087,0.000000,29373.627843,0.000000
2026-09-09,15:46:12,0.290977,0.320087,0.000000,29373.627843,0.000000
2026-09-09,15:46:12,0.290977,0.320087,0.000000,29373.627843,0.000000
2026-09-09,15:46:13,0.326375,0.323107,0.000000,29373.627843,0.000000
2026-09-09,15:46:13,0.304773,0.323057,0.000000,29373.627843,0.000000
2026-09-09,15:46:14,0.316925,0.321431,0.000000,29373.627843,0.000000
2026-09-09,15:46:15,0.316925,0.314784,0.000000,29373.627843,0.000000
2026-09-09,15:46:15,0.286544,0.314784,0.000000,29373.627843,0.000000
2026-09-09,15:46:16,0.307361,0.311032,0.000000,29373.627843,0.000000
2026-09-09,15:46:17,0.321897,0.308538,0.000000,29373.627843,0.000000
2026-09-09,15:46:17,0.323821,0.309744,0.000000,29373.627843,0.000000
2026-09-09,15:46:18,0.323821,0.309744,0.000000,29373.627843,0.000000
2026-09-09,15:46:19,0.319653,0.310534,0.000000,29373.627843,0.000000
2026-09-09,15:46:19,0.287271,0.308560,0.000000,29373.627843,0.000000
2026-09-09,15:46:20,0.302019,0.309664,0.000000,29373.627843,0.000000
2026-09-09,15:46:21,0.302019,0.308896,0.000000,29373.627843,0.000000
2026-09-09,15:46:21,0.318691,0.308896,0.000000,29373.627843,0.000000
2026-09-09,15:46:22,0.287271,0.307145,0.000000,29373.627843,0.000000
2026-09-09,15:46:23,0.306976,0.306150,0.000000,29373.627843,0.000000
2026-09-09,15:46:23,0.327989,0.310295,0.000000,29373.627843,0.000000
2026-09-09,15:46:24,0.327989,0.310295,0.000000,29373.627843,0.000000
2026-09-09,15:46:25,0.321577,0.311717,0.000000,29373.627843,0.000000
2026-09-09,15:46:25,0.287271,0.308254,0.000000,29373.627843,0.000000
2026-09-09,15:46:26,0.324783,0.308350,0.000000,29373.627843,0.000000
2026-09-09,15:46:27,0.324783,0.307324,0.000000,29373.627843,0.000000
2026-09-09,15:46:27,0.309393,0.307324,0.000000,29373.627843,0.000000
2026-09-09,15:46:28,0.327989,0.311396,0.000000,29373.627843,0.000000
2026-09-09,15:46:29,0.319974,0.313191,0.000000,29373.627843,0.000000
2026-09-09,15:46:29,0.287271,0.310049,0.000000,29373.627843,0.000000
2026-09-09,15:46:30,0.287271,0.310306,0.000000,29373.627843,0.000000
2026-09-09,15:46:31,0.289836,0.310306,0.000000,29373.627843,0.000000
2026-09-09,15:46:31,0.325745,0.312183,0.000000,29373.627843,0.000000
2026-09-09,15:46:32,0.327989,0.312183,0.000000,29373.627843,0.000000
2026-09-09,15:46:33,0.319653,0.311990,0.000000,29373.627843,0.000000
2026-09-09,15:46:33,0.319653,0.311990,0.000000,29373.627843,0.000000
2026-09-09,15:46:34,0.307790,0.314042,0.000000,29373.627843,0.000000
2026-09-09,15:46:35,0.307790,0.312343,0.000000,29373.627843,0.000000
2026-09-09,15:46:35,0.307790,0.312183,0.000000,29373.627843,0.000000
2026-09-09,15:46:36,0.307790,0.313626,0.000000,29373.627843,0.000000
2026-09-09,15:46:37,0.342417,0.313626,0.000000,29373.627843,0.000000
2026-09-09,15:46:37,0.339531,0.315581,0.000000,29373.627843,0.000000
2026-09-09,15:46:38,0.331836,0.320038,0.000000,29373.627843,0.000000
2026-09-09,15:46:39,0.321897,0.323244,0.000000,29373.627843,0.000000
2026-09-09,15:46:39,0.321897,0.323244,0.000000,29373.627843,0.000000
2026-09-09,15:46:40,0.317654,0.322435,0.000000,29373.627843,0.000000
2026-09-09,15:46:41,0.315029,0.321139,0.000000,29373.627843,0.000000
2026-09-09,15:46:41,0.336646,0.322838,0.000000,29373.627843,0.000000
2026-09-09,15:46:42,0.336646,0.324698,0.000000,29373.627843,0.000000
2026-09-09,15:46:43,0.326386,0.324698,0.000000,29373.627843,0.000000
2026-09-09,15:46:43,0.343058,0.328225,0.000000,29373.627843,0.000000
2026-09-09,15:46:44,0.307790,0.328225,0.000000,29373.627843,0.000000
2026-09-09,15:46:45,0.344070,0.328390,0.000000,29373.627843,0.000000
2026-09-09,15:46:45,0.344070,0.328390,0.000000,29373.627843,0.000000
2026-09-09,15:46:46,0.338194,0.328256,0.000000,29373.627843,0.000000
2026-09-09,15:46:47,0.333950,0.328468,0.000000,29373.627843,0.000000
2026-09-09,15:46:47,0.331992,0.329477,0.000000,29373.627843,0.000000
2026-09-09,15:46:48,0.331992,0.330845,0.000000,29373.627843,0.000000
2026-09-09,15:46:49,0.331339,0.330845,0.000000,29373.627843,0.000000
2026-09-09,15:46:49,0.313711,0.330714,0.000000,29373.627843,0.000000
2026-09-09,15:46:50,0.306237,0.327673,0.000000,29373.627843,0.000000
2026-09-09,15:46:51,0.317083,0.326742,0.000000,29373.627843,0.000000
2026-09-09,15:46:51,0.317083,0.323922,0.000000,29373.627843,0.000000
2026-09-09,15:46:52,0.314850,0.323922,0.000000,29373.627843,0.000000
2026-09-09,15:46:53,0.314850,0.324627,0.000000,29373.627843,0.000000
2026-09-09,15:46:53,0.315841,0.321805,0.000000,29373.627843,0.000000
2026-09-09,15:46:54,0.315841,0.319635,0.000000,29373.627843,0.000000
2026-09-09,15:46:55,0.316495,0.319635,0.000000,29373.627843,0.000000
2026-09-09,15:46:55,0.316495,0.317889,0.000000,29373.627843,0.000000
2026-09-09,15:46:56,0.311317,0.315822,0.000000,29373.627843,0.000000
2026-09-09,15:46:57,0.313561,0.314044,0.000000,29373.627843,0.000000
2026-09-09,15:46:57,0.313561,0.314189,0.000000,29373.627843,0.000000
2026-09-09,15:46:58,0.315165,0.314189,0.000000,29373.627843,0.000000
2026-09-09,15:46:59,0.315485,0.315114,0.000000,29373.627843,0.000000
2026-09-09,15:46:59,0.313882,0.314794,0.000000,29373.627843,0.000000
2026-09-09,15:47:00,0.307790,0.314088,0.000000,29373.627843,0.000000
2026-09-09,15:47:01,0.307790,0.314088,0.000000,29373.627843,0.000000
2026-09-09,15:47:01,0.307790,0.313382,0.000000,29373.627843,0.000000
2026-09-09,15:47:02,0.332798,0.315078,0.000000,29373.627843,0.000000
2026-09-09,15:47:03,0.324783,0.315907,0.000000,29373.627843,0.000000
2026-09-09,15:47:03,0.324783,0.318563,0.000000,29373.627843,0.000000
2026-09-09,15:47:04,0.343058,0.318563,0.000000,29373.627843,0.000000
2026-09-09,15:47:05,0.311638,0.318595,0.000000,29373.627843,0.000000
2026-09-09,15:47:05,0.315029,0.318742,0.000000,29373.627843,0.000000
2026-09-09,15:47:06,0.315029,0.318728,0.000000,29373.627843,0.000000
2026-09-09,15:47:07,0.315029,0.318728,0.000000,29373.627843,0.000000
2026-09-09,15:47:07,0.310158,0.318196,0.000000,29373.627843,0.000000
2026-09-09,15:47:08,0.293357,0.316143,0.000000,29373.627843,0.000000
2026-09-09,15:47:09,0.326635,0.318028,0.000000,29373.627843,0.000000
2026-09-09,15:47:09,0.326635,0.318103,0.000000,29373.627843,0.000000
2026-09-09,15:47:10,0.308542,0.318103,0.000000,29373.627843,0.000000
2026-09-09,15:47:11,0.330512,0.317874,0.000000,29373.627843,0.000000
2026-09-09,15:47:11,0.323404,0.317736,0.000000,29373.627843,0.000000
2026-09-09,15:47:12,0.289480,0.312378,0.000000,29373.627843,0.000000
2026-09-09,15:47:13,0.289480,0.312378,0.000000,29373.627843,0.000000
2026-09-09,15:47:13,0.301757,0.311390,0.000000,29373.627843,0.000000
2026-09-09,15:47:14,0.330512,0.312939,0.000000,29373.627843,0.000000
2026-09-09,15:47:15,0.322758,0.313711,0.000000,29373.627843,0.000000
2026-09-09,15:47:15,0.322758,0.311644,0.000000,29373.627843,0.000000
2026-09-09,15:47:16,0.289480,0.311644,0.000000,29373.627843,0.000000
2026-09-09,15:47:16,0.321142,0.314422,0.000000,29373.627843,0.000000
2026-09-09,15:47:17,0.346989,0.316458,0.000000,29373.627843,0.000000
2026-09-09,15:47:18,0.325019,0.318105,0.000000,29373.627843,0.000000
2026-09-09,15:47:18,0.325019,0.319527,0.000000,29373.627843,0.000000
2026-09-09,15:47:19,0.344727,0.319527,0.000000,29373.627843,0.000000
2026-09-09,15:47:20,0.343112,0.321498,0.000000,29373.627843,0.000000
2026-09-09,15:47:20,0.341173,0.326667,0.000000,29373.627843,0.000000
2026-09-09,15:47:21,0.315327,0.328024,0.000000,29373.627843,0.000000
2026-09-09,15:47:22,0.315327,0.328024,0.000000,29373.627843,0.000000
2026-09-09,15:47:22,0.316619,0.326635,0.000000,29373.627843,0.000000
2026-09-09,15:47:23,0.343112,0.328670,0.000000,29373.627843,0.000000
2026-09-09,15:47:24,0.344727,0.334195,0.000000,29373.627843,0.000000
2026-09-09,15:47:24,0.344727,0.336618,0.000000,29373.627843,0.000000
2026-09-09,15:47:25,0.345373,0.336618,0.000000,29373.627843,0.000000
2026-09-09,15:47:26,0.345373,0.336456,0.000000,29373.627843,0.000000
2026-09-09,15:47:26,0.345050,0.338459,0.000000,29373.627843,0.000000
2026-09-09,15:47:27,0.310158,0.335002,0.000000,29373.627843,0.000000
2026-09-09,15:47:28,0.310158,0.335002,0.000000,29373.627843,0.000000
2026-09-09,15:47:28,0.315004,0.332192,0.000000,29373.627843,0.000000
2026-09-09,15:47:29,0.326635,0.330738,0.000000,29373.627843,0.000000
2026-09-09,15:47:30,0.308542,0.330059,0.000000,29373.627843,0.000000
2026-09-09,15:47:30,0.308542,0.330350,0.000000,29373.627843,0.000000
2026-09-09,15:47:31,0.319527,0.330350,0.000000,29373.627843,0.000000
2026-09-09,15:47:32,0.289480,0.324987,0.000000,29373.627843,0.000000
2026-09-09,15:47:32,0.327927,0.323307,0.000000,29373.627843,0.000000
2026-09-09,15:47:33,0.330512,0.321821,0.000000,29373.627843,0.000000
2026-09-09,15:47:34,0.330512,0.321821,0.000000,29373.627843,0.000000
2026-09-09,15:47:34,0.289480,0.316231,0.000000,29373.627843,0.000000
2026-09-09,15:47:35,0.311773,0.312904,0.000000,29373.627843,0.000000
2026-09-09,15:47:36,0.310158,0.312904,0.000000,29373.627843,0.000000
2026-09-09,15:47:36,0.310158,0.312419,0.000000,29373.627843,0.000000
2026-09-09,15:47:37,0.310158,0.312419,0.000000,29373.627843,0.000000
2026-09-09,15:47:38,0.310158,0.310771,0.000000,29373.627843,0.000000
2026-09-09,15:47:38,0.310158,0.310933,0.000000,29373.627843,0.000000
2026-09-09,15:47:39,0.345373,0.313518,0.000000,29373.627843,0.000000
2026-09-09,15:47:40,0.345373,0.319042,0.000000,29373.627843,0.000000
2026-09-09,15:47:40,0.344727,0.319042,0.000000,29373.627843,0.000000
2026-09-09,15:47:41,0.344081,0.320658,0.000000,29373.627843,0.000000
2026-09-09,15:47:42,0.342789,0.321885,0.000000,29373.627843,0.000000
2026-09-09,15:47:42,0.339881,0.326925,0.000000,29373.627843,0.000000
2026-09-09,15:47:43,0.339881,0.326925,0.000000,29373.627843,0.000000
2026-09-09,15:47:44,0.351189,0.330867,0.000000,29373.627843,0.000000
2026-09-09,15:47:44,0.324373,0.332289,0.000000,29373.627843,0.000000
2026-09-09,15:47:45,0.346019,0.335875,0.000000,29373.627843,0.000000
2026-09-09,15:47:46,0.346019,0.339073,0.000000,29373.627843,0.000000
2026-09-09,15:47:46,0.342143,0.339073,0.000000,29373.627843,0.000000
2026-09-09,15:47:47,0.310158,0.339073,0.000000,29373.627843,0.000000
2026-09-09,15:47:48,0.310158,0.335552,0.000000,29373.627843,0.000000
2026-09-09,15:47:48,0.310158,0.332095,0.000000,29373.627843,0.000000
2026-09-09,15:47:49,0.310158,0.332095,0.000000,29373.627843,0.000000
2026-09-09,15:47:50,0.310158,0.328702,0.000000,29373.627843,0.000000
2026-09-09,15:47:50,0.289480,0.323372,0.000000,29373.627843,0.000000
2026-09-09,15:47:51,0.323404,0.321724,0.000000,29373.627843,0.000000
2026-09-09,15:47:52,0.323404,0.317071,0.000000,29373.627843,0.000000
2026-09-09,15:47:52,0.304665,0.317071,0.000000,29373.627843,0.000000
2026-09-09,15:47:53,0.306281,0.315262,0.000000,29373.627843,0.000000
2026-09-09,15:47:54,0.330512,0.313711,0.000000,29373.627843,0.000000
2026-09-09,15:47:54,0.325019,0.311999,0.000000,29373.627843,0.000000
2026-09-09,15:47:55,0.325019,0.311999,0.000000,29373.627843,0.000000
2026-09-09,15:47:56,0.289480,0.309931,0.000000,29373.627843,0.000000
2026-09-09,15:47:56,0.323404,0.311256,0.000000,29373.627843,0.000000
2026-09-09,15:47:57,0.305634,0.310804,0.000000,29373.627843,0.000000
2026-09-09,15:47:58,0.305634,0.313259,0.000000,29373.627843,0.000000
2026-09-09,15:47:58,0.334712,0.313259,0.000000,29373.627843,0.000000
2026-09-09,15:47:59,0.340527,0.318364,0.000000,29373.627843,0.000000
2026-09-09,15:48:00,0.343758,0.320399,0.000000,29373.627843,0.000000
2026-09-09,15:48:00,0.344404,0.324373,0.000000,29373.627843,0.000000
2026-09-09,15:48:01,0.344404,0.327539,0.000000,29373.627843,0.000000
2026-09-09,15:48:02,0.337942,0.327539,0.000000,29373.627843,0.000000
2026-09-09,15:48:02,0.351189,0.329607,0.000000,29373.627843,0.000000
2026-09-09,15:48:03,0.329219,0.330027,0.000000,29373.627843,0.000000
2026-09-09,15:48:04,0.318351,0.332914,0.000000,29373.627843,0.000000
2026-09-09,15:48:04,0.318351,0.332914,0.000000,29373.627843,0.000000
2026-09-09,15:48:05,0.337077,0.334281,0.000000,29373.627843,0.000000
2026-09-09,15:48:06,0.315017,0.335220,0.000000,29373.627843,0.000000
2026-09-09,15:48:06,0.307790,0.332527,0.000000,29373.627843,0.000000
2026-09-09,15:48:07,0.307790,0.329254,0.000000,29373.627843,0.000000
2026-09-09,15:48:08,0.307790,0.329254,0.000000,29373.627843,0.000000
2026-09-09,15:48:08,0.312570,0.326135,0.000000,29373.627843,0.000000
2026-09-09,15:48:09,0.347734,0.326468,0.000000,29373.627843,0.000000
2026-09-09,15:48:10,0.336013,0.326275,0.000000,29373.627843,0.000000
2026-09-09,15:48:10,0.336013,0.326275,0.000000,29373.627843,0.000000
2026-09-09,15:48:11,0.326896,0.323846,0.000000,29373.627843,0.000000
2026-09-09,15:48:12,0.320059,0.322930,0.000000,29373.627843,0.000000
2026-09-09,15:48:12,0.312570,0.322352,0.000000,29373.627843,0.000000
2026-09-09,15:48:13,0.312570,0.319901,0.000000,29373.627843,0.000000
2026-09-09,15:48:14,0.312570,0.319901,0.000000,29373.627843,0.000000
2026-09-09,15:48:14,0.317245,0.320124,0.000000,29373.627843,0.000000
2026-09-09,15:48:15,0.338032,0.323148,0.000000,29373.627843,0.000000
2026-09-09,15:48:16,0.337641,0.326133,0.000000,29373.627843,0.000000
2026-09-09,15:48:16,0.337641,0.327826,0.000000,29373.627843,0.000000
2026-09-09,15:48:17,0.329501,0.327826,0.000000,29373.627843,0.000000
2026-09-09,15:48:18,0.348385,0.327891,0.000000,29373.627843,0.000000
2026-09-09,15:48:18,0.312570,0.325547,0.000000,29373.627843,0.000000
2026-09-09,15:48:19,0.312570,0.327500,0.000000,29373.627843,0.000000
2026-09-09,15:48:20,0.346432,0.327500,0.000000,29373.627843,0.000000
2026-09-09,15:48:20,0.344478,0.329942,0.000000,29373.627843,0.000000
2026-09-09,15:48:21,0.348385,0.333524,0.000000,29373.627843,0.000000
2026-09-09,15:48:22,0.345455,0.336812,0.000000,29373.627843,0.000000
2026-09-09,15:48:22,0.345455,0.339796,0.000000,29373.627843,0.000000
2026-09-09,15:48:23,0.347083,0.339796,0.000000,29373.627843,0.000000
2026-09-09,15:48:24,0.312570,0.337250,0.000000,29373.627843,0.000000
2026-09-09,15:48:24,0.309714,0.334457,0.000000,29373.627843,0.000000
2026-09-09,15:48:25,0.341134,0.335621,0.000000,29373.627843,0.000000
2026-09-09,15:48:26,0.341134,0.335621,0.000000,29373.627843,0.000000
2026-09-09,15:48:26,0.344020,0.335184,0.000000,29373.627843,0.000000
2026-09-09,15:48:27,0.340493,0.337977,0.000000,29373.627843,0.000000
2026-09-09,15:48:28,0.343058,0.337639,0.000000,29373.627843,0.000000
2026-09-09,15:48:28,0.343058,0.337625,0.000000,29373.627843,0.000000
2026-09-09,15:48:29,0.344341,0.337625,0.000000,29373.627843,0.000000
2026-09-09,15:48:30,0.352767,0.338064,0.000000,29373.627843,0.000000
2026-09-09,15:48:30,0.352767,0.338795,0.000000,29373.627843,0.000000
2026-09-09,15:48:31,0.344896,0.338576,0.000000,29373.627843,0.000000
2026-09-09,15:48:32,0.344896,0.338576,0.000000,29373.627843,0.000000
2026-09-09,15:48:32,0.353313,0.342650,0.000000,29373.627843,0.000000
2026-09-09,15:48:33,0.345456,0.346224,0.000000,29373.627843,0.000000
2026-09-09,15:48:34,0.323543,0.344465,0.000000,29373.627843,0.000000
2026-09-09,15:48:34,0.323543,0.342611,0.000000,29373.627843,0.000000
2026-09-09,15:48:35,0.325476,0.342611,0.000000,29373.627843,0.000000
2026-09-09,15:48:35,0.323865,0.340948,0.000000,29373.627843,0.000000
2026-09-09,15:48:36,0.327087,0.339351,0.000000,29373.627843,0.000000
2026-09-09,15:48:37,0.331277,0.338045,0.000000,29373.627843,0.000000
2026-09-09,15:48:37,0.331277,0.338045,0.000000,29373.627843,0.000000
2026-09-09,15:48:38,0.335144,0.336282,0.000000,29373.627843,0.000000
2026-09-09,15:48:39,0.338689,0.334875,0.000000,29373.627843,0.000000
2026-09-09,15:48:39,0.340622,0.334447,0.000000,29373.627843,0.000000
2026-09-09,15:48:40,0.340622,0.333210,0.000000,29373.627843,0.000000
2026-09-09,15:48:41,0.340944,0.333210,0.000000,29373.627843,0.000000
2026-09-09,15:48:41,0.348959,0.333561,0.000000,29373.627843,0.000000
2026-09-09,15:48:42,0.335060,0.334712,0.000000,29373.627843,0.000000
2026-09-09,15:48:43,0.333787,0.335543,0.000000,29373.627843,0.000000
2026-09-09,15:48:43,0.333787,0.336379,0.000000,29373.627843,0.000000
2026-09-09,15:48:44,0.332220,0.336379,0.000000,29373.627843,0.000000
2026-09-09,15:48:45,0.330272,0.336697,0.000000,29373.627843,0.000000
2026-09-09,15:48:45,0.327349,0.336304,0.000000,29373.627843,0.000000
2026-09-09,15:48:46,0.348782,0.337668,0.000000,29373.627843,0.000000
2026-09-09,15:48:47,0.348782,0.337668,0.000000,29373.627843,0.000000
2026-09-09,15:48:47,0.344561,0.338255,0.000000,29373.627843,0.000000
2026-09-09,15:48:48,0.314034,0.335597,0.000000,29373.627843,0.000000
2026-09-09,15:48:49,0.311761,0.332678,0.000000,29373.627843,0.000000
2026-09-09,15:48:49,0.311761,0.328959,0.000000,29373.627843,0.000000
2026-09-09,15:48:50,0.311761,0.328959,0.000000,29373.627843,0.000000
2026-09-09,15:48:51,0.311761,0.326629,0.000000,29373.627843,0.000000
2026-09-09,15:48:51,0.311761,0.324426,0.000000,29373.627843,0.000000
2026-09-09,15:48:52,0.311761,0.322380,0.000000,29373.627843,0.000000
2026-09-09,15:48:53,0.311761,0.322380,0.000000,29373.627843,0.000000
2026-09-09,15:48:53,0.311761,0.320529,0.000000,29373.627843,0.000000
2026-09-09,15:48:54,0.311761,0.318970,0.000000,29373.627843,0.000000
2026-09-09,15:48:55,0.313060,0.315398,0.000000,29373.627843,0.000000
2026-09-09,15:48:55,0.313060,0.315495,0.000000,29373.627843,0.000000
2026-09-09,15:48:56,0.345535,0.315495,0.000000,29373.627843,0.000000
2026-09-09,15:48:57,0.348782,0.318970,0.000000,29373.627843,0.000000
2026-09-09,15:48:57,0.326050,0.320399,0.000000,29373.627843,0.000000
2026-09-09,15:48:58,0.322477,0.321471,0.000000,29373.627843,0.000000
2026-09-09,15:48:59,0.322477,0.321471,0.000000,29373.627843,0.000000
2026-09-09,15:48:59,0.332244,0.323519,0.000000,29373.627843,0.000000
2026-09-09,15:49:00,0.337722,0.326115,0.000000,29373.627843,0.000000
2026-09-09,15:49:01,0.336755,0.328615,0.000000,29373.627843,0.000000
2026-09-09,15:49:01,0.336755,0.331565,0.000000,29373.627843,0.000000
2026-09-09,15:49:02,0.341267,0.331565,0.000000,29373.627843,0.000000
2026-09-09,15:49:03,0.288739,0.329263,0.000000,29373.627843,0.000000
2026-09-09,15:49:03,0.288739,0.326831,0.000000,29373.627843,0.000000
2026-09-09,15:49:04,0.344489,0.326726,0.000000,29373.627843,0.000000
2026-09-09,15:49:05,0.344489,0.326726,0.000000,29373.627843,0.000000
2026-09-09,15:49:05,0.323865,0.324235,0.000000,29373.627843,0.000000
2026-09-09,15:49:06,0.326765,0.324306,0.000000,29373.627843,0.000000
2026-09-09,15:49:07,0.330310,0.325089,0.000000,29373.627843,0.000000
2026-09-09,15:49:07,0.330310,0.325315,0.000000,29373.627843,0.000000
2026-09-09,15:49:08,0.334499,0.325315,0.000000,29373.627843,0.000000
2026-09-09,15:49:09,0.329665,0.324509,0.000000,29373.627843,0.000000
2026-09-09,15:49:09,0.329665,0.323800,0.000000,29373.627843,0.000000
2026-09-09,15:49:10,0.324832,0.322157,0.000000,29373.627843,0.000000
2026-09-09,15:49:11,0.324832,0.322157,0.000000,29373.627843,0.000000
2026-09-09,15:49:11,0.288739,0.322157,0.000000,29373.627843,0.000000
2026-09-09,15:49:12,0.325476,0.325831,0.000000,29373.627843,0.000000
2026-09-09,15:49:13,0.309363,0.322318,0.000000,29373.627843,0.000000
2026-09-09,15:49:13,0.332244,0.323156,0.000000,29373.627843,0.000000
2026-09-09,15:49:14,0.332244,0.323156,0.000000,29373.627843,0.000000
2026-09-09,15:49:15,0.350290,0.325508,0.000000,29373.627843,0.000000
2026-09-09,15:49:15,0.350290,0.327506,0.000000,29373.627843,0.000000
2026-09-09,15:49:16,0.350290,0.329085,0.000000,29373.627843,0.000000
2026-09-09,15:49:17,0.350290,0.331696,0.000000,29373.627843,0.000000
2026-09-09,15:49:17,0.355771,0.331696,0.000000,29373.627843,0.000000
2026-09-09,15:49:18,0.331195,0.331849,0.000000,29373.627843,0.000000
2026-09-09,15:49:19,0.334401,0.332806,0.000000,29373.627843,0.000000
2026-09-09,15:49:19,0.336966,0.337629,0.000000,29373.627843,0.000000
2026-09-09,15:49:20,0.336966,0.337629,0.000000,29373.627843,0.000000
2026-09-09,15:49:21,0.345702,0.339651,0.000000,29373.627843,0.000000
2026-09-09,15:49:21,0.346355,0.343350,0.000000,29373.627843,0.000000
2026-09-09,15:49:22,0.345702,0.344696,0.000000,29373.627843,0.000000
2026-09-09,15:49:23,0.345702,0.345152,0.000000,29373.627843,0.000000
2026-09-09,15:49:23,0.354843,0.345152,0.000000,29373.627843,0.000000
2026-09-09,15:49:24,0.338520,0.343975,0.000000,29373.627843,0.000000
2026-09-09,15:49:25,0.331665,0.342112,0.000000,29373.627843,0.000000
2026-09-09,15:49:25,0.320763,0.338611,0.000000,29373.627843,0.000000
2026-09-09,15:49:26,0.320763,0.336225,0.000000,29373.627843,0.000000
2026-09-09,15:49:27,0.307331,0.336225,0.000000,29373.627843,0.000000
2026-09-09,15:49:27,0.307011,0.333486,0.000000,29373.627843,0.000000
2026-09-09,15:49:28,0.307011,0.330490,0.000000,29373.627843,0.000000
2026-09-09,15:49:29,0.307011,0.326621,0.000000,29373.627843,0.000000
2026-09-09,15:49:29,0.307011,0.326621,0.000000,29373.627843,0.000000
2026-09-09,15:49:30,0.325560,0.324542,0.000000,29373.627843,0.000000
2026-09-09,15:49:31,0.340271,0.323999,0.000000,29373.627843,0.000000
2026-09-09,15:49:31,0.340591,0.322573,0.000000,29373.627843,0.000000
2026-09-09,15:49:32,0.340591,0.319422,0.000000,29373.627843,0.000000
2026-09-09,15:49:33,0.307011,0.319422,0.000000,29373.627843,0.000000
2026-09-09,15:49:33,0.307011,0.316957,0.000000,29373.627843,0.000000
2026-09-09,15:49:34,0.323966,0.317277,0.000000,29373.627843,0.000000
2026-09-09,15:49:35,0.324943,0.319039,0.000000,29373.627843,0.000000
2026-09-09,15:49:35,0.324943,0.319039,0.000000,29373.627843,0.000000
2026-09-09,15:49:36,0.306709,0.319008,0.000000,29373.627843,0.000000
2026-09-09,15:49:37,0.333082,0.321615,0.000000,29373.627843,0.000000
2026-09-09,15:49:37,0.328199,0.323734,0.000000,29373.627843,0.000000
2026-09-09,15:49:38,0.328199,0.320775,0.000000,29373.627843,0.000000
2026-09-09,15:49:39,0.295965,0.320775,0.000000,29373.627843,0.000000
2026-09-09,15:49:39,0.309640,0.317712,0.000000,29373.627843,0.000000
2026-09-09,15:49:40,0.325268,0.316179,0.000000,29373.627843,0.000000
2026-09-09,15:49:41,0.291732,0.314651,0.000000,29373.627843,0.000000
2026-09-09,15:49:41,0.291732,0.314651,0.000000,29373.627843,0.000000
2026-09-09,15:49:42,0.298895,0.313840,0.000000,29373.627843,0.000000
2026-09-09,15:49:43,0.323640,0.313807,0.000000,29373.627843,0.000000
2026-09-09,15:49:43,0.319408,0.313254,0.000000,29373.627843,0.000000
2026-09-09,15:49:44,0.319408,0.314458,0.000000,29373.627843,0.000000
2026-09-09,15:49:45,0.318756,0.314458,0.000000,29373.627843,0.000000
2026-09-09,15:49:45,0.312896,0.312440,0.000000,29373.627843,0.000000
2026-09-09,15:49:46,0.312570,0.310877,0.000000,29373.627843,0.000000
2026-09-09,15:49:46,0.337928,0.315073,0.000000,29373.627843,0.000000
2026-09-09,15:49:47,0.337928,0.316940,0.000000,29373.627843,0.000000
2026-09-09,15:49:48,0.328310,0.316940,0.000000,29373.627843,0.000000
2026-09-09,15:49:48,0.350925,0.319506,0.000000,29373.627843,0.000000
2026-09-09,15:49:49,0.316649,0.321998,0.000000,29373.627843,0.000000
2026-09-09,15:49:50,0.313384,0.323447,0.000000,29373.627843,0.000000
2026-09-09,15:49:50,0.313384,0.323447,0.000000,29373.627843,0.000000
2026-09-09,15:49:51,0.347661,0.325849,0.000000,29373.627843,0.000000
2026-09-09,15:49:52,0.333950,0.327303,0.000000,29373.627843,0.000000
2026-09-09,15:49:52,0.313384,0.326766,0.000000,29373.627843,0.000000
2026-09-09,15:49:53,0.313384,0.328153,0.000000,29373.627843,0.000000
2026-09-09,15:49:54,0.326769,0.328153,0.000000,29373.627843,0.000000
2026-09-09,15:49:54,0.349293,0.331825,0.000000,29373.627843,0.000000
2026-09-09,15:49:55,0.342737,0.332306,0.000000,29373.627843,0.000000
2026-09-09,15:49:56,0.347083,0.334184,0.000000,29373.627843,0.000000
2026-09-09,15:49:56,0.347083,0.334184,0.000000,29373.627843,0.000000
2026-09-09,15:49:57,0.339852,0.333076,0.000000,29373.627843,0.000000
2026-09-09,15:49:58,0.310676,0.332479,0.000000,29373.627843,0.000000
2026-09-09,15:49:58,0.307790,0.331920,0.000000,29373.627843,0.000000
2026-09-09,15:49:59,0.340172,0.331171,0.000000,29373.627843,0.000000
2026-09-09,15:50:00,0.340172,0.331171,0.000000,29373.627843,0.000000
2026-09-09,15:50:00,0.321897,0.329966,0.000000,29373.627843,0.000000
2026-09-09,15:50:01,0.307790,0.329406,0.000000,29373.627843,0.000000
2026-09-09,15:50:02,0.335363,0.330266,0.000000,29373.627843,0.000000
2026-09-09,15:50:02,0.335363,0.329834,0.000000,29373.627843,0.000000
2026-09-09,15:50:03,0.344982,0.329834,0.000000,29373.627843,0.000000
2026-09-09,15:50:04,0.307790,0.326340,0.000000,29373.627843,0.000000
2026-09-09,15:50:04,0.341134,0.325745,0.000000,29373.627843,0.000000
2026-09-09,15:50:05,0.338569,0.325617,0.000000,29373.627843,0.000000
2026-09-09,15:50:06,0.338569,0.325617,0.000000,29373.627843,0.000000
2026-09-09,15:50:06,0.340172,0.328566,0.000000,29373.627843,0.000000
2026-09-09,15:50:07,0.307790,0.328566,0.000000,29373.627843,0.000000
2026-09-09,15:50:08,0.307790,0.325328,0.000000,29373.627843,0.000000
2026-09-09,15:50:08,0.307790,0.323917,0.000000,29373.627843,0.000000
2026-09-09,15:50:09,0.307790,0.323917,0.000000,29373.627843,0.000000
2026-09-09,15:50:10,0.314204,0.324559,0.000000,29373.627843,0.000000
2026-09-09,15:50:10,0.320750,0.323097,0.000000,29373.627843,0.000000
2026-09-09,15:50:11,0.342190,0.322818,0.000000,29373.627843,0.000000
2026-09-09,15:50:12,0.342190,0.324147,0.000000,29373.627843,0.000000
2026-09-09,15:50:12,0.321083,0.324147,0.000000,29373.627843,0.000000
2026-09-09,15:50:13,0.323641,0.322398,0.000000,29373.627843,0.000000
2026-09-09,15:50:14,0.332318,0.321773,0.000000,29373.627843,0.000000
2026-09-09,15:50:15,0.332971,0.321053,0.000000,29373.627843,0.000000
2026-09-09,15:50:15,0.332971,0.321053,0.000000,29373.627843,0.000000
2026-09-09,15:50:16,0.332645,0.323538,0.000000,29373.627843,0.000000
2026-09-09,15:50:17,0.331992,0.325958,0.000000,29373.627843,0.000000
2026-09-09,15:50:17,0.350599,0.330239,0.000000,29373.627843,0.000000
2026-09-09,15:50:18,0.350599,0.333015,0.000000,29373.627843,0.000000
2026-09-09,15:50:19,0.341964,0.333015,0.000000,29373.627843,0.000000
2026-09-09,15:50:19,0.348711,0.335811,0.000000,29373.627843,0.000000
2026-09-09,15:50:20,0.347409,0.336333,0.000000,29373.627843,0.000000
2026-09-09,15:50:21,0.343827,0.338608,0.000000,29373.627843,0.000000
2026-09-09,15:50:21,0.343827,0.337501,0.000000,29373.627843,0.000000
2026-09-09,15:50:22,0.312570,0.337501,0.000000,29373.627843,0.000000
2026-09-09,15:50:23,0.312570,0.335526,0.000000,29373.627843,0.000000
2026-09-09,15:50:23,0.340814,0.336310,0.000000,29373.627843,0.000000
2026-09-09,15:50:24,0.349879,0.338033,0.000000,29373.627843,0.000000
2026-09-09,15:50:25,0.349879,0.338033,0.000000,29373.627843,0.000000
2026-09-09,15:50:25,0.355771,0.340411,0.000000,29373.627843,0.000000
2026-09-09,15:50:26,0.335478,0.338899,0.000000,29373.627843,0.000000
2026-09-09,15:50:27,0.334824,0.338185,0.000000,29373.627843,0.000000
2026-09-09,15:50:27,0.334824,0.336142,0.000000,29373.627843,0.000000
2026-09-09,15:50:28,0.328278,0.336142,0.000000,29373.627843,0.000000
2026-09-09,15:50:29,0.290253,0.330426,0.000000,29373.627843,0.000000
2026-09-09,15:50:29,0.307610,0.326805,0.000000,29373.627843,0.000000
2026-09-09,15:50:30,0.322075,0.327755,0.000000,29373.627843,0.000000
2026-09-09,15:50:31,0.322075,0.328706,0.000000,29373.627843,0.000000
2026-09-09,15:50:31,0.322075,0.328706,0.000000,29373.627843,0.000000
2026-09-09,15:50:32,0.328825,0.327507,0.000000,29373.627843,0.000000
2026-09-09,15:50:33,0.328825,0.325401,0.000000,29373.627843,0.000000
2026-09-09,15:50:33,0.323682,0.322192,0.000000,29373.627843,0.000000
2026-09-09,15:50:34,0.323682,0.322192,0.000000,29373.627843,0.000000
2026-09-09,15:50:35,0.288003,0.317445,0.000000,29373.627843,0.000000
2026-09-09,15:50:35,0.295789,0.313541,0.000000,29373.627843,0.000000
2026-09-09,15:50:36,0.332968,0.314010,0.000000,29373.627843,0.000000
2026-09-09,15:50:37,0.332968,0.315951,0.000000,29373.627843,0.000000
2026-09-09,15:50:37,0.309661,0.315951,0.000000,29373.627843,0.000000
2026-09-09,15:50:38,0.352094,0.320399,0.000000,29373.627843,0.000000
2026-09-09,15:50:39,0.342376,0.322430,0.000000,29373.627843,0.000000
2026-09-09,15:50:39,0.344644,0.324687,0.000000,29373.627843,0.000000
2026-09-09,15:50:40,0.344644,0.326301,0.000000,29373.627843,0.000000
2026-09-09,15:50:41,0.344967,0.326301,0.000000,29373.627843,0.000000
2026-09-09,15:50:41,0.344320,0.327850,0.000000,29373.627843,0.000000
2026-09-09,15:50:42,0.342052,0.329687,0.000000,29373.627843,0.000000
2026-09-09,15:50:43,0.332983,0.334185,0.000000,29373.627843,0.000000
2026-09-09,15:50:43,0.332983,0.334185,0.000000,29373.627843,0.000000
2026-09-09,15:50:44,0.332011,0.337808,0.000000,29373.627843,0.000000
2026-09-09,15:50:45,0.332335,0.337744,0.000000,29373.627843,0.000000
2026-09-09,15:50:45,0.334926,0.340271,0.000000,29373.627843,0.000000
2026-09-09,15:50:46,0.334926,0.338943,0.000000,29373.627843,0.000000
2026-09-09,15:50:47,0.338813,0.338943,0.000000,29373.627843,0.000000
2026-09-09,15:50:47,0.348432,0.339548,0.000000,29373.627843,0.000000
2026-09-09,15:50:48,0.345373,0.339621,0.000000,29373.627843,0.000000
2026-09-09,15:50:49,0.310158,0.336140,0.000000,29373.627843,0.000000
2026-09-09,15:50:49,0.310158,0.332724,0.000000,29373.627843,0.000000
2026-09-09,15:50:50,0.310158,0.332724,0.000000,29373.627843,0.000000
2026-09-09,15:50:51,0.324050,0.330924,0.000000,29373.627843,0.000000
2026-09-09,15:50:51,0.325342,0.330160,0.000000,29373.627843,0.000000
2026-09-09,15:50:52,0.307896,0.327748,0.000000,29373.627843,0.000000
2026-09-09,15:50:53,0.307896,0.327748,0.000000,29373.627843,0.000000
2026-09-09,15:50:53,0.321142,0.326629,0.000000,29373.627843,0.000000
2026-09-09,15:50:54,0.289480,0.322084,0.000000,29373.627843,0.000000
2026-09-09,15:50:55,0.296911,0.317894,0.000000,29373.627843,0.000000
2026-09-09,15:50:55,0.307250,0.313776,0.000000,29373.627843,0.000000
2026-09-09,15:50:56,0.307250,0.313776,0.000000,29373.627843,0.000000
2026-09-09,15:50:57,0.330512,0.312290,0.000000,29373.627843,0.000000
2026-09-09,15:50:57,0.289480,0.310222,0.000000,29373.627843,0.000000
2026-09-09,15:50:58,0.306927,0.309899,0.000000,29373.627843,0.000000
2026-09-09,15:50:59,0.306927,0.309834,0.000000,29373.627843,0.000000
2026-09-09,15:50:59,0.323404,0.309834,0.000000,29373.627843,0.000000
2026-09-09,15:51:00,0.289480,0.306248,0.000000,29373.627843,0.000000
2026-09-09,15:51:01,0.307250,0.306184,0.000000,29373.627843,0.000000
2026-09-09,15:51:01,0.324373,0.306507,0.000000,29373.627843,0.000000
2026-09-09,15:51:02,0.324373,0.306507,0.000000,29373.627843,0.000000
2026-09-09,15:51:03,0.292711,0.306830,0.000000,29373.627843,0.000000
2026-09-09,15:51:03,0.307250,0.307864,0.000000,29373.627843,0.000000
2026-09-09,15:51:04,0.322112,0.309350,0.000000,29373.627843,0.000000
2026-09-09,15:51:05,0.289480,0.305247,0.000000,29373.627843,0.000000
2026-09-09,15:51:05,0.289480,0.305247,0.000000,29373.627843,0.000000
2026-09-09,15:51:06,0.327281,0.309027,0.000000,29373.627843,0.000000
2026-09-09,15:51:07,0.312419,0.309576,0.000000,29373.627843,0.000000
2026-09-09,15:51:07,0.340204,0.311256,0.000000,29373.627843,0.000000
2026-09-09,15:51:08,0.340204,0.316135,0.000000,29373.627843,0.000000
2026-09-09,15:51:09,0.338266,0.316135,0.000000,29373.627843,0.000000
2026-09-09,15:51:09,0.339235,0.319333,0.000000,29373.627843,0.000000
2026-09-09,15:51:10,0.337296,0.320625,0.000000,29373.627843,0.000000
2026-09-09,15:51:11,0.330835,0.324438,0.000000,29373.627843,0.000000
2026-09-09,15:51:11,0.330835,0.324438,0.000000,29373.627843,0.000000
2026-09-09,15:51:12,0.323727,0.326085,0.000000,29373.627843,0.000000
2026-09-09,15:51:13,0.344404,0.328315,0.000000,29373.627843,0.000000
2026-09-09,15:51:13,0.311450,0.330512,0.000000,29373.627843,0.000000
2026-09-09,15:51:14,0.310158,0.328799,0.000000,29373.627843,0.000000
2026-09-09,15:51:15,0.310158,0.328799,0.000000,29373.627843,0.000000
2026-09-09,15:51:15,0.310158,0.328573,0.000000,29373.627843,0.000000
2026-09-09,15:51:16,0.310158,0.325568,0.000000,29373.627843,0.000000
2026-09-09,15:51:17,0.343112,0.326053,0.000000,29373.627843,0.000000
2026-09-09,15:51:17,0.343112,0.326441,0.000000,29373.627843,0.000000
2026-09-09,15:51:18,0.343112,0.326441,0.000000,29373.627843,0.000000
2026-09-09,15:51:19,0.344081,0.327119,0.000000,29373.627843,0.000000
2026-09-09,15:51:19,0.345050,0.328541,0.000000,29373.627843,0.000000
2026-09-09,15:51:20,0.310158,0.327184,0.000000,29373.627843,0.000000
2026-09-09,15:51:21,0.310158,0.327184,0.000000,29373.627843,0.000000
2026-09-09,15:51:21,0.310158,0.323759,0.000000,29373.627843,0.000000
2026-09-09,15:51:22,0.311127,0.323727,0.000000,29373.627843,0.000000
2026-09-09,15:51:23,0.310481,0.323759,0.000000,29373.627843,0.000000
2026-09-09,15:51:23,0.310158,0.323759,0.000000,29373.627843,0.000000
2026-09-09,15:51:24,0.310158,0.323759,0.000000,29373.627843,0.000000
2026-09-09,15:51:25,0.346019,0.327345,0.000000,29373.627843,0.000000
2026-09-09,15:51:25,0.351189,0.328153,0.000000,29373.627843,0.000000
2026-09-09,15:51:26,0.332450,0.327087,0.000000,29373.627843,0.000000
2026-09-09,15:51:27,0.332450,0.325504,0.000000,29373.627843,0.000000
2026-09-09,15:51:27,0.328250,0.325504,0.000000,29373.627843,0.000000
2026-09-09,15:51:28,0.327927,0.323792,0.000000,29373.627843,0.000000
2026-09-09,15:51:29,0.335046,0.326280,0.000000,29373.627843,0.000000
2026-09-09,15:51:29,0.332566,0.328521,0.000000,29373.627843,0.000000
2026-09-09,15:51:30,0.332566,0.330987,0.000000,29373.627843,0.000000
2026-09-09,15:51:31,0.335788,0.330987,0.000000,29373.627843,0.000000
2026-09-09,15:51:31,0.340300,0.333969,0.000000,29373.627843,0.000000
2026-09-09,15:51:32,0.349225,0.337876,0.000000,29373.627843,0.000000
2026-09-09,15:51:33,0.314204,0.334695,0.000000,29373.627843,0.000000
2026-09-09,15:51:33,0.314204,0.334695,0.000000,29373.627843,0.000000
2026-09-09,15:51:34,0.307790,0.330355,0.000000,29373.627843,0.000000
2026-09-09,15:51:35,0.307790,0.327889,0.000000,29373.627843,0.000000
2026-09-09,15:51:35,0.313561,0.326420,0.000000,29373.627843,0.000000
2026-09-09,15:51:36,0.313561,0.326041,0.000000,29373.627843,0.000000
2026-09-09,15:51:37,0.324142,0.326041,0.000000,29373.627843,0.000000
2026-09-09,15:51:37,0.307790,0.323316,0.000000,29373.627843,0.000000
2026-09-09,15:51:38,0.327027,0.322762,0.000000,29373.627843,0.000000
2026-09-09,15:51:39,0.329592,0.322142,0.000000,29373.627843,0.000000
2026-09-09,15:51:39,0.329592,0.321200,0.000000,29373.627843,0.000000
2026-09-09,15:51:40,0.330875,0.321200,0.000000,29373.627843,0.000000
2026-09-09,15:51:41,0.330554,0.319333,0.000000,29373.627843,0.000000
2026-09-09,15:51:41,0.330233,0.320936,0.000000,29373.627843,0.000000
2026-09-09,15:51:42,0.322218,0.322378,0.000000,29373.627843,0.000000
2026-09-09,15:51:43,0.322218,0.322378,0.000000,29373.627843,0.000000
2026-09-09,15:51:43,0.324462,0.324046,0.000000,29373.627843,0.000000
2026-09-09,15:51:44,0.335478,0.326237,0.000000,29373.627843,0.000000
2026-09-09,15:51:45,0.316289,0.325452,0.000000,29373.627843,0.000000
2026-09-09,15:51:45,0.316289,0.326752,0.000000,29373.627843,0.000000
2026-09-09,15:51:46,0.320789,0.326752,0.000000,29373.627843,0.000000
2026-09-09,15:51:47,0.308574,0.324907,0.000000,29373.627843,0.000000
2026-09-09,15:51:47,0.315859,0.323533,0.000000,29373.627843,0.000000
2026-09-09,15:51:48,0.309217,0.321368,0.000000,29373.627843,0.000000
2026-09-09,15:51:49,0.309217,0.319491,0.000000,29373.627843,0.000000
2026-09-09,15:51:49,0.311789,0.319491,0.000000,29373.627843,0.000000
2026-09-09,15:51:50,0.310503,0.317518,0.000000,29373.627843,0.000000
2026-09-09,15:51:51,0.308574,0.316154,0.000000,29373.627843,0.000000
2026-09-09,15:51:51,0.341361,0.317843,0.000000,29373.627843,0.000000
2026-09-09,15:51:52,0.341361,0.317843,0.000000,29373.627843,0.000000
2026-09-09,15:51:53,0.338468,0.318142,0.000000,29373.627843,0.000000
2026-09-09,15:51:53,0.334289,0.319942,0.000000,29373.627843,0.000000
2026-09-09,15:51:54,0.331396,0.321003,0.000000,29373.627843,0.000000
2026-09-09,15:51:55,0.331396,0.323189,0.000000,29373.627843,0.000000
2026-09-09,15:51:55,0.330432,0.323189,0.000000,29373.627843,0.000000
2026-09-09,15:51:56,0.333325,0.324935,0.000000,29373.627843,0.000000
2026-09-09,15:51:57,0.345876,0.328601,0.000000,29373.627843,0.000000
2026-09-09,15:51:57,0.342003,0.331623,0.000000,29373.627843,0.000000
2026-09-09,15:51:58,0.342003,0.331430,0.000000,29373.627843,0.000000
2026-09-09,15:51:59,0.308574,0.331430,0.000000,29373.627843,0.000000
2026-09-09,15:51:59,0.308574,0.331430,0.000000,29373.627843,0.000000
2026-09-09,15:52:00,0.308574,0.328151,0.000000,29373.627843,0.000000
2026-09-09,15:52:01,0.309217,0.325226,0.000000,29373.627843,0.000000
2026-09-09,15:52:01,0.309217,0.325226,0.000000,29373.627843,0.000000
2026-09-09,15:52:02,0.309217,0.322719,0.000000,29373.627843,0.000000
2026-09-09,15:52:03,0.308574,0.320437,0.000000,29373.627843,0.000000
2026-09-09,15:52:03,0.342325,0.321626,0.000000,29373.627843,0.000000
2026-09-09,15:52:04,0.342325,0.321658,0.000000,29373.627843,0.000000
2026-09-09,15:52:05,0.333646,0.321658,0.000000,29373.627843,0.000000
2026-09-09,15:52:05,0.321753,0.319246,0.000000,29373.627843,0.000000
2026-09-09,15:52:06,0.315186,0.316564,0.000000,29373.627843,0.000000
2026-09-09,15:52:07,0.349879,0.320695,0.000000,29373.627843,0.000000
2026-09-09,15:52:07,0.349879,0.321323,0.000000,29373.627843,0.000000
2026-09-09,15:52:08,0.314859,0.321323,0.000000,29373.627843,0.000000
2026-09-09,15:52:09,0.342096,0.324675,0.000000,29373.627843,0.000000
2026-09-09,15:52:09,0.307790,0.324533,0.000000,29373.627843,0.000000
2026-09-09,15:52:10,0.342417,0.327853,0.000000,29373.627843,0.000000
2026-09-09,15:52:11,0.342417,0.327853,0.000000,29373.627843,0.000000
2026-09-09,15:52:11,0.348509,0.331846,0.000000,29373.627843,0.000000
2026-09-09,15:52:12,0.322539,0.329867,0.000000,29373.627843,0.000000
2026-09-09,15:52:13,0.307790,0.327282,0.000000,29373.627843,0.000000
2026-09-09,15:52:13,0.307790,0.329092,0.000000,29373.627843,0.000000
2026-09-09,15:52:14,0.339852,0.329092,0.000000,29373.627843,0.000000
2026-09-09,15:52:15,0.326386,0.330212,0.000000,29373.627843,0.000000
2026-09-09,15:52:15,0.311958,0.326420,0.000000,29373.627843,0.000000
2026-09-09,15:52:16,0.340153,0.328949,0.000000,29373.627843,0.000000
2026-09-09,15:52:17,0.340153,0.327253,0.000000,29373.627843,0.000000
2026-09-09,15:52:17,0.325136,0.327253,0.000000,29373.627843,0.000000
2026-09-09,15:52:18,0.313384,0.327812,0.000000,29373.627843,0.000000
2026-09-09,15:52:19,0.345702,0.328141,0.000000,29373.627843,0.000000
2026-09-09,15:52:19,0.336433,0.326933,0.000000,29373.627843,0.000000
2026-09-09,15:52:20,0.336433,0.326933,0.000000,29373.627843,0.000000
2026-09-09,15:52:21,0.337712,0.328451,0.000000,29373.627843,0.000000
2026-09-09,15:52:21,0.340910,0.331763,0.000000,29373.627843,0.000000
2026-09-09,15:52:22,0.286544,0.326432,0.000000,29373.627843,0.000000
2026-09-09,15:52:23,0.286544,0.322832,0.000000,29373.627843,0.000000
2026-09-09,15:52:23,0.290381,0.322832,0.000000,29373.627843,0.000000
2026-09-09,15:52:24,0.298057,0.321441,0.000000,29373.627843,0.000000
2026-09-09,15:52:25,0.304430,0.317869,0.000000,29373.627843,0.000000
2026-09-09,15:52:25,0.312896,0.316645,0.000000,29373.627843,0.000000
2026-09-09,15:52:26,0.312896,0.318615,0.000000,29373.627843,0.000000
2026-09-09,15:52:27,0.333082,0.318615,0.000000,29373.627843,0.000000
2026-09-09,15:52:27,0.327547,0.316799,0.000000,29373.627843,0.000000
2026-09-09,15:52:28,0.287271,0.311883,0.000000,29373.627843,0.000000
2026-09-09,15:52:29,0.324783,0.310590,0.000000,29373.627843,0.000000
2026-09-09,15:52:29,0.324783,0.310590,0.000000,29373.627843,0.000000
2026-09-09,15:52:30,0.327027,0.309202,0.000000,29373.627843,0.000000
2026-09-09,15:52:31,0.327989,0.313346,0.000000,29373.627843,0.000000
2026-09-09,15:52:31,0.321577,0.316466,0.000000,29373.627843,0.000000
2026-09-09,15:52:32,0.321577,0.315387,0.000000,29373.627843,0.000000
2026-09-09,15:52:33,0.287271,0.315387,0.000000,29373.627843,0.000000
2026-09-09,15:52:33,0.287271,0.313671,0.000000,29373.627843,0.000000
2026-09-09,15:52:34,0.313241,0.313706,0.000000,29373.627843,0.000000
2026-09-09,15:52:35,0.341455,0.314543,0.000000,29373.627843,0.000000
2026-09-09,15:52:35,0.341455,0.315934,0.000000,29373.627843,0.000000
2026-09-09,15:52:36,0.341455,0.315934,0.000000,29373.627843,0.000000
2026-09-09,15:52:37,0.341134,0.321320,0.000000,29373.627843,0.000000
2026-09-09,15:52:37,0.341134,0.322955,0.000000,29373.627843,0.000000
2026-09-09,15:52:38,0.343058,0.324559,0.000000,29373.627843,0.000000
2026-09-09,15:52:39,0.343058,0.324559,0.000000,29373.627843,0.000000
2026-09-09,15:52:39,0.326245,0.324384,0.000000,29373.627843,0.000000
2026-09-09,15:52:40,0.310942,0.323321,0.000000,29373.627843,0.000000
2026-09-09,15:52:41,0.333082,0.327902,0.000000,29373.627843,0.000000
2026-09-09,15:52:41,0.333082,0.332483,0.000000,29373.627843,0.000000
2026-09-09,15:52:42,0.333082,0.332483,0.000000,29373.627843,0.000000
2026-09-09,15:52:43,0.291732,0.330332,0.000000,29373.627843,0.000000
2026-09-09,15:52:43,0.316764,0.327863,0.000000,29373.627843,0.000000
2026-09-09,15:52:44,0.303433,0.324061,0.000000,29373.627843,0.000000
2026-09-09,15:52:45,0.303433,0.321751,0.000000,29373.627843,0.000000
2026-09-09,15:52:45,0.318033,0.321751,0.000000,29373.627843,0.000000
2026-09-09,15:52:46,0.293798,0.317017,0.000000,29373.627843,0.000000
2026-09-09,15:52:47,0.304133,0.313125,0.000000,29373.627843,0.000000
2026-09-09,15:52:47,0.317245,0.312225,0.000000,29373.627843,0.000000
2026-09-09,15:52:48,0.317245,0.312225,0.000000,29373.627843,0.000000
2026-09-09,15:52:49,0.307011,0.311831,0.000000,29373.627843,0.000000
2026-09-09,15:52:49,0.312570,0.309780,0.000000,29373.627843,0.000000
2026-09-09,15:52:50,0.336650,0.310137,0.000000,29373.627843,0.000000
2026-09-09,15:52:51,0.336650,0.313961,0.000000,29373.627843,0.000000
2026-09-09,15:52:51,0.329968,0.313961,0.000000,29373.627843,0.000000
2026-09-09,15:52:52,0.341742,0.316458,0.000000,29373.627843,0.000000
2026-09-09,15:52:53,0.305467,0.316662,0.000000,29373.627843,0.000000
2026-09-09,15:52:53,0.328377,0.317696,0.000000,29373.627843,0.000000
2026-09-09,15:52:54,0.328377,0.323025,0.000000,29373.627843,0.000000
2026-09-09,15:52:55,0.347083,0.323025,0.000000,29373.627843,0.000000
2026-09-09,15:52:55,0.312570,0.323868,0.000000,29373.627843,0.000000
2026-09-09,15:52:56,0.353920,0.327536,0.000000,29373.627843,0.000000
2026-09-09,15:52:57,0.333082,0.330143,0.000000,29373.627843,0.000000
2026-09-09,15:52:57,0.333082,0.330143,0.000000,29373.627843,0.000000
2026-09-09,15:52:58,0.326571,0.331543,0.000000,29373.627843,0.000000
2026-09-09,15:52:59,0.316803,0.329558,0.000000,29373.627843,0.000000
2026-09-09,15:52:59,0.314524,0.328014,0.000000,29373.627843,0.000000
2026-09-09,15:53:00,0.314524,0.324619,0.000000,29373.627843,0.000000
2026-09-09,15:53:01,0.307790,0.324619,0.000000,29373.627843,0.000000
2026-09-09,15:53:01,0.315029,0.325575,0.000000,29373.627843,0.000000
2026-09-09,15:53:02,0.315029,0.324240,0.000000,29373.627843,0.000000
2026-09-09,15:53:03,0.309363,0.320468,0.000000,29373.627843,0.000000
2026-09-09,15:53:03,0.309363,0.320148,0.000000,29373.627843,0.000000
2026-09-09,15:53:04,0.309363,0.320148,0.000000,29373.627843,0.000000
2026-09-09,15:53:05,0.312586,0.316014,0.000000,29373.627843,0.000000
2026-09-09,15:53:05,0.326443,0.315350,0.000000,29373.627843,0.000000
2026-09-09,15:53:06,0.329665,0.315660,0.000000,29373.627843,0.000000
2026-09-09,15:53:07,0.329665,0.315660,0.000000,29373.627843,0.000000
2026-09-09,15:53:07,0.322898,0.316269,0.000000,29373.627843,0.000000
2026-09-09,15:53:08,0.299606,0.314777,0.000000,29373.627843,0.000000
2026-09-09,15:53:09,0.315357,0.315534,0.000000,29373.627843,0.000000
2026-09-09,15:53:09,0.315357,0.316945,0.000000,29373.627843,0.000000
2026-09-09,15:53:10,0.329140,0.316945,0.000000,29373.627843,0.000000
2026-09-09,15:53:11,0.285821,0.314024,0.000000,29373.627843,0.000000
2026-09-09,15:53:11,0.324101,0.315498,0.000000,29373.627843,0.000000
2026-09-09,15:53:12,0.324101,0.316972,0.000000,29373.627843,0.000000
2026-09-09,15:53:13,0.324101,0.318286,0.000000,29373.627843,0.000000
2026-09-09,15:53:13,0.325725,0.318286,0.000000,29373.627843,0.000000
2026-09-09,15:53:14,0.327024,0.318344,0.000000,29373.627843,0.000000
2026-09-09,15:53:15,0.326699,0.318047,0.000000,29373.627843,0.000000
2026-09-09,15:53:15,0.344561,0.320213,0.000000,29373.627843,0.000000
2026-09-09,15:53:16,0.344561,0.320213,0.000000,29373.627843,0.000000
2026-09-09,15:53:17,0.311761,0.321429,0.000000,29373.627843,0.000000
2026-09-09,15:53:17,0.311761,0.321069,0.000000,29373.627843,0.000000
2026-09-09,15:53:18,0.342287,0.322384,0.000000,29373.627843,0.000000
2026-09-09,15:53:19,0.342287,0.326699,0.000000,29373.627843,0.000000
2026-09-09,15:53:19,0.328973,0.326699,0.000000,29373.627843,0.000000
2026-09-09,15:53:20,0.337180,0.328007,0.000000,29373.627843,0.000000
2026-09-09,15:53:21,0.306237,0.326221,0.000000,29373.627843,0.000000
2026-09-09,15:53:21,0.333671,0.327015,0.000000,29373.627843,0.000000
2026-09-09,15:53:22,0.333671,0.327328,0.000000,29373.627843,0.000000
2026-09-09,15:53:23,0.330152,0.327328,0.000000,29373.627843,0.000000
2026-09-09,15:53:23,0.340688,0.328727,0.000000,29373.627843,0.000000
2026-09-09,15:53:24,0.310957,0.325367,0.000000,29373.627843,0.000000
2026-09-09,15:53:25,0.344320,0.328622,0.000000,29373.627843,0.000000
2026-09-09,15:53:25,0.344320,0.328622,0.000000,29373.627843,0.000000
2026-09-09,15:53:26,0.342052,0.331652,0.000000,29373.627843,0.000000
2026-09-09,15:53:27,0.341728,0.331596,0.000000,29373.627843,0.000000
2026-09-09,15:53:27,0.343672,0.333066,0.000000,29373.627843,0.000000
2026-09-09,15:53:28,0.343672,0.330443,0.000000,29373.627843,0.000000
2026-09-09,15:53:29,0.310957,0.330443,0.000000,29373.627843,0.000000
2026-09-09,15:53:29,0.310957,0.330915,0.000000,29373.627843,0.000000
2026-09-09,15:53:30,0.311604,0.328709,0.000000,29373.627843,0.000000
2026-09-09,15:53:31,0.344320,0.330125,0.000000,29373.627843,0.000000
2026-09-09,15:53:31,0.344320,0.330845,0.000000,29373.627843,0.000000
2026-09-09,15:53:32,0.347883,0.330845,0.000000,29373.627843,0.000000
2026-09-09,15:53:33,0.345615,0.334311,0.000000,29373.627843,0.000000
2026-09-09,15:53:33,0.324885,0.332367,0.000000,29373.627843,0.000000
2026-09-09,15:53:34,0.330067,0.331169,0.000000,29373.627843,0.000000
2026-09-09,15:53:35,0.330067,0.331169,0.000000,29373.627843,0.000000
2026-09-09,15:53:35,0.336222,0.330618,0.000000,29373.627843,0.000000
2026-09-09,15:53:36,0.340109,0.330262,0.000000,29373.627843,0.000000
2026-09-09,15:53:37,0.348103,0.333977,0.000000,29373.627843,0.000000
2026-09-09,15:53:37,0.348103,0.337086,0.000000,29373.627843,0.000000
2026-09-09,15:53:38,0.342052,0.337086,0.000000,29373.627843,0.000000
2026-09-09,15:53:39,0.337194,0.339645,0.000000,29373.627843,0.000000
2026-09-09,15:53:39,0.327476,0.337961,0.000000,29373.627843,0.000000
2026-09-09,15:53:40,0.316787,0.334851,0.000000,29373.627843,0.000000
2026-09-09,15:53:41,0.316787,0.334430,0.000000,29373.627843,0.000000
2026-09-09,15:53:41,0.341404,0.334430,0.000000,29373.627843,0.000000
2026-09-09,15:53:42,0.325209,0.334462,0.000000,29373.627843,0.000000
2026-09-09,15:53:43,0.306237,0.332079,0.000000,29373.627843,0.000000
2026-09-09,15:53:43,0.335362,0.331993,0.000000,29373.627843,0.000000
2026-09-09,15:53:44,0.335362,0.331993,0.000000,29373.627843,0.000000
2026-09-09,15:53:45,0.315826,0.329565,0.000000,29373.627843,0.000000
2026-09-09,15:53:45,0.343176,0.329072,0.000000,29373.627843,0.000000
2026-09-09,15:53:46,0.327873,0.327654,0.000000,29373.627843,0.000000
2026-09-09,15:53:47,0.327873,0.325224,0.000000,29373.627843,0.000000
2026-09-09,15:53:47,0.312896,0.325224,0.000000,29373.627843,0.000000
2026-09-09,15:53:48,0.347409,0.327218,0.000000,29373.627843,0.000000
2026-09-09,15:53:49,0.343176,0.329857,0.000000,29373.627843,0.000000
2026-09-09,15:53:49,0.313547,0.327071,0.000000,29373.627843,0.000000
2026-09-09,15:53:50,0.313547,0.327071,0.000000,29373.627843,0.000000
2026-09-09,15:53:51,0.327873,0.327337,0.000000,29373.627843,0.000000
2026-09-09,15:53:51,0.326896,0.329403,0.000000,29373.627843,0.000000
2026-09-09,15:53:52,0.349688,0.330836,0.000000,29373.627843,0.000000
2026-09-09,15:53:53,0.348385,0.334092,0.000000,29373.627843,0.000000
2026-09-09,15:53:53,0.348385,0.334092,0.000000,29373.627843,0.000000
2026-09-09,15:53:54,0.347083,0.334483,0.000000,29373.627843,0.000000
2026-09-09,15:53:55,0.319733,0.333669,0.000000,29373.627843,0.000000
2026-09-09,15:53:55,0.314198,0.333799,0.000000,29373.627843,0.000000
2026-09-09,15:53:56,0.314198,0.329528,0.000000,29373.627843,0.000000
2026-09-09,15:53:57,0.304703,0.329528,0.000000,29373.627843,0.000000
2026-09-09,15:53:57,0.342878,0.329498,0.000000,29373.627843,0.000000
2026-09-09,15:53:58,0.323543,0.330498,0.000000,29373.627843,0.000000
2026-09-09,15:53:59,0.309363,0.328647,0.000000,29373.627843,0.000000
2026-09-09,15:53:59,0.309363,0.329762,0.000000,29373.627843,0.000000
2026-09-09,15:54:00,0.338044,0.329762,0.000000,29373.627843,0.000000
2026-09-09,15:54:01,0.346100,0.329403,0.000000,29373.627843,0.000000
2026-09-09,15:54:01,0.309363,0.325501,0.000000,29373.627843,0.000000
2026-09-09,15:54:02,0.332888,0.324081,0.000000,29373.627843,0.000000
2026-09-09,15:54:03,0.332888,0.324081,0.000000,29373.627843,0.000000
2026-09-09,15:54:03,0.319998,0.324108,0.000000,29373.627843,0.000000
2026-09-09,15:54:04,0.309363,0.323624,0.000000,29373.627843,0.000000
2026-09-09,15:54:05,0.344891,0.327643,0.000000,29373.627843,0.000000
2026-09-09,15:54:05,0.344891,0.325609,0.000000,29373.627843,0.000000
2026-09-09,15:54:06,0.322539,0.325609,0.000000,29373.627843,0.000000
2026-09-09,15:54:07,0.327348,0.325990,0.000000,29373.627843,0.000000
2026-09-09,15:54:07,0.330233,0.328077,0.000000,29373.627843,0.000000
2026-09-09,15:54:08,0.340814,0.328354,0.000000,29373.627843,0.000000
2026-09-09,15:54:09,0.340814,0.324523,0.000000,29373.627843,0.000000
2026-09-09,15:54:09,0.307790,0.324523,0.000000,29373.627843,0.000000
2026-09-09,15:54:10,0.345049,0.328091,0.000000,29373.627843,0.000000
2026-09-09,15:54:11,0.336562,0.328459,0.000000,29373.627843,0.000000
2026-09-09,15:54:11,0.322396,0.328699,0.000000,29373.627843,0.000000
2026-09-09,15:54:12,0.322396,0.328699,0.000000,29373.627843,0.000000
2026-09-09,15:54:13,0.316932,0.329455,0.000000,29373.627843,0.000000
2026-09-09,15:54:14,0.308574,0.325824,0.000000,29373.627843,0.000000
2026-09-09,15:54:14,0.308574,0.324427,0.000000,29373.627843,0.000000
2026-09-09,15:54:15,0.308574,0.323031,0.000000,29373.627843,0.000000
2026-09-09,15:54:16,0.313384,0.323031,0.000000,29373.627843,0.000000
2026-09-09,15:54:16,0.308574,0.320865,0.000000,29373.627843,0.000000
2026-09-09,15:54:17,0.308574,0.317641,0.000000,29373.627843,0.000000
2026-09-09,15:54:18,0.318608,0.318723,0.000000,29373.627843,0.000000
2026-09-09,15:54:18,0.318608,0.319147,0.000000,29373.627843,0.000000
2026-09-09,15:54:19,0.349293,0.319147,0.000000,29373.627843,0.000000
2026-09-09,15:54:20,0.351252,0.320616,0.000000,29373.627843,0.000000
2026-09-09,15:54:20,0.327421,0.321119,0.000000,29373.627843,0.000000
2026-09-09,15:54:21,0.327748,0.322200,0.000000,29373.627843,0.000000
2026-09-09,15:54:22,0.327748,0.322200,0.000000,29373.627843,0.000000
2026-09-09,15:54:22,0.328074,0.324150,0.000000,29373.627843,0.000000
2026-09-09,15:54:23,0.313384,0.324631,0.000000,29373.627843,0.000000
2026-09-09,15:54:24,0.349293,0.328222,0.000000,29373.627843,0.000000
2026-09-09,15:54:24,0.349293,0.329944,0.000000,29373.627843,0.000000
2026-09-09,15:54:25,0.325789,0.329944,0.000000,29373.627843,0.000000
2026-09-09,15:54:26,0.326442,0.331731,0.000000,29373.627843,0.000000
2026-09-09,15:54:26,0.326442,0.332514,0.000000,29373.627843,0.000000
2026-09-09,15:54:27,0.319803,0.329565,0.000000,29373.627843,0.000000
2026-09-09,15:54:28,0.319803,0.328595,0.000000,29373.627843,0.000000
2026-09-09,15:54:28,0.341550,0.328595,0.000000,29373.627843,0.000000
2026-09-09,15:54:29,0.308610,0.326714,0.000000,29373.627843,0.000000
2026-09-09,15:54:30,0.307011,0.324640,0.000000,29373.627843,0.000000
2026-09-09,15:54:30,0.331316,0.324964,0.000000,29373.627843,0.000000
2026-09-09,15:54:31,0.331316,0.324964,0.000000,29373.627843,0.000000
2026-09-09,15:54:32,0.339951,0.327621,0.000000,29373.627843,0.000000
2026-09-09,15:54:32,0.328758,0.325567,0.000000,29373.627843,0.000000
2026-09-09,15:54:33,0.307011,0.323690,0.000000,29373.627843,0.000000
2026-09-09,15:54:34,0.307011,0.323697,0.000000,29373.627843,0.000000
2026-09-09,15:54:34,0.326519,0.323697,0.000000,29373.627843,0.000000
2026-09-09,15:54:35,0.307011,0.321754,0.000000,29373.627843,0.000000
2026-09-09,15:54:36,0.351578,0.324932,0.000000,29373.627843,0.000000
2026-09-09,15:54:36,0.347661,0.325543,0.000000,29373.627843,0.000000
2026-09-09,15:54:37,0.347661,0.326743,0.000000,29373.627843,0.000000
2026-09-09,15:54:38,0.320615,0.326743,0.000000,29373.627843,0.000000
2026-09-09,15:54:38,0.307790,0.326821,0.000000,29373.627843,0.000000
2026-09-09,15:54:39,0.327989,0.326488,0.000000,29373.627843,0.000000
2026-09-09,15:54:40,0.338890,0.326382,0.000000,29373.627843,0.000000
2026-09-09,15:54:40,0.338890,0.326382,0.000000,29373.627843,0.000000
2026-09-09,15:54:41,0.353920,0.328899,0.000000,29373.627843,0.000000
2026-09-09,15:54:42,0.324783,0.330676,0.000000,29373.627843,0.000000
2026-09-09,15:54:42,0.315485,0.329572,0.000000,29373.627843,0.000000
2026-09-09,15:54:43,0.315485,0.329650,0.000000,29373.627843,0.000000
2026-09-09,15:54:44,0.307790,0.329650,0.000000,29373.627843,0.000000
2026-09-09,15:54:44,0.341455,0.328638,0.000000,29373.627843,0.000000
2026-09-09,15:54:45,0.338890,0.327761,0.000000,29373.627843,0.000000
2026-09-09,15:54:46,0.337287,0.329428,0.000000,29373.627843,0.000000
2026-09-09,15:54:46,0.337287,0.332153,0.000000,29373.627843,0.000000
2026-09-09,15:54:47,0.335043,0.332153,0.000000,29373.627843,0.000000
2026-09-09,15:54:48,0.331195,0.332474,0.000000,29373.627843,0.000000
2026-09-09,15:54:48,0.327027,0.331288,0.000000,29373.627843,0.000000
2026-09-09,15:54:49,0.347916,0.330687,0.000000,29373.627843,0.000000
2026-09-09,15:54:50,0.347916,0.329629,0.000000,29373.627843,0.000000
2026-09-09,15:54:50,0.314204,0.329629,0.000000,29373.627843,0.000000
2026-09-09,15:54:51,0.344489,0.332530,0.000000,29373.627843,0.000000
2026-09-09,15:54:52,0.350290,0.336780,0.000000,29373.627843,0.000000
2026-09-09,15:54:52,0.329796,0.335614,0.000000,29373.627843,0.000000
2026-09-09,15:54:53,0.329796,0.335614,0.000000,29373.627843,0.000000
2026-09-09,15:54:54,0.315029,0.333228,0.000000,29373.627843,0.000000
2026-09-09,15:54:54,0.347626,0.334262,0.000000,29373.627843,0.000000
2026-09-09,15:54:55,0.339951,0.334752,0.000000,29373.627843,0.000000
2026-09-09,15:54:56,0.339951,0.335404,0.000000,29373.627843,0.000000
2026-09-09,15:54:56,0.337712,0.335404,0.000000,29373.627843,0.000000
2026-09-09,15:54:57,0.339631,0.336664,0.000000,29373.627843,0.000000
2026-09-09,15:54:58,0.324600,0.334333,0.000000,29373.627843,0.000000
2026-09-09,15:54:58,0.307011,0.333614,0.000000,29373.627843,0.000000
2026-09-09,15:54:59,0.307011,0.331369,0.000000,29373.627843,0.000000
2026-09-09,15:55:00,0.322042,0.331369,0.000000,29373.627843,0.000000
2026-09-09,15:55:00,0.307011,0.327041,0.000000,29373.627843,0.000000
2026-09-09,15:55:01,0.323001,0.326362,0.000000,29373.627843,0.000000
2026-09-09,15:55:02,0.307011,0.325560,0.000000,29373.627843,0.000000
2026-09-09,15:55:02,0.307011,0.325560,0.000000,29373.627843,0.000000
2026-09-09,15:55:03,0.347626,0.325560,0.000000,29373.627843,0.000000
2026-09-09,15:55:04,0.340591,0.325624,0.000000,29373.627843,0.000000
2026-09-09,15:55:04,0.313384,0.323191,0.000000,29373.627843,0.000000
2026-09-09,15:55:05,0.313384,0.323210,0.000000,29373.627843,0.000000
2026-09-09,15:55:06,0.339826,0.323210,0.000000,29373.627843,0.000000
2026-09-09,15:55:06,0.348314,0.325582,0.000000,29373.627843,0.000000
2026-09-09,15:55:07,0.308574,0.325738,0.000000,29373.627843,0.000000
2026-09-09,15:55:08,0.308574,0.324391,0.000000,29373.627843,0.000000
2026-09-09,15:55:08,0.308574,0.327428,0.000000,29373.627843,0.000000
2026-09-09,15:55:09,0.337382,0.327428,0.000000,29373.627843,0.000000
2026-09-09,15:55:10,0.290226,0.324151,0.000000,29373.627843,0.000000
2026-09-09,15:55:10,0.316924,0.325142,0.000000,29373.627843,0.000000
2026-09-09,15:55:11,0.299827,0.320362,0.000000,29373.627843,0.000000
2026-09-09,15:55:12,0.299827,0.320362,0.000000,29373.627843,0.000000
2026-09-09,15:55:12,0.337315,0.320035,0.000000,29373.627843,0.000000
2026-09-09,15:55:13,0.338672,0.322563,0.000000,29373.627843,0.000000
2026-09-09,15:55:14,0.340591,0.322640,0.000000,29373.627843,0.000000
2026-09-09,15:55:14,0.340591,0.321612,0.000000,29373.627843,0.000000
2026-09-09,15:55:15,0.338032,0.321612,0.000000,29373.627843,0.000000
2026-09-09,15:55:16,0.337712,0.324525,0.000000,29373.627843,0.000000
2026-09-09,15:55:16,0.336753,0.327343,0.000000,29373.627843,0.000000
2026-09-09,15:55:17,0.336433,0.327248,0.000000,29373.627843,0.000000
2026-09-09,15:55:18,0.336433,0.332788,0.000000,29373.627843,0.000000
2026-09-09,15:55:18,0.345625,0.332788,0.000000,29373.627843,0.000000
2026-09-09,15:55:19,0.346606,0.335757,0.000000,29373.627843,0.000000
2026-09-09,15:55:20,0.324023,0.338176,0.000000,29373.627843,0.000000
2026-09-09,15:55:20,0.314204,0.335865,0.000000,29373.627843,0.000000
2026-09-09,15:55:21,0.314204,0.335865,0.000000,29373.627843,0.000000
2026-09-09,15:55:22,0.314204,0.333418,0.000000,29373.627843,0.000000
2026-09-09,15:55:22,0.309714,0.330331,0.000000,29373.627843,0.000000
2026-09-09,15:55:23,0.307790,0.327306,0.000000,29373.627843,0.000000
2026-09-09,15:55:24,0.307790,0.324891,0.000000,29373.627843,0.000000
2026-09-09,15:55:24,0.313561,0.324891,0.000000,29373.627843,0.000000
2026-09-09,15:55:25,0.344020,0.325618,0.000000,29373.627843,0.000000
2026-09-09,15:55:26,0.322218,0.324197,0.000000,29373.627843,0.000000
2026-09-09,15:55:26,0.308111,0.320445,0.000000,29373.627843,0.000000
2026-09-09,15:55:27,0.308111,0.318551,0.000000,29373.627843,0.000000
2026-09-09,15:55:28,0.327669,0.318551,0.000000,29373.627843,0.000000
2026-09-09,15:55:28,0.335256,0.319675,0.000000,29373.627843,0.000000
2026-09-09,15:55:29,0.335583,0.321813,0.000000,29373.627843,0.000000
2026-09-09,15:55:30,0.336888,0.324081,0.000000,29373.627843,0.000000
2026-09-09,15:55:30,0.336888,0.324081,0.000000,29373.627843,0.000000
2026-09-09,15:55:31,0.328118,0.325921,0.000000,29373.627843,0.000000
2026-09-09,15:55:32,0.343149,0.329457,0.000000,29373.627843,0.000000
2026-09-09,15:55:32,0.314367,0.329538,0.000000,29373.627843,0.000000
2026-09-09,15:55:33,0.314367,0.325837,0.000000,29373.627843,0.000000
2026-09-09,15:55:34,0.307011,0.325837,0.000000,29373.627843,0.000000
2026-09-09,15:55:34,0.307011,0.324316,0.000000,29373.627843,0.000000
2026-09-09,15:55:35,0.333235,0.326829,0.000000,29373.627843,0.000000
2026-09-09,15:55:36,0.321083,0.326170,0.000000,29373.627843,0.000000
2026-09-09,15:55:36,0.321083,0.323346,0.000000,29373.627843,0.000000
2026-09-09,15:55:37,0.307011,0.323346,0.000000,29373.627843,0.000000
2026-09-09,15:55:38,0.336113,0.323399,0.000000,29373.627843,0.000000
2026-09-09,15:55:38,0.323321,0.322042,0.000000,29373.627843,0.000000
2026-09-09,15:55:39,0.316925,0.320923,0.000000,29373.627843,0.000000
2026-09-09,15:55:40,0.316925,0.320923,0.000000,29373.627843,0.000000
2026-09-09,15:55:40,0.307011,0.317309,0.000000,29373.627843,0.000000
2026-09-09,15:55:41,0.307011,0.316573,0.000000,29373.627843,0.000000
2026-09-09,15:55:42,0.338032,0.319675,0.000000,29373.627843,0.000000
2026-09-09,15:55:42,0.338032,0.322490,0.000000,29373.627843,0.000000
2026-09-09,15:55:43,0.335154,0.322490,0.000000,29373.627843,0.000000
2026-09-09,15:55:44,0.332915,0.322458,0.000000,29373.627843,0.000000
2026-09-09,15:55:44,0.340715,0.324421,0.000000,29373.627843,0.000000
2026-09-09,15:55:45,0.331119,0.326832,0.000000,29373.627843,0.000000
2026-09-09,15:55:46,0.331119,0.326713,0.000000,29373.627843,0.000000
2026-09-09,15:55:46,0.334926,0.326713,0.000000,29373.627843,0.000000
2026-09-09,15:55:47,0.332983,0.327679,0.000000,29373.627843,0.000000
2026-09-09,15:55:48,0.330391,0.329026,0.000000,29373.627843,0.000000
2026-09-09,15:55:48,0.352052,0.333530,0.000000,29373.627843,0.000000
2026-09-09,15:55:49,0.352052,0.333530,0.000000,29373.627843,0.000000
2026-09-09,15:55:50,0.340369,0.336866,0.000000,29373.627843,0.000000
2026-09-09,15:55:50,0.339732,0.337036,0.000000,29373.627843,0.000000
2026-09-09,15:55:51,0.345860,0.338106,0.000000,29373.627843,0.000000
2026-09-09,15:55:52,0.345860,0.339465,0.000000,29373.627843,0.000000
2026-09-09,15:55:52,0.346509,0.339465,0.000000,29373.627843,0.000000
2026-09-09,15:55:53,0.348782,0.340272,0.000000,29373.627843,0.000000
2026-09-09,15:55:54,0.311761,0.338336,0.000000,29373.627843,0.000000
2026-09-09,15:55:54,0.321549,0.336999,0.000000,29373.627843,0.000000
2026-09-09,15:55:55,0.321549,0.334324,0.000000,29373.627843,0.000000
2026-09-09,15:55:56,0.306237,0.334324,0.000000,29373.627843,0.000000
2026-09-09,15:55:56,0.320911,0.333376,0.000000,29373.627843,0.000000
2026-09-09,15:55:57,0.339413,0.332112,0.000000,29373.627843,0.000000
2026-09-09,15:55:58,0.343586,0.332434,0.000000,29373.627843,0.000000
2026-09-09,15:55:58,0.343586,0.332434,0.000000,29373.627843,0.000000
2026-09-09,15:55:59,0.315983,0.330059,0.000000,29373.627843,0.000000
2026-09-09,15:56:00,0.314034,0.326876,0.000000,29373.627843,0.000000
2026-09-09,15:56:00,0.311761,0.323402,0.000000,29373.627843,0.000000
2026-09-09,15:56:01,0.311761,0.319699,0.000000,29373.627843,0.000000
2026-09-09,15:56:02,0.311761,0.319699,0.000000,29373.627843,0.000000
2026-09-09,15:56:02,0.311761,0.319699,0.000000,29373.627843,0.000000
2026-09-09,15:56:03,0.313060,0.318851,0.000000,29373.627843,0.000000
2026-09-09,15:56:04,0.315983,0.319825,0.000000,29373.627843,0.000000
2026-09-09,15:56:04,0.315983,0.322125,0.000000,29373.627843,0.000000
2026-09-09,15:56:05,0.343911,0.322125,0.000000,29373.627843,0.000000
2026-09-09,15:56:06,0.311761,0.319360,0.000000,29373.627843,0.000000
2026-09-09,15:56:06,0.311761,0.316177,0.000000,29373.627843,0.000000
2026-09-09,15:56:07,0.345860,0.319165,0.000000,29373.627843,0.000000
2026-09-09,15:56:08,0.345860,0.319165,0.000000,29373.627843,0.000000
2026-09-09,15:56:08,0.353004,0.323062,0.000000,29373.627843,0.000000
2026-09-09,15:56:09,0.312410,0.323127,0.000000,29373.627843,0.000000
2026-09-09,15:56:10,0.343262,0.326277,0.000000,29373.627843,0.000000
2026-09-09,15:56:10,0.346509,0.329752,0.000000,29373.627843,0.000000
2026-09-09,15:56:11,0.346509,0.329752,0.000000,29373.627843,0.000000
2026-09-09,15:56:12,0.328973,0.331343,0.000000,29373.627843,0.000000
2026-09-09,15:56:12,0.311761,0.330921,0.000000,29373.627843,0.000000
2026-09-09,15:56:13,0.334493,0.329979,0.000000,29373.627843,0.000000
2026-09-09,15:56:14,0.334493,0.329979,0.000000,29373.627843,0.000000
2026-09-09,15:56:14,0.311761,0.329979,0.000000,29373.627843,0.000000
2026-09-09,15:56:15,0.353004,0.334104,0.000000,29373.627843,0.000000
2026-09-09,15:56:16,0.329297,0.332447,0.000000,29373.627843,0.000000
2026-09-09,15:56:16,0.321179,0.329265,0.000000,29373.627843,0.000000
2026-09-09,15:56:17,0.321179,0.329200,0.000000,29373.627843,0.000000
2026-09-09,15:56:18,0.311761,0.329200,0.000000,29373.627843,0.000000
2026-09-09,15:56:18,0.311761,0.326050,0.000000,29373.627843,0.000000
2026-09-09,15:56:19,0.311761,0.322575,0.000000,29373.627843,0.000000
2026-09-09,15:56:20,0.293899,0.319068,0.000000,29373.627843,0.000000
2026-09-09,15:56:20,0.293899,0.319068,0.000000,29373.627843,0.000000
2026-09-09,15:56:21,0.302992,0.318191,0.000000,29373.627843,0.000000
2026-09-09,15:56:22,0.312086,0.315950,0.000000,29373.627843,0.000000
2026-09-09,15:56:22,0.332220,0.317996,0.000000,29373.627843,0.000000
2026-09-09,15:56:23,0.332220,0.315593,0.000000,29373.627843,0.000000
2026-09-09,15:56:24,0.328973,0.315593,0.000000,29373.627843,0.000000
2026-09-09,15:56:24,0.290977,0.311761,0.000000,29373.627843,0.000000
2026-09-09,15:56:25,0.315333,0.311176,0.000000,29373.627843,0.000000
2026-09-09,15:56:26,0.342190,0.314219,0.000000,29373.627843,0.000000
2026-09-09,15:56:26,0.342190,0.315583,0.000000,29373.627843,0.000000
2026-09-09,15:56:27,0.325400,0.315583,0.000000,29373.627843,0.000000
2026-09-09,15:56:28,0.326050,0.317012,0.000000,29373.627843,0.000000
2026-09-09,15:56:28,0.326375,0.320259,0.000000,29373.627843,0.000000
2026-09-09,15:56:29,0.326699,0.322630,0.000000,29373.627843,0.000000
2026-09-09,15:56:30,0.326699,0.322630,0.000000,29373.627843,0.000000
2026-09-09,15:56:30,0.327024,0.324124,0.000000,29373.627843,0.000000
2026-09-09,15:56:31,0.348782,0.325780,0.000000,29373.627843,0.000000
2026-09-09,15:56:32,0.343240,0.327207,0.000000,29373.627843,0.000000
2026-09-09,15:56:32,0.343240,0.330630,0.000000,29373.627843,0.000000
2026-09-09,15:56:33,0.325209,0.330630,0.000000,29373.627843,0.000000
2026-09-09,15:56:34,0.341204,0.333217,0.000000,29373.627843,0.000000
2026-09-09,15:56:34,0.339617,0.332960,0.000000,29373.627843,0.000000
2026-09-09,15:56:35,0.341819,0.334602,0.000000,29373.627843,0.000000
2026-09-09,15:56:36,0.341819,0.333077,0.000000,29373.627843,0.000000
2026-09-09,15:56:36,0.310804,0.333077,0.000000,29373.627843,0.000000
2026-09-09,15:56:37,0.310158,0.331456,0.000000,29373.627843,0.000000
2026-09-09,15:56:38,0.310158,0.329801,0.000000,29373.627843,0.000000
2026-09-09,15:56:38,0.342466,0.331346,0.000000,29373.627843,0.000000
2026-09-09,15:56:39,0.342466,0.331346,0.000000,29373.627843,0.000000
2026-09-09,15:56:40,0.335035,0.329971,0.000000,29373.627843,0.000000
2026-09-09,15:56:40,0.351189,0.330766,0.000000,29373.627843,0.000000
2026-09-09,15:56:41,0.351189,0.333364,0.000000,29373.627843,0.000000
2026-09-09,15:56:42,0.351189,0.333684,0.000000,29373.627843,0.000000
2026-09-09,15:56:42,0.344404,0.333684,0.000000,29373.627843,0.000000
2026-09-09,15:56:43,0.289480,0.328670,0.000000,29373.627843,0.000000
2026-09-09,15:56:44,0.325342,0.327022,0.000000,29373.627843,0.000000
2026-09-09,15:56:44,0.308542,0.326796,0.000000,29373.627843,0.000000
2026-09-09,15:56:45,0.308542,0.327701,0.000000,29373.627843,0.000000
2026-09-09,15:56:46,0.319204,0.327701,0.000000,29373.627843,0.000000
2026-09-09,15:56:46,0.289480,0.325633,0.000000,29373.627843,0.000000
2026-09-09,15:56:47,0.291096,0.320496,0.000000,29373.627843,0.000000
2026-09-09,15:56:48,0.294973,0.316490,0.000000,29373.627843,0.000000
2026-09-09,15:56:48,0.294973,0.316490,0.000000,29373.627843,0.000000
2026-09-09,15:56:49,0.323727,0.313744,0.000000,29373.627843,0.000000
2026-09-09,15:56:50,0.326635,0.311288,0.000000,29373.627843,0.000000
2026-09-09,15:56:50,0.326635,0.309511,0.000000,29373.627843,0.000000
2026-09-09,15:56:51,0.326635,0.313564,0.000000,29373.627843,0.000000
2026-09-09,15:56:52,0.330007,0.313564,0.000000,29373.627843,0.000000
2026-09-09,15:56:52,0.348761,0.315906,0.000000,29373.627843,0.000000
2026-09-09,15:56:53,0.310158,0.316067,0.000000,29373.627843,0.000000
2026-09-09,15:56:54,0.342466,0.318394,0.000000,29373.627843,0.000000
2026-09-09,15:56:54,0.342466,0.322820,0.000000,29373.627843,0.000000
2026-09-09,15:56:55,0.333742,0.322820,0.000000,29373.627843,0.000000
2026-09-09,15:56:56,0.325665,0.326277,0.000000,29373.627843,0.000000
2026-09-09,15:56:56,0.314034,0.328183,0.000000,29373.627843,0.000000
2026-09-09,15:56:57,0.310158,0.326826,0.000000,29373.627843,0.000000
2026-09-09,15:56:58,0.310158,0.326826,0.000000,29373.627843,0.000000
2026-09-09,15:56:58,0.310158,0.325178,0.000000,29373.627843,0.000000
2026-09-09,15:56:59,0.310158,0.323531,0.000000,29373.627843,0.000000
2026-09-09,15:57:00,0.310158,0.321546,0.000000,29373.627843,0.000000
2026-09-09,15:57:00,0.310158,0.317750,0.000000,29373.627843,0.000000
2026-09-09,15:57:01,0.310804,0.317750,0.000000,29373.627843,0.000000
2026-09-09,15:57:02,0.313388,0.318073,0.000000,29373.627843,0.000000
2026-09-09,15:57:02,0.315973,0.315424,0.000000,29373.627843,0.000000
2026-09-09,15:57:03,0.341496,0.316199,0.000000,29373.627843,0.000000
2026-09-09,15:57:04,0.341496,0.315133,0.000000,29373.627843,0.000000
2026-09-09,15:57:05,0.315004,0.315133,0.000000,29373.627843,0.000000
2026-09-09,15:57:05,0.310158,0.314745,0.000000,29373.627843,0.000000
2026-09-09,15:57:06,0.344404,0.318170,0.000000,29373.627843,0.000000
2026-09-09,15:57:07,0.342143,0.321368,0.000000,29373.627843,0.000000
2026-09-09,15:57:07,0.342143,0.321368,0.000000,29373.627843,0.000000
2026-09-09,15:57:08,0.340527,0.324405,0.000000,29373.627843,0.000000
2026-09-09,15:57:09,0.340204,0.327410,0.000000,29373.627843,0.000000
2026-09-09,15:57:09,0.340204,0.330350,0.000000,29373.627843,0.000000
2026-09-09,15:57:10,0.340204,0.334130,0.000000,29373.627843,0.000000
2026-09-09,15:57:11,0.351189,0.334130,0.000000,29373.627843,0.000000
2026-09-09,15:57:11,0.340850,0.336618,0.000000,29373.627843,0.000000
2026-09-09,15:57:12,0.342143,0.336682,0.000000,29373.627843,0.000000
2026-09-09,15:57:13,0.344081,0.339590,0.000000,29373.627843,0.000000
2026-09-09,15:57:13,0.344081,0.342821,0.000000,29373.627843,0.000000
2026-09-09,15:57:14,0.342466,0.342821,0.000000,29373.627843,0.000000
2026-09-09,15:57:15,0.342789,0.342659,0.000000,29373.627843,0.000000
2026-09-09,15:57:15,0.341819,0.342627,0.000000,29373.627843,0.000000
2026-09-09,15:57:16,0.351189,0.343693,0.000000,29373.627843,0.000000
2026-09-09,15:57:17,0.351189,0.343693,0.000000,29373.627843,0.000000
2026-09-09,15:57:17,0.327281,0.342401,0.000000,29373.627843,0.000000
2026-09-09,15:57:18,0.316942,0.340075,0.000000,29373.627843,0.000000
2026-09-09,15:57:19,0.310158,0.335972,0.000000,29373.627843,0.000000
2026-09-09,15:57:19,0.310158,0.335778,0.000000,29373.627843,0.000000
2026-09-09,15:57:20,0.338912,0.335778,0.000000,29373.627843,0.000000
2026-09-09,15:57:21,0.330189,0.334582,0.000000,29373.627843,0.000000
2026-09-09,15:57:21,0.324050,0.332579,0.000000,29373.627843,0.000000
2026-09-09,15:57:22,0.313711,0.329704,0.000000,29373.627843,0.000000
2026-09-09,15:57:23,0.313711,0.326441,0.000000,29373.627843,0.000000
2026-09-09,15:57:23,0.310158,0.326441,0.000000,29373.627843,0.000000
2026-09-09,15:57:24,0.301691,0.322428,0.000000,29373.627843,0.000000
2026-09-09,15:57:25,0.346263,0.321935,0.000000,29373.627843,0.000000
2026-09-09,15:57:25,0.338560,0.323063,0.000000,29373.627843,0.000000
2026-09-09,15:57:26,0.338560,0.323063,0.000000,29373.627843,0.000000
2026-09-09,15:57:27,0.343672,0.325736,0.000000,29373.627843,0.000000
2026-09-09,15:57:27,0.344967,0.329217,0.000000,29373.627843,0.000000
2026-09-09,15:57:28,0.310957,0.326422,0.000000,29373.627843,0.000000
2026-09-09,15:57:29,0.310957,0.324499,0.000000,29373.627843,0.000000
2026-09-09,15:57:29,0.310957,0.324499,0.000000,29373.627843,0.000000
2026-09-09,15:57:30,0.342700,0.326364,0.000000,29373.627843,0.000000
2026-09-09,15:57:31,0.310957,0.326088,0.000000,29373.627843,0.000000
2026-09-09,15:57:31,0.312900,0.326362,0.000000,29373.627843,0.000000
2026-09-09,15:57:32,0.312900,0.327710,0.000000,29373.627843,0.000000
2026-09-09,15:57:33,0.315167,0.327710,0.000000,29373.627843,0.000000
2026-09-09,15:57:33,0.343996,0.327483,0.000000,29373.627843,0.000000
2026-09-09,15:57:34,0.347235,0.328351,0.000000,29373.627843,0.000000
2026-09-09,15:57:35,0.324561,0.326440,0.000000,29373.627843,0.000000
2026-09-09,15:57:35,0.324561,0.326440,0.000000,29373.627843,0.000000
2026-09-09,15:57:36,0.329096,0.324852,0.000000,29373.627843,0.000000
2026-09-09,15:57:37,0.334278,0.327185,0.000000,29373.627843,0.000000
2026-09-09,15:57:37,0.320350,0.328124,0.000000,29373.627843,0.000000
2026-09-09,15:57:38,0.320350,0.326342,0.000000,29373.627843,0.000000
2026-09-09,15:57:39,0.324885,0.326342,0.000000,29373.627843,0.000000
2026-09-09,15:57:39,0.325533,0.327800,0.000000,29373.627843,0.000000
2026-09-09,15:57:40,0.290226,0.325533,0.000000,29373.627843,0.000000
2026-09-09,15:57:41,0.300267,0.324043,0.000000,29373.627843,0.000000
2026-09-09,15:57:41,0.300267,0.320382,0.000000,29373.627843,0.000000
2026-09-09,15:57:42,0.307394,0.320382,0.000000,29373.627843,0.000000
2026-09-09,15:57:43,0.331363,0.318795,0.000000,29373.627843,0.000000
2026-09-09,15:57:43,0.343348,0.320674,0.000000,29373.627843,0.000000
2026-09-09,15:57:44,0.346263,0.322391,0.000000,29373.627843,0.000000
2026-09-09,15:57:45,0.346263,0.322391,0.000000,29373.627843,0.000000
2026-09-09,15:57:45,0.310957,0.320059,0.000000,29373.627843,0.000000
2026-09-09,15:57:46,0.310957,0.319119,0.000000,29373.627843,0.000000
2026-09-09,15:57:47,0.310957,0.317726,0.000000,29373.627843,0.000000
2026-09-09,15:57:47,0.310957,0.319670,0.000000,29373.627843,0.000000
2026-09-09,15:57:48,0.344967,0.319670,0.000000,29373.627843,0.000000
2026-09-09,15:57:49,0.310957,0.321743,0.000000,29373.627843,0.000000
2026-09-09,15:57:49,0.310957,0.322812,0.000000,29373.627843,0.000000
2026-09-09,15:57:50,0.310957,0.323168,0.000000,29373.627843,0.000000
2026-09-09,15:57:51,0.310957,0.321127,0.000000,29373.627843,0.000000
2026-09-09,15:57:51,0.310957,0.321127,0.000000,29373.627843,0.000000
2026-09-09,15:57:52,0.306237,0.317416,0.000000,29373.627843,0.000000
2026-09-09,15:57:53,0.339732,0.316763,0.000000,29373.627843,0.000000
2026-09-09,15:57:53,0.337499,0.319417,0.000000,29373.627843,0.000000
2026-09-09,15:57:54,0.337499,0.319417,0.000000,29373.627843,0.000000
2026-09-09,15:57:55,0.343250,0.322647,0.000000,29373.627843,0.000000
2026-09-09,15:57:55,0.328630,0.324414,0.000000,29373.627843,0.000000
2026-09-09,15:57:56,0.317409,0.321658,0.000000,29373.627843,0.000000
2026-09-09,15:57:57,0.317409,0.321855,0.000000,29373.627843,0.000000
2026-09-09,15:57:57,0.312920,0.321855,0.000000,29373.627843,0.000000
2026-09-09,15:57:58,0.307790,0.321538,0.000000,29373.627843,0.000000
2026-09-09,15:57:59,0.307790,0.321221,0.000000,29373.627843,0.000000
2026-09-09,15:57:59,0.339531,0.324079,0.000000,29373.627843,0.000000
2026-09-09,15:58:00,0.339531,0.326575,0.000000,29373.627843,0.000000
2026-09-09,15:58:01,0.331195,0.326575,0.000000,29373.627843,0.000000
2026-09-09,15:58:01,0.319974,0.324599,0.000000,29373.627843,0.000000
2026-09-09,15:58:02,0.307790,0.321628,0.000000,29373.627843,0.000000
2026-09-09,15:58:03,0.342096,0.321513,0.000000,29373.627843,0.000000
2026-09-09,15:58:03,0.342096,0.321513,0.000000,29373.627843,0.000000
2026-09-09,15:58:04,0.348509,0.323500,0.000000,29373.627843,0.000000
2026-09-09,15:58:05,0.340814,0.325841,0.000000,29373.627843,0.000000
2026-09-09,15:58:05,0.307790,0.325328,0.000000,29373.627843,0.000000
2026-09-09,15:58:06,0.336325,0.328182,0.000000,29373.627843,0.000000
2026-09-09,15:58:07,0.336325,0.328182,0.000000,29373.627843,0.000000
2026-09-09,15:58:07,0.321256,0.329528,0.000000,29373.627843,0.000000
2026-09-09,15:58:08,0.307790,0.326354,0.000000,29373.627843,0.000000
2026-09-09,15:58:09,0.327989,0.326033,0.000000,29373.627843,0.000000
2026-09-09,15:58:09,0.327989,0.324815,0.000000,29373.627843,0.000000
2026-09-09,15:58:10,0.307790,0.324815,0.000000,29373.627843,0.000000
2026-09-09,15:58:11,0.332106,0.327247,0.000000,29373.627843,0.000000
2026-09-09,15:58:11,0.312570,0.324294,0.000000,29373.627843,0.000000
2026-09-09,15:58:12,0.341548,0.323598,0.000000,29373.627843,0.000000
2026-09-09,15:58:13,0.341548,0.321229,0.000000,29373.627843,0.000000
2026-09-09,15:58:13,0.317128,0.321229,0.000000,29373.627843,0.000000
2026-09-09,15:58:14,0.345129,0.324963,0.000000,29373.627843,0.000000
2026-09-09,15:58:15,0.327547,0.324085,0.000000,29373.627843,0.000000
2026-09-09,15:58:15,0.312570,0.323217,0.000000,29373.627843,0.000000
2026-09-09,15:58:16,0.312570,0.323217,0.000000,29373.627843,0.000000
2026-09-09,15:58:17,0.344804,0.326918,0.000000,29373.627843,0.000000
2026-09-09,15:58:17,0.334710,0.327590,0.000000,29373.627843,0.000000
2026-09-09,15:58:18,0.327222,0.329533,0.000000,29373.627843,0.000000
2026-09-09,15:58:19,0.327222,0.331292,0.000000,29373.627843,0.000000
2026-09-09,15:58:19,0.349688,0.331292,0.000000,29373.627843,0.000000
2026-09-09,15:58:20,0.342060,0.334241,0.000000,29373.627843,0.000000
2026-09-09,15:58:21,0.319150,0.332001,0.000000,29373.627843,0.000000
2026-09-09,15:58:21,0.345373,0.334825,0.000000,29373.627843,0.000000
2026-09-09,15:58:22,0.345373,0.334882,0.000000,29373.627843,0.000000
2026-09-09,15:58:23,0.345696,0.334882,0.000000,29373.627843,0.000000
2026-09-09,15:58:23,0.342466,0.336374,0.000000,29373.627843,0.000000
2026-09-09,15:58:24,0.310158,0.336133,0.000000,29373.627843,0.000000
2026-09-09,15:58:25,0.310158,0.332668,0.000000,29373.627843,0.000000
2026-09-09,15:58:25,0.310158,0.332668,0.000000,29373.627843,0.000000
2026-09-09,15:58:26,0.344406,0.333638,0.000000,29373.627843,0.000000
2026-09-09,15:58:27,0.334179,0.334333,0.000000,29373.627843,0.000000
2026-09-09,15:58:27,0.353313,0.334696,0.000000,29373.627843,0.000000
2026-09-09,15:58:28,0.353313,0.331861,0.000000,29373.627843,0.000000
2026-09-09,15:58:29,0.313717,0.331861,0.000000,29373.627843,0.000000
2026-09-09,15:58:29,0.308574,0.330804,0.000000,29373.627843,0.000000
2026-09-09,15:58:30,0.342003,0.330467,0.000000,29373.627843,0.000000
2026-09-09,15:58:31,0.347008,0.330598,0.000000,29373.627843,0.000000
2026-09-09,15:58:31,0.347008,0.331020,0.000000,29373.627843,0.000000
2026-09-09,15:58:32,0.346682,0.331020,0.000000,29373.627843,0.000000
2026-09-09,15:58:33,0.339211,0.333925,0.000000,29373.627843,0.000000
2026-09-09,15:58:33,0.336646,0.336574,0.000000,29373.627843,0.000000
2026-09-09,15:58:34,0.333760,0.335509,0.000000,29373.627843,0.000000
2026-09-09,15:58:35,0.333760,0.335509,0.000000,29373.627843,0.000000
2026-09-09,15:58:35,0.329913,0.335083,0.000000,29373.627843,0.000000
2026-09-09,15:58:36,0.330478,0.332799,0.000000,29373.627843,0.000000
2026-09-09,15:58:37,0.318823,0.333310,0.000000,29373.627843,0.000000
2026-09-09,15:58:37,0.318823,0.334581,0.000000,29373.627843,0.000000
2026-09-09,15:58:38,0.321287,0.334581,0.000000,29373.627843,0.000000
2026-09-09,15:58:39,0.309363,0.331317,0.000000,29373.627843,0.000000
2026-09-09,15:58:39,0.309363,0.327553,0.000000,29373.627843,0.000000
2026-09-09,15:58:40,0.343522,0.327237,0.000000,29373.627843,0.000000
2026-09-09,15:58:41,0.343522,0.327410,0.000000,29373.627843,0.000000
2026-09-09,15:58:41,0.340944,0.327410,0.000000,29373.627843,0.000000
2026-09-09,15:58:42,0.336755,0.327421,0.000000,29373.627843,0.000000
2026-09-09,15:58:43,0.331921,0.327237,0.000000,29373.627843,0.000000
2026-09-09,15:58:43,0.326121,0.326858,0.000000,29373.627843,0.000000
2026-09-09,15:58:44,0.326121,0.326858,0.000000,29373.627843,0.000000
2026-09-09,15:58:45,0.321931,0.326003,0.000000,29373.627843,0.000000
2026-09-09,15:58:45,0.348570,0.328978,0.000000,29373.627843,0.000000
2026-09-09,15:58:46,0.312110,0.328060,0.000000,29373.627843,0.000000
2026-09-09,15:58:47,0.312110,0.327981,0.000000,29373.627843,0.000000
2026-09-09,15:58:47,0.308574,0.327981,0.000000,29373.627843,0.000000
2026-09-09,15:58:48,0.343289,0.331374,0.000000,29373.627843,0.000000
2026-09-09,15:58:49,0.340396,0.331061,0.000000,29373.627843,0.000000
2026-09-09,15:58:49,0.349396,0.331906,0.000000,29373.627843,0.000000
2026-09-09,15:58:50,0.349396,0.330792,0.000000,29373.627843,0.000000
2026-09-09,15:58:51,0.325610,0.330792,0.000000,29373.627843,0.000000
2026-09-09,15:58:51,0.342968,0.331897,0.000000,29373.627843,0.000000
2026-09-09,15:58:52,0.308574,0.330142,0.000000,29373.627843,0.000000
2026-09-09,15:58:53,0.342325,0.332181,0.000000,29373.627843,0.000000
2026-09-09,15:58:53,0.342325,0.332181,0.000000,29373.627843,0.000000
2026-09-09,15:58:54,0.341697,0.331494,0.000000,29373.627843,0.000000
2026-09-09,15:58:55,0.326443,0.332927,0.000000,29373.627843,0.000000
2026-09-09,15:58:55,0.309363,0.333006,0.000000,29373.627843,0.000000
2026-09-09,15:58:56,0.309363,0.332933,0.000000,29373.627843,0.000000
2026-09-09,15:58:57,0.342556,0.332933,0.000000,29373.627843,0.000000
2026-09-09,15:58:57,0.330310,0.331924,0.000000,29373.627843,0.000000
2026-09-09,15:58:58,0.342878,0.331272,0.000000,29373.627843,0.000000
2026-09-09,15:58:59,0.344167,0.333128,0.000000,29373.627843,0.000000
2026-09-09,15:58:59,0.344167,0.331927,0.000000,29373.627843,0.000000
2026-09-09,15:59:00,0.330954,0.331927,0.000000,29373.627843,0.000000
2026-09-09,15:59:01,0.313231,0.332392,0.000000,29373.627843,0.000000
2026-09-09,15:59:01,0.337722,0.331932,0.000000,29373.627843,0.000000
2026-09-09,15:59:02,0.314842,0.329247,0.000000,29373.627843,0.000000
2026-09-09,15:59:03,0.314842,0.329247,0.000000,29373.627843,0.000000
2026-09-09,15:59:03,0.350290,0.331631,0.000000,29373.627843,0.000000
2026-09-09,15:59:04,0.342556,0.334950,0.000000,29373.627843,0.000000
2026-09-09,15:59:05,0.351663,0.335861,0.000000,29373.627843,0.000000
2026-09-09,15:59:05,0.337393,0.336569,0.000000,29373.627843,0.000000
2026-09-09,15:59:06,0.337393,0.336569,0.000000,29373.627843,0.000000
2026-09-09,15:59:07,0.342829,0.336565,0.000000,29373.627843,0.000000
2026-09-09,15:59:07,0.338672,0.336015,0.000000,29373.627843,0.000000
2026-09-09,15:59:08,0.307011,0.333621,0.000000,29373.627843,0.000000
2026-09-09,15:59:09,0.307011,0.332999,0.000000,29373.627843,0.000000
2026-09-09,15:59:09,0.307011,0.332999,0.000000,29373.627843,0.000000
2026-09-09,15:59:10,0.344970,0.333724,0.000000,29373.627843,0.000000
2026-09-09,15:59:11,0.326121,0.334852,0.000000,29373.627843,0.000000
2026-09-09,15:59:11,0.339978,0.333820,0.000000,29373.627843,0.000000
2026-09-09,15:59:12,0.339978,0.333853,0.000000,29373.627843,0.000000
2026-09-09,15:59:13,0.342878,0.333853,0.000000,29373.627843,0.000000
2026-09-09,15:59:13,0.350290,0.333715,0.000000,29373.627843,0.000000
2026-09-09,15:59:14,0.329665,0.332942,0.000000,29373.627843,0.000000
2026-09-09,15:59:15,0.332420,0.331902,0.000000,29373.627843,0.000000
2026-09-09,15:59:15,0.332420,0.331902,0.000000,29373.627843,0.000000
2026-09-09,15:59:16,0.341230,0.332157,0.000000,29373.627843,0.000000
2026-09-09,15:59:17,0.309570,0.332413,0.000000,29373.627843,0.000000
2026-09-09,15:59:17,0.307011,0.332413,0.000000,29373.627843,0.000000
2026-09-09,15:59:18,0.307011,0.332437,0.000000,29373.627843,0.000000
2026-09-09,15:59:19,0.345210,0.332437,0.000000,29373.627843,0.000000
2026-09-09,15:59:19,0.340014,0.333827,0.000000,29373.627843,0.000000
2026-09-09,15:59:20,0.333844,0.333213,0.000000,29373.627843,0.000000
2026-09-09,15:59:21,0.341964,0.333122,0.000000,29373.627843,0.000000
2026-09-09,15:59:21,0.341964,0.329355,0.000000,29373.627843,0.000000
2026-09-09,15:59:22,0.312617,0.329355,0.000000,29373.627843,0.000000
2026-09-09,15:59:23,0.310957,0.327484,0.000000,29373.627843,0.000000
2026-09-09,15:59:23,0.342052,0.328447,0.000000,29373.627843,0.000000
2026-09-09,15:59:24,0.325209,0.326845,0.000000,29373.627843,0.000000
2026-09-09,15:59:25,0.325209,0.326845,0.000000,29373.627843,0.000000
2026-09-09,15:59:25,0.344320,0.330320,0.000000,29373.627843,0.000000
2026-09-09,15:59:26,0.320674,0.331686,0.000000,29373.627843,0.000000
2026-09-09,15:59:27,0.339137,0.331079,0.000000,29373.627843,0.000000
2026-09-09,15:59:27,0.339137,0.328303,0.000000,29373.627843,0.000000
2026-09-09,15:59:28,0.312252,0.328303,0.000000,29373.627843,0.000000
2026-09-09,15:59:29,0.329524,0.327871,0.000000,29373.627843,0.000000
2026-09-09,15:59:29,0.306237,0.324298,0.000000,29373.627843,0.000000
2026-09-09,15:59:30,0.335362,0.326572,0.000000,29373.627843,0.000000
2026-09-09,15:59:31,0.335362,0.330087,0.000000,29373.627843,0.000000
2026-09-09,15:59:31,0.346106,0.330087,0.000000,29373.627843,0.000000
2026-09-09,15:59:32,0.312570,0.327139,0.000000,29373.627843,0.000000
2026-09-09,15:59:33,0.343827,0.329001,0.000000,29373.627843,0.000000
2026-09-09,15:59:33,0.326972,0.327266,0.000000,29373.627843,0.000000
2026-09-09,15:59:34,0.326972,0.327266,0.000000,29373.627843,0.000000
2026-09-09,15:59:35,0.351126,0.330311,0.000000,29373.627843,0.000000
2026-09-09,15:59:35,0.307790,0.327177,0.000000,29373.627843,0.000000
2026-09-09,15:59:36,0.348509,0.330802,0.000000,29373.627843,0.000000
2026-09-09,15:59:37,0.348509,0.328629,0.000000,29373.627843,0.000000
2026-09-09,15:59:37,0.307790,0.328629,0.000000,29373.627843,0.000000
2026-09-09,15:59:38,0.307790,0.328784,0.000000,29373.627843,0.000000
2026-09-09,15:59:39,0.338569,0.329105,0.000000,29373.627843,0.000000
2026-09-09,15:59:39,0.333119,0.327806,0.000000,29373.627843,0.000000
2026-09-09,15:59:40,0.333119,0.329669,0.000000,29373.627843,0.000000
2026-09-09,15:59:41,0.331195,0.329669,0.000000,29373.627843,0.000000
2026-09-09,15:59:42,0.331836,0.328470,0.000000,29373.627843,0.000000
2026-09-09,15:59:42,0.317409,0.327513,0.000000,29373.627843,0.000000
2026-09-09,15:59:43,0.321577,0.324559,0.000000,29373.627843,0.000000
2026-09-09,15:59:43,0.321577,0.324559,0.000000,29373.627843,0.000000
2026-09-09,15:59:44,0.315029,0.325282,0.000000,29373.627843,0.000000
2026-09-09,15:59:45,0.308752,0.321307,0.000000,29373.627843,0.000000
2026-09-09,15:59:45,0.313561,0.321884,0.000000,29373.627843,0.000000
2026-09-09,15:59:46,0.313561,0.322476,0.000000,29373.627843,0.000000
2026-09-09,15:59:47,0.313711,0.322476,0.000000,29373.627843,0.000000
2026-09-09,15:59:47,0.315343,0.320153,0.000000,29373.627843,0.000000
2026-09-09,15:59:48,0.308930,0.317734,0.000000,29373.627843,0.000000
2026-09-09,15:59:49,0.307011,0.315316,0.000000,29373.627843,0.000000
2026-09-09,15:59:50,0.307011,0.312833,0.000000,29373.627843,0.000000
2026-09-09,15:59:50,0.307011,0.312833,0.000000,29373.627843,0.000000
2026-09-09,15:59:51,0.325240,0.313617,0.000000,29373.627843,0.000000
2026-09-09,15:59:52,0.333235,0.314782,0.000000,29373.627843,0.000000
2026-09-09,15:59:52,0.321402,0.315420,0.000000,29373.627843,0.000000
2026-09-09,15:59:53,0.321402,0.315420,0.000000,29373.627843,0.000000
2026-09-09,15:59:54,0.307011,0.315246,0.000000,29373.627843,0.000000
2026-09-09,15:59:54,0.339951,0.317885,0.000000,29373.627843,0.000000
2026-09-09,15:59:55,0.321083,0.318622,0.000000,29373.627843,0.000000
2026-09-09,15:59:56,0.321083,0.318268,0.000000,29373.627843,0.000000
2026-09-09,15:59:56,0.311808,0.318268,0.000000,29373.627843,0.000000
2026-09-09,15:59:57,0.307011,0.318076,0.000000,29373.627843,0.000000
2026-09-09,15:59:58,0.338352,0.321210,0.000000,29373.627843,0.000000
2026-09-09,15:59:58,0.336031,0.324112,0.000000,29373.627843,0.000000
2026-09-09,15:59:59,0.336031,0.325839,0.000000,29373.627843,0.000000
2026-09-09,16:00:00,0.342509,0.325839,0.000000,29373.627843,0.000000
2026-09-09,16:00:00,0.307011,0.323217,0.000000,29373.627843,0.000000
2026-09-09,16:00:01,0.307011,0.321778,0.000000,29373.627843,0.000000
2026-09-09,16:00:02,0.344236,0.325500,0.000000,29373.627843,0.000000
2026-09-09,16:00:02,0.344236,0.325500,0.000000,29373.627843,0.000000
2026-09-09,16:00:03,0.339689,0.325474,0.000000,29373.627843,0.000000
2026-09-09,16:00:04,0.328648,0.326231,0.000000,29373.627843,0.000000
2026-09-09,16:00:04,0.326050,0.327655,0.000000,29373.627843,0.000000
2026-09-09,16:00:05,0.326050,0.329559,0.000000,29373.627843,0.000000
2026-09-09,16:00:06,0.326050,0.329559,0.000000,29373.627843,0.000000
2026-09-09,16:00:06,0.326375,0.328361,0.000000,29373.627843,0.000000
2026-09-09,16:00:07,0.327349,0.327493,0.000000,29373.627843,0.000000
2026-09-09,16:00:08,0.328323,0.326074,0.000000,29373.627843,0.000000
2026-09-09,16:00:08,0.328323,0.328303,0.000000,29373.627843,0.000000
2026-09-09,16:00:09,0.329297,0.328303,0.000000,29373.627843,0.000000
2026-09-09,16:00:10,0.329297,0.330531,0.000000,29373.627843,0.000000
2026-09-09,16:00:10,0.328973,0.329005,0.000000,29373.627843,0.000000
2026-09-09,16:00:11,0.324281,0.327464,0.000000,29373.627843,0.000000
2026-09-09,16:00:12,0.324281,0.327464,0.000000,29373.627843,0.000000
2026-09-09,16:00:12,0.320443,0.326644,0.000000,29373.627843,0.000000
2026-09-09,16:00:13,0.320763,0.326115,0.000000,29373.627843,0.000000
2026-09-09,16:00:14,0.320763,0.325586,0.000000,29373.627843,0.000000
2026-09-09,16:00:14,0.320763,0.325691,0.000000,29373.627843,0.000000
2026-09-09,16:00:15,0.327421,0.325691,0.000000,29373.627843,0.000000
2026-09-09,16:00:16,0.327748,0.325731,0.000000,29373.627843,0.000000
2026-09-09,16:00:16,0.323821,0.325281,0.000000,29373.627843,0.000000
2026-09-09,16:00:17,0.327989,0.325150,0.000000,29373.627843,0.000000
2026-09-09,16:00:18,0.327989,0.325404,0.000000,29373.627843,0.000000
2026-09-09,16:00:18,0.331836,0.325404,0.000000,29373.627843,0.000000
2026-09-09,16:00:19,0.336004,0.326107,0.000000,29373.627843,0.000000
2026-09-09,16:00:20,0.338890,0.327568,0.000000,29373.627843,0.000000
2026-09-09,16:00:20,0.336004,0.329124,0.000000,29373.627843,0.000000
2026-09-09,16:00:21,0.336004,0.330776,0.000000,29373.627843,0.000000
2026-09-09,16:00:22,0.337287,0.330776,0.000000,29373.627843,0.000000
2026-09-09,16:00:22,0.336646,0.332365,0.000000,29373.627843,0.000000
2026-09-09,16:00:23,0.336004,0.333223,0.000000,29373.627843,0.000000
2026-09-09,16:00:24,0.336966,0.334145,0.000000,29373.627843,0.000000
2026-09-09,16:00:24,0.336966,0.334145,0.000000,29373.627843,0.000000
2026-09-09,16:00:25,0.337928,0.335556,0.000000,29373.627843,0.000000
2026-09-09,16:00:26,0.346029,0.337360,0.000000,29373.627843,0.000000
2026-09-09,16:00:26,0.341682,0.338344,0.000000,29373.627843,0.000000
2026-09-09,16:00:27,0.341682,0.338880,0.000000,29373.627843,0.000000
2026-09-09,16:00:28,0.341361,0.338880,0.000000,29373.627843,0.000000
2026-09-09,16:00:28,0.340075,0.338998,0.000000,29373.627843,0.000000
2026-09-09,16:00:29,0.326896,0.338087,0.000000,29373.627843,0.000000
2026-09-09,16:00:30,0.322396,0.336598,0.000000,29373.627843,0.000000
2026-09-09,16:00:30,0.322396,0.336941,0.000000,29373.627843,0.000000
2026-09-09,16:00:31,0.340075,0.336941,0.000000,29373.627843,0.000000
2026-09-09,16:00:32,0.308574,0.334198,0.000000,29373.627843,0.000000
2026-09-09,16:00:32,0.340718,0.334573,0.000000,29373.627843,0.000000
2026-09-09,16:00:33,0.331396,0.333920,0.000000,29373.627843,0.000000
2026-09-09,16:00:34,0.331396,0.333920,0.000000,29373.627843,0.000000
2026-09-09,16:00:34,0.320789,0.331396,0.000000,29373.627843,0.000000
2026-09-09,16:00:35,0.308896,0.328118,0.000000,29373.627843,0.000000
2026-09-09,16:00:36,0.308574,0.324839,0.000000,29373.627843,0.000000
2026-09-09,16:00:36,0.308574,0.324550,0.000000,29373.627843,0.000000
2026-09-09,16:00:37,0.337182,0.324550,0.000000,29373.627843,0.000000
2026-09-09,16:00:38,0.321753,0.324035,0.000000,29373.627843,0.000000
2026-09-09,16:00:38,0.339110,0.325707,0.000000,29373.627843,0.000000
2026-09-09,16:00:39,0.308574,0.322557,0.000000,29373.627843,0.000000
2026-09-09,16:00:40,0.308574,0.326125,0.000000,29373.627843,0.000000
2026-09-09,16:00:40,0.344253,0.326125,0.000000,29373.627843,0.000000
2026-09-09,16:00:41,0.342325,0.326285,0.000000,29373.627843,0.000000
2026-09-09,16:00:42,0.339432,0.327089,0.000000,29373.627843,0.000000
2026-09-09,16:00:42,0.349396,0.329950,0.000000,29373.627843,0.000000
2026-09-09,16:00:43,0.349396,0.329950,0.000000,29373.627843,0.000000
2026-09-09,16:00:44,0.330432,0.332103,0.000000,29373.627843,0.000000
2026-09-09,16:00:44,0.308896,0.332135,0.000000,29373.627843,0.000000
2026-09-09,16:00:45,0.323039,0.330721,0.000000,29373.627843,0.000000
2026-09-09,16:00:46,0.323039,0.332618,0.000000,29373.627843,0.000000
2026-09-09,16:00:46,0.340718,0.332618,0.000000,29373.627843,0.000000
2026-09-09,16:00:47,0.342003,0.332907,0.000000,29373.627843,0.000000
2026-09-09,16:00:48,0.331878,0.335237,0.000000,29373.627843,0.000000
2026-09-09,16:00:48,0.334824,0.334294,0.000000,29373.627843,0.000000
2026-09-09,16:00:49,0.334824,0.332922,0.000000,29373.627843,0.000000
2026-09-09,16:00:50,0.328605,0.332922,0.000000,29373.627843,0.000000
2026-09-09,16:00:50,0.288003,0.327779,0.000000,29373.627843,0.000000
2026-09-09,16:00:51,0.301824,0.323022,0.000000,29373.627843,0.000000
2026-09-09,16:00:52,0.328825,0.322861,0.000000,29373.627843,0.000000
2026-09-09,16:00:52,0.328825,0.322861,0.000000,29373.627843,0.000000
2026-09-09,16:00:53,0.288003,0.320772,0.000000,29373.627843,0.000000
2026-09-09,16:00:54,0.288003,0.317269,0.000000,29373.627843,0.000000
2026-09-09,16:00:54,0.289931,0.312190,0.000000,29373.627843,0.000000
2026-09-09,16:00:55,0.289931,0.307786,0.000000,29373.627843,0.000000
2026-09-09,16:00:56,0.297967,0.307786,0.000000,29373.627843,0.000000
2026-09-09,16:00:56,0.301824,0.304781,0.000000,29373.627843,0.000000
2026-09-09,16:00:57,0.328182,0.304117,0.000000,29373.627843,0.000000
2026-09-09,16:00:58,0.333325,0.304589,0.000000,29373.627843,0.000000
2026-09-09,16:00:58,0.333325,0.310728,0.000000,29373.627843,0.000000
2026-09-09,16:00:59,0.349396,0.310728,0.000000,29373.627843,0.000000
2026-09-09,16:01:00,0.349396,0.315485,0.000000,29373.627843,0.000000
2026-09-09,16:01:00,0.340396,0.316642,0.000000,29373.627843,0.000000
2026-09-09,16:01:01,0.342325,0.322075,0.000000,29373.627843,0.000000
2026-09-09,16:01:02,0.342325,0.322075,0.000000,29373.627843,0.000000
2026-09-09,16:01:02,0.308574,0.324132,0.000000,29373.627843,0.000000
2026-09-09,16:01:03,0.308574,0.325996,0.000000,29373.627843,0.000000
2026-09-09,16:01:04,0.308574,0.327057,0.000000,29373.627843,0.000000
2026-09-09,16:01:04,0.308574,0.327732,0.000000,29373.627843,0.000000
2026-09-09,16:01:05,0.308574,0.327732,0.000000,29373.627843,0.000000
2026-09-09,16:01:06,0.315357,0.326449,0.000000,29373.627843,0.000000
2026-09-09,16:01:06,0.313231,0.324440,0.000000,29373.627843,0.000000
2026-09-09,16:01:07,0.346606,0.324161,0.000000,29373.627843,0.000000
2026-09-09,16:01:08,0.346606,0.323915,0.000000,29373.627843,0.000000
2026-09-09,16:01:08,0.346934,0.323915,0.000000,29373.627843,0.000000
2026-09-09,16:01:09,0.313396,0.321215,0.000000,29373.627843,0.000000
2026-09-09,16:01:10,0.308574,0.317840,0.000000,29373.627843,0.000000
2026-09-09,16:01:10,0.308574,0.317840,0.000000,29373.627843,0.000000
2026-09-09,16:01:11,0.308574,0.317840,0.000000,29373.627843,0.000000
2026-09-09,16:01:12,0.333968,0.320379,0.000000,29373.627843,0.000000
2026-09-09,16:01:12,0.326896,0.322211,0.000000,29373.627843,0.000000
2026-09-09,16:01:13,0.313384,0.322692,0.000000,29373.627843,0.000000
2026-09-09,16:01:14,0.313384,0.323703,0.000000,29373.627843,0.000000
2026-09-09,16:01:14,0.325463,0.323703,0.000000,29373.627843,0.000000
2026-09-09,16:01:15,0.309141,0.323294,0.000000,29373.627843,0.000000
2026-09-09,16:01:16,0.333950,0.322028,0.000000,29373.627843,0.000000
2026-09-09,16:01:16,0.327095,0.320044,0.000000,29373.627843,0.000000
2026-09-09,16:01:17,0.327095,0.317954,0.000000,29373.627843,0.000000
2026-09-09,16:01:18,0.292492,0.317954,0.000000,29373.627843,0.000000
2026-09-09,16:01:18,0.303432,0.317439,0.000000,29373.627843,0.000000
2026-09-09,16:01:19,0.316932,0.318275,0.000000,29373.627843,0.000000
2026-09-09,16:01:20,0.321753,0.317054,0.000000,29373.627843,0.000000
2026-09-09,16:01:20,0.321753,0.317054,0.000000,29373.627843,0.000000
2026-09-09,16:01:21,0.288003,0.313164,0.000000,29373.627843,0.000000
2026-09-09,16:01:22,0.302467,0.312073,0.000000,29373.627843,0.000000
2026-09-09,16:01:22,0.328825,0.312409,0.000000,29373.627843,0.000000
2026-09-09,16:01:23,0.328825,0.313734,0.000000,29373.627843,0.000000
2026-09-09,16:01:24,0.322396,0.313734,0.000000,29373.627843,0.000000
2026-09-09,16:01:24,0.288003,0.309140,0.000000,29373.627843,0.000000
2026-09-09,16:01:25,0.318860,0.308316,0.000000,29373.627843,0.000000
2026-09-09,16:01:26,0.326253,0.311692,0.000000,29373.627843,0.000000
2026-09-09,16:01:26,0.326253,0.314723,0.000000,29373.627843,0.000000
2026-09-09,16:01:27,0.333734,0.314723,0.000000,29373.627843,0.000000
2026-09-09,16:01:28,0.332566,0.316286,0.000000,29373.627843,0.000000
2026-09-09,16:01:28,0.309363,0.315047,0.000000,29373.627843,0.000000
2026-09-09,16:01:29,0.327732,0.319020,0.000000,29373.627843,0.000000
2026-09-09,16:01:30,0.327732,0.319020,0.000000,29373.627843,0.000000
2026-09-09,16:01:30,0.328376,0.321611,0.000000,29373.627843,0.000000
2026-09-09,16:01:31,0.325476,0.321276,0.000000,29373.627843,0.000000
2026-09-09,16:01:32,0.345778,0.323614,0.000000,29373.627843,0.000000
2026-09-09,16:01:32,0.345778,0.326169,0.000000,29373.627843,0.000000
2026-09-09,16:01:33,0.313553,0.326169,0.000000,29373.627843,0.000000
2026-09-09,16:01:34,0.309363,0.325220,0.000000,29373.627843,0.000000
2026-09-09,16:01:34,0.341911,0.326785,0.000000,29373.627843,0.000000
2026-09-09,16:01:35,0.333533,0.326765,0.000000,29373.627843,0.000000
2026-09-09,16:01:36,0.333533,0.325831,0.000000,29373.627843,0.000000
2026-09-09,16:01:36,0.323220,0.325831,0.000000,29373.627843,0.000000
2026-09-09,16:01:37,0.309363,0.325831,0.000000,29373.627843,0.000000
2026-09-09,16:01:38,0.330954,0.326153,0.000000,29373.627843,0.000000
2026-09-09,16:01:38,0.309363,0.324252,0.000000,29373.627843,0.000000
2026-09-09,16:01:39,0.309363,0.324252,0.000000,29373.627843,0.000000
2026-09-09,16:01:40,0.329343,0.324638,0.000000,29373.627843,0.000000
2026-09-09,16:01:40,0.309363,0.320997,0.000000,29373.627843,0.000000
2026-09-09,16:01:41,0.309363,0.320578,0.000000,29373.627843,0.000000
2026-09-09,16:01:42,0.343845,0.324026,0.000000,29373.627843,0.000000
2026-09-09,16:01:42,0.343845,0.324026,0.000000,29373.627843,0.000000
2026-09-09,16:01:43,0.345456,0.324381,0.000000,29373.627843,0.000000
2026-09-09,16:01:44,0.343200,0.325347,0.000000,29373.627843,0.000000
2026-09-09,16:01:44,0.330242,0.326049,0.000000,29373.627843,0.000000
2026-09-09,16:01:45,0.330242,0.325814,0.000000,29373.627843,0.000000
2026-09-09,16:01:46,0.307011,0.325814,0.000000,29373.627843,0.000000
2026-09-09,16:01:46,0.341370,0.326856,0.000000,29373.627843,0.000000
2026-09-09,16:01:47,0.321897,0.328109,0.000000,29373.627843,0.000000
2026-09-09,16:01:48,0.315029,0.326678,0.000000,29373.627843,0.000000
2026-09-09,16:01:48,0.315029,0.326678,0.000000,29373.627843,0.000000
2026-09-09,16:01:49,0.341361,0.329877,0.000000,29373.627843,0.000000
2026-09-09,16:01:50,0.349396,0.333881,0.000000,29373.627843,0.000000
2026-09-09,16:01:50,0.335896,0.333086,0.000000,29373.627843,0.000000
2026-09-09,16:01:51,0.337182,0.332258,0.000000,29373.627843,0.000000
2026-09-09,16:01:52,0.337182,0.332258,0.000000,29373.627843,0.000000
2026-09-09,16:01:52,0.338468,0.331785,0.000000,29373.627843,0.000000
2026-09-09,16:01:53,0.338468,0.332608,0.000000,29373.627843,0.000000
2026-09-09,16:01:54,0.327217,0.334628,0.000000,29373.627843,0.000000
2026-09-09,16:01:54,0.327217,0.332506,0.000000,29373.627843,0.000000
2026-09-09,16:01:55,0.320146,0.332506,0.000000,29373.627843,0.000000
2026-09-09,16:01:56,0.311467,0.331463,0.000000,29373.627843,0.000000
2026-09-09,16:01:56,0.308574,0.330818,0.000000,29373.627843,0.000000
2026-09-09,16:01:57,0.308574,0.327539,0.000000,29373.627843,0.000000
2026-09-09,16:01:58,0.308574,0.323457,0.000000,29373.627843,0.000000
2026-09-09,16:01:58,0.308574,0.323457,0.000000,29373.627843,0.000000
2026-09-09,16:01:59,0.288003,0.318667,0.000000,29373.627843,0.000000
2026-09-09,16:02:00,0.297967,0.314746,0.000000,29373.627843,0.000000
2026-09-09,16:02:00,0.307610,0.311660,0.000000,29373.627843,0.000000
2026-09-09,16:02:01,0.307610,0.311660,0.000000,29373.627843,0.000000
2026-09-09,16:02:02,0.328825,0.310696,0.000000,29373.627843,0.000000
2026-09-09,16:02:02,0.336218,0.311596,0.000000,29373.627843,0.000000
2026-09-09,16:02:03,0.338789,0.313460,0.000000,29373.627843,0.000000
2026-09-09,16:02:04,0.338789,0.316000,0.000000,29373.627843,0.000000
2026-09-09,16:02:04,0.336860,0.316000,0.000000,29373.627843,0.000000
2026-09-09,16:02:05,0.330753,0.318217,0.000000,29373.627843,0.000000
2026-09-09,16:02:06,0.320789,0.319439,0.000000,29373.627843,0.000000
2026-09-09,16:02:06,0.308574,0.319439,0.000000,29373.627843,0.000000
2026-09-09,16:02:07,0.308574,0.319439,0.000000,29373.627843,0.000000
2026-09-09,16:02:08,0.336218,0.324260,0.000000,29373.627843,0.000000
2026-09-09,16:02:08,0.344575,0.328921,0.000000,29373.627843,0.000000
2026-09-09,16:02:09,0.343611,0.332521,0.000000,29373.627843,0.000000
2026-09-09,16:02:10,0.343611,0.332200,0.000000,29373.627843,0.000000
2026-09-09,16:02:10,0.325610,0.332200,0.000000,29373.627843,0.000000
2026-09-09,16:02:11,0.342968,0.332875,0.000000,29373.627843,0.000000
2026-09-09,16:02:12,0.325932,0.331589,0.000000,29373.627843,0.000000
2026-09-09,16:02:12,0.309217,0.328825,0.000000,29373.627843,0.000000
2026-09-09,16:02:13,0.309217,0.328825,0.000000,29373.627843,0.000000
2026-09-09,16:02:14,0.340718,0.329821,0.000000,29373.627843,0.000000
2026-09-09,16:02:14,0.324967,0.330239,0.000000,29373.627843,0.000000
2026-09-09,16:02:15,0.310503,0.330432,0.000000,29373.627843,0.000000
2026-09-09,16:02:16,0.340075,0.330818,0.000000,29373.627843,0.000000
2026-09-09,16:02:16,0.340075,0.330818,0.000000,29373.627843,0.000000
2026-09-09,16:02:17,0.325932,0.328953,0.000000,29373.627843,0.000000
2026-09-09,16:02:18,0.314039,0.325996,0.000000,29373.627843,0.000000
2026-09-09,16:02:18,0.308574,0.324292,0.000000,29373.627843,0.000000
2026-09-09,16:02:19,0.308574,0.322814,0.000000,29373.627843,0.000000
2026-09-09,16:02:20,0.328182,0.322814,0.000000,29373.627843,0.000000
2026-09-09,16:02:20,0.347008,0.324921,0.000000,29373.627843,0.000000
2026-09-09,16:02:21,0.313384,0.325338,0.000000,29373.627843,0.000000
2026-09-09,16:02:22,0.344070,0.325673,0.000000,29373.627843,0.000000
2026-09-09,16:02:22,0.344070,0.325673,0.000000,29373.627843,0.000000
2026-09-09,16:02:23,0.337541,0.326931,0.000000,29373.627843,0.000000
2026-09-09,16:02:24,0.325289,0.328409,0.000000,29373.627843,0.000000
2026-09-09,16:02:24,0.344896,0.328892,0.000000,29373.627843,0.000000
2026-09-09,16:02:25,0.344896,0.327734,0.000000,29373.627843,0.000000
2026-09-09,16:02:26,0.314360,0.327734,0.000000,29373.627843,0.000000
2026-09-09,16:02:26,0.308574,0.327188,0.000000,29373.627843,0.000000
2026-09-09,16:02:27,0.342003,0.330531,0.000000,29373.627843,0.000000
2026-09-09,16:02:28,0.324967,0.330209,0.000000,29373.627843,0.000000
2026-09-09,16:02:28,0.324967,0.326688,0.000000,29373.627843,0.000000
2026-09-09,16:02:29,0.311789,0.326688,0.000000,29373.627843,0.000000
2026-09-09,16:02:30,0.342003,0.329549,0.000000,29373.627843,0.000000
2026-09-09,16:02:30,0.330432,0.328186,0.000000,29373.627843,0.000000
2026-09-09,16:02:31,0.343289,0.328760,0.000000,29373.627843,0.000000
2026-09-09,16:02:32,0.343289,0.328760,0.000000,29373.627843,0.000000
2026-09-09,16:02:32,0.308574,0.327089,0.000000,29373.627843,0.000000
2026-09-09,16:02:33,0.349396,0.327539,0.000000,29373.627843,0.000000
2026-09-09,16:02:34,0.324003,0.328503,0.000000,29373.627843,0.000000
2026-09-09,16:02:34,0.324003,0.329114,0.000000,29373.627843,0.000000
2026-09-09,16:02:35,0.314682,0.329114,0.000000,29373.627843,0.000000
2026-09-09,16:02:36,0.308574,0.325771,0.000000,29373.627843,0.000000
2026-09-09,16:02:36,0.334289,0.326703,0.000000,29373.627843,0.000000
2026-09-09,16:02:37,0.324325,0.327957,0.000000,29373.627843,0.000000
2026-09-09,16:02:38,0.324325,0.328021,0.000000,29373.627843,0.000000
2026-09-09,16:02:38,0.342646,0.328021,0.000000,29373.627843,0.000000
2026-09-09,16:02:39,0.308574,0.325835,0.000000,29373.627843,0.000000
2026-09-09,16:02:40,0.308574,0.322364,0.000000,29373.627843,0.000000
2026-09-09,16:02:40,0.343611,0.325867,0.000000,29373.627843,0.000000
2026-09-09,16:02:41,0.343611,0.325867,0.000000,29373.627843,0.000000
2026-09-09,16:02:42,0.340718,0.325000,0.000000,29373.627843,0.000000
2026-09-09,16:02:42,0.338146,0.326414,0.000000,29373.627843,0.000000
2026-09-09,16:02:43,0.338789,0.328825,0.000000,29373.627843,0.000000
2026-09-09,16:02:44,0.338789,0.330335,0.000000,29373.627843,0.000000
2026-09-09,16:02:44,0.323682,0.330335,0.000000,29373.627843,0.000000
2026-09-09,16:02:45,0.324325,0.329339,0.000000,29373.627843,0.000000
2026-09-09,16:02:46,0.308574,0.327764,0.000000,29373.627843,0.000000
2026-09-09,16:02:46,0.314039,0.324903,0.000000,29373.627843,0.000000
2026-09-09,16:02:47,0.314039,0.328471,0.000000,29373.627843,0.000000
2026-09-09,16:02:48,0.344253,0.328471,0.000000,29373.627843,0.000000
2026-09-09,16:02:48,0.322075,0.329821,0.000000,29373.627843,0.000000
2026-09-09,16:02:49,0.325932,0.328053,0.000000,29373.627843,0.000000
2026-09-09,16:02:50,0.327860,0.326768,0.000000,29373.627843,0.000000
2026-09-09,16:02:50,0.327860,0.326768,0.000000,29373.627843,0.000000
2026-09-09,16:02:51,0.327217,0.325675,0.000000,29373.627843,0.000000
2026-09-09,16:02:52,0.322717,0.324067,0.000000,29373.627843,0.000000
2026-09-09,16:02:52,0.341361,0.325835,0.000000,29373.627843,0.000000
2026-09-09,16:02:53,0.341361,0.327603,0.000000,29373.627843,0.000000
2026-09-09,16:02:54,0.342003,0.327603,0.000000,29373.627843,0.000000
2026-09-09,16:02:54,0.329146,0.329660,0.000000,29373.627843,0.000000
2026-09-09,16:02:55,0.311789,0.329435,0.000000,29373.627843,0.000000
2026-09-09,16:02:56,0.338468,0.328857,0.000000,29373.627843,0.000000
2026-09-09,16:02:56,0.338468,0.331043,0.000000,29373.627843,0.000000
2026-09-09,16:02:57,0.343932,0.331043,0.000000,29373.627843,0.000000
2026-09-09,16:02:58,0.342003,0.332650,0.000000,29373.627843,0.000000
2026-09-09,16:02:58,0.308574,0.330721,0.000000,29373.627843,0.000000
2026-09-09,16:02:59,0.308574,0.328857,0.000000,29373.627843,0.000000
2026-09-09,16:03:00,0.308574,0.328857,0.000000,29373.627843,0.000000
2026-09-09,16:03:00,0.332682,0.329853,0.000000,29373.627843,0.000000
2026-09-09,16:03:01,0.318539,0.327571,0.000000,29373.627843,0.000000
2026-09-09,16:03:02,0.308574,0.324228,0.000000,29373.627843,0.000000
2026-09-09,16:03:02,0.308574,0.325385,0.000000,29373.627843,0.000000
2026-09-09,16:03:03,0.340718,0.325385,0.000000,29373.627843,0.000000
2026-09-09,16:03:04,0.341361,0.328342,0.000000,29373.627843,0.000000
2026-09-09,16:03:04,0.308574,0.325353,0.000000,29373.627843,0.000000
2026-09-09,16:03:05,0.308574,0.321817,0.000000,29373.627843,0.000000
2026-09-09,16:03:06,0.308574,0.318475,0.000000,29373.627843,0.000000
2026-09-09,16:03:06,0.308574,0.318475,0.000000,29373.627843,0.000000
2026-09-09,16:03:07,0.309217,0.318539,0.000000,29373.627843,0.000000
2026-09-09,16:03:08,0.310182,0.318700,0.000000,29373.627843,0.000000
2026-09-09,16:03:08,0.311467,0.316578,0.000000,29373.627843,0.000000
2026-09-09,16:03:09,0.311467,0.316578,0.000000,29373.627843,0.000000
2026-09-09,16:03:10,0.323360,0.317060,0.000000,29373.627843,0.000000
2026-09-09,16:03:10,0.324325,0.318635,0.000000,29373.627843,0.000000
2026-09-09,16:03:11,0.312079,0.315771,0.000000,29373.627843,0.000000
2026-09-09,16:03:12,0.312079,0.314434,0.000000,29373.627843,0.000000
2026-09-09,16:03:12,0.327989,0.314434,0.000000,29373.627843,0.000000
2026-09-09,16:03:13,0.287271,0.312304,0.000000,29373.627843,0.000000
2026-09-09,16:03:14,0.313241,0.312771,0.000000,29373.627843,0.000000
2026-09-09,16:03:14,0.357731,0.317686,0.000000,29373.627843,0.000000
2026-09-09,16:03:15,0.357731,0.318890,0.000000,29373.627843,0.000000
2026-09-09,16:03:16,0.321256,0.318890,0.000000,29373.627843,0.000000
2026-09-09,16:03:16,0.321897,0.320062,0.000000,29373.627843,0.000000
2026-09-09,16:03:17,0.321256,0.321041,0.000000,29373.627843,0.000000
2026-09-09,16:03:18,0.342096,0.322914,0.000000,29373.627843,0.000000
2026-09-09,16:03:18,0.342096,0.322914,0.000000,29373.627843,0.000000
2026-09-09,16:03:19,0.307790,0.321261,0.000000,29373.627843,0.000000
2026-09-09,16:03:20,0.340814,0.324134,0.000000,29373.627843,0.000000
2026-09-09,16:03:20,0.335043,0.324840,0.000000,29373.627843,0.000000
2026-09-09,16:03:21,0.335043,0.328751,0.000000,29373.627843,0.000000
2026-09-09,16:03:22,0.326386,0.328751,0.000000,29373.627843,0.000000
2026-09-09,16:03:22,0.327704,0.330197,0.000000,29373.627843,0.000000
2026-09-09,16:03:23,0.317833,0.326208,0.000000,29373.627843,0.000000
2026-09-09,16:03:24,0.308574,0.324939,0.000000,29373.627843,0.000000
2026-09-09,16:03:24,0.308574,0.326275,0.000000,29373.627843,0.000000
2026-09-09,16:03:25,0.335253,0.326275,0.000000,29373.627843,0.000000
2026-09-09,16:03:26,0.322717,0.326421,0.000000,29373.627843,0.000000
2026-09-09,16:03:26,0.309217,0.323133,0.000000,29373.627843,0.000000
2026-09-09,16:03:27,0.349396,0.327294,0.000000,29373.627843,0.000000
2026-09-09,16:03:28,0.349396,0.327294,0.000000,29373.627843,0.000000
2026-09-09,16:03:28,0.322075,0.325420,0.000000,29373.627843,0.000000
2026-09-09,16:03:29,0.312110,0.323127,0.000000,29373.627843,0.000000
2026-09-09,16:03:30,0.308574,0.321346,0.000000,29373.627843,0.000000
2026-09-09,16:03:30,0.308574,0.322808,0.000000,29373.627843,0.000000
2026-09-09,16:03:31,0.342325,0.322808,0.000000,29373.627843,0.000000
2026-09-09,16:03:32,0.340718,0.325096,0.000000,29373.627843,0.000000
2026-09-09,16:03:32,0.339432,0.328182,0.000000,29373.627843,0.000000
2026-09-09,16:03:33,0.339432,0.328600,0.000000,29373.627843,0.000000
2026-09-09,16:03:34,0.339432,0.330528,0.000000,29373.627843,0.000000
2026-09-09,16:03:34,0.342003,0.330528,0.000000,29373.627843,0.000000
2026-09-09,16:03:35,0.288003,0.328407,0.000000,29373.627843,0.000000
2026-09-09,16:03:36,0.288003,0.322267,0.000000,29373.627843,0.000000
2026-09-09,16:03:36,0.288003,0.318860,0.000000,29373.627843,0.000000
2026-09-09,16:03:37,0.288003,0.318860,0.000000,29373.627843,0.000000
2026-09-09,16:03:38,0.324003,0.320050,0.000000,29373.627843,0.000000
2026-09-09,16:03:38,0.333950,0.322587,0.000000,29373.627843,0.000000
2026-09-09,16:03:39,0.329380,0.321293,0.000000,29373.627843,0.000000
2026-09-09,16:03:40,0.329380,0.320192,0.000000,29373.627843,0.000000
2026-09-09,16:03:40,0.329707,0.320192,0.000000,29373.627843,0.000000
2026-09-09,16:03:41,0.333950,0.319643,0.000000,29373.627843,0.000000
2026-09-09,16:03:42,0.292492,0.314949,0.000000,29373.627843,0.000000
2026-09-09,16:03:42,0.292940,0.310043,0.000000,29373.627843,0.000000
2026-09-09,16:03:43,0.292940,0.313031,0.000000,29373.627843,0.000000
2026-09-09,16:03:44,0.317885,0.313031,0.000000,29373.627843,0.000000
2026-09-09,16:03:44,0.313727,0.315604,0.000000,29373.627843,0.000000
2026-09-09,16:03:45,0.311169,0.317920,0.000000,29373.627843,0.000000
2026-09-09,16:03:46,0.307011,0.316221,0.000000,29373.627843,0.000000
2026-09-09,16:03:46,0.307011,0.316221,0.000000,29373.627843,0.000000
2026-09-09,16:03:47,0.313384,0.314164,0.000000,29373.627843,0.000000
2026-09-09,16:03:48,0.313384,0.312565,0.000000,29373.627843,0.000000
2026-09-09,16:03:48,0.313384,0.310933,0.000000,29373.627843,0.000000
2026-09-09,16:03:49,0.313384,0.308876,0.000000,29373.627843,0.000000
2026-09-09,16:03:50,0.313384,0.308876,0.000000,29373.627843,0.000000
2026-09-09,16:03:50,0.313384,0.310965,0.000000,29373.627843,0.000000
2026-09-09,16:03:51,0.313384,0.313010,0.000000,29373.627843,0.000000
2026-09-09,16:03:52,0.313384,0.312560,0.000000,29373.627843,0.000000
2026-09-09,16:03:52,0.313384,0.315790,0.000000,29373.627843,0.000000
2026-09-09,16:03:53,0.346029,0.315790,0.000000,29373.627843,0.000000
2026-09-09,16:03:54,0.344396,0.319113,0.000000,29373.627843,0.000000
2026-09-09,16:03:54,0.340479,0.322460,0.000000,29373.627843,0.000000
2026-09-09,16:03:55,0.336562,0.324777,0.000000,29373.627843,0.000000
2026-09-09,16:03:56,0.336562,0.324777,0.000000,29373.627843,0.000000
2026-09-09,16:03:56,0.334603,0.326899,0.000000,29373.627843,0.000000
2026-09-09,16:03:57,0.335909,0.329152,0.000000,29373.627843,0.000000
2026-09-09,16:03:58,0.338520,0.331665,0.000000,29373.627843,0.000000
2026-09-09,16:03:58,0.338520,0.332808,0.000000,29373.627843,0.000000
2026-09-09,16:03:59,0.324810,0.332808,0.000000,29373.627843,0.000000
2026-09-09,16:04:00,0.288003,0.330270,0.000000,29373.627843,0.000000
2026-09-09,16:04:00,0.288003,0.327731,0.000000,29373.627843,0.000000
2026-09-09,16:04:01,0.292181,0.322347,0.000000,29373.627843,0.000000
2026-09-09,16:04:02,0.292181,0.318706,0.000000,29373.627843,0.000000
2026-09-09,16:04:02,0.307985,0.318706,0.000000,29373.627843,0.000000
2026-09-09,16:04:03,0.329665,0.317624,0.000000,29373.627843,0.000000
2026-09-09,16:04:04,0.288739,0.312842,0.000000,29373.627843,0.000000
2026-09-09,16:04:04,0.327087,0.312090,0.000000,29373.627843,0.000000
2026-09-09,16:04:05,0.327087,0.312090,0.000000,29373.627843,0.000000
2026-09-09,16:04:06,0.315809,0.310080,0.000000,29373.627843,0.000000
2026-09-09,16:04:06,0.288739,0.305102,0.000000,29373.627843,0.000000
2026-09-09,16:04:07,0.293895,0.302011,0.000000,29373.627843,0.000000
2026-09-09,16:04:08,0.304852,0.303696,0.000000,29373.627843,0.000000
2026-09-09,16:04:09,0.304852,0.303696,0.000000,29373.627843,0.000000
2026-09-09,16:04:09,0.329665,0.307862,0.000000,29373.627843,0.000000
2026-09-09,16:04:10,0.329665,0.311610,0.000000,29373.627843,0.000000
2026-09-09,16:04:11,0.340944,0.314906,0.000000,29373.627843,0.000000
2026-09-09,16:04:11,0.340944,0.316260,0.000000,29373.627843,0.000000
2026-09-09,16:04:12,0.343200,0.316260,0.000000,29373.627843,0.000000
2026-09-09,16:04:13,0.343200,0.321706,0.000000,29373.627843,0.000000
2026-09-09,16:04:13,0.342233,0.323220,0.000000,29373.627843,0.000000
2026-09-09,16:04:14,0.338689,0.325508,0.000000,29373.627843,0.000000
2026-09-09,16:04:15,0.338689,0.325508,0.000000,29373.627843,0.000000
2026-09-09,16:04:15,0.339406,0.330575,0.000000,29373.627843,0.000000
2026-09-09,16:04:16,0.327860,0.333972,0.000000,29373.627843,0.000000
2026-09-09,16:04:17,0.330124,0.336499,0.000000,29373.627843,0.000000
2026-09-09,16:04:17,0.324050,0.335937,0.000000,29373.627843,0.000000
2026-09-09,16:04:18,0.324050,0.335937,0.000000,29373.627843,0.000000
2026-09-09,16:04:19,0.344727,0.337443,0.000000,29373.627843,0.000000
2026-09-09,16:04:19,0.346666,0.338016,0.000000,29373.627843,0.000000
2026-09-09,16:04:20,0.305957,0.334291,0.000000,29373.627843,0.000000
2026-09-09,16:04:21,0.305957,0.333022,0.000000,29373.627843,0.000000
2026-09-09,16:04:21,0.330512,0.333022,0.000000,29373.627843,0.000000
2026-09-09,16:04:22,0.324373,0.331236,0.000000,29373.627843,0.000000
2026-09-09,16:04:23,0.322758,0.329643,0.000000,29373.627843,0.000000
2026-09-09,16:04:23,0.330512,0.328754,0.000000,29373.627843,0.000000
2026-09-09,16:04:24,0.330512,0.328754,0.000000,29373.627843,0.000000
2026-09-09,16:04:25,0.289480,0.324916,0.000000,29373.627843,0.000000
2026-09-09,16:04:25,0.304988,0.322402,0.000000,29373.627843,0.000000
2026-09-09,16:04:26,0.323404,0.322338,0.000000,29373.627843,0.000000
2026-09-09,16:04:27,0.289803,0.316845,0.000000,29373.627843,0.000000
2026-09-09,16:04:27,0.289803,0.316845,0.000000,29373.627843,0.000000
2026-09-09,16:04:28,0.304831,0.312662,0.000000,29373.627843,0.000000
2026-09-09,16:04:29,0.319786,0.314045,0.000000,29373.627843,0.000000
2026-09-09,16:04:29,0.318195,0.312813,0.000000,29373.627843,0.000000
2026-09-09,16:04:30,0.318195,0.310763,0.000000,29373.627843,0.000000
2026-09-09,16:04:31,0.303876,0.310763,0.000000,29373.627843,0.000000
2026-09-09,16:04:31,0.340664,0.312554,0.000000,29373.627843,0.000000
2026-09-09,16:04:32,0.343911,0.313894,0.000000,29373.627843,0.000000
2026-09-09,16:04:33,0.343911,0.319337,0.000000,29373.627843,0.000000
2026-09-09,16:04:33,0.343911,0.322937,0.000000,29373.627843,0.000000
2026-09-09,16:04:34,0.340988,0.322937,0.000000,29373.627843,0.000000
2026-09-09,16:04:35,0.336117,0.324208,0.000000,29373.627843,0.000000
2026-09-09,16:04:35,0.343789,0.329607,0.000000,29373.627843,0.000000
2026-09-09,16:04:36,0.339631,0.333087,0.000000,29373.627843,0.000000
2026-09-09,16:04:37,0.339631,0.333087,0.000000,29373.627843,0.000000
2026-09-09,16:04:37,0.307331,0.331841,0.000000,29373.627843,0.000000
2026-09-09,16:04:38,0.311761,0.331198,0.000000,29373.627843,0.000000
2026-09-09,16:04:39,0.311761,0.331986,0.000000,29373.627843,0.000000
2026-09-09,16:04:39,0.311761,0.329096,0.000000,29373.627843,0.000000
2026-09-09,16:04:40,0.311761,0.329096,0.000000,29373.627843,0.000000
2026-09-09,16:04:41,0.312410,0.325946,0.000000,29373.627843,0.000000
2026-09-09,16:04:41,0.344236,0.325978,0.000000,29373.627843,0.000000
2026-09-09,16:04:42,0.329297,0.324809,0.000000,29373.627843,0.000000
2026-09-09,16:04:43,0.329297,0.322276,0.000000,29373.627843,0.000000
2026-09-09,16:04:43,0.310787,0.322276,0.000000,29373.627843,0.000000
2026-09-09,16:04:44,0.314684,0.319366,0.000000,29373.627843,0.000000
2026-09-09,16:04:45,0.320123,0.317415,0.000000,29373.627843,0.000000
2026-09-09,16:04:45,0.292492,0.315931,0.000000,29373.627843,0.000000
2026-09-09,16:04:46,0.292492,0.315931,0.000000,29373.627843,0.000000
2026-09-09,16:04:47,0.316322,0.316387,0.000000,29373.627843,0.000000
2026-09-09,16:04:47,0.322198,0.317431,0.000000,29373.627843,0.000000
2026-09-09,16:04:48,0.338775,0.320132,0.000000,29373.627843,0.000000
2026-09-09,16:04:49,0.338775,0.319834,0.000000,29373.627843,0.000000
2026-09-09,16:04:49,0.309427,0.319834,0.000000,29373.627843,0.000000
2026-09-09,16:04:50,0.310957,0.316506,0.000000,29373.627843,0.000000
2026-09-09,16:04:51,0.320674,0.315644,0.000000,29373.627843,0.000000
2026-09-09,16:04:51,0.332832,0.317848,0.000000,29373.627843,0.000000
2026-09-09,16:04:52,0.332832,0.320554,0.000000,29373.627843,0.000000
2026-09-09,16:04:53,0.341742,0.320554,0.000000,29373.627843,0.000000
2026-09-09,16:04:53,0.308649,0.319407,0.000000,29373.627843,0.000000
2026-09-09,16:04:54,0.305467,0.320704,0.000000,29373.627843,0.000000
2026-09-09,16:04:55,0.315859,0.320658,0.000000,29373.627843,0.000000
2026-09-09,16:04:55,0.315859,0.320658,0.000000,29373.627843,0.000000
2026-09-09,16:04:56,0.315859,0.320024,0.000000,29373.627843,0.000000
2026-09-09,16:04:57,0.310957,0.317242,0.000000,29373.627843,0.000000
2026-09-09,16:04:57,0.293465,0.315646,0.000000,29373.627843,0.000000
2026-09-09,16:04:58,0.293465,0.319274,0.000000,29373.627843,0.000000
2026-09-09,16:04:59,0.347235,0.319274,0.000000,29373.627843,0.000000
2026-09-09,16:04:59,0.325533,0.319760,0.000000,29373.627843,0.000000
2026-09-09,16:05:00,0.327476,0.319224,0.000000,29373.627843,0.000000
2026-09-09,16:05:01,0.345615,0.319612,0.000000,29373.627843,0.000000
2026-09-09,16:05:01,0.345615,0.320037,0.000000,29373.627843,0.000000
2026-09-09,16:05:02,0.312900,0.320037,0.000000,29373.627843,0.000000
2026-09-09,16:05:03,0.310957,0.320586,0.000000,29373.627843,0.000000
2026-09-09,16:05:03,0.343996,0.323399,0.000000,29373.627843,0.000000
2026-09-09,16:05:04,0.340433,0.325857,0.000000,29373.627843,0.000000
2026-09-09,16:05:05,0.340433,0.325857,0.000000,29373.627843,0.000000
2026-09-09,16:05:05,0.352094,0.329970,0.000000,29373.627843,0.000000
2026-09-09,16:05:06,0.339785,0.334602,0.000000,29373.627843,0.000000
2026-09-09,16:05:07,0.341081,0.333987,0.000000,29373.627843,0.000000
2026-09-09,16:05:07,0.341081,0.335704,0.000000,29373.627843,0.000000
2026-09-09,16:05:08,0.342700,0.335704,0.000000,29373.627843,0.000000
2026-09-09,16:05:09,0.344644,0.337420,0.000000,29373.627843,0.000000
2026-09-09,16:05:09,0.341081,0.336967,0.000000,29373.627843,0.000000
2026-09-09,16:05:10,0.343348,0.340012,0.000000,29373.627843,0.000000
2026-09-09,16:05:11,0.343348,0.340012,0.000000,29373.627843,0.000000
2026-09-09,16:05:11,0.344967,0.343413,0.000000,29373.627843,0.000000
2026-09-09,16:05:12,0.310957,0.340109,0.000000,29373.627843,0.000000
2026-09-09,16:05:13,0.310957,0.337161,0.000000,29373.627843,0.000000
2026-09-09,16:05:13,0.292494,0.331201,0.000000,29373.627843,0.000000
2026-09-09,16:05:14,0.292494,0.331201,0.000000,29373.627843,0.000000
2026-09-09,16:05:15,0.327800,0.330003,0.000000,29373.627843,0.000000
2026-09-09,16:05:15,0.312576,0.327152,0.000000,29373.627843,0.000000
2026-09-09,16:05:16,0.323265,0.325209,0.000000,29373.627843,0.000000
2026-09-09,16:05:17,0.323265,0.321840,0.000000,29373.627843,0.000000
2026-09-09,16:05:17,0.310957,0.321840,0.000000,29373.627843,0.000000
2026-09-09,16:05:18,0.310957,0.318828,0.000000,29373.627843,0.000000
2026-09-09,16:05:19,0.310957,0.315589,0.000000,29373.627843,0.000000
2026-09-09,16:05:19,0.310957,0.312187,0.000000,29373.627843,0.000000
2026-09-09,16:05:20,0.310957,0.312285,0.000000,29373.627843,0.000000
2026-09-09,16:05:21,0.311928,0.312285,0.000000,29373.627843,0.000000
2026-09-09,16:05:21,0.314196,0.312609,0.000000,29373.627843,0.000000
2026-09-09,16:05:22,0.316139,0.314973,0.000000,29373.627843,0.000000
2026-09-09,16:05:23,0.318083,0.314001,0.000000,29373.627843,0.000000
2026-09-09,16:05:23,0.318083,0.314001,0.000000,29373.627843,0.000000
2026-09-09,16:05:24,0.344967,0.317240,0.000000,29373.627843,0.000000
2026-09-09,16:05:25,0.346587,0.319573,0.000000,29373.627843,0.000000
2026-09-09,16:05:25,0.347559,0.323233,0.000000,29373.627843,0.000000
2026-09-09,16:05:26,0.347559,0.323686,0.000000,29373.627843,0.000000
2026-09-09,16:05:27,0.315491,0.323686,0.000000,29373.627843,0.000000
2026-09-09,16:05:27,0.312576,0.323848,0.000000,29373.627843,0.000000
2026-09-09,16:05:28,0.310957,0.323848,0.000000,29373.627843,0.000000
2026-09-09,16:05:29,0.310957,0.323751,0.000000,29373.627843,0.000000
2026-09-09,16:05:29,0.310957,0.323427,0.000000,29373.627843,0.000000
2026-09-09,16:05:30,0.310957,0.323427,0.000000,29373.627843,0.000000
2026-09-09,16:05:31,0.345291,0.326342,0.000000,29373.627843,0.000000
2026-09-09,16:05:31,0.343672,0.328901,0.000000,29373.627843,0.000000
2026-09-09,16:05:32,0.342376,0.328642,0.000000,29373.627843,0.000000
2026-09-09,16:05:33,0.342376,0.328642,0.000000,29373.627843,0.000000
2026-09-09,16:05:33,0.342052,0.328189,0.000000,29373.627843,0.000000
2026-09-09,16:05:34,0.343024,0.327735,0.000000,29373.627843,0.000000
2026-09-09,16:05:35,0.339137,0.330100,0.000000,29373.627843,0.000000
2026-09-09,16:05:35,0.339137,0.332886,0.000000,29373.627843,0.000000
2026-09-09,16:05:36,0.340433,0.332886,0.000000,29373.627843,0.000000
2026-09-09,16:05:37,0.341404,0.335930,0.000000,29373.627843,0.000000
2026-09-09,16:05:37,0.341081,0.338943,0.000000,29373.627843,0.000000
2026-09-09,16:05:38,0.339461,0.341793,0.000000,29373.627843,0.000000
2026-09-09,16:05:39,0.339461,0.340983,0.000000,29373.627843,0.000000
2026-09-09,16:05:39,0.337194,0.340983,0.000000,29373.627843,0.000000
2026-09-09,16:05:40,0.336222,0.340238,0.000000,29373.627843,0.000000
2026-09-09,16:05:41,0.337841,0.339785,0.000000,29373.627843,0.000000
2026-09-09,16:05:41,0.342052,0.339785,0.000000,29373.627843,0.000000
2026-09-09,16:05:42,0.342052,0.339785,0.000000,29373.627843,0.000000
2026-09-09,16:05:43,0.328772,0.338360,0.000000,29373.627843,0.000000
2026-09-09,16:05:43,0.344320,0.338878,0.000000,29373.627843,0.000000
2026-09-09,16:05:44,0.344320,0.339267,0.000000,29373.627843,0.000000
2026-09-09,16:05:45,0.342052,0.339331,0.000000,29373.627843,0.000000
2026-09-09,16:05:45,0.342052,0.339331,0.000000,29373.627843,0.000000
2026-09-09,16:05:46,0.334602,0.338684,0.000000,29373.627843,0.000000
2026-09-09,16:05:47,0.324561,0.337194,0.000000,29373.627843,0.000000
2026-09-09,16:05:47,0.306237,0.334098,0.000000,29373.627843,0.000000
2026-09-09,16:05:48,0.306237,0.334194,0.000000,29373.627843,0.000000
2026-09-09,16:05:49,0.337180,0.334194,0.000000,29373.627843,0.000000
2026-09-09,16:05:49,0.324420,0.332851,0.000000,29373.627843,0.000000
2026-09-09,16:05:50,0.315488,0.330195,0.000000,29373.627843,0.000000
2026-09-09,16:05:51,0.306237,0.327942,0.000000,29373.627843,0.000000
2026-09-09,16:05:51,0.306237,0.327942,0.000000,29373.627843,0.000000
2026-09-09,16:05:52,0.346385,0.328148,0.000000,29373.627843,0.000000
2026-09-09,16:05:53,0.330512,0.326767,0.000000,29373.627843,0.000000
2026-09-09,16:05:53,0.324373,0.324999,0.000000,29373.627843,0.000000
2026-09-09,16:05:54,0.324373,0.326238,0.000000,29373.627843,0.000000
2026-09-09,16:05:55,0.346989,0.326238,0.000000,29373.627843,0.000000
2026-09-09,16:05:55,0.344081,0.328190,0.000000,29373.627843,0.000000
2026-09-09,16:05:56,0.341496,0.331716,0.000000,29373.627843,0.000000
2026-09-09,16:05:57,0.318311,0.329829,0.000000,29373.627843,0.000000
2026-09-09,16:05:57,0.318311,0.328956,0.000000,29373.627843,0.000000
2026-09-09,16:05:58,0.315685,0.328956,0.000000,29373.627843,0.000000
2026-09-09,16:05:59,0.315029,0.328910,0.000000,29373.627843,0.000000
2026-09-09,16:05:59,0.309363,0.329222,0.000000,29373.627843,0.000000
2026-09-09,16:06:00,0.309363,0.325520,0.000000,29373.627843,0.000000
2026-09-09,16:06:01,0.309363,0.325520,0.000000,29373.627843,0.000000
2026-09-09,16:06:01,0.290673,0.321536,0.000000,29373.627843,0.000000
2026-09-09,16:06:02,0.302274,0.319326,0.000000,29373.627843,0.000000
2026-09-09,16:06:03,0.329665,0.317594,0.000000,29373.627843,0.000000
2026-09-09,16:06:03,0.329665,0.315508,0.000000,29373.627843,0.000000
2026-09-09,16:06:04,0.323220,0.315508,0.000000,29373.627843,0.000000
2026-09-09,16:06:05,0.288739,0.310232,0.000000,29373.627843,0.000000
2026-09-09,16:06:05,0.294862,0.307888,0.000000,29373.627843,0.000000
2026-09-09,16:06:06,0.301952,0.306514,0.000000,29373.627843,0.000000
2026-09-09,16:06:07,0.301952,0.307913,0.000000,29373.627843,0.000000
2026-09-09,16:06:07,0.329021,0.307913,0.000000,29373.627843,0.000000
2026-09-09,16:06:08,0.333533,0.310330,0.000000,29373.627843,0.000000
2026-09-09,16:06:09,0.327732,0.312167,0.000000,29373.627843,0.000000
2026-09-09,16:06:09,0.329988,0.316099,0.000000,29373.627843,0.000000
2026-09-09,16:06:10,0.329988,0.316099,0.000000,29373.627843,0.000000
2026-09-09,16:06:11,0.332888,0.319160,0.000000,29373.627843,0.000000
2026-09-09,16:06:11,0.329665,0.319160,0.000000,29373.627843,0.000000
2026-09-09,16:06:12,0.342556,0.321094,0.000000,29373.627843,0.000000
2026-09-09,16:06:13,0.342556,0.323156,0.000000,29373.627843,0.000000
2026-09-09,16:06:13,0.309363,0.323156,0.000000,29373.627843,0.000000
2026-09-09,16:06:14,0.309363,0.324606,0.000000,29373.627843,0.000000
2026-09-09,16:06:15,0.309363,0.325347,0.000000,29373.627843,0.000000
2026-09-09,16:06:15,0.309363,0.323382,0.000000,29373.627843,0.000000
2026-09-09,16:06:16,0.309363,0.320965,0.000000,29373.627843,0.000000
2026-09-09,16:06:17,0.309363,0.320965,0.000000,29373.627843,0.000000
2026-09-09,16:06:17,0.341589,0.322350,0.000000,29373.627843,0.000000
2026-09-09,16:06:18,0.350290,0.324381,0.000000,29373.627843,0.000000
2026-09-09,16:06:19,0.331921,0.324284,0.000000,29373.627843,0.000000
2026-09-09,16:06:19,0.331921,0.324284,0.000000,29373.627843,0.000000
2026-09-09,16:06:20,0.323865,0.323704,0.000000,29373.627843,0.000000
2026-09-09,16:06:21,0.316453,0.321094,0.000000,29373.627843,0.000000
2026-09-09,16:06:21,0.309363,0.321094,0.000000,29373.627843,0.000000
2026-09-09,16:06:22,0.337400,0.323897,0.000000,29373.627843,0.000000
2026-09-09,16:06:23,0.337400,0.323897,0.000000,29373.627843,0.000000
2026-09-09,16:06:23,0.322576,0.325218,0.000000,29373.627843,0.000000
2026-09-09,16:06:24,0.309363,0.325218,0.000000,29373.627843,0.000000
2026-09-09,16:06:25,0.328699,0.327152,0.000000,29373.627843,0.000000
2026-09-09,16:06:25,0.328699,0.327345,0.000000,29373.627843,0.000000
2026-09-09,16:06:26,0.343522,0.327345,0.000000,29373.627843,0.000000
2026-09-09,16:06:27,0.325154,0.324832,0.000000,29373.627843,0.000000
2026-09-09,16:06:27,0.309363,0.322576,0.000000,29373.627843,0.000000
2026-09-09,16:06:28,0.336111,0.323800,0.000000,29373.627843,0.000000
2026-09-09,16:06:29,0.336111,0.324413,0.000000,29373.627843,0.000000
2026-09-09,16:06:29,0.322576,0.324413,0.000000,29373.627843,0.000000
2026-09-09,16:06:30,0.309363,0.324413,0.000000,29373.627843,0.000000
2026-09-09,16:06:31,0.343200,0.324993,0.000000,29373.627843,0.000000
2026-09-09,16:06:31,0.339333,0.326669,0.000000,29373.627843,0.000000
2026-09-09,16:06:32,0.339333,0.326669,0.000000,29373.627843,0.000000
2026-09-09,16:06:33,0.350290,0.330761,0.000000,29373.627843,0.000000
2026-09-09,16:06:33,0.338689,0.331760,0.000000,29373.627843,0.000000
2026-09-09,16:06:34,0.329665,0.330374,0.000000,29373.627843,0.000000
2026-09-09,16:06:35,0.329665,0.330181,0.000000,29373.627843,0.000000
2026-09-09,16:06:35,0.323220,0.330181,0.000000,29373.627843,0.000000
2026-09-09,16:06:36,0.292929,0.328538,0.000000,29373.627843,0.000000
2026-09-09,16:06:37,0.312895,0.326216,0.000000,29373.627843,0.000000
2026-09-09,16:06:37,0.327296,0.326688,0.000000,29373.627843,0.000000
2026-09-09,16:06:38,0.327296,0.325634,0.000000,29373.627843,0.000000
2026-09-09,16:06:39,0.298821,0.325634,0.000000,29373.627843,0.000000
2026-09-09,16:06:39,0.334824,0.324796,0.000000,29373.627843,0.000000
2026-09-09,16:06:40,0.329587,0.323822,0.000000,29373.627843,0.000000
2026-09-09,16:06:41,0.327296,0.321522,0.000000,29373.627843,0.000000
2026-09-09,16:06:41,0.327296,0.321522,0.000000,29373.627843,0.000000
2026-09-09,16:06:42,0.307430,0.318396,0.000000,29373.627843,0.000000
2026-09-09,16:06:43,0.323084,0.317738,0.000000,29373.627843,0.000000
2026-09-09,16:06:43,0.338468,0.319263,0.000000,29373.627843,0.000000
2026-09-09,16:06:44,0.338468,0.324696,0.000000,29373.627843,0.000000
2026-09-09,16:06:45,0.347261,0.324696,0.000000,29373.627843,0.000000
2026-09-09,16:06:45,0.341911,0.327598,0.000000,29373.627843,0.000000
2026-09-09,16:06:46,0.340944,0.328963,0.000000,29373.627843,0.000000
2026-09-09,16:06:47,0.339978,0.333078,0.000000,29373.627843,0.000000
2026-09-09,16:06:47,0.339978,0.334625,0.000000,29373.627843,0.000000
2026-09-09,16:06:48,0.350290,0.334625,0.000000,29373.627843,0.000000
2026-09-09,16:06:49,0.350290,0.336695,0.000000,29373.627843,0.000000
2026-09-09,16:06:49,0.350290,0.338994,0.000000,29373.627843,0.000000
2026-09-09,16:06:50,0.338044,0.342056,0.000000,29373.627843,0.000000
2026-09-09,16:06:51,0.338044,0.342056,0.000000,29373.627843,0.000000
2026-09-09,16:06:51,0.333210,0.343069,0.000000,29373.627843,0.000000
2026-09-09,16:06:52,0.350290,0.344251,0.000000,29373.627843,0.000000
2026-09-09,16:06:53,0.344152,0.343940,0.000000,29373.627843,0.000000
2026-09-09,16:06:53,0.344152,0.344688,0.000000,29373.627843,0.000000
2026-09-09,16:06:54,0.349396,0.344688,0.000000,29373.627843,0.000000
2026-09-09,16:06:55,0.340536,0.344647,0.000000,29373.627843,0.000000
2026-09-09,16:06:55,0.338233,0.344473,0.000000,29373.627843,0.000000
2026-09-09,16:06:56,0.336259,0.343070,0.000000,29373.627843,0.000000
2026-09-09,16:06:57,0.336259,0.340666,0.000000,29373.627843,0.000000
2026-09-09,16:06:57,0.326253,0.340666,0.000000,29373.627843,0.000000
2026-09-09,16:06:58,0.308574,0.336495,0.000000,29373.627843,0.000000
2026-09-09,16:06:59,0.322075,0.334898,0.000000,29373.627843,0.000000
2026-09-09,16:06:59,0.312110,0.332788,0.000000,29373.627843,0.000000
2026-09-09,16:07:00,0.312110,0.332788,0.000000,29373.627843,0.000000
2026-09-09,16:07:01,0.309539,0.328713,0.000000,29373.627843,0.000000
2026-09-09,16:07:01,0.308574,0.325155,0.000000,29373.627843,0.000000
2026-09-09,16:07:02,0.308574,0.321073,0.000000,29373.627843,0.000000
2026-09-09,16:07:03,0.308574,0.318358,0.000000,29373.627843,0.000000
2026-09-09,16:07:03,0.313384,0.318358,0.000000,29373.627843,0.000000
2026-09-09,16:07:04,0.313384,0.315873,0.000000,29373.627843,0.000000
2026-09-09,16:07:05,0.307790,0.313026,0.000000,29373.627843,0.000000
2026-09-09,16:07:05,0.312600,0.311661,0.000000,29373.627843,0.000000
2026-09-09,16:07:06,0.312600,0.313153,0.000000,29373.627843,0.000000
2026-09-09,16:07:07,0.323501,0.313153,0.000000,29373.627843,0.000000
2026-09-09,16:07:07,0.303943,0.311340,0.000000,29373.627843,0.000000
2026-09-09,16:07:08,0.323501,0.312479,0.000000,29373.627843,0.000000
2026-09-09,16:07:09,0.327669,0.314292,0.000000,29373.627843,0.000000
2026-09-09,16:07:09,0.327669,0.314292,0.000000,29373.627843,0.000000
2026-09-09,16:07:10,0.329272,0.316362,0.000000,29373.627843,0.000000
2026-09-09,16:07:11,0.328630,0.318367,0.000000,29373.627843,0.000000
2026-09-09,16:07:11,0.331780,0.320207,0.000000,29373.627843,0.000000
2026-09-09,16:07:12,0.331780,0.320158,0.000000,29373.627843,0.000000
2026-09-09,16:07:13,0.312896,0.320158,0.000000,29373.627843,0.000000
2026-09-09,16:07:14,0.320273,0.321406,0.000000,29373.627843,0.000000
2026-09-09,16:07:14,0.342283,0.324375,0.000000,29373.627843,0.000000
2026-09-09,16:07:15,0.340369,0.326062,0.000000,29373.627843,0.000000
2026-09-09,16:07:16,0.340369,0.329704,0.000000,29373.627843,0.000000
2026-09-09,16:07:16,0.340369,0.329704,0.000000,29373.627843,0.000000
2026-09-09,16:07:17,0.323127,0.329667,0.000000,29373.627843,0.000000
2026-09-09,16:07:18,0.305591,0.327459,0.000000,29373.627843,0.000000
2026-09-09,16:07:18,0.332220,0.327754,0.000000,29373.627843,0.000000
2026-09-09,16:07:19,0.332220,0.327754,0.000000,29373.627843,0.000000
2026-09-09,16:07:20,0.326050,0.327496,0.000000,29373.627843,0.000000
2026-09-09,16:07:20,0.290977,0.323415,0.000000,29373.627843,0.000000
2026-09-09,16:07:21,0.327349,0.324861,0.000000,29373.627843,0.000000
2026-09-09,16:07:22,0.327349,0.323652,0.000000,29373.627843,0.000000
2026-09-09,16:07:22,0.308189,0.323652,0.000000,29373.627843,0.000000
2026-09-09,16:07:23,0.334818,0.322906,0.000000,29373.627843,0.000000
2026-09-09,16:07:24,0.339689,0.322838,0.000000,29373.627843,0.000000
2026-09-09,16:07:24,0.343262,0.323127,0.000000,29373.627843,0.000000
2026-09-09,16:07:25,0.343262,0.325011,0.000000,29373.627843,0.000000
2026-09-09,16:07:26,0.341963,0.325011,0.000000,29373.627843,0.000000
2026-09-09,16:07:26,0.344236,0.328875,0.000000,29373.627843,0.000000
2026-09-09,16:07:27,0.345535,0.330207,0.000000,29373.627843,0.000000
2026-09-09,16:07:28,0.311761,0.328778,0.000000,29373.627843,0.000000
2026-09-09,16:07:28,0.311761,0.328778,0.000000,29373.627843,0.000000
2026-09-09,16:07:29,0.311761,0.330856,0.000000,29373.627843,0.000000
2026-09-09,16:07:30,0.288463,0.326968,0.000000,29373.627843,0.000000
2026-09-09,16:07:30,0.304244,0.326573,0.000000,29373.627843,0.000000
2026-09-09,16:07:31,0.304244,0.326486,0.000000,29373.627843,0.000000
2026-09-09,16:07:32,0.333950,0.326486,0.000000,29373.627843,0.000000
2026-09-09,16:07:32,0.328401,0.325357,0.000000,29373.627843,0.000000
2026-09-09,16:07:33,0.327748,0.323806,0.000000,29373.627843,0.000000
2026-09-09,16:07:34,0.309467,0.320556,0.000000,29373.627843,0.000000
2026-09-09,16:07:34,0.309467,0.318549,0.000000,29373.627843,0.000000
2026-09-09,16:07:35,0.324157,0.318549,0.000000,29373.627843,0.000000
2026-09-09,16:07:36,0.292492,0.313244,0.000000,29373.627843,0.000000
2026-09-09,16:07:36,0.320123,0.314081,0.000000,29373.627843,0.000000
2026-09-09,16:07:37,0.302534,0.313158,0.000000,29373.627843,0.000000
2026-09-09,16:07:38,0.302534,0.313158,0.000000,29373.627843,0.000000
2026-09-09,16:07:38,0.327159,0.317028,0.000000,29373.627843,0.000000
2026-09-09,16:07:39,0.336113,0.320214,0.000000,29373.627843,0.000000
2026-09-09,16:07:40,0.345535,0.321373,0.000000,29373.627843,0.000000
2026-09-09,16:07:40,0.345535,0.321592,0.000000,29373.627843,0.000000
2026-09-09,16:07:41,0.330596,0.321592,0.000000,29373.627843,0.000000
2026-09-09,16:07:42,0.311761,0.319994,0.000000,29373.627843,0.000000
2026-09-09,16:07:42,0.346509,0.323698,0.000000,29373.627843,0.000000
2026-09-09,16:07:43,0.346509,0.325933,0.000000,29373.627843,0.000000
2026-09-09,16:07:44,0.346509,0.331302,0.000000,29373.627843,0.000000
2026-09-09,16:07:44,0.346184,0.331302,0.000000,29373.627843,0.000000
2026-09-09,16:07:45,0.345860,0.333876,0.000000,29373.627843,0.000000
2026-09-09,16:07:46,0.346184,0.338241,0.000000,29373.627843,0.000000
2026-09-09,16:07:46,0.346509,0.340176,0.000000,29373.627843,0.000000
2026-09-09,16:07:47,0.346509,0.340176,0.000000,29373.627843,0.000000
2026-09-09,16:07:48,0.346509,0.341216,0.000000,29373.627843,0.000000
2026-09-09,16:07:48,0.346834,0.341346,0.000000,29373.627843,0.000000
2026-09-09,16:07:49,0.345860,0.342872,0.000000,29373.627843,0.000000
2026-09-09,16:07:50,0.345860,0.346249,0.000000,29373.627843,0.000000
2026-09-09,16:07:50,0.345535,0.346249,0.000000,29373.627843,0.000000
2026-09-09,16:07:51,0.353004,0.346899,0.000000,29373.627843,0.000000
2026-09-09,16:07:52,0.331246,0.345372,0.000000,29373.627843,0.000000
2026-09-09,16:07:52,0.326699,0.343424,0.000000,29373.627843,0.000000
2026-09-09,16:07:53,0.326699,0.343586,0.000000,29373.627843,0.000000
2026-09-09,16:07:54,0.347483,0.343586,0.000000,29373.627843,0.000000
2026-09-09,16:07:54,0.313060,0.340274,0.000000,29373.627843,0.000000
2026-09-09,16:07:55,0.304703,0.336093,0.000000,29373.627843,0.000000
2026-09-09,16:07:56,0.347261,0.336168,0.000000,29373.627843,0.000000
2026-09-09,16:07:56,0.347261,0.336168,0.000000,29373.627843,0.000000
2026-09-09,16:07:57,0.340388,0.335524,0.000000,29373.627843,0.000000
2026-09-09,16:07:58,0.323180,0.333256,0.000000,29373.627843,0.000000
2026-09-09,16:07:58,0.312279,0.329930,0.000000,29373.627843,0.000000
2026-09-09,16:07:59,0.312279,0.329481,0.000000,29373.627843,0.000000
2026-09-09,16:08:00,0.348509,0.329481,0.000000,29373.627843,0.000000
2026-09-09,16:08:00,0.307790,0.327135,0.000000,29373.627843,0.000000
2026-09-09,16:08:01,0.308752,0.325340,0.000000,29373.627843,0.000000
2026-09-09,16:08:02,0.338890,0.324481,0.000000,29373.627843,0.000000
2026-09-09,16:08:02,0.338890,0.325269,0.000000,29373.627843,0.000000
2026-09-09,16:08:03,0.320936,0.325269,0.000000,29373.627843,0.000000
2026-09-09,16:08:04,0.312570,0.326055,0.000000,29373.627843,0.000000
2026-09-09,16:08:04,0.333734,0.324703,0.000000,29373.627843,0.000000
2026-09-09,16:08:05,0.315500,0.322214,0.000000,29373.627843,0.000000
2026-09-09,16:08:06,0.315500,0.322214,0.000000,29373.627843,0.000000
2026-09-09,16:08:06,0.344804,0.324376,0.000000,29373.627843,0.000000
2026-09-09,16:08:07,0.330152,0.326164,0.000000,29373.627843,0.000000
2026-09-09,16:08:08,0.312570,0.322570,0.000000,29373.627843,0.000000
2026-09-09,16:08:08,0.312570,0.323048,0.000000,29373.627843,0.000000
2026-09-09,16:08:09,0.312570,0.323048,0.000000,29373.627843,0.000000
2026-09-09,16:08:10,0.344478,0.326620,0.000000,29373.627843,0.000000
2026-09-09,16:08:10,0.340246,0.326756,0.000000,29373.627843,0.000000
2026-09-09,16:08:11,0.329913,0.327654,0.000000,29373.627843,0.000000
2026-09-09,16:08:12,0.329913,0.328779,0.000000,29373.627843,0.000000
2026-09-09,16:08:12,0.323821,0.328779,0.000000,29373.627843,0.000000
2026-09-09,16:08:13,0.343379,0.329743,0.000000,29373.627843,0.000000
2026-09-09,16:08:14,0.307790,0.328972,0.000000,29373.627843,0.000000
2026-09-09,16:08:14,0.340493,0.328541,0.000000,29373.627843,0.000000
2026-09-09,16:08:15,0.340493,0.328541,0.000000,29373.627843,0.000000
2026-09-09,16:08:16,0.325745,0.328100,0.000000,29373.627843,0.000000
2026-09-09,16:08:16,0.307790,0.327622,0.000000,29373.627843,0.000000
2026-09-09,16:08:17,0.342525,0.330618,0.000000,29373.627843,0.000000
2026-09-09,16:08:18,0.342525,0.328860,0.000000,29373.627843,0.000000
2026-09-09,16:08:18,0.326896,0.328860,0.000000,29373.627843,0.000000
2026-09-09,16:08:19,0.312570,0.326092,0.000000,29373.627843,0.000000
2026-09-09,16:08:20,0.343827,0.327484,0.000000,29373.627843,0.000000
2026-09-09,16:08:20,0.330478,0.328149,0.000000,29373.627843,0.000000
2026-09-09,16:08:21,0.330478,0.328390,0.000000,29373.627843,0.000000
2026-09-09,16:08:22,0.345781,0.328390,0.000000,29373.627843,0.000000
2026-09-09,16:08:22,0.312570,0.328867,0.000000,29373.627843,0.000000
2026-09-09,16:08:23,0.312570,0.326075,0.000000,29373.627843,0.000000
2026-09-09,16:08:24,0.339732,0.327474,0.000000,29373.627843,0.000000
2026-09-09,16:08:24,0.339732,0.327474,0.000000,29373.627843,0.000000
2026-09-09,16:08:25,0.345049,0.331200,0.000000,29373.627843,0.000000
2026-09-09,16:08:26,0.347008,0.331648,0.000000,29373.627843,0.000000
2026-09-09,16:08:26,0.292492,0.328208,0.000000,29373.627843,0.000000
2026-09-09,16:08:27,0.292492,0.326298,0.000000,29373.627843,0.000000
2026-09-09,16:08:28,0.293471,0.326298,0.000000,29373.627843,0.000000
2026-09-09,16:08:28,0.341870,0.326102,0.000000,29373.627843,0.000000
2026-09-09,16:08:29,0.301575,0.323212,0.000000,29373.627843,0.000000
2026-09-09,16:08:30,0.332220,0.321856,0.000000,29373.627843,0.000000
2026-09-09,16:08:30,0.332220,0.323069,0.000000,29373.627843,0.000000
2026-09-09,16:08:31,0.324699,0.323069,0.000000,29373.627843,0.000000
2026-09-09,16:08:32,0.346911,0.326503,0.000000,29373.627843,0.000000
2026-09-09,16:08:32,0.310957,0.323625,0.000000,29373.627843,0.000000
2026-09-09,16:08:33,0.310957,0.320216,0.000000,29373.627843,0.000000
2026-09-09,16:08:34,0.310957,0.320216,0.000000,29373.627843,0.000000
2026-09-09,16:08:34,0.311928,0.316708,0.000000,29373.627843,0.000000
2026-09-09,16:08:35,0.315167,0.318975,0.000000,29373.627843,0.000000
2026-09-09,16:08:36,0.316787,0.321307,0.000000,29373.627843,0.000000
2026-09-09,16:08:36,0.316139,0.318734,0.000000,29373.627843,0.000000
2026-09-09,16:08:37,0.316139,0.318734,0.000000,29373.627843,0.000000
2026-09-09,16:08:38,0.314520,0.320028,0.000000,29373.627843,0.000000
2026-09-09,16:08:38,0.311281,0.317934,0.000000,29373.627843,0.000000
2026-09-09,16:08:39,0.310957,0.316560,0.000000,29373.627843,0.000000
2026-09-09,16:08:40,0.310957,0.312965,0.000000,29373.627843,0.000000
2026-09-09,16:08:40,0.310957,0.312965,0.000000,29373.627843,0.000000
2026-09-09,16:08:41,0.343348,0.316204,0.000000,29373.627843,0.000000
2026-09-09,16:08:42,0.329096,0.318018,0.000000,29373.627843,0.000000
2026-09-09,16:08:42,0.324561,0.319281,0.000000,29373.627843,0.000000
2026-09-09,16:08:43,0.324561,0.319281,0.000000,29373.627843,0.000000
2026-09-09,16:08:44,0.345615,0.322326,0.000000,29373.627843,0.000000
2026-09-09,16:08:44,0.317759,0.322423,0.000000,29373.627843,0.000000
2026-09-09,16:08:45,0.312252,0.322034,0.000000,29373.627843,0.000000
2026-09-09,16:08:46,0.310957,0.321678,0.000000,29373.627843,0.000000
2026-09-09,16:08:46,0.310957,0.321678,0.000000,29373.627843,0.000000
2026-09-09,16:08:47,0.306237,0.321174,0.000000,29373.627843,0.000000
2026-09-09,16:08:48,0.307513,0.320829,0.000000,29373.627843,0.000000
2026-09-09,16:08:48,0.319316,0.321665,0.000000,29373.627843,0.000000
2026-09-09,16:08:49,0.319316,0.317348,0.000000,29373.627843,0.000000
2026-09-09,16:08:50,0.300176,0.317348,0.000000,29373.627843,0.000000
2026-09-09,16:08:50,0.306240,0.315063,0.000000,29373.627843,0.000000
2026-09-09,16:08:51,0.332220,0.315828,0.000000,29373.627843,0.000000
2026-09-09,16:08:52,0.332220,0.314489,0.000000,29373.627843,0.000000
2026-09-09,16:08:52,0.332220,0.317331,0.000000,29373.627843,0.000000
2026-09-09,16:08:53,0.346184,0.317331,0.000000,29373.627843,0.000000
2026-09-09,16:08:54,0.311761,0.317282,0.000000,29373.627843,0.000000
2026-09-09,16:08:54,0.307011,0.316888,0.000000,29373.627843,0.000000
2026-09-09,16:08:55,0.307011,0.316965,0.000000,29373.627843,0.000000
2026-09-09,16:08:56,0.307011,0.316965,0.000000,29373.627843,0.000000
2026-09-09,16:08:56,0.307011,0.316915,0.000000,29373.627843,0.000000
2026-09-09,16:08:57,0.315859,0.316569,0.000000,29373.627843,0.000000
2026-09-09,16:08:58,0.341455,0.320697,0.000000,29373.627843,0.000000
2026-09-09,16:08:58,0.341455,0.323219,0.000000,29373.627843,0.000000
2026-09-09,16:08:59,0.331454,0.323219,0.000000,29373.627843,0.000000
2026-09-09,16:09:00,0.345129,0.324510,0.000000,29373.627843,0.000000
2026-09-09,16:09:00,0.342417,0.325529,0.000000,29373.627843,0.000000
2026-09-09,16:09:01,0.336562,0.324567,0.000000,29373.627843,0.000000
2026-09-09,16:09:02,0.336562,0.328222,0.000000,29373.627843,0.000000
2026-09-09,16:09:02,0.348314,0.328222,0.000000,29373.627843,0.000000
2026-09-09,16:09:03,0.313384,0.328860,0.000000,29373.627843,0.000000
2026-09-09,16:09:04,0.333760,0.331535,0.000000,29373.627843,0.000000
2026-09-09,16:09:04,0.321256,0.332959,0.000000,29373.627843,0.000000
2026-09-09,16:09:05,0.321256,0.332959,0.000000,29373.627843,0.000000
2026-09-09,16:09:06,0.312570,0.332630,0.000000,29373.627843,0.000000
2026-09-09,16:09:06,0.343827,0.332867,0.000000,29373.627843,0.000000
2026-09-09,16:09:07,0.324291,0.332151,0.000000,29373.627843,0.000000
2026-09-09,16:09:08,0.324291,0.328499,0.000000,29373.627843,0.000000
2026-09-09,16:09:08,0.308610,0.328499,0.000000,29373.627843,0.000000
2026-09-09,16:09:09,0.307011,0.324959,0.000000,29373.627843,0.000000
2026-09-09,16:09:10,0.338352,0.325138,0.000000,29373.627843,0.000000
2026-09-09,16:09:10,0.332915,0.323598,0.000000,29373.627843,0.000000
2026-09-09,16:09:11,0.332915,0.324687,0.000000,29373.627843,0.000000
2026-09-09,16:09:12,0.324281,0.324687,0.000000,29373.627843,0.000000
2026-09-09,16:09:12,0.341870,0.325498,0.000000,29373.627843,0.000000
2026-09-09,16:09:13,0.307011,0.324074,0.000000,29373.627843,0.000000
2026-09-09,16:09:14,0.338672,0.326684,0.000000,29373.627843,0.000000
2026-09-09,16:09:14,0.338672,0.326684,0.000000,29373.627843,0.000000
2026-09-09,16:09:15,0.307011,0.323002,0.000000,29373.627843,0.000000
2026-09-09,16:09:16,0.307011,0.321274,0.000000,29373.627843,0.000000
2026-09-09,16:09:16,0.338352,0.324249,0.000000,29373.627843,0.000000
2026-09-09,16:09:17,0.338352,0.326487,0.000000,29373.627843,0.000000
2026-09-09,16:09:18,0.329397,0.326487,0.000000,29373.627843,0.000000
2026-09-09,16:09:18,0.327873,0.325439,0.000000,29373.627843,0.000000
2026-09-09,16:09:19,0.324943,0.324642,0.000000,29373.627843,0.000000
2026-09-09,16:09:20,0.325594,0.324773,0.000000,29373.627843,0.000000
2026-09-09,16:09:20,0.325594,0.323504,0.000000,29373.627843,0.000000
2026-09-09,16:09:21,0.329175,0.323504,0.000000,29373.627843,0.000000
2026-09-09,16:09:22,0.333082,0.326111,0.000000,29373.627843,0.000000
2026-09-09,16:09:22,0.324617,0.324706,0.000000,29373.627843,0.000000
2026-09-09,16:09:23,0.307011,0.324706,0.000000,29373.627843,0.000000
2026-09-09,16:09:24,0.307011,0.324706,0.000000,29373.627843,0.000000
2026-09-09,16:09:24,0.325560,0.326560,0.000000,29373.627843,0.000000
2026-09-09,16:09:25,0.307011,0.323426,0.000000,29373.627843,0.000000
2026-09-09,16:09:26,0.307011,0.321188,0.000000,29373.627843,0.000000
2026-09-09,16:09:26,0.307011,0.319657,0.000000,29373.627843,0.000000
2026-09-09,16:09:27,0.312570,0.319657,0.000000,29373.627843,0.000000
2026-09-09,16:09:28,0.312570,0.318420,0.000000,29373.627843,0.000000
2026-09-09,16:09:28,0.347734,0.320634,0.000000,29373.627843,0.000000
2026-09-09,16:09:29,0.346106,0.322327,0.000000,29373.627843,0.000000
2026-09-09,16:09:30,0.346106,0.322694,0.000000,29373.627843,0.000000
2026-09-09,16:09:30,0.336753,0.322694,0.000000,29373.627843,0.000000
2026-09-09,16:09:31,0.338194,0.324052,0.000000,29373.627843,0.000000
2026-09-09,16:09:32,0.330686,0.326420,0.000000,29373.627843,0.000000
2026-09-09,16:09:32,0.316975,0.325561,0.000000,29373.627843,0.000000
2026-09-09,16:09:33,0.316975,0.325561,0.000000,29373.627843,0.000000
2026-09-09,16:09:34,0.307011,0.325561,0.000000,29373.627843,0.000000
2026-09-09,16:09:34,0.338032,0.328663,0.000000,29373.627843,0.000000
2026-09-09,16:09:35,0.325240,0.329930,0.000000,29373.627843,0.000000
2026-09-09,16:09:36,0.325240,0.332540,0.000000,29373.627843,0.000000
2026-09-09,16:09:36,0.338672,0.332540,0.000000,29373.627843,0.000000
2026-09-09,16:09:37,0.312570,0.329024,0.000000,29373.627843,0.000000
2026-09-09,16:09:38,0.353920,0.329805,0.000000,29373.627843,0.000000
2026-09-09,16:09:38,0.323640,0.328494,0.000000,29373.627843,0.000000
2026-09-09,16:09:39,0.323640,0.325932,0.000000,29373.627843,0.000000
2026-09-09,16:09:40,0.312570,0.325932,0.000000,29373.627843,0.000000
2026-09-09,16:09:40,0.332757,0.326139,0.000000,29373.627843,0.000000
2026-09-09,16:09:41,0.342190,0.328660,0.000000,29373.627843,0.000000
2026-09-09,16:09:42,0.323001,0.330259,0.000000,29373.627843,0.000000
2026-09-09,16:09:42,0.323001,0.330259,0.000000,29373.627843,0.000000
2026-09-09,16:09:43,0.307011,0.327157,0.000000,29373.627843,0.000000
2026-09-09,16:09:44,0.330677,0.327701,0.000000,29373.627843,0.000000
2026-09-09,16:09:44,0.341870,0.328021,0.000000,29373.627843,0.000000
2026-09-09,16:09:45,0.341870,0.327940,0.000000,29373.627843,0.000000
2026-09-09,16:09:46,0.311761,0.327940,0.000000,29373.627843,0.000000
2026-09-09,16:09:46,0.342937,0.326841,0.000000,29373.627843,0.000000
2026-09-09,16:09:47,0.331246,0.327602,0.000000,29373.627843,0.000000
2026-09-09,16:09:48,0.347808,0.331126,0.000000,29373.627843,0.000000
2026-09-09,16:09:48,0.347808,0.329286,0.000000,29373.627843,0.000000
2026-09-09,16:09:49,0.314359,0.329286,0.000000,29373.627843,0.000000
2026-09-09,16:09:50,0.345210,0.329588,0.000000,29373.627843,0.000000
2026-09-09,16:09:50,0.353004,0.332588,0.000000,29373.627843,0.000000
2026-09-09,16:09:51,0.332870,0.335174,0.000000,29373.627843,0.000000
2026-09-09,16:09:52,0.332870,0.335174,0.000000,29373.627843,0.000000
2026-09-09,16:09:52,0.324426,0.334549,0.000000,29373.627843,0.000000
2026-09-09,16:09:53,0.318256,0.332188,0.000000,29373.627843,0.000000
2026-09-09,16:09:54,0.311761,0.332188,0.000000,29373.627843,0.000000
2026-09-09,16:09:54,0.311761,0.329070,0.000000,29373.627843,0.000000
2026-09-09,16:09:55,0.311761,0.329070,0.000000,29373.627843,0.000000
2026-09-09,16:09:56,0.311761,0.327121,0.000000,29373.627843,0.000000
2026-09-09,16:09:56,0.343586,0.326699,0.000000,29373.627843,0.000000
2026-09-09,16:09:57,0.341963,0.329460,0.000000,29373.627843,0.000000
2026-09-09,16:09:58,0.341963,0.328323,0.000000,29373.627843,0.000000
2026-09-09,16:09:58,0.333844,0.328323,0.000000,29373.627843,0.000000
2026-09-09,16:09:59,0.333194,0.326342,0.000000,29373.627843,0.000000
2026-09-09,16:10:00,0.331246,0.326180,0.000000,29373.627843,0.000000
2026-09-09,16:10:00,0.312086,0.324946,0.000000,29373.627843,0.000000
2026-09-09,16:10:01,0.312086,0.324946,0.000000,29373.627843,0.000000
2026-09-09,16:10:02,0.324101,0.325530,0.000000,29373.627843,0.000000
2026-09-09,16:10:02,0.337393,0.328093,0.000000,29373.627843,0.000000
2026-09-09,16:10:03,0.311761,0.328093,0.000000,29373.627843,0.000000
2026-09-09,16:10:04,0.311761,0.332218,0.000000,29373.627843,0.000000
2026-09-09,16:10:04,0.353004,0.332218,0.000000,29373.627843,0.000000
2026-09-09,16:10:05,0.324920,0.330351,0.000000,29373.627843,0.000000
2026-09-09,16:10:06,0.342190,0.330374,0.000000,29373.627843,0.000000
2026-09-09,16:10:06,0.307011,0.327691,0.000000,29373.627843,0.000000
2026-09-09,16:10:07,0.307011,0.329105,0.000000,29373.627843,0.000000
2026-09-09,16:10:08,0.347334,0.329105,0.000000,29373.627843,0.000000
2026-09-09,16:10:08,0.333586,0.329339,0.000000,29373.627843,0.000000
2026-09-09,16:10:09,0.330412,0.331171,0.000000,29373.627843,0.000000
2026-09-09,16:10:10,0.337966,0.332558,0.000000,29373.627843,0.000000
2026-09-09,16:10:10,0.337966,0.332558,0.000000,29373.627843,0.000000
2026-09-09,16:10:11,0.337966,0.332615,0.000000,29373.627843,0.000000
2026-09-09,16:10:12,0.337966,0.335236,0.000000,29373.627843,0.000000
2026-09-09,16:10:12,0.336990,0.333634,0.000000,29373.627843,0.000000
2026-09-09,16:10:13,0.336990,0.334516,0.000000,29373.627843,0.000000
2026-09-09,16:10:14,0.333734,0.334516,0.000000,29373.627843,0.000000
2026-09-09,16:10:14,0.330152,0.333312,0.000000,29373.627843,0.000000
2026-09-09,16:10:15,0.345129,0.337124,0.000000,29373.627843,0.000000
2026-09-09,16:10:16,0.312570,0.333647,0.000000,29373.627843,0.000000
2026-09-09,16:10:16,0.312570,0.331546,0.000000,29373.627843,0.000000
2026-09-09,16:10:17,0.312570,0.331546,0.000000,29373.627843,0.000000
2026-09-09,16:10:18,0.305467,0.329051,0.000000,29373.627843,0.000000
2026-09-09,16:10:18,0.338560,0.329110,0.000000,29373.627843,0.000000
2026-09-09,16:10:19,0.344236,0.329737,0.000000,29373.627843,0.000000
2026-09-09,16:10:20,0.344236,0.329737,0.000000,29373.627843,0.000000
2026-09-09,16:10:20,0.341638,0.330105,0.000000,29373.627843,0.000000
2026-09-09,16:10:21,0.338390,0.330245,0.000000,29373.627843,0.000000
2026-09-09,16:10:22,0.336442,0.330515,0.000000,29373.627843,0.000000
2026-09-09,16:10:22,0.335468,0.331047,0.000000,29373.627843,0.000000
2026-09-09,16:10:23,0.335468,0.331047,0.000000,29373.627843,0.000000
2026-09-09,16:10:24,0.327674,0.329301,0.000000,29373.627843,0.000000
2026-09-09,16:10:24,0.327024,0.330747,0.000000,29373.627843,0.000000
2026-09-09,16:10:25,0.326699,0.332160,0.000000,29373.627843,0.000000
2026-09-09,16:10:26,0.326699,0.334510,0.000000,29373.627843,0.000000
2026-09-09,16:10:26,0.328973,0.334510,0.000000,29373.627843,0.000000
2026-09-09,16:10:27,0.333194,0.333974,0.000000,29373.627843,0.000000
2026-09-09,16:10:28,0.319555,0.331506,0.000000,29373.627843,0.000000
2026-09-09,16:10:28,0.325400,0.329882,0.000000,29373.627843,0.000000
2026-09-09,16:10:29,0.325400,0.329882,0.000000,29373.627843,0.000000
2026-09-09,16:10:30,0.311761,0.327219,0.000000,29373.627843,0.000000
2026-09-09,16:10:30,0.311761,0.324751,0.000000,29373.627843,0.000000
2026-09-09,16:10:31,0.311761,0.322380,0.000000,29373.627843,0.000000
2026-09-09,16:10:32,0.311761,0.324166,0.000000,29373.627843,0.000000
2026-09-09,16:10:32,0.345535,0.324166,0.000000,29373.627843,0.000000
2026-09-09,16:10:33,0.344561,0.325920,0.000000,29373.627843,0.000000
2026-09-09,16:10:34,0.331571,0.326407,0.000000,29373.627843,0.000000
2026-09-09,16:10:34,0.313385,0.324848,0.000000,29373.627843,0.000000
2026-09-09,16:10:35,0.313385,0.325725,0.000000,29373.627843,0.000000
2026-09-09,16:10:36,0.341963,0.325725,0.000000,29373.627843,0.000000
2026-09-09,16:10:37,0.325076,0.326277,0.000000,29373.627843,0.000000
2026-09-09,16:10:37,0.311761,0.324913,0.000000,29373.627843,0.000000
2026-09-09,16:10:38,0.334818,0.327219,0.000000,29373.627843,0.000000
2026-09-09,16:10:39,0.334818,0.327219,0.000000,29373.627843,0.000000
2026-09-09,16:10:39,0.342937,0.330337,0.000000,29373.627843,0.000000
2026-09-09,16:10:40,0.345210,0.333681,0.000000,29373.627843,0.000000
2026-09-09,16:10:41,0.324101,0.331538,0.000000,29373.627843,0.000000
2026-09-09,16:10:41,0.324101,0.327706,0.000000,29373.627843,0.000000
2026-09-09,16:10:42,0.306237,0.327706,0.000000,29373.627843,0.000000
2026-09-09,16:10:43,0.332395,0.327788,0.000000,29373.627843,0.000000
2026-09-09,16:10:43,0.327095,0.329159,0.000000,29373.627843,0.000000
2026-09-09,16:10:44,0.308574,0.325820,0.000000,29373.627843,0.000000
2026-09-09,16:10:45,0.308574,0.327545,0.000000,29373.627843,0.000000
2026-09-09,16:10:45,0.342325,0.327545,0.000000,29373.627843,0.000000
2026-09-09,16:10:46,0.349396,0.331309,0.000000,29373.627843,0.000000
2026-09-09,16:10:47,0.308574,0.328684,0.000000,29373.627843,0.000000
2026-09-09,16:10:47,0.312110,0.325602,0.000000,29373.627843,0.000000
2026-09-09,16:10:48,0.312110,0.325602,0.000000,29373.627843,0.000000
2026-09-09,16:10:49,0.341039,0.325185,0.000000,29373.627843,0.000000
2026-09-09,16:10:49,0.344896,0.327264,0.000000,29373.627843,0.000000
2026-09-09,16:10:50,0.327860,0.329427,0.000000,29373.627843,0.000000
2026-09-09,16:10:51,0.327860,0.328716,0.000000,29373.627843,0.000000
2026-09-09,16:10:51,0.325289,0.328716,0.000000,29373.627843,0.000000
2026-09-09,16:10:52,0.313384,0.327345,0.000000,29373.627843,0.000000
2026-09-09,16:10:53,0.327748,0.329262,0.000000,29373.627843,0.000000
2026-09-09,16:10:53,0.331339,0.328164,0.000000,29373.627843,0.000000
2026-09-09,16:10:54,0.331339,0.325475,0.000000,29373.627843,0.000000
2026-09-09,16:10:55,0.322506,0.325475,0.000000,29373.627843,0.000000
2026-09-09,16:10:55,0.314204,0.326038,0.000000,29373.627843,0.000000
2026-09-09,16:10:56,0.340061,0.328833,0.000000,29373.627843,0.000000
2026-09-09,16:10:57,0.324023,0.327131,0.000000,29373.627843,0.000000
2026-09-09,16:10:57,0.324023,0.327131,0.000000,29373.627843,0.000000
2026-09-09,16:10:58,0.346606,0.327302,0.000000,29373.627843,0.000000
2026-09-09,16:10:59,0.333515,0.327867,0.000000,29373.627843,0.000000
2026-09-09,16:10:59,0.338137,0.329152,0.000000,29373.627843,0.000000
2026-09-09,16:11:00,0.338137,0.328909,0.000000,29373.627843,0.000000
2026-09-09,16:11:01,0.310957,0.328909,0.000000,29373.627843,0.000000
2026-09-09,16:11:01,0.352094,0.331344,0.000000,29373.627843,0.000000
2026-09-09,16:11:02,0.346911,0.332901,0.000000,29373.627843,0.000000
2026-09-09,16:11:03,0.310957,0.331746,0.000000,29373.627843,0.000000
2026-09-09,16:11:03,0.310957,0.335535,0.000000,29373.627843,0.000000
2026-09-09,16:11:04,0.352094,0.335535,0.000000,29373.627843,0.000000
2026-09-09,16:11:05,0.345615,0.336091,0.000000,29373.627843,0.000000
2026-09-09,16:11:05,0.310957,0.334784,0.000000,29373.627843,0.000000
2026-09-09,16:11:06,0.331363,0.333260,0.000000,29373.627843,0.000000
2026-09-09,16:11:07,0.331363,0.333260,0.000000,29373.627843,0.000000
2026-09-09,16:11:07,0.345939,0.334502,0.000000,29373.627843,0.000000
2026-09-09,16:11:08,0.310957,0.331784,0.000000,29373.627843,0.000000
2026-09-09,16:11:09,0.352094,0.335898,0.000000,29373.627843,0.000000
2026-09-09,16:11:09,0.352094,0.332562,0.000000,29373.627843,0.000000
2026-09-09,16:11:10,0.318731,0.332562,0.000000,29373.627843,0.000000
2026-09-09,16:11:11,0.343024,0.332173,0.000000,29373.627843,0.000000
2026-09-09,16:11:11,0.324885,0.333566,0.000000,29373.627843,0.000000
2026-09-09,16:11:12,0.304703,0.328827,0.000000,29373.627843,0.000000
2026-09-09,16:11:13,0.304703,0.328766,0.000000,29373.627843,0.000000
2026-09-09,16:11:13,0.345012,0.328766,0.000000,29373.627843,0.000000
2026-09-09,16:11:14,0.321207,0.329791,0.000000,29373.627843,0.000000
2026-09-09,16:11:15,0.304703,0.327125,0.000000,29373.627843,0.000000
2026-09-09,16:11:15,0.316695,0.324201,0.000000,29373.627843,0.000000
2026-09-09,16:11:16,0.316695,0.324201,0.000000,29373.627843,0.000000
2026-09-09,16:11:17,0.339311,0.327036,0.000000,29373.627843,0.000000
2026-09-09,16:11:17,0.347626,0.326590,0.000000,29373.627843,0.000000
2026-09-09,16:11:18,0.332757,0.327992,0.000000,29373.627843,0.000000
2026-09-09,16:11:19,0.332757,0.326282,0.000000,29373.627843,0.000000
2026-09-09,16:11:19,0.325919,0.326282,0.000000,29373.627843,0.000000
2026-09-09,16:11:20,0.309073,0.324701,0.000000,29373.627843,0.000000
2026-09-09,16:11:21,0.313384,0.325569,0.000000,29373.627843,0.000000
2026-09-09,16:11:21,0.338520,0.324920,0.000000,29373.627843,0.000000
2026-09-09,16:11:22,0.338520,0.327233,0.000000,29373.627843,0.000000
2026-09-09,16:11:23,0.344341,0.327233,0.000000,29373.627843,0.000000
2026-09-09,16:11:23,0.341455,0.330908,0.000000,29373.627843,0.000000
2026-09-09,16:11:24,0.330554,0.332294,0.000000,29373.627843,0.000000
2026-09-09,16:11:25,0.318691,0.330232,0.000000,29373.627843,0.000000
2026-09-09,16:11:25,0.318691,0.330232,0.000000,29373.627843,0.000000
2026-09-09,16:11:26,0.307790,0.326249,0.000000,29373.627843,0.000000
2026-09-09,16:11:27,0.338569,0.326830,0.000000,29373.627843,0.000000
2026-09-09,16:11:27,0.324783,0.326716,0.000000,29373.627843,0.000000
2026-09-09,16:11:28,0.324783,0.326844,0.000000,29373.627843,0.000000
2026-09-09,16:11:29,0.310355,0.326844,0.000000,29373.627843,0.000000
2026-09-09,16:11:29,0.340172,0.329523,0.000000,29373.627843,0.000000
2026-09-09,16:11:30,0.322218,0.327893,0.000000,29373.627843,0.000000
2026-09-09,16:11:31,0.314204,0.324879,0.000000,29373.627843,0.000000
2026-09-09,16:11:31,0.314204,0.323456,0.000000,29373.627843,0.000000
2026-09-09,16:11:32,0.327217,0.323456,0.000000,29373.627843,0.000000
2026-09-09,16:11:33,0.310503,0.321450,0.000000,29373.627843,0.000000
2026-09-09,16:11:33,0.340396,0.323621,0.000000,29373.627843,0.000000
2026-09-09,16:11:34,0.323360,0.325178,0.000000,29373.627843,0.000000
2026-09-09,16:11:35,0.323360,0.325178,0.000000,29373.627843,0.000000
2026-09-09,16:11:35,0.308574,0.322178,0.000000,29373.627843,0.000000
2026-09-09,16:11:36,0.331075,0.322808,0.000000,29373.627843,0.000000
2026-09-09,16:11:37,0.317896,0.323562,0.000000,29373.627843,0.000000
2026-09-09,16:11:37,0.317896,0.320402,0.000000,29373.627843,0.000000
2026-09-09,16:11:38,0.308574,0.320402,0.000000,29373.627843,0.000000
2026-09-09,16:11:39,0.341682,0.322348,0.000000,29373.627843,0.000000
2026-09-09,16:11:39,0.342594,0.325187,0.000000,29373.627843,0.000000
2026-09-09,16:11:40,0.327499,0.325215,0.000000,29373.627843,0.000000
2026-09-09,16:11:41,0.327499,0.328000,0.000000,29373.627843,0.000000
2026-09-09,16:11:41,0.338352,0.328000,0.000000,29373.627843,0.000000
2026-09-09,16:11:42,0.307011,0.324662,0.000000,29373.627843,0.000000
2026-09-09,16:11:43,0.307011,0.323027,0.000000,29373.627843,0.000000
2026-09-09,16:11:43,0.307011,0.322871,0.000000,29373.627843,0.000000
2026-09-09,16:11:44,0.307011,0.322871,0.000000,29373.627843,0.000000
2026-09-09,16:11:45,0.314204,0.321184,0.000000,29373.627843,0.000000
2026-09-09,16:11:45,0.314531,0.320847,0.000000,29373.627843,0.000000
2026-09-09,16:11:46,0.311789,0.321168,0.000000,29373.627843,0.000000
2026-09-09,16:11:47,0.311789,0.318179,0.000000,29373.627843,0.000000
2026-09-09,16:11:47,0.311789,0.318179,0.000000,29373.627843,0.000000
2026-09-09,16:11:48,0.308574,0.314777,0.000000,29373.627843,0.000000
2026-09-09,16:11:49,0.341682,0.316196,0.000000,29373.627843,0.000000
2026-09-09,16:11:49,0.326105,0.314971,0.000000,29373.627843,0.000000
2026-09-09,16:11:50,0.326105,0.319153,0.000000,29373.627843,0.000000
2026-09-09,16:11:51,0.348829,0.319153,0.000000,29373.627843,0.000000
2026-09-09,16:11:51,0.348829,0.323334,0.000000,29373.627843,0.000000
2026-09-09,16:11:52,0.329140,0.325547,0.000000,29373.627843,0.000000
2026-09-09,16:11:53,0.308574,0.324984,0.000000,29373.627843,0.000000
2026-09-09,16:11:53,0.308574,0.324984,0.000000,29373.627843,0.000000
2026-09-09,16:11:54,0.326896,0.326221,0.000000,29373.627843,0.000000
2026-09-09,16:11:55,0.308574,0.325899,0.000000,29373.627843,0.000000
2026-09-09,16:11:55,0.349396,0.329660,0.000000,29373.627843,0.000000
2026-09-09,16:11:56,0.349396,0.330141,0.000000,29373.627843,0.000000
2026-09-09,16:11:57,0.313384,0.330141,0.000000,29373.627843,0.000000
2026-09-09,16:11:57,0.307790,0.326752,0.000000,29373.627843,0.000000
2026-09-09,16:11:58,0.341455,0.328287,0.000000,29373.627843,0.000000
2026-09-09,16:11:59,0.344723,0.327876,0.000000,29373.627843,0.000000
2026-09-09,16:11:59,0.344723,0.326690,0.000000,29373.627843,0.000000
2026-09-09,16:12:00,0.336966,0.326690,0.000000,29373.627843,0.000000
2026-09-09,16:12:01,0.336325,0.327409,0.000000,29373.627843,0.000000
2026-09-09,16:12:01,0.336966,0.330248,0.000000,29373.627843,0.000000
2026-09-09,16:12:02,0.345952,0.332153,0.000000,29373.627843,0.000000
2026-09-09,16:12:03,0.345952,0.332153,0.000000,29373.627843,0.000000
2026-09-09,16:12:03,0.314204,0.332716,0.000000,29373.627843,0.000000
2026-09-09,16:12:04,0.293257,0.327102,0.000000,29373.627843,0.000000
2026-09-09,16:12:05,0.292181,0.324982,0.000000,29373.627843,0.000000
2026-09-09,16:12:05,0.292181,0.323421,0.000000,29373.627843,0.000000
2026-09-09,16:12:06,0.292181,0.323421,0.000000,29373.627843,0.000000
2026-09-09,16:12:07,0.299574,0.319233,0.000000,29373.627843,0.000000
2026-09-09,16:12:07,0.307610,0.315522,0.000000,29373.627843,0.000000
2026-09-09,16:12:08,0.328825,0.314708,0.000000,29373.627843,0.000000
2026-09-09,16:12:09,0.328825,0.315678,0.000000,29373.627843,0.000000
2026-09-09,16:12:09,0.346029,0.315678,0.000000,29373.627843,0.000000
2026-09-09,16:12:10,0.347008,0.316682,0.000000,29373.627843,0.000000
2026-09-09,16:12:11,0.341682,0.316255,0.000000,29373.627843,0.000000
2026-09-09,16:12:11,0.340718,0.318907,0.000000,29373.627843,0.000000
2026-09-09,16:12:12,0.340718,0.318907,0.000000,29373.627843,0.000000
2026-09-09,16:12:13,0.349396,0.324520,0.000000,29373.627843,0.000000
2026-09-09,16:12:13,0.330753,0.328378,0.000000,29373.627843,0.000000
2026-09-09,16:12:14,0.319182,0.331078,0.000000,29373.627843,0.000000
2026-09-09,16:12:15,0.319182,0.332492,0.000000,29373.627843,0.000000
2026-09-09,16:12:15,0.313717,0.332492,0.000000,29373.627843,0.000000
2026-09-09,16:12:16,0.308574,0.332588,0.000000,29373.627843,0.000000
2026-09-09,16:12:17,0.308574,0.330563,0.000000,29373.627843,0.000000
2026-09-09,16:12:17,0.336539,0.329614,0.000000,29373.627843,0.000000
2026-09-09,16:12:18,0.336539,0.327571,0.000000,29373.627843,0.000000
2026-09-09,16:12:19,0.326575,0.327571,0.000000,29373.627843,0.000000
2026-09-09,16:12:19,0.350207,0.328424,0.000000,29373.627843,0.000000
2026-09-09,16:12:20,0.308752,0.325227,0.000000,29373.627843,0.000000
2026-09-09,16:12:21,0.313384,0.321626,0.000000,29373.627843,0.000000
2026-09-09,16:12:21,0.313384,0.321626,0.000000,29373.627843,0.000000
2026-09-09,16:12:22,0.306237,0.319174,0.000000,29373.627843,0.000000
2026-09-09,16:12:23,0.341963,0.321452,0.000000,29373.627843,0.000000
2026-09-09,16:12:23,0.353004,0.325381,0.000000,29373.627843,0.000000
2026-09-09,16:12:24,0.334493,0.327973,0.000000,29373.627843,0.000000
2026-09-09,16:12:25,0.334493,0.327973,0.000000,29373.627843,0.000000
2026-09-09,16:12:25,0.329947,0.330110,0.000000,29373.627843,0.000000
2026-09-09,16:12:26,0.305467,0.327003,0.000000,29373.627843,0.000000
2026-09-09,16:12:27,0.319150,0.326260,0.000000,29373.627843,0.000000
2026-09-09,16:12:27,0.319150,0.323155,0.000000,29373.627843,0.000000
2026-09-09,16:12:28,0.319150,0.323155,0.000000,29373.627843,0.000000
2026-09-09,16:12:29,0.319468,0.324226,0.000000,29373.627843,0.000000
2026-09-09,16:12:29,0.305467,0.323435,0.000000,29373.627843,0.000000
2026-09-09,16:12:30,0.331804,0.325991,0.000000,29373.627843,0.000000
2026-09-09,16:12:31,0.331804,0.324846,0.000000,29373.627843,0.000000
2026-09-09,16:12:31,0.330512,0.324846,0.000000,29373.627843,0.000000
2026-09-09,16:12:32,0.324050,0.321951,0.000000,29373.627843,0.000000
2026-09-09,16:12:33,0.291419,0.317643,0.000000,29373.627843,0.000000
2026-09-09,16:12:33,0.309188,0.315567,0.000000,29373.627843,0.000000
2026-09-09,16:12:34,0.309188,0.315567,0.000000,29373.627843,0.000000
2026-09-09,16:12:35,0.322435,0.317264,0.000000,29373.627843,0.000000
2026-09-09,16:12:35,0.289480,0.314297,0.000000,29373.627843,0.000000
2026-09-09,16:12:36,0.301111,0.312493,0.000000,29373.627843,0.000000
2026-09-09,16:12:37,0.301111,0.313598,0.000000,29373.627843,0.000000
2026-09-09,16:12:37,0.330512,0.313598,0.000000,29373.627843,0.000000
2026-09-09,16:12:38,0.323727,0.315424,0.000000,29373.627843,0.000000
2026-09-09,16:12:39,0.289480,0.311191,0.000000,29373.627843,0.000000
2026-09-09,16:12:39,0.326312,0.310771,0.000000,29373.627843,0.000000
2026-09-09,16:12:40,0.326312,0.311418,0.000000,29373.627843,0.000000
2026-09-09,16:12:41,0.330512,0.311418,0.000000,29373.627843,0.000000
2026-09-09,16:12:41,0.289480,0.311224,0.000000,29373.627843,0.000000
2026-09-09,16:12:42,0.325019,0.312807,0.000000,29373.627843,0.000000
2026-09-09,16:12:43,0.330512,0.313614,0.000000,29373.627843,0.000000
2026-09-09,16:12:43,0.330512,0.313614,0.000000,29373.627843,0.000000
2026-09-09,16:12:44,0.323727,0.317039,0.000000,29373.627843,0.000000
2026-09-09,16:12:45,0.289480,0.315876,0.000000,29373.627843,0.000000
2026-09-09,16:12:45,0.322112,0.315036,0.000000,29373.627843,0.000000
2026-09-09,16:12:46,0.322112,0.313227,0.000000,29373.627843,0.000000
2026-09-09,16:12:47,0.305634,0.313227,0.000000,29373.627843,0.000000
2026-09-09,16:12:47,0.330512,0.317330,0.000000,29373.627843,0.000000
2026-09-09,16:12:48,0.330512,0.317750,0.000000,29373.627843,0.000000
2026-09-09,16:12:49,0.325342,0.317233,0.000000,29373.627843,0.000000
2026-09-09,16:12:49,0.325342,0.317233,0.000000,29373.627843,0.000000
2026-09-09,16:12:50,0.289480,0.317233,0.000000,29373.627843,0.000000
2026-09-09,16:12:51,0.342143,0.318945,0.000000,29373.627843,0.000000
2026-09-09,16:12:51,0.345696,0.320464,0.000000,29373.627843,0.000000
2026-09-09,16:12:52,0.346019,0.322693,0.000000,29373.627843,0.000000
2026-09-09,16:12:53,0.346019,0.322693,0.000000,29373.627843,0.000000
2026-09-09,16:12:53,0.345050,0.328250,0.000000,29373.627843,0.000000
2026-09-09,16:12:54,0.342789,0.330318,0.000000,29373.627843,0.000000
2026-09-09,16:12:55,0.314681,0.331222,0.000000,29373.627843,0.000000
2026-09-09,16:12:55,0.314681,0.329510,0.000000,29373.627843,0.000000
2026-09-09,16:12:56,0.313388,0.329510,0.000000,29373.627843,0.000000
2026-09-09,16:12:57,0.310158,0.327475,0.000000,29373.627843,0.000000
2026-09-09,16:12:57,0.310158,0.325956,0.000000,29373.627843,0.000000
2026-09-09,16:12:58,0.310158,0.328024,0.000000,29373.627843,0.000000
2026-09-09,16:12:59,0.310158,0.324825,0.000000,29373.627843,0.000000
2026-09-09,16:12:59,0.310158,0.324825,0.000000,29373.627843,0.000000
2026-09-09,16:13:00,0.310158,0.321272,0.000000,29373.627843,0.000000
2026-09-09,16:13:01,0.310158,0.317685,0.000000,29373.627843,0.000000
2026-09-09,16:13:01,0.345050,0.317685,0.000000,29373.627843,0.000000
2026-09-09,16:13:02,0.345050,0.317685,0.000000,29373.627843,0.000000
2026-09-09,16:13:03,0.345373,0.317944,0.000000,29373.627843,0.000000
2026-09-09,16:13:03,0.310158,0.317491,0.000000,29373.627843,0.000000
2026-09-09,16:13:04,0.310158,0.317168,0.000000,29373.627843,0.000000
2026-09-09,16:13:05,0.310158,0.317168,0.000000,29373.627843,0.000000
2026-09-09,16:13:05,0.310158,0.317168,0.000000,29373.627843,0.000000
2026-09-09,16:13:06,0.310158,0.317168,0.000000,29373.627843,0.000000
2026-09-09,16:13:07,0.323404,0.318493,0.000000,29373.627843,0.000000
2026-09-09,16:13:07,0.323081,0.319785,0.000000,29373.627843,0.000000
2026-09-09,16:13:08,0.323081,0.319284,0.000000,29373.627843,0.000000
2026-09-09,16:13:09,0.305149,0.319284,0.000000,29373.627843,0.000000
2026-09-09,16:13:09,0.314059,0.319675,0.000000,29373.627843,0.000000
2026-09-09,16:13:10,0.319468,0.317116,0.000000,29373.627843,0.000000
2026-09-09,16:13:11,0.290977,0.311677,0.000000,29373.627843,0.000000
2026-09-09,16:13:11,0.290977,0.311677,0.000000,29373.627843,0.000000
2026-09-09,16:13:12,0.320443,0.312705,0.000000,29373.627843,0.000000
2026-09-09,16:13:13,0.307011,0.312391,0.000000,29373.627843,0.000000
2026-09-09,16:13:13,0.316925,0.313067,0.000000,29373.627843,0.000000
2026-09-09,16:13:14,0.316925,0.313904,0.000000,29373.627843,0.000000
2026-09-09,16:13:15,0.318524,0.313904,0.000000,29373.627843,0.000000
2026-09-09,16:13:15,0.307011,0.312265,0.000000,29373.627843,0.000000
2026-09-09,16:13:16,0.326314,0.312588,0.000000,29373.627843,0.000000
2026-09-09,16:13:17,0.322059,0.314279,0.000000,29373.627843,0.000000
2026-09-09,16:13:17,0.322059,0.314294,0.000000,29373.627843,0.000000
2026-09-09,16:13:18,0.314204,0.314294,0.000000,29373.627843,0.000000
2026-09-09,16:13:19,0.340944,0.316441,0.000000,29373.627843,0.000000
2026-09-09,16:13:19,0.336687,0.321012,0.000000,29373.627843,0.000000
2026-09-09,16:13:20,0.351454,0.324113,0.000000,29373.627843,0.000000
2026-09-09,16:13:21,0.351454,0.324113,0.000000,29373.627843,0.000000
2026-09-09,16:13:21,0.315029,0.324915,0.000000,29373.627843,0.000000
2026-09-09,16:13:22,0.350290,0.328252,0.000000,29373.627843,0.000000
2026-09-09,16:13:23,0.329021,0.329301,0.000000,29373.627843,0.000000
2026-09-09,16:13:23,0.329021,0.330987,0.000000,29373.627843,0.000000
2026-09-09,16:13:24,0.323865,0.330987,0.000000,29373.627843,0.000000
2026-09-09,16:13:25,0.345778,0.332933,0.000000,29373.627843,0.000000
2026-09-09,16:13:25,0.340944,0.334822,0.000000,29373.627843,0.000000
2026-09-09,16:13:26,0.309363,0.334338,0.000000,29373.627843,0.000000
2026-09-09,16:13:27,0.309363,0.331180,0.000000,29373.627843,0.000000
2026-09-09,16:13:27,0.309363,0.331180,0.000000,29373.627843,0.000000
2026-09-09,16:13:28,0.342878,0.331799,0.000000,29373.627843,0.000000
2026-09-09,16:13:29,0.337400,0.330393,0.000000,29373.627843,0.000000
2026-09-09,16:13:29,0.330954,0.331986,0.000000,29373.627843,0.000000
2026-09-09,16:13:30,0.330954,0.331986,0.000000,29373.627843,0.000000
2026-09-09,16:13:31,0.343200,0.331277,0.000000,29373.627843,0.000000
2026-09-09,16:13:31,0.309363,0.329311,0.000000,29373.627843,0.000000
2026-09-09,16:13:32,0.309363,0.327861,0.000000,29373.627843,0.000000
2026-09-09,16:13:33,0.309363,0.324869,0.000000,29373.627843,0.000000
2026-09-09,16:13:33,0.315859,0.324869,0.000000,29373.627843,0.000000
2026-09-09,16:13:34,0.342233,0.324998,0.000000,29373.627843,0.000000
2026-09-09,16:13:35,0.341911,0.328253,0.000000,29373.627843,0.000000
2026-09-09,16:13:35,0.341589,0.331475,0.000000,29373.627843,0.000000
2026-09-09,16:13:36,0.341589,0.331379,0.000000,29373.627843,0.000000
2026-09-09,16:13:37,0.341911,0.331379,0.000000,29373.627843,0.000000
2026-09-09,16:13:37,0.341589,0.331797,0.000000,29373.627843,0.000000
2026-09-09,16:13:38,0.339978,0.332700,0.000000,29373.627843,0.000000
2026-09-09,16:13:39,0.327410,0.331121,0.000000,29373.627843,0.000000
2026-09-09,16:13:39,0.327410,0.331121,0.000000,29373.627843,0.000000
2026-09-09,16:13:40,0.345456,0.334730,0.000000,29373.627843,0.000000
2026-09-09,16:13:41,0.309363,0.334730,0.000000,29373.627843,0.000000
2026-09-09,16:13:41,0.341911,0.337335,0.000000,29373.627843,0.000000
2026-09-09,16:13:42,0.341911,0.335982,0.000000,29373.627843,0.000000
2026-09-09,16:13:43,0.328699,0.335982,0.000000,29373.627843,0.000000
2026-09-09,16:13:43,0.318709,0.333661,0.000000,29373.627843,0.000000
2026-09-09,16:13:44,0.309363,0.330439,0.000000,29373.627843,0.000000
2026-09-09,16:13:45,0.309363,0.327184,0.000000,29373.627843,0.000000
2026-09-09,16:13:45,0.309363,0.327803,0.000000,29373.627843,0.000000
2026-09-09,16:13:46,0.347774,0.327803,0.000000,29373.627843,0.000000
2026-09-09,16:13:47,0.339137,0.327719,0.000000,29373.627843,0.000000
2026-09-09,16:13:47,0.326828,0.327660,0.000000,29373.627843,0.000000
2026-09-09,16:13:48,0.347559,0.327871,0.000000,29373.627843,0.000000
2026-09-09,16:13:49,0.347559,0.327871,0.000000,29373.627843,0.000000
2026-09-09,16:13:49,0.314196,0.328354,0.000000,29373.627843,0.000000
2026-09-09,16:13:50,0.310957,0.325258,0.000000,29373.627843,0.000000
2026-09-09,16:13:51,0.345291,0.326918,0.000000,29373.627843,0.000000
2026-09-09,16:13:51,0.345291,0.329220,0.000000,29373.627843,0.000000
2026-09-09,16:13:52,0.341728,0.329220,0.000000,29373.627843,0.000000
2026-09-09,16:13:53,0.352094,0.333493,0.000000,29373.627843,0.000000
2026-09-09,16:13:53,0.336222,0.336179,0.000000,29373.627843,0.000000
2026-09-09,16:13:54,0.335898,0.334991,0.000000,29373.627843,0.000000
2026-09-09,16:13:55,0.335898,0.336287,0.000000,29373.627843,0.000000
2026-09-09,16:13:55,0.352094,0.336287,0.000000,29373.627843,0.000000
2026-09-09,16:13:56,0.330391,0.336643,0.000000,29373.627843,0.000000
2026-09-09,16:13:57,0.334926,0.335380,0.000000,29373.627843,0.000000
2026-09-09,16:13:57,0.352094,0.339169,0.000000,29373.627843,0.000000
2026-09-09,16:13:58,0.352094,0.339169,0.000000,29373.627843,0.000000
2026-09-09,16:13:59,0.344320,0.342506,0.000000,29373.627843,0.000000
2026-09-09,16:13:59,0.310957,0.339072,0.000000,29373.627843,0.000000
2026-09-09,16:14:00,0.310957,0.335995,0.000000,29373.627843,0.000000
2026-09-09,16:14:01,0.310957,0.332108,0.000000,29373.627843,0.000000
2026-09-09,16:14:01,0.313224,0.332108,0.000000,29373.627843,0.000000
2026-09-09,16:14:02,0.339094,0.332395,0.000000,29373.627843,0.000000
2026-09-09,16:14:03,0.341964,0.333002,0.000000,29373.627843,0.000000
2026-09-09,16:14:03,0.324751,0.330268,0.000000,29373.627843,0.000000
2026-09-09,16:14:04,0.324751,0.331652,0.000000,29373.627843,0.000000
2026-09-09,16:14:05,0.344236,0.331652,0.000000,29373.627843,0.000000
2026-09-09,16:14:05,0.315008,0.329660,0.000000,29373.627843,0.000000
2026-09-09,16:14:06,0.311761,0.325627,0.000000,29373.627843,0.000000
2026-09-09,16:14:07,0.311761,0.322371,0.000000,29373.627843,0.000000
2026-09-09,16:14:07,0.311761,0.322371,0.000000,29373.627843,0.000000
2026-09-09,16:14:08,0.346509,0.325926,0.000000,29373.627843,0.000000
2026-09-09,16:14:09,0.343911,0.329222,0.000000,29373.627843,0.000000
2026-09-09,16:14:09,0.353004,0.333200,0.000000,29373.627843,0.000000
2026-09-09,16:14:10,0.353004,0.332610,0.000000,29373.627843,0.000000
2026-09-09,16:14:11,0.333194,0.332610,0.000000,29373.627843,0.000000
2026-09-09,16:14:11,0.326050,0.331018,0.000000,29373.627843,0.000000
2026-09-09,16:14:12,0.345535,0.333097,0.000000,29373.627843,0.000000
2026-09-09,16:14:13,0.311761,0.329849,0.000000,29373.627843,0.000000
2026-09-09,16:14:13,0.311761,0.329525,0.000000,29373.627843,0.000000
2026-09-09,16:14:14,0.311761,0.329525,0.000000,29373.627843,0.000000
2026-09-09,16:14:15,0.307011,0.329050,0.000000,29373.627843,0.000000
2026-09-09,16:14:15,0.307011,0.328575,0.000000,29373.627843,0.000000
2026-09-09,16:14:16,0.311169,0.325041,0.000000,29373.627843,0.000000
2026-09-09,16:14:17,0.311169,0.325041,0.000000,29373.627843,0.000000
2026-09-09,16:14:17,0.341870,0.324836,0.000000,29373.627843,0.000000
2026-09-09,16:14:18,0.321722,0.321708,0.000000,29373.627843,0.000000
2026-09-09,16:14:19,0.328118,0.321201,0.000000,29373.627843,0.000000
2026-09-09,16:14:19,0.328118,0.324173,0.000000,29373.627843,0.000000
2026-09-09,16:14:20,0.355771,0.324173,0.000000,29373.627843,0.000000
2026-09-09,16:14:21,0.344643,0.324084,0.000000,29373.627843,0.000000
2026-09-09,16:14:21,0.333210,0.326229,0.000000,29373.627843,0.000000
2026-09-09,16:14:22,0.350290,0.330081,0.000000,29373.627843,0.000000
2026-09-09,16:14:23,0.350290,0.331767,0.000000,29373.627843,0.000000
2026-09-09,16:14:23,0.323865,0.331767,0.000000,29373.627843,0.000000
2026-09-09,16:14:24,0.288739,0.329940,0.000000,29373.627843,0.000000
2026-09-09,16:14:25,0.292929,0.328116,0.000000,29373.627843,0.000000
2026-09-09,16:14:25,0.326121,0.326541,0.000000,29373.627843,0.000000
2026-09-09,16:14:26,0.326121,0.326541,0.000000,29373.627843,0.000000
2026-09-09,16:14:27,0.310008,0.325369,0.000000,29373.627843,0.000000
2026-09-09,16:14:28,0.332244,0.325782,0.000000,29373.627843,0.000000
2026-09-09,16:14:28,0.337077,0.323912,0.000000,29373.627843,0.000000
2026-09-09,16:14:29,0.337077,0.323317,0.000000,29373.627843,0.000000
2026-09-09,16:14:30,0.338689,0.323317,0.000000,29373.627843,0.000000
2026-09-09,16:14:30,0.330954,0.323092,0.000000,29373.627843,0.000000
2026-09-09,16:14:31,0.329343,0.320997,0.000000,29373.627843,0.000000
2026-09-09,16:14:32,0.327410,0.321351,0.000000,29373.627843,0.000000
2026-09-09,16:14:32,0.327410,0.325567,0.000000,29373.627843,0.000000
2026-09-09,16:14:33,0.330896,0.325567,0.000000,29373.627843,0.000000
2026-09-09,16:14:34,0.324509,0.328725,0.000000,29373.627843,0.000000
2026-09-09,16:14:34,0.323865,0.328500,0.000000,29373.627843,0.000000
2026-09-09,16:14:35,0.324187,0.329917,0.000000,29373.627843,0.000000
2026-09-09,16:14:36,0.324187,0.329917,0.000000,29373.627843,0.000000
2026-09-09,16:14:36,0.309686,0.327662,0.000000,29373.627843,0.000000
2026-09-09,16:14:37,0.326443,0.326598,0.000000,29373.627843,0.000000
2026-09-09,16:14:38,0.327087,0.325438,0.000000,29373.627843,0.000000
2026-09-09,16:14:38,0.327087,0.324568,0.000000,29373.627843,0.000000
2026-09-09,16:14:39,0.322254,0.324568,0.000000,29373.627843,0.000000
2026-09-09,16:14:40,0.309686,0.322602,0.000000,29373.627843,0.000000
2026-09-09,16:14:40,0.312264,0.321088,0.000000,29373.627843,0.000000
2026-09-09,16:14:41,0.320965,0.320095,0.000000,29373.627843,0.000000
2026-09-09,16:14:42,0.320965,0.316518,0.000000,29373.627843,0.000000
2026-09-09,16:14:42,0.288739,0.316518,0.000000,29373.627843,0.000000
2026-09-09,16:14:43,0.303076,0.314439,0.000000,29373.627843,0.000000
2026-09-09,16:14:44,0.312895,0.313309,0.000000,29373.627843,0.000000
2026-09-09,16:14:44,0.334824,0.315823,0.000000,29373.627843,0.000000
2026-09-09,16:14:45,0.334824,0.317905,0.000000,29373.627843,0.000000
2026-09-09,16:14:46,0.347261,0.317905,0.000000,29373.627843,0.000000
2026-09-09,16:14:46,0.309363,0.316133,0.000000,29373.627843,0.000000
2026-09-09,16:14:47,0.343200,0.318227,0.000000,29373.627843,0.000000
2026-09-09,16:14:48,0.317536,0.319012,0.000000,29373.627843,0.000000
2026-09-09,16:14:48,0.317536,0.319012,0.000000,29373.627843,0.000000
2026-09-09,16:14:49,0.342003,0.321986,0.000000,29373.627843,0.000000
2026-09-09,16:14:50,0.337825,0.323672,0.000000,29373.627843,0.000000
2026-09-09,16:14:50,0.328825,0.327681,0.000000,29373.627843,0.000000
2026-09-09,16:14:51,0.328825,0.329893,0.000000,29373.627843,0.000000
2026-09-09,16:14:52,0.325202,0.329893,0.000000,29373.627843,0.000000
2026-09-09,16:14:52,0.309363,0.329540,0.000000,29373.627843,0.000000
2026-09-09,16:14:53,0.335144,0.329572,0.000000,29373.627843,0.000000
2026-09-09,16:14:54,0.343845,0.329231,0.000000,29373.627843,0.000000
2026-09-09,16:14:54,0.343845,0.333086,0.000000,29373.627843,0.000000
2026-09-09,16:14:55,0.347916,0.333086,0.000000,29373.627843,0.000000
2026-09-09,16:14:56,0.309570,0.329723,0.000000,29373.627843,0.000000
2026-09-09,16:14:56,0.354843,0.333453,0.000000,29373.627843,0.000000
2026-09-09,16:14:57,0.307011,0.329954,0.000000,29373.627843,0.000000
2026-09-09,16:14:58,0.307011,0.329954,0.000000,29373.627843,0.000000
2026-09-09,16:14:58,0.345876,0.330759,0.000000,29373.627843,0.000000
2026-09-09,16:14:59,0.323961,0.330273,0.000000,29373.627843,0.000000
2026-09-09,16:15:00,0.320443,0.329797,0.000000,29373.627843,0.000000
2026-09-09,16:15:00,0.320443,0.330905,0.000000,29373.627843,0.000000
2026-09-09,16:15:01,0.320443,0.330905,0.000000,29373.627843,0.000000
2026-09-09,16:15:02,0.322362,0.329627,0.000000,29373.627843,0.000000
2026-09-09,16:15:02,0.332220,0.328464,0.000000,29373.627843,0.000000
2026-09-09,16:15:03,0.324751,0.326148,0.000000,29373.627843,0.000000
2026-09-09,16:15:04,0.324751,0.326107,0.000000,29373.627843,0.000000
2026-09-09,16:15:04,0.309163,0.326107,0.000000,29373.627843,0.000000
2026-09-09,16:15:05,0.290977,0.319721,0.000000,29373.627843,0.000000
2026-09-09,16:15:06,0.326699,0.321689,0.000000,29373.627843,0.000000
2026-09-09,16:15:06,0.309812,0.318083,0.000000,29373.627843,0.000000
2026-09-09,16:15:07,0.309812,0.318083,0.000000,29373.627843,0.000000
2026-09-09,16:15:08,0.332220,0.318909,0.000000,29373.627843,0.000000
2026-09-09,16:15:08,0.290977,0.315962,0.000000,29373.627843,0.000000
2026-09-09,16:15:09,0.323777,0.316296,0.000000,29373.627843,0.000000
2026-09-09,16:15:10,0.323777,0.314716,0.000000,29373.627843,0.000000
2026-09-09,16:15:10,0.306565,0.314716,0.000000,29373.627843,0.000000
2026-09-09,16:15:11,0.335143,0.315008,0.000000,29373.627843,0.000000
2026-09-09,16:15:12,0.346749,0.317208,0.000000,29373.627843,0.000000
2026-09-09,16:15:12,0.329205,0.319212,0.000000,29373.627843,0.000000
2026-09-09,16:15:13,0.329205,0.319212,0.000000,29373.627843,0.000000
2026-09-09,16:15:14,0.325696,0.322684,0.000000,29373.627843,0.000000
2026-09-09,16:15:14,0.319635,0.321978,0.000000,29373.627843,0.000000
2026-09-09,16:15:15,0.313893,0.322386,0.000000,29373.627843,0.000000
2026-09-09,16:15:16,0.306237,0.319787,0.000000,29373.627843,0.000000
2026-09-09,16:15:16,0.306237,0.319787,0.000000,29373.627843,0.000000
2026-09-09,16:15:17,0.345210,0.325211,0.000000,29373.627843,0.000000
2026-09-09,16:15:18,0.353004,0.328134,0.000000,29373.627843,0.000000
2026-09-09,16:15:18,0.325725,0.330050,0.000000,29373.627843,0.000000
2026-09-09,16:15:19,0.325725,0.327809,0.000000,29373.627843,0.000000
2026-09-09,16:15:20,0.312735,0.327809,0.000000,29373.627843,0.000000
2026-09-09,16:15:20,0.311761,0.324310,0.000000,29373.627843,0.000000
2026-09-09,16:15:21,0.333194,0.324709,0.000000,29373.627843,0.000000
2026-09-09,16:15:22,0.353972,0.327537,0.000000,29373.627843,0.000000
2026-09-09,16:15:22,0.353972,0.327537,0.000000,29373.627843,0.000000
2026-09-09,16:15:23,0.307790,0.326352,0.000000,29373.627843,0.000000
2026-09-09,16:15:24,0.341455,0.329108,0.000000,29373.627843,0.000000
2026-09-09,16:15:24,0.348509,0.333336,0.000000,29373.627843,0.000000
2026-09-09,16:15:25,0.326707,0.331485,0.000000,29373.627843,0.000000
2026-09-09,16:15:26,0.326707,0.331485,0.000000,29373.627843,0.000000
2026-09-09,16:15:26,0.325659,0.328751,0.000000,29373.627843,0.000000
2026-09-09,16:15:27,0.316822,0.327861,0.000000,29373.627843,0.000000
2026-09-09,16:15:28,0.309363,0.327523,0.000000,29373.627843,0.000000
2026-09-09,16:15:28,0.309363,0.327284,0.000000,29373.627843,0.000000
2026-09-09,16:15:29,0.309363,0.327284,0.000000,29373.627843,0.000000
2026-09-09,16:15:30,0.343006,0.328265,0.000000,29373.627843,0.000000
2026-09-09,16:15:30,0.336004,0.326468,0.000000,29373.627843,0.000000
2026-09-09,16:15:31,0.338569,0.329546,0.000000,29373.627843,0.000000
2026-09-09,16:15:32,0.338569,0.326179,0.000000,29373.627843,0.000000
2026-09-09,16:15:32,0.307790,0.326179,0.000000,29373.627843,0.000000
2026-09-09,16:15:33,0.287271,0.320056,0.000000,29373.627843,0.000000
2026-09-09,16:15:34,0.321577,0.319543,0.000000,29373.627843,0.000000
2026-09-09,16:15:34,0.307149,0.317692,0.000000,29373.627843,0.000000
2026-09-09,16:15:35,0.307149,0.317692,0.000000,29373.627843,0.000000
2026-09-09,16:15:36,0.320615,0.318071,0.000000,29373.627843,0.000000
2026-09-09,16:15:36,0.287271,0.315862,0.000000,29373.627843,0.000000
2026-09-09,16:15:37,0.351843,0.320110,0.000000,29373.627843,0.000000
2026-09-09,16:15:38,0.351843,0.320387,0.000000,29373.627843,0.000000
2026-09-09,16:15:38,0.345778,0.320387,0.000000,29373.627843,0.000000
2026-09-09,16:15:39,0.345778,0.321364,0.000000,29373.627843,0.000000
2026-09-09,16:15:40,0.342233,0.321731,0.000000,29373.627843,0.000000
2026-09-09,16:15:40,0.309363,0.321888,0.000000,29373.627843,0.000000
2026-09-09,16:15:41,0.309363,0.324097,0.000000,29373.627843,0.000000
2026-09-09,16:15:42,0.309363,0.324097,0.000000,29373.627843,0.000000
2026-09-09,16:15:42,0.341589,0.326098,0.000000,29373.627843,0.000000
2026-09-09,16:15:43,0.350290,0.330412,0.000000,29373.627843,0.000000
2026-09-09,16:15:44,0.309363,0.329287,0.000000,29373.627843,0.000000
2026-09-09,16:15:44,0.309363,0.329287,0.000000,29373.627843,0.000000
2026-09-09,16:15:45,0.316775,0.332238,0.000000,29373.627843,0.000000
2026-09-09,16:15:46,0.309363,0.327990,0.000000,29373.627843,0.000000
2026-09-09,16:15:46,0.309363,0.324348,0.000000,29373.627843,0.000000
2026-09-09,16:15:47,0.309363,0.320707,0.000000,29373.627843,0.000000
2026-09-09,16:15:48,0.309363,0.320707,0.000000,29373.627843,0.000000
2026-09-09,16:15:48,0.288739,0.315357,0.000000,29373.627843,0.000000
2026-09-09,16:15:49,0.291640,0.313585,0.000000,29373.627843,0.000000
2026-09-09,16:15:50,0.302596,0.312908,0.000000,29373.627843,0.000000
2026-09-09,16:15:50,0.302596,0.311716,0.000000,29373.627843,0.000000
2026-09-09,16:15:51,0.329665,0.311716,0.000000,29373.627843,0.000000
2026-09-09,16:15:52,0.322576,0.308945,0.000000,29373.627843,0.000000
2026-09-09,16:15:52,0.309363,0.308945,0.000000,29373.627843,0.000000
2026-09-09,16:15:53,0.309363,0.308203,0.000000,29373.627843,0.000000
2026-09-09,16:15:54,0.309363,0.308203,0.000000,29373.627843,0.000000
2026-09-09,16:15:54,0.312586,0.308526,0.000000,29373.627843,0.000000
2026-09-09,16:15:55,0.309363,0.308526,0.000000,29373.627843,0.000000
2026-09-09,16:15:56,0.309363,0.308526,0.000000,29373.627843,0.000000
2026-09-09,16:15:56,0.309363,0.310588,0.000000,29373.627843,0.000000
2026-09-09,16:15:57,0.309363,0.310588,0.000000,29373.627843,0.000000
2026-09-09,16:15:58,0.309363,0.312360,0.000000,29373.627843,0.000000
2026-09-09,16:15:58,0.317536,0.313854,0.000000,29373.627843,0.000000
2026-09-09,16:15:59,0.342878,0.315176,0.000000,29373.627843,0.000000
2026-09-09,16:16:00,0.342878,0.316916,0.000000,29373.627843,0.000000
2026-09-09,16:16:00,0.339978,0.316916,0.000000,29373.627843,0.000000
2026-09-09,16:16:01,0.350290,0.321008,0.000000,29373.627843,0.000000
2026-09-09,16:16:02,0.325798,0.322652,0.000000,29373.627843,0.000000
2026-09-09,16:16:02,0.319676,0.323361,0.000000,29373.627843,0.000000
2026-09-09,16:16:03,0.319676,0.323361,0.000000,29373.627843,0.000000
2026-09-09,16:16:04,0.309363,0.323361,0.000000,29373.627843,0.000000
2026-09-09,16:16:04,0.309363,0.323361,0.000000,29373.627843,0.000000
2026-09-09,16:16:05,0.342556,0.326680,0.000000,29373.627843,0.000000
2026-09-09,16:16:06,0.342556,0.329677,0.000000,29373.627843,0.000000
2026-09-09,16:16:06,0.339333,0.329677,0.000000,29373.627843,0.000000
2026-09-09,16:16:07,0.335788,0.331502,0.000000,29373.627843,0.000000
2026-09-09,16:16:08,0.327410,0.329955,0.000000,29373.627843,0.000000
2026-09-09,16:16:08,0.344811,0.330439,0.000000,29373.627843,0.000000
2026-09-09,16:16:09,0.344811,0.326346,0.000000,29373.627843,0.000000
2026-09-09,16:16:10,0.309363,0.326346,0.000000,29373.627843,0.000000
2026-09-09,16:16:10,0.343845,0.328151,0.000000,29373.627843,0.000000
2026-09-09,16:16:11,0.350290,0.331212,0.000000,29373.627843,0.000000
2026-09-09,16:16:12,0.343522,0.334628,0.000000,29373.627843,0.000000
2026-09-09,16:16:12,0.343522,0.334628,0.000000,29373.627843,0.000000
2026-09-09,16:16:13,0.309363,0.334628,0.000000,29373.627843,0.000000
2026-09-09,16:16:14,0.342878,0.334660,0.000000,29373.627843,0.000000
2026-09-09,16:16:14,0.331921,0.333919,0.000000,29373.627843,0.000000
2026-09-09,16:16:15,0.331921,0.335361,0.000000,29373.627843,0.000000
2026-09-09,16:16:16,0.350207,0.335361,0.000000,29373.627843,0.000000
2026-09-09,16:16:16,0.307011,0.333321,0.000000,29373.627843,0.000000
2026-09-09,16:16:17,0.339951,0.332835,0.000000,29373.627843,0.000000
2026-09-09,16:16:18,0.332276,0.335126,0.000000,29373.627843,0.000000
2026-09-09,16:16:18,0.332276,0.333138,0.000000,29373.627843,0.000000
2026-09-09,16:16:19,0.323961,0.333138,0.000000,29373.627843,0.000000
2026-09-09,16:16:20,0.343149,0.332424,0.000000,29373.627843,0.000000
2026-09-09,16:16:20,0.307011,0.328773,0.000000,29373.627843,0.000000
2026-09-09,16:16:21,0.313384,0.329175,0.000000,29373.627843,0.000000
2026-09-09,16:16:22,0.313384,0.329175,0.000000,29373.627843,0.000000
2026-09-09,16:16:22,0.313384,0.326226,0.000000,29373.627843,0.000000
2026-09-09,16:16:23,0.324157,0.325449,0.000000,29373.627843,0.000000
2026-09-09,16:16:24,0.324920,0.322921,0.000000,29373.627843,0.000000
2026-09-09,16:16:24,0.324920,0.325031,0.000000,29373.627843,0.000000
2026-09-09,16:16:25,0.328118,0.325031,0.000000,29373.627843,0.000000
2026-09-09,16:16:26,0.333875,0.324424,0.000000,29373.627843,0.000000
2026-09-09,16:16:26,0.336753,0.324871,0.000000,29373.627843,0.000000
2026-09-09,16:16:27,0.337712,0.326246,0.000000,29373.627843,0.000000
2026-09-09,16:16:28,0.337712,0.325767,0.000000,29373.627843,0.000000
2026-09-09,16:16:28,0.338352,0.325767,0.000000,29373.627843,0.000000
2026-09-09,16:16:29,0.331956,0.328261,0.000000,29373.627843,0.000000
2026-09-09,16:16:30,0.331636,0.330086,0.000000,29373.627843,0.000000
2026-09-09,16:16:30,0.330037,0.331752,0.000000,29373.627843,0.000000
2026-09-09,16:16:31,0.330037,0.331752,0.000000,29373.627843,0.000000
2026-09-09,16:16:32,0.328438,0.332180,0.000000,29373.627843,0.000000
2026-09-09,16:16:32,0.329717,0.332659,0.000000,29373.627843,0.000000
2026-09-09,16:16:33,0.332915,0.333139,0.000000,29373.627843,0.000000
2026-09-09,16:16:34,0.332915,0.333555,0.000000,29373.627843,0.000000
2026-09-09,16:16:34,0.338032,0.333555,0.000000,29373.627843,0.000000
2026-09-09,16:16:35,0.307011,0.330581,0.000000,29373.627843,0.000000
2026-09-09,16:16:36,0.307011,0.327511,0.000000,29373.627843,0.000000
2026-09-09,16:16:36,0.290062,0.322682,0.000000,29373.627843,0.000000
2026-09-09,16:16:37,0.290062,0.321338,0.000000,29373.627843,0.000000
2026-09-09,16:16:38,0.318524,0.321338,0.000000,29373.627843,0.000000
2026-09-09,16:16:38,0.300615,0.318236,0.000000,29373.627843,0.000000
2026-09-09,16:16:39,0.307331,0.315966,0.000000,29373.627843,0.000000
2026-09-09,16:16:40,0.332220,0.316344,0.000000,29373.627843,0.000000
2026-09-09,16:16:40,0.332220,0.316344,0.000000,29373.627843,0.000000
2026-09-09,16:16:41,0.325725,0.315945,0.000000,29373.627843,0.000000
2026-09-09,16:16:42,0.311761,0.313829,0.000000,29373.627843,0.000000
2026-09-09,16:16:42,0.311761,0.311202,0.000000,29373.627843,0.000000
2026-09-09,16:16:43,0.311761,0.312976,0.000000,29373.627843,0.000000
2026-09-09,16:16:44,0.324751,0.312976,0.000000,29373.627843,0.000000
2026-09-09,16:16:44,0.305266,0.312802,0.000000,29373.627843,0.000000
2026-09-09,16:16:45,0.312086,0.315004,0.000000,29373.627843,0.000000
2026-09-09,16:16:46,0.332220,0.316373,0.000000,29373.627843,0.000000
2026-09-09,16:16:46,0.332220,0.319534,0.000000,29373.627843,0.000000
2026-09-09,16:16:47,0.332220,0.319534,0.000000,29373.627843,0.000000
2026-09-09,16:16:48,0.327674,0.321568,0.000000,29373.627843,0.000000
2026-09-09,16:16:48,0.306237,0.318970,0.000000,29373.627843,0.000000
2026-09-09,16:16:49,0.343262,0.320724,0.000000,29373.627843,0.000000
2026-09-09,16:16:50,0.343262,0.320724,0.000000,29373.627843,0.000000
2026-09-09,16:16:50,0.340271,0.323575,0.000000,29373.627843,0.000000
2026-09-09,16:16:51,0.340271,0.326426,0.000000,29373.627843,0.000000
2026-09-09,16:16:52,0.343911,0.328342,0.000000,29373.627843,0.000000
2026-09-09,16:16:52,0.343911,0.329121,0.000000,29373.627843,0.000000
2026-09-09,16:16:53,0.313060,0.329121,0.000000,29373.627843,0.000000
2026-09-09,16:16:54,0.311761,0.329089,0.000000,29373.627843,0.000000
2026-09-09,16:16:54,0.337073,0.329574,0.000000,29373.627843,0.000000
2026-09-09,16:16:55,0.347626,0.331114,0.000000,29373.627843,0.000000
2026-09-09,16:16:56,0.347626,0.329144,0.000000,29373.627843,0.000000
2026-09-09,16:16:56,0.307971,0.329144,0.000000,29373.627843,0.000000
2026-09-09,16:16:57,0.307011,0.329222,0.000000,29373.627843,0.000000
2026-09-09,16:16:58,0.311761,0.326071,0.000000,29373.627843,0.000000
2026-09-09,16:16:58,0.311761,0.323220,0.000000,29373.627843,0.000000
2026-09-09,16:16:59,0.311761,0.323220,0.000000,29373.627843,0.000000
2026-09-09,16:17:00,0.339366,0.323130,0.000000,29373.627843,0.000000
2026-09-09,16:17:00,0.350290,0.323768,0.000000,29373.627843,0.000000
2026-09-09,16:17:01,0.322898,0.324752,0.000000,29373.627843,0.000000
2026-09-09,16:17:02,0.322898,0.324512,0.000000,29373.627843,0.000000
2026-09-09,16:17:02,0.309363,0.324512,0.000000,29373.627843,0.000000
2026-09-09,16:17:03,0.309363,0.321741,0.000000,29373.627843,0.000000
2026-09-09,16:17:04,0.309363,0.317915,0.000000,29373.627843,0.000000
2026-09-09,16:17:04,0.309363,0.318054,0.000000,29373.627843,0.000000
2026-09-09,16:17:05,0.309363,0.318289,0.000000,29373.627843,0.000000
2026-09-09,16:17:06,0.309363,0.318289,0.000000,29373.627843,0.000000
2026-09-09,16:17:06,0.309363,0.318050,0.000000,29373.627843,0.000000
2026-09-09,16:17:07,0.309363,0.317810,0.000000,29373.627843,0.000000
2026-09-09,16:17:08,0.309363,0.314810,0.000000,29373.627843,0.000000
2026-09-09,16:17:08,0.309363,0.314810,0.000000,29373.627843,0.000000
2026-09-09,16:17:09,0.309363,0.310717,0.000000,29373.627843,0.000000
2026-09-09,16:17:10,0.309363,0.309363,0.000000,29373.627843,0.000000
2026-09-09,16:17:10,0.329021,0.311329,0.000000,29373.627843,0.000000
2026-09-09,16:17:11,0.329021,0.314455,0.000000,29373.627843,0.000000
2026-09-09,16:17:12,0.340622,0.314455,0.000000,29373.627843,0.000000
2026-09-09,16:17:12,0.350290,0.318548,0.000000,29373.627843,0.000000
2026-09-09,16:17:13,0.339969,0.321608,0.000000,29373.627843,0.000000
2026-09-09,16:17:14,0.329988,0.323671,0.000000,29373.627843,0.000000
2026-09-09,16:17:14,0.329988,0.323671,0.000000,29373.627843,0.000000
2026-09-09,16:17:15,0.309363,0.323671,0.000000,29373.627843,0.000000
2026-09-09,16:17:16,0.322898,0.325024,0.000000,29373.627843,0.000000
2026-09-09,16:17:16,0.343845,0.328472,0.000000,29373.627843,0.000000
2026-09-09,16:17:17,0.317098,0.329246,0.000000,29373.627843,0.000000
2026-09-09,16:17:18,0.317098,0.329246,0.000000,29373.627843,0.000000
2026-09-09,16:17:18,0.313553,0.329665,0.000000,29373.627843,0.000000
2026-09-09,16:17:19,0.310653,0.327828,0.000000,29373.627843,0.000000
2026-09-09,16:17:20,0.309363,0.324702,0.000000,29373.627843,0.000000
2026-09-09,16:17:20,0.309363,0.320609,0.000000,29373.627843,0.000000
2026-09-09,16:17:21,0.309363,0.320609,0.000000,29373.627843,0.000000
2026-09-09,16:17:22,0.309363,0.317549,0.000000,29373.627843,0.000000
2026-09-09,16:17:22,0.309363,0.315486,0.000000,29373.627843,0.000000
2026-09-09,16:17:23,0.328376,0.317388,0.000000,29373.627843,0.000000
2026-09-09,16:17:24,0.328376,0.319224,0.000000,29373.627843,0.000000
2026-09-09,16:17:24,0.341267,0.319224,0.000000,29373.627843,0.000000
2026-09-09,16:17:25,0.333855,0.318225,0.000000,29373.627843,0.000000
2026-09-09,16:17:26,0.309363,0.317452,0.000000,29373.627843,0.000000
2026-09-09,16:17:26,0.351126,0.321209,0.000000,29373.627843,0.000000
2026-09-09,16:17:27,0.351126,0.321209,0.000000,29373.627843,0.000000
2026-09-09,16:17:28,0.316296,0.321774,0.000000,29373.627843,0.000000
2026-09-09,16:17:28,0.304703,0.321308,0.000000,29373.627843,0.000000
2026-09-09,16:17:29,0.310158,0.321387,0.000000,29373.627843,0.000000
2026-09-09,16:17:30,0.310158,0.321954,0.000000,29373.627843,0.000000
2026-09-09,16:17:30,0.315029,0.321954,0.000000,29373.627843,0.000000
2026-09-09,16:17:31,0.315029,0.322520,0.000000,29373.627843,0.000000
2026-09-09,16:17:32,0.315685,0.321251,0.000000,29373.627843,0.000000
2026-09-09,16:17:32,0.310330,0.318157,0.000000,29373.627843,0.000000
2026-09-09,16:17:33,0.310330,0.315773,0.000000,29373.627843,0.000000
2026-09-09,16:17:34,0.310008,0.315773,0.000000,29373.627843,0.000000
2026-09-09,16:17:34,0.309363,0.315773,0.000000,29373.627843,0.000000
2026-09-09,16:17:35,0.309363,0.311596,0.000000,29373.627843,0.000000
2026-09-09,16:17:36,0.309363,0.310903,0.000000,29373.627843,0.000000
2026-09-09,16:17:36,0.309363,0.310903,0.000000,29373.627843,0.000000
2026-09-09,16:17:37,0.333855,0.313818,0.000000,29373.627843,0.000000
2026-09-09,16:17:38,0.324187,0.315221,0.000000,29373.627843,0.000000
2026-09-09,16:17:38,0.313553,0.315074,0.000000,29373.627843,0.000000
2026-09-09,16:17:39,0.313553,0.318052,0.000000,29373.627843,0.000000
2026-09-09,16:17:40,0.344811,0.318052,0.000000,29373.627843,0.000000
2026-09-09,16:17:40,0.350290,0.321512,0.000000,29373.627843,0.000000
2026-09-09,16:17:41,0.329343,0.323414,0.000000,29373.627843,0.000000
2026-09-09,16:17:42,0.309363,0.323349,0.000000,29373.627843,0.000000
2026-09-09,16:17:42,0.309363,0.324284,0.000000,29373.627843,0.000000
2026-09-09,16:17:43,0.318709,0.324284,0.000000,29373.627843,0.000000
2026-09-09,16:17:44,0.312908,0.324638,0.000000,29373.627843,0.000000
2026-09-09,16:17:44,0.309363,0.324638,0.000000,29373.627843,0.000000
2026-09-09,16:17:45,0.342878,0.325541,0.000000,29373.627843,0.000000
2026-09-09,16:17:46,0.342878,0.325541,0.000000,29373.627843,0.000000
2026-09-09,16:17:46,0.341911,0.327313,0.000000,29373.627843,0.000000
2026-09-09,16:17:47,0.340944,0.330052,0.000000,29373.627843,0.000000
2026-09-09,16:17:48,0.338689,0.329440,0.000000,29373.627843,0.000000
2026-09-09,16:17:48,0.338689,0.328450,0.000000,29373.627843,0.000000
2026-09-09,16:17:49,0.340388,0.328450,0.000000,29373.627843,0.000000
2026-09-09,16:17:50,0.331921,0.328708,0.000000,29373.627843,0.000000
2026-09-09,16:17:50,0.328376,0.330609,0.000000,29373.627843,0.000000
2026-09-09,16:17:51,0.322898,0.331028,0.000000,29373.627843,0.000000
2026-09-09,16:17:52,0.322898,0.333896,0.000000,29373.627843,0.000000
2026-09-09,16:17:52,0.341589,0.333896,0.000000,29373.627843,0.000000
2026-09-09,16:17:53,0.309363,0.333896,0.000000,29373.627843,0.000000
2026-09-09,16:17:54,0.341589,0.333767,0.000000,29373.627843,0.000000
2026-09-09,16:17:54,0.350290,0.334605,0.000000,29373.627843,0.000000
2026-09-09,16:17:55,0.350290,0.334605,0.000000,29373.627843,0.000000
2026-09-09,16:17:56,0.309363,0.331447,0.000000,29373.627843,0.000000
2026-09-09,16:17:56,0.343522,0.331930,0.000000,29373.627843,0.000000
2026-09-09,16:17:57,0.314204,0.329312,0.000000,29373.627843,0.000000
2026-09-09,16:17:58,0.314204,0.330472,0.000000,29373.627843,0.000000
2026-09-09,16:17:58,0.343522,0.330472,0.000000,29373.627843,0.000000
2026-09-09,16:17:59,0.355771,0.333211,0.000000,29373.627843,0.000000
2026-09-09,16:18:00,0.330310,0.333952,0.000000,29373.627843,0.000000
2026-09-09,16:18:00,0.309363,0.330730,0.000000,29373.627843,0.000000
2026-09-09,16:18:01,0.309363,0.331954,0.000000,29373.627843,0.000000
2026-09-09,16:18:02,0.321609,0.331954,0.000000,29373.627843,0.000000
2026-09-09,16:18:02,0.311297,0.328925,0.000000,29373.627843,0.000000
2026-09-09,16:18:03,0.314520,0.325348,0.000000,29373.627843,0.000000
2026-09-09,16:18:04,0.345134,0.328925,0.000000,29373.627843,0.000000
2026-09-09,16:18:04,0.345134,0.328925,0.000000,29373.627843,0.000000
2026-09-09,16:18:05,0.323543,0.326927,0.000000,29373.627843,0.000000
2026-09-09,16:18:06,0.326443,0.328151,0.000000,29373.627843,0.000000
2026-09-09,16:18:06,0.325154,0.326314,0.000000,29373.627843,0.000000
2026-09-09,16:18:07,0.325154,0.325412,0.000000,29373.627843,0.000000
2026-09-09,16:18:08,0.346745,0.325412,0.000000,29373.627843,0.000000
2026-09-09,16:18:08,0.313231,0.323704,0.000000,29373.627843,0.000000
2026-09-09,16:18:09,0.309363,0.323704,0.000000,29373.627843,0.000000
2026-09-09,16:18:10,0.339333,0.325476,0.000000,29373.627843,0.000000
2026-09-09,16:18:10,0.339333,0.328957,0.000000,29373.627843,0.000000
2026-09-09,16:18:11,0.346100,0.328957,0.000000,29373.627843,0.000000
2026-09-09,16:18:12,0.309363,0.328441,0.000000,29373.627843,0.000000
2026-09-09,16:18:12,0.340944,0.328022,0.000000,29373.627843,0.000000
2026-09-09,16:18:13,0.330310,0.328699,0.000000,29373.627843,0.000000
2026-09-09,16:18:14,0.330310,0.328699,0.000000,29373.627843,0.000000
2026-09-09,16:18:14,0.309363,0.326991,0.000000,29373.627843,0.000000
2026-09-09,16:18:15,0.316775,0.326153,0.000000,29373.627843,0.000000
2026-09-09,16:18:16,0.309363,0.322415,0.000000,29373.627843,0.000000
2026-09-09,16:18:17,0.309363,0.325347,0.000000,29373.627843,0.000000
2026-09-09,16:18:17,0.342556,0.325347,0.000000,29373.627843,0.000000
2026-09-09,16:18:18,0.333533,0.327764,0.000000,29373.627843,0.000000
2026-09-09,16:18:19,0.346100,0.328441,0.000000,29373.627843,0.000000
2026-09-09,16:18:19,0.344489,0.328280,0.000000,29373.627843,0.000000
2026-09-09,16:18:20,0.344489,0.332372,0.000000,29373.627843,0.000000
2026-09-09,16:18:21,0.350290,0.332372,0.000000,29373.627843,0.000000
2026-09-09,16:18:21,0.327410,0.331019,0.000000,29373.627843,0.000000
2026-09-09,16:18:22,0.323543,0.330342,0.000000,29373.627843,0.000000
2026-09-09,16:18:23,0.344811,0.333887,0.000000,29373.627843,0.000000
2026-09-09,16:18:23,0.344811,0.333887,0.000000,29373.627843,0.000000
2026-09-09,16:18:24,0.342233,0.336433,0.000000,29373.627843,0.000000
2026-09-09,16:18:25,0.340300,0.339526,0.000000,29373.627843,0.000000
2026-09-09,16:18:25,0.314197,0.336691,0.000000,29373.627843,0.000000
2026-09-09,16:18:26,0.314197,0.334725,0.000000,29373.627843,0.000000
2026-09-09,16:18:27,0.313875,0.334725,0.000000,29373.627843,0.000000
2026-09-09,16:18:27,0.319808,0.332096,0.000000,29373.627843,0.000000
2026-09-09,16:18:28,0.308574,0.328504,0.000000,29373.627843,0.000000
2026-09-09,16:18:29,0.342968,0.327772,0.000000,29373.627843,0.000000
2026-09-09,16:18:29,0.342968,0.329199,0.000000,29373.627843,0.000000
2026-09-09,16:18:30,0.341682,0.329199,0.000000,29373.627843,0.000000
2026-09-09,16:18:31,0.339110,0.330756,0.000000,29373.627843,0.000000
2026-09-09,16:18:31,0.349396,0.331214,0.000000,29373.627843,0.000000
2026-09-09,16:18:32,0.349396,0.331931,0.000000,29373.627843,0.000000
2026-09-09,16:18:33,0.349396,0.331931,0.000000,29373.627843,0.000000
2026-09-09,16:18:33,0.322717,0.330172,0.000000,29373.627843,0.000000
2026-09-09,16:18:34,0.312432,0.329996,0.000000,29373.627843,0.000000
2026-09-09,16:18:35,0.314204,0.330029,0.000000,29373.627843,0.000000
2026-09-09,16:18:35,0.314204,0.332152,0.000000,29373.627843,0.000000
2026-09-09,16:18:36,0.341042,0.332152,0.000000,29373.627843,0.000000
2026-09-09,16:18:37,0.347588,0.336054,0.000000,29373.627843,0.000000
2026-09-09,16:18:37,0.309363,0.332693,0.000000,29373.627843,0.000000
2026-09-09,16:18:38,0.335144,0.332039,0.000000,29373.627843,0.000000
2026-09-09,16:18:39,0.335144,0.330225,0.000000,29373.627843,0.000000
2026-09-09,16:18:39,0.320965,0.330225,0.000000,29373.627843,0.000000
2026-09-09,16:18:40,0.309363,0.326222,0.000000,29373.627843,0.000000
2026-09-09,16:18:41,0.339333,0.325215,0.000000,29373.627843,0.000000
2026-09-09,16:18:41,0.309363,0.323880,0.000000,29373.627843,0.000000
2026-09-09,16:18:42,0.309363,0.323880,0.000000,29373.627843,0.000000
2026-09-09,16:18:43,0.310653,0.323702,0.000000,29373.627843,0.000000
2026-09-09,16:18:43,0.342556,0.326537,0.000000,29373.627843,0.000000
2026-09-09,16:18:44,0.311297,0.323563,0.000000,29373.627843,0.000000
2026-09-09,16:18:45,0.311297,0.319805,0.000000,29373.627843,0.000000
2026-09-09,16:18:45,0.310008,0.319805,0.000000,29373.627843,0.000000
2026-09-09,16:18:46,0.309363,0.319805,0.000000,29373.627843,0.000000
2026-09-09,16:18:47,0.342556,0.320546,0.000000,29373.627843,0.000000
2026-09-09,16:18:47,0.355771,0.324026,0.000000,29373.627843,0.000000
2026-09-09,16:18:48,0.355771,0.326017,0.000000,29373.627843,0.000000
2026-09-09,16:18:49,0.329272,0.326017,0.000000,29373.627843,0.000000
2026-09-09,16:18:49,0.330124,0.325096,0.000000,29373.627843,0.000000
2026-09-09,16:18:50,0.343200,0.328480,0.000000,29373.627843,0.000000
2026-09-09,16:18:51,0.309363,0.328351,0.000000,29373.627843,0.000000
2026-09-09,16:18:51,0.309363,0.328351,0.000000,29373.627843,0.000000
2026-09-09,16:18:52,0.347261,0.328822,0.000000,29373.627843,0.000000
2026-09-09,16:18:53,0.333968,0.331089,0.000000,29373.627843,0.000000
2026-09-09,16:18:53,0.343932,0.334481,0.000000,29373.627843,0.000000
2026-09-09,16:18:54,0.308574,0.334402,0.000000,29373.627843,0.000000
2026-09-09,16:18:55,0.308574,0.334402,0.000000,29373.627843,0.000000
2026-09-09,16:18:55,0.342646,0.334411,0.000000,29373.627843,0.000000
2026-09-09,16:18:56,0.338146,0.332649,0.000000,29373.627843,0.000000
2026-09-09,16:18:57,0.330753,0.332797,0.000000,29373.627843,0.000000
2026-09-09,16:18:57,0.330753,0.330642,0.000000,29373.627843,0.000000
2026-09-09,16:18:58,0.308574,0.330642,0.000000,29373.627843,0.000000
2026-09-09,16:18:59,0.322769,0.328599,0.000000,29373.627843,0.000000
2026-09-09,16:18:59,0.309363,0.328599,0.000000,29373.627843,0.000000
2026-09-09,16:19:00,0.343200,0.328193,0.000000,29373.627843,0.000000
2026-09-09,16:19:01,0.343200,0.328826,0.000000,29373.627843,0.000000
2026-09-09,16:19:01,0.340300,0.328826,0.000000,29373.627843,0.000000
2026-09-09,16:19:02,0.330310,0.327464,0.000000,29373.627843,0.000000
2026-09-09,16:19:03,0.328699,0.329476,0.000000,29373.627843,0.000000
2026-09-09,16:19:03,0.328376,0.328049,0.000000,29373.627843,0.000000
2026-09-09,16:19:04,0.328376,0.328049,0.000000,29373.627843,0.000000
2026-09-09,16:19:05,0.329665,0.327201,0.000000,29373.627843,0.000000
2026-09-09,16:19:05,0.331277,0.327253,0.000000,29373.627843,0.000000
2026-09-09,16:19:06,0.331599,0.329556,0.000000,29373.627843,0.000000
2026-09-09,16:19:07,0.331599,0.330374,0.000000,29373.627843,0.000000
2026-09-09,16:19:07,0.330954,0.330374,0.000000,29373.627843,0.000000
2026-09-09,16:19:08,0.329343,0.332372,0.000000,29373.627843,0.000000
2026-09-09,16:19:09,0.326765,0.330729,0.000000,29373.627843,0.000000
2026-09-09,16:19:09,0.315029,0.328202,0.000000,29373.627843,0.000000
2026-09-09,16:19:10,0.315029,0.329500,0.000000,29373.627843,0.000000
2026-09-09,16:19:11,0.343289,0.329500,0.000000,29373.627843,0.000000
2026-09-09,16:19:11,0.342646,0.330895,0.000000,29373.627843,0.000000
2026-09-09,16:19:12,0.342968,0.332354,0.000000,29373.627843,0.000000
2026-09-09,16:19:13,0.344575,0.333845,0.000000,29373.627843,0.000000
2026-09-09,16:19:13,0.344575,0.333845,0.000000,29373.627843,0.000000
2026-09-09,16:19:14,0.320146,0.332731,0.000000,29373.627843,0.000000
2026-09-09,16:19:15,0.344575,0.334029,0.000000,29373.627843,0.000000
2026-09-09,16:19:15,0.342646,0.335198,0.000000,29373.627843,0.000000
2026-09-09,16:19:16,0.342646,0.333282,0.000000,29373.627843,0.000000
2026-09-09,16:19:17,0.310182,0.333282,0.000000,29373.627843,0.000000
2026-09-09,16:19:17,0.308574,0.331463,0.000000,29373.627843,0.000000
2026-09-09,16:19:18,0.349396,0.334900,0.000000,29373.627843,0.000000
2026-09-09,16:19:19,0.313074,0.331878,0.000000,29373.627843,0.000000
2026-09-09,16:19:19,0.313074,0.332438,0.000000,29373.627843,0.000000
2026-09-09,16:19:20,0.348243,0.332438,0.000000,29373.627843,0.000000
2026-09-09,16:19:21,0.334824,0.331624,0.000000,29373.627843,0.000000
2026-09-09,16:19:21,0.348897,0.332056,0.000000,29373.627843,0.000000
2026-09-09,16:19:22,0.309363,0.330978,0.000000,29373.627843,0.000000
2026-09-09,16:19:23,0.309363,0.330978,0.000000,29373.627843,0.000000
2026-09-09,16:19:23,0.341589,0.330679,0.000000,29373.627843,0.000000
2026-09-09,16:19:24,0.334499,0.329864,0.000000,29373.627843,0.000000
2026-09-09,16:19:25,0.323865,0.331233,0.000000,29373.627843,0.000000
2026-09-09,16:19:25,0.323865,0.331569,0.000000,29373.627843,0.000000
2026-09-09,16:19:26,0.311942,0.331569,0.000000,29373.627843,0.000000
2026-09-09,16:19:27,0.343845,0.331014,0.000000,29373.627843,0.000000
2026-09-09,16:19:27,0.336133,0.333320,0.000000,29373.627843,0.000000
2026-09-09,16:19:28,0.314204,0.329916,0.000000,29373.627843,0.000000
2026-09-09,16:19:29,0.314204,0.328337,0.000000,29373.627843,0.000000
2026-09-09,16:19:29,0.319031,0.328337,0.000000,29373.627843,0.000000
2026-09-09,16:19:30,0.312586,0.324706,0.000000,29373.627843,0.000000
2026-09-09,16:19:31,0.309363,0.324706,0.000000,29373.627843,0.000000
2026-09-09,16:19:31,0.309363,0.321483,0.000000,29373.627843,0.000000
2026-09-09,16:19:32,0.309363,0.321483,0.000000,29373.627843,0.000000
2026-09-09,16:19:33,0.309363,0.318970,0.000000,29373.627843,0.000000
2026-09-09,16:19:33,0.309363,0.317519,0.000000,29373.627843,0.000000
2026-09-09,16:19:34,0.341589,0.320484,0.000000,29373.627843,0.000000
2026-09-09,16:19:35,0.341589,0.320877,0.000000,29373.627843,0.000000
2026-09-09,16:19:35,0.347774,0.320877,0.000000,29373.627843,0.000000
2026-09-09,16:19:36,0.335250,0.320789,0.000000,29373.627843,0.000000
2026-09-09,16:19:37,0.331363,0.322505,0.000000,29373.627843,0.000000
2026-09-09,16:19:37,0.326181,0.323220,0.000000,29373.627843,0.000000
2026-09-09,16:19:38,0.326181,0.324288,0.000000,29373.627843,0.000000
2026-09-09,16:19:39,0.323265,0.324288,0.000000,29373.627843,0.000000
2026-09-09,16:19:39,0.343996,0.327751,0.000000,29373.627843,0.000000
2026-09-09,16:19:40,0.310957,0.327910,0.000000,29373.627843,0.000000
2026-09-09,16:19:41,0.310957,0.328069,0.000000,29373.627843,0.000000
2026-09-09,16:19:41,0.310957,0.328069,0.000000,29373.627843,0.000000
2026-09-09,16:19:42,0.342700,0.331403,0.000000,29373.627843,0.000000
2026-09-09,16:19:43,0.332659,0.330510,0.000000,29373.627843,0.000000
2026-09-09,16:19:43,0.347235,0.330456,0.000000,29373.627843,0.000000
2026-09-09,16:19:44,0.347235,0.331525,0.000000,29373.627843,0.000000
2026-09-09,16:19:45,0.345939,0.331525,0.000000,29373.627843,0.000000
2026-09-09,16:19:45,0.333307,0.331719,0.000000,29373.627843,0.000000
2026-09-09,16:19:46,0.316787,0.330780,0.000000,29373.627843,0.000000
2026-09-09,16:19:47,0.343996,0.332853,0.000000,29373.627843,0.000000
2026-09-09,16:19:47,0.343996,0.331331,0.000000,29373.627843,0.000000
2026-09-09,16:19:48,0.328772,0.331331,0.000000,29373.627843,0.000000
2026-09-09,16:19:49,0.315167,0.331752,0.000000,29373.627843,0.000000
2026-09-09,16:19:49,0.344967,0.335153,0.000000,29373.627843,0.000000
2026-09-09,16:19:50,0.338489,0.334732,0.000000,29373.627843,0.000000
2026-09-09,16:19:51,0.338489,0.334732,0.000000,29373.627843,0.000000
2026-09-09,16:19:51,0.329096,0.334376,0.000000,29373.627843,0.000000
2026-09-09,16:19:52,0.321970,0.331849,0.000000,29373.627843,0.000000
2026-09-09,16:19:53,0.310957,0.328351,0.000000,29373.627843,0.000000
2026-09-09,16:19:53,0.310957,0.329193,0.000000,29373.627843,0.000000
2026-09-09,16:19:54,0.341728,0.329193,0.000000,29373.627843,0.000000
2026-09-09,16:19:55,0.332335,0.330748,0.000000,29373.627843,0.000000
2026-09-09,16:19:55,0.323589,0.328707,0.000000,29373.627843,0.000000
2026-09-09,16:19:56,0.342052,0.330035,0.000000,29373.627843,0.000000
2026-09-09,16:19:57,0.342052,0.329614,0.000000,29373.627843,0.000000
2026-09-09,16:19:57,0.310957,0.329614,0.000000,29373.627843,0.000000
2026-09-09,16:19:58,0.310957,0.326213,0.000000,29373.627843,0.000000
2026-09-09,16:19:59,0.311928,0.323557,0.000000,29373.627843,0.000000
2026-09-09,16:19:59,0.326504,0.323298,0.000000,29373.627843,0.000000
2026-09-09,16:20:00,0.326504,0.323298,0.000000,29373.627843,0.000000
2026-09-09,16:20:01,0.309337,0.322034,0.000000,29373.627843,0.000000
2026-09-09,16:20:01,0.326334,0.323572,0.000000,29373.627843,0.000000
2026-09-09,16:20:02,0.318997,0.321299,0.000000,29373.627843,0.000000
2026-09-09,16:20:03,0.293257,0.317391,0.000000,29373.627843,0.000000
2026-09-09,16:20:03,0.293257,0.317391,0.000000,29373.627843,0.000000
2026-09-09,16:20:04,0.318786,0.316911,0.000000,29373.627843,0.000000
2026-09-09,16:20:05,0.317253,0.314431,0.000000,29373.627843,0.000000
2026-09-09,16:20:05,0.317253,0.315061,0.000000,29373.627843,0.000000
2026-09-09,16:20:06,0.317253,0.315305,0.000000,29373.627843,0.000000
2026-09-09,16:20:07,0.313396,0.315305,0.000000,29373.627843,0.000000
2026-09-09,16:20:07,0.308574,0.314969,0.000000,29373.627843,0.000000
2026-09-09,16:20:08,0.315029,0.313822,0.000000,29373.627843,0.000000
2026-09-09,16:20:09,0.338569,0.316745,0.000000,29373.627843,0.000000
2026-09-09,16:20:09,0.338569,0.316430,0.000000,29373.627843,0.000000
2026-09-09,16:20:10,0.323180,0.316430,0.000000,29373.627843,0.000000
2026-09-09,16:20:11,0.340493,0.318579,0.000000,29373.627843,0.000000
2026-09-09,16:20:11,0.307790,0.320032,0.000000,29373.627843,0.000000
2026-09-09,16:20:12,0.341455,0.322299,0.000000,29373.627843,0.000000
2026-09-09,16:20:13,0.341455,0.322299,0.000000,29373.627843,0.000000
2026-09-09,16:20:13,0.331195,0.323694,0.000000,29373.627843,0.000000
2026-09-09,16:20:14,0.328483,0.324817,0.000000,29373.627843,0.000000
2026-09-09,16:20:15,0.310035,0.324480,0.000000,29373.627843,0.000000
2026-09-09,16:20:15,0.310035,0.324402,0.000000,29373.627843,0.000000
2026-09-09,16:20:16,0.307790,0.324402,0.000000,29373.627843,0.000000
2026-09-09,16:20:17,0.342096,0.327109,0.000000,29373.627843,0.000000
2026-09-09,16:20:17,0.342096,0.327461,0.000000,29373.627843,0.000000
2026-09-09,16:20:18,0.344643,0.329608,0.000000,29373.627843,0.000000
2026-09-09,16:20:19,0.344643,0.329608,0.000000,29373.627843,0.000000
2026-09-09,16:20:19,0.334309,0.328989,0.000000,29373.627843,0.000000
2026-09-09,16:20:20,0.346749,0.332885,0.000000,29373.627843,0.000000
2026-09-09,16:20:21,0.346749,0.333415,0.000000,29373.627843,0.000000
2026-09-09,16:20:21,0.340479,0.334343,0.000000,29373.627843,0.000000
2026-09-09,16:20:22,0.340479,0.334343,0.000000,29373.627843,0.000000
2026-09-09,16:20:23,0.325136,0.334008,0.000000,29373.627843,0.000000
2026-09-09,16:20:23,0.312079,0.334213,0.000000,29373.627843,0.000000
2026-09-09,16:20:24,0.292492,0.332683,0.000000,29373.627843,0.000000
2026-09-09,16:20:25,0.292492,0.329191,0.000000,29373.627843,0.000000
2026-09-09,16:20:25,0.307182,0.329191,0.000000,29373.627843,0.000000
2026-09-09,16:20:26,0.328825,0.327864,0.000000,29373.627843,0.000000
2026-09-09,16:20:27,0.322075,0.325607,0.000000,29373.627843,0.000000
2026-09-09,16:20:27,0.288003,0.320977,0.000000,29373.627843,0.000000
2026-09-09,16:20:28,0.288003,0.320977,0.000000,29373.627843,0.000000
2026-09-09,16:20:29,0.325932,0.318895,0.000000,29373.627843,0.000000
2026-09-09,16:20:29,0.309860,0.315206,0.000000,29373.627843,0.000000
2026-09-09,16:20:30,0.318860,0.313044,0.000000,29373.627843,0.000000
2026-09-09,16:20:31,0.342325,0.314763,0.000000,29373.627843,0.000000
2026-09-09,16:20:31,0.342325,0.314763,0.000000,29373.627843,0.000000
2026-09-09,16:20:32,0.308574,0.314413,0.000000,29373.627843,0.000000
2026-09-09,16:20:33,0.340396,0.319203,0.000000,29373.627843,0.000000
2026-09-09,16:20:33,0.340718,0.322557,0.000000,29373.627843,0.000000
2026-09-09,16:20:34,0.340718,0.323746,0.000000,29373.627843,0.000000
2026-09-09,16:20:35,0.340718,0.323746,0.000000,29373.627843,0.000000
2026-09-09,16:20:35,0.349396,0.326478,0.000000,29373.627843,0.000000
2026-09-09,16:20:36,0.349396,0.332618,0.000000,29373.627843,0.000000
2026-09-09,16:20:37,0.331396,0.333164,0.000000,29373.627843,0.000000
2026-09-09,16:20:37,0.331396,0.333164,0.000000,29373.627843,0.000000
2026-09-09,16:20:38,0.349396,0.337118,0.000000,29373.627843,0.000000
2026-09-09,16:20:39,0.349396,0.340171,0.000000,29373.627843,0.000000
2026-09-09,16:20:39,0.349396,0.340878,0.000000,29373.627843,0.000000
2026-09-09,16:20:40,0.349396,0.344961,0.000000,29373.627843,0.000000
2026-09-09,16:20:41,0.349396,0.344961,0.000000,29373.627843,0.000000
2026-09-09,16:20:41,0.331396,0.344061,0.000000,29373.627843,0.000000
2026-09-09,16:20:42,0.329146,0.342903,0.000000,29373.627843,0.000000
2026-09-09,16:20:43,0.328825,0.341714,0.000000,29373.627843,0.000000
2026-09-09,16:20:43,0.328825,0.339014,0.000000,29373.627843,0.000000
2026-09-09,16:20:44,0.322396,0.339014,0.000000,29373.627843,0.000000
2026-09-09,16:20:45,0.323039,0.336378,0.000000,29373.627843,0.000000
2026-09-09,16:20:45,0.313384,0.334577,0.000000,29373.627843,0.000000
2026-09-09,16:20:46,0.308896,0.330527,0.000000,29373.627843,0.000000
2026-09-09,16:20:47,0.308896,0.330527,0.000000,29373.627843,0.000000
2026-09-09,16:20:47,0.327860,0.328373,0.000000,29373.627843,0.000000
2026-09-09,16:20:48,0.330110,0.326445,0.000000,29373.627843,0.000000
2026-09-09,16:20:49,0.332682,0.324773,0.000000,29373.627843,0.000000
2026-09-09,16:20:49,0.332682,0.326573,0.000000,29373.627843,0.000000
2026-09-09,16:20:50,0.349396,0.326573,0.000000,29373.627843,0.000000
2026-09-09,16:20:51,0.322396,0.325898,0.000000,29373.627843,0.000000
2026-09-09,16:20:51,0.295582,0.322574,0.000000,29373.627843,0.000000
2026-09-09,16:20:52,0.290977,0.319432,0.000000,29373.627843,0.000000
2026-09-09,16:20:53,0.290977,0.317622,0.000000,29373.627843,0.000000
2026-09-09,16:20:53,0.304941,0.317622,0.000000,29373.627843,0.000000
2026-09-09,16:20:54,0.321179,0.318402,0.000000,29373.627843,0.000000
2026-09-09,16:20:55,0.284389,0.315951,0.000000,29373.627843,0.000000
2026-09-09,16:20:55,0.302727,0.313438,0.000000,29373.627843,0.000000
2026-09-09,16:20:56,0.302727,0.313438,0.000000,29373.627843,0.000000
2026-09-09,16:20:57,0.330512,0.313478,0.000000,29373.627843,0.000000
2026-09-09,16:20:57,0.289480,0.309158,0.000000,29373.627843,0.000000
2026-09-09,16:20:58,0.311450,0.305363,0.000000,29373.627843,0.000000
2026-09-09,16:20:59,0.311450,0.307338,0.000000,29373.627843,0.000000
2026-09-09,16:20:59,0.342143,0.307338,0.000000,29373.627843,0.000000
2026-09-09,16:21:00,0.311450,0.308925,0.000000,29373.627843,0.000000
2026-09-09,16:21:01,0.341173,0.313944,0.000000,29373.627843,0.000000
2026-09-09,16:21:01,0.310158,0.314466,0.000000,29373.627843,0.000000
2026-09-09,16:21:02,0.310158,0.313364,0.000000,29373.627843,0.000000
2026-09-09,16:21:03,0.310158,0.313364,0.000000,29373.627843,0.000000
2026-09-09,16:21:03,0.335681,0.318493,0.000000,29373.627843,0.000000
2026-09-09,16:21:04,0.342789,0.322499,0.000000,29373.627843,0.000000
2026-09-09,16:21:05,0.343435,0.323792,0.000000,29373.627843,0.000000
2026-09-09,16:21:05,0.343435,0.323792,0.000000,29373.627843,0.000000
2026-09-09,16:21:06,0.324696,0.327313,0.000000,29373.627843,0.000000
2026-09-09,16:21:07,0.310158,0.327184,0.000000,29373.627843,0.000000
2026-09-09,16:21:07,0.351189,0.328089,0.000000,29373.627843,0.000000
2026-09-09,16:21:08,0.351189,0.329445,0.000000,29373.627843,0.000000
2026-09-09,16:21:09,0.325019,0.329445,0.000000,29373.627843,0.000000
2026-09-09,16:21:09,0.310158,0.326344,0.000000,29373.627843,0.000000
2026-09-09,16:21:10,0.327604,0.328088,0.000000,29373.627843,0.000000
2026-09-09,16:21:11,0.340527,0.331125,0.000000,29373.627843,0.000000
2026-09-09,16:21:11,0.340527,0.331319,0.000000,29373.627843,0.000000
2026-09-09,16:21:12,0.337619,0.331319,0.000000,29373.627843,0.000000
2026-09-09,16:21:13,0.336973,0.330738,0.000000,29373.627843,0.000000
2026-09-09,16:21:13,0.338589,0.330253,0.000000,29373.627843,0.000000
2026-09-09,16:21:14,0.340204,0.331804,0.000000,29373.627843,0.000000
2026-09-09,16:21:15,0.340204,0.331804,0.000000,29373.627843,0.000000
2026-09-09,16:21:15,0.342466,0.335035,0.000000,29373.627843,0.000000
2026-09-09,16:21:16,0.343112,0.334227,0.000000,29373.627843,0.000000
2026-09-09,16:21:17,0.348829,0.336608,0.000000,29373.627843,0.000000
2026-09-09,16:21:17,0.348829,0.338852,0.000000,29373.627843,0.000000
2026-09-09,16:21:18,0.332595,0.338852,0.000000,29373.627843,0.000000
2026-09-09,16:21:19,0.328438,0.338935,0.000000,29373.627843,0.000000
2026-09-09,16:21:19,0.307011,0.335584,0.000000,29373.627843,0.000000
2026-09-09,16:21:20,0.342829,0.336105,0.000000,29373.627843,0.000000
2026-09-09,16:21:21,0.342829,0.333108,0.000000,29373.627843,0.000000
2026-09-09,16:21:21,0.307011,0.333108,0.000000,29373.627843,0.000000
2026-09-09,16:21:22,0.338672,0.333117,0.000000,29373.627843,0.000000
2026-09-09,16:21:23,0.323321,0.331428,0.000000,29373.627843,0.000000
2026-09-09,16:21:23,0.307331,0.327915,0.000000,29373.627843,0.000000
2026-09-09,16:21:24,0.307331,0.327915,0.000000,29373.627843,0.000000
2026-09-09,16:21:25,0.344723,0.328076,0.000000,29373.627843,0.000000
2026-09-09,16:21:26,0.332318,0.326425,0.000000,29373.627843,0.000000
2026-09-09,16:21:26,0.308930,0.324058,0.000000,29373.627843,0.000000
2026-09-09,16:21:27,0.308930,0.321916,0.000000,29373.627843,0.000000
2026-09-09,16:21:28,0.307011,0.321916,0.000000,29373.627843,0.000000
2026-09-09,16:21:28,0.325880,0.323803,0.000000,29373.627843,0.000000
2026-09-09,16:21:29,0.346184,0.324138,0.000000,29373.627843,0.000000
2026-09-09,16:21:30,0.346509,0.328088,0.000000,29373.627843,0.000000
2026-09-09,16:21:30,0.346509,0.325397,0.000000,29373.627843,0.000000
2026-09-09,16:21:31,0.311761,0.325397,0.000000,29373.627843,0.000000
2026-09-09,16:21:32,0.290977,0.322162,0.000000,29373.627843,0.000000
2026-09-09,16:21:32,0.325076,0.323937,0.000000,29373.627843,0.000000
2026-09-09,16:21:33,0.324101,0.321875,0.000000,29373.627843,0.000000
2026-09-09,16:21:34,0.324101,0.321875,0.000000,29373.627843,0.000000
2026-09-09,16:21:34,0.312086,0.319851,0.000000,29373.627843,0.000000
2026-09-09,16:21:35,0.348458,0.323804,0.000000,29373.627843,0.000000
2026-09-09,16:21:36,0.340151,0.327118,0.000000,29373.627843,0.000000
2026-09-09,16:21:36,0.340151,0.326063,0.000000,29373.627843,0.000000
2026-09-09,16:21:37,0.315327,0.326063,0.000000,29373.627843,0.000000
2026-09-09,16:21:38,0.310158,0.322460,0.000000,29373.627843,0.000000
2026-09-09,16:21:38,0.310158,0.318825,0.000000,29373.627843,0.000000
2026-09-09,16:21:39,0.343435,0.321992,0.000000,29373.627843,0.000000
2026-09-09,16:21:40,0.343435,0.328565,0.000000,29373.627843,0.000000
2026-09-09,16:21:40,0.356705,0.328565,0.000000,29373.627843,0.000000
2026-09-09,16:21:41,0.333406,0.329398,0.000000,29373.627843,0.000000
2026-09-09,16:21:42,0.350470,0.332035,0.000000,29373.627843,0.000000
2026-09-09,16:21:42,0.315029,0.332329,0.000000,29373.627843,0.000000
2026-09-09,16:21:43,0.315029,0.332329,0.000000,29373.627843,0.000000
2026-09-09,16:21:44,0.341819,0.331666,0.000000,29373.627843,0.000000
2026-09-09,16:21:44,0.336973,0.331348,0.000000,29373.627843,0.000000
2026-09-09,16:21:45,0.332127,0.333028,0.000000,29373.627843,0.000000
2026-09-09,16:21:46,0.332127,0.334676,0.000000,29373.627843,0.000000
2026-09-09,16:21:46,0.326635,0.334676,0.000000,29373.627843,0.000000
2026-09-09,16:21:47,0.323404,0.336000,0.000000,29373.627843,0.000000
2026-09-09,16:21:48,0.344404,0.336097,0.000000,29373.627843,0.000000
2026-09-09,16:21:48,0.316942,0.332121,0.000000,29373.627843,0.000000
2026-09-09,16:21:49,0.316942,0.330216,0.000000,29373.627843,0.000000
2026-09-09,16:21:50,0.314358,0.330216,0.000000,29373.627843,0.000000
2026-09-09,16:21:50,0.316619,0.326831,0.000000,29373.627843,0.000000
2026-09-09,16:21:51,0.344727,0.329801,0.000000,29373.627843,0.000000
2026-09-09,16:21:52,0.311450,0.326764,0.000000,29373.627843,0.000000
2026-09-09,16:21:52,0.311450,0.326764,0.000000,29373.627843,0.000000
2026-09-09,16:21:53,0.313065,0.324373,0.000000,29373.627843,0.000000
2026-09-09,16:21:54,0.311127,0.322273,0.000000,29373.627843,0.000000
2026-09-09,16:21:54,0.310158,0.320625,0.000000,29373.627843,0.000000
2026-09-09,16:21:55,0.310158,0.319301,0.000000,29373.627843,0.000000
2026-09-09,16:21:56,0.310158,0.319301,0.000000,29373.627843,0.000000
2026-09-09,16:21:56,0.310158,0.315876,0.000000,29373.627843,0.000000
2026-09-09,16:21:57,0.310158,0.315198,0.000000,29373.627843,0.000000
2026-09-09,16:21:58,0.343435,0.318105,0.000000,29373.627843,0.000000
2026-09-09,16:21:58,0.343435,0.320561,0.000000,29373.627843,0.000000
2026-09-09,16:21:59,0.341173,0.320561,0.000000,29373.627843,0.000000
2026-09-09,16:22:00,0.336650,0.319753,0.000000,29373.627843,0.000000
2026-09-09,16:22:00,0.323404,0.320948,0.000000,29373.627843,0.000000
2026-09-09,16:22:01,0.312419,0.320884,0.000000,29373.627843,0.000000
2026-09-09,16:22:02,0.312419,0.320884,0.000000,29373.627843,0.000000
2026-09-09,16:22:02,0.344404,0.324212,0.000000,29373.627843,0.000000
2026-09-09,16:22:03,0.333096,0.326505,0.000000,29373.627843,0.000000
2026-09-09,16:22:04,0.318235,0.327313,0.000000,29373.627843,0.000000
2026-09-09,16:22:04,0.343435,0.330641,0.000000,29373.627843,0.000000
2026-09-09,16:22:05,0.343435,0.330641,0.000000,29373.627843,0.000000
2026-09-09,16:22:06,0.324050,0.332030,0.000000,29373.627843,0.000000
2026-09-09,16:22:06,0.329865,0.330673,0.000000,29373.627843,0.000000
2026-09-09,16:22:07,0.310158,0.327572,0.000000,29373.627843,0.000000
2026-09-09,16:22:08,0.310158,0.324922,0.000000,29373.627843,0.000000
2026-09-09,16:22:08,0.310158,0.324922,0.000000,29373.627843,0.000000
2026-09-09,16:22:09,0.326635,0.325245,0.000000,29373.627843,0.000000
2026-09-09,16:22:10,0.310158,0.325019,0.000000,29373.627843,0.000000
2026-09-09,16:22:10,0.336327,0.324212,0.000000,29373.627843,0.000000
2026-09-09,16:22:11,0.336327,0.324212,0.000000,29373.627843,0.000000
2026-09-09,16:22:12,0.344081,0.325310,0.000000,29373.627843,0.000000
2026-09-09,16:22:12,0.344081,0.327895,0.000000,29373.627843,0.000000
2026-09-09,16:22:13,0.327423,0.326293,0.000000,29373.627843,0.000000
2026-09-09,16:22:14,0.327423,0.325517,0.000000,29373.627843,0.000000
2026-09-09,16:22:14,0.316286,0.325517,0.000000,29373.627843,0.000000
2026-09-09,16:22:15,0.312570,0.323788,0.000000,29373.627843,0.000000
2026-09-09,16:22:16,0.312570,0.324029,0.000000,29373.627843,0.000000
2026-09-09,16:22:16,0.337641,0.326777,0.000000,29373.627843,0.000000
2026-09-09,16:22:17,0.337641,0.328464,0.000000,29373.627843,0.000000
2026-09-09,16:22:18,0.343501,0.328464,0.000000,29373.627843,0.000000
2026-09-09,16:22:18,0.347734,0.332221,0.000000,29373.627843,0.000000
2026-09-09,16:22:19,0.326653,0.331254,0.000000,29373.627843,0.000000
2026-09-09,16:22:20,0.343586,0.331205,0.000000,29373.627843,0.000000
2026-09-09,16:22:20,0.343586,0.331205,0.000000,29373.627843,0.000000
2026-09-09,16:22:21,0.311761,0.327973,0.000000,29373.627843,0.000000
2026-09-09,16:22:22,0.353004,0.330531,0.000000,29373.627843,0.000000
2026-09-09,16:22:22,0.334493,0.332351,0.000000,29373.627843,0.000000
2026-09-09,16:22:23,0.334493,0.333927,0.000000,29373.627843,0.000000
2026-09-09,16:22:24,0.328323,0.333927,0.000000,29373.627843,0.000000
2026-09-09,16:22:24,0.326050,0.335275,0.000000,29373.627843,0.000000
2026-09-09,16:22:25,0.325725,0.334083,0.000000,29373.627843,0.000000
2026-09-09,16:22:26,0.348782,0.334611,0.000000,29373.627843,0.000000
2026-09-09,16:22:26,0.348782,0.332540,0.000000,29373.627843,0.000000
2026-09-09,16:22:27,0.327024,0.332540,0.000000,29373.627843,0.000000
2026-09-09,16:22:28,0.332220,0.333097,0.000000,29373.627843,0.000000
2026-09-09,16:22:28,0.335792,0.332318,0.000000,29373.627843,0.000000
2026-09-09,16:22:29,0.353004,0.336442,0.000000,29373.627843,0.000000
2026-09-09,16:22:30,0.353004,0.336442,0.000000,29373.627843,0.000000
2026-09-09,16:22:30,0.338715,0.335013,0.000000,29373.627843,0.000000
2026-09-09,16:22:31,0.353004,0.336864,0.000000,29373.627843,0.000000
2026-09-09,16:22:32,0.327610,0.336793,0.000000,29373.627843,0.000000
2026-09-09,16:22:32,0.327610,0.335806,0.000000,29373.627843,0.000000
2026-09-09,16:22:33,0.316188,0.335806,0.000000,29373.627843,0.000000
2026-09-09,16:22:34,0.329678,0.336202,0.000000,29373.627843,0.000000
2026-09-09,16:22:34,0.318491,0.333173,0.000000,29373.627843,0.000000
2026-09-09,16:22:35,0.308574,0.331328,0.000000,29373.627843,0.000000
2026-09-09,16:22:36,0.308574,0.328963,0.000000,29373.627843,0.000000
2026-09-09,16:22:36,0.308574,0.328963,0.000000,29373.627843,0.000000
2026-09-09,16:22:37,0.337182,0.329102,0.000000,29373.627843,0.000000
2026-09-09,16:22:38,0.324003,0.326202,0.000000,29373.627843,0.000000
2026-09-09,16:22:38,0.308574,0.323188,0.000000,29373.627843,0.000000
2026-09-09,16:22:39,0.308574,0.323188,0.000000,29373.627843,0.000000
2026-09-09,16:22:40,0.331718,0.321059,0.000000,29373.627843,0.000000
2026-09-09,16:22:40,0.308896,0.319188,0.000000,29373.627843,0.000000
2026-09-09,16:22:41,0.332360,0.320805,0.000000,29373.627843,0.000000
2026-09-09,16:22:42,0.332360,0.318695,0.000000,29373.627843,0.000000
2026-09-09,16:22:42,0.308574,0.318695,0.000000,29373.627843,0.000000
2026-09-09,16:22:43,0.322717,0.319117,0.000000,29373.627843,0.000000
2026-09-09,16:22:44,0.342325,0.322492,0.000000,29373.627843,0.000000
2026-09-09,16:22:44,0.324646,0.324100,0.000000,29373.627843,0.000000
2026-09-09,16:22:45,0.324646,0.321239,0.000000,29373.627843,0.000000
2026-09-09,16:22:46,0.308574,0.321239,0.000000,29373.627843,0.000000
2026-09-09,16:22:46,0.340718,0.322910,0.000000,29373.627843,0.000000
2026-09-09,16:22:47,0.330110,0.325064,0.000000,29373.627843,0.000000
2026-09-09,16:22:48,0.330007,0.324893,0.000000,29373.627843,0.000000
2026-09-09,16:22:48,0.330007,0.327754,0.000000,29373.627843,0.000000
2026-09-09,16:22:49,0.337503,0.327754,0.000000,29373.627843,0.000000
2026-09-09,16:22:50,0.310824,0.325600,0.000000,29373.627843,0.000000
2026-09-09,16:22:50,0.308574,0.325600,0.000000,29373.627843,0.000000
2026-09-09,16:22:51,0.349396,0.328268,0.000000,29373.627843,0.000000
2026-09-09,16:22:52,0.349396,0.328268,0.000000,29373.627843,0.000000
2026-09-09,16:22:52,0.326896,0.326725,0.000000,29373.627843,0.000000
2026-09-09,16:22:53,0.318860,0.326146,0.000000,29373.627843,0.000000
2026-09-09,16:22:54,0.308574,0.326146,0.000000,29373.627843,0.000000
2026-09-09,16:22:54,0.308574,0.322932,0.000000,29373.627843,0.000000
2026-09-09,16:22:55,0.308574,0.322932,0.000000,29373.627843,0.000000
2026-09-09,16:22:56,0.337825,0.323704,0.000000,29373.627843,0.000000
2026-09-09,16:22:56,0.331075,0.323810,0.000000,29373.627843,0.000000
2026-09-09,16:22:57,0.323682,0.322428,0.000000,29373.627843,0.000000
2026-09-09,16:22:58,0.323682,0.326308,0.000000,29373.627843,0.000000
2026-09-09,16:22:58,0.349620,0.326308,0.000000,29373.627843,0.000000
2026-09-09,16:22:59,0.317955,0.327246,0.000000,29373.627843,0.000000
2026-09-09,16:23:00,0.348640,0.327170,0.000000,29373.627843,0.000000
2026-09-09,16:23:00,0.354843,0.329965,0.000000,29373.627843,0.000000
2026-09-09,16:23:01,0.354843,0.329965,0.000000,29373.627843,0.000000
2026-09-09,16:23:02,0.321256,0.330204,0.000000,29373.627843,0.000000
2026-09-09,16:23:02,0.307790,0.330126,0.000000,29373.627843,0.000000
2026-09-09,16:23:03,0.348509,0.334119,0.000000,29373.627843,0.000000
2026-09-09,16:23:04,0.348509,0.334514,0.000000,29373.627843,0.000000
2026-09-09,16:23:04,0.341776,0.334514,0.000000,29373.627843,0.000000
2026-09-09,16:23:05,0.341776,0.335584,0.000000,29373.627843,0.000000
2026-09-09,16:23:06,0.327027,0.335919,0.000000,29373.627843,0.000000
2026-09-09,16:23:06,0.311638,0.332121,0.000000,29373.627843,0.000000
2026-09-09,16:23:07,0.311638,0.334246,0.000000,29373.627843,0.000000
2026-09-09,16:23:08,0.339211,0.334246,0.000000,29373.627843,0.000000
2026-09-09,16:23:08,0.307790,0.330161,0.000000,29373.627843,0.000000
2026-09-09,16:23:09,0.322714,0.326949,0.000000,29373.627843,0.000000
2026-09-09,16:23:10,0.312432,0.326066,0.000000,29373.627843,0.000000
2026-09-09,16:23:10,0.312432,0.326066,0.000000,29373.627843,0.000000
2026-09-09,16:23:11,0.309539,0.326241,0.000000,29373.627843,0.000000
2026-09-09,16:23:12,0.308574,0.322248,0.000000,29373.627843,0.000000
2026-09-09,16:23:12,0.308574,0.318927,0.000000,29373.627843,0.000000
2026-09-09,16:23:13,0.308574,0.315607,0.000000,29373.627843,0.000000
2026-09-09,16:23:14,0.308574,0.315607,0.000000,29373.627843,0.000000
2026-09-09,16:23:14,0.336539,0.316559,0.000000,29373.627843,0.000000
2026-09-09,16:23:15,0.309217,0.316317,0.000000,29373.627843,0.000000
2026-09-09,16:23:16,0.315513,0.313947,0.000000,29373.627843,0.000000
2026-09-09,16:23:16,0.315513,0.316392,0.000000,29373.627843,0.000000
2026-09-09,16:23:17,0.332244,0.316392,0.000000,29373.627843,0.000000
2026-09-09,16:23:18,0.311297,0.315250,0.000000,29373.627843,0.000000
2026-09-09,16:23:18,0.350290,0.319036,0.000000,29373.627843,0.000000
2026-09-09,16:23:19,0.342233,0.322306,0.000000,29373.627843,0.000000
2026-09-09,16:23:20,0.342233,0.322306,0.000000,29373.627843,0.000000
2026-09-09,16:23:20,0.341589,0.325607,0.000000,29373.627843,0.000000
2026-09-09,16:23:21,0.346100,0.329360,0.000000,29373.627843,0.000000
2026-09-09,16:23:22,0.341911,0.332693,0.000000,29373.627843,0.000000
2026-09-09,16:23:22,0.341911,0.331442,0.000000,29373.627843,0.000000
2026-09-09,16:23:23,0.324023,0.331442,0.000000,29373.627843,0.000000
2026-09-09,16:23:24,0.334834,0.334003,0.000000,29373.627843,0.000000
2026-09-09,16:23:24,0.307011,0.333153,0.000000,29373.627843,0.000000
2026-09-09,16:23:25,0.342829,0.334212,0.000000,29373.627843,0.000000
2026-09-09,16:23:26,0.342829,0.336693,0.000000,29373.627843,0.000000
2026-09-09,16:23:26,0.336113,0.336693,0.000000,29373.627843,0.000000
2026-09-09,16:23:27,0.316168,0.333281,0.000000,29373.627843,0.000000
2026-09-09,16:23:28,0.332076,0.332265,0.000000,29373.627843,0.000000
2026-09-09,16:23:28,0.344970,0.332604,0.000000,29373.627843,0.000000
2026-09-09,16:23:29,0.344970,0.332604,0.000000,29373.627843,0.000000
2026-09-09,16:23:30,0.338146,0.331808,0.000000,29373.627843,0.000000
2026-09-09,16:23:30,0.320146,0.329632,0.000000,29373.627843,0.000000
2026-09-09,16:23:31,0.308574,0.328087,0.000000,29373.627843,0.000000
2026-09-09,16:23:32,0.308574,0.328289,0.000000,29373.627843,0.000000
2026-09-09,16:23:32,0.336860,0.328289,0.000000,29373.627843,0.000000
2026-09-09,16:23:33,0.308574,0.328446,0.000000,29373.627843,0.000000
2026-09-09,16:23:34,0.349293,0.329092,0.000000,29373.627843,0.000000
2026-09-09,16:23:34,0.335583,0.329039,0.000000,29373.627843,0.000000
2026-09-09,16:23:35,0.335583,0.328795,0.000000,29373.627843,0.000000
2026-09-09,16:23:36,0.313727,0.328795,0.000000,29373.627843,0.000000
2026-09-09,16:23:36,0.339311,0.329519,0.000000,29373.627843,0.000000
2026-09-09,16:23:37,0.326050,0.327627,0.000000,29373.627843,0.000000
2026-09-09,16:23:38,0.305467,0.324359,0.000000,29373.627843,0.000000
2026-09-09,16:23:38,0.305467,0.324359,0.000000,29373.627843,0.000000
2026-09-09,16:23:39,0.336014,0.325945,0.000000,29373.627843,0.000000
2026-09-09,16:23:40,0.325832,0.327671,0.000000,29373.627843,0.000000
2026-09-09,16:23:40,0.326050,0.326590,0.000000,29373.627843,0.000000
2026-09-09,16:23:41,0.326050,0.330384,0.000000,29373.627843,0.000000
2026-09-09,16:23:42,0.346509,0.330384,0.000000,29373.627843,0.000000
2026-09-09,16:23:42,0.311761,0.326630,0.000000,29373.627843,0.000000
2026-09-09,16:23:43,0.311761,0.324248,0.000000,29373.627843,0.000000
2026-09-09,16:23:44,0.342612,0.327137,0.000000,29373.627843,0.000000
2026-09-09,16:23:44,0.342612,0.326265,0.000000,29373.627843,0.000000
2026-09-09,16:23:45,0.330596,0.326265,0.000000,29373.627843,0.000000
2026-09-09,16:23:46,0.316632,0.325323,0.000000,29373.627843,0.000000
2026-09-09,16:23:46,0.337180,0.328495,0.000000,29373.627843,0.000000
2026-09-09,16:23:47,0.318997,0.326793,0.000000,29373.627843,0.000000
2026-09-09,16:23:48,0.318997,0.326793,0.000000,29373.627843,0.000000
2026-09-09,16:23:48,0.306237,0.324833,0.000000,29373.627843,0.000000
2026-09-09,16:23:49,0.334493,0.325678,0.000000,29373.627843,0.000000
2026-09-09,16:23:50,0.344561,0.325483,0.000000,29373.627843,0.000000
2026-09-09,16:23:50,0.344561,0.329242,0.000000,29373.627843,0.000000
2026-09-09,16:23:51,0.349354,0.329242,0.000000,29373.627843,0.000000
2026-09-09,16:23:52,0.329096,0.330976,0.000000,29373.627843,0.000000
2026-09-09,16:23:52,0.318407,0.328555,0.000000,29373.627843,0.000000
2026-09-09,16:23:53,0.310957,0.326591,0.000000,29373.627843,0.000000
2026-09-09,16:23:54,0.310957,0.328291,0.000000,29373.627843,0.000000
2026-09-09,16:23:54,0.333631,0.328291,0.000000,29373.627843,0.000000
2026-09-09,16:23:55,0.342052,0.328778,0.000000,29373.627843,0.000000
2026-09-09,16:23:56,0.343024,0.331181,0.000000,29373.627843,0.000000
2026-09-09,16:23:56,0.328124,0.333370,0.000000,29373.627843,0.000000
2026-09-09,16:23:57,0.328124,0.333370,0.000000,29373.627843,0.000000
2026-09-09,16:23:58,0.316139,0.331534,0.000000,29373.627843,0.000000
2026-09-09,16:23:58,0.310957,0.328174,0.000000,29373.627843,0.000000
2026-09-09,16:23:59,0.339137,0.327152,0.000000,29373.627843,0.000000
2026-09-09,16:24:00,0.339137,0.327735,0.000000,29373.627843,0.000000
2026-09-09,16:24:00,0.334926,0.327735,0.000000,29373.627843,0.000000
2026-09-09,16:24:01,0.332011,0.329096,0.000000,29373.627843,0.000000
2026-09-09,16:24:02,0.328448,0.330845,0.000000,29373.627843,0.000000
2026-09-09,16:24:02,0.323589,0.329841,0.000000,29373.627843,0.000000
2026-09-09,16:24:03,0.323589,0.326893,0.000000,29373.627843,0.000000
2026-09-09,16:24:04,0.312576,0.326893,0.000000,29373.627843,0.000000
2026-09-09,16:24:04,0.344967,0.327087,0.000000,29373.627843,0.000000
2026-09-09,16:24:05,0.310957,0.325371,0.000000,29373.627843,0.000000
2026-09-09,16:24:06,0.310957,0.324852,0.000000,29373.627843,0.000000
2026-09-09,16:24:06,0.310957,0.324852,0.000000,29373.627843,0.000000
2026-09-09,16:24:07,0.339549,0.327712,0.000000,29373.627843,0.000000
2026-09-09,16:24:08,0.308574,0.324655,0.000000,29373.627843,0.000000
2026-09-09,16:24:08,0.338789,0.325042,0.000000,29373.627843,0.000000
2026-09-09,16:24:09,0.338789,0.324241,0.000000,29373.627843,0.000000
2026-09-09,16:24:10,0.324003,0.324241,0.000000,29373.627843,0.000000
2026-09-09,16:24:10,0.308574,0.322254,0.000000,29373.627843,0.000000
2026-09-09,16:24:11,0.340075,0.323902,0.000000,29373.627843,0.000000
2026-09-09,16:24:12,0.335397,0.326184,0.000000,29373.627843,0.000000
2026-09-09,16:24:12,0.335397,0.326184,0.000000,29373.627843,0.000000
2026-09-09,16:24:13,0.310733,0.322761,0.000000,29373.627843,0.000000
2026-09-09,16:24:14,0.304703,0.322135,0.000000,29373.627843,0.000000
2026-09-09,16:24:14,0.340988,0.325139,0.000000,29373.627843,0.000000
2026-09-09,16:24:15,0.340988,0.323868,0.000000,29373.627843,0.000000
2026-09-09,16:24:16,0.326839,0.323868,0.000000,29373.627843,0.000000
2026-09-09,16:24:16,0.338672,0.326877,0.000000,29373.627843,0.000000
2026-09-09,16:24:17,0.307011,0.323700,0.000000,29373.627843,0.000000
2026-09-09,16:24:18,0.341550,0.325454,0.000000,29373.627843,0.000000
2026-09-09,16:24:18,0.341550,0.329359,0.000000,29373.627843,0.000000
2026-09-09,16:24:19,0.347626,0.329359,0.000000,29373.627843,0.000000
2026-09-09,16:24:20,0.320763,0.327428,0.000000,29373.627843,0.000000
2026-09-09,16:24:20,0.307011,0.324590,0.000000,29373.627843,0.000000
2026-09-09,16:24:21,0.347626,0.328279,0.000000,29373.627843,0.000000
2026-09-09,16:24:22,0.347626,0.328279,0.000000,29373.627843,0.000000
2026-09-09,16:24:22,0.346509,0.332460,0.000000,29373.627843,0.000000
2026-09-09,16:24:23,0.345535,0.332914,0.000000,29373.627843,0.000000
2026-09-09,16:24:24,0.326050,0.332835,0.000000,29373.627843,0.000000
2026-09-09,16:24:24,0.326050,0.333731,0.000000,29373.627843,0.000000
2026-09-09,16:24:25,0.347626,0.333731,0.000000,29373.627843,0.000000
2026-09-09,16:24:26,0.311169,0.334146,0.000000,29373.627843,0.000000
2026-09-09,16:24:26,0.332915,0.333283,0.000000,29373.627843,0.000000
2026-09-09,16:24:27,0.314359,0.329956,0.000000,29373.627843,0.000000
2026-09-09,16:24:28,0.314359,0.333180,0.000000,29373.627843,0.000000
2026-09-09,16:24:28,0.353004,0.333180,0.000000,29373.627843,0.000000
2026-09-09,16:24:29,0.343911,0.336870,0.000000,29373.627843,0.000000
2026-09-09,16:24:30,0.345860,0.336694,0.000000,29373.627843,0.000000
2026-09-09,16:24:30,0.353004,0.337343,0.000000,29373.627843,0.000000
2026-09-09,16:24:31,0.353004,0.337343,0.000000,29373.627843,0.000000
2026-09-09,16:24:32,0.331895,0.335979,0.000000,29373.627843,0.000000
2026-09-09,16:24:32,0.328648,0.336239,0.000000,29373.627843,0.000000
2026-09-09,16:24:33,0.346834,0.336160,0.000000,29373.627843,0.000000
2026-09-09,16:24:34,0.346834,0.339596,0.000000,29373.627843,0.000000
2026-09-09,16:24:34,0.345535,0.339596,0.000000,29373.627843,0.000000
2026-09-09,16:24:35,0.318581,0.338163,0.000000,29373.627843,0.000000
2026-09-09,16:24:36,0.315008,0.338228,0.000000,29373.627843,0.000000
2026-09-09,16:24:36,0.312410,0.334169,0.000000,29373.627843,0.000000
2026-09-09,16:24:37,0.312410,0.330954,0.000000,29373.627843,0.000000
2026-09-09,16:24:38,0.311761,0.330954,0.000000,29373.627843,0.000000
2026-09-09,16:24:38,0.311761,0.327544,0.000000,29373.627843,0.000000
2026-09-09,16:24:39,0.311761,0.323419,0.000000,29373.627843,0.000000
2026-09-09,16:24:40,0.329622,0.323192,0.000000,29373.627843,0.000000
2026-09-09,16:24:40,0.329622,0.323192,0.000000,29373.627843,0.000000
2026-09-09,16:24:41,0.342937,0.324621,0.000000,29373.627843,0.000000
2026-09-09,16:24:42,0.330272,0.322965,0.000000,29373.627843,0.000000
2026-09-09,16:24:42,0.349107,0.323322,0.000000,29373.627843,0.000000
2026-09-09,16:24:43,0.344561,0.325920,0.000000,29373.627843,0.000000
2026-09-09,16:24:44,0.344561,0.325920,0.000000,29373.627843,0.000000
2026-09-09,16:24:44,0.306237,0.325043,0.000000,29373.627843,0.000000
2026-09-09,16:24:45,0.341327,0.327934,0.000000,29373.627843,0.000000
2026-09-09,16:24:46,0.347008,0.331459,0.000000,29373.627843,0.000000
2026-09-09,16:24:46,0.347008,0.334853,0.000000,29373.627843,0.000000
2026-09-09,16:24:47,0.345702,0.334853,0.000000,29373.627843,0.000000
2026-09-09,16:24:48,0.346029,0.338280,0.000000,29373.627843,0.000000
2026-09-09,16:24:48,0.347987,0.340117,0.000000,29373.627843,0.000000
2026-09-09,16:24:49,0.307790,0.336602,0.000000,29373.627843,0.000000
2026-09-09,16:24:50,0.307790,0.336602,0.000000,29373.627843,0.000000
2026-09-09,16:24:50,0.307790,0.334354,0.000000,29373.627843,0.000000
2026-09-09,16:24:51,0.307790,0.330222,0.000000,29373.627843,0.000000
2026-09-09,16:24:52,0.312570,0.327023,0.000000,29373.627843,0.000000
2026-09-09,16:24:52,0.312570,0.327656,0.000000,29373.627843,0.000000
2026-09-09,16:24:53,0.312570,0.327656,0.000000,29373.627843,0.000000
2026-09-09,16:24:54,0.313221,0.324846,0.000000,29373.627843,0.000000
2026-09-09,16:24:54,0.315826,0.321728,0.000000,29373.627843,0.000000
2026-09-09,16:24:55,0.339311,0.321089,0.000000,29373.627843,0.000000
2026-09-09,16:24:56,0.339311,0.320737,0.000000,29373.627843,0.000000
2026-09-09,16:24:56,0.342509,0.320737,0.000000,29373.627843,0.000000
2026-09-09,16:24:57,0.326571,0.318595,0.000000,29373.627843,0.000000
2026-09-09,16:24:58,0.328850,0.320701,0.000000,29373.627843,0.000000
2026-09-09,16:24:58,0.350013,0.324923,0.000000,29373.627843,0.000000
2026-09-09,16:24:59,0.350013,0.324923,0.000000,29373.627843,0.000000
2026-09-09,16:25:00,0.350013,0.329145,0.000000,29373.627843,0.000000
2026-09-09,16:25:00,0.349037,0.332792,0.000000,29373.627843,0.000000
2026-09-09,16:25:01,0.317128,0.333248,0.000000,29373.627843,0.000000
2026-09-09,16:25:02,0.317128,0.333183,0.000000,29373.627843,0.000000
2026-09-09,16:25:02,0.312570,0.333183,0.000000,29373.627843,0.000000
2026-09-09,16:25:03,0.353920,0.336992,0.000000,29373.627843,0.000000
2026-09-09,16:25:04,0.318050,0.334866,0.000000,29373.627843,0.000000
2026-09-09,16:25:04,0.307790,0.331394,0.000000,29373.627843,0.000000
2026-09-09,16:25:05,0.307790,0.331985,0.000000,29373.627843,0.000000
2026-09-09,16:25:06,0.332478,0.331985,0.000000,29373.627843,0.000000
2026-09-09,16:25:06,0.343058,0.333406,0.000000,29373.627843,0.000000
2026-09-09,16:25:07,0.347987,0.333203,0.000000,29373.627843,0.000000
2026-09-09,16:25:08,0.335909,0.331793,0.000000,29373.627843,0.000000
2026-09-09,16:25:08,0.335909,0.331793,0.000000,29373.627843,0.000000
2026-09-09,16:25:09,0.349620,0.331851,0.000000,29373.627843,0.000000
2026-09-09,16:25:10,0.313384,0.331477,0.000000,29373.627843,0.000000
2026-09-09,16:25:10,0.349396,0.335159,0.000000,29373.627843,0.000000
2026-09-09,16:25:11,0.349396,0.332135,0.000000,29373.627843,0.000000
2026-09-09,16:25:12,0.323682,0.332135,0.000000,29373.627843,0.000000
2026-09-09,16:25:12,0.308574,0.331188,0.000000,29373.627843,0.000000
2026-09-09,16:25:13,0.341039,0.334513,0.000000,29373.627843,0.000000
2026-09-09,16:25:14,0.333968,0.334662,0.000000,29373.627843,0.000000
2026-09-09,16:25:14,0.333968,0.333399,0.000000,29373.627843,0.000000
2026-09-09,16:25:15,0.330432,0.333399,0.000000,29373.627843,0.000000
2026-09-09,16:25:16,0.324646,0.331065,0.000000,29373.627843,0.000000
2026-09-09,16:25:16,0.329468,0.330421,0.000000,29373.627843,0.000000
2026-09-09,16:25:17,0.335575,0.329016,0.000000,29373.627843,0.000000
2026-09-09,16:25:18,0.335575,0.329016,0.000000,29373.627843,0.000000
2026-09-09,16:25:18,0.341361,0.331814,0.000000,29373.627843,0.000000
2026-09-09,16:25:19,0.308574,0.327732,0.000000,29373.627843,0.000000
2026-09-09,16:25:20,0.308574,0.326221,0.000000,29373.627843,0.000000
2026-09-09,16:25:20,0.308574,0.326221,0.000000,29373.627843,0.000000
2026-09-09,16:25:21,0.308574,0.326221,0.000000,29373.627843,0.000000
2026-09-09,16:25:22,0.308574,0.322975,0.000000,29373.627843,0.000000
2026-09-09,16:25:22,0.308574,0.320435,0.000000,29373.627843,0.000000
2026-09-09,16:25:23,0.326253,0.320017,0.000000,29373.627843,0.000000
2026-09-09,16:25:24,0.326253,0.320950,0.000000,29373.627843,0.000000
2026-09-09,16:25:24,0.333968,0.320950,0.000000,29373.627843,0.000000
2026-09-09,16:25:25,0.327217,0.320725,0.000000,29373.627843,0.000000
2026-09-09,16:25:26,0.345861,0.321753,0.000000,29373.627843,0.000000
2026-09-09,16:25:26,0.340718,0.321689,0.000000,29373.627843,0.000000
2026-09-09,16:25:27,0.340718,0.321689,0.000000,29373.627843,0.000000
2026-09-09,16:25:28,0.308574,0.321689,0.000000,29373.627843,0.000000
2026-09-09,16:25:28,0.339432,0.324775,0.000000,29373.627843,0.000000
2026-09-09,16:25:29,0.329146,0.326832,0.000000,29373.627843,0.000000
2026-09-09,16:25:30,0.329146,0.327925,0.000000,29373.627843,0.000000
2026-09-09,16:25:30,0.319503,0.327925,0.000000,29373.627843,0.000000
2026-09-09,16:25:31,0.308574,0.327925,0.000000,29373.627843,0.000000
2026-09-09,16:25:32,0.308574,0.326157,0.000000,29373.627843,0.000000
2026-09-09,16:25:32,0.329468,0.325707,0.000000,29373.627843,0.000000
2026-09-09,16:25:33,0.329468,0.327442,0.000000,29373.627843,0.000000
2026-09-09,16:25:34,0.344575,0.327442,0.000000,29373.627843,0.000000
2026-09-09,16:25:34,0.308574,0.323714,0.000000,29373.627843,0.000000
2026-09-09,16:25:35,0.343932,0.324035,0.000000,29373.627843,0.000000
2026-09-09,16:25:36,0.349396,0.328118,0.000000,29373.627843,0.000000
2026-09-09,16:25:36,0.349396,0.328118,0.000000,29373.627843,0.000000
2026-09-09,16:25:37,0.308574,0.325032,0.000000,29373.627843,0.000000
2026-09-09,16:25:38,0.344575,0.326575,0.000000,29373.627843,0.000000
2026-09-09,16:25:38,0.342003,0.328825,0.000000,29373.627843,0.000000
2026-09-09,16:25:39,0.342003,0.332232,0.000000,29373.627843,0.000000
2026-09-09,16:25:40,0.342646,0.332232,0.000000,29373.627843,0.000000
2026-09-09,16:25:40,0.321753,0.333550,0.000000,29373.627843,0.000000
2026-09-09,16:25:41,0.324967,0.333100,0.000000,29373.627843,0.000000
2026-09-09,16:25:42,0.306003,0.329243,0.000000,29373.627843,0.000000
2026-09-09,16:25:42,0.306003,0.331268,0.000000,29373.627843,0.000000
2026-09-09,16:25:43,0.328825,0.331268,0.000000,29373.627843,0.000000
2026-09-09,16:25:44,0.323682,0.329243,0.000000,29373.627843,0.000000
2026-09-09,16:25:44,0.288003,0.323103,0.000000,29373.627843,0.000000
2026-09-09,16:25:45,0.324967,0.324742,0.000000,29373.627843,0.000000
2026-09-09,16:25:46,0.324967,0.324742,0.000000,29373.627843,0.000000
2026-09-09,16:25:46,0.305039,0.320789,0.000000,29373.627843,0.000000
2026-09-09,16:25:47,0.332682,0.319857,0.000000,29373.627843,0.000000
2026-09-09,16:25:48,0.338146,0.319407,0.000000,29373.627843,0.000000
2026-09-09,16:25:49,0.338146,0.321303,0.000000,29373.627843,0.000000
2026-09-09,16:25:49,0.340718,0.321303,0.000000,29373.627843,0.000000
2026-09-09,16:25:50,0.337825,0.322589,0.000000,29373.627843,0.000000
2026-09-09,16:25:51,0.343661,0.326355,0.000000,29373.627843,0.000000
2026-09-09,16:25:51,0.341697,0.327642,0.000000,29373.627843,0.000000
2026-09-09,16:25:52,0.341697,0.329214,0.000000,29373.627843,0.000000
2026-09-09,16:25:53,0.339406,0.329214,0.000000,29373.627843,0.000000
2026-09-09,16:25:53,0.337115,0.334126,0.000000,29373.627843,0.000000
2026-09-09,16:25:54,0.326653,0.334294,0.000000,29373.627843,0.000000
2026-09-09,16:25:55,0.324101,0.336200,0.000000,29373.627843,0.000000
2026-09-09,16:25:55,0.324101,0.336200,0.000000,29373.627843,0.000000
2026-09-09,16:25:56,0.322187,0.335151,0.000000,29373.627843,0.000000
2026-09-09,16:25:57,0.326504,0.333987,0.000000,29373.627843,0.000000
2026-09-09,16:25:57,0.327152,0.332630,0.000000,29373.627843,0.000000
2026-09-09,16:25:58,0.327152,0.331174,0.000000,29373.627843,0.000000
2026-09-09,16:25:59,0.323265,0.331174,0.000000,29373.627843,0.000000
2026-09-09,16:25:59,0.325209,0.329329,0.000000,29373.627843,0.000000
2026-09-09,16:26:00,0.329096,0.328069,0.000000,29373.627843,0.000000
2026-09-09,16:26:01,0.333307,0.327459,0.000000,29373.627843,0.000000
2026-09-09,16:26:01,0.333307,0.327402,0.000000,29373.627843,0.000000
2026-09-09,16:26:02,0.336546,0.327402,0.000000,29373.627843,0.000000
2026-09-09,16:26:03,0.332714,0.328008,0.000000,29373.627843,0.000000
2026-09-09,16:26:03,0.339594,0.329557,0.000000,29373.627843,0.000000
2026-09-09,16:26:04,0.336013,0.330940,0.000000,29373.627843,0.000000
2026-09-09,16:26:05,0.336013,0.330940,0.000000,29373.627843,0.000000
2026-09-09,16:26:05,0.329501,0.331240,0.000000,29373.627843,0.000000
2026-09-09,16:26:06,0.348385,0.333363,0.000000,29373.627843,0.000000
2026-09-09,16:26:07,0.348385,0.335875,0.000000,29373.627843,0.000000
2026-09-09,16:26:07,0.348385,0.338205,0.000000,29373.627843,0.000000
2026-09-09,16:26:08,0.348509,0.338205,0.000000,29373.627843,0.000000
2026-09-09,16:26:09,0.321577,0.337453,0.000000,29373.627843,0.000000
2026-09-09,16:26:09,0.307790,0.334901,0.000000,29373.627843,0.000000
2026-09-09,16:26:10,0.339852,0.335232,0.000000,29373.627843,0.000000
2026-09-09,16:26:11,0.339852,0.334567,0.000000,29373.627843,0.000000
2026-09-09,16:26:11,0.326065,0.334567,0.000000,29373.627843,0.000000
2026-09-09,16:26:12,0.313561,0.331964,0.000000,29373.627843,0.000000
2026-09-09,16:26:13,0.314204,0.329783,0.000000,29373.627843,0.000000
2026-09-09,16:26:13,0.341697,0.331003,0.000000,29373.627843,0.000000
2026-09-09,16:26:14,0.341697,0.331003,0.000000,29373.627843,0.000000
2026-09-09,16:26:15,0.330569,0.329221,0.000000,29373.627843,0.000000
2026-09-09,16:26:15,0.303943,0.324777,0.000000,29373.627843,0.000000
2026-09-09,16:26:16,0.343845,0.324310,0.000000,29373.627843,0.000000
2026-09-09,16:26:17,0.343845,0.326215,0.000000,29373.627843,0.000000
2026-09-09,16:26:17,0.340622,0.326215,0.000000,29373.627843,0.000000
2026-09-09,16:26:18,0.336111,0.329047,0.000000,29373.627843,0.000000
2026-09-09,16:26:19,0.330632,0.328125,0.000000,29373.627843,0.000000
2026-09-09,16:26:19,0.314859,0.327004,0.000000,29373.627843,0.000000
2026-09-09,16:26:20,0.314859,0.327069,0.000000,29373.627843,0.000000
2026-09-09,16:26:21,0.314204,0.327069,0.000000,29373.627843,0.000000
2026-09-09,16:26:21,0.309363,0.326584,0.000000,29373.627843,0.000000
2026-09-09,16:26:22,0.321287,0.324543,0.000000,29373.627843,0.000000
2026-09-09,16:26:23,0.319998,0.323486,0.000000,29373.627843,0.000000
2026-09-09,16:26:23,0.319998,0.323486,0.000000,29373.627843,0.000000
2026-09-09,16:26:24,0.311297,0.324222,0.000000,29373.627843,0.000000
2026-09-09,16:26:25,0.309363,0.320774,0.000000,29373.627843,0.000000
2026-09-09,16:26:25,0.309363,0.317648,0.000000,29373.627843,0.000000
2026-09-09,16:26:26,0.309363,0.314973,0.000000,29373.627843,0.000000
2026-09-09,16:26:27,0.309363,0.314973,0.000000,29373.627843,0.000000
2026-09-09,16:26:27,0.309363,0.312846,0.000000,29373.627843,0.000000
2026-09-09,16:26:28,0.309363,0.312297,0.000000,29373.627843,0.000000
2026-09-09,16:26:29,0.309363,0.311813,0.000000,29373.627843,0.000000
2026-09-09,16:26:29,0.309363,0.310040,0.000000,29373.627843,0.000000
2026-09-09,16:26:30,0.291640,0.310040,0.000000,29373.627843,0.000000
2026-09-09,16:26:31,0.300018,0.307913,0.000000,29373.627843,0.000000
2026-09-09,16:26:31,0.313060,0.307220,0.000000,29373.627843,0.000000
2026-09-09,16:26:32,0.308896,0.306979,0.000000,29373.627843,0.000000
2026-09-09,16:26:33,0.308896,0.306979,0.000000,29373.627843,0.000000
2026-09-09,16:26:33,0.325932,0.308636,0.000000,29373.627843,0.000000
2026-09-09,16:26:34,0.288003,0.306500,0.000000,29373.627843,0.000000
2026-09-09,16:26:35,0.322075,0.307771,0.000000,29373.627843,0.000000
2026-09-09,16:26:35,0.322075,0.307275,0.000000,29373.627843,0.000000
2026-09-09,16:26:36,0.304396,0.307275,0.000000,29373.627843,0.000000
2026-09-09,16:26:37,0.339733,0.310312,0.000000,29373.627843,0.000000
2026-09-09,16:26:37,0.346606,0.314036,0.000000,29373.627843,0.000000
2026-09-09,16:26:38,0.332205,0.318092,0.000000,29373.627843,0.000000
2026-09-09,16:26:39,0.332205,0.319511,0.000000,29373.627843,0.000000
2026-09-09,16:26:39,0.314204,0.319511,0.000000,29373.627843,0.000000
2026-09-09,16:26:40,0.308574,0.319062,0.000000,29373.627843,0.000000
2026-09-09,16:26:41,0.341039,0.322277,0.000000,29373.627843,0.000000
2026-09-09,16:26:41,0.340396,0.323723,0.000000,29373.627843,0.000000
2026-09-09,16:26:42,0.340396,0.323723,0.000000,29373.627843,0.000000
2026-09-09,16:26:43,0.337503,0.328673,0.000000,29373.627843,0.000000
2026-09-09,16:26:43,0.337868,0.330253,0.000000,29373.627843,0.000000
2026-09-09,16:26:44,0.330686,0.332882,0.000000,29373.627843,0.000000
2026-09-09,16:26:45,0.330686,0.333278,0.000000,29373.627843,0.000000
2026-09-09,16:26:45,0.343699,0.333278,0.000000,29373.627843,0.000000
2026-09-09,16:26:46,0.307790,0.329397,0.000000,29373.627843,0.000000
2026-09-09,16:26:47,0.341134,0.330289,0.000000,29373.627843,0.000000
2026-09-09,16:26:47,0.334401,0.332309,0.000000,29373.627843,0.000000
2026-09-09,16:26:48,0.334401,0.334122,0.000000,29373.627843,0.000000
2026-09-09,16:26:49,0.326707,0.334122,0.000000,29373.627843,0.000000
2026-09-09,16:26:49,0.316447,0.331663,0.000000,29373.627843,0.000000
2026-09-09,16:26:50,0.313561,0.328980,0.000000,29373.627843,0.000000
2026-09-09,16:26:51,0.312279,0.326457,0.000000,29373.627843,0.000000
2026-09-09,16:26:51,0.312279,0.326457,0.000000,29373.627843,0.000000
2026-09-09,16:26:52,0.311958,0.323866,0.000000,29373.627843,0.000000
2026-09-09,16:26:53,0.312279,0.322026,0.000000,29373.627843,0.000000
2026-09-09,16:26:53,0.310676,0.318723,0.000000,29373.627843,0.000000
2026-09-09,16:26:54,0.310676,0.318723,0.000000,29373.627843,0.000000
2026-09-09,16:26:55,0.307790,0.318723,0.000000,29373.627843,0.000000
2026-09-09,16:26:55,0.307790,0.315389,0.000000,29373.627843,0.000000
2026-09-09,16:26:56,0.335043,0.315453,0.000000,29373.627843,0.000000
2026-09-09,16:26:57,0.321256,0.314908,0.000000,29373.627843,0.000000
2026-09-09,16:26:57,0.321256,0.317409,0.000000,29373.627843,0.000000
2026-09-09,16:26:58,0.341455,0.317409,0.000000,29373.627843,0.000000
2026-09-09,16:26:59,0.324142,0.318467,0.000000,29373.627843,0.000000
2026-09-09,16:26:59,0.307790,0.318018,0.000000,29373.627843,0.000000
2026-09-09,16:27:00,0.348509,0.321673,0.000000,29373.627843,0.000000
2026-09-09,16:27:01,0.348509,0.321673,0.000000,29373.627843,0.000000
2026-09-09,16:27:01,0.343058,0.324751,0.000000,29373.627843,0.000000
2026-09-09,16:27:02,0.307790,0.324462,0.000000,29373.627843,0.000000
2026-09-09,16:27:03,0.345781,0.328261,0.000000,29373.627843,0.000000
2026-09-09,16:27:03,0.345781,0.331605,0.000000,29373.627843,0.000000
2026-09-09,16:27:04,0.341222,0.331605,0.000000,29373.627843,0.000000
2026-09-09,16:27:05,0.338618,0.331962,0.000000,29373.627843,0.000000
2026-09-09,16:27:05,0.337315,0.333568,0.000000,29373.627843,0.000000
2026-09-09,16:27:06,0.321897,0.331612,0.000000,29373.627843,0.000000
2026-09-09,16:27:07,0.321897,0.334409,0.000000,29373.627843,0.000000
2026-09-09,16:27:07,0.352111,0.334409,0.000000,29373.627843,0.000000
2026-09-09,16:27:08,0.350142,0.338644,0.000000,29373.627843,0.000000
2026-09-09,16:27:09,0.320936,0.335887,0.000000,29373.627843,0.000000
2026-09-09,16:27:09,0.310158,0.332597,0.000000,29373.627843,0.000000
2026-09-09,16:27:10,0.310158,0.332597,0.000000,29373.627843,0.000000
2026-09-09,16:27:11,0.343435,0.336161,0.000000,29373.627843,0.000000
2026-09-09,16:27:11,0.334389,0.335022,0.000000,29373.627843,0.000000
2026-09-09,16:27:12,0.322112,0.333111,0.000000,29373.627843,0.000000
2026-09-09,16:27:13,0.322112,0.330265,0.000000,29373.627843,0.000000
2026-09-09,16:27:13,0.310158,0.330265,0.000000,29373.627843,0.000000
2026-09-09,16:27:14,0.335696,0.330103,0.000000,29373.627843,0.000000
2026-09-09,16:27:15,0.341105,0.332024,0.000000,29373.627843,0.000000
2026-09-09,16:27:15,0.313384,0.328151,0.000000,29373.627843,0.000000
2026-09-09,16:27:16,0.313384,0.327544,0.000000,29373.627843,0.000000
2026-09-09,16:27:17,0.344070,0.327544,0.000000,29373.627843,0.000000
2026-09-09,16:27:17,0.326839,0.328134,0.000000,29373.627843,0.000000
2026-09-09,16:27:18,0.320763,0.329195,0.000000,29373.627843,0.000000
2026-09-09,16:27:19,0.340910,0.328943,0.000000,29373.627843,0.000000
2026-09-09,16:27:19,0.340910,0.328943,0.000000,29373.627843,0.000000
2026-09-09,16:27:20,0.307971,0.326301,0.000000,29373.627843,0.000000
2026-09-09,16:27:21,0.307011,0.324791,0.000000,29373.627843,0.000000
2026-09-09,16:27:21,0.338032,0.327578,0.000000,29373.627843,0.000000
2026-09-09,16:27:22,0.338032,0.326788,0.000000,29373.627843,0.000000
2026-09-09,16:27:23,0.327798,0.326788,0.000000,29373.627843,0.000000
2026-09-09,16:27:23,0.316803,0.324358,0.000000,29373.627843,0.000000
2026-09-09,16:27:24,0.312570,0.324277,0.000000,29373.627843,0.000000
2026-09-09,16:27:25,0.340571,0.323927,0.000000,29373.627843,0.000000
2026-09-09,16:27:25,0.340571,0.323998,0.000000,29373.627843,0.000000
2026-09-09,16:27:26,0.327547,0.323998,0.000000,29373.627843,0.000000
2026-09-09,16:27:27,0.313221,0.323244,0.000000,29373.627843,0.000000
2026-09-09,16:27:27,0.346432,0.323796,0.000000,29373.627843,0.000000
2026-09-09,16:27:28,0.353920,0.328391,0.000000,29373.627843,0.000000
2026-09-09,16:27:29,0.353920,0.328391,0.000000,29373.627843,0.000000
2026-09-09,16:27:29,0.306237,0.328313,0.000000,29373.627843,0.000000
2026-09-09,16:27:30,0.310957,0.325606,0.000000,29373.627843,0.000000
2026-09-09,16:27:31,0.340433,0.326869,0.000000,29373.627843,0.000000
2026-09-09,16:27:31,0.340433,0.328811,0.000000,29373.627843,0.000000
2026-09-09,16:27:32,0.336223,0.328811,0.000000,29373.627843,0.000000
2026-09-09,16:27:33,0.342052,0.331759,0.000000,29373.627843,0.000000
2026-09-09,16:27:33,0.346587,0.332361,0.000000,29373.627843,0.000000
2026-09-09,16:27:34,0.345615,0.334168,0.000000,29373.627843,0.000000
2026-09-09,16:27:35,0.345615,0.336144,0.000000,29373.627843,0.000000
2026-09-09,16:27:35,0.332983,0.336144,0.000000,29373.627843,0.000000
2026-09-09,16:27:36,0.346911,0.336192,0.000000,29373.627843,0.000000
2026-09-09,16:27:37,0.314844,0.332284,0.000000,29373.627843,0.000000
2026-09-09,16:27:37,0.310957,0.332756,0.000000,29373.627843,0.000000
2026-09-09,16:27:38,0.310957,0.332756,0.000000,29373.627843,0.000000
2026-09-09,16:27:39,0.310957,0.332756,0.000000,29373.627843,0.000000
2026-09-09,16:27:39,0.317536,0.330466,0.000000,29373.627843,0.000000
2026-09-09,16:27:40,0.343435,0.331188,0.000000,29373.627843,0.000000
2026-09-09,16:27:41,0.343435,0.331100,0.000000,29373.627843,0.000000
2026-09-09,16:27:41,0.341173,0.331100,0.000000,29373.627843,0.000000
2026-09-09,16:27:42,0.338589,0.330300,0.000000,29373.627843,0.000000
2026-09-09,16:27:43,0.337296,0.329468,0.000000,29373.627843,0.000000
2026-09-09,16:27:43,0.331559,0.329326,0.000000,29373.627843,0.000000
2026-09-09,16:27:44,0.331559,0.328561,0.000000,29373.627843,0.000000
2026-09-09,16:27:45,0.339269,0.328561,0.000000,29373.627843,0.000000
2026-09-09,16:27:45,0.339594,0.331036,0.000000,29373.627843,0.000000
2026-09-09,16:27:46,0.340571,0.333998,0.000000,29373.627843,0.000000
2026-09-09,16:27:47,0.342525,0.337155,0.000000,29373.627843,0.000000
2026-09-09,16:27:47,0.342525,0.337155,0.000000,29373.627843,0.000000
2026-09-09,16:27:48,0.338672,0.339268,0.000000,29373.627843,0.000000
2026-09-09,16:27:49,0.333875,0.338312,0.000000,29373.627843,0.000000
2026-09-09,16:27:49,0.331636,0.337359,0.000000,29373.627843,0.000000
2026-09-09,16:27:50,0.331636,0.336152,0.000000,29373.627843,0.000000
2026-09-09,16:27:51,0.326519,0.336152,0.000000,29373.627843,0.000000
2026-09-09,16:27:51,0.325919,0.335014,0.000000,29373.627843,0.000000
2026-09-09,16:27:52,0.314849,0.333343,0.000000,29373.627843,0.000000
2026-09-09,16:27:53,0.346432,0.334059,0.000000,29373.627843,0.000000
2026-09-09,16:27:53,0.346432,0.334059,0.000000,29373.627843,0.000000
2026-09-09,16:27:54,0.334710,0.333571,0.000000,29373.627843,0.000000
2026-09-09,16:27:55,0.322012,0.331715,0.000000,29373.627843,0.000000
2026-09-09,16:27:55,0.312570,0.328719,0.000000,29373.627843,0.000000
2026-09-09,16:27:56,0.312570,0.329105,0.000000,29373.627843,0.000000
2026-09-09,16:27:57,0.342525,0.329105,0.000000,29373.627843,0.000000
2026-09-09,16:27:57,0.325919,0.328309,0.000000,29373.627843,0.000000
2026-09-09,16:27:58,0.312570,0.326403,0.000000,29373.627843,0.000000
2026-09-09,16:27:59,0.341776,0.327928,0.000000,29373.627843,0.000000
2026-09-09,16:27:59,0.341776,0.330187,0.000000,29373.627843,0.000000
2026-09-09,16:28:00,0.348509,0.330187,0.000000,29373.627843,0.000000
2026-09-09,16:28:01,0.333297,0.332032,0.000000,29373.627843,0.000000
2026-09-09,16:28:01,0.322075,0.329596,0.000000,29373.627843,0.000000
2026-09-09,16:28:02,0.343932,0.330518,0.000000,29373.627843,0.000000
2026-09-09,16:28:03,0.343932,0.330518,0.000000,29373.627843,0.000000
2026-09-09,16:28:03,0.342968,0.332614,0.000000,29373.627843,0.000000
2026-09-09,16:28:04,0.342325,0.335589,0.000000,29373.627843,0.000000
2026-09-09,16:28:05,0.340396,0.335377,0.000000,29373.627843,0.000000
2026-09-09,16:28:05,0.340396,0.333642,0.000000,29373.627843,0.000000
2026-09-09,16:28:06,0.308574,0.333642,0.000000,29373.627843,0.000000
2026-09-09,16:28:07,0.341039,0.336489,0.000000,29373.627843,0.000000
2026-09-09,16:28:07,0.330432,0.335355,0.000000,29373.627843,0.000000
2026-09-09,16:28:08,0.342646,0.334768,0.000000,29373.627843,0.000000
2026-09-09,16:28:09,0.342646,0.332296,0.000000,29373.627843,0.000000
2026-09-09,16:28:09,0.308574,0.332296,0.000000,29373.627843,0.000000
2026-09-09,16:28:10,0.331396,0.333228,0.000000,29373.627843,0.000000
2026-09-09,16:28:11,0.315841,0.330419,0.000000,29373.627843,0.000000
2026-09-09,16:28:11,0.355771,0.331699,0.000000,29373.627843,0.000000
2026-09-09,16:28:12,0.355771,0.331699,0.000000,29373.627843,0.000000
2026-09-09,16:28:13,0.308574,0.328324,0.000000,29373.627843,0.000000
2026-09-09,16:28:13,0.325932,0.326878,0.000000,29373.627843,0.000000
2026-09-09,16:28:14,0.349396,0.330960,0.000000,29373.627843,0.000000
2026-09-09,16:28:15,0.349396,0.327714,0.000000,29373.627843,0.000000
2026-09-09,16:28:15,0.308574,0.327714,0.000000,29373.627843,0.000000
2026-09-09,16:28:16,0.342646,0.328935,0.000000,29373.627843,0.000000
2026-09-09,16:28:17,0.327217,0.327392,0.000000,29373.627843,0.000000
2026-09-09,16:28:17,0.349396,0.331474,0.000000,29373.627843,0.000000
2026-09-09,16:28:18,0.349396,0.329192,0.000000,29373.627843,0.000000
2026-09-09,16:28:19,0.308574,0.329192,0.000000,29373.627843,0.000000
2026-09-09,16:28:19,0.323039,0.329912,0.000000,29373.627843,0.000000
2026-09-09,16:28:20,0.342646,0.328600,0.000000,29373.627843,0.000000
2026-09-09,16:28:21,0.344575,0.332200,0.000000,29373.627843,0.000000
2026-09-09,16:28:21,0.344575,0.332200,0.000000,29373.627843,0.000000
2026-09-09,16:28:22,0.343289,0.333935,0.000000,29373.627843,0.000000
2026-09-09,16:28:23,0.328278,0.331824,0.000000,29373.627843,0.000000
2026-09-09,16:28:23,0.314204,0.332387,0.000000,29373.627843,0.000000
2026-09-09,16:28:24,0.314204,0.332423,0.000000,29373.627843,0.000000
2026-09-09,16:28:25,0.343006,0.332423,0.000000,29373.627843,0.000000
2026-09-09,16:28:25,0.351189,0.334820,0.000000,29373.627843,0.000000
2026-09-09,16:28:26,0.314204,0.331300,0.000000,29373.627843,0.000000
2026-09-09,16:28:27,0.330554,0.333498,0.000000,29373.627843,0.000000
2026-09-09,16:28:27,0.330554,0.332839,0.000000,29373.627843,0.000000
2026-09-09,16:28:28,0.316447,0.332839,0.000000,29373.627843,0.000000
2026-09-09,16:28:29,0.307790,0.329354,0.000000,29373.627843,0.000000
2026-09-09,16:28:29,0.333440,0.328240,0.000000,29373.627843,0.000000
2026-09-09,16:28:30,0.321256,0.326037,0.000000,29373.627843,0.000000
2026-09-09,16:28:31,0.321256,0.326037,0.000000,29373.627843,0.000000
2026-09-09,16:28:31,0.307790,0.323988,0.000000,29373.627843,0.000000
2026-09-09,16:28:32,0.348509,0.327419,0.000000,29373.627843,0.000000
2026-09-09,16:28:33,0.333955,0.326513,0.000000,29373.627843,0.000000
2026-09-09,16:28:33,0.333955,0.326666,0.000000,29373.627843,0.000000
2026-09-09,16:28:34,0.352710,0.326666,0.000000,29373.627843,0.000000
2026-09-09,16:28:35,0.315815,0.326827,0.000000,29373.627843,0.000000
2026-09-09,16:28:35,0.310957,0.324867,0.000000,29373.627843,0.000000
2026-09-09,16:28:36,0.310957,0.324318,0.000000,29373.627843,0.000000
2026-09-09,16:28:37,0.310957,0.324667,0.000000,29373.627843,0.000000
2026-09-09,16:28:37,0.311281,0.324667,0.000000,29373.627843,0.000000
2026-09-09,16:28:38,0.311281,0.322451,0.000000,29373.627843,0.000000
2026-09-09,16:28:39,0.310957,0.321421,0.000000,29373.627843,0.000000
2026-09-09,16:28:39,0.343672,0.325009,0.000000,29373.627843,0.000000
2026-09-09,16:28:40,0.343672,0.325009,0.000000,29373.627843,0.000000
2026-09-09,16:28:41,0.352094,0.325368,0.000000,29373.627843,0.000000
2026-09-09,16:28:41,0.325857,0.324558,0.000000,29373.627843,0.000000
2026-09-09,16:28:42,0.317435,0.321030,0.000000,29373.627843,0.000000
2026-09-09,16:28:43,0.317435,0.320544,0.000000,29373.627843,0.000000
2026-09-09,16:28:43,0.310957,0.320544,0.000000,29373.627843,0.000000
2026-09-09,16:28:44,0.321039,0.321553,0.000000,29373.627843,0.000000
2026-09-09,16:28:45,0.338366,0.324294,0.000000,29373.627843,0.000000
2026-09-09,16:28:45,0.330310,0.326197,0.000000,29373.627843,0.000000
2026-09-09,16:28:46,0.330310,0.327455,0.000000,29373.627843,0.000000
2026-09-09,16:28:47,0.323865,0.327455,0.000000,29373.627843,0.000000
2026-09-09,16:28:47,0.345134,0.330873,0.000000,29373.627843,0.000000
2026-09-09,16:28:48,0.311942,0.327700,0.000000,29373.627843,0.000000
2026-09-09,16:28:49,0.343522,0.326843,0.000000,29373.627843,0.000000
2026-09-09,16:28:49,0.343522,0.326843,0.000000,29373.627843,0.000000
2026-09-09,16:28:50,0.304852,0.324742,0.000000,29373.627843,0.000000
2026-09-09,16:28:51,0.329665,0.325965,0.000000,29373.627843,0.000000
2026-09-09,16:28:51,0.288739,0.323743,0.000000,29373.627843,0.000000
2026-09-09,16:28:52,0.288739,0.320965,0.000000,29373.627843,0.000000
2026-09-09,16:28:53,0.293251,0.320965,0.000000,29373.627843,0.000000
2026-09-09,16:28:53,0.305174,0.317645,0.000000,29373.627843,0.000000
2026-09-09,16:28:54,0.329665,0.317581,0.000000,29373.627843,0.000000
2026-09-09,16:28:55,0.288739,0.314068,0.000000,29373.627843,0.000000
2026-09-09,16:28:55,0.288739,0.308655,0.000000,29373.627843,0.000000
2026-09-09,16:28:56,0.290995,0.308655,0.000000,29373.627843,0.000000
2026-09-09,16:28:57,0.325987,0.310059,0.000000,29373.627843,0.000000
2026-09-09,16:28:57,0.327087,0.308416,0.000000,29373.627843,0.000000
2026-09-09,16:28:58,0.328054,0.310736,0.000000,29373.627843,0.000000
2026-09-09,16:28:59,0.328054,0.310736,0.000000,29373.627843,0.000000
2026-09-09,16:28:59,0.350290,0.312798,0.000000,29373.627843,0.000000
2026-09-09,16:29:00,0.321287,0.316053,0.000000,29373.627843,0.000000
2026-09-09,16:29:01,0.329021,0.319630,0.000000,29373.627843,0.000000
2026-09-09,16:29:01,0.329021,0.320049,0.000000,29373.627843,0.000000
2026-09-09,16:29:02,0.309363,0.320049,0.000000,29373.627843,0.000000
2026-09-09,16:29:03,0.310330,0.318115,0.000000,29373.627843,0.000000
2026-09-09,16:29:03,0.311297,0.320371,0.000000,29373.627843,0.000000
2026-09-09,16:29:04,0.309363,0.322208,0.000000,29373.627843,0.000000
2026-09-09,16:29:05,0.309363,0.324026,0.000000,29373.627843,0.000000
2026-09-09,16:29:05,0.344167,0.324026,0.000000,29373.627843,0.000000
2026-09-09,16:29:06,0.340622,0.325380,0.000000,29373.627843,0.000000
2026-09-09,16:29:07,0.350290,0.327603,0.000000,29373.627843,0.000000
2026-09-09,16:29:07,0.329988,0.325573,0.000000,29373.627843,0.000000
2026-09-09,16:29:08,0.329988,0.325573,0.000000,29373.627843,0.000000
2026-09-09,16:29:09,0.323220,0.325766,0.000000,29373.627843,0.000000
2026-09-09,16:29:09,0.344167,0.327281,0.000000,29373.627843,0.000000
2026-09-09,16:29:10,0.316131,0.327958,0.000000,29373.627843,0.000000
2026-09-09,16:29:11,0.316131,0.327990,0.000000,29373.627843,0.000000
2026-09-09,16:29:11,0.310653,0.327990,0.000000,29373.627843,0.000000
2026-09-09,16:29:12,0.315029,0.328363,0.000000,29373.627843,0.000000
2026-09-09,16:29:13,0.315029,0.328929,0.000000,29373.627843,0.000000
2026-09-09,16:29:13,0.345547,0.329068,0.000000,29373.627843,0.000000
2026-09-09,16:29:14,0.345547,0.328294,0.000000,29373.627843,0.000000
2026-09-09,16:29:15,0.332888,0.328294,0.000000,29373.627843,0.000000
2026-09-09,16:29:15,0.324187,0.325684,0.000000,29373.627843,0.000000
2026-09-09,16:29:16,0.342556,0.326941,0.000000,29373.627843,0.000000
2026-09-09,16:29:17,0.309363,0.325555,0.000000,29373.627843,0.000000
2026-09-09,16:29:17,0.309363,0.325555,0.000000,29373.627843,0.000000
2026-09-09,16:29:18,0.315859,0.322724,0.000000,29373.627843,0.000000
2026-09-09,16:29:19,0.344967,0.325608,0.000000,29373.627843,0.000000
2026-09-09,16:29:19,0.343024,0.328845,0.000000,29373.627843,0.000000
2026-09-09,16:29:20,0.343024,0.331483,0.000000,29373.627843,0.000000
2026-09-09,16:29:21,0.341404,0.331483,0.000000,29373.627843,0.000000
2026-09-09,16:29:21,0.335904,0.333570,0.000000,29373.627843,0.000000
2026-09-09,16:29:22,0.329205,0.331936,0.000000,29373.627843,0.000000
2026-09-09,16:29:23,0.336888,0.332336,0.000000,29373.627843,0.000000
2026-09-09,16:29:23,0.336888,0.333475,0.000000,29373.627843,0.000000
2026-09-09,16:29:24,0.335583,0.333475,0.000000,29373.627843,0.000000
2026-09-09,16:29:25,0.332971,0.332517,0.000000,29373.627843,0.000000
2026-09-09,16:29:25,0.331339,0.334714,0.000000,29373.627843,0.000000
2026-09-09,16:29:26,0.322939,0.335422,0.000000,29373.627843,0.000000
2026-09-09,16:29:27,0.322939,0.335422,0.000000,29373.627843,0.000000
2026-09-09,16:29:27,0.333533,0.334279,0.000000,29373.627843,0.000000
2026-09-09,16:29:28,0.339011,0.333878,0.000000,29373.627843,0.000000
2026-09-09,16:29:29,0.309363,0.330673,0.000000,29373.627843,0.000000
2026-09-09,16:29:29,0.309363,0.328019,0.000000,29373.627843,0.000000
2026-09-09,16:29:30,0.309363,0.328019,0.000000,29373.627843,0.000000
2026-09-09,16:29:31,0.315859,0.326685,0.000000,29373.627843,0.000000
2026-09-09,16:29:31,0.315859,0.324582,0.000000,29373.627843,0.000000
2026-09-09,16:29:32,0.315859,0.322610,0.000000,29373.627843,0.000000
2026-09-09,16:29:33,0.315859,0.320142,0.000000,29373.627843,0.000000
2026-09-09,16:29:33,0.308290,0.320142,0.000000,29373.627843,0.000000
2026-09-09,16:29:34,0.313060,0.318314,0.000000,29373.627843,0.000000
2026-09-09,16:29:35,0.307011,0.316721,0.000000,29373.627843,0.000000
2026-09-09,16:29:35,0.312570,0.314625,0.000000,29373.627843,0.000000
2026-09-09,16:29:36,0.312570,0.314625,0.000000,29373.627843,0.000000
2026-09-09,16:29:37,0.307790,0.311503,0.000000,29373.627843,0.000000
2026-09-09,16:29:37,0.339211,0.314487,0.000000,29373.627843,0.000000
2026-09-09,16:29:38,0.328310,0.316382,0.000000,29373.627843,0.000000
2026-09-09,16:29:39,0.328310,0.315575,0.000000,29373.627843,0.000000
2026-09-09,16:29:39,0.307790,0.315575,0.000000,29373.627843,0.000000
2026-09-09,16:29:40,0.338890,0.317878,0.000000,29373.627843,0.000000
2026-09-09,16:29:41,0.324462,0.318739,0.000000,29373.627843,0.000000
2026-09-09,16:29:41,0.310676,0.318977,0.000000,29373.627843,0.000000
2026-09-09,16:29:42,0.310676,0.319257,0.000000,29373.627843,0.000000
2026-09-09,16:29:43,0.315859,0.319257,0.000000,29373.627843,0.000000
2026-09-09,16:29:43,0.338562,0.322412,0.000000,29373.627843,0.000000
2026-09-09,16:29:44,0.342556,0.325411,0.000000,29373.627843,0.000000
2026-09-09,16:29:45,0.344489,0.329081,0.000000,29373.627843,0.000000
2026-09-09,16:29:45,0.344489,0.329081,0.000000,29373.627843,0.000000
2026-09-09,16:29:46,0.332888,0.328448,0.000000,29373.627843,0.000000
2026-09-09,16:29:47,0.323220,0.327939,0.000000,29373.627843,0.000000
2026-09-09,16:29:47,0.309363,0.328097,0.000000,29373.627843,0.000000
2026-09-09,16:29:48,0.309363,0.325144,0.000000,29373.627843,0.000000
2026-09-09,16:29:49,0.309363,0.325144,0.000000,29373.627843,0.000000
2026-09-09,16:29:49,0.309363,0.323634,0.000000,29373.627843,0.000000
2026-09-09,16:29:50,0.288739,0.321440,0.000000,29373.627843,0.000000
2026-09-09,16:29:51,0.330007,0.322855,0.000000,29373.627843,0.000000
2026-09-09,16:29:51,0.330007,0.319535,0.000000,29373.627843,0.000000
2026-09-09,16:29:52,0.305360,0.319535,0.000000,29373.627843,0.000000
2026-09-09,16:29:53,0.328825,0.318162,0.000000,29373.627843,0.000000
2026-09-09,16:29:53,0.324646,0.316178,0.000000,29373.627843,0.000000
2026-09-09,16:29:54,0.308574,0.313746,0.000000,29373.627843,0.000000
2026-09-09,16:29:55,0.308574,0.313746,0.000000,29373.627843,0.000000
2026-09-09,16:29:55,0.308896,0.312314,0.000000,29373.627843,0.000000
2026-09-09,16:29:56,0.344253,0.315803,0.000000,29373.627843,0.000000
2026-09-09,16:29:57,0.340718,0.318938,0.000000,29373.627843,0.000000
2026-09-09,16:29:57,0.349396,0.322941,0.000000,29373.627843,0.000000
2026-09-09,16:29:58,0.349396,0.322941,0.000000,29373.627843,0.000000
2026-09-09,16:29:59,0.334179,0.327485,0.000000,29373.627843,0.000000
2026-09-09,16:29:59,0.343469,0.328832,0.000000,29373.627843,0.000000
2026-09-09,16:30:00,0.340271,0.332323,0.000000,29373.627843,0.000000
2026-09-09,16:30:01,0.340271,0.330589,0.000000,29373.627843,0.000000
2026-09-09,16:30:01,0.311488,0.330589,0.000000,29373.627843,0.000000
2026-09-09,16:30:02,0.307011,0.328826,0.000000,29373.627843,0.000000
2026-09-09,16:30:03,0.307011,0.328669,0.000000,29373.627843,0.000000
2026-09-09,16:30:03,0.307011,0.328481,0.000000,29373.627843,0.000000
2026-09-09,16:30:04,0.307011,0.328481,0.000000,29373.627843,0.000000
2026-09-09,16:30:05,0.341230,0.328178,0.000000,29373.627843,0.000000
2026-09-09,16:30:05,0.339311,0.328038,0.000000,29373.627843,0.000000
2026-09-09,16:30:06,0.347626,0.327861,0.000000,29373.627843,0.000000
2026-09-09,16:30:07,0.347626,0.328152,0.000000,29373.627843,0.000000
2026-09-09,16:30:07,0.337091,0.328152,0.000000,29373.627843,0.000000
2026-09-09,16:30:08,0.334818,0.327287,0.000000,29373.627843,0.000000
2026-09-09,16:30:09,0.363414,0.329601,0.000000,29373.627843,0.000000
2026-09-09,16:30:09,0.349396,0.333392,0.000000,29373.627843,0.000000
2026-09-09,16:30:10,0.349396,0.334802,0.000000,29373.627843,0.000000
2026-09-09,16:30:11,0.321110,0.334802,0.000000,29373.627843,0.000000
2026-09-09,16:30:11,0.294027,0.333504,0.000000,29373.627843,0.000000
2026-09-09,16:30:12,0.290351,0.331838,0.000000,29373.627843,0.000000
2026-09-09,16:30:13,0.320642,0.329779,0.000000,29373.627843,0.000000
2026-09-09,16:30:13,0.320642,0.329779,0.000000,29373.627843,0.000000
2026-09-09,16:30:14,0.323220,0.328170,0.000000,29373.627843,0.000000
2026-09-09,16:30:15,0.327087,0.326116,0.000000,29373.627843,0.000000
2026-09-09,16:30:15,0.330632,0.325470,0.000000,29373.627843,0.000000
2026-09-09,16:30:16,0.330632,0.325309,0.000000,29373.627843,0.000000
2026-09-09,16:30:17,0.333210,0.325309,0.000000,29373.627843,0.000000
2026-09-09,16:30:17,0.350290,0.323997,0.000000,29373.627843,0.000000
2026-09-09,16:30:18,0.332566,0.322314,0.000000,29373.627843,0.000000
2026-09-09,16:30:19,0.329988,0.323201,0.000000,29373.627843,0.000000
2026-09-09,16:30:19,0.329988,0.324735,0.000000,29373.627843,0.000000
2026-09-09,16:30:20,0.309363,0.324735,0.000000,29373.627843,0.000000
2026-09-09,16:30:21,0.322898,0.327990,0.000000,29373.627843,0.000000
2026-09-09,16:30:21,0.309363,0.326862,0.000000,29373.627843,0.000000
2026-09-09,16:30:22,0.314204,0.325960,0.000000,29373.627843,0.000000
2026-09-09,16:30:23,0.314204,0.325960,0.000000,29373.627843,0.000000
2026-09-09,16:30:23,0.345012,0.327753,0.000000,29373.627843,0.000000
2026-09-09,16:30:24,0.326603,0.327350,0.000000,29373.627843,0.000000
2026-09-09,16:30:25,0.324050,0.326434,0.000000,29373.627843,0.000000
2026-09-09,16:30:25,0.318558,0.323261,0.000000,29373.627843,0.000000
2026-09-09,16:30:26,0.318558,0.323261,0.000000,29373.627843,0.000000
2026-09-09,16:30:27,0.310158,0.321020,0.000000,29373.627843,0.000000
2026-09-09,16:30:27,0.343112,0.322332,0.000000,29373.627843,0.000000
2026-09-09,16:30:28,0.332450,0.324641,0.000000,29373.627843,0.000000
2026-09-09,16:30:29,0.332450,0.326824,0.000000,29373.627843,0.000000
2026-09-09,16:30:29,0.344727,0.326824,0.000000,29373.627843,0.000000
2026-09-09,16:30:30,0.340850,0.329972,0.000000,29373.627843,0.000000
2026-09-09,16:30:31,0.310158,0.329568,0.000000,29373.627843,0.000000
2026-09-09,16:30:31,0.310481,0.326115,0.000000,29373.627843,0.000000
2026-09-09,16:30:32,0.310481,0.326115,0.000000,29373.627843,0.000000
2026-09-09,16:30:33,0.341819,0.327636,0.000000,29373.627843,0.000000
2026-09-09,16:30:33,0.328573,0.328089,0.000000,29373.627843,0.000000
2026-09-09,16:30:34,0.314358,0.327669,0.000000,29373.627843,0.000000
2026-09-09,16:30:35,0.350077,0.331660,0.000000,29373.627843,0.000000
2026-09-09,16:30:35,0.350077,0.331660,0.000000,29373.627843,0.000000
2026-09-09,16:30:36,0.327539,0.330103,0.000000,29373.627843,0.000000
2026-09-09,16:30:37,0.348243,0.331683,0.000000,29373.627843,0.000000
2026-09-09,16:30:37,0.309363,0.328146,0.000000,29373.627843,0.000000
2026-09-09,16:30:38,0.309363,0.328349,0.000000,29373.627843,0.000000
2026-09-09,16:30:39,0.342878,0.328349,0.000000,29373.627843,0.000000
2026-09-09,16:30:39,0.343200,0.331653,0.000000,29373.627843,0.000000
2026-09-09,16:30:40,0.288739,0.329479,0.000000,29373.627843,0.000000
2026-09-09,16:30:41,0.293251,0.324622,0.000000,29373.627843,0.000000
2026-09-09,16:30:41,0.293251,0.324622,0.000000,29373.627843,0.000000
2026-09-09,16:30:42,0.304852,0.322250,0.000000,29373.627843,0.000000
2026-09-09,16:30:43,0.329665,0.323781,0.000000,29373.627843,0.000000
2026-09-09,16:30:43,0.288739,0.317647,0.000000,29373.627843,0.000000
2026-09-09,16:30:44,0.309686,0.315862,0.000000,29373.627843,0.000000
2026-09-09,16:30:45,0.309686,0.315862,0.000000,29373.627843,0.000000
2026-09-09,16:30:45,0.312586,0.312296,0.000000,29373.627843,0.000000
2026-09-09,16:30:46,0.309686,0.312328,0.000000,29373.627843,0.000000
2026-09-09,16:30:47,0.343200,0.312360,0.000000,29373.627843,0.000000
2026-09-09,16:30:47,0.343200,0.313069,0.000000,29373.627843,0.000000
2026-09-09,16:30:48,0.350290,0.313069,0.000000,29373.627843,0.000000
2026-09-09,16:30:49,0.329343,0.317130,0.000000,29373.627843,0.000000
2026-09-09,16:30:50,0.340251,0.321830,0.000000,29373.627843,0.000000
2026-09-09,16:30:50,0.304703,0.321815,0.000000,29373.627843,0.000000
2026-09-09,16:30:51,0.304703,0.323410,0.000000,29373.627843,0.000000
2026-09-09,16:30:52,0.345615,0.323410,0.000000,29373.627843,0.000000
2026-09-09,16:30:52,0.352094,0.329745,0.000000,29373.627843,0.000000
2026-09-09,16:30:53,0.325209,0.331298,0.000000,29373.627843,0.000000
2026-09-09,16:30:54,0.313872,0.331426,0.000000,29373.627843,0.000000
2026-09-09,16:30:54,0.313872,0.331426,0.000000,29373.627843,0.000000
2026-09-09,16:30:55,0.310957,0.331553,0.000000,29373.627843,0.000000
2026-09-09,16:30:56,0.331687,0.330402,0.000000,29373.627843,0.000000
2026-09-09,16:30:56,0.347559,0.330129,0.000000,29373.627843,0.000000
2026-09-09,16:30:57,0.347559,0.328808,0.000000,29373.627843,0.000000
2026-09-09,16:30:58,0.316139,0.328808,0.000000,29373.627843,0.000000
2026-09-09,16:30:58,0.310957,0.325879,0.000000,29373.627843,0.000000
2026-09-09,16:30:59,0.310957,0.326504,0.000000,29373.627843,0.000000
2026-09-09,16:31:00,0.344320,0.326375,0.000000,29373.627843,0.000000
2026-09-09,16:31:00,0.344320,0.325176,0.000000,29373.627843,0.000000
2026-09-09,16:31:01,0.340109,0.325176,0.000000,29373.627843,0.000000
2026-09-09,16:31:02,0.332659,0.325921,0.000000,29373.627843,0.000000
2026-09-09,16:31:02,0.323265,0.326861,0.000000,29373.627843,0.000000
2026-09-09,16:31:03,0.316463,0.327411,0.000000,29373.627843,0.000000
2026-09-09,16:31:04,0.316463,0.327411,0.000000,29373.627843,0.000000
2026-09-09,16:31:04,0.310957,0.325338,0.000000,29373.627843,0.000000
2026-09-09,16:31:05,0.341404,0.324723,0.000000,29373.627843,0.000000
2026-09-09,16:31:06,0.326558,0.325765,0.000000,29373.627843,0.000000
2026-09-09,16:31:06,0.326558,0.325605,0.000000,29373.627843,0.000000
2026-09-09,16:31:07,0.309363,0.325605,0.000000,29373.627843,0.000000
2026-09-09,16:31:08,0.344489,0.328959,0.000000,29373.627843,0.000000
2026-09-09,16:31:08,0.316822,0.326209,0.000000,29373.627843,0.000000
2026-09-09,16:31:09,0.309363,0.323134,0.000000,29373.627843,0.000000
2026-09-09,16:31:10,0.309363,0.323134,0.000000,29373.627843,0.000000
2026-09-09,16:31:10,0.309363,0.320805,0.000000,29373.627843,0.000000
2026-09-09,16:31:11,0.344167,0.322895,0.000000,29373.627843,0.000000
2026-09-09,16:31:12,0.339655,0.325214,0.000000,29373.627843,0.000000
2026-09-09,16:31:12,0.323543,0.326473,0.000000,29373.627843,0.000000
2026-09-09,16:31:13,0.323543,0.326473,0.000000,29373.627843,0.000000
2026-09-09,16:31:14,0.313553,0.323688,0.000000,29373.627843,0.000000
2026-09-09,16:31:14,0.309363,0.321968,0.000000,29373.627843,0.000000
2026-09-09,16:31:15,0.346279,0.325660,0.000000,29373.627843,0.000000
2026-09-09,16:31:16,0.346279,0.325119,0.000000,29373.627843,0.000000
2026-09-09,16:31:16,0.339079,0.325119,0.000000,29373.627843,0.000000
2026-09-09,16:31:17,0.331551,0.326592,0.000000,29373.627843,0.000000
2026-09-09,16:31:18,0.344575,0.330113,0.000000,29373.627843,0.000000
2026-09-09,16:31:18,0.309539,0.330130,0.000000,29373.627843,0.000000
2026-09-09,16:31:19,0.309539,0.326571,0.000000,29373.627843,0.000000
2026-09-09,16:31:20,0.308574,0.326571,0.000000,29373.627843,0.000000
2026-09-09,16:31:20,0.339432,0.326549,0.000000,29373.627843,0.000000
2026-09-09,16:31:21,0.323039,0.326498,0.000000,29373.627843,0.000000
2026-09-09,16:31:22,0.340075,0.329151,0.000000,29373.627843,0.000000
2026-09-09,16:31:22,0.340075,0.329151,0.000000,29373.627843,0.000000
2026-09-09,16:31:23,0.308574,0.329072,0.000000,29373.627843,0.000000
2026-09-09,16:31:24,0.342325,0.328676,0.000000,29373.627843,0.000000
2026-09-09,16:31:24,0.344896,0.329258,0.000000,29373.627843,0.000000
2026-09-09,16:31:25,0.344896,0.331043,0.000000,29373.627843,0.000000
2026-09-09,16:31:26,0.349396,0.331043,0.000000,29373.627843,0.000000
2026-09-09,16:31:26,0.349396,0.331525,0.000000,29373.627843,0.000000
2026-09-09,16:31:27,0.326896,0.333260,0.000000,29373.627843,0.000000
2026-09-09,16:31:28,0.319503,0.334353,0.000000,29373.627843,0.000000
2026-09-09,16:31:28,0.319503,0.331332,0.000000,29373.627843,0.000000
2026-09-09,16:31:29,0.309217,0.331332,0.000000,29373.627843,0.000000
2026-09-09,16:31:30,0.338146,0.332843,0.000000,29373.627843,0.000000
2026-09-09,16:31:30,0.326253,0.331460,0.000000,29373.627843,0.000000
2026-09-09,16:31:31,0.340396,0.334643,0.000000,29373.627843,0.000000
2026-09-09,16:31:32,0.340396,0.334643,0.000000,29373.627843,0.000000
2026-09-09,16:31:32,0.308574,0.331268,0.000000,29373.627843,0.000000
2026-09-09,16:31:33,0.339753,0.330753,0.000000,29373.627843,0.000000
2026-09-09,16:31:34,0.331075,0.328921,0.000000,29373.627843,0.000000
2026-09-09,16:31:34,0.331075,0.326253,0.000000,29373.627843,0.000000
2026-09-09,16:31:35,0.322717,0.326253,0.000000,29373.627843,0.000000
2026-09-09,16:31:36,0.339753,0.327539,0.000000,29373.627843,0.000000
2026-09-09,16:31:36,0.308574,0.326446,0.000000,29373.627843,0.000000
2026-09-09,16:31:37,0.337503,0.329275,0.000000,29373.627843,0.000000
2026-09-09,16:31:38,0.337503,0.329039,0.000000,29373.627843,0.000000
2026-09-09,16:31:38,0.335792,0.329039,0.000000,29373.627843,0.000000
2026-09-09,16:31:39,0.337148,0.330129,0.000000,29373.627843,0.000000
2026-09-09,16:31:40,0.334839,0.329573,0.000000,29373.627843,0.000000
2026-09-09,16:31:40,0.328250,0.331541,0.000000,29373.627843,0.000000
2026-09-09,16:31:41,0.328250,0.331541,0.000000,29373.627843,0.000000
2026-09-09,16:31:42,0.331158,0.330681,0.000000,29373.627843,0.000000
2026-09-09,16:31:42,0.351189,0.332692,0.000000,29373.627843,0.000000
2026-09-09,16:31:43,0.351189,0.335540,0.000000,29373.627843,0.000000
2026-09-09,16:31:44,0.351189,0.335746,0.000000,29373.627843,0.000000
2026-09-09,16:31:44,0.341819,0.335746,0.000000,29373.627843,0.000000
2026-09-09,16:31:45,0.344081,0.339297,0.000000,29373.627843,0.000000
2026-09-09,16:31:46,0.310158,0.336562,0.000000,29373.627843,0.000000
2026-09-09,16:31:46,0.344404,0.337423,0.000000,29373.627843,0.000000
2026-09-09,16:31:47,0.344404,0.334724,0.000000,29373.627843,0.000000
2026-09-09,16:31:48,0.310158,0.334724,0.000000,29373.627843,0.000000
2026-09-09,16:31:48,0.310158,0.332256,0.000000,29373.627843,0.000000
2026-09-09,16:31:49,0.342789,0.333710,0.000000,29373.627843,0.000000
2026-09-09,16:31:50,0.345373,0.335132,0.000000,29373.627843,0.000000
2026-09-09,16:31:50,0.345373,0.335132,0.000000,29373.627843,0.000000
2026-09-09,16:31:51,0.345050,0.334518,0.000000,29373.627843,0.000000
2026-09-09,16:31:52,0.341819,0.333581,0.000000,29373.627843,0.000000
2026-09-09,16:31:52,0.310158,0.330415,0.000000,29373.627843,0.000000
2026-09-09,16:31:53,0.310158,0.327022,0.000000,29373.627843,0.000000
2026-09-09,16:31:54,0.310158,0.327022,0.000000,29373.627843,0.000000
2026-09-09,16:31:54,0.344081,0.330415,0.000000,29373.627843,0.000000
2026-09-09,16:31:55,0.329865,0.328961,0.000000,29373.627843,0.000000
2026-09-09,16:31:56,0.324373,0.330382,0.000000,29373.627843,0.000000
2026-09-09,16:31:56,0.324373,0.333509,0.000000,29373.627843,0.000000
2026-09-09,16:31:57,0.341423,0.333509,0.000000,29373.627843,0.000000
2026-09-09,16:31:58,0.344561,0.333686,0.000000,29373.627843,0.000000
2026-09-09,16:31:58,0.319234,0.331072,0.000000,29373.627843,0.000000
2026-09-09,16:31:59,0.332205,0.329788,0.000000,29373.627843,0.000000
2026-09-09,16:32:00,0.332205,0.329788,0.000000,29373.627843,0.000000
2026-09-09,16:32:00,0.335144,0.329120,0.000000,29373.627843,0.000000
2026-09-09,16:32:01,0.324509,0.330555,0.000000,29373.627843,0.000000
2026-09-09,16:32:02,0.340300,0.333570,0.000000,29373.627843,0.000000
2026-09-09,16:32:02,0.340300,0.330098,0.000000,29373.627843,0.000000
2026-09-09,16:32:03,0.309363,0.330098,0.000000,29373.627843,0.000000
2026-09-09,16:32:04,0.332888,0.330400,0.000000,29373.627843,0.000000
2026-09-09,16:32:04,0.309363,0.328899,0.000000,29373.627843,0.000000
2026-09-09,16:32:05,0.313553,0.326112,0.000000,29373.627843,0.000000
2026-09-09,16:32:06,0.313553,0.322592,0.000000,29373.627843,0.000000
2026-09-09,16:32:06,0.309363,0.322592,0.000000,29373.627843,0.000000
2026-09-09,16:32:07,0.339978,0.324667,0.000000,29373.627843,0.000000
2026-09-09,16:32:08,0.329343,0.324380,0.000000,29373.627843,0.000000
2026-09-09,16:32:08,0.345134,0.325380,0.000000,29373.627843,0.000000
2026-09-09,16:32:09,0.345134,0.325380,0.000000,29373.627843,0.000000
2026-09-09,16:32:10,0.314204,0.324349,0.000000,29373.627843,0.000000
2026-09-09,16:32:10,0.334169,0.323736,0.000000,29373.627843,0.000000
2026-09-09,16:32:11,0.348570,0.327657,0.000000,29373.627843,0.000000
2026-09-09,16:32:12,0.348570,0.329307,0.000000,29373.627843,0.000000
2026-09-09,16:32:12,0.349396,0.329307,0.000000,29373.627843,0.000000
2026-09-09,16:32:13,0.320789,0.330450,0.000000,29373.627843,0.000000
2026-09-09,16:32:14,0.307610,0.329856,0.000000,29373.627843,0.000000
2026-09-09,16:32:14,0.288967,0.327816,0.000000,29373.627843,0.000000
2026-09-09,16:32:15,0.288967,0.327816,0.000000,29373.627843,0.000000
2026-09-09,16:32:16,0.302467,0.324065,0.000000,29373.627843,0.000000
2026-09-09,16:32:16,0.315646,0.322695,0.000000,29373.627843,0.000000
2026-09-09,16:32:17,0.288003,0.316982,0.000000,29373.627843,0.000000
2026-09-09,16:32:18,0.314204,0.316982,0.000000,29373.627843,0.000000
2026-09-09,16:32:18,0.314204,0.316982,0.000000,29373.627843,0.000000
2026-09-09,16:32:19,0.314859,0.315051,0.000000,29373.627843,0.000000
2026-09-09,16:32:20,0.307011,0.310895,0.000000,29373.627843,0.000000
2026-09-09,16:32:20,0.307011,0.306657,0.000000,29373.627843,0.000000
2026-09-09,16:32:21,0.307011,0.309319,0.000000,29373.627843,0.000000
2026-09-09,16:32:22,0.347409,0.309319,0.000000,29373.627843,0.000000
2026-09-09,16:32:22,0.344804,0.313038,0.000000,29373.627843,0.000000
2026-09-09,16:32:23,0.333235,0.317465,0.000000,29373.627843,0.000000
2026-09-09,16:32:24,0.323321,0.319550,0.000000,29373.627843,0.000000
2026-09-09,16:32:24,0.323321,0.319550,0.000000,29373.627843,0.000000
2026-09-09,16:32:25,0.337712,0.321757,0.000000,29373.627843,0.000000
2026-09-09,16:32:26,0.341550,0.327112,0.000000,29373.627843,0.000000
2026-09-09,16:32:26,0.333519,0.329043,0.000000,29373.627843,0.000000
2026-09-09,16:32:27,0.347159,0.332273,0.000000,29373.627843,0.000000
2026-09-09,16:32:28,0.347159,0.332273,0.000000,29373.627843,0.000000
2026-09-09,16:32:28,0.311761,0.332748,0.000000,29373.627843,0.000000
2026-09-09,16:32:29,0.342937,0.336341,0.000000,29373.627843,0.000000
2026-09-09,16:32:30,0.353004,0.336900,0.000000,29373.627843,0.000000
2026-09-09,16:32:30,0.353004,0.337720,0.000000,29373.627843,0.000000
2026-09-09,16:32:31,0.353004,0.337720,0.000000,29373.627843,0.000000
2026-09-09,16:32:32,0.334818,0.337879,0.000000,29373.627843,0.000000
2026-09-09,16:32:32,0.332220,0.338768,0.000000,29373.627843,0.000000
2026-09-09,16:32:33,0.319773,0.336975,0.000000,29373.627843,0.000000
2026-09-09,16:32:34,0.319773,0.337309,0.000000,29373.627843,0.000000
2026-09-09,16:32:34,0.344896,0.337309,0.000000,29373.627843,0.000000
2026-09-09,16:32:35,0.308896,0.334847,0.000000,29373.627843,0.000000
2026-09-09,16:32:36,0.308574,0.330988,0.000000,29373.627843,0.000000
2026-09-09,16:32:36,0.340396,0.333852,0.000000,29373.627843,0.000000
2026-09-09,16:32:37,0.340396,0.333852,0.000000,29373.627843,0.000000
2026-09-09,16:32:38,0.326896,0.332248,0.000000,29373.627843,0.000000
2026-09-09,16:32:38,0.322396,0.329187,0.000000,29373.627843,0.000000
2026-09-09,16:32:39,0.347661,0.328653,0.000000,29373.627843,0.000000
2026-09-09,16:32:40,0.347661,0.326901,0.000000,29373.627843,0.000000
2026-09-09,16:32:40,0.317302,0.326901,0.000000,29373.627843,0.000000
2026-09-09,16:32:41,0.314037,0.325083,0.000000,29373.627843,0.000000
2026-09-09,16:32:42,0.313384,0.324444,0.000000,29373.627843,0.000000
2026-09-09,16:32:42,0.313384,0.321293,0.000000,29373.627843,0.000000
2026-09-09,16:32:43,0.313384,0.321261,0.000000,29373.627843,0.000000
2026-09-09,16:32:44,0.308574,0.321261,0.000000,29373.627843,0.000000
2026-09-09,16:32:44,0.350142,0.325417,0.000000,29373.627843,0.000000
2026-09-09,16:32:45,0.348173,0.326195,0.000000,29373.627843,0.000000
2026-09-09,16:32:46,0.332039,0.326709,0.000000,29373.627843,0.000000
2026-09-09,16:32:46,0.332039,0.326709,0.000000,29373.627843,0.000000
2026-09-09,16:32:47,0.333406,0.327810,0.000000,29373.627843,0.000000
2026-09-09,16:32:48,0.319653,0.325009,0.000000,29373.627843,0.000000
2026-09-09,16:32:48,0.317955,0.325075,0.000000,29373.627843,0.000000
2026-09-09,16:32:49,0.317955,0.324450,0.000000,29373.627843,0.000000
2026-09-09,16:32:50,0.307790,0.324450,0.000000,29373.627843,0.000000
2026-09-09,16:32:50,0.334722,0.326584,0.000000,29373.627843,0.000000
2026-09-09,16:32:51,0.321256,0.327371,0.000000,29373.627843,0.000000
2026-09-09,16:32:52,0.308111,0.327325,0.000000,29373.627843,0.000000
2026-09-09,16:32:52,0.308111,0.327325,0.000000,29373.627843,0.000000
2026-09-09,16:32:53,0.341776,0.326488,0.000000,29373.627843,0.000000
2026-09-09,16:32:54,0.329272,0.324598,0.000000,29373.627843,0.000000
2026-09-09,16:32:54,0.312279,0.322622,0.000000,29373.627843,0.000000
2026-09-09,16:32:55,0.307790,0.320060,0.000000,29373.627843,0.000000
2026-09-09,16:32:56,0.307790,0.320060,0.000000,29373.627843,0.000000
2026-09-09,16:32:56,0.339531,0.322048,0.000000,29373.627843,0.000000
2026-09-09,16:32:57,0.348509,0.325104,0.000000,29373.627843,0.000000
2026-09-09,16:32:58,0.322539,0.326578,0.000000,29373.627843,0.000000
2026-09-09,16:32:58,0.322539,0.324526,0.000000,29373.627843,0.000000
2026-09-09,16:32:59,0.314203,0.324526,0.000000,29373.627843,0.000000
2026-09-09,16:33:00,0.307790,0.323180,0.000000,29373.627843,0.000000
2026-09-09,16:33:00,0.345455,0.326914,0.000000,29373.627843,0.000000
2026-09-09,16:33:01,0.338618,0.326598,0.000000,29373.627843,0.000000
2026-09-09,16:33:02,0.338618,0.326598,0.000000,29373.627843,0.000000
2026-09-09,16:33:02,0.323321,0.326003,0.000000,29373.627843,0.000000
2026-09-09,16:33:03,0.312570,0.326033,0.000000,29373.627843,0.000000
2026-09-09,16:33:04,0.344804,0.329734,0.000000,29373.627843,0.000000
2026-09-09,16:33:04,0.333734,0.329154,0.000000,29373.627843,0.000000
2026-09-09,16:33:05,0.333734,0.329154,0.000000,29373.627843,0.000000
2026-09-09,16:33:06,0.322663,0.326570,0.000000,29373.627843,0.000000
2026-09-09,16:33:06,0.312570,0.325573,0.000000,29373.627843,0.000000
2026-09-09,16:33:07,0.344478,0.328600,0.000000,29373.627843,0.000000
2026-09-09,16:33:08,0.344478,0.331618,0.000000,29373.627843,0.000000
2026-09-09,16:33:08,0.337966,0.331618,0.000000,29373.627843,0.000000
2026-09-09,16:33:09,0.332431,0.330316,0.000000,29373.627843,0.000000
2026-09-09,16:33:10,0.313221,0.327776,0.000000,29373.627843,0.000000
2026-09-09,16:33:10,0.312570,0.326701,0.000000,29373.627843,0.000000
2026-09-09,16:33:11,0.312570,0.326701,0.000000,29373.627843,0.000000
2026-09-09,16:33:12,0.315826,0.327026,0.000000,29373.627843,0.000000
2026-09-09,16:33:12,0.312570,0.323803,0.000000,29373.627843,0.000000
2026-09-09,16:33:13,0.340271,0.324457,0.000000,29373.627843,0.000000
2026-09-09,16:33:14,0.340271,0.326953,0.000000,29373.627843,0.000000
2026-09-09,16:33:14,0.347626,0.326953,0.000000,29373.627843,0.000000
2026-09-09,16:33:15,0.323961,0.328092,0.000000,29373.627843,0.000000
2026-09-09,16:33:16,0.345376,0.328182,0.000000,29373.627843,0.000000
2026-09-09,16:33:16,0.332318,0.327617,0.000000,29373.627843,0.000000
2026-09-09,16:33:17,0.332318,0.329858,0.000000,29373.627843,0.000000
2026-09-09,16:33:18,0.354843,0.329858,0.000000,29373.627843,0.000000
2026-09-09,16:33:18,0.350272,0.333563,0.000000,29373.627843,0.000000
2026-09-09,16:33:19,0.313384,0.333645,0.000000,29373.627843,0.000000
2026-09-09,16:33:20,0.343417,0.336404,0.000000,29373.627843,0.000000
2026-09-09,16:33:20,0.343417,0.336404,0.000000,29373.627843,0.000000
2026-09-09,16:33:21,0.335256,0.338672,0.000000,29373.627843,0.000000
2026-09-09,16:33:22,0.313384,0.335984,0.000000,29373.627843,0.000000
2026-09-09,16:33:22,0.350272,0.336248,0.000000,29373.627843,0.000000
2026-09-09,16:33:23,0.350272,0.338390,0.000000,29373.627843,0.000000
2026-09-09,16:33:24,0.345376,0.338390,0.000000,29373.627843,0.000000
2026-09-09,16:33:24,0.307790,0.334631,0.000000,29373.627843,0.000000
2026-09-09,16:33:25,0.307790,0.332179,0.000000,29373.627843,0.000000
2026-09-09,16:33:26,0.340814,0.330776,0.000000,29373.627843,0.000000
2026-09-09,16:33:26,0.340814,0.330599,0.000000,29373.627843,0.000000
2026-09-09,16:33:27,0.348509,0.330599,0.000000,29373.627843,0.000000
2026-09-09,16:33:28,0.330875,0.332348,0.000000,29373.627843,0.000000
2026-09-09,16:33:28,0.314203,0.329427,0.000000,29373.627843,0.000000
2026-09-09,16:33:29,0.307790,0.326680,0.000000,29373.627843,0.000000
2026-09-09,16:33:30,0.307790,0.326680,0.000000,29373.627843,0.000000
2026-09-09,16:33:30,0.333440,0.328686,0.000000,29373.627843,0.000000
2026-09-09,16:33:31,0.344661,0.328125,0.000000,29373.627843,0.000000
2026-09-09,16:33:32,0.308111,0.324398,0.000000,29373.627843,0.000000
2026-09-09,16:33:32,0.308111,0.324398,0.000000,29373.627843,0.000000
2026-09-09,16:33:33,0.307790,0.324398,0.000000,29373.627843,0.000000
2026-09-09,16:33:34,0.342096,0.327829,0.000000,29373.627843,0.000000
2026-09-09,16:33:34,0.339211,0.327669,0.000000,29373.627843,0.000000
2026-09-09,16:33:35,0.348509,0.327669,0.000000,29373.627843,0.000000
2026-09-09,16:33:36,0.348509,0.327604,0.000000,29373.627843,0.000000
2026-09-09,16:33:36,0.330233,0.327604,0.000000,29373.627843,0.000000
2026-09-09,16:33:37,0.343699,0.330554,0.000000,29373.627843,0.000000
2026-09-09,16:33:38,0.340172,0.333792,0.000000,29373.627843,0.000000
2026-09-09,16:33:38,0.308432,0.331291,0.000000,29373.627843,0.000000
2026-09-09,16:33:39,0.308432,0.331291,0.000000,29373.627843,0.000000
2026-09-09,16:33:40,0.307790,0.327604,0.000000,29373.627843,0.000000
2026-09-09,16:33:40,0.339211,0.330714,0.000000,29373.627843,0.000000
2026-09-09,16:33:41,0.331551,0.333090,0.000000,29373.627843,0.000000
2026-09-09,16:33:42,0.331551,0.329817,0.000000,29373.627843,0.000000
2026-09-09,16:33:42,0.309363,0.329817,0.000000,29373.627843,0.000000
2026-09-09,16:33:43,0.339333,0.329829,0.000000,29373.627843,0.000000
2026-09-09,16:33:44,0.346423,0.329621,0.000000,29373.627843,0.000000
2026-09-09,16:33:44,0.309363,0.327534,0.000000,29373.627843,0.000000
2026-09-09,16:33:45,0.309363,0.324100,0.000000,29373.627843,0.000000
2026-09-09,16:33:46,0.309363,0.324100,0.000000,29373.627843,0.000000
2026-09-09,16:33:46,0.309363,0.321019,0.000000,29373.627843,0.000000
2026-09-09,16:33:47,0.336433,0.323819,0.000000,29373.627843,0.000000
2026-09-09,16:33:48,0.345456,0.327586,0.000000,29373.627843,0.000000
2026-09-09,16:33:48,0.345456,0.327586,0.000000,29373.627843,0.000000
2026-09-09,16:33:49,0.309363,0.324601,0.000000,29373.627843,0.000000
2026-09-09,16:33:50,0.350290,0.326475,0.000000,29373.627843,0.000000
2026-09-09,16:33:50,0.309363,0.326475,0.000000,29373.627843,0.000000
2026-09-09,16:33:51,0.315164,0.324058,0.000000,29373.627843,0.000000
2026-09-09,16:33:52,0.315164,0.324058,0.000000,29373.627843,0.000000
2026-09-09,16:33:52,0.309363,0.320352,0.000000,29373.627843,0.000000
2026-09-09,16:33:53,0.339655,0.323382,0.000000,29373.627843,0.000000
2026-09-09,16:33:54,0.321931,0.324638,0.000000,29373.627843,0.000000
2026-09-09,16:33:54,0.321931,0.324638,0.000000,29373.627843,0.000000
2026-09-09,16:33:55,0.309363,0.324638,0.000000,29373.627843,0.000000
2026-09-09,16:33:56,0.309363,0.321931,0.000000,29373.627843,0.000000
2026-09-09,16:33:56,0.340944,0.321480,0.000000,29373.627843,0.000000
2026-09-09,16:33:57,0.337722,0.324316,0.000000,29373.627843,0.000000
2026-09-09,16:33:58,0.337722,0.324316,0.000000,29373.627843,0.000000
2026-09-09,16:33:58,0.334822,0.322769,0.000000,29373.627843,0.000000
2026-09-09,16:33:59,0.334822,0.325315,0.000000,29373.627843,0.000000
2026-09-09,16:34:00,0.335466,0.327345,0.000000,29373.627843,0.000000
2026-09-09,16:34:00,0.337400,0.330149,0.000000,29373.627843,0.000000
2026-09-09,16:34:01,0.337400,0.330149,0.000000,29373.627843,0.000000
2026-09-09,16:34:02,0.338689,0.330052,0.000000,29373.627843,0.000000
2026-09-09,16:34:02,0.338984,0.331757,0.000000,29373.627843,0.000000
2026-09-09,16:34:03,0.338984,0.334720,0.000000,29373.627843,0.000000
2026-09-09,16:34:04,0.338984,0.337419,0.000000,29373.627843,0.000000
2026-09-09,16:34:04,0.336359,0.337419,0.000000,29373.627843,0.000000
2026-09-09,16:34:05,0.315357,0.334860,0.000000,29373.627843,0.000000
2026-09-09,16:34:06,0.324050,0.333493,0.000000,29373.627843,0.000000
2026-09-09,16:34:06,0.324373,0.332448,0.000000,29373.627843,0.000000
2026-09-09,16:34:07,0.324373,0.331565,0.000000,29373.627843,0.000000
2026-09-09,16:34:08,0.325988,0.331565,0.000000,29373.627843,0.000000
2026-09-09,16:34:08,0.329219,0.330940,0.000000,29373.627843,0.000000
2026-09-09,16:34:09,0.330835,0.330284,0.000000,29373.627843,0.000000
2026-09-09,16:34:10,0.330835,0.329499,0.000000,29373.627843,0.000000
2026-09-09,16:34:10,0.330835,0.329499,0.000000,29373.627843,0.000000
2026-09-09,16:34:11,0.347312,0.330331,0.000000,29373.627843,0.000000
2026-09-09,16:34:12,0.344404,0.330873,0.000000,29373.627843,0.000000
2026-09-09,16:34:12,0.311127,0.328350,0.000000,29373.627843,0.000000
2026-09-09,16:34:13,0.311127,0.327830,0.000000,29373.627843,0.000000
2026-09-09,16:34:14,0.310158,0.327830,0.000000,29373.627843,0.000000
2026-09-09,16:34:14,0.351189,0.330544,0.000000,29373.627843,0.000000
2026-09-09,16:34:15,0.303943,0.328501,0.000000,29373.627843,0.000000
2026-09-09,16:34:16,0.303943,0.326296,0.000000,29373.627843,0.000000
2026-09-09,16:34:16,0.303943,0.327372,0.000000,29373.627843,0.000000
2026-09-09,16:34:17,0.339978,0.327372,0.000000,29373.627843,0.000000
2026-09-09,16:34:18,0.325476,0.326836,0.000000,29373.627843,0.000000
2026-09-09,16:34:18,0.311297,0.324883,0.000000,29373.627843,0.000000
2026-09-09,16:34:19,0.350290,0.325180,0.000000,29373.627843,0.000000
2026-09-09,16:34:20,0.350290,0.325180,0.000000,29373.627843,0.000000
2026-09-09,16:34:20,0.343200,0.325060,0.000000,29373.627843,0.000000
2026-09-09,16:34:21,0.344167,0.328364,0.000000,29373.627843,0.000000
2026-09-09,16:34:22,0.328376,0.330186,0.000000,29373.627843,0.000000
2026-09-09,16:34:22,0.328376,0.326454,0.000000,29373.627843,0.000000
2026-09-09,16:34:23,0.313875,0.326454,0.000000,29373.627843,0.000000
2026-09-09,16:34:24,0.309363,0.326997,0.000000,29373.627843,0.000000
2026-09-09,16:34:24,0.338366,0.330439,0.000000,29373.627843,0.000000
2026-09-09,16:34:25,0.325789,0.329020,0.000000,29373.627843,0.000000
2026-09-09,16:34:26,0.325789,0.329194,0.000000,29373.627843,0.000000
2026-09-09,16:34:26,0.327217,0.329194,0.000000,29373.627843,0.000000
2026-09-09,16:34:27,0.325932,0.330658,0.000000,29373.627843,0.000000
2026-09-09,16:34:28,0.351843,0.330813,0.000000,29373.627843,0.000000
2026-09-09,16:34:28,0.328278,0.329321,0.000000,29373.627843,0.000000
2026-09-09,16:34:29,0.328278,0.329321,0.000000,29373.627843,0.000000
2026-09-09,16:34:30,0.328278,0.327732,0.000000,29373.627843,0.000000
2026-09-09,16:34:30,0.351843,0.330078,0.000000,29373.627843,0.000000
2026-09-09,16:34:31,0.350207,0.333712,0.000000,29373.627843,0.000000
2026-09-09,16:34:32,0.350207,0.334523,0.000000,29373.627843,0.000000
2026-09-09,16:34:32,0.317477,0.334523,0.000000,29373.627843,0.000000
2026-09-09,16:34:33,0.349225,0.335609,0.000000,29373.627843,0.000000
2026-09-09,16:34:34,0.330110,0.336041,0.000000,29373.627843,0.000000
2026-09-09,16:34:34,0.310503,0.334370,0.000000,29373.627843,0.000000
2026-09-09,16:34:35,0.310503,0.335495,0.000000,29373.627843,0.000000
2026-09-09,16:34:36,0.337182,0.335495,0.000000,29373.627843,0.000000
2026-09-09,16:34:36,0.339110,0.334221,0.000000,29373.627843,0.000000
2026-09-09,16:34:37,0.347008,0.336094,0.000000,29373.627843,0.000000
2026-09-09,16:34:38,0.332318,0.336498,0.000000,29373.627843,0.000000
2026-09-09,16:34:38,0.332318,0.336498,0.000000,29373.627843,0.000000
2026-09-09,16:34:39,0.339934,0.335307,0.000000,29373.627843,0.000000
2026-09-09,16:34:40,0.312742,0.331561,0.000000,29373.627843,0.000000
2026-09-09,16:34:40,0.310158,0.330829,0.000000,29373.627843,0.000000
2026-09-09,16:34:41,0.310158,0.330379,0.000000,29373.627843,0.000000
2026-09-09,16:34:42,0.344727,0.330379,0.000000,29373.627843,0.000000
2026-09-09,16:34:42,0.342143,0.331582,0.000000,29373.627843,0.000000
2026-09-09,16:34:43,0.351189,0.335651,0.000000,29373.627843,0.000000
2026-09-09,16:34:44,0.351189,0.337052,0.000000,29373.627843,0.000000
2026-09-09,16:34:45,0.351189,0.335901,0.000000,29373.627843,0.000000
2026-09-09,16:34:45,0.327604,0.335901,0.000000,29373.627843,0.000000
2026-09-09,16:34:46,0.323727,0.333573,0.000000,29373.627843,0.000000
2026-09-09,16:34:47,0.312419,0.331583,0.000000,29373.627843,0.000000
2026-09-09,16:34:47,0.328250,0.330415,0.000000,29373.627843,0.000000
2026-09-09,16:34:48,0.328250,0.330415,0.000000,29373.627843,0.000000
2026-09-09,16:34:48,0.333096,0.332450,0.000000,29373.627843,0.000000
2026-09-09,16:34:49,0.345696,0.336004,0.000000,29373.627843,0.000000
2026-09-09,16:34:50,0.310158,0.332547,0.000000,29373.627843,0.000000
2026-09-09,16:34:50,0.310158,0.332838,0.000000,29373.627843,0.000000
2026-09-09,16:34:51,0.345050,0.332838,0.000000,29373.627843,0.000000
2026-09-09,16:34:52,0.328896,0.330609,0.000000,29373.627843,0.000000
2026-09-09,16:34:52,0.320173,0.327507,0.000000,29373.627843,0.000000
2026-09-09,16:34:53,0.310158,0.325762,0.000000,29373.627843,0.000000
2026-09-09,16:34:54,0.310158,0.327895,0.000000,29373.627843,0.000000
2026-09-09,16:34:55,0.345050,0.327895,0.000000,29373.627843,0.000000
2026-09-09,16:34:55,0.343112,0.330964,0.000000,29373.627843,0.000000
2026-09-09,16:34:56,0.343435,0.332482,0.000000,29373.627843,0.000000
2026-09-09,16:34:57,0.310158,0.330189,0.000000,29373.627843,0.000000
2026-09-09,16:34:57,0.310158,0.330189,0.000000,29373.627843,0.000000
2026-09-09,16:34:58,0.289480,0.324567,0.000000,29373.627843,0.000000
2026-09-09,16:34:59,0.299173,0.323468,0.000000,29373.627843,0.000000
2026-09-09,16:34:59,0.305957,0.319559,0.000000,29373.627843,0.000000
2026-09-09,16:35:00,0.305957,0.319721,0.000000,29373.627843,0.000000
2026-09-09,16:35:01,0.330512,0.319721,0.000000,29373.627843,0.000000
2026-09-09,16:35:01,0.340527,0.321756,0.000000,29373.627843,0.000000
2026-09-09,16:35:02,0.338912,0.324632,0.000000,29373.627843,0.000000
2026-09-09,16:35:03,0.341819,0.324308,0.000000,29373.627843,0.000000
2026-09-09,16:35:03,0.341819,0.324341,0.000000,29373.627843,0.000000
2026-09-09,16:35:04,0.343435,0.324341,0.000000,29373.627843,0.000000
2026-09-09,16:35:05,0.343435,0.324341,0.000000,29373.627843,0.000000
2026-09-09,16:35:05,0.340850,0.327410,0.000000,29373.627843,0.000000
2026-09-09,16:35:06,0.333096,0.331772,0.000000,29373.627843,0.000000
2026-09-09,16:35:07,0.333096,0.331772,0.000000,29373.627843,0.000000
2026-09-09,16:35:07,0.321788,0.334033,0.000000,29373.627843,0.000000
2026-09-09,16:35:08,0.310158,0.334453,0.000000,29373.627843,0.000000
2026-09-09,16:35:09,0.343435,0.335746,0.000000,29373.627843,0.000000
2026-09-09,16:35:09,0.343435,0.335132,0.000000,29373.627843,0.000000
2026-09-09,16:35:10,0.334389,0.335132,0.000000,29373.627843,0.000000
2026-09-09,16:35:11,0.345373,0.335778,0.000000,29373.627843,0.000000
2026-09-09,16:35:11,0.313388,0.332935,0.000000,29373.627843,0.000000
2026-09-09,16:35:12,0.310158,0.329607,0.000000,29373.627843,0.000000
2026-09-09,16:35:13,0.310158,0.326279,0.000000,29373.627843,0.000000
2026-09-09,16:35:13,0.310158,0.326279,0.000000,29373.627843,0.000000
2026-09-09,16:35:14,0.343758,0.326570,0.000000,29373.627843,0.000000
2026-09-09,16:35:15,0.351189,0.328379,0.000000,29373.627843,0.000000
2026-09-09,16:35:15,0.328573,0.329058,0.000000,29373.627843,0.000000
2026-09-09,16:35:16,0.328573,0.329058,0.000000,29373.627843,0.000000
2026-09-09,16:35:17,0.345696,0.332612,0.000000,29373.627843,0.000000
2026-09-09,16:35:17,0.310158,0.329284,0.000000,29373.627843,0.000000
2026-09-09,16:35:18,0.310158,0.326861,0.000000,29373.627843,0.000000
2026-09-09,16:35:19,0.310158,0.327442,0.000000,29373.627843,0.000000
2026-09-09,16:35:19,0.351189,0.327442,0.000000,29373.627843,0.000000
2026-09-09,16:35:20,0.328896,0.328993,0.000000,29373.627843,0.000000
2026-09-09,16:35:21,0.324050,0.330382,0.000000,29373.627843,0.000000
2026-09-09,16:35:21,0.323081,0.331675,0.000000,29373.627843,0.000000
2026-09-09,16:35:22,0.323081,0.330147,0.000000,29373.627843,0.000000
2026-09-09,16:35:23,0.328483,0.330147,0.000000,29373.627843,0.000000
2026-09-09,16:35:23,0.321753,0.327204,0.000000,29373.627843,0.000000
2026-09-09,16:35:24,0.321753,0.326522,0.000000,29373.627843,0.000000
2026-09-09,16:35:25,0.322396,0.324192,0.000000,29373.627843,0.000000
2026-09-09,16:35:25,0.322396,0.324192,0.000000,29373.627843,0.000000
2026-09-09,16:35:26,0.321753,0.325351,0.000000,29373.627843,0.000000
2026-09-09,16:35:27,0.347987,0.329134,0.000000,29373.627843,0.000000
2026-09-09,16:35:27,0.313384,0.325354,0.000000,29373.627843,0.000000
2026-09-09,16:35:28,0.340479,0.326512,0.000000,29373.627843,0.000000
2026-09-09,16:35:29,0.340479,0.326512,0.000000,29373.627843,0.000000
2026-09-09,16:35:29,0.344020,0.328509,0.000000,29373.627843,0.000000
2026-09-09,16:35:30,0.307790,0.326980,0.000000,29373.627843,0.000000
2026-09-09,16:35:31,0.327027,0.326834,0.000000,29373.627843,0.000000
2026-09-09,16:35:31,0.327027,0.325949,0.000000,29373.627843,0.000000
2026-09-09,16:35:32,0.312896,0.325949,0.000000,29373.627843,0.000000
2026-09-09,16:35:33,0.344153,0.328189,0.000000,29373.627843,0.000000
2026-09-09,16:35:33,0.328118,0.328761,0.000000,29373.627843,0.000000
2026-09-09,16:35:34,0.320123,0.328598,0.000000,29373.627843,0.000000
2026-09-09,16:35:35,0.320123,0.328598,0.000000,29373.627843,0.000000
2026-09-09,16:35:35,0.346184,0.328417,0.000000,29373.627843,0.000000
2026-09-09,16:35:36,0.307011,0.327780,0.000000,29373.627843,0.000000
2026-09-09,16:35:37,0.307011,0.324433,0.000000,29373.627843,0.000000
2026-09-09,16:35:37,0.307011,0.320733,0.000000,29373.627843,0.000000
2026-09-09,16:35:38,0.307011,0.320733,0.000000,29373.627843,0.000000
2026-09-09,16:35:39,0.322802,0.322234,0.000000,29373.627843,0.000000
2026-09-09,16:35:39,0.303642,0.319895,0.000000,29373.627843,0.000000
2026-09-09,16:35:40,0.314034,0.320009,0.000000,29373.627843,0.000000
2026-09-09,16:35:41,0.314034,0.317574,0.000000,29373.627843,0.000000
2026-09-09,16:35:41,0.319803,0.317574,0.000000,29373.627843,0.000000
2026-09-09,16:35:42,0.286544,0.313417,0.000000,29373.627843,0.000000
2026-09-09,16:35:43,0.303967,0.311801,0.000000,29373.627843,0.000000
2026-09-09,16:35:43,0.332220,0.310405,0.000000,29373.627843,0.000000
2026-09-09,16:35:44,0.332220,0.310405,0.000000,29373.627843,0.000000
2026-09-09,16:35:45,0.323777,0.312081,0.000000,29373.627843,0.000000
2026-09-09,16:35:45,0.290977,0.310478,0.000000,29373.627843,0.000000
2026-09-09,16:35:46,0.327998,0.312576,0.000000,29373.627843,0.000000
2026-09-09,16:35:47,0.329297,0.313226,0.000000,29373.627843,0.000000
2026-09-09,16:35:47,0.329297,0.313226,0.000000,29373.627843,0.000000
2026-09-09,16:35:48,0.334169,0.316279,0.000000,29373.627843,0.000000
2026-09-09,16:35:49,0.336117,0.318487,0.000000,29373.627843,0.000000
2026-09-09,16:35:49,0.335143,0.320021,0.000000,29373.627843,0.000000
2026-09-09,16:35:50,0.335143,0.324588,0.000000,29373.627843,0.000000
2026-09-09,16:35:51,0.332220,0.324588,0.000000,29373.627843,0.000000
2026-09-09,16:35:51,0.311761,0.325368,0.000000,29373.627843,0.000000
2026-09-09,16:35:52,0.348782,0.327024,0.000000,29373.627843,0.000000
2026-09-09,16:35:53,0.311761,0.325823,0.000000,29373.627843,0.000000
2026-09-09,16:35:53,0.311761,0.325823,0.000000,29373.627843,0.000000
2026-09-09,16:35:54,0.353004,0.332025,0.000000,29373.627843,0.000000
2026-09-09,16:35:55,0.323452,0.331571,0.000000,29373.627843,0.000000
2026-09-09,16:35:55,0.311761,0.329817,0.000000,29373.627843,0.000000
2026-09-09,16:35:56,0.311761,0.329200,0.000000,29373.627843,0.000000
2026-09-09,16:35:57,0.327998,0.329200,0.000000,29373.627843,0.000000
2026-09-09,16:35:57,0.311761,0.326764,0.000000,29373.627843,0.000000
2026-09-09,16:35:58,0.329947,0.326245,0.000000,29373.627843,0.000000
2026-09-09,16:35:59,0.311761,0.324199,0.000000,29373.627843,0.000000
2026-09-09,16:35:59,0.311761,0.327524,0.000000,29373.627843,0.000000
2026-09-09,16:36:00,0.345012,0.327524,0.000000,29373.627843,0.000000
2026-09-09,16:36:01,0.346834,0.327329,0.000000,29373.627843,0.000000
2026-09-09,16:36:01,0.311761,0.327329,0.000000,29373.627843,0.000000
