# 펌프 1개, 설치 높이 2300mm, 파이프 200A, 파이프내 수위 82mm
# Level 설정 : Range 5.000m, Low Level 1.350m, Distance Migration 0.00m, Empty Height 1.309m
# Flow 설정 : U-Shape, Canal Width 0.200m, Height 0.200m, Installation Height 2.000m
# Flow Direction:Downstream
# 순서: date, time, Real-time velocity, Avg. velocity, Instant. flow rate, Cumulative flow, Water level, 펌프
2026-09-09,16:40:12,0.10268,0.087128,0.00016,29373.646183,0.028,1
2026-09-09,16:40:13,0.18625,0.087128,0.00017,29373.646353,0.028,1
2026-09-09,16:40:13,0.103652,0.089093,0.00017,29373.646353,0.028,1
2026-09-09,16:40:14,0.103652,0.091187,0.00017,29373.646523,0.027,1
2026-09-09,16:40:15,0.103652,0.091187,0.00017,29373.646693,0.027,1
2026-09-09,16:40:15,0.108511,0.0917,0.00017,29373.646693,0.027,1
2026-09-09,16:40:16,0.124059,0.095813,0.00017,29373.646863,0.027,1
2026-09-09,16:40:17,0.082922,0.095813,0.00018,29373.647043,0.027,1
2026-09-09,16:40:17,0.082922,0.095813,0.00018,29373.647043,0.027,1
2026-09-09,16:40:18,0.082922,0.095813,0.00018,29373.647223,0.027,1
2026-09-09,16:40:19,0.082922,0.095813,0.00018,29373.647403,0.027,1
2026-09-09,16:40:19,0.101822,0.095813,0.00018,29373.647403,0.027,1
2026-09-09,16:40:20,0.121869,0.095813,0.00018,29373.647583,0.027,1
2026-09-09,16:40:20,0.121869,0.095667,0.00018,29373.647763,0.027,1
2026-09-09,16:40:21,0.081458,0.095667,0.00018,29373.647763,0.027,1
2026-09-09,16:40:22,0.082922,0.095667,0.00018,29373.647943,0.027,1
2026-09-09,16:40:23,0.124383,0.095667,0.00018,29373.648123,0.027,1
2026-09-09,16:40:23,0.103652,0.095667,0.00017,29373.648123,0.026,1
2026-09-09,16:40:24,0.103652,0.095667,0.00017,29373.648293,0.026,1
2026-09-09,16:40:25,0.082922,0.095667,0.00017,29373.648463,0.026,1
2026-09-09,16:40:25,0.124383,0.095667,0.00017,29373.648463,0.026,1
2026-09-09,16:40:26,0.082922,0.095667,0.00017,29373.648633,0.026,1
2026-09-09,16:40:27,0.082922,0.095667,0.00017,29373.648803,0.026,1
2026-09-09,16:40:27,0.18625,0.095667,0.00017,29373.648803,0.026,1
2026-09-09,16:40:28,0.124383,0.095667,0.00017,29373.648973,0.026,1
2026-09-09,16:40:29,0.112074,0.095667,0.00017,29373.649143,0.026,1
2026-09-09,16:40:29,0.105565,0.095667,0.00017,29373.649143,0.026,1
2026-09-09,16:40:30,0.105565,0.095667,0.00017,29373.649313,0.026,1
2026-09-09,16:40:31,0.082922,0.095667,0.00017,29373.649483,0.026,1
2026-09-09,16:40:31,0.082922,0.095667,0.00017,29373.649483,0.026,1
2026-09-09,16:40:32,0.124383,0.095667,0.00017,29373.649653,0.026,1
2026-09-09,16:40:33,0.103652,0.095667,0.00017,29373.649823,0.026,1
2026-09-09,16:40:33,0.103652,0.095667,0.00017,29373.649823,0.026,1
2026-09-09,16:40:34,0.105596,0.095667,0.00017,29373.649993,0.027,1
2026-09-09,16:40:35,0.129889,0.095667,0.00018,29373.650173,0.027,1
2026-09-09,16:40:35,0.103652,0.095667,0.00018,29373.650173,0.027,1
2026-09-09,16:40:36,0.103652,0.095667,0.00018,29373.650353,0.027,1
2026-09-09,16:40:37,0.124059,0.095667,0.00018,29373.650533,0.027,1
2026-09-09,16:40:37,0.082922,0.093594,0.00018,29373.650533,0.027,1
2026-09-09,16:40:38,0.081663,0.093468,0.00017,29373.650703,0.027,1
2026-09-09,16:40:39,0.12438,0.093468,0.00017,29373.650873,0.027,1
2026-09-09,16:40:39,0.12438,0.09349,0.00017,29373.650873,0.027,1
2026-09-09,16:40:40,0.083136,0.09349,0.00017,29373.651043,0.027,1
2026-09-09,16:40:40,0.124704,0.09349,0.00017,29373.651213,0.027,1
2026-09-09,16:40:41,0.145488,0.09349,0.00017,29373.651213,0.027,1
2026-09-09,16:40:42,0.186732,0.09349,0.00017,29373.651383,0.027,1
2026-09-09,16:40:42,0.186732,0.09349,0.00017,29373.651553,0.026,1
2026-09-09,16:40:43,0.106518,0.093776,0.00017,29373.651553,0.026,1
2026-09-09,16:40:44,0.083136,0.091725,0.00016,29373.651713,0.026,1
2026-09-09,16:40:44,0.127302,0.091725,0.00017,29373.651883,0.027,1
2026-09-09,16:40:45,0.127302,0.091725,0.00017,29373.651883,0.027,1
2026-09-09,16:40:46,0.12438,0.091725,0.00017,29373.652053,0.027,1
2026-09-09,16:40:46,0.083136,0.089187,0.00016,29373.652213,0.027,1
2026-09-09,16:40:47,0.083136,0.085095,0.00016,29373.652213,0.027,1
2026-09-09,16:40:48,0.13672,0.085095,0.00016,29373.652373,0.027,1
2026-09-09,16:40:48,0.13672,0.085263,0.00016,29373.652533,0.026,1
2026-09-09,16:40:49,0.083136,0.085263,0.00015,29373.652533,0.026,1
2026-09-09,16:40:50,0.114392,0.085263,0.00015,29373.652683,0.026,1
2026-09-09,16:40:50,0.087849,0.085263,0.00015,29373.652833,0.026,1
2026-09-09,16:40:51,0.154536,0.085263,0.00015,29373.652833,0.026,1
2026-09-09,16:40:52,0.154536,0.085263,0.00015,29373.652983,0.026,1
2026-09-09,16:40:52,0.123116,0.085263,0.00015,29373.653133,0.026,1
2026-09-09,16:40:53,0.10501,0.085263,0.00015,29373.653133,0.026,1
2026-09-09,16:40:54,0.139858,0.085263,0.00015,29373.653283,0.026,1
2026-09-09,16:40:54,0.139858,0.08522,0.00015,29373.653433,0.027,1
2026-09-09,16:40:55,0.082497,0.08522,0.00016,29373.653433,0.027,1
2026-09-09,16:40:56,0.082497,0.085178,0.00016,29373.653593,0.027,1
2026-09-09,16:40:56,0.105377,0.087423,0.00016,29373.653753,0.027,1
2026-09-09,16:40:57,0.185296,0.087423,0.00016,29373.653753,0.026,1
2026-09-09,16:40:58,0.185296,0.087423,0.00015,29373.653913,0.026,1
2026-09-09,16:40:58,0.123423,0.087423,0.00015,29373.654063,0.026,1
2026-09-09,16:40:59,0.103121,0.087423,0.00015,29373.654063,0.026,1
2026-09-09,16:41:00,0.087653,0.087423,0.00015,29373.654213,0.026,1
2026-09-09,16:41:00,0.087653,0.087423,0.00015,29373.654363,0.026,1
2026-09-09,16:41:01,0.082497,0.087423,0.00015,29373.654363,0.025,1
2026-09-09,16:41:02,0.123745,0.087423,0.00014,29373.654513,0.025,1
2026-09-09,16:41:02,0.082497,0.087507,0.00014,29373.654653,0.025,1
2026-09-09,16:41:03,0.103121,0.089505,0.00014,29373.654653,0.024,1
2026-09-09,16:41:04,0.103121,0.087103,0.00014,29373.654793,0.023,1
2026-09-09,16:41:04,0.082497,0.087103,0.00012,29373.654913,0.023,1
2026-09-09,16:41:05,0.08443,0.087232,0.00012,29373.654913,0.023,1
2026-09-09,16:41:06,0.103121,0.089231,0.00012,29373.655033,0.022,1
2026-09-09,16:41:06,0.123423,0.09326,0.00012,29373.655033,0.022,1
2026-09-09,16:41:07,0.123423,0.09326,0.00012,29373.655153,0.023,1
2026-09-09,16:41:08,0.189807,0.09326,0.00012,29373.655273,0.023,1
2026-09-09,16:41:08,0.103121,0.095258,0.00013,29373.655273,0.023,1
2026-09-09,16:41:09,0.082497,0.095258,0.00014,29373.655403,0.024,1
2026-09-09,16:41:10,0.082497,0.097321,0.00014,29373.655543,0.025,1
2026-09-09,16:41:10,0.103121,0.097321,0.00016,29373.655543,0.025,1
2026-09-09,16:41:11,0.121167,0.0989,0.00016,29373.655703,0.025,1
2026-09-09,16:41:12,0.126678,0.103318,0.00016,29373.655863,0.026,1
2026-09-09,16:41:12,0.12374,0.10538,0.00018,29373.655863,0.026,1
2026-09-09,16:41:13,0.12374,0.10538,0.00019,29373.656043,0.027,1
2026-09-09,16:41:14,0.126971,0.109827,0.00019,29373.656233,0.027,1
2026-09-09,16:41:14,0.185771,0.109827,0.0002,29373.656233,0.027,1
2026-09-09,16:41:15,0.103386,0.111723,0.00021,29373.656433,0.027,1
2026-09-09,16:41:16,0.103386,0.109556,0.00021,29373.656643,0.027,1
2026-09-09,16:41:16,0.081458,0.109556,0.0002,29373.656643,0.027,1
2026-09-09,16:41:17,0.121869,0.109556,0.0002,29373.656843,0.027,1
2026-09-09,16:41:18,0.081458,0.10536,0.0002,29373.657043,0.027,1
2026-09-09,16:41:18,0.14474,0.10536,0.0002,29373.657043,0.028,1
2026-09-09,16:41:19,0.14474,0.10536,0.0002,29373.657243,0.028,1
2026-09-09,16:41:20,0.14474,0.10536,0.00021,29373.657453,0.027,1
2026-09-09,16:41:20,0.12374,0.10536,0.0002,29373.657453,0.027,1
2026-09-09,16:41:21,0.186095,0.10536,0.0002,29373.657653,0.027,1
2026-09-09,16:41:22,0.081458,0.103193,0.0002,29373.657853,0.027,1
2026-09-09,16:41:22,0.081458,0.103193,0.00019,29373.657853,0.027,1
2026-09-09,16:41:23,0.081458,0.103089,0.00019,29373.658043,0.027,1
2026-09-09,16:41:24,0.121869,0.103089,0.00019,29373.658233,0.027,1
2026-09-09,16:41:24,0.082922,0.10107,0.00019,29373.658233,0.027,1
2026-09-09,16:41:25,0.082922,0.10107,0.00019,29373.658423,0.027,1
2026-09-09,16:41:26,0.142551,0.10107,0.00019,29373.658613,0.026,1
2026-09-09,16:41:26,0.081458,0.097099,0.00017,29373.658613,0.026,1
2026-09-09,16:41:27,0.145488,0.097099,0.00017,29373.658783,0.026,1
2026-09-09,16:41:28,0.083136,0.092744,0.00017,29373.658953,0.026,1
2026-09-09,16:41:28,0.083136,0.092744,0.00016,29373.658953,0.026,1
2026-09-09,16:41:29,0.166272,0.092744,0.00016,29373.659113,0.026,1
2026-09-09,16:41:30,0.10392,0.090762,0.00016,29373.659273,0.026,1
2026-09-09,16:41:30,0.10392,0.088457,0.00015,29373.659273,0.026,1
2026-09-09,16:41:31,0.10392,0.088457,0.00015,29373.659423,0.026,1
2026-09-09,16:41:32,0.145488,0.088457,0.00015,29373.659573,0.026,1
2026-09-09,16:41:32,0.102337,0.088457,0.00015,29373.659573,0.026,1
2026-09-09,16:41:33,0.08187,0.088457,0.00015,29373.659723,0.026,1
2026-09-09,16:41:34,0.08187,0.088457,0.00015,29373.659873,0.026,1
2026-09-09,16:41:34,0.08187,0.088457,0.00015,29373.659873,0.027,1
2026-09-09,16:41:35,0.08187,0.088457,0.00016,29373.660033,0.027,1
2026-09-09,16:41:36,0.102337,0.088457,0.00016,29373.660193,0.027,1
2026-09-09,16:41:36,0.108413,0.088457,0.00016,29373.660193,0.026,1
2026-09-09,16:41:37,0.143272,0.088457,0.00015,29373.660343,0.026,1
2026-09-09,16:41:38,0.143272,0.088457,0.00015,29373.660493,0.026,1
2026-09-09,16:41:38,0.08187,0.086306,0.00015,29373.660493,0.026,1
2026-09-09,16:41:39,0.08187,0.086347,0.00015,29373.660643,0.026,1
2026-09-09,16:41:40,0.142952,0.086347,0.00015,29373.660793,0.026,1
2026-09-09,16:41:40,0.142952,0.086347,0.00015,29373.660793,0.025,1
2026-09-09,16:41:41,0.102337,0.086347,0.00014,29373.660933,0.025,1
2026-09-09,16:41:42,0.08187,0.086347,0.00014,29373.661073,0.025,1
2026-09-09,16:41:42,0.122485,0.086347,0.00014,29373.661073,0.026,1
2026-09-09,16:41:43,0.132079,0.086347,0.00015,29373.661223,0.026,1
2026-09-09,16:41:44,0.132079,0.086347,0.00015,29373.661373,0.026,1
2026-09-09,16:41:44,0.102337,0.086347,0.00015,29373.661373,0.026,1
2026-09-09,16:41:45,0.08187,0.086347,0.00015,29373.661523,0.026,1
2026-09-09,16:41:46,0.102337,0.086347,0.00015,29373.661673,0.026,1
2026-09-09,16:41:46,0.102337,0.086347,0.00015,29373.661673,0.026,1
2026-09-09,16:41:47,0.08187,0.086347,0.00015,29373.661823,0.026,1
2026-09-09,16:41:48,0.102337,0.086347,0.00015,29373.661973,0.026,1
2026-09-09,16:41:48,0.083136,0.086347,0.00015,29373.661973,0.026,1
2026-09-09,16:41:49,0.083136,0.086347,0.00015,29373.662123,0.026,1
2026-09-09,16:41:50,0.083136,0.099551,0.00015,29373.662273,0.026,1
2026-09-09,16:41:50,0.10392,0.099551,0.00017,29373.662273,0.027,1
2026-09-09,16:41:51,0.083136,0.095616,0.00018,29373.662443,0.027,1
2026-09-09,16:41:51,0.083136,0.090722,0.00018,29373.662623,0.027,1
2026-09-09,16:41:52,0.112689,0.090722,0.00017,29373.662623,0.027,1
2026-09-09,16:41:53,0.112689,0.090722,0.00017,29373.662793,0.027,1
2026-09-09,16:41:53,0.083136,0.090722,0.00017,29373.662963,0.027,1
2026-09-09,16:41:54,0.10392,0.090722,0.00017,29373.662963,0.027,1
2026-09-09,16:41:55,0.083136,0.090722,0.00017,29373.663133,0.027,1
2026-09-09,16:41:55,0.083136,0.090722,0.00017,29373.663303,0.027,1
2026-09-09,16:41:56,0.157829,0.090722,0.00017,29373.663303,0.027,1
2026-09-09,16:41:57,0.083136,0.088801,0.00016,29373.663473,0.027,1
2026-09-09,16:41:57,0.166272,0.088801,0.00016,29373.663633,0.027,1
2026-09-09,16:41:58,0.145164,0.088801,0.00016,29373.663633,0.027,1
2026-09-09,16:41:59,0.145164,0.088801,0.00016,29373.663793,0.027,1
2026-09-09,16:41:59,0.102337,0.088801,0.00016,29373.663953,0.027,1
2026-09-09,16:42:00,0.08187,0.088801,0.00016,29373.663953,0.027,1
2026-09-09,16:42:01,0.122485,0.088801,0.00016,29373.664113,0.027,1
2026-09-09,16:42:01,0.122485,0.088801,0.00016,29373.664273,0.027,1
2026-09-09,16:42:02,0.093362,0.088801,0.00016,29373.664273,0.027,1
2026-09-09,16:42:03,0.163419,0.088801,0.00016,29373.664433,0.027,1
2026-09-09,16:42:03,0.08187,0.088801,0.00016,29373.664593,0.027,1
2026-09-09,16:42:04,0.102977,0.088865,0.00016,29373.664593,0.027,1
2026-09-09,16:42:05,0.102977,0.088865,0.00016,29373.664753,0.026,1
2026-09-09,16:42:05,0.08187,0.088865,0.00015,29373.664903,0.026,1
2026-09-09,16:42:06,0.08187,0.086819,0.00015,29373.664903,0.026,1
2026-09-09,16:42:07,0.134821,0.086819,0.00015,29373.665053,0.026,1
2026-09-09,16:42:07,0.142952,0.086819,0.00015,29373.665203,0.026,1
2026-09-09,16:42:08,0.142952,0.086692,0.00015,29373.665203,0.026,1
2026-09-09,16:42:09,0.08187,0.086692,0.00015,29373.665353,0.026,1
2026-09-09,16:42:09,0.097061,0.088085,0.00015,29373.665503,0.026,1
2026-09-09,16:42:10,0.082287,0.085921,0.00015,29373.665503,0.026,1
2026-09-09,16:42:11,0.082287,0.085836,0.00015,29373.665653,0.026,1
2026-09-09,16:42:11,0.082287,0.085836,0.00015,29373.665803,0.026,1
2026-09-09,16:42:12,0.160716,0.085836,0.00015,29373.665803,0.026,1
2026-09-09,16:42:13,0.102858,0.087808,0.00015,29373.665953,0.026,1
2026-09-09,16:42:13,0.082287,0.087723,0.00015,29373.665953,0.026,1
2026-09-09,16:42:14,0.082287,0.087723,0.00015,29373.666103,0.026,1
2026-09-09,16:42:15,0.123108,0.087723,0.00015,29373.666253,0.026,1
2026-09-09,16:42:15,0.14368,0.087723,0.00015,29373.666253,0.026,1
2026-09-09,16:42:16,0.113144,0.087723,0.00015,29373.666403,0.026,1
2026-09-09,16:42:17,0.082287,0.087723,0.00015,29373.666553,0.026,1
2026-09-09,16:42:17,0.082287,0.087723,0.00015,29373.666553,0.026,1
2026-09-09,16:42:18,0.083569,0.087723,0.00015,29373.666703,0.026,1
2026-09-09,16:42:19,0.083569,0.087723,0.00015,29373.666853,0.026,1
2026-09-09,16:42:19,0.102597,0.087723,0.00015,29373.666853,0.026,1
2026-09-09,16:42:20,0.102597,0.087723,0.00016,29373.667003,0.027,1
2026-09-09,16:42:21,0.102597,0.087723,0.00016,29373.667163,0.027,1
2026-09-09,16:42:21,0.126322,0.087723,0.00016,29373.667163,0.027,1
2026-09-09,16:42:22,0.10419,0.106506,0.0002,29373.667323,0.027,1
2026-09-09,16:42:23,0.083352,0.102531,0.0002,29373.667523,0.027,1
2026-09-09,16:42:23,0.083352,0.102531,0.00019,29373.667523,0.027,1
2026-09-09,16:42:24,0.20838,0.102531,0.00019,29373.667713,0.026,1
2026-09-09,16:42:25,0.12047,0.10021,0.00019,29373.667903,0.026,1
2026-09-09,16:42:25,0.10419,0.099314,0.00017,29373.667903,0.026,1
2026-09-09,16:42:26,0.121869,0.103272,0.00017,29373.668073,0.026,1
2026-09-09,16:42:27,0.121869,0.103272,0.00018,29373.668253,0.026,1
2026-09-09,16:42:27,0.115663,0.106482,0.00019,29373.668253,0.026,1
2026-09-09,16:42:28,0.124063,0.110531,0.00019,29373.668443,0.027,1
2026-09-09,16:42:29,0.103386,0.11061,0.00021,29373.668653,0.027,1
2026-09-09,16:42:29,0.103386,0.108621,0.0002,29373.668653,0.027,1
2026-09-09,16:42:30,0.082709,0.108621,0.0002,29373.668853,0.027,1
2026-09-09,16:42:31,0.103709,0.10636,0.0002,29373.669053,0.027,1
2026-09-09,16:42:31,0.082709,0.104212,0.00019,29373.669053,0.027,1
2026-09-09,16:42:32,0.135371,0.104212,0.00019,29373.669243,0.027,1
2026-09-09,16:42:33,0.135371,0.104212,0.00019,29373.669433,0.027,1
2026-09-09,16:42:33,0.082709,0.104148,0.00019,29373.669433,0.026,1
2026-09-09,16:42:34,0.118571,0.104148,0.00019,29373.669623,0.026,1
2026-09-09,16:42:35,0.10597,0.104148,0.00018,29373.669803,0.026,1
2026-09-09,16:42:35,0.10597,0.104148,0.00018,29373.669803,0.026,1
2026-09-09,16:42:36,0.132786,0.104148,0.00018,29373.669983,0.026,1
2026-09-09,16:42:37,0.082709,0.100371,0.00017,29373.670153,0.026,1
2026-09-09,16:42:37,0.082709,0.098223,0.00017,29373.670153,0.026,1
2026-09-09,16:42:38,0.121801,0.098223,0.00017,29373.670323,0.026,1
2026-09-09,16:42:39,0.121801,0.098223,0.00017,29373.670493,0.026,1
2026-09-09,16:42:39,0.103386,0.098223,0.00017,29373.670493,0.025,1
2026-09-09,16:42:40,0.165094,0.098223,0.00017,29373.670663,0.025,1
2026-09-09,16:42:41,0.082709,0.094307,0.00015,29373.670813,0.025,1
2026-09-09,16:42:41,0.103386,0.09308,0.00015,29373.670813,0.025,1
2026-09-09,16:42:42,0.103386,0.09308,0.00015,29373.670963,0.025,1
2026-09-09,16:42:43,0.12374,0.093047,0.00015,29373.671113,0.025,1
2026-09-09,16:42:43,0.124063,0.095115,0.00015,29373.671113,0.025,1
2026-09-09,16:42:44,0.082709,0.095115,0.00015,29373.671263,0.025,1
2026-09-09,16:42:45,0.082709,0.095115,0.00015,29373.671413,0.025,1
2026-09-09,16:42:45,0.103386,0.095115,0.00015,29373.671413,0.025,1
2026-09-09,16:42:46,0.124063,0.095115,0.00015,29373.671563,0.025,1
2026-09-09,16:42:47,0.12374,0.095115,0.00015,29373.671713,0.025,1
2026-09-09,16:42:47,0.144417,0.095115,0.00015,29373.671713,0.025,1
2026-09-09,16:42:48,0.144417,0.095115,0.00015,29373.671863,0.025,1
2026-09-09,16:42:49,0.103386,0.095115,0.00015,29373.672013,0.026,1
2026-09-09,16:42:49,0.124063,0.095115,0.00015,29373.672013,0.026,1
2026-09-09,16:42:50,0.082709,0.095115,0.00016,29373.672173,0.026,1
2026-09-09,16:42:51,0.081254,0.092869,0.00016,29373.672333,0.026,1
2026-09-09,16:42:51,0.081254,0.092869,0.00016,29373.672333,0.026,1
2026-09-09,16:42:52,0.162191,0.092869,0.00016,29373.672493,0.026,1
2026-09-09,16:42:53,0.146246,0.092869,0.00017,29373.672663,0.027,1
2026-09-09,16:42:53,0.095787,0.094177,0.00017,29373.672663,0.027,1
2026-09-09,16:42:54,0.095787,0.094971,0.00017,29373.672833,0.027,1
2026-09-09,16:42:55,0.090644,0.094971,0.00018,29373.673003,0.027,1
2026-09-09,16:42:55,0.082287,0.094929,0.00018,29373.673003,0.027,1
2026-09-09,16:42:56,0.164573,0.094929,0.00018,29373.673183,0.027,1
2026-09-09,16:42:57,0.082287,0.094886,0.00018,29373.673363,0.027,1
2026-09-09,16:42:57,0.082287,0.09549,0.00018,29373.673363,0.027,1
2026-09-09,16:42:58,0.088741,0.09549,0.00018,29373.673543,0.027,1
2026-09-09,16:42:59,0.10392,0.095543,0.00018,29373.673723,0.027,1
2026-09-09,16:42:59,0.10392,0.093561,0.00018,29373.673723,0.027,1
2026-09-09,16:43:00,0.165948,0.093561,0.00017,29373.673903,0.027,1
2026-09-09,16:43:01,0.165948,0.093561,0.00017,29373.674073,0.027,1
2026-09-09,16:43:01,0.12438,0.093561,0.00017,29373.674073,0.027,1
2026-09-09,16:43:02,0.12438,0.093561,0.00016,29373.674243,0.026,1
2026-09-09,16:43:03,0.12438,0.093561,0.00016,29373.674403,0.026,1
2026-09-09,16:43:03,0.12438,0.093561,0.00016,29373.674403,0.026,1
2026-09-09,16:43:04,0.152308,0.093561,0.00016,29373.674563,0.026,1
2026-09-09,16:43:05,0.10392,0.091547,0.00016,29373.674723,0.026,1
2026-09-09,16:43:05,0.142241,0.091547,0.00016,29373.674723,0.026,1
2026-09-09,16:43:06,0.165948,0.091547,0.00016,29373.674883,0.026,1
2026-09-09,16:43:07,0.165948,0.091589,0.00016,29373.675043,0.027,1
2026-09-09,16:43:07,0.083136,0.091589,0.00017,29373.675043,0.027,1
2026-09-09,16:43:08,0.165948,0.091589,0.00017,29373.675213,0.027,1
2026-09-09,16:43:09,0.102337,0.093698,0.00017,29373.675383,0.027,1
2026-09-09,16:43:09,0.124403,0.096559,0.00017,29373.675383,0.027,1
2026-09-09,16:43:10,0.124403,0.096559,0.00018,29373.675553,0.027,1
2026-09-09,16:43:11,0.102337,0.097729,0.00018,29373.675733,0.027,1
2026-09-09,16:43:11,0.102337,0.099734,0.00018,29373.675733,0.027,1
2026-09-09,16:43:12,0.147429,0.099734,0.00018,29373.675913,0.027,1
2026-09-09,16:43:13,0.147429,0.099734,0.00018,29373.676093,0.026,1
2026-09-09,16:43:13,0.10392,0.099734,0.00017,29373.676093,0.026,1
2026-09-09,16:43:14,0.148976,0.099734,0.00017,29373.676263,0.026,1
2026-09-09,16:43:15,0.10392,0.101897,0.00017,29373.676433,0.026,1
2026-09-09,16:43:15,0.165948,0.101897,0.00018,29373.676433,0.026,1
2026-09-09,16:43:16,0.165948,0.101897,0.00018,29373.676613,0.026,1
2026-09-09,16:43:17,0.083136,0.101337,0.00018,29373.676793,0.026,1
2026-09-09,16:43:17,0.10392,0.101337,0.00018,29373.676793,0.026,1
2026-09-09,16:43:18,0.122485,0.103193,0.00018,29373.676973,0.026,1
2026-09-09,16:43:19,0.122485,0.108024,0.00018,29373.677153,0.026,1
2026-09-09,16:43:19,0.152226,0.108024,0.00019,29373.677153,0.025,1
2026-09-09,16:43:20,0.143272,0.114037,0.00019,29373.677343,0.025,1
2026-09-09,16:43:21,0.08187,0.114037,0.00019,29373.677533,0.025,1
2026-09-09,16:43:21,0.122485,0.116052,0.00019,29373.677533,0.025,1
2026-09-09,16:43:22,0.122485,0.116052,0.00019,29373.677723,0.025,1
2026-09-09,16:43:23,0.122485,0.11586,0.00019,29373.677913,0.025,1
2026-09-09,16:43:23,0.102337,0.11586,0.00019,29373.677913,0.025,1
2026-09-09,16:43:24,0.102337,0.11586,0.00019,29373.678103,0.026,1
2026-09-09,16:43:25,0.102337,0.117749,0.0002,29373.678303,0.026,1
2026-09-09,16:43:25,0.122804,0.117749,0.00021,29373.678303,0.026,1
2026-09-09,16:43:26,0.08187,0.117749,0.00021,29373.678513,0.026,1
2026-09-09,16:43:27,0.102337,0.117749,0.00021,29373.678723,0.026,1
2026-09-09,16:43:27,0.102337,0.117749,0.00021,29373.678723,0.026,1
2026-09-09,16:43:28,0.102337,0.12406,0.00021,29373.678933,0.026,1
2026-09-09,16:43:29,0.146246,0.12406,0.00022,29373.679153,0.026,1
2026-09-09,16:43:29,0.102858,0.123954,0.00022,29373.679153,0.026,1
2026-09-09,16:43:30,0.120215,0.123727,0.00022,29373.679373,0.026,1
2026-09-09,16:43:31,0.102858,0.11879,0.00021,29373.679583,0.026,1
2026-09-09,16:43:31,0.102858,0.11879,0.00021,29373.679583,0.026,1
2026-09-09,16:43:32,0.082287,0.112691,0.0002,29373.679783,0.026,1
2026-09-09,16:43:33,0.087751,0.109218,0.00019,29373.679973,0.026,1
2026-09-09,16:43:33,0.082287,0.105198,0.00019,29373.679973,0.026,1
2026-09-09,16:43:34,0.082287,0.105198,0.00018,29373.680153,0.026,1
2026-09-09,16:43:35,0.164252,0.105198,0.00018,29373.680333,0.026,1
2026-09-09,16:43:35,0.144001,0.105198,0.00018,29373.680333,0.026,1
2026-09-09,16:43:36,0.123108,0.105198,0.00018,29373.680513,0.026,1
2026-09-09,16:43:37,0.141751,0.105198,0.00018,29373.680693,0.026,1
2026-09-09,16:43:37,0.141751,0.105198,0.00018,29373.680693,0.026,1
2026-09-09,16:43:38,0.114255,0.105198,0.00018,29373.680873,0.026,1
2026-09-09,16:43:39,0.104461,0.105198,0.00018,29373.681053,0.026,1
2026-09-09,16:43:39,0.138085,0.105198,0.00018,29373.681053,0.026,1
2026-09-09,16:43:40,0.082077,0.103172,0.00018,29373.681233,0.026,1
2026-09-09,16:43:41,0.082077,0.103172,0.00018,29373.681413,0.025,1
2026-09-09,16:43:41,0.163834,0.103172,0.00018,29373.681413,0.025,1
2026-09-09,16:43:42,0.123116,0.103172,0.00017,29373.681583,0.025,1
2026-09-09,16:43:43,0.164155,0.103172,0.00017,29373.681753,0.025,1
2026-09-09,16:43:43,0.082077,0.101146,0.00017,29373.681753,0.025,1
2026-09-09,16:43:44,0.082077,0.101146,0.00016,29373.681913,0.025,1
2026-09-09,16:43:45,0.141392,0.101146,0.00016,29373.682073,0.025,1
2026-09-09,16:43:45,0.08187,0.097053,0.00016,29373.682073,0.025,1
2026-09-09,16:43:46,0.08187,0.090615,0.00015,29373.682223,0.025,1
2026-09-09,16:43:47,0.08187,0.090615,0.00015,29373.682373,0.025,1
2026-09-09,16:43:47,0.11321,0.090615,0.00015,29373.682373,0.025,1
2026-09-09,16:43:48,0.08187,0.090615,0.00015,29373.682523,0.025,1
2026-09-09,16:43:49,0.122485,0.090615,0.00016,29373.682683,0.026,1
2026-09-09,16:43:49,0.122804,0.090615,0.00016,29373.682683,0.026,1
2026-09-09,16:43:50,0.122804,0.088516,0.00016,29373.682843,0.027,1
2026-09-09,16:43:51,0.08187,0.088516,0.00016,29373.683003,0.027,1
2026-09-09,16:43:51,0.14679,0.088516,0.00016,29373.683003,0.027,1
2026-09-09,16:43:52,0.143272,0.088516,0.00016,29373.683163,0.027,1
2026-09-09,16:43:53,0.109373,0.088516,0.00016,29373.683333,0.028,1
2026-09-09,16:43:53,0.109373,0.088516,0.00017,29373.683333,0.028,1
2026-09-09,16:43:54,0.08187,0.088516,0.00017,29373.683503,0.028,1
2026-09-09,16:43:55,0.119606,0.088516,0.00017,29373.683673,0.028,1
2026-09-09,16:43:55,0.122804,0.088516,0.00017,29373.683673,0.028,1
2026-09-09,16:43:56,0.122804,0.084808,0.00017,29373.683843,0.028,1
2026-09-09,16:43:57,0.083136,0.084808,0.00017,29373.684013,0.028,1
2026-09-09,16:43:57,0.081458,0.082668,0.00016,29373.684013,0.028,1
2026-09-09,16:43:58,0.081458,0.082585,0.00016,29373.684173,0.028,1
2026-09-09,16:43:59,0.182962,0.082585,0.00016,29373.684333,0.028,1
2026-09-09,16:43:59,0.182962,0.082585,0.00016,29373.684333,0.027,1
2026-09-09,16:44:00,0.142551,0.082585,0.00015,29373.684493,0.027,1
2026-09-09,16:44:01,0.142551,0.082585,0.00015,29373.684643,0.027,1
2026-09-09,16:44:01,0.124704,0.082585,0.00015,29373.684643,0.027,1
2026-09-09,16:44:02,0.083136,0.082124,0.00015,29373.684793,0.027,1
2026-09-09,16:44:03,0.083136,0.082124,0.00015,29373.684943,0.026,1
2026-09-09,16:44:03,0.166272,0.082124,0.00014,29373.684943,0.026,1
2026-09-09,16:44:04,0.083136,0.082209,0.00014,29373.685083,0.026,1
2026-09-09,16:44:05,0.083136,0.082315,0.00014,29373.685223,0.026,1
2026-09-09,16:44:05,0.083136,0.082421,0.00014,29373.685223,0.026,1
2026-09-09,16:44:06,0.083136,0.082421,0.00014,29373.685363,0.026,1
2026-09-09,16:44:07,0.08187,0.082421,0.00014,29373.685503,0.026,1
2026-09-09,16:44:07,0.166378,0.082421,0.00014,29373.685503,0.026,1
2026-09-09,16:44:08,0.133493,0.082421,0.00014,29373.685643,0.026,1
2026-09-09,16:44:09,0.133493,0.082421,0.00014,29373.685783,0.026,1
2026-09-09,16:44:09,0.125028,0.082421,0.00014,29373.685783,0.027,1
2026-09-09,16:44:10,0.082077,0.082441,0.00015,29373.685923,0.027,1
2026-09-09,16:44:11,0.125027,0.082441,0.00015,29373.686073,0.027,1
2026-09-09,16:44:11,0.081663,0.082421,0.00015,29373.686073,0.027,1
2026-09-09,16:44:12,0.081663,0.082421,0.00015,29373.686223,0.027,1
2026-09-09,16:44:13,0.165844,0.082421,0.00015,29373.686373,0.027,1
2026-09-09,16:44:13,0.124383,0.082421,0.00015,29373.686373,0.027,1
2026-09-09,16:44:14,0.082922,0.082399,0.00015,29373.686523,0.026,1
2026-09-09,16:44:15,0.082922,0.082399,0.00014,29373.686663,0.026,1
2026-09-09,16:44:15,0.144789,0.082399,0.00014,29373.686663,0.026,1
2026-09-09,16:44:16,0.103652,0.082399,0.00014,29373.686803,0.026,1
2026-09-09,16:44:17,0.20698,0.082399,0.00014,29373.686943,0.026,1
2026-09-09,16:44:17,0.140578,0.082399,0.00014,29373.686943,0.026,1
2026-09-09,16:44:18,0.140578,0.082399,0.00014,29373.687083,0.026,1
2026-09-09,16:44:19,0.124059,0.082399,0.00014,29373.687223,0.026,1
2026-09-09,16:44:19,0.082922,0.082546,0.00014,29373.687223,0.026,1
2026-09-09,16:44:20,0.082922,0.082692,0.00014,29373.687363,0.026,1
2026-09-09,16:44:21,0.165844,0.082692,0.00014,29373.687503,0.026,1
2026-09-09,16:44:21,0.165844,0.082692,0.00014,29373.687503,0.026,1
2026-09-09,16:44:22,0.121577,0.082692,0.00014,29373.687643,0.026,1
2026-09-09,16:44:23,0.144047,0.082692,0.00015,29373.687793,0.027,1
2026-09-09,16:44:23,0.082497,0.082628,0.00015,29373.687793,0.027,1
2026-09-09,16:44:24,0.082497,0.084627,0.00015,29373.687943,0.027,1
2026-09-09,16:44:25,0.103121,0.084627,0.00016,29373.688103,0.027,1
2026-09-09,16:44:25,0.122456,0.088559,0.00016,29373.688103,0.027,1
2026-09-09,16:44:26,0.082497,0.088559,0.00016,29373.688263,0.027,1
2026-09-09,16:44:27,0.082497,0.088559,0.00016,29373.688423,0.026,1
2026-09-09,16:44:27,0.082497,0.088559,0.00016,29373.688423,0.026,1
2026-09-09,16:44:28,0.082497,0.088559,0.00015,29373.688573,0.026,1
2026-09-09,16:44:29,0.082497,0.088559,0.00015,29373.688723,0.026,1
2026-09-09,16:44:29,0.127935,0.088559,0.00015,29373.688723,0.026,1
2026-09-09,16:44:30,0.082497,0.088495,0.00015,29373.688873,0.027,1
2026-09-09,16:44:31,0.082497,0.088495,0.00016,29373.689033,0.027,1
2026-09-09,16:44:31,0.144047,0.088495,0.00016,29373.689033,0.027,1
2026-09-09,16:44:32,0.123423,0.088495,0.00016,29373.689193,0.027,1
2026-09-09,16:44:33,0.081254,0.088433,0.00016,29373.689353,0.027,1
2026-09-09,16:44:33,0.081254,0.088351,0.00016,29373.689353,0.026,1
2026-09-09,16:44:34,0.081254,0.088351,0.00015,29373.689503,0.026,1
2026-09-09,16:44:35,0.14437,0.088351,0.00015,29373.689503,0.026,1
2026-09-09,16:44:35,0.082497,0.088434,0.00015,29373.689653,0.026,1
2026-09-09,16:44:36,0.082497,0.088392,0.00015,29373.689803,0.026,1
2026-09-09,16:44:37,0.082497,0.089896,0.00016,29373.689803,0.026,1
2026-09-09,16:44:37,0.097965,0.089896,0.00016,29373.689963,0.026,1
2026-09-09,16:44:38,0.126012,0.094205,0.00016,29373.690123,0.026,1
2026-09-09,16:44:39,0.102858,0.096241,0.00017,29373.690293,0.026,1
2026-09-09,16:44:39,0.12343,0.098272,0.00017,29373.690293,0.026,1
2026-09-09,16:44:40,0.12343,0.098272,0.00017,29373.690463,0.026,1
2026-09-09,16:44:41,0.082287,0.098272,0.00017,29373.690463,0.026,1
2026-09-09,16:44:41,0.103822,0.098272,0.00017,29373.690633,0.026,1
2026-09-09,16:44:42,0.102858,0.098272,0.00017,29373.690803,0.025,1
2026-09-09,16:44:43,0.102858,0.098272,0.00016,29373.690803,0.025,1
2026-09-09,16:44:43,0.123108,0.098272,0.00016,29373.690963,0.025,1
2026-09-09,16:44:44,0.082287,0.094255,0.00015,29373.691113,0.025,1
2026-09-09,16:44:45,0.082287,0.094234,0.00016,29373.691113,0.026,1
2026-09-09,16:44:45,0.12343,0.094234,0.00016,29373.691273,0.026,1
2026-09-09,16:44:46,0.12343,0.094234,0.00016,29373.691433,0.026,1
2026-09-09,16:44:47,0.126012,0.094234,0.00016,29373.691433,0.026,1
2026-09-09,16:44:47,0.148982,0.094234,0.00016,29373.691593,0.026,1
2026-09-09,16:44:48,0.110612,0.094234,0.00017,29373.691763,0.027,1
2026-09-09,16:44:49,0.095321,0.094234,0.00017,29373.691763,0.027,1
2026-09-09,16:44:49,0.095321,0.094234,0.00017,29373.691933,0.027,1
2026-09-09,16:44:50,0.125354,0.094234,0.00017,29373.692103,0.027,1
2026-09-09,16:44:51,0.083569,0.094465,0.00017,29373.692103,0.027,1
2026-09-09,16:44:51,0.091552,0.095495,0.00017,29373.692273,0.027,1
2026-09-09,16:44:52,0.091552,0.095581,0.00018,29373.692453,0.027,1
2026-09-09,16:44:53,0.083352,0.095581,0.00018,29373.692453,0.027,1
2026-09-09,16:44:53,0.134317,0.095581,0.00018,29373.692633,0.027,1
2026-09-09,16:44:54,0.086667,0.095998,0.00018,29373.692813,0.027,1
2026-09-09,16:44:55,0.08187,0.094388,0.00018,29373.692813,0.027,1
2026-09-09,16:44:55,0.08187,0.090101,0.00017,29373.692983,0.027,1
2026-09-09,16:44:56,0.083136,0.090101,0.00017,29373.693153,0.027,1
2026-09-09,16:44:57,0.10392,0.090207,0.00017,29373.693153,0.027,1
2026-09-09,16:44:57,0.083136,0.086178,0.00016,29373.693323,0.027,1
2026-09-09,16:44:58,0.10392,0.088341,0.00016,29373.693483,0.027,1
2026-09-09,16:44:59,0.10392,0.088341,0.00016,29373.693483,0.027,1
2026-09-09,16:44:59,0.10392,0.090504,0.00017,29373.693643,0.027,1
2026-09-09,16:45:00,0.083136,0.090461,0.00017,29373.693813,0.027,1
2026-09-09,16:45:01,0.083136,0.089619,0.00017,29373.693813,0.027,1
2026-09-09,16:45:01,0.083136,0.092007,0.00017,29373.693983,0.026,1
2026-09-09,16:45:02,0.107232,0.092007,0.00017,29373.694153,0.026,1
2026-09-09,16:45:03,0.124383,0.095779,0.00017,29373.694153,0.026,1
2026-09-09,16:45:03,0.124383,0.10003,0.00017,29373.694323,0.026,1
2026-09-09,16:45:04,0.103652,0.102082,0.00018,29373.694493,0.026,1
2026-09-09,16:45:05,0.103652,0.102082,0.00018,29373.694493,0.026,1
2026-09-09,16:45:05,0.18625,0.102082,0.00018,29373.694673,0.026,1
2026-09-09,16:45:06,0.186574,0.102082,0.00018,29373.694853,0.026,1
2026-09-09,16:45:07,0.082922,0.099982,0.00018,29373.694853,0.026,1
2026-09-09,16:45:07,0.119524,0.099982,0.00017,29373.695033,0.026,1
2026-09-09,16:45:08,0.119524,0.099982,0.00017,29373.695203,0.026,1
2026-09-09,16:45:09,0.103652,0.099982,0.00017,29373.695203,0.026,1
2026-09-09,16:45:09,0.124383,0.099982,0.00019,29373.695373,0.027,1
2026-09-09,16:45:10,0.082922,0.099961,0.00019,29373.695563,0.027,1
2026-09-09,16:45:11,0.082922,0.099961,0.00019,29373.695563,0.027,1
2026-09-09,16:45:11,0.154183,0.099961,0.00019,29373.695753,0.027,1
2026-09-09,16:45:12,0.124383,0.099961,0.00019,29373.695943,0.027,1
2026-09-09,16:45:13,0.082922,0.097861,0.00018,29373.695943,0.027,1
2026-09-09,16:45:13,0.124059,0.097861,0.00018,29373.696123,0.027,1
2026-09-09,16:45:14,0.124059,0.095761,0.00018,29373.696303,0.027,1
2026-09-09,16:45:15,0.082922,0.095761,0.00018,29373.696303,0.026,1
2026-09-09,16:45:15,0.124383,0.095761,0.00017,29373.696483,0.026,1
2026-09-09,16:45:16,0.103652,0.095761,0.00017,29373.696653,0.026,1
2026-09-09,16:45:17,0.145113,0.095761,0.00017,29373.696653,0.026,1
2026-09-09,16:45:17,0.145113,0.095761,0.00017,29373.696823,0.026,1
2026-09-09,16:45:18,0.17297,0.095761,0.00017,29373.696993,0.026,1
2026-09-09,16:45:19,0.103652,0.097812,0.00017,29373.696993,0.026,1
2026-09-09,16:45:19,0.082922,0.097791,0.00017,29373.697163,0.026,1
2026-09-09,16:45:20,0.082922,0.09536,0.00017,29373.697333,0.026,1
2026-09-09,16:45:21,0.082922,0.09536,0.00017,29373.697333,0.026,1
2026-09-09,16:45:21,0.082922,0.091214,0.00016,29373.697503,0.026,1
2026-09-09,16:45:22,0.137663,0.091214,0.00016,29373.697663,0.026,1
2026-09-09,16:45:23,0.082922,0.087068,0.00015,29373.697663,0.025,1
2026-09-09,16:45:23,0.082922,0.084995,0.00014,29373.697813,0.025,1
2026-09-09,16:45:24,0.082922,0.084995,0.00014,29373.697953,0.026,1
2026-09-09,16:45:25,0.082922,0.084995,0.00015,29373.697953,0.026,1
2026-09-09,16:45:25,0.082922,0.084995,0.00015,29373.698103,0.026,1
2026-09-09,16:45:26,0.103652,0.087068,0.00015,29373.698253,0.026,1
2026-09-09,16:45:27,0.103652,0.087068,0.00015,29373.698253,0.026,1
2026-09-09,16:45:27,0.103652,0.089141,0.00015,29373.698403,0.026,1
2026-09-09,16:45:28,0.12827,0.091603,0.00016,29373.698563,0.026,1
2026-09-09,16:45:29,0.082922,0.091603,0.00016,29373.698563,0.026,1
2026-09-09,16:45:29,0.081458,0.091603,0.00016,29373.698723,0.026,1
2026-09-09,16:45:30,0.081458,0.091603,0.00016,29373.698883,0.026,1
2026-09-09,16:45:31,0.128233,0.091603,0.00016,29373.698883,0.026,1
2026-09-09,16:45:31,0.082922,0.091603,0.00016,29373.699043,0.026,1
2026-09-09,16:45:32,0.103652,0.093676,0.00016,29373.699203,0.026,1
2026-09-09,16:45:33,0.103652,0.095749,0.00017,29373.699203,0.026,1
2026-09-09,16:45:33,0.103652,0.095749,0.00017,29373.699373,0.026,1
2026-09-09,16:45:34,0.103652,0.097822,0.00017,29373.699543,0.026,1
2026-09-09,16:45:35,0.102079,0.099737,0.00016,29373.699543,0.025,1
2026-09-09,16:45:35,0.102079,0.101653,0.00016,29373.699703,0.025,1
2026-09-09,16:45:36,0.102079,0.103569,0.00017,29373.699873,0.026,1
2026-09-09,16:45:37,0.102079,0.103569,0.00018,29373.699873,0.026,1
2026-09-09,16:45:37,0.163326,0.103569,0.00018,29373.700053,0.026,1
2026-09-09,16:45:38,0.14554,0.103569,0.00018,29373.700233,0.026,1
2026-09-09,16:45:39,0.10419,0.103569,0.00018,29373.700233,0.026,1
2026-09-09,16:45:39,0.10419,0.103569,0.00018,29373.700413,0.026,1
2026-09-09,16:45:40,0.081663,0.103569,0.00018,29373.700593,0.026,1
2026-09-09,16:45:41,0.14592,0.103569,0.00018,29373.700593,0.026,1
2026-09-09,16:45:41,0.083569,0.101561,0.00018,29373.700773,0.026,1
2026-09-09,16:45:42,0.083569,0.101561,0.00018,29373.700953,0.027,1
2026-09-09,16:45:43,0.122485,0.101561,0.00019,29373.700953,0.027,1
2026-09-09,16:45:43,0.142952,0.101561,0.00019,29373.701143,0.027,1
2026-09-09,16:45:44,0.102337,0.101561,0.0002,29373.701343,0.028,1
2026-09-09,16:45:45,0.106985,0.101561,0.0002,29373.701343,0.028,1
2026-09-09,16:45:45,0.106985,0.101561,0.0002,29373.701543,0.028,1
2026-09-09,16:45:46,0.082497,0.101561,0.0002,29373.701743,0.028,1
2026-09-09,16:45:47,0.103121,0.101561,0.0002,29373.701743,0.028,1
2026-09-09,16:45:47,0.082497,0.101561,0.0002,29373.701943,0.028,1
2026-09-09,16:45:48,0.226867,0.101561,0.0002,29373.702143,0.028,1
2026-09-09,16:45:49,0.226867,0.101508,0.0002,29373.702143,0.028,1
2026-09-09,16:45:49,0.103121,0.101508,0.0002,29373.702343,0.027,1
2026-09-09,16:45:50,0.14437,0.101508,0.00019,29373.702533,0.027,1
2026-09-09,16:45:51,0.082497,0.09693,0.00019,29373.702533,0.027,1
2026-09-09,16:45:51,0.082497,0.096888,0.00018,29373.702713,0.027,1
2026-09-09,16:45:52,0.082497,0.096888,0.00018,29373.702893,0.027,1
2026-09-09,16:45:53,0.082497,0.094772,0.00018,29373.702893,0.027,1
2026-09-09,16:45:53,0.10501,0.094908,0.00018,29373.703073,0.027,1
2026-09-09,16:45:54,0.164672,0.094908,0.00018,29373.703253,0.027,1
2026-09-09,16:45:55,0.164672,0.094908,0.00018,29373.703253,0.027,1
2026-09-09,16:45:55,0.164994,0.094908,0.00018,29373.703433,0.027,1
2026-09-09,16:45:56,0.118589,0.094908,0.00018,29373.703613,0.027,1
2026-09-09,16:45:57,0.082497,0.092792,0.00018,29373.703613,0.027,1
2026-09-09,16:45:57,0.10501,0.093086,0.00017,29373.703783,0.026,1
2026-09-09,16:45:58,0.10501,0.093086,0.00016,29373.703953,0.026,1
2026-09-09,16:45:59,0.102858,0.093163,0.00016,29373.703953,0.026,1
2026-09-09,16:45:59,0.155245,0.093163,0.00016,29373.704113,0.026,1
2026-09-09,16:46:00,0.128561,0.093163,0.00017,29373.704273,0.027,1
2026-09-09,16:46:01,0.122804,0.093163,0.00017,29373.704273,0.027,1
2026-09-09,16:46:01,0.122804,0.093163,0.00017,29373.704443,0.027,1
2026-09-09,16:46:02,0.085129,0.091468,0.00017,29373.704613,0.027,1
2026-09-09,16:46:03,0.081458,0.091257,0.00017,29373.704613,0.027,1
2026-09-09,16:46:03,0.101822,0.091127,0.00017,29373.704783,0.027,1
2026-09-09,16:46:04,0.101822,0.091257,0.00017,29373.704953,0.027,1
2026-09-09,16:46:05,0.083788,0.091257,0.00017,29373.704953,0.027,1
2026-09-09,16:46:05,0.121427,0.091257,0.00017,29373.705123,0.027,1
2026-09-09,16:46:06,0.141523,0.091257,0.00017,29373.705293,0.027,1
2026-09-09,16:46:07,0.081051,0.091112,0.00017,29373.705293,0.027,1
2026-09-09,16:46:07,0.081051,0.091112,0.00017,29373.705463,0.027,1
2026-09-09,16:46:08,0.164994,0.091112,0.00017,29373.705633,0.027,1
2026-09-09,16:46:09,0.082497,0.091112,0.00017,29373.705633,0.027,1
2026-09-09,16:46:09,0.105377,0.091149,0.00017,29373.705803,0.027,1
2026-09-09,16:46:10,0.123423,0.095241,0.00017,29373.705973,0.027,1
2026-09-09,16:46:11,0.123423,0.095241,0.00018,29373.705973,0.027,1
2026-09-09,16:46:11,0.103121,0.095053,0.00018,29373.706153,0.027,1
2026-09-09,16:46:12,0.082497,0.093016,0.00018,29373.706333,0.027,1
2026-09-09,16:46:13,0.146948,0.093016,0.00017,29373.706333,0.027,1
2026-09-09,16:46:13,0.146948,0.092753,0.00017,29373.706503,0.027,1
2026-09-09,16:46:14,0.082497,0.092753,0.00017,29373.706673,0.027,1
2026-09-09,16:46:15,0.144047,0.092753,0.00017,29373.706673,0.027,1
2026-09-09,16:46:15,0.103121,0.092753,0.00016,29373.706843,0.026,1
2026-09-09,16:46:16,0.123423,0.092753,0.00016,29373.707003,0.026,1
2026-09-09,16:46:17,0.123423,0.092753,0.00016,29373.707003,0.026,1
2026-09-09,16:46:17,0.123745,0.092753,0.00016,29373.707163,0.026,1
2026-09-09,16:46:18,0.103121,0.092753,0.00016,29373.707323,0.026,1
2026-09-09,16:46:19,0.082497,0.092753,0.00016,29373.707323,0.026,1
2026-09-09,16:46:19,0.195608,0.092753,0.00016,29373.707483,0.026,1
2026-09-09,16:46:20,0.195608,0.092753,0.00016,29373.707643,0.026,1
2026-09-09,16:46:21,0.083788,0.092986,0.00016,29373.707643,0.026,1
2026-09-09,16:46:21,0.082287,0.091033,0.00016,29373.707803,0.026,1
2026-09-09,16:46:22,0.083788,0.091033,0.00016,29373.707963,0.026,1
2026-09-09,16:46:23,0.083788,0.091033,0.00016,29373.707963,0.025,1
2026-09-09,16:46:23,0.125682,0.091033,0.00015,29373.708123,0.025,1
2026-09-09,16:46:24,0.178826,0.091033,0.00015,29373.708273,0.025,1
2026-09-09,16:46:25,0.081458,0.091073,0.00015,29373.708273,0.025,1
2026-09-09,16:46:25,0.182333,0.091073,0.00015,29373.708423,0.025,1
2026-09-09,16:46:26,0.182333,0.091073,0.00015,29373.708573,0.025,1
2026-09-09,16:46:27,0.122423,0.091073,0.00015,29373.708573,0.025,1
2026-09-09,16:46:27,0.083352,0.091159,0.00015,29373.708723,0.025,1
2026-09-09,16:46:28,0.083352,0.088956,0.00015,29373.708873,0.025,1
2026-09-09,16:46:29,0.124702,0.088956,0.00014,29373.708873,0.025,1
2026-09-09,16:46:29,0.124702,0.088956,0.00014,29373.709013,0.025,1
2026-09-09,16:46:30,0.10419,0.088956,0.00014,29373.709153,0.025,1
2026-09-09,16:46:31,0.117214,0.088956,0.00014,29373.709153,0.025,1
2026-09-09,16:46:31,0.125028,0.088956,0.00014,29373.709293,0.025,1
2026-09-09,16:46:32,0.125028,0.088956,0.00014,29373.709433,0.025,1
2026-09-09,16:46:33,0.151399,0.088956,0.00014,29373.709433,0.025,1
2026-09-09,16:46:33,0.103652,0.086979,0.00014,29373.709573,0.025,1
2026-09-09,16:46:34,0.142911,0.086979,0.00014,29373.709713,0.025,1
2026-09-09,16:46:35,0.081663,0.084833,0.00014,29373.709713,0.025,1
2026-09-09,16:46:35,0.081663,0.08703,0.00014,29373.709853,0.025,1
2026-09-09,16:46:36,0.104461,0.08703,0.00014,29373.709993,0.025,1
2026-09-09,16:46:37,0.102337,0.089014,0.00014,29373.709993,0.025,1
2026-09-09,16:46:37,0.142952,0.089014,0.00014,29373.710133,0.025,1
2026-09-09,16:46:38,0.08187,0.088822,0.00014,29373.710273,0.025,1
2026-09-09,16:46:39,0.08187,0.088822,0.00014,29373.710273,0.025,1
2026-09-09,16:46:39,0.083136,0.088907,0.00014,29373.710413,0.025,1
2026-09-09,16:46:40,0.083136,0.088842,0.00014,29373.710553,0.025,1
2026-09-09,16:46:41,0.145164,0.088842,0.00015,29373.710553,0.026,1
2026-09-09,16:46:41,0.145164,0.090114,0.00015,29373.710703,0.026,1
2026-09-09,16:46:42,0.094178,0.090114,0.00016,29373.710863,0.026,1
2026-09-09,16:46:43,0.12438,0.090114,0.00016,29373.710863,0.026,1
2026-09-09,16:46:43,0.083136,0.090092,0.00016,29373.711023,0.026,1
2026-09-09,16:46:44,0.083136,0.090071,0.00016,29373.711183,0.026,1
2026-09-09,16:46:45,0.083136,0.090357,0.00016,29373.711183,0.025,1
2026-09-09,16:46:45,0.106518,0.090357,0.00015,29373.711333,0.025,1
2026-09-09,16:46:46,0.142233,0.090357,0.00015,29373.711483,0.025,1
2026-09-09,16:46:47,0.101822,0.090357,0.00015,29373.711483,0.025,1
2026-09-09,16:46:47,0.101822,0.090357,0.00015,29373.711633,0.025,1
2026-09-09,16:46:48,0.101822,0.090357,0.00015,29373.711783,0.025,1
2026-09-09,16:46:49,0.103652,0.090357,0.00015,29373.711783,0.025,1
2026-09-09,16:46:49,0.082922,0.090357,0.00015,29373.711933,0.025,1
2026-09-09,16:46:50,0.103652,0.090357,0.00015,29373.712083,0.025,1
2026-09-09,16:46:51,0.124059,0.090357,0.00015,29373.712083,0.025,1
2026-09-09,16:46:51,0.124059,0.090357,0.00015,29373.712233,0.025,1
2026-09-09,16:46:52,0.124059,0.090357,0.00015,29373.712383,0.025,1
2026-09-09,16:46:53,0.103652,0.090357,0.00015,29373.712383,0.025,1
2026-09-09,16:46:53,0.122176,0.111005,0.00015,29373.712533,0.025,1
2026-09-09,16:46:54,0.122176,0.108698,0.00018,29373.712713,0.025,1
2026-09-09,16:46:55,0.119167,0.108698,0.00018,29373.712713,0.025,1
2026-09-09,16:46:55,0.08498,0.107014,0.00017,29373.712883,0.025,1
2026-09-09,16:46:56,0.10419,0.107251,0.00017,29373.713053,0.025,1
2026-09-09,16:46:57,0.083352,0.105221,0.00017,29373.713053,0.025,1
2026-09-09,16:46:57,0.083352,0.105221,0.00017,29373.713223,0.025,1
2026-09-09,16:46:58,0.083352,0.105264,0.00017,29373.713393,0.025,1
2026-09-09,16:46:59,0.141877,0.105264,0.00017,29373.713393,0.025,1
2026-09-09,16:46:59,0.10392,0.105264,0.00017,29373.713563,0.025,1
2026-09-09,16:47:00,0.102337,0.105264,0.00018,29373.713733,0.026,1
2026-09-09,16:47:01,0.102337,0.105264,0.00018,29373.713733,0.026,1
2026-09-09,16:47:01,0.102337,0.105264,0.00018,29373.713913,0.026,1
2026-09-09,16:47:02,0.10501,0.105264,0.00018,29373.714093,0.026,1
2026-09-09,16:47:03,0.10501,0.105264,0.00018,29373.714093,0.026,1
2026-09-09,16:47:03,0.10501,0.105264,0.00018,29373.714273,0.027,1
2026-09-09,16:47:04,0.084008,0.105264,0.00018,29373.714453,0.027,1
2026-09-09,16:47:05,0.102597,0.105264,0.0002,29373.714453,0.027,1
2026-09-09,16:47:05,0.143315,0.105264,0.0002,29373.714653,0.027,1
2026-09-09,16:47:06,0.082077,0.103106,0.0002,29373.714853,0.027,1
2026-09-09,16:47:07,0.082077,0.103106,0.00019,29373.714853,0.026,1
2026-09-09,16:47:07,0.082077,0.098908,0.00017,29373.715043,0.026,1
2026-09-09,16:47:08,0.082077,0.09471,0.00017,29373.715213,0.026,1
2026-09-09,16:47:09,0.102597,0.094605,0.00016,29373.715213,0.026,1
2026-09-09,16:47:09,0.102597,0.090595,0.00016,29373.715373,0.026,1
2026-09-09,16:47:10,0.082077,0.090595,0.00016,29373.715533,0.027,1
2026-09-09,16:47:11,0.082077,0.086886,0.00016,29373.715533,0.027,1
2026-09-09,16:47:11,0.082077,0.086596,0.00016,29373.715693,0.027,1
2026-09-09,16:47:12,0.082077,0.084384,0.00016,29373.715853,0.027,1
2026-09-09,16:47:13,0.082077,0.084384,0.00016,29373.715853,0.027,1
2026-09-09,16:47:13,0.116063,0.084384,0.00016,29373.716013,0.027,1
2026-09-09,16:47:14,0.102597,0.084384,0.00016,29373.716173,0.027,1
2026-09-09,16:47:15,0.125354,0.084384,0.00016,29373.716173,0.027,1
2026-09-09,16:47:15,0.083569,0.084406,0.00016,29373.716333,0.027,1
2026-09-09,16:47:16,0.083569,0.084406,0.00016,29373.716493,0.027,1
2026-09-09,16:47:17,0.123116,0.084406,0.00016,29373.716493,0.027,1
2026-09-09,16:47:17,0.105565,0.084406,0.00016,29373.716653,0.027,1
2026-09-09,16:47:18,0.103121,0.084406,0.00016,29373.716813,0.027,1
2026-09-09,16:47:19,0.103121,0.084406,0.00016,29373.716813,0.027,1
2026-09-09,16:47:19,0.103121,0.084406,0.00016,29373.716973,0.027,1
2026-09-09,16:47:20,0.103121,0.084406,0.00016,29373.717133,0.027,1
2026-09-09,16:47:21,0.14437,0.084406,0.00016,29373.717133,0.027,1
2026-09-09,16:47:21,0.123745,0.084406,0.00016,29373.717293,0.027,1
2026-09-09,16:47:22,0.123745,0.084321,0.00016,29373.717453,0.027,1
2026-09-09,16:47:23,0.082497,0.084321,0.00016,29373.717453,0.027,1
2026-09-09,16:47:23,0.095387,0.085651,0.00016,29373.717613,0.027,1
2026-09-09,16:47:24,0.142758,0.085651,0.00016,29373.717773,0.027,1
2026-09-09,16:47:25,0.144047,0.085651,0.00016,29373.717773,0.026,1
2026-09-09,16:47:25,0.144047,0.085651,0.00016,29373.717933,0.026,1
2026-09-09,16:47:26,0.138891,0.085651,0.00015,29373.718083,0.026,1
2026-09-09,16:47:27,0.118267,0.085651,0.00015,29373.718083,0.026,1
2026-09-09,16:47:27,0.082497,0.085693,0.00015,29373.718233,0.026,1
2026-09-09,16:47:28,0.082497,0.085693,0.00015,29373.718383,0.026,1
2026-09-09,16:47:29,0.114722,0.085693,0.00015,29373.718383,0.026,1
2026-09-09,16:47:29,0.123423,0.085693,0.00015,29373.718533,0.026,1
2026-09-09,16:47:30,0.103121,0.085693,0.00015,29373.718683,0.026,1
2026-09-09,16:47:31,0.123745,0.085693,0.00015,29373.718683,0.026,1
2026-09-09,16:47:31,0.123745,0.085735,0.00015,29373.718833,0.026,1
2026-09-09,16:47:32,0.082497,0.085735,0.00015,29373.718983,0.026,1
2026-09-09,16:47:33,0.105845,0.08606,0.00015,29373.718983,0.026,1
2026-09-09,16:47:33,0.144789,0.08606,0.00015,29373.719133,0.026,1
2026-09-09,16:47:34,0.122176,0.08606,0.00015,29373.719283,0.026,1
2026-09-09,16:47:35,0.122176,0.08606,0.00015,29373.719283,0.026,1
2026-09-09,16:47:35,0.122814,0.08606,0.00015,29373.719433,0.026,1
2026-09-09,16:47:36,0.081663,0.086019,0.00015,29373.719583,0.026,1
2026-09-09,16:47:37,0.081663,0.085977,0.00015,29373.719583,0.026,1
2026-09-09,16:47:37,0.081663,0.086062,0.00015,29373.719733,0.027,1
2026-09-09,16:47:38,0.082922,0.086062,0.00016,29373.719893,0.027,1
2026-09-09,16:47:39,0.082922,0.086146,0.00016,29373.719893,0.027,1
2026-09-09,16:47:39,0.082922,0.086081,0.00016,29373.720053,0.027,1
2026-09-09,16:47:40,0.103652,0.088197,0.00016,29373.720213,0.027,1
2026-09-09,16:47:41,0.103652,0.091097,0.00017,29373.720213,0.027,1
2026-09-09,16:47:41,0.124383,0.091097,0.00017,29373.720383,0.027,1
2026-09-09,16:47:42,0.103652,0.093212,0.00017,29373.720553,0.027,1
2026-09-09,16:47:43,0.124383,0.097401,0.00018,29373.720553,0.027,1
2026-09-09,16:47:43,0.082922,0.097401,0.00018,29373.720733,0.027,1
2026-09-09,16:47:44,0.082922,0.097401,0.00018,29373.720913,0.027,1
2026-09-09,16:47:45,0.103652,0.097401,0.00018,29373.720913,0.026,1
2026-09-09,16:47:45,0.132157,0.097401,0.00018,29373.721093,0.026,1
2026-09-09,16:47:46,0.103652,0.097401,0.00017,29373.721263,0.026,1
2026-09-09,16:47:47,0.103652,0.097401,0.00017,29373.721263,0.026,1
2026-09-09,16:47:47,0.124383,0.097401,0.00017,29373.721433,0.026,1
2026-09-09,16:47:48,0.124059,0.097401,0.00017,29373.721603,0.026,1
2026-09-09,16:47:49,0.082922,0.095108,0.00017,29373.721603,0.026,1
2026-09-09,16:47:49,0.103652,0.097307,0.00016,29373.721763,0.026,1
2026-09-09,16:47:50,0.103652,0.097307,0.00017,29373.721933,0.026,1
2026-09-09,16:47:51,0.144789,0.097307,0.00017,29373.721933,0.026,1
2026-09-09,16:47:51,0.114341,0.097307,0.00017,29373.722103,0.026,1
2026-09-09,16:47:52,0.103652,0.097307,0.00017,29373.722273,0.026,1
2026-09-09,16:47:53,0.082922,0.097307,0.00017,29373.722273,0.026,1
2026-09-09,16:47:53,0.082922,0.097307,0.00017,29373.722443,0.026,1
2026-09-09,16:47:54,0.112925,0.100433,0.00017,29373.722613,0.026,1
2026-09-09,16:47:55,0.102079,0.102349,0.00017,29373.722613,0.026,1
2026-09-09,16:47:55,0.142911,0.102349,0.00018,29373.722793,0.026,1
2026-09-09,16:47:56,0.142911,0.102223,0.00018,29373.722973,0.026,1
2026-09-09,16:47:57,0.081663,0.102223,0.00018,29373.722973,0.026,1
2026-09-09,16:47:57,0.104461,0.104377,0.00018,29373.723153,0.026,1
2026-09-09,16:47:58,0.13049,0.107061,0.00017,29373.723323,0.025,1
2026-09-09,16:47:59,0.143315,0.108954,0.00017,29373.723323,0.025,1
2026-09-09,16:47:59,0.143315,0.109939,0.00018,29373.723503,0.025,1
2026-09-09,16:48:00,0.113498,0.109939,0.00018,29373.723683,0.025,1
2026-09-09,16:48:01,0.082077,0.105708,0.00017,29373.723683,0.025,1
2026-09-09,16:48:01,0.083788,0.105795,0.00017,29373.723853,0.025,1
2026-09-09,16:48:02,0.104735,0.105903,0.00017,29373.724023,0.025,1
2026-09-09,16:48:03,0.104735,0.105903,0.00017,29373.724023,0.026,1
2026-09-09,16:48:03,0.104735,0.105084,0.00018,29373.724193,0.026,1
2026-09-09,16:48:04,0.122796,0.107156,0.00018,29373.724373,0.026,1
2026-09-09,16:48:05,0.143315,0.113321,0.00019,29373.724373,0.026,1
2026-09-09,16:48:05,0.143315,0.114321,0.0002,29373.724563,0.027,1
2026-09-09,16:48:06,0.11446,0.114321,0.0002,29373.724763,0.027,1
2026-09-09,16:48:07,0.120872,0.113359,0.00021,29373.724763,0.027,1
2026-09-09,16:48:07,0.082077,0.113359,0.00021,29373.724973,0.027,1
2026-09-09,16:48:08,0.102597,0.113359,0.00021,29373.725183,0.027,1
2026-09-09,16:48:09,0.102597,0.113359,0.00021,29373.725183,0.027,1
2026-09-09,16:48:09,0.123116,0.113359,0.00021,29373.725393,0.027,1
2026-09-09,16:48:10,0.102597,0.113359,0.00021,29373.725603,0.027,1
2026-09-09,16:48:11,0.102597,0.113359,0.00021,29373.725603,0.026,1
2026-09-09,16:48:11,0.143636,0.113391,0.0002,29373.725813,0.026,1
2026-09-09,16:48:12,0.143636,0.113391,0.0002,29373.726013,0.026,1
2026-09-09,16:48:13,0.083788,0.113391,0.0002,29373.726013,0.026,1
2026-09-09,16:48:13,0.133696,0.115411,0.0002,29373.726213,0.026,1
2026-09-09,16:48:14,0.082077,0.115411,0.0002,29373.726413,0.027,1
2026-09-09,16:48:15,0.082077,0.115411,0.00021,29373.726413,0.027,1
2026-09-09,16:48:15,0.084008,0.115411,0.00021,29373.726623,0.026,1
2026-09-09,16:48:16,0.082077,0.115411,0.00021,29373.726833,0.026,1
2026-09-09,16:48:17,0.083569,0.115411,0.0002,29373.726833,0.026,1
2026-09-09,16:48:17,0.208597,0.115411,0.0002,29373.727033,0.026,1
2026-09-09,16:48:18,0.208597,0.117437,0.0002,29373.727233,0.026,1
2026-09-09,16:48:19,0.102337,0.117437,0.0002,29373.727233,0.026,1
2026-09-09,16:48:19,0.12438,0.121496,0.00021,29373.727433,0.026,1
2026-09-09,16:48:20,0.10392,0.121415,0.00021,29373.727643,0.026,1
2026-09-09,16:48:21,0.249084,0.121415,0.00021,29373.727643,0.026,1
2026-09-09,16:48:21,0.249084,0.121415,0.00021,29373.727853,0.026,1
2026-09-09,16:48:22,0.083136,0.121415,0.00021,29373.728063,0.026,1
2026-09-09,16:48:23,0.145488,0.12549,0.00022,29373.728063,0.026,1
2026-09-09,16:48:23,0.10392,0.123602,0.00022,29373.728283,0.026,1
2026-09-09,16:48:24,0.083136,0.117585,0.00022,29373.728503,0.026,1
2026-09-09,16:48:25,0.083136,0.117585,0.0002,29373.728503,0.026,1
2026-09-09,16:48:25,0.083136,0.114452,0.0002,29373.728703,0.026,1
2026-09-09,16:48:26,0.10392,0.112757,0.0002,29373.728903,0.026,1
2026-09-09,16:48:27,0.141591,0.112757,0.0002,29373.728903,0.026,1
2026-09-09,16:48:27,0.141591,0.106707,0.0002,29373.729103,0.026,1
2026-09-09,16:48:28,0.083136,0.106707,0.00019,29373.729293,0.026,1
2026-09-09,16:48:29,0.083136,0.101651,0.00018,29373.729293,0.026,1
2026-09-09,16:48:29,0.089306,0.100348,0.00018,29373.729473,0.026,1
2026-09-09,16:48:30,0.12438,0.100348,0.00017,29373.729643,0.026,1
2026-09-09,16:48:31,0.12438,0.100348,0.00017,29373.729643,0.026,1
2026-09-09,16:48:31,0.083136,0.096224,0.00017,29373.729813,0.027,1
2026-09-09,16:48:32,0.124704,0.096224,0.00018,29373.729993,0.027,1
2026-09-09,16:48:33,0.124704,0.096224,0.00018,29373.729993,0.027,1
2026-09-09,16:48:33,0.124704,0.096224,0.00018,29373.730173,0.027,1
2026-09-09,16:48:34,0.124704,0.096224,0.00018,29373.730353,0.028,1
2026-09-09,16:48:35,0.083136,0.094145,0.00019,29373.730353,0.028,1
2026-09-09,16:48:35,0.083136,0.08791,0.00019,29373.730543,0.028,1
2026-09-09,16:48:36,0.083136,0.085832,0.00017,29373.730713,0.028,1
2026-09-09,16:48:37,0.083136,0.085832,0.00017,29373.730713,0.028,1
2026-09-09,16:48:37,0.113338,0.085832,0.00017,29373.730883,0.028,1
2026-09-09,16:48:38,0.084215,0.085832,0.00017,29373.731053,0.028,1
2026-09-09,16:48:39,0.10392,0.085832,0.00017,29373.731053,0.028,1
2026-09-09,16:48:39,0.104245,0.085832,0.00017,29373.731223,0.027,1
2026-09-09,16:48:40,0.104245,0.085832,0.00016,29373.731383,0.027,1
2026-09-09,16:48:41,0.10392,0.085832,0.00016,29373.731383,0.027,1
2026-09-09,16:48:41,0.10392,0.085832,0.00016,29373.731543,0.027,1
2026-09-09,16:48:42,0.10392,0.085832,0.00016,29373.731703,0.027,1
2026-09-09,16:48:43,0.124704,0.085832,0.00016,29373.731703,0.026,1
2026-09-09,16:48:43,0.124704,0.085832,0.00015,29373.731853,0.026,1
2026-09-09,16:48:44,0.159453,0.085832,0.00015,29373.732003,0.026,1
2026-09-09,16:48:45,0.138019,0.113966,0.00015,29373.732003,0.026,1
2026-09-09,16:48:45,0.10392,0.113024,0.0002,29373.732203,0.026,1
2026-09-09,16:48:46,0.10392,0.115579,0.0002,29373.732403,0.026,1
2026-09-09,16:48:47,0.109766,0.115579,0.0002,29373.732403,0.026,1
2026-09-09,16:48:47,0.145488,0.115579,0.0002,29373.732603,0.026,1
2026-09-09,16:48:48,0.083136,0.1135,0.0002,29373.732803,0.026,1
2026-09-09,16:48:49,0.148976,0.1135,0.0002,29373.732803,0.026,1
2026-09-09,16:48:49,0.148976,0.1135,0.0002,29373.733003,0.026,1
2026-09-09,16:48:50,0.12343,0.1135,0.0002,29373.733203,0.026,1
2026-09-09,16:48:51,0.125682,0.1135,0.0002,29373.733203,0.026,1
2026-09-09,16:48:51,0.123745,0.1135,0.0002,29373.733403,0.026,1
2026-09-09,16:48:52,0.123423,0.1135,0.0002,29373.733603,0.026,1
2026-09-09,16:48:53,0.123423,0.1135,0.0002,29373.733603,0.026,1
2026-09-09,16:48:53,0.099576,0.1135,0.0002,29373.733803,0.026,1
2026-09-09,16:48:54,0.103121,0.1135,0.0002,29373.734003,0.026,1
2026-09-09,16:48:55,0.082497,0.1135,0.0002,29373.734003,0.026,1
2026-09-09,16:48:55,0.082497,0.1135,0.0002,29373.734203,0.026,1
2026-09-09,16:48:56,0.103121,0.1135,0.00019,29373.734393,0.026,1
2026-09-09,16:48:57,0.082497,0.111607,0.00019,29373.734393,0.026,1
2026-09-09,16:48:57,0.082497,0.104959,0.00019,29373.734583,0.027,1
2026-09-09,16:48:58,0.082497,0.100866,0.00019,29373.734773,0.027,1
2026-09-09,16:48:59,0.082497,0.100866,0.00019,29373.734773,0.027,1
2026-09-09,16:48:59,0.120433,0.100866,0.00019,29373.734963,0.027,1
2026-09-09,16:49:00,0.144417,0.100866,0.00019,29373.735153,0.027,1
2026-09-09,16:49:01,0.10501,0.100866,0.00019,29373.735153,0.027,1
2026-09-09,16:49:01,0.142233,0.100866,0.00019,29373.735343,0.027,1
2026-09-09,16:49:02,0.142233,0.100866,0.00019,29373.735533,0.027,1
2026-09-09,16:49:03,0.081458,0.096443,0.00018,29373.735533,0.027,1
2026-09-09,16:49:03,0.103386,0.094407,0.00017,29373.735713,0.027,1
2026-09-09,16:49:04,0.10501,0.092566,0.00017,29373.735883,0.027,1
2026-09-09,16:49:05,0.10501,0.092566,0.00017,29373.735883,0.027,1
2026-09-09,16:49:05,0.143636,0.092566,0.00017,29373.736053,0.027,1
2026-09-09,16:49:06,0.082077,0.090816,0.00017,29373.736223,0.027,1
2026-09-09,16:49:07,0.083352,0.088839,0.00016,29373.736223,0.027,1
2026-09-09,16:49:07,0.10419,0.091008,0.00017,29373.736383,0.027,1
2026-09-09,16:49:08,0.10419,0.092883,0.00017,29373.736553,0.027,1
2026-09-09,16:49:09,0.121869,0.092883,0.00017,29373.736553,0.027,1
2026-09-09,16:49:09,0.124704,0.097104,0.00018,29373.736723,0.027,1
2026-09-09,16:49:10,0.083136,0.097104,0.00018,29373.736903,0.027,1
2026-09-09,16:49:11,0.10392,0.097104,0.00018,29373.736903,0.027,1
2026-09-09,16:49:11,0.10392,0.097104,0.00018,29373.737083,0.027,1
2026-09-09,16:49:12,0.083136,0.097104,0.00018,29373.737263,0.027,1
2026-09-09,16:49:13,0.083136,0.097104,0.00018,29373.737263,0.027,1
2026-09-09,16:49:13,0.081458,0.097104,0.00018,29373.737443,0.027,1
2026-09-09,16:49:14,0.081458,0.097104,0.00018,29373.737623,0.027,1
2026-09-09,16:49:15,0.082709,0.097104,0.00018,29373.737623,0.027,1
2026-09-09,16:49:15,0.12374,0.101228,0.00019,29373.737803,0.027,1
2026-09-09,16:49:16,0.082709,0.101228,0.00019,29373.737993,0.027,1
2026-09-09,16:49:17,0.103386,0.101228,0.00019,29373.737993,0.027,1
2026-09-09,16:49:17,0.103386,0.101228,0.00019,29373.738183,0.027,1
2026-09-09,16:49:18,0.082709,0.101228,0.00019,29373.738373,0.027,1
2026-09-09,16:49:19,0.103386,0.101228,0.00019,29373.738373,0.027,1
2026-09-09,16:49:19,0.088237,0.101228,0.00019,29373.738563,0.027,1
2026-09-09,16:49:20,0.14592,0.101228,0.00019,29373.738753,0.027,1
2026-09-09,16:49:21,0.14592,0.101228,0.00019,29373.738753,0.027,1
2026-09-09,16:49:21,0.104461,0.101228,0.00019,29373.738943,0.027,1
2026-09-09,16:49:22,0.083569,0.101228,0.00019,29373.739133,0.027,1
2026-09-09,16:49:23,0.083569,0.101228,0.00019,29373.739133,0.027,1
2026-09-09,16:49:23,0.083569,0.101228,0.00019,29373.739323,0.026,1
2026-09-09,16:49:24,0.104461,0.101228,0.00018,29373.739503,0.026,1
2026-09-09,16:49:25,0.104461,0.101228,0.00018,29373.739503,0.026,1
2026-09-09,16:49:25,0.125027,0.101228,0.00018,29373.739683,0.026,1
2026-09-09,16:49:26,0.083569,0.101336,0.00018,29373.739863,0.026,1
2026-09-09,16:49:27,0.083569,0.101275,0.00018,29373.739863,0.026,1
2026-09-09,16:49:27,0.08085,0.101275,0.00018,29373.740043,0.026,1
2026-09-09,16:49:28,0.123745,0.101275,0.00018,29373.740223,0.026,1
2026-09-09,16:49:29,0.125354,0.101275,0.00018,29373.740223,0.026,1
2026-09-09,16:49:29,0.082077,0.099144,0.00018,29373.740403,0.026,1
2026-09-09,16:49:30,0.082077,0.099144,0.00017,29373.740573,0.025,1
2026-09-09,16:49:31,0.143315,0.099144,0.00016,29373.740573,0.025,1
2026-09-09,16:49:31,0.082077,0.096851,0.00016,29373.740733,0.025,1
2026-09-09,16:49:32,0.102597,0.098903,0.00016,29373.740893,0.025,1
2026-09-09,16:49:33,0.102597,0.103136,0.00017,29373.740893,0.025,1
2026-09-09,16:49:33,0.125683,0.103136,0.00017,29373.741063,0.025,1
2026-09-09,16:49:34,0.10501,0.103218,0.00017,29373.741233,0.025,1
2026-09-09,16:49:35,0.10501,0.101532,0.00016,29373.741233,0.025,1
2026-09-09,16:49:35,0.135347,0.102596,0.00016,29373.741393,0.025,1
2026-09-09,16:49:36,0.135347,0.103273,0.00017,29373.741563,0.025,1
2026-09-09,16:49:37,0.130513,0.103273,0.00017,29373.741563,0.025,1
2026-09-09,16:49:37,0.081254,0.103273,0.00017,29373.741733,0.025,1
2026-09-09,16:49:38,0.142195,0.103273,0.00018,29373.741913,0.026,1
2026-09-09,16:49:39,0.081254,0.103042,0.00018,29373.741913,0.026,1
2026-09-09,16:49:39,0.081254,0.103042,0.00018,29373.742093,0.026,1
2026-09-09,16:49:40,0.083352,0.103292,0.00018,29373.742093,0.026,1
2026-09-09,16:49:41,0.152052,0.103292,0.00018,29373.742273,0.026,1
2026-09-09,16:49:41,0.08187,0.103271,0.00018,29373.742453,0.026,1
2026-09-09,16:49:42,0.08187,0.103271,0.00018,29373.742453,0.026,1
2026-09-09,16:49:43,0.215228,0.103271,0.00018,29373.742633,0.026,1
2026-09-09,16:49:43,0.08187,0.10325,0.00018,29373.742813,0.026,1
2026-09-09,16:49:44,0.157663,0.10325,0.00018,29373.742813,0.026,1
2026-09-09,16:49:45,0.08187,0.101178,0.00018,29373.742993,0.026,1
2026-09-09,16:49:45,0.08187,0.096796,0.00018,29373.743173,0.026,1
2026-09-09,16:49:46,0.08187,0.096796,0.00017,29373.743173,0.027,1
2026-09-09,16:49:47,0.142952,0.096796,0.00017,29373.743343,0.027,1
2026-09-09,16:49:47,0.08187,0.094482,0.00017,29373.743513,0.027,1
2026-09-09,16:49:48,0.122485,0.094482,0.00017,29373.743513,0.027,1
2026-09-09,16:49:49,0.122485,0.094482,0.00017,29373.743683,0.028,1
2026-09-09,16:49:49,0.102337,0.094482,0.00019,29373.743873,0.028,1
2026-09-09,16:49:50,0.122804,0.094482,0.00019,29373.743873,0.028,1
2026-09-09,16:49:51,0.083352,0.092317,0.00019,29373.744063,0.028,1
2026-09-09,16:49:51,0.083352,0.087117,0.00018,29373.744243,0.027,1
2026-09-09,16:49:52,0.083352,0.087117,0.00015,29373.744243,0.027,1
2026-09-09,16:49:53,0.083352,0.082401,0.00015,29373.744393,0.027,1
2026-09-09,16:49:53,0.126002,0.082401,0.00015,29373.744543,0.027,1
2026-09-09,16:49:54,0.123116,0.082401,0.00015,29373.744543,0.027,1
2026-09-09,16:49:55,0.123116,0.082401,0.00015,29373.744693,0.027,1
2026-09-09,16:49:55,0.102597,0.082401,0.00015,29373.744843,0.027,1
2026-09-09,16:49:56,0.184354,0.082401,0.00015,29373.744993,0.027,1
2026-09-09,16:49:57,0.166047,0.082401,0.00015,29373.744993,0.027,1
2026-09-09,16:49:57,0.146685,0.082401,0.00015,29373.745143,0.026,1
2026-09-09,16:49:58,0.146685,0.082676,0.00015,29373.745143,0.026,1
2026-09-09,16:49:59,0.084008,0.082676,0.00014,29373.745283,0.026,1
2026-09-09,16:49:59,0.12343,0.082676,0.00014,29373.745423,0.026,1
2026-09-09,16:50:00,0.102858,0.082676,0.00014,29373.745423,0.026,1
2026-09-09,16:50:01,0.102858,0.082676,0.00014,29373.745563,0.026,1
2026-09-09,16:50:01,0.102858,0.082676,0.00014,29373.745703,0.026,1
2026-09-09,16:50:02,0.102858,0.082676,0.00014,29373.745703,0.026,1
2026-09-09,16:50:03,0.082287,0.082676,0.00014,29373.745843,0.026,1
2026-09-09,16:50:03,0.102858,0.082676,0.00014,29373.745983,0.026,1
2026-09-09,16:50:04,0.102858,0.082676,0.00014,29373.746123,0.026,1
2026-09-09,16:50:05,0.107037,0.082676,0.00014,29373.746123,0.026,1
2026-09-09,16:50:05,0.082287,0.082676,0.00014,29373.746263,0.026,1
2026-09-09,16:50:06,0.082287,0.082676,0.00014,29373.746263,0.026,1
2026-09-09,16:50:07,0.102858,0.099162,0.00014,29373.746403,0.026,1
2026-09-09,16:50:07,0.102858,0.099162,0.00017,29373.746543,0.026,1
2026-09-09,16:50:08,0.144001,0.099162,0.00017,29373.746713,0.026,1
2026-09-09,16:50:09,0.083569,0.095176,0.00016,29373.746713,0.026,1
2026-09-09,16:50:09,0.104461,0.095336,0.00017,29373.746873,0.026,1
2026-09-09,16:50:10,0.104461,0.095496,0.00017,29373.747043,0.026,1
2026-09-09,16:50:11,0.104461,0.095496,0.00017,29373.747043,0.025,1
2026-09-09,16:50:11,0.083569,0.093567,0.00015,29373.747213,0.025,1
2026-09-09,16:50:12,0.083569,0.093696,0.00015,29373.747213,0.025,1
2026-09-09,16:50:13,0.164155,0.093696,0.00015,29373.747363,0.025,1
2026-09-09,16:50:13,0.164155,0.09367,0.00016,29373.747513,0.026,1
2026-09-09,16:50:14,0.102597,0.09367,0.00016,29373.747513,0.026,1
2026-09-09,16:50:15,0.123116,0.095277,0.00017,29373.747673,0.026,1
2026-09-09,16:50:15,0.084322,0.095277,0.00017,29373.747843,0.026,1
2026-09-09,16:50:16,0.134017,0.095277,0.00017,29373.747843,0.026,1
2026-09-09,16:50:17,0.134017,0.095277,0.00017,29373.748013,0.027,1
2026-09-09,16:50:17,0.102597,0.095277,0.00017,29373.748183,0.027,1
2026-09-09,16:50:18,0.082077,0.095277,0.00018,29373.748183,0.027,1
2026-09-09,16:50:19,0.083352,0.095277,0.00018,29373.748363,0.027,1
2026-09-09,16:50:19,0.187216,0.095277,0.00018,29373.748543,0.027,1
2026-09-09,16:50:20,0.187216,0.095277,0.00018,29373.748543,0.027,1
2026-09-09,16:50:21,0.083352,0.095384,0.00018,29373.748723,0.027,1
2026-09-09,16:50:21,0.083352,0.095491,0.00018,29373.748903,0.027,1
2026-09-09,16:50:22,0.10419,0.095624,0.00018,29373.748903,0.027,1
2026-09-09,16:50:23,0.154465,0.095624,0.00018,29373.749083,0.027,1
2026-09-09,16:50:23,0.154465,0.095624,0.00018,29373.749263,0.027,1
2026-09-09,16:50:24,0.090481,0.096315,0.00018,29373.749263,0.027,1
2026-09-09,16:50:25,0.126344,0.096315,0.00018,29373.749443,0.027,1
2026-09-09,16:50:25,0.084229,0.094292,0.00018,29373.749623,0.027,1
2026-09-09,16:50:26,0.084229,0.092074,0.00017,29373.749623,0.026,1
2026-09-09,16:50:27,0.082287,0.092074,0.00016,29373.749793,0.026,1
2026-09-09,16:50:27,0.093858,0.093103,0.00016,29373.749953,0.026,1
2026-09-09,16:50:28,0.082287,0.092975,0.00016,29373.749953,0.026,1
2026-09-09,16:50:29,0.084008,0.091116,0.00016,29373.750113,0.026,1
2026-09-09,16:50:29,0.084008,0.091116,0.00016,29373.750273,0.026,1
2026-09-09,16:50:30,0.200175,0.091116,0.00016,29373.750273,0.026,1
2026-09-09,16:50:31,0.122176,0.091116,0.00016,29373.750433,0.026,1
2026-09-09,16:50:31,0.102079,0.091116,0.00016,29373.750593,0.026,1
2026-09-09,16:50:32,0.102079,0.091116,0.00016,29373.750593,0.027,1
2026-09-09,16:50:33,0.102079,0.091116,0.00017,29373.750753,0.027,1
2026-09-09,16:50:33,0.140578,0.091116,0.00017,29373.750923,0.027,1
2026-09-09,16:50:34,0.14317,0.091116,0.00017,29373.750923,0.027,1
2026-09-09,16:50:35,0.121857,0.091116,0.00017,29373.751093,0.027,1
2026-09-09,16:50:35,0.121857,0.086971,0.00017,29373.751263,0.026,1
2026-09-09,16:50:36,0.081663,0.086971,0.00015,29373.751263,0.026,1
2026-09-09,16:50:37,0.122495,0.086971,0.00015,29373.751413,0.026,1
2026-09-09,16:50:37,0.081663,0.086802,0.00015,29373.751563,0.026,1
2026-09-09,16:50:38,0.081663,0.086633,0.00015,29373.751563,0.026,1
2026-09-09,16:50:39,0.081663,0.086633,0.00015,29373.751713,0.026,1
2026-09-09,16:50:39,0.11133,0.086633,0.00015,29373.751863,0.026,1
2026-09-09,16:50:40,0.124383,0.086633,0.00015,29373.751863,0.026,1
2026-09-09,16:50:41,0.168111,0.086633,0.00015,29373.752013,0.026,1
2026-09-09,16:50:41,0.168111,0.086633,0.00015,29373.752163,0.027,1
2026-09-09,16:50:42,0.124059,0.086633,0.00016,29373.752163,0.027,1
2026-09-09,16:50:43,0.106891,0.086633,0.00016,29373.752323,0.027,1
2026-09-09,16:50:43,0.124383,0.086633,0.00016,29373.752483,0.027,1
2026-09-09,16:50:44,0.103652,0.086633,0.00016,29373.752483,0.027,1
2026-09-09,16:50:45,0.103652,0.086633,0.00016,29373.752643,0.027,1
2026-09-09,16:50:45,0.16552,0.086633,0.00016,29373.752803,0.027,1
2026-09-09,16:50:46,0.103652,0.086579,0.00016,29373.752803,0.027,1
2026-09-09,16:50:47,0.114017,0.088933,0.00016,29373.752963,0.027,1
2026-09-09,16:50:47,0.103652,0.090875,0.00016,29373.753123,0.026,1
2026-09-09,16:50:48,0.103652,0.090875,0.00016,29373.753123,0.026,1
2026-09-09,16:50:49,0.082922,0.090939,0.00016,29373.753283,0.026,1
2026-09-09,16:50:49,0.144789,0.090939,0.00016,29373.753443,0.026,1
2026-09-09,16:50:50,0.144789,0.090939,0.00016,29373.753443,0.026,1
2026-09-09,16:50:51,0.144789,0.089845,0.00016,29373.753603,0.026,1
2026-09-09,16:50:51,0.082922,0.089845,0.00016,29373.753763,0.026,1
2026-09-09,16:50:52,0.119848,0.089845,0.00016,29373.753763,0.026,1
2026-09-09,16:50:53,0.103652,0.089845,0.00016,29373.753923,0.026,1
2026-09-09,16:50:53,0.124383,0.089845,0.00016,29373.754083,0.025,1
2026-09-09,16:50:54,0.124383,0.089908,0.00015,29373.754083,0.025,1
2026-09-09,16:50:55,0.082922,0.089908,0.00015,29373.754233,0.024,1
2026-09-09,16:50:55,0.104948,0.092002,0.00014,29373.754373,0.024,1
2026-09-09,16:50:56,0.103652,0.094201,0.00013,29373.754373,0.023,1
2026-09-09,16:50:57,0.082922,0.094327,0.00013,29373.754503,0.023,1
2026-09-09,16:50:57,0.082922,0.094327,0.00013,29373.754633,0.023,1
2026-09-09,16:50:58,0.091991,0.09536,0.00013,29373.754633,0.024,1
2026-09-09,16:50:59,0.082922,0.093287,0.00013,29373.754763,0.024,1
2026-09-09,16:50:59,0.082922,0.090177,0.00014,29373.754903,0.024,1
2026-09-09,16:51:00,0.124383,0.090177,0.00014,29373.754903,0.025,1
2026-09-09,16:51:01,0.124383,0.090177,0.00015,29373.755053,0.025,1
2026-09-09,16:51:01,0.082922,0.088104,0.00014,29373.755193,0.025,1
2026-09-09,16:51:02,0.103652,0.090177,0.00014,29373.755193,0.025,1
2026-09-09,16:51:03,0.082922,0.090177,0.00015,29373.755343,0.025,1
2026-09-09,16:51:03,0.082922,0.090177,0.00015,29373.755493,0.026,1
2026-09-09,16:51:04,0.124059,0.090177,0.00015,29373.755493,0.026,1
2026-09-09,16:51:05,0.103652,0.090177,0.00016,29373.755653,0.026,1
2026-09-09,16:51:05,0.124059,0.090177,0.00016,29373.755813,0.026,1
2026-09-09,16:51:06,0.103652,0.090177,0.00016,29373.755813,0.026,1
2026-09-09,16:51:07,0.103652,0.090177,0.00016,29373.755973,0.026,1
2026-09-09,16:51:07,0.098146,0.090177,0.00016,29373.756133,0.026,1
2026-09-09,16:51:08,0.082922,0.090177,0.00016,29373.756133,0.026,1
2026-09-09,16:51:09,0.155154,0.090177,0.00016,29373.756293,0.026,1
2026-09-09,16:51:09,0.155154,0.090177,0.00016,29373.756453,0.026,1
2026-09-09,16:51:10,0.124383,0.090177,0.00016,29373.756453,0.027,1
2026-09-09,16:51:11,0.140578,0.090177,0.00017,29373.756613,0.027,1
2026-09-09,16:51:11,0.122187,0.090177,0.00017,29373.756783,0.027,1
2026-09-09,16:51:12,0.127958,0.090177,0.00017,29373.756783,0.027,1
2026-09-09,16:51:13,0.127958,0.090177,0.00017,29373.756953,0.027,1
2026-09-09,16:51:13,0.101568,0.090177,0.00017,29373.757123,0.027,1
2026-09-09,16:51:14,0.103121,0.090177,0.00017,29373.757123,0.027,1
2026-09-09,16:51:15,0.082497,0.090177,0.00017,29373.757293,0.027,1
2026-09-09,16:51:15,0.082497,0.090177,0.00017,29373.757463,0.026,1
2026-09-09,16:51:16,0.082497,0.090177,0.00016,29373.757463,0.026,1
2026-09-09,16:51:17,0.103121,0.114306,0.0002,29373.757623,0.026,1
2026-09-09,16:51:17,0.12273,0.111064,0.0002,29373.757823,0.026,1
2026-09-09,16:51:18,0.084008,0.111064,0.00019,29373.757823,0.026,1
2026-09-09,16:51:19,0.084008,0.111064,0.00019,29373.758013,0.026,1
2026-09-09,16:51:19,0.08187,0.111064,0.00019,29373.758203,0.026,1
2026-09-09,16:51:20,0.083569,0.111064,0.00019,29373.758203,0.026,1
2026-09-09,16:51:21,0.083569,0.111064,0.00019,29373.758393,0.026,1
2026-09-09,16:51:21,0.091077,0.111064,0.00019,29373.758583,0.026,1
2026-09-09,16:51:22,0.091077,0.111064,0.00019,29373.758583,0.026,1
2026-09-09,16:51:23,0.083569,0.111064,0.00019,29373.758773,0.025,1
2026-09-09,16:51:23,0.083569,0.111064,0.00019,29373.758963,0.025,1
2026-09-09,16:51:24,0.094342,0.111064,0.00018,29373.758963,0.025,1
2026-09-09,16:51:25,0.104461,0.111064,0.00018,29373.759143,0.025,1
2026-09-09,16:51:25,0.104461,0.111064,0.00018,29373.759323,0.025,1
2026-09-09,16:51:26,0.104461,0.08945,0.00014,29373.759323,0.025,1
2026-09-09,16:51:27,0.104461,0.091495,0.00015,29373.759463,0.025,1
2026-09-09,16:51:27,0.083569,0.091665,0.00015,29373.759613,0.025,1
2026-09-09,16:51:28,0.083569,0.091665,0.00015,29373.759613,0.025,1
2026-09-09,16:51:29,0.083569,0.091665,0.00015,29373.759763,0.025,1
2026-09-09,16:51:29,0.083569,0.091665,0.00015,29373.759913,0.025,1
2026-09-09,16:51:30,0.110664,0.091665,0.00015,29373.759913,0.026,1
2026-09-09,16:51:31,0.083569,0.091665,0.00016,29373.760063,0.026,1
2026-09-09,16:51:31,0.083569,0.091665,0.00016,29373.760223,0.027,1
2026-09-09,16:51:32,0.083569,0.091665,0.00017,29373.760223,0.028,1
2026-09-09,16:51:33,0.083569,0.091665,0.00018,29373.760393,0.028,1
2026-09-09,16:51:33,0.101568,0.091665,0.00018,29373.760573,0.028,1
2026-09-09,16:51:34,0.083788,0.091665,0.00018,29373.760573,0.028,1
2026-09-09,16:51:35,0.083788,0.091665,0.00018,29373.760753,0.028,1
2026-09-09,16:51:35,0.102597,0.091665,0.00018,29373.760933,0.028,1
2026-09-09,16:51:36,0.123116,0.091665,0.00018,29373.760933,0.028,1
2026-09-09,16:51:37,0.184354,0.091665,0.00018,29373.761113,0.028,1
2026-09-09,16:51:37,0.184354,0.091665,0.00018,29373.761293,0.027,1
2026-09-09,16:51:38,0.143315,0.091665,0.00017,29373.761293,0.027,1
2026-09-09,16:51:39,0.104461,0.091665,0.00017,29373.761463,0.027,1
2026-09-09,16:51:39,0.086181,0.091665,0.00017,29373.761633,0.027,1
2026-09-09,16:51:40,0.083569,0.091665,0.00017,29373.761633,0.027,1
2026-09-09,16:51:41,0.083569,0.091665,0.00017,29373.761803,0.027,1
2026-09-09,16:51:41,0.125027,0.091665,0.00017,29373.761973,0.026,1
2026-09-09,16:51:42,0.083569,0.090914,0.00016,29373.761973,0.026,1
2026-09-09,16:51:43,0.133188,0.090914,0.00016,29373.762133,0.026,1
2026-09-09,16:51:43,0.166812,0.090914,0.00016,29373.762293,0.026,1
2026-09-09,16:51:44,0.166812,0.090914,0.00016,29373.762293,0.026,1
2026-09-09,16:51:45,0.166812,0.090914,0.00016,29373.762453,0.026,1
2026-09-09,16:51:45,0.14368,0.090914,0.00016,29373.762613,0.026,1
2026-09-09,16:51:46,0.102858,0.090914,0.00017,29373.762613,0.027,1
2026-09-09,16:51:47,0.123108,0.090914,0.00017,29373.762783,0.026,1
2026-09-09,16:51:47,0.123108,0.090914,0.00016,29373.762943,0.026,1
2026-09-09,16:51:48,0.083569,0.090914,0.00016,29373.762943,0.026,1
2026-09-09,16:51:49,0.102079,0.092765,0.00016,29373.763103,0.025,1
2026-09-09,16:51:49,0.122176,0.095549,0.00015,29373.763253,0.025,1
2026-09-09,16:51:50,0.122176,0.098213,0.00016,29373.763253,0.025,1
2026-09-09,16:51:51,0.131108,0.098213,0.00016,29373.763413,0.025,1
2026-09-09,16:51:51,0.14554,0.102321,0.00017,29373.763583,0.025,1
2026-09-09,16:51:52,0.083352,0.102321,0.00017,29373.763583,0.025,1
2026-09-09,16:51:53,0.083352,0.102321,0.00017,29373.763753,0.025,1
2026-09-09,16:51:53,0.083352,0.102321,0.00017,29373.763923,0.026,1
2026-09-09,16:51:54,0.187216,0.102321,0.00017,29373.763923,0.026,1
2026-09-09,16:51:55,0.125028,0.104378,0.00018,29373.764103,0.026,1
2026-09-09,16:51:55,0.10419,0.10644,0.0002,29373.764303,0.027,1
2026-09-09,16:51:56,0.083352,0.106418,0.0002,29373.764303,0.027,1
2026-09-09,16:51:57,0.083352,0.106418,0.0002,29373.764503,0.027,1
2026-09-09,16:51:57,0.166378,0.106418,0.0002,29373.764703,0.027,1
2026-09-09,16:51:58,0.125679,0.106418,0.0002,29373.764703,0.027,1
2026-09-09,16:51:59,0.081663,0.106227,0.0002,29373.764903,0.027,1
2026-09-09,16:51:59,0.081663,0.106227,0.0002,29373.765103,0.027,1
2026-09-09,16:52:00,0.112606,0.106227,0.0002,29373.765103,0.027,1
2026-09-09,16:52:01,0.102079,0.106227,0.0002,29373.765303,0.027,1
2026-09-09,16:52:01,0.163007,0.106227,0.0002,29373.765503,0.027,1
2026-09-09,16:52:02,0.125685,0.106227,0.0002,29373.765503,0.026,1
2026-09-09,16:52:03,0.125685,0.106227,0.00018,29373.765683,0.026,1
2026-09-09,16:52:03,0.146685,0.106227,0.00018,29373.765863,0.026,1
2026-09-09,16:52:04,0.081051,0.105976,0.00018,29373.765863,0.026,1
2026-09-09,16:52:05,0.103386,0.107957,0.00019,29373.766053,0.026,1
2026-09-09,16:52:05,0.082709,0.10602,0.00018,29373.766233,0.026,1
2026-09-09,16:52:06,0.082709,0.10602,0.00018,29373.766233,0.026,1
2026-09-09,16:52:07,0.12374,0.10602,0.00018,29373.766413,0.026,1
2026-09-09,16:52:07,0.082709,0.102074,0.00018,29373.766593,0.026,1
2026-09-09,16:52:08,0.082709,0.097234,0.00018,29373.766593,0.026,1
2026-09-09,16:52:09,0.082709,0.093018,0.00017,29373.766763,0.026,1
2026-09-09,16:52:09,0.103386,0.093018,0.00015,29373.766933,0.026,1
2026-09-09,16:52:10,0.082709,0.088786,0.00015,29373.766933,0.026,1
2026-09-09,16:52:11,0.124063,0.088786,0.00015,29373.767083,0.026,1
2026-09-09,16:52:11,0.14474,0.088786,0.00015,29373.767233,0.026,1
2026-09-09,16:52:12,0.14474,0.086638,0.00015,29373.767233,0.026,1
2026-09-09,16:52:13,0.082709,0.086638,0.00015,29373.767383,0.026,1
2026-09-09,16:52:13,0.14474,0.086638,0.00015,29373.767533,0.026,1
2026-09-09,16:52:14,0.122125,0.086638,0.00015,29373.767533,0.025,1
2026-09-09,16:52:15,0.124063,0.086638,0.00014,29373.767683,0.025,1
2026-09-09,16:52:15,0.124063,0.086638,0.00014,29373.767823,0.025,1
2026-09-09,16:52:16,0.082709,0.086574,0.00014,29373.767823,0.025,1
2026-09-09,16:52:17,0.103386,0.088746,0.00014,29373.767963,0.025,1
2026-09-09,16:52:17,0.149909,0.088746,0.00014,29373.768103,0.025,1
2026-09-09,16:52:18,0.149909,0.088912,0.00014,29373.768103,0.025,1
2026-09-09,16:52:19,0.082709,0.088912,0.00014,29373.768243,0.026,1
2026-09-09,16:52:19,0.103386,0.088912,0.00014,29373.768383,0.026,1
2026-09-09,16:52:20,0.108232,0.091464,0.00016,29373.768383,0.026,1
2026-09-09,16:52:21,0.09757,0.09295,0.00016,29373.768543,0.026,1
2026-09-09,16:52:21,0.09757,0.09295,0.00016,29373.768703,0.026,1
2026-09-09,16:52:22,0.082709,0.09295,0.00016,29373.768703,0.026,1
2026-09-09,16:52:23,0.103386,0.09295,0.00016,29373.768863,0.026,1
2026-09-09,16:52:23,0.103386,0.095018,0.00016,29373.769023,0.026,1
2026-09-09,16:52:24,0.203135,0.095018,0.00016,29373.769023,0.026,1
2026-09-09,16:52:25,0.203135,0.095018,0.00017,29373.769183,0.026,1
2026-09-09,16:52:25,0.103271,0.097074,0.00017,29373.769353,0.026,1
2026-09-09,16:52:26,0.085068,0.09731,0.00017,29373.769353,0.026,1
2026-09-09,16:52:27,0.167687,0.09731,0.00017,29373.769523,0.026,1
2026-09-09,16:52:27,0.157186,0.09731,0.00017,29373.769693,0.026,1
2026-09-09,16:52:28,0.157186,0.09731,0.00017,29373.769693,0.027,1
2026-09-09,16:52:29,0.082497,0.095221,0.00018,29373.769863,0.027,1
2026-09-09,16:52:29,0.123745,0.095221,0.00018,29373.770043,0.027,1
2026-09-09,16:52:30,0.123423,0.095221,0.00018,29373.770043,0.027,1
2026-09-09,16:52:31,0.123423,0.0952,0.00018,29373.770223,0.027,1
2026-09-09,16:52:31,0.082497,0.0952,0.00018,29373.770403,0.027,1
2026-09-09,16:52:32,0.082497,0.093111,0.00017,29373.770403,0.027,1
2026-09-09,16:52:33,0.082497,0.090538,0.00016,29373.770573,0.026,1
2026-09-09,16:52:33,0.133091,0.090538,0.00016,29373.770733,0.026,1
2026-09-09,16:52:34,0.133091,0.090538,0.00016,29373.770733,0.026,1
2026-09-09,16:52:35,0.103121,0.090538,0.00016,29373.770893,0.026,1
2026-09-09,16:52:35,0.112144,0.090538,0.00016,29373.771053,0.026,1
2026-09-09,16:52:36,0.216232,0.090538,0.00016,29373.771053,0.026,1
2026-09-09,16:52:37,0.082497,0.08903,0.00016,29373.771213,0.026,1
2026-09-09,16:52:37,0.082497,0.08903,0.00015,29373.771363,0.026,1
2026-09-09,16:52:38,0.123745,0.08903,0.00015,29373.771363,0.026,1
2026-09-09,16:52:39,0.082497,0.089009,0.00015,29373.771513,0.026,1
2026-09-09,16:52:39,0.082497,0.08692,0.00015,29373.771663,0.026,1
2026-09-09,16:52:40,0.082497,0.086894,0.00015,29373.771663,0.026,1
2026-09-09,16:52:41,0.103121,0.086894,0.00015,29373.771813,0.027,1
2026-09-09,16:52:41,0.103121,0.086879,0.00016,29373.771973,0.027,1
2026-09-09,16:52:42,0.082497,0.086622,0.00016,29373.771973,0.027,1
2026-09-09,16:52:43,0.123745,0.086622,0.00016,29373.772133,0.026,1
2026-09-09,16:52:43,0.123745,0.086622,0.00015,29373.772283,0.026,1
2026-09-09,16:52:44,0.164672,0.086622,0.00015,29373.772283,0.026,1
2026-09-09,16:52:45,0.082497,0.086622,0.00015,29373.772433,0.026,1
2026-09-09,16:52:45,0.185296,0.086622,0.00015,29373.772583,0.026,1
2026-09-09,16:52:46,0.103121,0.088684,0.00015,29373.772583,0.026,1
2026-09-09,16:52:47,0.103121,0.088684,0.00015,29373.772733,0.027,1
2026-09-09,16:52:47,0.131573,0.093592,0.00017,29373.772903,0.027,1
2026-09-09,16:52:48,0.125354,0.097878,0.00018,29373.772903,0.027,1
2026-09-09,16:52:49,0.165612,0.097878,0.00018,29373.773083,0.027,1
2026-09-09,16:52:49,0.165612,0.099836,0.00018,29373.773263,0.027,1
2026-09-09,16:52:50,0.102079,0.099836,0.00019,29373.773263,0.027,1
2026-09-09,16:52:51,0.083569,0.099943,0.00019,29373.773453,0.027,1
2026-09-09,16:52:51,0.146246,0.099943,0.00019,29373.773643,0.027,1
2026-09-09,16:52:52,0.14592,0.099943,0.00019,29373.773643,0.027,1
2026-09-09,16:52:53,0.14592,0.099943,0.00019,29373.773833,0.027,1
2026-09-09,16:52:53,0.142952,0.099943,0.00019,29373.774023,0.027,1
2026-09-09,16:52:54,0.10501,0.099943,0.00019,29373.774023,0.027,1
2026-09-09,16:52:55,0.108047,0.099943,0.00019,29373.774213,0.027,1
2026-09-09,16:52:55,0.122796,0.099943,0.00019,29373.774403,0.027,1
2026-09-09,16:52:56,0.122796,0.099943,0.00019,29373.774403,0.027,1
2026-09-09,16:52:57,0.102597,0.099943,0.00019,29373.774593,0.027,1
2026-09-09,16:52:57,0.11446,0.099943,0.00019,29373.774783,0.027,1
2026-09-09,16:52:58,0.082077,0.099943,0.00019,29373.774783,0.027,1
2026-09-09,16:52:59,0.082077,0.117623,0.00019,29373.774973,0.027,1
2026-09-09,16:52:59,0.106124,0.117623,0.00022,29373.775193,0.027,1
2026-09-09,16:53:00,0.102597,0.113258,0.00022,29373.775193,0.027,1
2026-09-09,16:53:01,0.145866,0.113258,0.00021,29373.775403,0.027,1
2026-09-09,16:53:01,0.142911,0.113258,0.0002,29373.775603,0.026,1
2026-09-09,16:53:02,0.142911,0.113258,0.0002,29373.775603,0.026,1
2026-09-09,16:53:03,0.142911,0.113258,0.0002,29373.775803,0.026,1
2026-09-09,16:53:03,0.103652,0.113258,0.0002,29373.776003,0.026,1
2026-09-09,16:53:04,0.103652,0.113258,0.0002,29373.776003,0.026,1
2026-09-09,16:53:05,0.103652,0.113258,0.0002,29373.776203,0.026,1
2026-09-09,16:53:05,0.122495,0.113258,0.00019,29373.776393,0.026,1
2026-09-09,16:53:06,0.083569,0.107023,0.00019,29373.776393,0.026,1
2026-09-09,16:53:06,0.143961,0.107023,0.00019,29373.776583,0.026,1
2026-09-09,16:53:07,0.166812,0.107023,0.00019,29373.776773,0.026,1
2026-09-09,16:53:08,0.166812,0.107023,0.00019,29373.776773,0.026,1
2026-09-09,16:53:08,0.082287,0.100956,0.00018,29373.776953,0.026,1
2026-09-09,16:53:09,0.102858,0.100741,0.00018,29373.777123,0.026,1
2026-09-09,16:53:10,0.123751,0.102311,0.00017,29373.777123,0.026,1
2026-09-09,16:53:10,0.123751,0.102375,0.00018,29373.777293,0.026,1
2026-09-09,16:53:11,0.12343,0.102375,0.00018,29373.777473,0.026,1
2026-09-09,16:53:12,0.102858,0.102401,0.00018,29373.777473,0.026,1
2026-09-09,16:53:12,0.082287,0.099184,0.00017,29373.777653,0.026,1
2026-09-09,16:53:13,0.082287,0.099205,0.00017,29373.777823,0.026,1
2026-09-09,16:53:14,0.082287,0.096821,0.00017,29373.777823,0.026,1
2026-09-09,16:53:14,0.082287,0.096821,0.00017,29373.777993,0.026,1
2026-09-09,16:53:15,0.12343,0.096821,0.00017,29373.778163,0.026,1
2026-09-09,16:53:16,0.082287,0.09479,0.00016,29373.778163,0.027,1
2026-09-09,16:53:16,0.082287,0.094662,0.00017,29373.778323,0.027,1
2026-09-09,16:53:17,0.082287,0.094662,0.00017,29373.778493,0.027,1
2026-09-09,16:53:18,0.12343,0.094662,0.00017,29373.778493,0.027,1
2026-09-09,16:53:18,0.082287,0.094662,0.00017,29373.778663,0.027,1
2026-09-09,16:53:19,0.122787,0.094662,0.00017,29373.778663,0.027,1
2026-09-09,16:53:20,0.122787,0.094662,0.00017,29373.778833,0.027,1
2026-09-09,16:53:20,0.184823,0.094662,0.00017,29373.779003,0.027,1
2026-09-09,16:53:21,0.12343,0.094662,0.00017,29373.779003,0.027,1
2026-09-09,16:53:22,0.12343,0.094662,0.00017,29373.779173,0.027,1
2026-09-09,16:53:22,0.082287,0.092604,0.00017,29373.779343,0.027,1
2026-09-09,16:53:23,0.082287,0.089165,0.00017,29373.779343,0.027,1
2026-09-09,16:53:24,0.089358,0.089165,0.00016,29373.779513,0.027,1
2026-09-09,16:53:24,0.118498,0.089165,0.00016,29373.779673,0.027,1
2026-09-09,16:53:25,0.083569,0.089165,0.00016,29373.779673,0.026,1
2026-09-09,16:53:26,0.125027,0.089165,0.00015,29373.779833,0.026,1
2026-09-09,16:53:26,0.125027,0.089165,0.00015,29373.779983,0.026,1
2026-09-09,16:53:27,0.104461,0.089165,0.00015,29373.779983,0.026,1
2026-09-09,16:53:28,0.120457,0.089165,0.00015,29373.780133,0.026,1
2026-09-09,16:53:28,0.104461,0.089165,0.00015,29373.780283,0.026,1
2026-09-09,16:53:29,0.104461,0.089165,0.00015,29373.780283,0.026,1
2026-09-09,16:53:30,0.146246,0.089165,0.00015,29373.780433,0.025,1
2026-09-09,16:53:30,0.083569,0.085179,0.00015,29373.780583,0.025,1
2026-09-09,16:53:31,0.083569,0.08325,0.00013,29373.780583,0.025,1
2026-09-09,16:53:32,0.083569,0.083378,0.00013,29373.780713,0.025,1
2026-09-09,16:53:32,0.083569,0.083378,0.00013,29373.780843,0.026,1
2026-09-09,16:53:33,0.14592,0.083378,0.00014,29373.780843,0.026,1
2026-09-09,16:53:34,0.102079,0.085358,0.00015,29373.780983,0.026,1
2026-09-09,16:53:34,0.142592,0.085358,0.00015,29373.781133,0.026,1
2026-09-09,16:53:35,0.153932,0.085358,0.00015,29373.781133,0.026,1
2026-09-09,16:53:36,0.153932,0.085358,0.00015,29373.781283,0.026,1
2026-09-09,16:53:36,0.093203,0.086449,0.00015,29373.781433,0.026,1
2026-09-09,16:53:37,0.083136,0.086534,0.00015,29373.781433,0.026,1
2026-09-09,16:53:38,0.145488,0.086534,0.00015,29373.781583,0.026,1
2026-09-09,16:53:38,0.145488,0.086619,0.00015,29373.781733,0.026,1
2026-09-09,16:53:39,0.083136,0.086619,0.00015,29373.781733,0.026,1
2026-09-09,16:53:40,0.124704,0.086619,0.00015,29373.781883,0.026,1
2026-09-09,16:53:40,0.145488,0.086619,0.00015,29373.782033,0.027,1
2026-09-09,16:53:41,0.083136,0.086704,0.00016,29373.782033,0.027,1
2026-09-09,16:53:42,0.083136,0.086789,0.00016,29373.782193,0.027,1
2026-09-09,16:53:42,0.083136,0.086789,0.00016,29373.782353,0.027,1
2026-09-09,16:53:43,0.10392,0.088246,0.00016,29373.782353,0.027,1
2026-09-09,16:53:44,0.083136,0.088202,0.00016,29373.782513,0.027,1
2026-09-09,16:53:44,0.124704,0.088202,0.00016,29373.782673,0.027,1
2026-09-09,16:53:45,0.124704,0.088202,0.00016,29373.782673,0.027,1
2026-09-09,16:53:46,0.166272,0.088202,0.00016,29373.782833,0.027,1
2026-09-09,16:53:46,0.124704,0.088202,0.00016,29373.782993,0.027,1
2026-09-09,16:53:47,0.124704,0.088202,0.00016,29373.782993,0.027,1
2026-09-09,16:53:48,0.124704,0.088202,0.00016,29373.783153,0.027,1
2026-09-09,16:53:48,0.122495,0.088202,0.00016,29373.783313,0.027,1
2026-09-09,16:53:49,0.142592,0.088202,0.00016,29373.783313,0.027,1
2026-09-09,16:53:50,0.083352,0.08818,0.00016,29373.783473,0.027,1
2026-09-09,16:53:50,0.14554,0.08818,0.00016,29373.783633,0.027,1
2026-09-09,16:53:51,0.14554,0.08818,0.00016,29373.783633,0.027,1
2026-09-09,16:53:52,0.107772,0.08818,0.00016,29373.783793,0.026,1
2026-09-09,16:53:52,0.14554,0.08818,0.00015,29373.783943,0.026,1
2026-09-09,16:53:53,0.118842,0.08818,0.00015,29373.783943,0.026,1
2026-09-09,16:53:54,0.131214,0.08818,0.00015,29373.784093,0.026,1
2026-09-09,16:53:54,0.131214,0.08818,0.00015,29373.784243,0.026,1
2026-09-09,16:53:55,0.083352,0.088159,0.00015,29373.784243,0.026,1
2026-09-09,16:53:56,0.101568,0.088108,0.00015,29373.784393,0.026,1
2026-09-09,16:53:56,0.103386,0.089126,0.00015,29373.784543,0.027,1
2026-09-09,16:53:57,0.103386,0.089126,0.00016,29373.784543,0.027,1
2026-09-09,16:53:58,0.215495,0.089126,0.00016,29373.784703,0.028,1
2026-09-09,16:53:58,0.162598,0.089126,0.00017,29373.784873,0.028,1
2026-09-09,16:53:59,0.139688,0.089126,0.00017,29373.784873,0.028,1
2026-09-09,16:54:00,0.082709,0.089083,0.00017,29373.785043,0.028,1
2026-09-09,16:54:00,0.082709,0.08904,0.00017,29373.785213,0.028,1
2026-09-09,16:54:01,0.082709,0.08904,0.00017,29373.785213,0.028,1
2026-09-09,16:54:02,0.103386,0.091065,0.00018,29373.785393,0.028,1
2026-09-09,16:54:02,0.144417,0.091065,0.00018,29373.785573,0.028,1
2026-09-09,16:54:03,0.103386,0.091065,0.00017,29373.785573,0.027,1
2026-09-09,16:54:04,0.103386,0.091065,0.00017,29373.785743,0.027,1
2026-09-09,16:54:04,0.082709,0.091065,0.00017,29373.785913,0.027,1
2026-09-09,16:54:05,0.144417,0.091065,0.00017,29373.785913,0.027,1
2026-09-09,16:54:06,0.103386,0.091065,0.00017,29373.786083,0.027,1
2026-09-09,16:54:06,0.082709,0.091065,0.00017,29373.786253,0.027,1
2026-09-09,16:54:07,0.082709,0.091065,0.00017,29373.786253,0.027,1
2026-09-09,16:54:08,0.114371,0.094189,0.00017,29373.786423,0.027,1
2026-09-09,16:54:08,0.082709,0.092068,0.00017,29373.786593,0.027,1
2026-09-09,16:54:09,0.12374,0.092068,0.00017,29373.786593,0.027,1
2026-09-09,16:54:10,0.12374,0.092025,0.00017,29373.786763,0.027,1
2026-09-09,16:54:10,0.082709,0.092025,0.00017,29373.786933,0.027,1
2026-09-09,16:54:11,0.082709,0.091961,0.00017,29373.786933,0.027,1
2026-09-09,16:54:12,0.14474,0.091961,0.00017,29373.787103,0.028,1
2026-09-09,16:54:12,0.115986,0.091961,0.00018,29373.787273,0.028,1
2026-09-09,16:54:13,0.115986,0.091961,0.00018,29373.787273,0.028,1
2026-09-09,16:54:14,0.144417,0.091961,0.00018,29373.787453,0.028,1
2026-09-09,16:54:14,0.103386,0.091961,0.00018,29373.787633,0.028,1
2026-09-09,16:54:15,0.082709,0.091961,0.00018,29373.787633,0.027,1
2026-09-09,16:54:16,0.082709,0.091961,0.00017,29373.787813,0.027,1
2026-09-09,16:54:16,0.082709,0.091961,0.00017,29373.787983,0.026,1
2026-09-09,16:54:17,0.082709,0.091961,0.00017,29373.787983,0.026,1
2026-09-09,16:54:18,0.103386,0.091961,0.00016,29373.788153,0.026,1
2026-09-09,16:54:18,0.082709,0.091961,0.00016,29373.788313,0.026,1
2026-09-09,16:54:19,0.082709,0.091961,0.00016,29373.788313,0.026,1
2026-09-09,16:54:20,0.185771,0.091961,0.00016,29373.788473,0.026,1
2026-09-09,16:54:20,0.124063,0.091961,0.00016,29373.788633,0.026,1
2026-09-09,16:54:21,0.082709,0.091896,0.00016,29373.788633,0.026,1
2026-09-09,16:54:22,0.12374,0.091896,0.00016,29373.788793,0.026,1
2026-09-09,16:54:22,0.12374,0.091896,0.00016,29373.788953,0.026,1
2026-09-09,16:54:23,0.124063,0.091896,0.00016,29373.788953,0.026,1
2026-09-09,16:54:24,0.12374,0.091896,0.00016,29373.789113,0.026,1
2026-09-09,16:54:24,0.144417,0.091896,0.00016,29373.789273,0.026,1
2026-09-09,16:54:25,0.108074,0.091896,0.00016,29373.789273,0.026,1
2026-09-09,16:54:26,0.108074,0.091896,0.00016,29373.789433,0.026,1
2026-09-09,16:54:26,0.102858,0.091896,0.00016,29373.789593,0.026,1
2026-09-09,16:54:27,0.102858,0.091896,0.00016,29373.789593,0.026,1
2026-09-09,16:54:28,0.082287,0.091896,0.00016,29373.789753,0.026,1
2026-09-09,16:54:28,0.123108,0.091896,0.00016,29373.789913,0.026,1
2026-09-09,16:54:29,0.123108,0.091896,0.00016,29373.789913,0.026,1
2026-09-09,16:54:30,0.102858,0.091896,0.00016,29373.790073,0.026,1
2026-09-09,16:54:30,0.123108,0.091896,0.00016,29373.790233,0.026,1
2026-09-09,16:54:31,0.125354,0.091896,0.00016,29373.790233,0.026,1
2026-09-09,16:54:32,0.125354,0.091896,0.00016,29373.790393,0.026,1
2026-09-09,16:54:32,0.102858,0.091896,0.00016,29373.790553,0.026,1
2026-09-09,16:54:33,0.12343,0.091896,0.00016,29373.790553,0.026,1
2026-09-09,16:54:34,0.102858,0.091896,0.00016,29373.790713,0.026,1
2026-09-09,16:54:34,0.164252,0.091896,0.00016,29373.790873,0.026,1
2026-09-09,16:54:35,0.164252,0.092025,0.00016,29373.790873,0.026,1
2026-09-09,16:54:36,0.102858,0.092025,0.00016,29373.791033,0.026,1
2026-09-09,16:54:36,0.115182,0.093205,0.00016,29373.791193,0.026,1
2026-09-09,16:54:37,0.126012,0.097535,0.00017,29373.791193,0.026,1
2026-09-09,16:54:38,0.147014,0.103966,0.00018,29373.791363,0.026,1
2026-09-09,16:54:38,0.147014,0.103966,0.00018,29373.791543,0.026,1
2026-09-09,16:54:39,0.102858,0.103966,0.00018,29373.791543,0.026,1
2026-09-09,16:54:40,0.102858,0.103966,0.00018,29373.791723,0.026,1
2026-09-09,16:54:41,0.102858,0.103966,0.00018,29373.791903,0.026,1
2026-09-09,16:54:41,0.102858,0.103966,0.00018,29373.791903,0.026,1
2026-09-09,16:54:42,0.12343,0.103966,0.00018,29373.792083,0.026,1
2026-09-09,16:54:43,0.102858,0.103966,0.00018,29373.792263,0.026,1
2026-09-09,16:54:43,0.125354,0.103966,0.00018,29373.792263,0.026,1
2026-09-09,16:54:44,0.083569,0.101984,0.00018,29373.792443,0.026,1
2026-09-09,16:54:45,0.083569,0.101984,0.00018,29373.792623,0.026,1
2026-09-09,16:54:45,0.123722,0.101984,0.00018,29373.792623,0.026,1
2026-09-09,16:54:46,0.125354,0.101984,0.00018,29373.792803,0.026,1
2026-09-09,16:54:47,0.115887,0.101984,0.00018,29373.792983,0.026,1
2026-09-09,16:54:47,0.136506,0.101984,0.00018,29373.792983,0.025,1
2026-09-09,16:54:48,0.136506,0.101984,0.00018,29373.793163,0.025,1
2026-09-09,16:54:49,0.081458,0.098693,0.00016,29373.793323,0.025,1
2026-09-09,16:54:49,0.085129,0.098935,0.00016,29373.793323,0.025,1
2026-09-09,16:54:50,0.083788,0.099043,0.00016,29373.793483,0.026,1
2026-09-09,16:54:51,0.083788,0.09898,0.00017,29373.793653,0.026,1
2026-09-09,16:54:51,0.082077,0.09898,0.00017,29373.793653,0.026,1
2026-09-09,16:54:52,0.102597,0.100968,0.00017,29373.793823,0.026,1
2026-09-09,16:54:53,0.082077,0.09889,0.00017,29373.793993,0.027,1
2026-09-09,16:54:53,0.102597,0.097632,0.00018,29373.793993,0.027,1
2026-09-09,16:54:54,0.102597,0.097533,0.00018,29373.794173,0.027,1
2026-09-09,16:54:55,0.125027,0.097533,0.00018,29373.794353,0.027,1
2026-09-09,16:54:55,0.125354,0.095367,0.00018,29373.794353,0.027,1
2026-09-09,16:54:56,0.104461,0.097457,0.00018,29373.794533,0.027,1
2026-09-09,16:54:57,0.104461,0.099757,0.00018,29373.794713,0.028,1
2026-09-09,16:54:57,0.104461,0.099757,0.00021,29373.794713,0.028,1
2026-09-09,16:54:58,0.128241,0.104068,0.00021,29373.794923,0.028,1
2026-09-09,16:54:59,0.08187,0.104068,0.00021,29373.795133,0.028,1
2026-09-09,16:54:59,0.102337,0.104068,0.00021,29373.795133,0.028,1
2026-09-09,16:55:00,0.102337,0.104068,0.00021,29373.795343,0.027,1
2026-09-09,16:55:01,0.122804,0.104068,0.00019,29373.795533,0.027,1
2026-09-09,16:55:01,0.14679,0.104068,0.00019,29373.795533,0.027,1
2026-09-09,16:55:02,0.12438,0.104068,0.00019,29373.795723,0.027,1
2026-09-09,16:55:03,0.108094,0.104068,0.00019,29373.795913,0.027,1
2026-09-09,16:55:03,0.108094,0.104068,0.00019,29373.795913,0.026,1
2026-09-09,16:55:04,0.084229,0.104068,0.00018,29373.796093,0.026,1
2026-09-09,16:55:05,0.084229,0.104068,0.00018,29373.796273,0.026,1
2026-09-09,16:55:05,0.081663,0.104068,0.00018,29373.796273,0.026,1
2026-09-09,16:55:06,0.156627,0.104068,0.00018,29373.796453,0.026,1
2026-09-09,16:55:07,0.156627,0.104068,0.00018,29373.796633,0.026,1
2026-09-09,16:55:07,0.10392,0.106081,0.00018,29373.796633,0.026,1
2026-09-09,16:55:08,0.106225,0.108496,0.00019,29373.796823,0.026,1
2026-09-09,16:55:09,0.082922,0.106529,0.00019,29373.797013,0.026,1
2026-09-09,16:55:09,0.082922,0.106613,0.00019,29373.797013,0.026,1
2026-09-09,16:55:10,0.082922,0.106613,0.00019,29373.797203,0.026,1
2026-09-09,16:55:11,0.082922,0.104646,0.00018,29373.797383,0.026,1
2026-09-09,16:55:11,0.144789,0.104646,0.00018,29373.797383,0.026,1
2026-09-09,16:55:12,0.082922,0.100435,0.00018,29373.797563,0.026,1
2026-09-09,16:55:13,0.082922,0.100435,0.00017,29373.797743,0.026,1
2026-09-09,16:55:13,0.121564,0.100435,0.00017,29373.797743,0.026,1
2026-09-09,16:55:14,0.101568,0.100435,0.00017,29373.797913,0.026,1
2026-09-09,16:55:15,0.121564,0.100435,0.00017,29373.798083,0.026,1
2026-09-09,16:55:15,0.159017,0.100435,0.00017,29373.798083,0.026,1
2026-09-09,16:55:16,0.159017,0.100435,0.00017,29373.798253,0.026,1
2026-09-09,16:55:17,0.144789,0.100435,0.00017,29373.798423,0.026,1
2026-09-09,16:55:17,0.103652,0.100435,0.00017,29373.798423,0.026,1
2026-09-09,16:55:18,0.121869,0.100435,0.00017,29373.798593,0.026,1
2026-09-09,16:55:19,0.121869,0.100435,0.00017,29373.798763,0.026,1
2026-09-09,16:55:19,0.121869,0.100435,0.00017,29373.798763,0.026,1
2026-09-09,16:55:20,0.081458,0.096045,0.00017,29373.798933,0.026,1
2026-09-09,16:55:21,0.083352,0.093934,0.00016,29373.799103,0.026,1
2026-09-09,16:55:21,0.102597,0.093748,0.00016,29373.799103,0.026,1
2026-09-09,16:55:22,0.102597,0.093427,0.00016,29373.799263,0.026,1
2026-09-09,16:55:23,0.125027,0.093427,0.00016,29373.799423,0.026,1
2026-09-09,16:55:23,0.104461,0.093481,0.00016,29373.799423,0.026,1
2026-09-09,16:55:24,0.102337,0.093092,0.00016,29373.799583,0.026,1
2026-09-09,16:55:25,0.122804,0.09708,0.00016,29373.799743,0.026,1
2026-09-09,16:55:25,0.122804,0.09708,0.00017,29373.799743,0.026,1
2026-09-09,16:55:26,0.125683,0.101356,0.00018,29373.799913,0.026,1
2026-09-09,16:55:27,0.081663,0.101356,0.00018,29373.800093,0.026,1
2026-09-09,16:55:27,0.122495,0.105314,0.00018,29373.800093,0.026,1
2026-09-09,16:55:28,0.122495,0.109557,0.00019,29373.800273,0.026,1
2026-09-09,16:55:29,0.125354,0.109557,0.00019,29373.800463,0.026,1
2026-09-09,16:55:29,0.102858,0.111697,0.00019,29373.800463,0.026,1
2026-09-09,16:55:30,0.082287,0.11159,0.00019,29373.800653,0.026,1
2026-09-09,16:55:31,0.082287,0.109559,0.00019,29373.800843,0.026,1
2026-09-09,16:55:31,0.082287,0.109559,0.00019,29373.800843,0.026,1
2026-09-09,16:55:32,0.12343,0.109559,0.00019,29373.801033,0.026,1
2026-09-09,16:55:33,0.144001,0.109559,0.00019,29373.801223,0.026,1
2026-09-09,16:55:33,0.102858,0.109559,0.00019,29373.801223,0.026,1
2026-09-09,16:55:34,0.082287,0.109559,0.00019,29373.801413,0.026,1
2026-09-09,16:55:35,0.082287,0.1094,0.00019,29373.801603,0.026,1
2026-09-09,16:55:35,0.12343,0.1094,0.00019,29373.801603,0.026,1
2026-09-09,16:55:36,0.082287,0.1094,0.00019,29373.801793,0.026,1
2026-09-09,16:55:37,0.102858,0.1094,0.00019,29373.801983,0.026,1
2026-09-09,16:55:37,0.123108,0.1094,0.00019,29373.801983,0.026,1
2026-09-09,16:55:38,0.123108,0.1094,0.00019,29373.802173,0.026,1
2026-09-09,16:55:39,0.203788,0.1094,0.00019,29373.802363,0.026,1
2026-09-09,16:55:39,0.082287,0.107182,0.00019,29373.802363,0.026,1
2026-09-09,16:55:40,0.133073,0.107182,0.00019,29373.802553,0.026,1
2026-09-09,16:55:41,0.133073,0.107182,0.00019,29373.802743,0.026,1
2026-09-09,16:55:41,0.164573,0.107182,0.00019,29373.802743,0.026,1
2026-09-09,16:55:42,0.130823,0.107182,0.00019,29373.802933,0.026,1
2026-09-09,16:55:43,0.123108,0.107182,0.00019,29373.803123,0.026,1
2026-09-09,16:55:43,0.082287,0.105177,0.00018,29373.803123,0.026,1
2026-09-09,16:55:44,0.082287,0.101125,0.00018,29373.803303,0.026,1
2026-09-09,16:55:45,0.082287,0.101125,0.00018,29373.803483,0.026,1
2026-09-09,16:55:45,0.102858,0.098843,0.00017,29373.803483,0.026,1
2026-09-09,16:55:46,0.102858,0.096879,0.00017,29373.803653,0.026,1
2026-09-09,16:55:47,0.12343,0.096687,0.00017,29373.803823,0.026,1
2026-09-09,16:55:47,0.12343,0.096687,0.00017,29373.803823,0.026,1
2026-09-09,16:55:48,0.14368,0.100769,0.00017,29373.803993,0.026,1
2026-09-09,16:55:49,0.082287,0.100769,0.00017,29373.804163,0.026,1
2026-09-09,16:55:49,0.102858,0.100769,0.00017,29373.804163,0.026,1
2026-09-09,16:55:50,0.102858,0.100769,0.00017,29373.804333,0.026,1
2026-09-09,16:55:51,0.114751,0.100769,0.00017,29373.804503,0.026,1
2026-09-09,16:55:51,0.110588,0.100769,0.00017,29373.804503,0.026,1
2026-09-09,16:55:52,0.082287,0.100769,0.00017,29373.804673,0.026,1
2026-09-09,16:55:53,0.102858,0.100769,0.00017,29373.804843,0.026,1
2026-09-09,16:55:53,0.102858,0.100769,0.00017,29373.804843,0.025,1
2026-09-09,16:55:54,0.084858,0.100769,0.00017,29373.805013,0.024,1
2026-09-09,16:55:55,0.082287,0.100769,0.00015,29373.805163,0.024,1
2026-09-09,16:55:55,0.144001,0.100769,0.00014,29373.805163,0.023,1
2026-09-09,16:55:56,0.082287,0.100769,0.00014,29373.805303,0.023,1
2026-09-09,16:55:57,0.082287,0.100769,0.00014,29373.805443,0.023,1
2026-09-09,16:55:57,0.164252,0.100769,0.00014,29373.805443,0.023,1
2026-09-09,16:55:58,0.12343,0.100769,0.00014,29373.805583,0.023,1
2026-09-09,16:55:59,0.164573,0.100769,0.00014,29373.805723,0.024,1
2026-09-09,16:55:59,0.164573,0.102826,0.00016,29373.805723,0.024,1
2026-09-09,16:56:00,0.102858,0.102826,0.00016,29373.805883,0.025,1
2026-09-09,16:56:01,0.083569,0.09884,0.00016,29373.806043,0.025,1
2026-09-09,16:56:01,0.102079,0.100819,0.00016,29373.806043,0.025,1
2026-09-09,16:56:02,0.10419,0.10301,0.00016,29373.806203,0.025,1
2026-09-09,16:56:03,0.10419,0.102886,0.00017,29373.806373,0.025,1
2026-09-09,16:56:03,0.081051,0.102886,0.00017,29373.806373,0.025,1
2026-09-09,16:56:04,0.145866,0.102886,0.00017,29373.806543,0.025,1
2026-09-09,16:56:05,0.137544,0.102886,0.00018,29373.806723,0.026,1
2026-09-09,16:56:05,0.102597,0.102886,0.00018,29373.806723,0.026,1
2026-09-09,16:56:06,0.102597,0.102886,0.00018,29373.806903,0.026,1
2026-09-09,16:56:07,0.102597,0.102886,0.00018,29373.807083,0.026,1
2026-09-09,16:56:07,0.164155,0.102886,0.00018,29373.807083,0.026,1
2026-09-09,16:56:08,0.092978,0.101898,0.00018,29373.807263,0.025,1
2026-09-09,16:56:09,0.092978,0.102802,0.00017,29373.807433,0.025,1
2026-09-09,16:56:09,0.111895,0.102802,0.00017,29373.807433,0.024,1
2026-09-09,16:56:10,0.109971,0.101456,0.00015,29373.807583,0.024,1
2026-09-09,16:56:11,0.122796,0.099367,0.00015,29373.807733,0.024,1
2026-09-09,16:56:11,0.175697,0.099367,0.00015,29373.807733,0.025,1
2026-09-09,16:56:12,0.175697,0.102713,0.00016,29373.807893,0.025,1
2026-09-09,16:56:13,0.115742,0.102713,0.00017,29373.808063,0.025,1
2026-09-09,16:56:13,0.102597,0.102687,0.00017,29373.808063,0.025,1
2026-09-09,16:56:14,0.14554,0.102687,0.00017,29373.808233,0.025,1
2026-09-09,16:56:15,0.083352,0.102665,0.00018,29373.808403,0.026,1
2026-09-09,16:56:15,0.083352,0.102665,0.00018,29373.808403,0.026,1
2026-09-09,16:56:16,0.083352,0.100792,0.00017,29373.808583,0.026,1
2026-09-09,16:56:17,0.101585,0.100532,0.00017,29373.808753,0.026,1
2026-09-09,16:56:17,0.083352,0.100762,0.00017,29373.808753,0.026,1
2026-09-09,16:56:18,0.083352,0.099799,0.00017,29373.808923,0.026,1
2026-09-09,16:56:19,0.083352,0.099799,0.00017,29373.809093,0.026,1
2026-09-09,16:56:19,0.083352,0.096945,0.00017,29373.809093,0.026,1
2026-09-09,16:56:20,0.136876,0.096945,0.00017,29373.809263,0.026,1
2026-09-09,16:56:21,0.125683,0.096945,0.00017,29373.809433,0.026,1
2026-09-09,16:56:21,0.125683,0.096945,0.00017,29373.809433,0.026,1
2026-09-09,16:56:22,0.10501,0.096945,0.00017,29373.809603,0.026,1
2026-09-09,16:56:23,0.102597,0.096945,0.00017,29373.809773,0.026,1
2026-09-09,16:56:23,0.14554,0.096945,0.00017,29373.809773,0.026,1
2026-09-09,16:56:24,0.083352,0.094283,0.00016,29373.809943,0.026,1
2026-09-09,16:56:25,0.083352,0.094283,0.00016,29373.810103,0.026,1
2026-09-09,16:56:25,0.083352,0.090339,0.00016,29373.810103,0.026,1
2026-09-09,16:56:26,0.132079,0.090339,0.00016,29373.810263,0.026,1
2026-09-09,16:56:27,0.102337,0.090339,0.00016,29373.810423,0.026,1
2026-09-09,16:56:27,0.08187,0.090339,0.00016,29373.810423,0.026,1
2026-09-09,16:56:28,0.08187,0.090339,0.00016,29373.810583,0.026,1
2026-09-09,16:56:29,0.083569,0.090339,0.00016,29373.810743,0.026,1
2026-09-09,16:56:29,0.166812,0.090339,0.00016,29373.810743,0.026,1
2026-09-09,16:56:30,0.14592,0.090339,0.00017,29373.810903,0.027,1
2026-09-09,16:56:31,0.14592,0.090339,0.00017,29373.811073,0.027,1
2026-09-09,16:56:31,0.125027,0.090339,0.00017,29373.811073,0.027,1
2026-09-09,16:56:32,0.083569,0.087122,0.00016,29373.811243,0.027,1
2026-09-09,16:56:33,0.131773,0.087122,0.00016,29373.811403,0.026,1
2026-09-09,16:56:33,0.082077,0.08507,0.00015,29373.811403,0.026,1
2026-09-09,16:56:34,0.082077,0.08507,0.00015,29373.811553,0.026,1
2026-09-09,16:56:35,0.163834,0.08507,0.00015,29373.811703,0.026,1
2026-09-09,16:56:35,0.082077,0.084942,0.00015,29373.811703,0.026,1
2026-09-09,16:56:36,0.082077,0.084815,0.00015,29373.811853,0.026,1
2026-09-09,16:56:37,0.143315,0.084815,0.00015,29373.812003,0.026,1
2026-09-09,16:56:37,0.143315,0.084815,0.00015,29373.812003,0.026,1
2026-09-09,16:56:38,0.123116,0.084815,0.00015,29373.812153,0.026,1
2026-09-09,16:56:39,0.102597,0.084815,0.00015,29373.812303,0.026,1
2026-09-09,16:56:39,0.126982,0.084815,0.00015,29373.812303,0.026,1
2026-09-09,16:56:40,0.126982,0.084815,0.00015,29373.812453,0.026,1
2026-09-09,16:56:41,0.143636,0.084815,0.00015,29373.812603,0.026,1
2026-09-09,16:56:41,0.084452,0.083101,0.00014,29373.812603,0.026,1
2026-09-09,16:56:42,0.08085,0.082851,0.00014,29373.812743,0.026,1
2026-09-09,16:56:43,0.125354,0.082851,0.00014,29373.812883,0.026,1
2026-09-09,16:56:43,0.125354,0.082851,0.00014,29373.812883,0.026,1
2026-09-09,16:56:44,0.125354,0.082851,0.00014,29373.813023,0.026,1
2026-09-09,16:56:45,0.14592,0.082851,0.00014,29373.813163,0.026,1
2026-09-09,16:56:45,0.167138,0.082851,0.00014,29373.813163,0.026,1
2026-09-09,16:56:46,0.082077,0.082724,0.00014,29373.813303,0.026,1
2026-09-09,16:56:47,0.082077,0.082596,0.00014,29373.813443,0.026,1
2026-09-09,16:56:47,0.082077,0.082596,0.00014,29373.813443,0.026,1
2026-09-09,16:56:48,0.109009,0.082596,0.00014,29373.813583,0.026,1
2026-09-09,16:56:49,0.102597,0.082596,0.00014,29373.813723,0.026,1
2026-09-09,16:56:49,0.125027,0.082596,0.00014,29373.813723,0.026,1
2026-09-09,16:56:50,0.125027,0.082596,0.00014,29373.813863,0.026,1
2026-09-09,16:56:51,0.104461,0.082596,0.00014,29373.814003,0.026,1
2026-09-09,16:56:51,0.125354,0.082596,0.00014,29373.814003,0.026,1
2026-09-09,16:56:52,0.104461,0.082596,0.00014,29373.814143,0.026,1
2026-09-09,16:56:53,0.104461,0.082596,0.00014,29373.814283,0.026,1
2026-09-09,16:56:53,0.125027,0.082596,0.00014,29373.814283,0.026,1
2026-09-09,16:56:54,0.081254,0.082386,0.00014,29373.814423,0.026,1
2026-09-09,16:56:55,0.103652,0.084416,0.00015,29373.814573,0.026,1
2026-09-09,16:56:55,0.148352,0.084416,0.00015,29373.814573,0.026,1
2026-09-09,16:56:56,0.148352,0.086216,0.00015,29373.814723,0.026,1
2026-09-09,16:56:57,0.101568,0.086216,0.00015,29373.814873,0.026,1
2026-09-09,16:56:57,0.142195,0.086216,0.00015,29373.814873,0.026,1
2026-09-09,16:56:58,0.081254,0.086134,0.00015,29373.815023,0.026,1
2026-09-09,16:56:59,0.083352,0.086261,0.00015,29373.815173,0.026,1
2026-09-09,16:56:59,0.083352,0.086261,0.00015,29373.815173,0.026,1
2026-09-09,16:57:00,0.08187,0.086241,0.00015,29373.815323,0.026,1
2026-09-09,16:57:01,0.102337,0.088029,0.00015,29373.815473,0.026,1
2026-09-09,16:57:01,0.08187,0.088131,0.00015,29373.815473,0.026,1
2026-09-09,16:57:02,0.08187,0.088131,0.00015,29373.815623,0.026,1
2026-09-09,16:57:03,0.163419,0.088131,0.00015,29373.815773,0.027,1
2026-09-09,16:57:03,0.102337,0.090157,0.00017,29373.815773,0.027,1
2026-09-09,16:57:04,0.122804,0.09423,0.00017,29373.815943,0.027,1
2026-09-09,16:57:05,0.102337,0.096338,0.00018,29373.816123,0.027,1
2026-09-09,16:57:05,0.102337,0.098541,0.00018,29373.816123,0.027,1
2026-09-09,16:57:06,0.125682,0.098541,0.00018,29373.816303,0.027,1
2026-09-09,16:57:07,0.141719,0.102556,0.00019,29373.816493,0.027,1
2026-09-09,16:57:07,0.083788,0.102556,0.00019,29373.816493,0.027,1
2026-09-09,16:57:08,0.083788,0.102556,0.00019,29373.816683,0.028,1
2026-09-09,16:57:09,0.083788,0.102556,0.0002,29373.816883,0.028,1
2026-09-09,16:57:09,0.081663,0.102556,0.0002,29373.816883,0.028,1
2026-09-09,16:57:10,0.145164,0.102556,0.0002,29373.817083,0.029,1
2026-09-09,16:57:11,0.141916,0.102556,0.00021,29373.817293,0.029,1
2026-09-09,16:57:11,0.141916,0.102744,0.00021,29373.817293,0.029,1
2026-09-09,16:57:12,0.083136,0.102744,0.00021,29373.817503,0.028,1
2026-09-09,16:57:13,0.083136,0.102723,0.0002,29373.817703,0.028,1
2026-09-09,16:57:13,0.083136,0.102849,0.0002,29373.817703,0.028,1
2026-09-09,16:57:14,0.10392,0.103008,0.0002,29373.817903,0.027,1
2026-09-09,16:57:15,0.10392,0.103134,0.00019,29373.818103,0.027,1
2026-09-09,16:57:15,0.083136,0.103134,0.00019,29373.818103,0.027,1
2026-09-09,16:57:16,0.083136,0.101214,0.00019,29373.818293,0.027,1
2026-09-09,16:57:17,0.12438,0.101214,0.00018,29373.818483,0.026,1
2026-09-09,16:57:17,0.10392,0.101214,0.00018,29373.818483,0.026,1
2026-09-09,16:57:18,0.10392,0.101214,0.00018,29373.818663,0.026,1
2026-09-09,16:57:19,0.102079,0.101214,0.00018,29373.818843,0.026,1
2026-09-09,16:57:19,0.142592,0.101214,0.00018,29373.818843,0.026,1
2026-09-09,16:57:20,0.163007,0.101214,0.00018,29373.819023,0.026,1
2026-09-09,16:57:21,0.163007,0.099142,0.00017,29373.819203,0.026,1
2026-09-09,16:57:21,0.102079,0.099142,0.00017,29373.819203,0.026,1
2026-09-09,16:57:22,0.081663,0.097074,0.00017,29373.819373,0.026,1
2026-09-09,16:57:23,0.09219,0.093725,0.00016,29373.819543,0.026,1
2026-09-09,16:57:23,0.081663,0.08772,0.00016,29373.819543,0.026,1
2026-09-09,16:57:24,0.081663,0.08772,0.00015,29373.819703,0.026,1
2026-09-09,16:57:25,0.122495,0.08772,0.00015,29373.819853,0.026,1
2026-09-09,16:57:25,0.081663,0.087572,0.00015,29373.819853,0.026,1
2026-09-09,16:57:26,0.122495,0.087572,0.00015,29373.820003,0.026,1
2026-09-09,16:57:27,0.102079,0.087572,0.00015,29373.820153,0.026,1
2026-09-09,16:57:27,0.102079,0.087572,0.00015,29373.820153,0.027,1
2026-09-09,16:57:28,0.142592,0.087572,0.00016,29373.820303,0.027,1
2026-09-09,16:57:29,0.102079,0.087572,0.00016,29373.820463,0.027,1
2026-09-09,16:57:29,0.081663,0.087572,0.00016,29373.820463,0.027,1
2026-09-09,16:57:30,0.081663,0.087572,0.00016,29373.820623,0.027,1
2026-09-09,16:57:31,0.082922,0.087572,0.00016,29373.820783,0.028,1
2026-09-09,16:57:31,0.145113,0.087572,0.00017,29373.820783,0.028,1
2026-09-09,16:57:32,0.145113,0.087572,0.00017,29373.820953,0.028,1
2026-09-09,16:57:33,0.145113,0.087572,0.00017,29373.821123,0.027,1
2026-09-09,16:57:33,0.145113,0.087551,0.00016,29373.821123,0.027,1
2026-09-09,16:57:34,0.082922,0.087551,0.00016,29373.821283,0.027,1
2026-09-09,16:57:35,0.103652,0.089603,0.00016,29373.821443,0.027,1
2026-09-09,16:57:35,0.145113,0.089603,0.00017,29373.821443,0.027,1
2026-09-09,16:57:36,0.082922,0.087503,0.00015,29373.821613,0.026,1
2026-09-09,16:57:37,0.082922,0.087503,0.00015,29373.821763,0.026,1
2026-09-09,16:57:37,0.082922,0.087481,0.00015,29373.821763,0.026,1
2026-09-09,16:57:38,0.124059,0.087481,0.00015,29373.821913,0.026,1
2026-09-09,16:57:39,0.140254,0.087481,0.00015,29373.822063,0.026,1
2026-09-09,16:57:39,0.140254,0.087481,0.00015,29373.822063,0.026,1
2026-09-09,16:57:40,0.103652,0.087481,0.00015,29373.822213,0.026,1
2026-09-09,16:57:41,0.144789,0.087481,0.00015,29373.822363,0.026,1
2026-09-09,16:57:41,0.142592,0.087481,0.00015,29373.822363,0.026,1
2026-09-09,16:57:42,0.081663,0.087334,0.00015,29373.822513,0.026,1
2026-09-09,16:57:43,0.081663,0.087334,0.00015,29373.822663,0.026,1
2026-09-09,16:57:43,0.12273,0.087334,0.00015,29373.822663,0.025,1
2026-09-09,16:57:44,0.10501,0.087334,0.00014,29373.822813,0.025,1
2026-09-09,16:57:45,0.168015,0.087334,0.00014,29373.822953,0.025,1
2026-09-09,16:57:45,0.084008,0.085527,0.00014,29373.822953,0.024,1
2026-09-09,16:57:46,0.084008,0.085761,0.00014,29373.823093,0.024,1
2026-09-09,16:57:47,0.084008,0.085761,0.00013,29373.823223,0.025,1
2026-09-09,16:57:47,0.163834,0.085761,0.00014,29373.823223,0.025,1
2026-09-09,16:57:48,0.114139,0.085761,0.00014,29373.823363,0.025,1
2026-09-09,16:57:49,0.102917,0.085761,0.00014,29373.823503,0.025,1
2026-09-09,16:57:49,0.102917,0.085761,0.00014,29373.823503,0.025,1
2026-09-09,16:57:50,0.104461,0.085761,0.00014,29373.823643,0.025,1
2026-09-09,16:57:51,0.125354,0.085761,0.00014,29373.823783,0.025,1
2026-09-09,16:57:51,0.083569,0.084899,0.00014,29373.823783,0.025,1
2026-09-09,16:57:52,0.083569,0.084941,0.00014,29373.823923,0.025,1
2026-09-09,16:57:53,0.082077,0.084941,0.00014,29373.824063,0.025,1
2026-09-09,16:57:53,0.082077,0.084982,0.00014,29373.824063,0.025,1
2026-09-09,16:57:54,0.082077,0.084898,0.00014,29373.824203,0.025,1
2026-09-09,16:57:55,0.120144,0.084898,0.00014,29373.824343,0.026,1
2026-09-09,16:57:55,0.120144,0.084898,0.00015,29373.824343,0.026,1
2026-09-09,16:57:56,0.085129,0.084898,0.00015,29373.824493,0.026,1
2026-09-09,16:57:57,0.083352,0.084898,0.00015,29373.824643,0.026,1
2026-09-09,16:57:57,0.145866,0.084898,0.00015,29373.824643,0.026,1
2026-09-09,16:57:58,0.092277,0.08376,0.00015,29373.824793,0.026,1
2026-09-09,16:57:59,0.092277,0.08376,0.00014,29373.824933,0.026,1
2026-09-09,16:57:59,0.081458,0.083614,0.00014,29373.824933,0.026,1
2026-09-09,16:58:00,0.082922,0.083614,0.00014,29373.825073,0.025,1
2026-09-09,16:58:01,0.131833,0.083614,0.00013,29373.825203,0.025,1
2026-09-09,16:58:01,0.131833,0.08374,0.00014,29373.825203,0.025,1
2026-09-09,16:58:02,0.082922,0.08374,0.00014,29373.825343,0.026,1
2026-09-09,16:58:03,0.103652,0.085704,0.00015,29373.825493,0.026,1
2026-09-09,16:58:03,0.155989,0.085704,0.00015,29373.825493,0.026,1
2026-09-09,16:58:04,0.122495,0.085704,0.00015,29373.825643,0.027,1
2026-09-09,16:58:05,0.122495,0.085704,0.00016,29373.825803,0.027,1
2026-09-09,16:58:05,0.142592,0.085704,0.00016,29373.825803,0.027,1
2026-09-09,16:58:06,0.133341,0.085704,0.00016,29373.825963,0.027,1
2026-09-09,16:58:07,0.102079,0.085704,0.00016,29373.826123,0.027,1
2026-09-09,16:58:07,0.081663,0.085704,0.00016,29373.826123,0.027,1
2026-09-09,16:58:08,0.081663,0.085704,0.00016,29373.826283,0.027,1
2026-09-09,16:58:09,0.103993,0.085704,0.00016,29373.826443,0.027,1
2026-09-09,16:58:09,0.083352,0.085704,0.00016,29373.826443,0.027,1
2026-09-09,16:58:10,0.102597,0.085704,0.00016,29373.826603,0.027,1
2026-09-09,16:58:11,0.102597,0.085704,0.00016,29373.826763,0.027,1
2026-09-09,16:58:11,0.164155,0.085704,0.00016,29373.826763,0.027,1
2026-09-09,16:58:12,0.125028,0.085704,0.00016,29373.826923,0.027,1
2026-09-09,16:58:13,0.10419,0.085704,0.00016,29373.827083,0.027,1
2026-09-09,16:58:13,0.142952,0.085704,0.00016,29373.827083,0.027,1
2026-09-09,16:58:14,0.142952,0.08549,0.00016,29373.827243,0.027,1
2026-09-09,16:58:15,0.08187,0.08549,0.00016,29373.827403,0.027,1
2026-09-09,16:58:15,0.08187,0.08532,0.00016,29373.827403,0.027,1
2026-09-09,16:58:16,0.190191,0.08532,0.00016,29373.827563,0.027,1
2026-09-09,16:58:17,0.123423,0.08532,0.00016,29373.827723,0.027,1
2026-09-09,16:58:17,0.123423,0.08532,0.00016,29373.827723,0.027,1
2026-09-09,16:58:18,0.082497,0.085362,0.00016,29373.827883,0.027,1
2026-09-09,16:58:19,0.123423,0.085362,0.00016,29373.828043,0.027,1
2026-09-09,16:58:19,0.103121,0.085362,0.00016,29373.828043,0.027,1
2026-09-09,16:58:20,0.103121,0.085362,0.00016,29373.828203,0.027,1
2026-09-09,16:58:21,0.109244,0.085362,0.00016,29373.828363,0.027,1
2026-09-09,16:58:21,0.103121,0.085362,0.00016,29373.828363,0.027,1
2026-09-09,16:58:22,0.100998,0.085362,0.00017,29373.828523,0.028,1
2026-09-09,16:58:23,0.082922,0.085362,0.00016,29373.828693,0.027,1
2026-09-09,16:58:23,0.082922,0.085362,0.00016,29373.828693,0.027,1
2026-09-09,16:58:24,0.082922,0.085362,0.00016,29373.828853,0.027,1
2026-09-09,16:58:25,0.103652,0.085362,0.00016,29373.829013,0.027,1
2026-09-09,16:58:25,0.159689,0.085362,0.00016,29373.829013,0.027,1
2026-09-09,16:58:26,0.144141,0.085362,0.00016,29373.829173,0.027,1
2026-09-09,16:58:27,0.144141,0.085362,0.00016,29373.829333,0.027,1
2026-09-09,16:58:27,0.100737,0.087228,0.00016,29373.829333,0.026,1
2026-09-09,16:58:28,0.114665,0.090487,0.00016,29373.829493,0.026,1
2026-09-09,16:58:29,0.102079,0.091467,0.00016,29373.829653,0.026,1
2026-09-09,16:58:29,0.083136,0.091635,0.00016,29373.829653,0.026,1
2026-09-09,16:58:30,0.083136,0.091635,0.00016,29373.829813,0.026,1
2026-09-09,16:58:31,0.081663,0.091509,0.00016,29373.829973,0.026,1
2026-09-09,16:58:31,0.118667,0.091509,0.00016,29373.829973,0.026,1
2026-09-09,16:58:32,0.142911,0.091509,0.00016,29373.830133,0.026,1
2026-09-09,16:58:33,0.142911,0.091383,0.00016,29373.830293,0.026,1
2026-09-09,16:58:33,0.081663,0.091383,0.00016,29373.830293,0.026,1
2026-09-09,16:58:34,0.122176,0.091383,0.00016,29373.830453,0.026,1
2026-09-09,16:58:35,0.142592,0.091383,0.00016,29373.830613,0.026,1
2026-09-09,16:58:35,0.16552,0.091383,0.00016,29373.830613,0.026,1
2026-09-09,16:58:36,0.16552,0.091383,0.00015,29373.830773,0.026,1
2026-09-09,16:58:37,0.082922,0.08931,0.00015,29373.830923,0.026,1
2026-09-09,16:58:37,0.082922,0.089415,0.00015,29373.830923,0.026,1
2026-09-09,16:58:38,0.103652,0.091594,0.00017,29373.831073,0.027,1
2026-09-09,16:58:39,0.103652,0.093709,0.00017,29373.831243,0.027,1
2026-09-09,16:58:39,0.103652,0.093709,0.00017,29373.831243,0.027,1
2026-09-09,16:58:40,0.162103,0.093709,0.00017,29373.831413,0.027,1
2026-09-09,16:58:41,0.104735,0.094109,0.00017,29373.831583,0.027,1
2026-09-09,16:58:41,0.161786,0.094109,0.00017,29373.831583,0.027,1
2026-09-09,16:58:42,0.161786,0.094109,0.00019,29373.831753,0.028,1
2026-09-09,16:58:43,0.122098,0.094109,0.00019,29373.831943,0.028,1
2026-09-09,16:58:43,0.133819,0.094109,0.00019,29373.831943,0.028,1
2026-09-09,16:58:44,0.101822,0.094109,0.0002,29373.832133,0.029,1
2026-09-09,16:58:45,0.134915,0.094109,0.0002,29373.832333,0.029,1
2026-09-09,16:58:45,0.134915,0.090999,0.0002,29373.832333,0.03,1
2026-09-09,16:58:46,0.083569,0.090999,0.0002,29373.832533,0.03,1
2026-09-09,16:58:47,0.125354,0.090999,0.0002,29373.832733,0.03,1
2026-09-09,16:58:47,0.082287,0.08902,0.0002,29373.832733,0.03,1
2026-09-09,16:58:48,0.12343,0.08902,0.0002,29373.832933,0.03,1
2026-09-09,16:58:49,0.12343,0.08902,0.0002,29373.833133,0.029,1
2026-09-09,16:58:49,0.12126,0.08902,0.00019,29373.833133,0.029,1
2026-09-09,16:58:50,0.084452,0.089152,0.00019,29373.833323,0.029,1
2026-09-09,16:58:51,0.083136,0.089299,0.00019,29373.833513,0.028,1
2026-09-09,16:58:51,0.083136,0.089299,0.00018,29373.833513,0.027,1
2026-09-09,16:58:52,0.148411,0.089299,0.00018,29373.833693,0.026,1
2026-09-09,16:58:53,0.17569,0.089299,0.00015,29373.833843,0.026,1
2026-09-09,16:58:53,0.186732,0.089299,0.00015,29373.833843,0.026,1
2026-09-09,16:58:54,0.100673,0.0912,0.00015,29373.833993,0.026,1
2026-09-09,16:58:55,0.100673,0.0912,0.00016,29373.834153,0.026,1
2026-09-09,16:58:55,0.144189,0.0912,0.00016,29373.834153,0.026,1
2026-09-09,16:58:56,0.151267,0.0912,0.00016,29373.834313,0.026,1
2026-09-09,16:58:57,0.198598,0.0912,0.00016,29373.834473,0.026,1
2026-09-09,16:58:57,0.124702,0.0912,0.00016,29373.834473,0.026,1
2026-09-09,16:58:58,0.124702,0.0912,0.00016,29373.834633,0.026,1
2026-09-09,16:58:59,0.125028,0.0912,0.00016,29373.834793,0.026,1
2026-09-09,16:58:59,0.114283,0.0912,0.00016,29373.834793,0.026,1
2026-09-09,16:59:00,0.08187,0.0912,0.00016,29373.834953,0.026,1
2026-09-09,16:59:01,0.08187,0.094293,0.00016,29373.835113,0.026,1
2026-09-09,16:59:01,0.11385,0.094293,0.00017,29373.835113,0.026,1
2026-09-09,16:59:02,0.102337,0.096234,0.00017,29373.835283,0.026,1
2026-09-09,16:59:03,0.102337,0.096103,0.00017,29373.835453,0.026,1
2026-09-09,16:59:03,0.122804,0.098018,0.00017,29373.835453,0.026,1
2026-09-09,16:59:04,0.122804,0.100015,0.00017,29373.835623,0.026,1
2026-09-09,16:59:05,0.124704,0.100015,0.00017,29373.835793,0.026,1
2026-09-09,16:59:05,0.083136,0.100015,0.00017,29373.835793,0.026,1
2026-09-09,16:59:06,0.127918,0.10445,0.00017,29373.835963,0.026,1
2026-09-09,16:59:07,0.102079,0.106429,0.00019,29373.836153,0.026,1
2026-09-09,16:59:07,0.102079,0.106429,0.00019,29373.836153,0.026,1
2026-09-09,16:59:08,0.102079,0.108192,0.00019,29373.836343,0.026,1
2026-09-09,16:59:09,0.107446,0.110623,0.00019,29373.836533,0.026,1
2026-09-09,16:59:09,0.18624,0.110623,0.00019,29373.836533,0.026,1
2026-09-09,16:59:10,0.18624,0.110974,0.00019,29373.836723,0.026,1
2026-09-09,16:59:11,0.10419,0.110974,0.00019,29373.836913,0.026,1
2026-09-09,16:59:11,0.083352,0.107925,0.00019,29373.836913,0.026,1
2026-09-09,16:59:12,0.124702,0.107925,0.00019,29373.837103,0.026,1
2026-09-09,16:59:13,0.083352,0.106026,0.00018,29373.837283,0.026,1
2026-09-09,16:59:13,0.083352,0.106211,0.00018,29373.837283,0.026,1
2026-09-09,16:59:14,0.10419,0.106211,0.00018,29373.837463,0.026,1
2026-09-09,16:59:15,0.143912,0.106211,0.00018,29373.837643,0.026,1
2026-09-09,16:59:15,0.083352,0.102266,0.00018,29373.837643,0.026,1
2026-09-09,16:59:16,0.102597,0.100055,0.00018,29373.837823,0.026,1
2026-09-09,16:59:17,0.102597,0.100055,0.00017,29373.837993,0.027,1
2026-09-09,16:59:17,0.091166,0.09638,0.00017,29373.837993,0.027,1
2026-09-09,16:59:18,0.082077,0.09438,0.00017,29373.838163,0.027,1
2026-09-09,16:59:19,0.082077,0.09238,0.00017,29373.838333,0.027,1
2026-09-09,16:59:19,0.082077,0.091895,0.00017,29373.838333,0.027,1
2026-09-09,16:59:20,0.102597,0.091895,0.00017,29373.838503,0.027,1
2026-09-09,16:59:21,0.082077,0.089684,0.00017,29373.838673,0.027,1
2026-09-09,16:59:21,0.126684,0.089684,0.00017,29373.838673,0.027,1
2026-09-09,16:59:22,0.123423,0.089684,0.00017,29373.838843,0.027,1
2026-09-09,16:59:23,0.123423,0.089684,0.00017,29373.839013,0.027,1
2026-09-09,16:59:23,0.164672,0.089684,0.00017,29373.839013,0.026,1
2026-09-09,16:59:24,0.082497,0.089598,0.00015,29373.839183,0.026,1
2026-09-09,16:59:25,0.123745,0.089598,0.00015,29373.839333,0.026,1
2026-09-09,16:59:25,0.082497,0.089513,0.00015,29373.839333,0.026,1
2026-09-09,16:59:26,0.082497,0.089513,0.00015,29373.839483,0.026,1
2026-09-09,16:59:27,0.082497,0.087343,0.00015,29373.839633,0.026,1
2026-09-09,16:59:27,0.082497,0.087258,0.00015,29373.839633,0.026,1
2026-09-09,16:59:28,0.123745,0.087258,0.00015,29373.839783,0.026,1
2026-09-09,16:59:29,0.123745,0.085248,0.00015,29373.839933,0.026,1
2026-09-09,16:59:29,0.082497,0.085248,0.00015,29373.839933,0.026,1
2026-09-09,16:59:30,0.083788,0.08451,0.00015,29373.840083,0.026,1
2026-09-09,16:59:31,0.134846,0.08451,0.00015,29373.840233,0.026,1
2026-09-09,16:59:31,0.104735,0.08451,0.00015,29373.840233,0.026,1
2026-09-09,16:59:32,0.104735,0.08451,0.00015,29373.840383,0.026,1
2026-09-09,16:59:33,0.103121,0.08451,0.00015,29373.840533,0.026,1
2026-09-09,16:59:33,0.103121,0.08451,0.00015,29373.840533,0.026,1
2026-09-09,16:59:34,0.116011,0.08451,0.00016,29373.840683,0.027,1
2026-09-09,16:59:35,0.103121,0.08451,0.00016,29373.840843,0.027,1
2026-09-09,16:59:35,0.103121,0.08451,0.00016,29373.840843,0.027,1
2026-09-09,16:59:36,0.082497,0.08451,0.00016,29373.841003,0.027,1
2026-09-09,16:59:37,0.082497,0.08451,0.00016,29373.841163,0.027,1
2026-09-09,16:59:37,0.103121,0.08451,0.00016,29373.841163,0.027,1
2026-09-09,16:59:38,0.103121,0.103619,0.00019,29373.841323,0.027,1
2026-09-09,16:59:39,0.103121,0.103619,0.00019,29373.841513,0.026,1
2026-09-09,16:59:39,0.103121,0.100447,0.00017,29373.841513,0.026,1
2026-09-09,16:59:40,0.103121,0.100285,0.00017,29373.841683,0.026,1
2026-09-09,16:59:41,0.082497,0.098223,0.00017,29373.841853,0.025,1
2026-09-09,16:59:41,0.082497,0.098223,0.00016,29373.841853,0.025,1
2026-09-09,16:59:42,0.123745,0.098223,0.00016,29373.842013,0.024,1
2026-09-09,16:59:43,0.103121,0.098223,0.00016,29373.842173,0.024,1
2026-09-09,16:59:43,0.10501,0.098223,0.00015,29373.842173,0.024,1
2026-09-09,16:59:44,0.081254,0.098223,0.00015,29373.842323,0.024,1
2026-09-09,16:59:45,0.081254,0.098223,0.00015,29373.842473,0.024,1
2026-09-09,16:59:45,0.082709,0.098223,0.00015,29373.842473,0.025,1
2026-09-09,16:59:46,0.085293,0.098223,0.00016,29373.842623,0.025,1
2026-09-09,16:59:47,0.082709,0.098223,0.00016,29373.842783,0.025,1
2026-09-09,16:59:47,0.082709,0.098223,0.00016,29373.842783,0.025,1
2026-09-09,16:59:48,0.082709,0.098223,0.00016,29373.842943,0.026,1
2026-09-09,16:59:49,0.082709,0.098223,0.00017,29373.843113,0.026,1
2026-09-09,16:59:49,0.103386,0.093264,0.00016,29373.843113,0.026,1
2026-09-09,16:59:50,0.082709,0.089161,0.00016,29373.843273,0.026,1
2026-09-09,16:59:51,0.082709,0.088929,0.00015,29373.843423,0.026,1
2026-09-09,16:59:51,0.100801,0.088929,0.00015,29373.843423,0.026,1
2026-09-09,16:59:52,0.082709,0.086699,0.00015,29373.843573,0.026,1
2026-09-09,16:59:53,0.103386,0.088912,0.00015,29373.843723,0.026,1
2026-09-09,16:59:53,0.12374,0.093015,0.00016,29373.843723,0.026,1
2026-09-09,16:59:54,0.12374,0.093015,0.00016,29373.843883,0.026,1
2026-09-09,16:59:55,0.186095,0.093015,0.00016,29373.844043,0.026,1
2026-09-09,16:59:55,0.124063,0.093015,0.00016,29373.844043,0.026,1
2026-09-09,16:59:56,0.138884,0.093015,0.00016,29373.844203,0.027,1
2026-09-09,16:59:57,0.103386,0.093015,0.00017,29373.844373,0.027,1
2026-09-09,16:59:57,0.103386,0.093015,0.00017,29373.844373,0.027,1
2026-09-09,16:59:58,0.082709,0.093015,0.00017,29373.844543,0.027,1
2026-09-09,16:59:59,0.12374,0.093015,0.00017,29373.844713,0.027,1
2026-09-09,16:59:59,0.082709,0.092756,0.00017,29373.844713,0.027,1
2026-09-09,17:00:00,0.082709,0.092756,0.00017,29373.844883,0.027,1
2026-09-09,17:00:01,0.12374,0.092756,0.00017,29373.845053,0.026,1
2026-09-09,17:00:01,0.122187,0.092756,0.00016,29373.845053,0.026,1
2026-09-09,17:00:02,0.145113,0.092756,0.00016,29373.845213,0.026,1
2026-09-09,17:00:03,0.161633,0.092756,0.00016,29373.845373,0.026,1
2026-09-09,17:00:03,0.161633,0.092756,0.00016,29373.845373,0.026,1
2026-09-09,17:00:04,0.114017,0.092756,0.00016,29373.845533,0.026,1
2026-09-09,17:00:05,0.145113,0.092756,0.00016,29373.845693,0.026,1
2026-09-09,17:00:05,0.082922,0.092778,0.00016,29373.845693,0.026,1
2026-09-09,17:00:06,0.124059,0.092778,0.00016,29373.845853,0.026,1
2026-09-09,17:00:07,0.124059,0.092778,0.00016,29373.846013,0.026,1
2026-09-09,17:00:07,0.169706,0.092778,0.00016,29373.846013,0.026,1
2026-09-09,17:00:08,0.082922,0.092799,0.00016,29373.846173,0.026,1
2026-09-09,17:00:09,0.081458,0.092674,0.00016,29373.846333,0.026,1
2026-09-09,17:00:09,0.081458,0.092674,0.00016,29373.846333,0.026,1
2026-09-09,17:00:10,0.124063,0.092674,0.00016,29373.846493,0.026,1
2026-09-09,17:00:11,0.082709,0.090606,0.00016,29373.846653,0.026,1
2026-09-09,17:00:11,0.103386,0.092674,0.00016,29373.846653,0.026,1
2026-09-09,17:00:12,0.103386,0.092932,0.00016,29373.846813,0.026,1
2026-09-09,17:00:13,0.103386,0.094483,0.00016,29373.846973,0.026,1
2026-09-09,17:00:13,0.098217,0.094483,0.00016,29373.846973,0.026,1
2026-09-09,17:00:14,0.103386,0.094483,0.00016,29373.847133,0.026,1
2026-09-09,17:00:15,0.12374,0.094483,0.00017,29373.847303,0.027,1
2026-09-09,17:00:15,0.103386,0.096551,0.00017,29373.847303,0.027,1
2026-09-09,17:00:16,0.103386,0.096551,0.00018,29373.847483,0.027,1
2026-09-09,17:00:17,0.103386,0.098597,0.00018,29373.847663,0.026,1
2026-09-09,17:00:17,0.103386,0.100644,0.00018,29373.847663,0.026,1
2026-09-09,17:00:18,0.103386,0.102837,0.00018,29373.847843,0.026,1
2026-09-09,17:00:19,0.103386,0.102837,0.00018,29373.848023,0.026,1
2026-09-09,17:00:19,0.18328,0.102837,0.00018,29373.848023,0.026,1
2026-09-09,17:00:20,0.103386,0.104904,0.00018,29373.848203,0.026,1
2026-09-09,17:00:21,0.082709,0.102837,0.00018,29373.848383,0.026,1
2026-09-09,17:00:21,0.103386,0.102837,0.00018,29373.848383,0.026,1
2026-09-09,17:00:22,0.103386,0.105389,0.00018,29373.848563,0.026,1
2026-09-09,17:00:23,0.12374,0.105389,0.00018,29373.848743,0.026,1
2026-09-09,17:00:23,0.12374,0.107424,0.00019,29373.848743,0.026,1
2026-09-09,17:00:24,0.126344,0.107685,0.00019,29373.848933,0.026,1
2026-09-09,17:00:25,0.082497,0.107685,0.00019,29373.849123,0.026,1
2026-09-09,17:00:25,0.082497,0.107685,0.00019,29373.849123,0.026,1
2026-09-09,17:00:26,0.136958,0.111042,0.00019,29373.849313,0.026,1
2026-09-09,17:00:27,0.084008,0.111042,0.00019,29373.849503,0.026,1
2026-09-09,17:00:27,0.166823,0.111042,0.00019,29373.849503,0.026,1
2026-09-09,17:00:28,0.082287,0.108932,0.00019,29373.849693,0.026,1
2026-09-09,17:00:29,0.082287,0.108932,0.00019,29373.849883,0.026,1
2026-09-09,17:00:29,0.14368,0.108932,0.00019,29373.849883,0.026,1
2026-09-09,17:00:30,0.081051,0.106699,0.00019,29373.850073,0.026,1
2026-09-09,17:00:31,0.083032,0.104663,0.00019,29373.850263,0.026,1
2026-09-09,17:00:31,0.083032,0.104663,0.00018,29373.850263,0.025,1
2026-09-09,17:00:32,0.103386,0.104663,0.00018,29373.850443,0.025,1
2026-09-09,17:00:33,0.124063,0.108799,0.00018,29373.850623,0.025,1
2026-09-09,17:00:33,0.103386,0.108799,0.00018,29373.850623,0.025,1
2026-09-09,17:00:34,0.106294,0.107054,0.00018,29373.850803,0.025,1
2026-09-09,17:00:35,0.106294,0.106868,0.00017,29373.850973,0.025,1
2026-09-09,17:00:35,0.121881,0.106868,0.00017,29373.850973,0.025,1
2026-09-09,17:00:36,0.103121,0.104546,0.00017,29373.851143,0.025,1
2026-09-09,17:00:37,0.082497,0.0991,0.00017,29373.851313,0.025,1
2026-09-09,17:00:37,0.093776,0.100249,0.00016,29373.851313,0.025,1
2026-09-09,17:00:38,0.093776,0.100249,0.00016,29373.851473,0.025,1
2026-09-09,17:00:39,0.082497,0.100393,0.00016,29373.851633,0.025,1
2026-09-09,17:00:39,0.082497,0.10034,0.00017,29373.851633,0.026,1
2026-09-09,17:00:40,0.140503,0.10034,0.00017,29373.851803,0.026,1
2026-09-09,17:00:41,0.140503,0.10034,0.00017,29373.851973,0.026,1
2026-09-09,17:00:41,0.112467,0.10034,0.00017,29373.851973,0.026,1
2026-09-09,17:00:42,0.083788,0.10034,0.00017,29373.852143,0.026,1
2026-09-09,17:00:43,0.164672,0.10034,0.00017,29373.852313,0.026,1
2026-09-09,17:00:43,0.112144,0.101216,0.00018,29373.852313,0.026,1
2026-09-09,17:00:44,0.112144,0.097059,0.00018,29373.852493,0.026,1
2026-09-09,17:00:45,0.082497,0.097059,0.00017,29373.852663,0.026,1
2026-09-09,17:00:45,0.084452,0.095166,0.00016,29373.852663,0.026,1
2026-09-09,17:00:46,0.143592,0.095166,0.00016,29373.852823,0.027,1
2026-09-09,17:00:47,0.08187,0.092723,0.00018,29373.853003,0.027,1
2026-09-09,17:00:47,0.08187,0.092723,0.00016,29373.853003,0.027,1
2026-09-09,17:00:48,0.08187,0.088722,0.00016,29373.853163,0.027,1
2026-09-09,17:00:49,0.10501,0.088911,0.00016,29373.853323,0.027,1
2026-09-09,17:00:49,0.084008,0.089062,0.00016,29373.853323,0.027,1
2026-09-09,17:00:50,0.084008,0.087913,0.00016,29373.853483,0.027,1
2026-09-09,17:00:51,0.082287,0.087913,0.00016,29373.853643,0.027,1
2026-09-09,17:00:51,0.123108,0.087913,0.00016,29373.853643,0.027,1
2026-09-09,17:00:52,0.126015,0.087913,0.00016,29373.853803,0.026,1
2026-09-09,17:00:53,0.103652,0.087913,0.00015,29373.853953,0.026,1
2026-09-09,17:00:53,0.103652,0.087913,0.00015,29373.853953,0.026,1
2026-09-09,17:00:54,0.103652,0.087913,0.00015,29373.854103,0.025,1
2026-09-09,17:00:55,0.145113,0.087913,0.00014,29373.854243,0.025,1
2026-09-09,17:00:55,0.082922,0.087956,0.00014,29373.854243,0.025,1
2026-09-09,17:00:56,0.103652,0.090071,0.00014,29373.854383,0.025,1
2026-09-09,17:00:57,0.103652,0.090071,0.00015,29373.854533,0.025,1
2026-09-09,17:00:57,0.144789,0.090071,0.00015,29373.854533,0.025,1
2026-09-09,17:00:58,0.082922,0.087149,0.00014,29373.854673,0.025,1
2026-09-09,17:00:59,0.124059,0.087149,0.00014,29373.854813,0.025,1
2026-09-09,17:00:59,0.124059,0.087191,0.00014,29373.854813,0.026,1
2026-09-09,17:01:00,0.082922,0.087191,0.00015,29373.854963,0.026,1
2026-09-09,17:01:01,0.082922,0.087038,0.00015,29373.855113,0.026,1
2026-09-09,17:01:01,0.092963,0.088148,0.00015,29373.855113,0.026,1
2026-09-09,17:01:02,0.124059,0.088148,0.00015,29373.855263,0.026,1
2026-09-09,17:01:03,0.124059,0.088148,0.00015,29373.855413,0.026,1
2026-09-09,17:01:03,0.103652,0.088148,0.00015,29373.855413,0.026,1
2026-09-09,17:01:04,0.082922,0.088148,0.00015,29373.855563,0.026,1
2026-09-09,17:01:05,0.144789,0.088148,0.00015,29373.855713,0.026,1
2026-09-09,17:01:05,0.082922,0.088253,0.00015,29373.855713,0.026,1
2026-09-09,17:01:06,0.082922,0.088253,0.00015,29373.855863,0.026,1
2026-09-09,17:01:07,0.124383,0.088253,0.00015,29373.856013,0.026,1
2026-09-09,17:01:07,0.124059,0.088253,0.00015,29373.856013,0.026,1
2026-09-09,17:01:08,0.145113,0.088253,0.00015,29373.856163,0.026,1
2026-09-09,17:01:09,0.145113,0.088253,0.00015,29373.856313,0.026,1
2026-09-09,17:01:09,0.15483,0.088253,0.00015,29373.856313,0.027,1
2026-09-09,17:01:10,0.103652,0.088117,0.00016,29373.856473,0.027,1
2026-09-09,17:01:11,0.124383,0.092155,0.00017,29373.856643,0.027,1
2026-09-09,17:01:11,0.103652,0.094291,0.00017,29373.856643,0.027,1
2026-09-09,17:01:12,0.103652,0.098633,0.00017,29373.856813,0.026,1
2026-09-09,17:01:13,0.126344,0.098633,0.00017,29373.856983,0.026,1
2026-09-09,17:01:13,0.082077,0.098633,0.00017,29373.856983,0.026,1
2026-09-09,17:01:14,0.123116,0.10058,0.00017,29373.857153,0.026,1
2026-09-09,17:01:15,0.123116,0.104599,0.00017,29373.857323,0.027,1
2026-09-09,17:01:15,0.123116,0.104599,0.00019,29373.857323,0.027,1
2026-09-09,17:01:16,0.102597,0.106567,0.0002,29373.857513,0.027,1
2026-09-09,17:01:17,0.082077,0.106482,0.0002,29373.857713,0.027,1
2026-09-09,17:01:17,0.082077,0.105394,0.0002,29373.857713,0.027,1
2026-09-09,17:01:18,0.082077,0.105394,0.0002,29373.857913,0.027,1
2026-09-09,17:01:19,0.163834,0.105394,0.0002,29373.858113,0.027,1
2026-09-09,17:01:19,0.083352,0.105437,0.0002,29373.858113,0.027,1
2026-09-09,17:01:20,0.124702,0.105437,0.0002,29373.858313,0.027,1
2026-09-09,17:01:21,0.082077,0.103279,0.0002,29373.858513,0.026,1
2026-09-09,17:01:21,0.082077,0.099049,0.00018,29373.858513,0.026,1
2026-09-09,17:01:22,0.082077,0.099049,0.00017,29373.858693,0.026,1
2026-09-09,17:01:23,0.143315,0.099049,0.00017,29373.858863,0.026,1
2026-09-09,17:01:23,0.124702,0.099049,0.00017,29373.858863,0.027,1
2026-09-09,17:01:24,0.083352,0.097019,0.00018,29373.859033,0.027,1
2026-09-09,17:01:25,0.083352,0.097019,0.00018,29373.859213,0.027,1
2026-09-09,17:01:25,0.136749,0.097019,0.00018,29373.859213,0.027,1
2026-09-09,17:01:26,0.125028,0.097019,0.00018,29373.859393,0.027,1
2026-09-09,17:01:27,0.10419,0.097019,0.00018,29373.859573,0.027,1
2026-09-09,17:01:27,0.10419,0.097019,0.00018,29373.859573,0.027,1
2026-09-09,17:01:28,0.124702,0.097019,0.00018,29373.859753,0.026,1
2026-09-09,17:01:29,0.187216,0.097019,0.00018,29373.859933,0.026,1
2026-09-09,17:01:29,0.08187,0.092571,0.00016,29373.859933,0.026,1
2026-09-09,17:01:30,0.125682,0.092571,0.00016,29373.860093,0.026,1
2026-09-09,17:01:31,0.125682,0.092571,0.00016,29373.860253,0.026,1
2026-09-09,17:01:31,0.121869,0.092571,0.00016,29373.860253,0.026,1
2026-09-09,17:01:32,0.112323,0.092571,0.00016,29373.860413,0.026,1
2026-09-09,17:01:33,0.083352,0.092571,0.00016,29373.860573,0.026,1
2026-09-09,17:01:33,0.083352,0.092571,0.00016,29373.860573,0.026,1
2026-09-09,17:01:34,0.083352,0.092571,0.00016,29373.860733,0.026,1
2026-09-09,17:01:35,0.124702,0.092571,0.00016,29373.860893,0.026,1
2026-09-09,17:01:35,0.10419,0.092571,0.00016,29373.860893,0.026,1
2026-09-09,17:01:36,0.102337,0.092571,0.00016,29373.861053,0.026,1
2026-09-09,17:01:37,0.102337,0.092571,0.00016,29373.861213,0.026,1
2026-09-09,17:01:37,0.154145,0.092571,0.00016,29373.861213,0.026,1
2026-09-09,17:01:38,0.08187,0.088447,0.00016,29373.861373,0.026,1
2026-09-09,17:01:39,0.08187,0.084322,0.00015,29373.861523,0.026,1
2026-09-09,17:01:39,0.132191,0.084322,0.00015,29373.861523,0.026,1
2026-09-09,17:01:40,0.132191,0.084322,0.00015,29373.861673,0.026,1
2026-09-09,17:01:41,0.10419,0.084322,0.00015,29373.861823,0.026,1
2026-09-09,17:01:41,0.083352,0.084322,0.00015,29373.861823,0.026,1
2026-09-09,17:01:42,0.083352,0.084322,0.00015,29373.861973,0.026,1
2026-09-09,17:01:43,0.108097,0.084322,0.00015,29373.862123,0.026,1
2026-09-09,17:01:43,0.108097,0.084322,0.00015,29373.862123,0.026,1
2026-09-09,17:01:44,0.165402,0.084322,0.00015,29373.862273,0.026,1
2026-09-09,17:01:45,0.10419,0.084481,0.00015,29373.862423,0.026,1
2026-09-09,17:01:45,0.115586,0.087832,0.00014,29373.862423,0.025,1
2026-09-09,17:01:46,0.115586,0.088839,0.00014,29373.862563,0.025,1
2026-09-09,17:01:47,0.092143,0.088839,0.00014,29373.862703,0.025,1
2026-09-09,17:01:47,0.145866,0.088839,0.00014,29373.862703,0.025,1
2026-09-09,17:01:48,0.208054,0.088839,0.00014,29373.862843,0.025,1
2026-09-09,17:01:49,0.124702,0.088839,0.00014,29373.862983,0.026,1
2026-09-09,17:01:49,0.124702,0.088839,0.00014,29373.862983,0.025,1
2026-09-09,17:01:50,0.124702,0.088839,0.00014,29373.863123,0.025,1
2026-09-09,17:01:51,0.124702,0.088839,0.00014,29373.863263,0.025,1
2026-09-09,17:01:51,0.140109,0.088839,0.00014,29373.863263,0.025,1
2026-09-09,17:01:52,0.084008,0.088904,0.00014,29373.863403,0.025,1
2026-09-09,17:01:53,0.084008,0.088904,0.00014,29373.863543,0.024,1
2026-09-09,17:01:53,0.102079,0.090904,0.00014,29373.863543,0.024,1
2026-09-09,17:01:54,0.124702,0.095167,0.00014,29373.863683,0.024,1
2026-09-09,17:01:55,0.081663,0.095167,0.00014,29373.863823,0.024,1
2026-09-09,17:01:55,0.122176,0.099049,0.00014,29373.863823,0.025,1
2026-09-09,17:01:56,0.122176,0.099049,0.00016,29373.863983,0.025,1
2026-09-09,17:01:57,0.122495,0.103112,0.00017,29373.864153,0.025,1
2026-09-09,17:01:57,0.099117,0.104837,0.00017,29373.864153,0.025,1
2026-09-09,17:01:58,0.101822,0.106832,0.00017,29373.864323,0.025,1
2026-09-09,17:01:59,0.101822,0.104559,0.00017,29373.864493,0.026,1
2026-09-09,17:01:59,0.081458,0.104559,0.00017,29373.864493,0.026,1
2026-09-09,17:02:00,0.082709,0.101271,0.00018,29373.864673,0.026,1
2026-09-09,17:02:01,0.124063,0.101271,0.00018,29373.864853,0.026,1
2026-09-09,17:02:01,0.103386,0.101271,0.00018,29373.864853,0.026,1
2026-09-09,17:02:02,0.103386,0.101271,0.00018,29373.865033,0.026,1
2026-09-09,17:02:03,0.124063,0.101271,0.00018,29373.865213,0.026,1
2026-09-09,17:02:03,0.102417,0.101271,0.00018,29373.865213,0.026,1
2026-09-09,17:02:04,0.103386,0.101271,0.00018,29373.865393,0.025,1
2026-09-09,17:02:05,0.12374,0.101271,0.00016,29373.865553,0.025,1
2026-09-09,17:02:05,0.12374,0.101271,0.00016,29373.865553,0.025,1
2026-09-09,17:02:06,0.082709,0.100327,0.00016,29373.865713,0.025,1
2026-09-09,17:02:07,0.14474,0.100327,0.00017,29373.865883,0.026,1
2026-09-09,17:02:07,0.117278,0.100327,0.00017,29373.865883,0.026,1
2026-09-09,17:02:08,0.117278,0.100327,0.00017,29373.866053,0.026,1
2026-09-09,17:02:09,0.144417,0.100327,0.00017,29373.866053,0.026,1
2026-09-09,17:02:09,0.082709,0.100198,0.00017,29373.866223,0.026,1
2026-09-09,17:02:10,0.130525,0.100198,0.00019,29373.866413,0.027,1
2026-09-09,17:02:11,0.101822,0.100198,0.00019,29373.866413,0.027,1
2026-09-09,17:02:11,0.101822,0.100198,0.00019,29373.866603,0.027,1
2026-09-09,17:02:12,0.124383,0.100198,0.00019,29373.866793,0.027,1
2026-09-09,17:02:13,0.112722,0.100198,0.00019,29373.866793,0.027,1
2026-09-09,17:02:13,0.082922,0.100198,0.00019,29373.866983,0.027,1
2026-09-09,17:02:14,0.082922,0.100198,0.00019,29373.867173,0.027,1
2026-09-09,17:02:15,0.082922,0.100198,0.00019,29373.867173,0.027,1
2026-09-09,17:02:15,0.082922,0.100198,0.00019,29373.867363,0.027,1
2026-09-09,17:02:16,0.144789,0.100198,0.00019,29373.867553,0.027,1
2026-09-09,17:02:17,0.082922,0.098282,0.00019,29373.867553,0.027,1
2026-09-09,17:02:17,0.082922,0.098282,0.00018,29373.867743,0.026,1
2026-09-09,17:02:18,0.133452,0.098282,0.00017,29373.867923,0.026,1
2026-09-09,17:02:19,0.103652,0.098282,0.00017,29373.867923,0.026,1
2026-09-09,17:02:19,0.101568,0.098282,0.00017,29373.868093,0.026,1
2026-09-09,17:02:20,0.101568,0.098282,0.00017,29373.868263,0.026,1
2026-09-09,17:02:21,0.101568,0.098282,0.00017,29373.868263,0.026,1
2026-09-09,17:02:21,0.124704,0.098282,0.00017,29373.868433,0.026,1
2026-09-09,17:02:22,0.083136,0.094125,0.00016,29373.868603,0.026,1
2026-09-09,17:02:23,0.12438,0.094125,0.00016,29373.868603,0.026,1
2026-09-09,17:02:23,0.12438,0.094125,0.00016,29373.868763,0.026,1
2026-09-09,17:02:24,0.138126,0.094125,0.00016,29373.868923,0.025,1
2026-09-09,17:02:25,0.098251,0.094125,0.00016,29373.868923,0.025,1
2026-09-09,17:02:25,0.081663,0.094125,0.00015,29373.869083,0.025,1
2026-09-09,17:02:26,0.147401,0.094125,0.00015,29373.869233,0.025,1
2026-09-09,17:02:27,0.147401,0.094125,0.00015,29373.869233,0.025,1
2026-09-09,17:02:27,0.123745,0.094125,0.00015,29373.869383,0.025,1
2026-09-09,17:02:28,0.082497,0.090157,0.00015,29373.869533,0.025,1
2026-09-09,17:02:29,0.107955,0.090157,0.00015,29373.869533,0.025,1
2026-09-09,17:02:29,0.105377,0.090157,0.00015,29373.869683,0.025,1
2026-09-09,17:02:30,0.105377,0.090157,0.00015,29373.869833,0.025,1
2026-09-09,17:02:31,0.14437,0.090157,0.00015,29373.869833,0.025,1
2026-09-09,17:02:31,0.123745,0.090157,0.00015,29373.869983,0.025,1
2026-09-09,17:02:32,0.123745,0.090157,0.00015,29373.870133,0.025,1
2026-09-09,17:02:33,0.123745,0.086158,0.00015,29373.870133,0.025,1
2026-09-09,17:02:33,0.082497,0.086158,0.00014,29373.870283,0.025,1
2026-09-09,17:02:34,0.084676,0.084713,0.00014,29373.870423,0.025,1
2026-09-09,17:02:35,0.100165,0.084548,0.00014,29373.870423,0.025,1
2026-09-09,17:02:35,0.119524,0.088354,0.00014,29373.870563,0.025,1
2026-09-09,17:02:36,0.119524,0.088354,0.00014,29373.870703,0.025,1
2026-09-09,17:02:37,0.082922,0.088354,0.00014,29373.870703,0.025,1
2026-09-09,17:02:37,0.082922,0.088354,0.00014,29373.870843,0.025,1
2026-09-09,17:02:38,0.103652,0.088354,0.00014,29373.870983,0.025,1
2026-09-09,17:02:39,0.082922,0.088354,0.00014,29373.870983,0.025,1
2026-09-09,17:02:39,0.082922,0.088354,0.00014,29373.871123,0.026,1
2026-09-09,17:02:40,0.124383,0.088354,0.00014,29373.871263,0.026,1
2026-09-09,17:02:41,0.136367,0.088354,0.00015,29373.871263,0.026,1
2026-09-09,17:02:41,0.103652,0.088354,0.00015,29373.871413,0.026,1
2026-09-09,17:02:42,0.103652,0.088354,0.00015,29373.871563,0.026,1
2026-09-09,17:02:43,0.082922,0.088354,0.00015,29373.871563,0.026,1
2026-09-09,17:02:43,0.203839,0.088354,0.00015,29373.871713,0.026,1
2026-09-09,17:02:44,0.122176,0.088354,0.00015,29373.871863,0.026,1
2026-09-09,17:02:45,0.124383,0.088354,0.00015,29373.871863,0.025,1
2026-09-09,17:02:45,0.124383,0.088354,0.00015,29373.872013,0.025,1
2026-09-09,17:02:46,0.204158,0.088354,0.00014,29373.872153,0.025,1
2026-09-09,17:02:47,0.102079,0.090291,0.00015,29373.872153,0.025,1
2026-09-09,17:02:47,0.142911,0.090291,0.00015,29373.872303,0.025,1
2026-09-09,17:02:48,0.124704,0.090291,0.00015,29373.872453,0.026,1
2026-09-09,17:02:49,0.124704,0.090291,0.00016,29373.872453,0.026,1
2026-09-09,17:02:49,0.124704,0.090291,0.00016,29373.872613,0.026,1
2026-09-09,17:02:50,0.08187,0.090207,0.00016,29373.872773,0.026,1
2026-09-09,17:02:51,0.08187,0.090124,0.00016,29373.872773,0.026,1
2026-09-09,17:02:51,0.08187,0.090124,0.00016,29373.872933,0.026,1
2026-09-09,17:02:52,0.122485,0.090124,0.00016,29373.873093,0.026,1
2026-09-09,17:02:53,0.12438,0.090124,0.00016,29373.873093,0.026,1
2026-09-09,17:02:53,0.099049,0.090124,0.00016,29373.873253,0.026,1
2026-09-09,17:02:54,0.083136,0.090124,0.00016,29373.873413,0.026,1
2026-09-09,17:02:55,0.083136,0.090124,0.00016,29373.873413,0.026,1
2026-09-09,17:02:55,0.10392,0.090124,0.00016,29373.873573,0.026,1
2026-09-09,17:02:56,0.187056,0.090124,0.00016,29373.873733,0.026,1
2026-09-09,17:02:57,0.124704,0.090124,0.00016,29373.873733,0.026,1
2026-09-09,17:02:57,0.124704,0.090124,0.00016,29373.873893,0.026,1
2026-09-09,17:02:58,0.10392,0.090124,0.00016,29373.874053,0.026,1
2026-09-09,17:02:59,0.08187,0.090124,0.00016,29373.874053,0.026,1
2026-09-09,17:02:59,0.105215,0.090124,0.00016,29373.874213,0.026,1
2026-09-09,17:03:00,0.122804,0.090124,0.00016,29373.874373,0.026,1
2026-09-09,17:03:01,0.122804,0.090124,0.00016,29373.874373,0.026,1
2026-09-09,17:03:01,0.10392,0.090124,0.00016,29373.874533,0.026,1
2026-09-09,17:03:02,0.102079,0.090124,0.00016,29373.874693,0.026,1
2026-09-09,17:03:03,0.122176,0.090124,0.00016,29373.874693,0.026,1
2026-09-09,17:03:03,0.122176,0.090124,0.00016,29373.874853,0.026,1
2026-09-09,17:03:04,0.122176,0.090124,0.00016,29373.875013,0.026,1
2026-09-09,17:03:05,0.142911,0.113178,0.00016,29373.875013,0.026,1
2026-09-09,17:03:05,0.124059,0.113113,0.0002,29373.875213,0.027,1
2026-09-09,17:03:06,0.124059,0.115127,0.00021,29373.875423,0.027,1
2026-09-09,17:03:07,0.124059,0.117661,0.00021,29373.875423,0.027,1
2026-09-09,17:03:07,0.107215,0.117661,0.00022,29373.875643,0.027,1
2026-09-09,17:03:08,0.124059,0.119546,0.00022,29373.875863,0.027,1
2026-09-09,17:03:09,0.082922,0.119546,0.00022,29373.875863,0.027,1
2026-09-09,17:03:09,0.144789,0.121744,0.00022,29373.876083,0.027,1
2026-09-09,17:03:10,0.144789,0.121744,0.00023,29373.876313,0.027,1
2026-09-09,17:03:11,0.081254,0.121744,0.00023,29373.876313,0.027,1
2026-09-09,17:03:11,0.100865,0.121744,0.00023,29373.876543,0.027,1
2026-09-09,17:03:12,0.128901,0.121744,0.00021,29373.876753,0.026,1
2026-09-09,17:03:13,0.103121,0.121744,0.00021,29373.876753,0.026,1
2026-09-09,17:03:13,0.103121,0.121744,0.00021,29373.876963,0.026,1
2026-09-09,17:03:14,0.103121,0.121744,0.00021,29373.877173,0.026,1
2026-09-09,17:03:15,0.123745,0.121744,0.00021,29373.877173,0.026,1
2026-09-09,17:03:15,0.10731,0.121744,0.00021,29373.877383,0.026,1
2026-09-09,17:03:16,0.082497,0.121744,0.00021,29373.877593,0.026,1
2026-09-09,17:03:17,0.082497,0.121744,0.00021,29373.877593,0.026,1
2026-09-09,17:03:17,0.084229,0.121744,0.00021,29373.877803,0.026,1
2026-09-09,17:03:18,0.151073,0.126459,0.00022,29373.878013,0.026,1
2026-09-09,17:03:19,0.123108,0.128562,0.00022,29373.878013,0.026,1
2026-09-09,17:03:19,0.123108,0.130745,0.00022,29373.878233,0.027,1
2026-09-09,17:03:20,0.144001,0.130745,0.00022,29373.878453,0.027,1
2026-09-09,17:03:21,0.116358,0.130163,0.00024,29373.878453,0.027,1
2026-09-09,17:03:21,0.194145,0.130163,0.00024,29373.878693,0.027,1
2026-09-09,17:03:22,0.106394,0.126512,0.00024,29373.878933,0.027,1
2026-09-09,17:03:23,0.106394,0.126512,0.00024,29373.878933,0.027,1
2026-09-09,17:03:23,0.128894,0.126995,0.00024,29373.879173,0.027,1
2026-09-09,17:03:24,0.082287,0.126995,0.00024,29373.879413,0.027,1
2026-09-09,17:03:25,0.123108,0.1269,0.00024,29373.879413,0.027,1
2026-09-09,17:03:25,0.123108,0.1269,0.00024,29373.879653,0.027,1
2026-09-09,17:03:26,0.164252,0.1269,0.00024,29373.879893,0.027,1
2026-09-09,17:03:27,0.082287,0.1269,0.00024,29373.879893,0.027,1
2026-09-09,17:03:27,0.102858,0.1269,0.00024,29373.880133,0.027,1
2026-09-09,17:03:28,0.082287,0.1269,0.00024,29373.880373,0.027,1
2026-09-09,17:03:29,0.082287,0.130579,0.00024,29373.880373,0.027,1
2026-09-09,17:03:29,0.144001,0.130579,0.00024,29373.880613,0.026,1
2026-09-09,17:03:30,0.126344,0.130807,0.00024,29373.880853,0.026,1
2026-09-09,17:03:31,0.147401,0.131068,0.00023,29373.880853,0.026,1
2026-09-09,17:03:31,0.126344,0.128595,0.00022,29373.881083,0.026,1
2026-09-09,17:03:32,0.126344,0.128595,0.00022,29373.881303,0.026,1
2026-09-09,17:03:33,0.124063,0.128691,0.00022,29373.881303,0.026,1
2026-09-09,17:03:33,0.124709,0.126762,0.00022,29373.881523,0.026,1
2026-09-09,17:03:34,0.124063,0.127532,0.00022,29373.881743,0.026,1
2026-09-09,17:03:35,0.124063,0.131334,0.00022,29373.881743,0.026,1
2026-09-09,17:03:35,0.144417,0.131334,0.00023,29373.881963,0.026,1
2026-09-09,17:03:36,0.082709,0.131334,0.00023,29373.882193,0.026,1
2026-09-09,17:03:37,0.103386,0.131334,0.00023,29373.882193,0.026,1
2026-09-09,17:03:37,0.082709,0.131334,0.00023,29373.882423,0.026,1
2026-09-09,17:03:38,0.082709,0.129996,0.00023,29373.882653,0.026,1
2026-09-09,17:03:39,0.115505,0.129996,0.00023,29373.882653,0.026,1
2026-09-09,17:03:39,0.101822,0.127867,0.00022,29373.882883,0.026,1
2026-09-09,17:03:40,0.165094,0.127867,0.00022,29373.883103,0.025,1
2026-09-09,17:03:41,0.122125,0.127867,0.00021,29373.883103,0.025,1
2026-09-09,17:03:41,0.122125,0.127867,0.00021,29373.883313,0.025,1
2026-09-09,17:03:42,0.124063,0.127867,0.00021,29373.883523,0.025,1
2026-09-09,17:03:43,0.082709,0.127867,0.00021,29373.883523,0.025,1
2026-09-09,17:03:43,0.117924,0.125259,0.00021,29373.883733,0.025,1
2026-09-09,17:03:44,0.103386,0.122963,0.0002,29373.883933,0.026,1
2026-09-09,17:03:45,0.103386,0.122963,0.00021,29373.883933,0.026,1
2026-09-09,17:03:45,0.182962,0.122963,0.00021,29373.884143,0.026,1
2026-09-09,17:03:46,0.146629,0.122963,0.00021,29373.884353,0.026,1
2026-09-09,17:03:47,0.146301,0.122963,0.00021,29373.884353,0.026,1
2026-09-09,17:03:47,0.146301,0.122963,0.00021,29373.884563,0.026,1
2026-09-09,17:03:48,0.082077,0.122963,0.00021,29373.884773,0.026,1
2026-09-09,17:03:49,0.083352,0.122963,0.00021,29373.884773,0.026,1
2026-09-09,17:03:49,0.145866,0.12281,0.00021,29373.884983,0.026,1
2026-09-09,17:03:50,0.083352,0.12281,0.00021,29373.885193,0.026,1
2026-09-09,17:03:51,0.083352,0.12281,0.00021,29373.885193,0.026,1
2026-09-09,17:03:51,0.083352,0.12281,0.00021,29373.885403,0.026,1
2026-09-09,17:03:52,0.20838,0.12281,0.00021,29373.885613,0.026,1
2026-09-09,17:03:53,0.145866,0.12281,0.00021,29373.885613,0.026,1
2026-09-09,17:03:53,0.145866,0.12281,0.00021,29373.885823,0.026,1
2026-09-09,17:03:54,0.134875,0.12281,0.00021,29373.886033,0.026,1
2026-09-09,17:03:55,0.178206,0.12281,0.00021,29373.886033,0.026,1
2026-09-09,17:03:55,0.105699,0.120746,0.00021,29373.886243,0.027,1
2026-09-09,17:03:56,0.123423,0.120682,0.00022,29373.886463,0.027,1
2026-09-09,17:03:57,0.123423,0.122615,0.00023,29373.886463,0.027,1
2026-09-09,17:03:57,0.144047,0.122615,0.00023,29373.886693,0.027,1
2026-09-09,17:03:58,0.123423,0.122551,0.00023,29373.886923,0.027,1
2026-09-09,17:03:59,0.103121,0.118422,0.00022,29373.886923,0.027,1
2026-09-09,17:03:59,0.082497,0.115121,0.00022,29373.887143,0.027,1
2026-09-09,17:04:00,0.082497,0.115121,0.00021,29373.887353,0.027,1
2026-09-09,17:04:01,0.082497,0.113188,0.00021,29373.887353,0.026,1
2026-09-09,17:04:01,0.082497,0.109646,0.0002,29373.887553,0.026,1
2026-09-09,17:04:02,0.103121,0.109619,0.00019,29373.887743,0.026,1
2026-09-09,17:04:03,0.082497,0.103282,0.00019,29373.887743,0.025,1
2026-09-09,17:04:03,0.082497,0.103282,0.00017,29373.887913,0.025,1
2026-09-09,17:04:04,0.103121,0.103024,0.00017,29373.888083,0.025,1
2026-09-09,17:04:05,0.103121,0.100994,0.00017,29373.888083,0.025,1
2026-09-09,17:04:05,0.103121,0.096902,0.00016,29373.888243,0.025,1
2026-09-09,17:04:06,0.103121,0.092809,0.00015,29373.888393,0.026,1
2026-09-09,17:04:07,0.082497,0.092809,0.00015,29373.888393,0.026,1
2026-09-09,17:04:07,0.20592,0.092809,0.00016,29373.888553,0.026,1
2026-09-09,17:04:08,0.143028,0.092809,0.00016,29373.888713,0.026,1
2026-09-09,17:04:09,0.083788,0.090876,0.00016,29373.888713,0.026,1
2026-09-09,17:04:09,0.083788,0.090876,0.00016,29373.888873,0.026,1
2026-09-09,17:04:10,0.12149,0.090876,0.00016,29373.889033,0.027,1
2026-09-09,17:04:11,0.082497,0.090876,0.00016,29373.889033,0.027,1
2026-09-09,17:04:11,0.082497,0.090876,0.00017,29373.889203,0.027,1
2026-09-09,17:04:12,0.185618,0.090876,0.00017,29373.889373,0.027,1
2026-09-09,17:04:13,0.185618,0.090876,0.00017,29373.889373,0.027,1
2026-09-09,17:04:13,0.103121,0.092938,0.00017,29373.889543,0.027,1
2026-09-09,17:04:14,0.081254,0.090751,0.00017,29373.889713,0.027,1
2026-09-09,17:04:15,0.134168,0.090751,0.00017,29373.889713,0.027,1
2026-09-09,17:04:15,0.134168,0.090859,0.00017,29373.889883,0.027,1
2026-09-09,17:04:16,0.083569,0.090859,0.00017,29373.890053,0.027,1
2026-09-09,17:04:17,0.104461,0.090993,0.00017,29373.890053,0.027,1
2026-09-09,17:04:17,0.122416,0.092922,0.00017,29373.890223,0.027,1
2026-09-09,17:04:18,0.082287,0.092922,0.00017,29373.890393,0.027,1
2026-09-09,17:04:19,0.082287,0.092922,0.00017,29373.890393,0.027,1
2026-09-09,17:04:19,0.131787,0.092922,0.00017,29373.890563,0.027,1
2026-09-09,17:04:20,0.082287,0.090839,0.00017,29373.890733,0.027,1
2026-09-09,17:04:21,0.102858,0.092875,0.00017,29373.890733,0.027,1
2026-09-09,17:04:21,0.082287,0.092725,0.00017,29373.890903,0.026,1
2026-09-09,17:04:22,0.082287,0.092725,0.00017,29373.891073,0.026,1
2026-09-09,17:04:23,0.102858,0.094761,0.00016,29373.891073,0.026,1
2026-09-09,17:04:23,0.082287,0.09474,0.00016,29373.891233,0.026,1
2026-09-09,17:04:24,0.082287,0.092656,0.00016,29373.891393,0.026,1
2026-09-09,17:04:25,0.082287,0.094977,0.00016,29373.891393,0.026,1
2026-09-09,17:04:25,0.104461,0.094977,0.00016,29373.891553,0.026,1
2026-09-09,17:04:26,0.146573,0.094977,0.00016,29373.891713,0.026,1
2026-09-09,17:04:27,0.083569,0.094977,0.00016,29373.891713,0.026,1
2026-09-09,17:04:27,0.102858,0.094817,0.00016,29373.891873,0.026,1
2026-09-09,17:04:28,0.102858,0.093021,0.00016,29373.892033,0.026,1
2026-09-09,17:04:29,0.104461,0.093021,0.00016,29373.892033,0.026,1
2026-09-09,17:04:29,0.083569,0.09315,0.00016,29373.892193,0.026,1
2026-09-09,17:04:30,0.083569,0.091221,0.00016,29373.892353,0.026,1
2026-09-09,17:04:31,0.082287,0.091221,0.00016,29373.892353,0.026,1
2026-09-09,17:04:31,0.082287,0.091221,0.00016,29373.892513,0.026,1
2026-09-09,17:04:32,0.14368,0.091221,0.00016,29373.892673,0.026,1
2026-09-09,17:04:33,0.14368,0.091221,0.00015,29373.892673,0.025,1
2026-09-09,17:04:33,0.082287,0.089163,0.00014,29373.892823,0.025,1
2026-09-09,17:04:34,0.082287,0.091221,0.00014,29373.892963,0.025,1
2026-09-09,17:04:35,0.102858,0.091221,0.00015,29373.892963,0.026,1
2026-09-09,17:04:35,0.082287,0.091221,0.00016,29373.893113,0.026,1
2026-09-09,17:04:36,0.144001,0.091221,0.00016,29373.893273,0.026,1
2026-09-09,17:04:37,0.082287,0.089003,0.00015,29373.893273,0.026,1
2026-09-09,17:04:37,0.082287,0.088875,0.00015,29373.893423,0.026,1
2026-09-09,17:04:38,0.082287,0.088875,0.00015,29373.893573,0.026,1
2026-09-09,17:04:39,0.082287,0.086818,0.00015,29373.893573,0.026,1
2026-09-09,17:04:39,0.082287,0.0846,0.00015,29373.893723,0.026,1
2026-09-09,17:04:40,0.14592,0.0846,0.00015,29373.893873,0.026,1
2026-09-09,17:04:41,0.14592,0.0846,0.00015,29373.893873,0.026,1
2026-09-09,17:04:41,0.104461,0.0846,0.00015,29373.894023,0.026,1
2026-09-09,17:04:42,0.109777,0.0846,0.00015,29373.894173,0.026,1
2026-09-09,17:04:43,0.101822,0.0846,0.00015,29373.894173,0.026,1
2026-09-09,17:04:43,0.101822,0.0846,0.00015,29373.894323,0.026,1
2026-09-09,17:04:44,0.123081,0.0846,0.00015,29373.894473,0.026,1
2026-09-09,17:04:45,0.10392,0.0846,0.00015,29373.894473,0.026,1
2026-09-09,17:04:45,0.122431,0.0846,0.00015,29373.894623,0.027,1
2026-09-09,17:04:46,0.186732,0.0846,0.00016,29373.894783,0.027,1
2026-09-09,17:04:47,0.186732,0.0846,0.00016,29373.894783,0.027,1
2026-09-09,17:04:47,0.122485,0.0846,0.00016,29373.894943,0.027,1
2026-09-09,17:04:48,0.127282,0.0846,0.00016,29373.895103,0.027,1
2026-09-09,17:04:49,0.088905,0.085134,0.00016,29373.895103,0.027,1
2026-09-09,17:04:49,0.083352,0.085112,0.00016,29373.895263,0.027,1
2026-09-09,17:04:50,0.083352,0.085112,0.00016,29373.895423,0.027,1
2026-09-09,17:04:51,0.10419,0.087302,0.00016,29373.895423,0.027,1
2026-09-09,17:04:51,0.083352,0.087409,0.00016,29373.895583,0.027,1
2026-09-09,17:04:52,0.10419,0.087542,0.00016,29373.895743,0.027,1
2026-09-09,17:04:53,0.10419,0.087521,0.00016,29373.895743,0.027,1
2026-09-09,17:04:53,0.082077,0.087521,0.00016,29373.895903,0.026,1
2026-09-09,17:04:54,0.102597,0.089552,0.00015,29373.896053,0.026,1
2026-09-09,17:04:55,0.082077,0.089531,0.00015,29373.896053,0.026,1
2026-09-09,17:04:55,0.102597,0.091562,0.00015,29373.896203,0.026,1
2026-09-09,17:04:56,0.102597,0.091542,0.00016,29373.896363,0.026,1
2026-09-09,17:04:57,0.082077,0.091542,0.00016,29373.896363,0.026,1
2026-09-09,17:04:57,0.084008,0.091052,0.00016,29373.896523,0.026,1
2026-09-09,17:04:58,0.12066,0.091052,0.00016,29373.896683,0.026,1
2026-09-09,17:04:59,0.082287,0.090945,0.00016,29373.896683,0.026,1
2026-09-09,17:04:59,0.082287,0.090945,0.00016,29373.896843,0.026,1
2026-09-09,17:05:00,0.12343,0.090945,0.00016,29373.897003,0.026,1
2026-09-09,17:05:01,0.144001,0.090945,0.00016,29373.897003,0.026,1
2026-09-09,17:05:01,0.164252,0.090945,0.00016,29373.897163,0.026,1
2026-09-09,17:05:02,0.082287,0.088755,0.00015,29373.897313,0.026,1
2026-09-09,17:05:03,0.082287,0.088755,0.00015,29373.897313,0.026,1
2026-09-09,17:05:03,0.082287,0.088648,0.00015,29373.897463,0.026,1
2026-09-09,17:05:04,0.082287,0.086458,0.00015,29373.897613,0.026,1
2026-09-09,17:05:05,0.12343,0.086458,0.00015,29373.897613,0.026,1
2026-09-09,17:05:05,0.12343,0.086458,0.00015,29373.897763,0.026,1
2026-09-09,17:05:06,0.104461,0.086458,0.00015,29373.897913,0.026,1
2026-09-09,17:05:07,0.107399,0.086458,0.00015,29373.897913,0.026,1
2026-09-09,17:05:07,0.108379,0.086458,0.00015,29373.898063,0.026,1
2026-09-09,17:05:08,0.123116,0.086458,0.00015,29373.898213,0.026,1
2026-09-09,17:05:09,0.123116,0.086651,0.00015,29373.898213,0.026,1
2026-09-09,17:05:09,0.084008,0.086651,0.00015,29373.898363,0.026,1
2026-09-09,17:05:10,0.10501,0.086892,0.00015,29373.898513,0.026,1
2026-09-09,17:05:11,0.146685,0.086892,0.00015,29373.898513,0.026,1
2026-09-09,17:05:11,0.142911,0.086892,0.00015,29373.898663,0.026,1
2026-09-09,17:05:12,0.142911,0.086892,0.00015,29373.898813,0.026,1
2026-09-09,17:05:13,0.102079,0.086892,0.00015,29373.898813,0.026,1
2026-09-09,17:05:13,0.122176,0.086892,0.00015,29373.898963,0.026,1
2026-09-09,17:05:14,0.081663,0.086851,0.00016,29373.899123,0.027,1
2026-09-09,17:05:15,0.081663,0.086799,0.00016,29373.899123,0.027,1
2026-09-09,17:05:15,0.102079,0.086799,0.00016,29373.899283,0.028,1
2026-09-09,17:05:16,0.081663,0.086758,0.00017,29373.899453,0.028,1
2026-09-09,17:05:17,0.127622,0.086758,0.00017,29373.899453,0.028,1
2026-09-09,17:05:17,0.131185,0.086758,0.00017,29373.899623,0.029,1
2026-09-09,17:05:18,0.131185,0.086758,0.00018,29373.899803,0.029,1
2026-09-09,17:05:19,0.105286,0.086758,0.00018,29373.899803,0.029,1
2026-09-09,17:05:19,0.105286,0.086758,0.00018,29373.899983,0.029,1
2026-09-09,17:05:20,0.105286,0.086758,0.00017,29373.900153,0.028,1
2026-09-09,17:05:21,0.12343,0.086758,0.00017,29373.900153,0.028,1
2026-09-09,17:05:21,0.12343,0.086758,0.00017,29373.900323,0.028,1
2026-09-09,17:05:22,0.082287,0.086586,0.00017,29373.900493,0.028,1
2026-09-09,17:05:23,0.082287,0.086586,0.00017,29373.900493,0.028,1
2026-09-09,17:05:23,0.164573,0.086586,0.00016,29373.900663,0.027,1
2026-09-09,17:05:24,0.164573,0.086758,0.00016,29373.900823,0.027,1
2026-09-09,17:05:25,0.084008,0.086758,0.00016,29373.900823,0.027,1
2026-09-09,17:05:25,0.081254,0.086654,0.00016,29373.900983,0.027,1
2026-09-09,17:05:26,0.14437,0.086654,0.00016,29373.901143,0.026,1
2026-09-09,17:05:27,0.169183,0.086654,0.00015,29373.901143,0.026,1
2026-09-09,17:05:27,0.169183,0.086871,0.00015,29373.901293,0.026,1
2026-09-09,17:05:28,0.084452,0.086871,0.00015,29373.901443,0.026,1
2026-09-09,17:05:29,0.106021,0.089072,0.00015,29373.901443,0.026,1
2026-09-09,17:05:29,0.082497,0.086821,0.00014,29373.901593,0.025,1
2026-09-09,17:05:30,0.109566,0.086821,0.00014,29373.901733,0.025,1
2026-09-09,17:05:31,0.109566,0.086821,0.00014,29373.901733,0.026,1
2026-09-09,17:05:31,0.164994,0.086821,0.00015,29373.901873,0.026,1
2026-09-09,17:05:32,0.14437,0.086821,0.00015,29373.902023,0.026,1
2026-09-09,17:05:33,0.108277,0.086821,0.00015,29373.902023,0.026,1
2026-09-09,17:05:33,0.082497,0.086821,0.00015,29373.902173,0.026,1
2026-09-09,17:05:34,0.082497,0.086821,0.00015,29373.902323,0.026,1
2026-09-09,17:05:35,0.103121,0.086821,0.00015,29373.902323,0.026,1
2026-09-09,17:05:35,0.110855,0.086821,0.00015,29373.902473,0.026,1
2026-09-09,17:05:36,0.082497,0.086821,0.00015,29373.902623,0.025,1
2026-09-09,17:05:37,0.082497,0.086821,0.00014,29373.902623,0.025,1
2026-09-09,17:05:37,0.126348,0.086821,0.00014,29373.902763,0.025,1
2026-09-09,17:05:38,0.126348,0.086821,0.00014,29373.902903,0.025,1
2026-09-09,17:05:39,0.084452,0.0871,0.00014,29373.902903,0.025,1
2026-09-09,17:05:39,0.124383,0.0871,0.00014,29373.903043,0.025,1
2026-09-09,17:05:40,0.124383,0.0871,0.00014,29373.903183,0.026,1
2026-09-09,17:05:41,0.203645,0.0871,0.00015,29373.903183,0.026,1
2026-09-09,17:05:41,0.121436,0.0871,0.00015,29373.903333,0.026,1
2026-09-09,17:05:42,0.104461,0.0871,0.00015,29373.903483,0.026,1
2026-09-09,17:05:43,0.122804,0.0871,0.00015,29373.903483,0.026,1
2026-09-09,17:05:43,0.122804,0.0871,0.00015,29373.903633,0.026,1
2026-09-09,17:05:44,0.106495,0.0871,0.00015,29373.903783,0.026,1
2026-09-09,17:05:45,0.083352,0.0871,0.00015,29373.903783,0.026,1
2026-09-09,17:05:45,0.119493,0.0871,0.00015,29373.903933,0.026,1
2026-09-09,17:05:46,0.119493,0.0871,0.00015,29373.904083,0.026,1
2026-09-09,17:05:47,0.122495,0.0871,0.00015,29373.904083,0.026,1
2026-09-09,17:05:47,0.10419,0.0871,0.00015,29373.904233,0.026,1
2026-09-09,17:05:48,0.141308,0.0871,0.00015,29373.904383,0.027,1
2026-09-09,17:05:49,0.110376,0.0871,0.00016,29373.904383,0.027,1
2026-09-09,17:05:49,0.110376,0.0871,0.00016,29373.904543,0.027,1
2026-09-09,17:05:50,0.12047,0.0871,0.00016,29373.904703,0.027,1
2026-09-09,17:05:51,0.08187,0.085079,0.00016,29373.904703,0.027,1
2026-09-09,17:05:51,0.166272,0.085079,0.00016,29373.904863,0.027,1
2026-09-09,17:05:52,0.145488,0.085079,0.00016,29373.905023,0.027,1
2026-09-09,17:05:53,0.145488,0.085079,0.00016,29373.905023,0.027,1
2026-09-09,17:05:53,0.089306,0.085843,0.00016,29373.905183,0.027,1
2026-09-09,17:05:54,0.081458,0.08576,0.00017,29373.905353,0.028,1
2026-09-09,17:05:55,0.122187,0.08576,0.00017,29373.905353,0.028,1
2026-09-09,17:05:55,0.122187,0.08576,0.00017,29373.905523,0.028,1
2026-09-09,17:05:56,0.10665,0.08576,0.00017,29373.905693,0.028,1
2026-09-09,17:05:57,0.081663,0.08576,0.00017,29373.905693,0.028,1
2026-09-09,17:05:57,0.081663,0.08576,0.00017,29373.905863,0.028,1
2026-09-09,17:05:58,0.081663,0.08576,0.00017,29373.906033,0.028,1
2026-09-09,17:05:59,0.081663,0.08576,0.00017,29373.906033,0.027,1
2026-09-09,17:05:59,0.102079,0.08576,0.00016,29373.906193,0.027,1
2026-09-09,17:06:00,0.14592,0.08576,0.00016,29373.906353,0.027,1
2026-09-09,17:06:01,0.083569,0.085889,0.00016,29373.906353,0.027,1
2026-09-09,17:06:01,0.083569,0.085845,0.00016,29373.906513,0.026,1
2026-09-09,17:06:02,0.083569,0.085845,0.00015,29373.906663,0.026,1
2026-09-09,17:06:03,0.095974,0.087317,0.00015,29373.906663,0.026,1
2026-09-09,17:06:03,0.081458,0.087017,0.00015,29373.906813,0.026,1
2026-09-09,17:06:04,0.117904,0.087017,0.00016,29373.906973,0.027,1
2026-09-09,17:06:05,0.117904,0.087017,0.00016,29373.906973,0.027,1
2026-09-09,17:06:05,0.130213,0.087017,0.00016,29373.907133,0.027,1
2026-09-09,17:06:06,0.089724,0.085388,0.00016,29373.907293,0.027,1
2026-09-09,17:06:07,0.119848,0.085388,0.00016,29373.907293,0.027,1
2026-09-09,17:06:07,0.084452,0.085388,0.00016,29373.907453,0.027,1
2026-09-09,17:06:08,0.084452,0.085388,0.00016,29373.907613,0.026,1
2026-09-09,17:06:09,0.081663,0.085388,0.00016,29373.907613,0.026,1
2026-09-09,17:06:09,0.081663,0.085388,0.00015,29373.907763,0.026,1
2026-09-09,17:06:10,0.082922,0.085388,0.00015,29373.907913,0.026,1
2026-09-09,17:06:11,0.082922,0.085388,0.00015,29373.907913,0.026,1
2026-09-09,17:06:11,0.082922,0.085388,0.00015,29373.908063,0.026,1
2026-09-09,17:06:12,0.122187,0.085388,0.00015,29373.908213,0.026,1
2026-09-09,17:06:13,0.142233,0.085388,0.00015,29373.908213,0.026,1
2026-09-09,17:06:13,0.14354,0.085388,0.00015,29373.908363,0.026,1
2026-09-09,17:06:14,0.124704,0.085388,0.00015,29373.908513,0.026,1
2026-09-09,17:06:15,0.124704,0.085388,0.00015,29373.908513,0.026,1
2026-09-09,17:06:15,0.10392,0.085388,0.00015,29373.908663,0.026,1
2026-09-09,17:06:16,0.083136,0.085388,0.00015,29373.908813,0.026,1
2026-09-09,17:06:17,0.154581,0.085388,0.00015,29373.908813,0.026,1
2026-09-09,17:06:17,0.154581,0.085388,0.00015,29373.908963,0.026,1
2026-09-09,17:06:18,0.142911,0.085388,0.00015,29373.909113,0.026,1
2026-09-09,17:06:19,0.142592,0.085388,0.00015,29373.909113,0.026,1
2026-09-09,17:06:19,0.081663,0.085304,0.00015,29373.909263,0.026,1
2026-09-09,17:06:20,0.103004,0.08716,0.00015,29373.909423,0.027,1
2026-09-09,17:06:21,0.103004,0.08716,0.00016,29373.909423,0.026,1
2026-09-09,17:06:21,0.082922,0.087265,0.00015,29373.909573,0.026,1
2026-09-09,17:06:22,0.10592,0.088926,0.00015,29373.909723,0.026,1
2026-09-09,17:06:23,0.082922,0.089072,0.00015,29373.909723,0.025,1
2026-09-09,17:06:23,0.082922,0.089008,0.00014,29373.909873,0.024,1
2026-09-09,17:06:24,0.082922,0.089008,0.00014,29373.910013,0.024,1
2026-09-09,17:06:25,0.160337,0.089008,0.00013,29373.910013,0.024,1
2026-09-09,17:06:25,0.162508,0.089008,0.00013,29373.910143,0.024,1
2026-09-09,17:06:26,0.101568,0.090808,0.00013,29373.910273,0.025,1
2026-09-09,17:06:27,0.101568,0.089545,0.00015,29373.910273,0.025,1
2026-09-09,17:06:27,0.083352,0.089545,0.00014,29373.910423,0.025,1
2026-09-09,17:06:28,0.113632,0.089545,0.00014,29373.910563,0.025,1
2026-09-09,17:06:29,0.083352,0.089545,0.00014,29373.910563,0.025,1
2026-09-09,17:06:29,0.10419,0.089545,0.00014,29373.910703,0.025,1
2026-09-09,17:06:30,0.10419,0.089545,0.00014,29373.910843,0.026,1
2026-09-09,17:06:31,0.10419,0.089545,0.00015,29373.910843,0.026,1
2026-09-09,17:06:31,0.124702,0.089545,0.00015,29373.910993,0.026,1
2026-09-09,17:06:32,0.166704,0.089545,0.00015,29373.911143,0.026,1
2026-09-09,17:06:33,0.10419,0.091819,0.00015,29373.911143,0.026,1
2026-09-09,17:06:33,0.10419,0.091819,0.00016,29373.911293,0.026,1
2026-09-09,17:06:34,0.083352,0.091181,0.00016,29373.911453,0.026,1
2026-09-09,17:06:35,0.083352,0.09135,0.00016,29373.911453,0.026,1
2026-09-09,17:06:35,0.10419,0.091469,0.00016,29373.911613,0.026,1
2026-09-09,17:06:36,0.10419,0.093596,0.00016,29373.911773,0.026,1
2026-09-09,17:06:37,0.10419,0.093596,0.00016,29373.911773,0.026,1
2026-09-09,17:06:37,0.083352,0.091339,0.00016,29373.911933,0.026,1
2026-09-09,17:06:38,0.102597,0.093306,0.00016,29373.912093,0.026,1
2026-09-09,17:06:39,0.122796,0.097294,0.00017,29373.912093,0.026,1
2026-09-09,17:06:39,0.122796,0.097294,0.00017,29373.912263,0.027,1
2026-09-09,17:06:40,0.164155,0.097294,0.00018,29373.912443,0.028,1
2026-09-09,17:06:41,0.082077,0.095345,0.00019,29373.912443,0.028,1
2026-09-09,17:06:41,0.082077,0.095217,0.00019,29373.912633,0.028,1
2026-09-09,17:06:42,0.1042,0.095218,0.00019,29373.912823,0.028,1
2026-09-09,17:06:43,0.1042,0.095218,0.00019,29373.912823,0.028,1
2026-09-09,17:06:43,0.104735,0.097357,0.00019,29373.913013,0.028,1
2026-09-09,17:06:44,0.122485,0.10127,0.0002,29373.913213,0.028,1
2026-09-09,17:06:45,0.094662,0.100317,0.00019,29373.913213,0.027,1
2026-09-09,17:06:45,0.094662,0.100317,0.00019,29373.913403,0.027,1
2026-09-09,17:06:46,0.125354,0.100317,0.00019,29373.913593,0.026,1
2026-09-09,17:06:47,0.104735,0.100317,0.00017,29373.913593,0.026,1
2026-09-09,17:06:47,0.163326,0.100317,0.00017,29373.913763,0.026,1
2026-09-09,17:06:48,0.092057,0.099104,0.00017,29373.913933,0.026,1
2026-09-09,17:06:49,0.092057,0.098997,0.00017,29373.913933,0.026,1
2026-09-09,17:06:49,0.082287,0.098997,0.00017,29373.914103,0.026,1
2026-09-09,17:06:50,0.082287,0.096966,0.00017,29373.914273,0.026,1
2026-09-09,17:06:51,0.14368,0.096966,0.00017,29373.914273,0.026,1
2026-09-09,17:06:51,0.144001,0.096966,0.00017,29373.914443,0.027,1
2026-09-09,17:06:52,0.144001,0.096966,0.00018,29373.914623,0.027,1
2026-09-09,17:06:53,0.117644,0.096966,0.00018,29373.914623,0.027,1
2026-09-09,17:06:53,0.082287,0.092915,0.00018,29373.914803,0.027,1
2026-09-09,17:06:54,0.144323,0.092915,0.00017,29373.914973,0.027,1
2026-09-09,17:06:55,0.144323,0.092915,0.00017,29373.914973,0.027,1
2026-09-09,17:06:55,0.102858,0.092915,0.00017,29373.915143,0.027,1
2026-09-09,17:06:56,0.082287,0.092915,0.00017,29373.915313,0.027,1
2026-09-09,17:06:57,0.082287,0.092915,0.00017,29373.915313,0.027,1
2026-09-09,17:06:57,0.197038,0.092915,0.00017,29373.915483,0.027,1
2026-09-09,17:06:58,0.197038,0.094993,0.00017,29373.915653,0.028,1
2026-09-09,17:06:59,0.102858,0.094993,0.00017,29373.915653,0.028,1
2026-09-09,17:06:59,0.205395,0.094993,0.00019,29373.915843,0.028,1
2026-09-09,17:07:00,0.125682,0.094993,0.00019,29373.916033,0.028,1
2026-09-09,17:07:01,0.102337,0.094993,0.00019,29373.916033,0.027,1
2026-09-09,17:07:01,0.102337,0.094993,0.00018,29373.916213,0.027,1
2026-09-09,17:07:02,0.090605,0.094993,0.00018,29373.916393,0.027,1
2026-09-09,17:07:03,0.166272,0.094993,0.00018,29373.916393,0.027,1
2026-09-09,17:07:03,0.145488,0.094993,0.00018,29373.916573,0.027,1
2026-09-09,17:07:04,0.145488,0.094993,0.00018,29373.916753,0.027,1
2026-09-09,17:07:05,0.10392,0.094993,0.00018,29373.916753,0.027,1
2026-09-09,17:07:05,0.124704,0.094993,0.00018,29373.916933,0.027,1
2026-09-09,17:07:06,0.10392,0.094993,0.00018,29373.917113,0.027,1
2026-09-09,17:07:07,0.124704,0.094993,0.00018,29373.917113,0.026,1
2026-09-09,17:07:07,0.124704,0.095099,0.00016,29373.917273,0.026,1
2026-09-09,17:07:08,0.083136,0.095099,0.00016,29373.917433,0.026,1
2026-09-09,17:07:09,0.08187,0.092866,0.00016,29373.917433,0.026,1
2026-09-09,17:07:09,0.12438,0.092866,0.00016,29373.917593,0.026,1
2026-09-09,17:07:10,0.12438,0.092866,0.00016,29373.917753,0.026,1
2026-09-09,17:07:11,0.12438,0.092866,0.00016,29373.917753,0.026,1
2026-09-09,17:07:11,0.083136,0.090706,0.00016,29373.917913,0.026,1
2026-09-09,17:07:12,0.10392,0.08885,0.00015,29373.918063,0.026,1
2026-09-09,17:07:13,0.147762,0.08885,0.00015,29373.918063,0.026,1
2026-09-09,17:07:13,0.124704,0.08885,0.00015,29373.918213,0.026,1
2026-09-09,17:07:14,0.124704,0.08885,0.00015,29373.918363,0.026,1
2026-09-09,17:07:15,0.084452,0.087829,0.00015,29373.918363,0.026,1
2026-09-09,17:07:15,0.084865,0.08711,0.00015,29373.918513,0.026,1
2026-09-09,17:07:16,0.103652,0.089246,0.00015,29373.918663,0.026,1
2026-09-09,17:07:17,0.103652,0.091383,0.00015,29373.918663,0.026,1
2026-09-09,17:07:17,0.103652,0.091383,0.00016,29373.918823,0.026,1
2026-09-09,17:07:18,0.124383,0.095592,0.00017,29373.918993,0.026,1
2026-09-09,17:07:19,0.082922,0.095592,0.00017,29373.918993,0.025,1
2026-09-09,17:07:19,0.103652,0.095592,0.00015,29373.919143,0.025,1
2026-09-09,17:07:20,0.103652,0.095592,0.00015,29373.919293,0.025,1
2026-09-09,17:07:21,0.108835,0.095592,0.00015,29373.919293,0.025,1
2026-09-09,17:07:21,0.124383,0.095592,0.00015,29373.919443,0.025,1
2026-09-09,17:07:22,0.082922,0.093599,0.00015,29373.919593,0.025,1
2026-09-09,17:07:23,0.103652,0.09565,0.00015,29373.919593,0.025,1
2026-09-09,17:07:23,0.103652,0.09565,0.00016,29373.919753,0.025,1
2026-09-09,17:07:24,0.124383,0.099902,0.00016,29373.919913,0.025,1
2026-09-09,17:07:25,0.103652,0.101953,0.00017,29373.919913,0.025,1
2026-09-09,17:07:25,0.103652,0.101927,0.00017,29373.920083,0.025,1
2026-09-09,17:07:26,0.103652,0.104494,0.00017,29373.920253,0.026,1
2026-09-09,17:07:27,0.11013,0.104494,0.00018,29373.920253,0.025,1
2026-09-09,17:07:27,0.144789,0.104494,0.00017,29373.920433,0.025,1
2026-09-09,17:07:28,0.082922,0.1043,0.00017,29373.920603,0.025,1
2026-09-09,17:07:29,0.103652,0.1043,0.00017,29373.920603,0.025,1
2026-09-09,17:07:29,0.103652,0.102227,0.00017,29373.920773,0.025,1
2026-09-09,17:07:30,0.082922,0.102227,0.00017,29373.920943,0.025,1
2026-09-09,17:07:31,0.103652,0.100154,0.00016,29373.920943,0.025,1
2026-09-09,17:07:31,0.124383,0.1043,0.00017,29373.921103,0.025,1
2026-09-09,17:07:32,0.124059,0.106341,0.00017,29373.921273,0.025,1
2026-09-09,17:07:33,0.124059,0.106341,0.00017,29373.921273,0.025,1
2026-09-09,17:07:33,0.124383,0.106341,0.00017,29373.921443,0.025,1
2026-09-09,17:07:34,0.082922,0.106341,0.00017,29373.921613,0.026,1
2026-09-09,17:07:35,0.081663,0.106341,0.00018,29373.921613,0.026,1
2026-09-09,17:07:35,0.081663,0.106341,0.00018,29373.921793,0.026,1
2026-09-09,17:07:36,0.082922,0.106341,0.00018,29373.921973,0.026,1
2026-09-09,17:07:37,0.103652,0.106341,0.00018,29373.921973,0.026,1
2026-09-09,17:07:37,0.125678,0.106341,0.0002,29373.922153,0.027,1
2026-09-09,17:07:38,0.145113,0.106341,0.0002,29373.922353,0.027,1
2026-09-09,17:07:39,0.145113,0.104268,0.0002,29373.922353,0.027,1
2026-09-09,17:07:39,0.082922,0.104268,0.0002,29373.922553,0.027,1
2026-09-09,17:07:40,0.103652,0.104268,0.00019,29373.922743,0.027,1
2026-09-09,17:07:41,0.103652,0.10362,0.00019,29373.922743,0.027,1
2026-09-09,17:07:41,0.103652,0.105693,0.00019,29373.922933,0.027,1
2026-09-09,17:07:42,0.103652,0.105693,0.0002,29373.923133,0.027,1
2026-09-09,17:07:43,0.103652,0.105693,0.0002,29373.923133,0.027,1
2026-09-09,17:07:43,0.082922,0.105693,0.0002,29373.923333,0.027,1
2026-09-09,17:07:44,0.18625,0.105693,0.0002,29373.923533,0.027,1
2026-09-09,17:07:45,0.18625,0.10362,0.00019,29373.923533,0.027,1
2026-09-09,17:07:45,0.082922,0.10362,0.00019,29373.923723,0.027,1
2026-09-09,17:07:46,0.082922,0.099474,0.00018,29373.923903,0.027,1
2026-09-09,17:07:47,0.103652,0.097433,0.00017,29373.923903,0.026,1
2026-09-09,17:07:47,0.124059,0.097401,0.00017,29373.924073,0.026,1
2026-09-09,17:07:48,0.124059,0.097401,0.00017,29373.924243,0.026,1
2026-09-09,17:07:49,0.165844,0.097401,0.00017,29373.924243,0.026,1
2026-09-09,17:07:49,0.18625,0.097401,0.00017,29373.924413,0.026,1
2026-09-09,17:07:50,0.124059,0.101514,0.00018,29373.924593,0.026,1
2026-09-09,17:07:51,0.124383,0.103587,0.00019,29373.924593,0.027,1
2026-09-09,17:07:51,0.124383,0.103587,0.00019,29373.924783,0.027,1
2026-09-09,17:07:52,0.124383,0.10566,0.0002,29373.924983,0.027,1
2026-09-09,17:07:53,0.124383,0.107734,0.0002,29373.924983,0.027,1
2026-09-09,17:07:53,0.107215,0.10809,0.0002,29373.925183,0.028,1
2026-09-09,17:07:54,0.107215,0.10809,0.00021,29373.925183,0.027,1
2026-09-09,17:07:55,0.186574,0.10809,0.0002,29373.925393,0.027,1
2026-09-09,17:07:55,0.103652,0.110163,0.0002,29373.925593,0.027,1
2026-09-09,17:07:56,0.124383,0.114309,0.0002,29373.925593,0.026,1
2026-09-09,17:07:57,0.11337,0.117354,0.00019,29373.925793,0.025,1
2026-09-09,17:07:57,0.11337,0.117354,0.00019,29373.925983,0.025,1
2026-09-09,17:07:58,0.165844,0.117354,0.00019,29373.925983,0.025,1
2026-09-09,17:07:59,0.082922,0.115281,0.00019,29373.926173,0.025,1
2026-09-09,17:07:59,0.082922,0.111167,0.00019,29373.926363,0.025,1
2026-09-09,17:08:00,0.124383,0.111167,0.00018,29373.926363,0.025,1
2026-09-09,17:08:01,0.124383,0.111167,0.00018,29373.926543,0.026,1
2026-09-09,17:08:01,0.18625,0.111167,0.00019,29373.926733,0.026,1
2026-09-09,17:08:02,0.103652,0.109126,0.00019,29373.926733,0.026,1
2026-09-09,17:08:03,0.145113,0.109126,0.00019,29373.926923,0.026,1
2026-09-09,17:08:03,0.145113,0.10498,0.00019,29373.927113,0.026,1
2026-09-09,17:08:04,0.082922,0.10498,0.00018,29373.927113,0.026,1
2026-09-09,17:08:05,0.103652,0.102907,0.00018,29373.927293,0.026,1
2026-09-09,17:08:05,0.103652,0.100834,0.00018,29373.927473,0.026,1
2026-09-09,17:08:06,0.1043,0.100543,0.00017,29373.927473,0.026,1
2026-09-09,17:08:07,0.1043,0.102616,0.00017,29373.927643,0.026,1
2026-09-09,17:08:07,0.124383,0.102616,0.00018,29373.927823,0.026,1
2026-09-09,17:08:08,0.082922,0.102616,0.00018,29373.927823,0.026,1
2026-09-09,17:08:09,0.087457,0.102616,0.00018,29373.928003,0.027,1
2026-09-09,17:08:09,0.082922,0.102616,0.00019,29373.928193,0.027,1
2026-09-09,17:08:10,0.082922,0.102616,0.00019,29373.928193,0.027,1
2026-09-09,17:08:11,0.103652,0.102616,0.00019,29373.928383,0.027,1
2026-09-09,17:08:11,0.081663,0.102616,0.00019,29373.928573,0.027,1
2026-09-09,17:08:12,0.150885,0.102616,0.00019,29373.928763,0.027,1
2026-09-09,17:08:13,0.166812,0.102616,0.00019,29373.928763,0.027,1
2026-09-09,17:08:13,0.166812,0.102616,0.00019,29373.928953,0.027,1
2026-09-09,17:08:14,0.083569,0.098534,0.00018,29373.929133,0.027,1
2026-09-09,17:08:15,0.083569,0.095554,0.00018,29373.929133,0.027,1
2026-09-09,17:08:15,0.123116,0.095554,0.00018,29373.929313,0.026,1
2026-09-09,17:08:16,0.123116,0.095554,0.00017,29373.929313,0.026,1
2026-09-09,17:08:17,0.102597,0.095554,0.00017,29373.929483,0.026,1
2026-09-09,17:08:17,0.122796,0.095554,0.00017,29373.929653,0.026,1
2026-09-09,17:08:18,0.102597,0.095554,0.00017,29373.929653,0.026,1
2026-09-09,17:08:19,0.084676,0.095554,0.00017,29373.929823,0.026,1
2026-09-09,17:08:19,0.084676,0.095554,0.00017,29373.929993,0.026,1
2026-09-09,17:08:20,0.147853,0.095554,0.00017,29373.929993,0.026,1
2026-09-09,17:08:21,0.123423,0.095554,0.00017,29373.930163,0.026,1
2026-09-09,17:08:21,0.123745,0.095554,0.00017,29373.930333,0.026,1
2026-09-09,17:08:22,0.103121,0.095554,0.00017,29373.930333,0.026,1
2026-09-09,17:08:23,0.103121,0.095554,0.00017,29373.930503,0.026,1
2026-09-09,17:08:23,0.082497,0.095554,0.00017,29373.930673,0.026,1
2026-09-09,17:08:24,0.164672,0.095554,0.00017,29373.930673,0.027,1
2026-09-09,17:08:25,0.082497,0.095512,0.00018,29373.930853,0.027,1
2026-09-09,17:08:25,0.082497,0.095469,0.00018,29373.931033,0.027,1
2026-09-09,17:08:26,0.082497,0.095469,0.00018,29373.931033,0.027,1
2026-09-09,17:08:27,0.102154,0.09532,0.00018,29373.931213,0.027,1
2026-09-09,17:08:27,0.103121,0.097339,0.00018,29373.931393,0.027,1
2026-09-09,17:08:28,0.103121,0.097286,0.00018,29373.931393,0.027,1
2026-09-09,17:08:29,0.103121,0.095171,0.00018,29373.931573,0.027,1
2026-09-09,17:08:29,0.082497,0.095171,0.00018,29373.931753,0.027,1
2026-09-09,17:08:30,0.123423,0.095171,0.00018,29373.931753,0.027,1
2026-09-09,17:08:31,0.103121,0.095171,0.00018,29373.931933,0.027,1
2026-09-09,17:08:31,0.123745,0.095171,0.00018,29373.932113,0.027,1
2026-09-09,17:08:32,0.123745,0.095171,0.00018,29373.932113,0.027,1
2026-09-09,17:08:33,0.123745,0.095171,0.00018,29373.932293,0.027,1
2026-09-09,17:08:33,0.103121,0.095171,0.00018,29373.932473,0.027,1
2026-09-09,17:08:34,0.105377,0.095171,0.00018,29373.932473,0.027,1
2026-09-09,17:08:35,0.105377,0.095171,0.00018,29373.932653,0.027,1
2026-09-09,17:08:35,0.131802,0.095171,0.00017,29373.932833,0.026,1
2026-09-09,17:08:36,0.082497,0.092991,0.00017,29373.932833,0.026,1
2026-09-09,17:08:37,0.103121,0.090864,0.00016,29373.933003,0.026,1
2026-09-09,17:08:37,0.106344,0.093142,0.00016,29373.933163,0.026,1
2026-09-09,17:08:38,0.106344,0.093035,0.00016,29373.933163,0.026,1
2026-09-09,17:08:39,0.082497,0.093035,0.00016,29373.933323,0.025,1
2026-09-09,17:08:39,0.085129,0.093298,0.00015,29373.933483,0.025,1
2026-09-09,17:08:40,0.082922,0.09334,0.00015,29373.933483,0.025,1
2026-09-09,17:08:41,0.082922,0.091417,0.00015,29373.933633,0.025,1
2026-09-09,17:08:41,0.082922,0.091417,0.00015,29373.933783,0.025,1
2026-09-09,17:08:42,0.082922,0.089397,0.00014,29373.933783,0.025,1
2026-09-09,17:08:43,0.103652,0.08945,0.00014,29373.933923,0.025,1
2026-09-09,17:08:43,0.114665,0.092667,0.00014,29373.934063,0.025,1
2026-09-09,17:08:44,0.082922,0.09271,0.00015,29373.934063,0.026,1
2026-09-09,17:08:45,0.082922,0.09271,0.00016,29373.934213,0.026,1
2026-09-09,17:08:45,0.103652,0.092763,0.00016,29373.934373,0.026,1
2026-09-09,17:08:46,0.144789,0.092763,0.00016,29373.934373,0.026,1
2026-09-09,17:08:47,0.082922,0.09042,0.00016,29373.934533,0.026,1
2026-09-09,17:08:47,0.082922,0.092536,0.00016,29373.934693,0.026,1
2026-09-09,17:08:48,0.103652,0.092536,0.00016,29373.934693,0.025,1
2026-09-09,17:08:49,0.082922,0.092315,0.00015,29373.934853,0.025,1
2026-09-09,17:08:49,0.082922,0.092315,0.00015,29373.935003,0.025,1
2026-09-09,17:08:50,0.081663,0.092189,0.00015,29373.935003,0.025,1
2026-09-09,17:08:51,0.081663,0.094105,0.00015,29373.935153,0.025,1
2026-09-09,17:08:51,0.102079,0.094105,0.00015,29373.935303,0.025,1
2026-09-09,17:08:52,0.10392,0.094132,0.00015,29373.935303,0.025,1
2026-09-09,17:08:53,0.124704,0.095136,0.00015,29373.935453,0.025,1
2026-09-09,17:08:53,0.145488,0.101392,0.00015,29373.935603,0.025,1
2026-09-09,17:08:54,0.145488,0.101392,0.00016,29373.935603,0.026,1
2026-09-09,17:08:55,0.154581,0.106485,0.00019,29373.935763,0.026,1
2026-09-09,17:08:55,0.124704,0.110664,0.00019,29373.935953,0.026,1
2026-09-09,17:08:56,0.10392,0.11069,0.00019,29373.935953,0.027,1
2026-09-09,17:08:57,0.10392,0.110712,0.00021,29373.936143,0.027,1
2026-09-09,17:08:57,0.083136,0.110712,0.00021,29373.936353,0.028,1
2026-09-09,17:08:58,0.140292,0.110712,0.00022,29373.936353,0.028,1
2026-09-09,17:08:59,0.10392,0.110712,0.00022,29373.936573,0.028,1
2026-09-09,17:08:59,0.115936,0.110712,0.00022,29373.936793,0.028,1
2026-09-09,17:09:00,0.115936,0.110712,0.00022,29373.936793,0.028,1
2026-09-09,17:09:01,0.151587,0.110712,0.00022,29373.937013,0.028,1
2026-09-09,17:09:01,0.08187,0.110607,0.00022,29373.937233,0.028,1
2026-09-09,17:09:02,0.146414,0.110607,0.00022,29373.937233,0.028,1
2026-09-09,17:09:03,0.084229,0.110863,0.00022,29373.937453,0.028,1
2026-09-09,17:09:03,0.084229,0.110863,0.00022,29373.937673,0.027,1
2026-09-09,17:09:04,0.163419,0.110863,0.00021,29373.937673,0.027,1
2026-09-09,17:09:05,0.115911,0.110863,0.00021,29373.937883,0.027,1
2026-09-09,17:09:05,0.130563,0.110863,0.00021,29373.938093,0.027,1
2026-09-09,17:09:06,0.130563,0.110863,0.00021,29373.938093,0.027,1
2026-09-09,17:09:07,0.13685,0.110863,0.00021,29373.938303,0.027,1
2026-09-09,17:09:07,0.122176,0.110863,0.00021,29373.938513,0.027,1
2026-09-09,17:09:08,0.124704,0.110863,0.00021,29373.938513,0.027,1
2026-09-09,17:09:09,0.10392,0.110863,0.00021,29373.938723,0.027,1
2026-09-09,17:09:09,0.10392,0.110863,0.00021,29373.938933,0.027,1
2026-09-09,17:09:10,0.134915,0.110863,0.00021,29373.938933,0.027,1
2026-09-09,17:09:11,0.101822,0.110863,0.00021,29373.939143,0.027,1
2026-09-09,17:09:11,0.146787,0.110863,0.00021,29373.939353,0.027,1
2026-09-09,17:09:12,0.166272,0.110863,0.00021,29373.939353,0.027,1
2026-09-09,17:09:13,0.166272,0.110863,0.00021,29373.939563,0.027,1
2026-09-09,17:09:13,0.083136,0.108969,0.0002,29373.939763,0.027,1
2026-09-09,17:09:14,0.12438,0.108969,0.0002,29373.939763,0.027,1
2026-09-09,17:09:15,0.166272,0.108969,0.0002,29373.939963,0.027,1
2026-09-09,17:09:15,0.166272,0.108969,0.0002,29373.940163,0.027,1
2026-09-09,17:09:16,0.145488,0.108969,0.0002,29373.940163,0.027,1
2026-09-09,17:09:17,0.149385,0.108969,0.0002,29373.940363,0.027,1
2026-09-09,17:09:17,0.083136,0.106891,0.0002,29373.940563,0.027,1
2026-09-09,17:09:18,0.107168,0.105137,0.00019,29373.940563,0.027,1
2026-09-09,17:09:19,0.107168,0.102474,0.00019,29373.940753,0.027,1
2026-09-09,17:09:19,0.118859,0.102474,0.00019,29373.940943,0.027,1
2026-09-09,17:09:20,0.10392,0.097408,0.00018,29373.940943,0.027,1
2026-09-09,17:09:21,0.101822,0.09512,0.00018,29373.941123,0.027,1
2026-09-09,17:09:21,0.122187,0.096946,0.00018,29373.941303,0.027,1
2026-09-09,17:09:22,0.122187,0.096946,0.00018,29373.941303,0.027,1
2026-09-09,17:09:23,0.084008,0.096946,0.00018,29373.941483,0.027,1
2026-09-09,17:09:23,0.125683,0.101201,0.00019,29373.941673,0.027,1
2026-09-09,17:09:24,0.084008,0.101201,0.00019,29373.941673,0.027,1
2026-09-09,17:09:25,0.102858,0.101201,0.00019,29373.941863,0.027,1
2026-09-09,17:09:25,0.102858,0.101201,0.00019,29373.942053,0.026,1
2026-09-09,17:09:26,0.164252,0.101201,0.00019,29373.942053,0.026,1
2026-09-09,17:09:27,0.109287,0.103943,0.00018,29373.942243,0.026,1
2026-09-09,17:09:27,0.147791,0.103943,0.00018,29373.942423,0.026,1
2026-09-09,17:09:28,0.147791,0.103943,0.00018,29373.942423,0.026,1
2026-09-09,17:09:29,0.129977,0.103943,0.00018,29373.942603,0.026,1
2026-09-09,17:09:29,0.102597,0.103943,0.00018,29373.942783,0.026,1
2026-09-09,17:09:30,0.122796,0.103943,0.00018,29373.942783,0.026,1
2026-09-09,17:09:31,0.102597,0.103943,0.00018,29373.942963,0.026,1
2026-09-09,17:09:31,0.102597,0.103943,0.00018,29373.943143,0.026,1
2026-09-09,17:09:32,0.082077,0.103943,0.00018,29373.943143,0.026,1
2026-09-09,17:09:33,0.083352,0.103943,0.00018,29373.943323,0.026,1
2026-09-09,17:09:33,0.124702,0.10799,0.00019,29373.943503,0.026,1
2026-09-09,17:09:34,0.134796,0.113156,0.00019,29373.943503,0.026,1
2026-09-09,17:09:35,0.134796,0.113156,0.0002,29373.943693,0.026,1
2026-09-09,17:09:35,0.125028,0.117345,0.0002,29373.943893,0.026,1
2026-09-09,17:09:36,0.083352,0.117345,0.0002,29373.943893,0.026,1
2026-09-09,17:09:37,0.081458,0.117345,0.0002,29373.944093,0.026,1
2026-09-09,17:09:37,0.081458,0.117345,0.0002,29373.944293,0.026,1
2026-09-09,17:09:38,0.082922,0.117345,0.0002,29373.944293,0.026,1
2026-09-09,17:09:39,0.082922,0.117345,0.0002,29373.944493,0.026,1
2026-09-09,17:09:39,0.144789,0.121107,0.00021,29373.944693,0.026,1
2026-09-09,17:09:40,0.103652,0.119587,0.00021,29373.944693,0.026,1
2026-09-09,17:09:41,0.103652,0.121665,0.00021,29373.944903,0.026,1
2026-09-09,17:09:41,0.124707,0.121665,0.00021,29373.945113,0.027,1
2026-09-09,17:09:42,0.082922,0.121665,0.00021,29373.945113,0.027,1
2026-09-09,17:09:43,0.124059,0.123889,0.00023,29373.945323,0.027,1
2026-09-09,17:09:43,0.082922,0.123889,0.00023,29373.945553,0.027,1
2026-09-09,17:09:44,0.082922,0.123889,0.00023,29373.945553,0.027,1
2026-09-09,17:09:45,0.124383,0.124109,0.00023,29373.945783,0.027,1
2026-09-09,17:09:45,0.082922,0.124109,0.00023,29373.946013,0.027,1
2026-09-09,17:09:46,0.082922,0.124109,0.00023,29373.946013,0.027,1
2026-09-09,17:09:47,0.082922,0.124109,0.00023,29373.946243,0.027,1
2026-09-09,17:09:47,0.103652,0.124109,0.00023,29373.946473,0.027,1
2026-09-09,17:09:48,0.124383,0.124109,0.00023,29373.946473,0.027,1
2026-09-09,17:09:49,0.145113,0.124109,0.00023,29373.946703,0.027,1
2026-09-09,17:09:49,0.103652,0.124109,0.00023,29373.946933,0.027,1
2026-09-09,17:09:50,0.103652,0.124109,0.00023,29373.946933,0.027,1
2026-09-09,17:09:51,0.082922,0.124109,0.00023,29373.947163,0.026,1
2026-09-09,17:09:51,0.124059,0.123946,0.00023,29373.947393,0.026,1
2026-09-09,17:09:52,0.147057,0.127723,0.00022,29373.947393,0.026,1
2026-09-09,17:09:53,0.103652,0.125618,0.00022,29373.947613,0.026,1
2026-09-09,17:09:53,0.103652,0.125618,0.00022,29373.947833,0.025,1
2026-09-09,17:09:54,0.11175,0.123313,0.0002,29373.947833,0.025,1
2026-09-09,17:09:55,0.104948,0.121305,0.0002,29373.948033,0.025,1
2026-09-09,17:09:55,0.124059,0.119232,0.0002,29373.948233,0.025,1
2026-09-09,17:09:56,0.124059,0.119232,0.00019,29373.948233,0.025,1
2026-09-09,17:09:57,0.103652,0.119232,0.00019,29373.948423,0.026,1
2026-09-09,17:09:57,0.103652,0.117127,0.00019,29373.948613,0.026,1
2026-09-09,17:09:58,0.165196,0.117127,0.0002,29373.948613,0.026,1
2026-09-09,17:09:59,0.103652,0.115086,0.0002,29373.948813,0.026,1
2026-09-09,17:09:59,0.103652,0.113013,0.0002,29373.949013,0.026,1
2026-09-09,17:10:00,0.103652,0.113013,0.0002,29373.949013,0.026,1
2026-09-09,17:10:01,0.16552,0.113013,0.0002,29373.949213,0.026,1
2026-09-09,17:10:01,0.103652,0.110973,0.0002,29373.949413,0.026,1
2026-09-09,17:10:02,0.11013,0.10728,0.00019,29373.949413,0.026,1
2026-09-09,17:10:03,0.11013,0.10728,0.00019,29373.949603,0.026,1
2026-09-09,17:10:03,0.145113,0.10728,0.00019,29373.949793,0.026,1
2026-09-09,17:10:04,0.189187,0.10728,0.00019,29373.949793,0.026,1
2026-09-09,17:10:05,0.105286,0.107443,0.00019,29373.949983,0.026,1
2026-09-09,17:10:05,0.105286,0.108611,0.00019,29373.950173,0.026,1
2026-09-09,17:10:06,0.123423,0.108611,0.00019,29373.950173,0.026,1
2026-09-09,17:10:07,0.108922,0.109008,0.00019,29373.950363,0.026,1
2026-09-09,17:10:07,0.082497,0.104852,0.00018,29373.950543,0.026,1
2026-09-09,17:10:08,0.103121,0.104799,0.00019,29373.950543,0.027,1
2026-09-09,17:10:09,0.103121,0.102683,0.00019,29373.950733,0.027,1
2026-09-09,17:10:09,0.082497,0.102683,0.00019,29373.950923,0.027,1
2026-09-09,17:10:10,0.082497,0.100568,0.00019,29373.950923,0.027,1
2026-09-09,17:10:11,0.082497,0.098452,0.00019,29373.951113,0.027,1
2026-09-09,17:10:11,0.082497,0.096337,0.00018,29373.951293,0.027,1
2026-09-09,17:10:12,0.082497,0.096337,0.00018,29373.951293,0.027,1
2026-09-09,17:10:13,0.146303,0.096337,0.00018,29373.951473,0.027,1
2026-09-09,17:10:13,0.082497,0.093573,0.00017,29373.951643,0.027,1
2026-09-09,17:10:14,0.185618,0.093573,0.00017,29373.951643,0.027,1
2026-09-09,17:10:15,0.185618,0.093357,0.00017,29373.951813,0.027,1
2026-09-09,17:10:15,0.103121,0.093357,0.00017,29373.951983,0.027,1
2026-09-09,17:10:16,0.103121,0.091327,0.00017,29373.951983,0.027,1
2026-09-09,17:10:17,0.082497,0.088684,0.00017,29373.952153,0.027,1
2026-09-09,17:10:17,0.082497,0.088684,0.00016,29373.952313,0.027,1
2026-09-09,17:10:18,0.082497,0.088684,0.00016,29373.952313,0.027,1
2026-09-09,17:10:19,0.108599,0.088684,0.00016,29373.952473,0.027,1
2026-09-09,17:10:19,0.082497,0.088684,0.00016,29373.952633,0.027,1
2026-09-09,17:10:20,0.103121,0.088684,0.00016,29373.952633,0.027,1
2026-09-09,17:10:21,0.107955,0.088684,0.00016,29373.952793,0.027,1
2026-09-09,17:10:21,0.107955,0.088684,0.00016,29373.952953,0.027,1
2026-09-09,17:10:22,0.082497,0.088684,0.00016,29373.952953,0.027,1
2026-09-09,17:10:23,0.082497,0.088684,0.00016,29373.953113,0.027,1
2026-09-09,17:10:23,0.082497,0.088684,0.00016,29373.953273,0.027,1
2026-09-09,17:10:24,0.082497,0.088684,0.00016,29373.953273,0.027,1
2026-09-09,17:10:25,0.082497,0.088684,0.00016,29373.953433,0.027,1
2026-09-09,17:10:25,0.113433,0.089715,0.00017,29373.953603,0.027,1
2026-09-09,17:10:26,0.171117,0.089715,0.00017,29373.953603,0.027,1
2026-09-09,17:10:27,0.103121,0.091778,0.00017,29373.953773,0.027,1
2026-09-09,17:10:27,0.103121,0.095903,0.00018,29373.953953,0.027,1
2026-09-09,17:10:28,0.123745,0.095903,0.00018,29373.953953,0.027,1
2026-09-09,17:10:29,0.123745,0.100028,0.00019,29373.954143,0.027,1
2026-09-09,17:10:29,0.082497,0.100028,0.00019,29373.954333,0.027,1
2026-09-09,17:10:30,0.103121,0.100028,0.00019,29373.954333,0.027,1
2026-09-09,17:10:31,0.103121,0.100028,0.00019,29373.954523,0.027,1
2026-09-09,17:10:31,0.081254,0.100028,0.00019,29373.954713,0.027,1
2026-09-09,17:10:32,0.082709,0.100028,0.00019,29373.954713,0.027,1
2026-09-09,17:10:33,0.108555,0.102633,0.00019,29373.954903,0.026,1
2026-09-09,17:10:33,0.12374,0.106758,0.00019,29373.955093,0.026,1
2026-09-09,17:10:34,0.12374,0.106758,0.00019,29373.955093,0.026,1
2026-09-09,17:10:35,0.105324,0.106978,0.00019,29373.955283,0.026,1
2026-09-09,17:10:35,0.144417,0.106978,0.00019,29373.955473,0.026,1
2026-09-09,17:10:36,0.15411,0.106978,0.00019,29373.955473,0.026,1
2026-09-09,17:10:37,0.15411,0.107004,0.00019,29373.955663,0.026,1
2026-09-09,17:10:37,0.103386,0.107004,0.00019,29373.955853,0.026,1
2026-09-09,17:10:38,0.103386,0.109093,0.00019,29373.955853,0.026,1
2026-09-09,17:10:39,0.144417,0.109093,0.00019,29373.956043,0.026,1
2026-09-09,17:10:39,0.082709,0.109114,0.00019,29373.956233,0.026,1
2026-09-09,17:10:40,0.082709,0.109114,0.00019,29373.956233,0.026,1
2026-09-09,17:10:41,0.082709,0.106042,0.00018,29373.956423,0.026,1
2026-09-09,17:10:41,0.12374,0.106042,0.00018,29373.956603,0.026,1
2026-09-09,17:10:42,0.082709,0.104001,0.00018,29373.956603,0.026,1
2026-09-09,17:10:43,0.103386,0.101965,0.00018,29373.956783,0.026,1
2026-09-09,17:10:43,0.103386,0.101965,0.00018,29373.956963,0.026,1
2026-09-09,17:10:44,0.082709,0.097861,0.00017,29373.956963,0.026,1
2026-09-09,17:10:45,0.110494,0.097861,0.00017,29373.957133,0.026,1
2026-09-09,17:10:45,0.12374,0.097861,0.00017,29373.957303,0.026,1
2026-09-09,17:10:46,0.12374,0.097861,0.00017,29373.957303,0.026,1
2026-09-09,17:10:47,0.103386,0.097861,0.00017,29373.957473,0.026,1
2026-09-09,17:10:47,0.124063,0.097861,0.00017,29373.957643,0.026,1
2026-09-09,17:10:48,0.082709,0.095277,0.00017,29373.957643,0.026,1
2026-09-09,17:10:49,0.206449,0.095277,0.00017,29373.957813,0.026,1
2026-09-09,17:10:49,0.206449,0.095277,0.00017,29373.957983,0.026,1
2026-09-09,17:10:50,0.082709,0.091173,0.00016,29373.957983,0.026,1
2026-09-09,17:10:51,0.144417,0.091173,0.00016,29373.958143,0.026,1
2026-09-09,17:10:51,0.082709,0.088912,0.00016,29373.958303,0.026,1
2026-09-09,17:10:52,0.082709,0.086844,0.00015,29373.958303,0.026,1
2026-09-09,17:10:53,0.082709,0.086844,0.00015,29373.958453,0.026,1
2026-09-09,17:10:53,0.16671,0.086844,0.00015,29373.958603,0.026,1
2026-09-09,17:10:54,0.144417,0.086844,0.00015,29373.958603,0.026,1
2026-09-09,17:10:55,0.085588,0.085064,0.00015,29373.958753,0.026,1
2026-09-09,17:10:55,0.085588,0.08498,0.00015,29373.958903,0.026,1
2026-09-09,17:10:56,0.08187,0.08498,0.00015,29373.958903,0.026,1
2026-09-09,17:10:57,0.117368,0.08498,0.00015,29373.959053,0.026,1
2026-09-09,17:10:57,0.08187,0.084897,0.00015,29373.959203,0.026,1
2026-09-09,17:10:58,0.102387,0.086864,0.00015,29373.959203,0.026,1
2026-09-09,17:10:59,0.102387,0.088191,0.00015,29373.959353,0.026,1
2026-09-09,17:10:59,0.116656,0.088191,0.00015,29373.959503,0.026,1
2026-09-09,17:11:00,0.084676,0.088388,0.00015,29373.959503,0.026,1
2026-09-09,17:11:01,0.103121,0.090429,0.00015,29373.959653,0.026,1
2026-09-09,17:11:01,0.094098,0.091568,0.00016,29373.959813,0.026,1
2026-09-09,17:11:02,0.094098,0.091568,0.00016,29373.959813,0.026,1
2026-09-09,17:11:03,0.120378,0.095335,0.00016,29373.959973,0.026,1
2026-09-09,17:11:03,0.145488,0.101613,0.00018,29373.960153,0.026,1
2026-09-09,17:11:04,0.10392,0.103446,0.00018,29373.960153,0.026,1
2026-09-09,17:11:05,0.10392,0.105652,0.00018,29373.960333,0.026,1
2026-09-09,17:11:05,0.10392,0.105652,0.00018,29373.960513,0.026,1
2026-09-09,17:11:06,0.187056,0.105652,0.00018,29373.960513,0.026,1
2026-09-09,17:11:07,0.124704,0.109935,0.00018,29373.960693,0.026,1
2026-09-09,17:11:07,0.10392,0.110088,0.00019,29373.960883,0.027,1
2026-09-09,17:11:08,0.10392,0.106736,0.0002,29373.960883,0.027,1
2026-09-09,17:11:09,0.083136,0.106736,0.0002,29373.961083,0.026,1
2026-09-09,17:11:09,0.10392,0.108661,0.00019,29373.961273,0.026,1
2026-09-09,17:11:10,0.083136,0.106662,0.00019,29373.961273,0.026,1
2026-09-09,17:11:11,0.083136,0.105566,0.00019,29373.961463,0.026,1
2026-09-09,17:11:11,0.083136,0.105566,0.00018,29373.961643,0.026,1
2026-09-09,17:11:12,0.083136,0.101842,0.00018,29373.961643,0.026,1
2026-09-09,17:11:13,0.142551,0.101842,0.00018,29373.961823,0.026,1
2026-09-09,17:11:13,0.106843,0.101842,0.00018,29373.962003,0.026,1
2026-09-09,17:11:14,0.106843,0.101842,0.00018,29373.962003,0.026,1
2026-09-09,17:11:15,0.083136,0.101842,0.00018,29373.962183,0.026,1
2026-09-09,17:11:15,0.163007,0.101842,0.00018,29373.962363,0.026,1
2026-09-09,17:11:16,0.083136,0.095607,0.00018,29373.962363,0.027,1
2026-09-09,17:11:17,0.12438,0.095607,0.00018,29373.962543,0.027,1
2026-09-09,17:11:17,0.12438,0.095607,0.00018,29373.962723,0.027,1
2026-09-09,17:11:18,0.198423,0.095607,0.00018,29373.962723,0.027,1
2026-09-09,17:11:19,0.083136,0.093528,0.00017,29373.962893,0.027,1
2026-09-09,17:11:19,0.124704,0.093528,0.00017,29373.963063,0.027,1
2026-09-09,17:11:20,0.083136,0.09145,0.00017,29373.963063,0.027,1
2026-09-09,17:11:21,0.083136,0.09145,0.00017,29373.963233,0.027,1
2026-09-09,17:11:21,0.145164,0.09145,0.00017,29373.963403,0.027,1
2026-09-09,17:11:22,0.10392,0.09145,0.00017,29373.963403,0.027,1
2026-09-09,17:11:23,0.081254,0.09145,0.00017,29373.963573,0.027,1
2026-09-09,17:11:23,0.081254,0.09145,0.00017,29373.963743,0.027,1
2026-09-09,17:11:24,0.121881,0.09145,0.00017,29373.963743,0.027,1
2026-09-09,17:11:25,0.113433,0.09145,0.00017,29373.963913,0.027,1
2026-09-09,17:11:25,0.145981,0.09145,0.00017,29373.964083,0.027,1
2026-09-09,17:11:26,0.164672,0.09145,0.00017,29373.964083,0.027,1
2026-09-09,17:11:27,0.164672,0.09145,0.00017,29373.964253,0.027,1
2026-09-09,17:11:27,0.166283,0.09145,0.00017,29373.964423,0.027,1
2026-09-09,17:11:28,0.082497,0.087229,0.00017,29373.964423,0.027,1
2026-09-09,17:11:29,0.123745,0.087229,0.00016,29373.964583,0.027,1
2026-09-09,17:11:29,0.082497,0.085087,0.00016,29373.964743,0.027,1
2026-09-09,17:11:30,0.082497,0.085087,0.00016,29373.964743,0.026,1
2026-09-09,17:11:31,0.125354,0.085087,0.00015,29373.964893,0.027,1
2026-09-09,17:11:31,0.082077,0.084981,0.00016,29373.965053,0.027,1
2026-09-09,17:11:32,0.163834,0.084981,0.00016,29373.965053,0.027,1
2026-09-09,17:11:33,0.125681,0.084981,0.00016,29373.965213,0.027,1
2026-09-09,17:11:33,0.125681,0.084981,0.00016,29373.965373,0.027,1
2026-09-09,17:11:34,0.102597,0.084981,0.00016,29373.965373,0.027,1
2026-09-09,17:11:35,0.10501,0.084981,0.00016,29373.965533,0.027,1
2026-09-09,17:11:35,0.102337,0.084981,0.00016,29373.965693,0.027,1
2026-09-09,17:11:36,0.102337,0.084981,0.00016,29373.965693,0.027,1
2026-09-09,17:11:37,0.122485,0.084981,0.00016,29373.965853,0.026,1
2026-09-09,17:11:37,0.102337,0.084981,0.00015,29373.966013,0.026,1
2026-09-09,17:11:38,0.08187,0.084981,0.00015,29373.966013,0.026,1
2026-09-09,17:11:39,0.119926,0.084981,0.00015,29373.966163,0.026,1
2026-09-09,17:11:39,0.119926,0.084981,0.00015,29373.966313,0.026,1
2026-09-09,17:11:40,0.102337,0.084981,0.00015,29373.966313,0.026,1
2026-09-09,17:11:41,0.102337,0.084981,0.00015,29373.966463,0.026,1
2026-09-09,17:11:41,0.122804,0.084981,0.00015,29373.966613,0.026,1
2026-09-09,17:11:42,0.124704,0.084981,0.00015,29373.966613,0.026,1
2026-09-09,17:11:43,0.124704,0.084981,0.00015,29373.966763,0.026,1
2026-09-09,17:11:43,0.083136,0.082902,0.00015,29373.966913,0.026,1
2026-09-09,17:11:44,0.083136,0.082902,0.00014,29373.966913,0.026,1
2026-09-09,17:11:45,0.0971,0.084299,0.00015,29373.967053,0.026,1
2026-09-09,17:11:45,0.0971,0.084299,0.00015,29373.967203,0.026,1
2026-09-09,17:11:46,0.134772,0.084299,0.00015,29373.967203,0.026,1
2026-09-09,17:11:47,0.10392,0.084299,0.00015,29373.967353,0.026,1
2026-09-09,17:11:47,0.10392,0.084299,0.00015,29373.967503,0.026,1
2026-09-09,17:11:48,0.083136,0.084299,0.00015,29373.967503,0.027,1
2026-09-09,17:11:49,0.083136,0.084299,0.00016,29373.967653,0.027,1
2026-09-09,17:11:49,0.145164,0.084299,0.00016,29373.967813,0.027,1
2026-09-09,17:11:50,0.124704,0.084299,0.00016,29373.967813,0.027,1
2026-09-09,17:11:51,0.124055,0.084299,0.00016,29373.967973,0.027,1
2026-09-09,17:11:51,0.102079,0.084299,0.00016,29373.968133,0.027,1
2026-09-09,17:11:52,0.102079,0.084299,0.00016,29373.968133,0.027,1
2026-09-09,17:11:53,0.082922,0.084299,0.00016,29373.968293,0.027,1
2026-09-09,17:11:53,0.082922,0.084299,0.00016,29373.968453,0.027,1
2026-09-09,17:11:54,0.227711,0.084299,0.00016,29373.968453,0.026,1
2026-09-09,17:11:55,0.227711,0.084277,0.00015,29373.968613,0.026,1
2026-09-09,17:11:55,0.082922,0.084277,0.00015,29373.968763,0.026,1
2026-09-09,17:11:56,0.142846,0.084277,0.00015,29373.968763,0.026,1
2026-09-09,17:11:57,0.082922,0.084256,0.00015,29373.968913,0.026,1
2026-09-09,17:11:57,0.144789,0.084256,0.00015,29373.969063,0.026,1
2026-09-09,17:11:58,0.144789,0.084256,0.00015,29373.969063,0.026,1
2026-09-09,17:11:59,0.115961,0.084256,0.00015,29373.969213,0.026,1
2026-09-09,17:11:59,0.082922,0.084256,0.00015,29373.969363,0.026,1
2026-09-09,17:12:00,0.144789,0.084256,0.00015,29373.969363,0.026,1
2026-09-09,17:12:01,0.082922,0.084235,0.00015,29373.969513,0.026,1
2026-09-09,17:12:01,0.082922,0.084235,0.00015,29373.969663,0.026,1
2026-09-09,17:12:02,0.124383,0.084235,0.00015,29373.969663,0.027,1
2026-09-09,17:12:03,0.124059,0.084235,0.00015,29373.969813,0.027,1
2026-09-09,17:12:03,0.082922,0.084213,0.00016,29373.969973,0.027,1
2026-09-09,17:12:04,0.082922,0.084256,0.00016,29373.969973,0.027,1
2026-09-09,17:12:05,0.082922,0.084256,0.00016,29373.970133,0.027,1
2026-09-09,17:12:05,0.082922,0.084298,0.00016,29373.970293,0.027,1
2026-09-09,17:12:06,0.103652,0.086456,0.00016,29373.970293,0.027,1
2026-09-09,17:12:07,0.124059,0.090548,0.00016,29373.970453,0.027,1
2026-09-09,17:12:07,0.124059,0.092599,0.00017,29373.970623,0.027,1
2026-09-09,17:12:08,0.103652,0.092599,0.00017,29373.970623,0.027,1
2026-09-09,17:12:09,0.137987,0.092599,0.00017,29373.970793,0.027,1
2026-09-09,17:12:09,0.082922,0.091182,0.00017,29373.970963,0.027,1
2026-09-09,17:12:10,0.082922,0.091182,0.00017,29373.970963,0.027,1
2026-09-09,17:12:11,0.082922,0.091182,0.00017,29373.971133,0.026,1
2026-09-09,17:12:11,0.082922,0.091182,0.00016,29373.971293,0.026,1
2026-09-09,17:12:12,0.082922,0.091182,0.00016,29373.971293,0.026,1
2026-09-09,17:12:13,0.082922,0.091182,0.00016,29373.971453,0.025,1
2026-09-09,17:12:13,0.082922,0.091182,0.00015,29373.971603,0.026,1
2026-09-09,17:12:14,0.154507,0.091182,0.00016,29373.971603,0.026,1
2026-09-09,17:12:15,0.082922,0.091182,0.00016,29373.971763,0.026,1
2026-09-09,17:12:15,0.082922,0.091182,0.00016,29373.971923,0.026,1
2026-09-09,17:12:16,0.142846,0.091182,0.00016,29373.971923,0.026,1
2026-09-09,17:12:17,0.142846,0.089108,0.00016,29373.972083,0.026,1
2026-09-09,17:12:17,0.082922,0.089108,0.00015,29373.972233,0.026,1
2026-09-09,17:12:18,0.082922,0.084995,0.00015,29373.972233,0.026,1
2026-09-09,17:12:19,0.145113,0.084995,0.00015,29373.972383,0.026,1
2026-09-09,17:12:19,0.082922,0.082922,0.00014,29373.972523,0.026,1
2026-09-09,17:12:20,0.082922,0.082922,0.00014,29373.972523,0.026,1
2026-09-09,17:12:21,0.082922,0.082922,0.00014,29373.972663,0.026,1
2026-09-09,17:12:21,0.082922,0.082922,0.00014,29373.972803,0.026,1
2026-09-09,17:12:22,0.099117,0.084541,0.00014,29373.972803,0.026,1
2026-09-09,17:12:23,0.124383,0.088687,0.00015,29373.972953,0.027,1
2026-09-09,17:12:23,0.124383,0.088687,0.00016,29373.973113,0.027,1
2026-09-09,17:12:24,0.103652,0.09076,0.00016,29373.973113,0.027,1
2026-09-09,17:12:25,0.100737,0.092542,0.00017,29373.973283,0.027,1
2026-09-09,17:12:25,0.112074,0.095457,0.00017,29373.973453,0.026,1
2026-09-09,17:12:26,0.112074,0.097373,0.00017,29373.973453,0.026,1
2026-09-09,17:12:27,0.102079,0.097373,0.00017,29373.973623,0.026,1
2026-09-09,17:12:27,0.089319,0.098013,0.00017,29373.973793,0.026,1
2026-09-09,17:12:28,0.081663,0.097887,0.00017,29373.973793,0.026,1
2026-09-09,17:12:29,0.08581,0.098176,0.00017,29373.973963,0.026,1
2026-09-09,17:12:29,0.08581,0.098176,0.00017,29373.974133,0.026,1
2026-09-09,17:12:30,0.15292,0.098176,0.00017,29373.974133,0.027,1
2026-09-09,17:12:31,0.081663,0.09805,0.00018,29373.974313,0.027,1
2026-09-09,17:12:31,0.081663,0.096304,0.00018,29373.974493,0.027,1
2026-09-09,17:12:32,0.083788,0.092245,0.00018,29373.974493,0.027,1
2026-09-09,17:12:33,0.083788,0.092245,0.00017,29373.974663,0.027,1
2026-09-09,17:12:33,0.104735,0.092353,0.00017,29373.974833,0.027,1
2026-09-09,17:12:34,0.125682,0.094848,0.00017,29373.974833,0.027,1
2026-09-09,17:12:35,0.081051,0.094848,0.00018,29373.975003,0.027,1
2026-09-09,17:12:35,0.081051,0.094848,0.00018,29373.975183,0.027,1
2026-09-09,17:12:36,0.202312,0.094848,0.00018,29373.975183,0.026,1
2026-09-09,17:12:37,0.082497,0.09189,0.00016,29373.975363,0.026,1
2026-09-09,17:12:37,0.082497,0.089932,0.00016,29373.975523,0.026,1
2026-09-09,17:12:38,0.103121,0.091312,0.00016,29373.975523,0.025,1
2026-09-09,17:12:39,0.103121,0.091395,0.00015,29373.975683,0.025,1
2026-09-09,17:12:39,0.082497,0.091395,0.00015,29373.975833,0.025,1
2026-09-09,17:12:40,0.103121,0.093126,0.00015,29373.975833,0.025,1
2026-09-09,17:12:41,0.099254,0.094885,0.00015,29373.975983,0.025,1
2026-09-09,17:12:41,0.103121,0.097031,0.00015,29373.976133,0.025,1
2026-09-09,17:12:42,0.103121,0.097031,0.00016,29373.976133,0.025,1
2026-09-09,17:12:43,0.116011,0.100254,0.00016,29373.976293,0.025,1
2026-09-09,17:12:43,0.146743,0.104454,0.00016,29373.976453,0.025,1
2026-09-09,17:12:44,0.138846,0.105771,0.00017,29373.976453,0.026,1
2026-09-09,17:12:45,0.138846,0.105771,0.00018,29373.976623,0.026,1
2026-09-09,17:12:45,0.200044,0.105771,0.00018,29373.976803,0.026,1
2026-09-09,17:12:46,0.123423,0.109864,0.00019,29373.976803,0.026,1
2026-09-09,17:12:47,0.082497,0.109864,0.00019,29373.976993,0.026,1
2026-09-09,17:12:47,0.082497,0.109864,0.00019,29373.977183,0.026,1
2026-09-09,17:12:48,0.082497,0.109864,0.00019,29373.977183,0.026,1
2026-09-09,17:12:49,0.164672,0.109864,0.00019,29373.977373,0.026,1
2026-09-09,17:12:49,0.082497,0.109864,0.00019,29373.977563,0.026,1
2026-09-09,17:12:50,0.144047,0.109864,0.00019,29373.977563,0.025,1
2026-09-09,17:12:51,0.14437,0.109864,0.00018,29373.977753,0.025,1
2026-09-09,17:12:51,0.14437,0.109864,0.00018,29373.977933,0.026,1
2026-09-09,17:12:52,0.144047,0.109864,0.00019,29373.977933,0.026,1
2026-09-09,17:12:53,0.082497,0.107801,0.00019,29373.978123,0.026,1
2026-09-09,17:12:53,0.123745,0.107801,0.00019,29373.978313,0.026,1
2026-09-09,17:12:54,0.123745,0.107801,0.00019,29373.978313,0.026,1
2026-09-09,17:12:55,0.164994,0.107801,0.00019,29373.978503,0.026,1
2026-09-09,17:12:55,0.119878,0.107801,0.00019,29373.978693,0.026,1
2026-09-09,17:12:56,0.082497,0.107801,0.0002,29373.978693,0.027,1
2026-09-09,17:12:57,0.105377,0.108027,0.0002,29373.978893,0.027,1
2026-09-09,17:12:57,0.105377,0.108027,0.0002,29373.979093,0.027,1
2026-09-09,17:12:58,0.144047,0.108027,0.0002,29373.979093,0.027,1
2026-09-09,17:12:59,0.123423,0.108027,0.0002,29373.979293,0.027,1
2026-09-09,17:12:59,0.082497,0.106351,0.0002,29373.979493,0.027,1
2026-09-09,17:13:00,0.14437,0.106351,0.0002,29373.979493,0.027,1
2026-09-09,17:13:01,0.14437,0.106351,0.0002,29373.979693,0.027,1
2026-09-09,17:13:01,0.144047,0.106351,0.0002,29373.979893,0.027,1
2026-09-09,17:13:02,0.103121,0.106351,0.0002,29373.979893,0.027,1
2026-09-09,17:13:03,0.123745,0.106351,0.0002,29373.980093,0.027,1
2026-09-09,17:13:03,0.123745,0.104289,0.0002,29373.980293,0.027,1
2026-09-09,17:13:04,0.082497,0.104289,0.00019,29373.980293,0.027,1
2026-09-09,17:13:05,0.103121,0.103,0.00019,29373.980483,0.027,1
2026-09-09,17:13:05,0.185618,0.103,0.00019,29373.980673,0.027,1
2026-09-09,17:13:06,0.082497,0.096575,0.00017,29373.980673,0.026,1
2026-09-09,17:13:07,0.082497,0.096575,0.00017,29373.980843,0.026,1
2026-09-09,17:13:07,0.144047,0.096575,0.00017,29373.981013,0.026,1
2026-09-09,17:13:08,0.082497,0.09094,0.00016,29373.981013,0.026,1
2026-09-09,17:13:09,0.118912,0.09094,0.00016,29373.981173,0.026,1
2026-09-09,17:13:09,0.092165,0.09094,0.00016,29373.981333,0.026,1
2026-09-09,17:13:10,0.092165,0.09094,0.00016,29373.981333,0.026,1
2026-09-09,17:13:11,0.123423,0.09094,0.00016,29373.981493,0.026,1
2026-09-09,17:13:11,0.103121,0.09094,0.00016,29373.981653,0.026,1
2026-09-09,17:13:12,0.164672,0.09094,0.00016,29373.981653,0.026,1
2026-09-09,17:13:13,0.164672,0.09094,0.00016,29373.981813,0.026,1
2026-09-09,17:13:13,0.14437,0.09094,0.00016,29373.981973,0.026,1
2026-09-09,17:13:14,0.123745,0.09094,0.00016,29373.981973,0.026,1
2026-09-09,17:13:15,0.082497,0.086847,0.00016,29373.982133,0.026,1
2026-09-09,17:13:15,0.103121,0.08891,0.00015,29373.982283,0.026,1
2026-09-09,17:13:16,0.103121,0.08891,0.00015,29373.982283,0.026,1
2026-09-09,17:13:17,0.082497,0.08891,0.00015,29373.982433,0.026,1
2026-09-09,17:13:17,0.185296,0.08891,0.00015,29373.982583,0.026,1
2026-09-09,17:13:18,0.141469,0.08891,0.00015,29373.982583,0.026,1
2026-09-09,17:13:19,0.123745,0.08891,0.00015,29373.982733,0.026,1
2026-09-09,17:13:19,0.123745,0.08891,0.00015,29373.982883,0.027,1
2026-09-09,17:13:20,0.084229,0.089083,0.00015,29373.982883,0.027,1
2026-09-09,17:13:21,0.147072,0.089083,0.00016,29373.983043,0.027,1
2026-09-09,17:13:21,0.156615,0.089083,0.00016,29373.983203,0.027,1
2026-09-09,17:13:22,0.156615,0.089083,0.00016,29373.983203,0.027,1
2026-09-09,17:13:23,0.123423,0.089083,0.00016,29373.983363,0.027,1
2026-09-09,17:13:23,0.082497,0.086795,0.00016,29373.983523,0.027,1
2026-09-09,17:13:24,0.103121,0.088857,0.00016,29373.983523,0.027,1
2026-09-09,17:13:25,0.123745,0.092982,0.00016,29373.983683,0.026,1
2026-09-09,17:13:25,0.123745,0.092982,0.00016,29373.983843,0.026,1
2026-09-09,17:13:26,0.163705,0.092982,0.00016,29373.983843,0.026,1
2026-09-09,17:13:27,0.131019,0.092982,0.00016,29373.984003,0.026,1
2026-09-09,17:13:27,0.185618,0.092982,0.00016,29373.984163,0.026,1
2026-09-09,17:13:28,0.103121,0.092982,0.00016,29373.984163,0.026,1
2026-09-09,17:13:29,0.103121,0.092982,0.00016,29373.984323,0.026,1
2026-09-09,17:13:29,0.144047,0.092982,0.00016,29373.984483,0.026,1
2026-09-09,17:13:30,0.164672,0.092982,0.00016,29373.984483,0.026,1
2026-09-09,17:13:31,0.123745,0.092982,0.00016,29373.984643,0.026,1
2026-09-09,17:13:31,0.107955,0.092982,0.00016,29373.984803,0.026,1
2026-09-09,17:13:32,0.107955,0.092982,0.00016,29373.984803,0.026,1
2026-09-09,17:13:33,0.141147,0.092982,0.00016,29373.984963,0.026,1
2026-09-09,17:13:33,0.103121,0.092982,0.00016,29373.985123,0.026,1
2026-09-09,17:13:34,0.104732,0.092982,0.00016,29373.985123,0.026,1
2026-09-09,17:13:35,0.104732,0.092982,0.00016,29373.985283,0.026,1
2026-09-09,17:13:35,0.103121,0.092982,0.00016,29373.985443,0.026,1
2026-09-09,17:13:36,0.081051,0.092982,0.00016,29373.985443,0.026,1
2026-09-09,17:13:37,0.14184,0.092982,0.00016,29373.985603,0.026,1
2026-09-09,17:13:38,0.12568,0.092982,0.00016,29373.985763,0.026,1
2026-09-09,17:13:38,0.12568,0.092982,0.00016,29373.985763,0.026,1
2026-09-09,17:13:39,0.11259,0.092982,0.00016,29373.985923,0.026,1
2026-09-09,17:13:40,0.209469,0.092982,0.00016,29373.986083,0.026,1
2026-09-09,17:13:40,0.122804,0.092982,0.00016,29373.986083,0.026,1
2026-09-09,17:13:41,0.102337,0.092982,0.00016,29373.986243,0.026,1
2026-09-09,17:13:42,0.102337,0.092982,0.00016,29373.986403,0.026,1
2026-09-09,17:13:42,0.10392,0.092982,0.00016,29373.986403,0.026,1
2026-09-09,17:13:43,0.145488,0.092982,0.00016,29373.986563,0.026,1
2026-09-09,17:13:44,0.124704,0.092982,0.00016,29373.986723,0.027,1
2026-09-09,17:13:44,0.124704,0.092982,0.00017,29373.986723,0.027,1
2026-09-09,17:13:45,0.10392,0.092982,0.00017,29373.986893,0.027,1
2026-09-09,17:13:46,0.10392,0.092982,0.00017,29373.987063,0.027,1
2026-09-09,17:13:46,0.095152,0.092982,0.00017,29373.987063,0.027,1
2026-09-09,17:13:47,0.114962,0.092982,0.00016,29373.987233,0.026,1
2026-09-09,17:13:48,0.114962,0.092982,0.00016,29373.987393,0.026,1
2026-09-09,17:13:48,0.083136,0.092982,0.00016,29373.987393,0.026,1
2026-09-09,17:13:49,0.083136,0.092982,0.00016,29373.987553,0.026,1
2026-09-09,17:13:50,0.145488,0.092982,0.00016,29373.987713,0.026,1
2026-09-09,17:13:50,0.10392,0.092982,0.00016,29373.987713,0.026,1
2026-09-09,17:13:51,0.10392,0.092982,0.00016,29373.987873,0.026,1
2026-09-09,17:13:52,0.083136,0.092982,0.00016,29373.988033,0.025,1
2026-09-09,17:13:52,0.083136,0.092982,0.00015,29373.988033,0.025,1
2026-09-09,17:13:53,0.083136,0.092982,0.00016,29373.988183,0.026,1
2026-09-09,17:13:53,0.083136,0.092982,0.00016,29373.988343,0.026,1
2026-09-09,17:13:54,0.124704,0.092982,0.00016,29373.988343,0.026,1
2026-09-09,17:13:55,0.083136,0.093046,0.00016,29373.988503,0.026,1
2026-09-09,17:13:56,0.10392,0.095189,0.00016,29373.988663,0.026,1
2026-09-09,17:13:56,0.083136,0.095252,0.00017,29373.988663,0.026,1
2026-09-09,17:13:57,0.083136,0.095252,0.00017,29373.988833,0.026,1
2026-09-09,17:13:58,0.124704,0.095252,0.00017,29373.989003,0.026,1
2026-09-09,17:13:58,0.083136,0.093254,0.00016,29373.989003,0.026,1
2026-09-09,17:13:59,0.083136,0.093318,0.00016,29373.989163,0.026,1
2026-09-09,17:14:00,0.083136,0.093209,0.00016,29373.989323,0.026,1
2026-09-09,17:14:00,0.083136,0.093209,0.00016,29373.989323,0.026,1
2026-09-09,17:14:01,0.124704,0.093209,0.00016,29373.989483,0.025,1
2026-09-09,17:14:02,0.083136,0.093273,0.00016,29373.989643,0.025,1
2026-09-09,17:14:02,0.0971,0.09267,0.00015,29373.989643,0.025,1
2026-09-09,17:14:03,0.0971,0.092766,0.00015,29373.989793,0.025,1
2026-09-09,17:14:04,0.124704,0.092766,0.00015,29373.989943,0.025,1
2026-09-09,17:14:04,0.112364,0.093691,0.00015,29373.989943,0.025,1
2026-09-09,17:14:05,0.145164,0.099893,0.00015,29373.990093,0.026,1
2026-09-09,17:14:06,0.125354,0.102037,0.00017,29373.990263,0.026,1
2026-09-09,17:14:06,0.125354,0.104115,0.00018,29373.990263,0.025,1
2026-09-09,17:14:07,0.10392,0.104115,0.00018,29373.990443,0.025,1
2026-09-09,17:14:08,0.083136,0.104115,0.00017,29373.990613,0.025,1
2026-09-09,17:14:08,0.115287,0.104115,0.00017,29373.990613,0.025,1
2026-09-09,17:14:09,0.10392,0.104115,0.00017,29373.990783,0.025,1
2026-09-09,17:14:10,0.10392,0.104115,0.00017,29373.990953,0.025,1
2026-09-09,17:14:10,0.083136,0.104115,0.00017,29373.990953,0.025,1
2026-09-09,17:14:11,0.10392,0.104115,0.00017,29373.991123,0.025,1
2026-09-09,17:14:12,0.102946,0.104115,0.00017,29373.991293,0.025,1
2026-09-09,17:14:12,0.165948,0.104115,0.00017,29373.991293,0.025,1
2026-09-09,17:14:13,0.165948,0.104115,0.00017,29373.991463,0.025,1
2026-09-09,17:14:14,0.083136,0.104115,0.00017,29373.991633,0.025,1
2026-09-09,17:14:14,0.145164,0.104115,0.00017,29373.991633,0.025,1
2026-09-09,17:14:15,0.124704,0.104115,0.00017,29373.991803,0.026,1
2026-09-09,17:14:16,0.124704,0.104115,0.00018,29373.991983,0.026,1
2026-09-09,17:14:16,0.083136,0.104115,0.00018,29373.991983,0.027,1
2026-09-09,17:14:17,0.088266,0.104628,0.00018,29373.992163,0.027,1
2026-09-09,17:14:18,0.102337,0.105152,0.00021,29373.992373,0.028,1
2026-09-09,17:14:18,0.083788,0.10106,0.00021,29373.992373,0.028,1
2026-09-09,17:14:19,0.083788,0.10106,0.0002,29373.992573,0.028,1
2026-09-09,17:14:20,0.134317,0.10106,0.0002,29373.992773,0.028,1
2026-09-09,17:14:20,0.08187,0.098011,0.0002,29373.992773,0.028,1
2026-09-09,17:14:21,0.08187,0.091681,0.00019,29373.992963,0.028,1
2026-09-09,17:14:22,0.122165,0.091681,0.00018,29373.993143,0.028,1
2026-09-09,17:14:22,0.122165,0.091681,0.00018,29373.993143,0.027,1
2026-09-09,17:14:23,0.102337,0.091681,0.00017,29373.993313,0.027,1
2026-09-09,17:14:24,0.08187,0.091681,0.00017,29373.993483,0.027,1
2026-09-09,17:14:24,0.10392,0.091681,0.00017,29373.993483,0.027,1
2026-09-09,17:14:25,0.10392,0.091681,0.00017,29373.993653,0.027,1
2026-09-09,17:14:26,0.083136,0.091681,0.00017,29373.993823,0.027,1
2026-09-09,17:14:26,0.083136,0.091681,0.00017,29373.993823,0.027,1
2026-09-09,17:14:27,0.10392,0.091681,0.00017,29373.993993,0.026,1
2026-09-09,17:14:28,0.083786,0.091681,0.00016,29373.994153,0.026,1
2026-09-09,17:14:28,0.083786,0.091681,0.00016,29373.994153,0.026,1
2026-09-09,17:14:29,0.083136,0.091681,0.00016,29373.994313,0.026,1
2026-09-09,17:14:30,0.10392,0.095133,0.00016,29373.994473,0.026,1
2026-09-09,17:14:30,0.165948,0.095133,0.00016,29373.994473,0.026,1
2026-09-09,17:14:31,0.081254,0.091042,0.00016,29373.994633,0.026,1
2026-09-09,17:14:32,0.081254,0.091042,0.00015,29373.994783,0.026,1
2026-09-09,17:14:32,0.084008,0.089209,0.00015,29373.994783,0.026,1
2026-09-09,17:14:33,0.188689,0.089209,0.00015,29373.994933,0.026,1
2026-09-09,17:14:34,0.12343,0.089209,0.00015,29373.995083,0.026,1
2026-09-09,17:14:34,0.12343,0.089209,0.00015,29373.995083,0.026,1
2026-09-09,17:14:35,0.144001,0.089209,0.00015,29373.995233,0.026,1
2026-09-09,17:14:36,0.120215,0.089209,0.00015,29373.995383,0.026,1
2026-09-09,17:14:36,0.102858,0.089209,0.00015,29373.995383,0.026,1
2026-09-09,17:14:37,0.082287,0.089209,0.00015,29373.995533,0.026,1
2026-09-09,17:14:38,0.082287,0.089209,0.00015,29373.995683,0.026,1
2026-09-09,17:14:38,0.157823,0.089209,0.00015,29373.995683,0.026,1
2026-09-09,17:14:39,0.123108,0.089209,0.00015,29373.995833,0.026,1
2026-09-09,17:14:40,0.083788,0.0894,0.00015,29373.995983,0.026,1
2026-09-09,17:14:40,0.102597,0.089268,0.00015,29373.995983,0.026,1
2026-09-09,17:14:41,0.102597,0.089268,0.00015,29373.996133,0.026,1
2026-09-09,17:14:42,0.143636,0.089268,0.00015,29373.996283,0.026,1
2026-09-09,17:14:42,0.122796,0.089268,0.00015,29373.996283,0.026,1
2026-09-09,17:14:43,0.097146,0.089268,0.00015,29373.996433,0.026,1
2026-09-09,17:14:44,0.097146,0.089268,0.00015,29373.996583,0.026,1
2026-09-09,17:14:44,0.082077,0.089268,0.00015,29373.996583,0.026,1
2026-09-09,17:14:45,0.143315,0.089268,0.00015,29373.996733,0.026,1
2026-09-09,17:14:46,0.104461,0.089268,0.00015,29373.996883,0.027,1
2026-09-09,17:14:46,0.083569,0.089268,0.00016,29373.996883,0.027,1
2026-09-09,17:14:47,0.083569,0.089268,0.00016,29373.997043,0.027,1
2026-09-09,17:14:48,0.08187,0.089268,0.00016,29373.997203,0.027,1
2026-09-09,17:14:48,0.122485,0.089268,0.00016,29373.997203,0.027,1
2026-09-09,17:14:49,0.10392,0.089268,0.00016,29373.997363,0.027,1
2026-09-09,17:14:50,0.187056,0.089268,0.00016,29373.997523,0.027,1
2026-09-09,17:14:50,0.187056,0.089268,0.00016,29373.997523,0.027,1
2026-09-09,17:14:51,0.108459,0.0918,0.00017,29373.997683,0.027,1
2026-09-09,17:14:52,0.083788,0.091866,0.00017,29373.997853,0.027,1
2026-09-09,17:14:52,0.144001,0.091866,0.00017,29373.997853,0.027,1
2026-09-09,17:14:53,0.144001,0.089702,0.00017,29373.998023,0.027,1
2026-09-09,17:14:54,0.082287,0.089702,0.00017,29373.998193,0.027,1
2026-09-09,17:14:54,0.082929,0.089617,0.00017,29373.998193,0.027,1
2026-09-09,17:14:55,0.082287,0.089532,0.00017,29373.998363,0.027,1
2026-09-09,17:14:56,0.082287,0.087368,0.00017,29373.998533,0.027,1
2026-09-09,17:14:56,0.082287,0.087471,0.00016,29373.998533,0.026,1
2026-09-09,17:14:57,0.082287,0.087471,0.00016,29373.998693,0.026,1
2026-09-09,17:14:58,0.149466,0.087471,0.00015,29373.998843,0.026,1
2026-09-09,17:14:58,0.082287,0.087299,0.00015,29373.998843,0.026,1
2026-09-09,17:14:59,0.185145,0.087299,0.00015,29373.998993,0.026,1
2026-09-09,17:15:00,0.185145,0.087299,0.00015,29373.999143,0.026,1
2026-09-09,17:15:00,0.123108,0.087299,0.00015,29373.999143,0.026,1
2026-09-09,17:15:01,0.14368,0.087299,0.00015,29373.999293,0.026,1
2026-09-09,17:15:02,0.121501,0.087299,0.00015,29373.999443,0.026,1
2026-09-09,17:15:02,0.121501,0.087299,0.00015,29373.999443,0.026,1
2026-09-09,17:15:03,0.14368,0.087299,0.00015,29373.999593,0.026,1
2026-09-09,17:15:04,0.082287,0.087149,0.00015,29373.999743,0.026,1
2026-09-09,17:15:04,0.164252,0.087149,0.00016,29373.999743,0.027,1
2026-09-09,17:15:05,0.082287,0.085118,0.00016,29373.999903,0.027,1
2026-09-09,17:15:06,0.082287,0.085118,0.00016,29374.000063,0.027,1
2026-09-09,17:15:06,0.12343,0.085118,0.00016,29374.000063,0.027,1
2026-09-09,17:15:07,0.147537,0.085118,0.00016,29374.000223,0.027,1
2026-09-09,17:15:08,0.082287,0.082501,0.00015,29374.000373,0.027,1
2026-09-09,17:15:08,0.14368,0.082501,0.00015,29374.000373,0.027,1
2026-09-09,17:15:09,0.14368,0.082501,0.00015,29374.000523,0.027,1
2026-09-09,17:15:10,0.12343,0.082501,0.00015,29374.000673,0.027,1
2026-09-09,17:15:10,0.102858,0.082501,0.00015,29374.000673,0.027,1
2026-09-09,17:15:11,0.102858,0.082501,0.00015,29374.000823,0.027,1
2026-09-09,17:15:12,0.102858,0.082501,0.00015,29374.000973,0.027,1
2026-09-09,17:15:12,0.150751,0.082501,0.00015,29374.000973,0.027,1
2026-09-09,17:15:13,0.091608,0.083283,0.00015,29374.001123,0.027,1
2026-09-09,17:15:14,0.082287,0.083283,0.00015,29374.001273,0.027,1
2026-09-09,17:15:14,0.082287,0.083219,0.00015,29374.001273,0.027,1
2026-09-09,17:15:15,0.082287,0.083219,0.00015,29374.001423,0.027,1
2026-09-09,17:15:16,0.14368,0.083219,0.00015,29374.001573,0.027,1
2026-09-09,17:15:16,0.095144,0.084504,0.00016,29374.001573,0.027,1
2026-09-09,17:15:17,0.102858,0.086562,0.00016,29374.001733,0.027,1
2026-09-09,17:15:18,0.102858,0.088619,0.00016,29374.001893,0.027,1
2026-09-09,17:15:18,0.102858,0.088619,0.00016,29374.001893,0.027,1
2026-09-09,17:15:19,0.102858,0.090676,0.00017,29374.002063,0.027,1
2026-09-09,17:15:20,0.123108,0.094758,0.00018,29374.002243,0.027,1
2026-09-09,17:15:20,0.102858,0.096815,0.00018,29374.002243,0.027,1
2026-09-09,17:15:21,0.082287,0.096815,0.00018,29374.002423,0.027,1
2026-09-09,17:15:22,0.082287,0.096815,0.00018,29374.002603,0.027,1
2026-09-09,17:15:22,0.082287,0.095883,0.00018,29374.002603,0.027,1
2026-09-09,17:15:23,0.117323,0.095883,0.00018,29374.002783,0.027,1
2026-09-09,17:15:24,0.134358,0.095883,0.00018,29374.002963,0.027,1
2026-09-09,17:15:24,0.134358,0.095883,0.00018,29374.002963,0.027,1
2026-09-09,17:15:25,0.082287,0.095883,0.00018,29374.003143,0.026,1
2026-09-09,17:15:26,0.123108,0.095883,0.00017,29374.003313,0.026,1
2026-09-09,17:15:26,0.164252,0.095883,0.00017,29374.003313,0.026,1
2026-09-09,17:15:27,0.144001,0.095883,0.00017,29374.003483,0.027,1
2026-09-09,17:15:28,0.144001,0.095883,0.00018,29374.003663,0.027,1
2026-09-09,17:15:28,0.144001,0.095883,0.00018,29374.003663,0.027,1
2026-09-09,17:15:29,0.083788,0.096033,0.00018,29374.003843,0.027,1
2026-09-09,17:15:30,0.093934,0.095912,0.00019,29374.004033,0.028,1
2026-09-09,17:15:30,0.083788,0.094005,0.00019,29374.004033,0.028,1
2026-09-09,17:15:31,0.083788,0.094005,0.00018,29374.004213,0.027,1
2026-09-09,17:15:32,0.104735,0.094193,0.00017,29374.004383,0.027,1
2026-09-09,17:15:32,0.125682,0.096475,0.00017,29374.004383,0.027,1
2026-09-09,17:15:33,0.083788,0.096475,0.00018,29374.004563,0.027,1
2026-09-09,17:15:34,0.083788,0.096475,0.00018,29374.004743,0.027,1
2026-09-09,17:15:34,0.137864,0.096475,0.00018,29374.004743,0.027,1
2026-09-09,17:15:35,0.126348,0.096475,0.00018,29374.004923,0.027,1
2026-09-09,17:15:36,0.082287,0.092393,0.00017,29374.005093,0.027,1
2026-09-09,17:15:36,0.082287,0.090336,0.00017,29374.005093,0.027,1
2026-09-09,17:15:37,0.082287,0.092393,0.00017,29374.005263,0.027,1
2026-09-09,17:15:38,0.102858,0.092393,0.00017,29374.005433,0.027,1
2026-09-09,17:15:38,0.082287,0.092393,0.00017,29374.005433,0.027,1
2026-09-09,17:15:39,0.083569,0.092521,0.00017,29374.005603,0.027,1
2026-09-09,17:15:40,0.083569,0.092499,0.00017,29374.005773,0.027,1
2026-09-09,17:15:40,0.083569,0.092499,0.00017,29374.005773,0.026,1
2026-09-09,17:15:41,0.14592,0.092499,0.00016,29374.005943,0.026,1
2026-09-09,17:15:42,0.081663,0.091272,0.00016,29374.006103,0.026,1
2026-09-09,17:15:42,0.089679,0.091861,0.00016,29374.006103,0.026,1
2026-09-09,17:15:43,0.089679,0.089767,0.00016,29374.006263,0.026,1
2026-09-09,17:15:44,0.083788,0.089767,0.00016,29374.006423,0.026,1
2026-09-09,17:15:44,0.102858,0.087484,0.00015,29374.006423,0.026,1
2026-09-09,17:15:45,0.126644,0.09192,0.00016,29374.006573,0.026,1
2026-09-09,17:15:46,0.125682,0.09626,0.00016,29374.006733,0.026,1
2026-09-09,17:15:46,0.125682,0.09626,0.00017,29374.006733,0.026,1
2026-09-09,17:15:47,0.083788,0.09626,0.00017,29374.006903,0.026,1
2026-09-09,17:15:48,0.146301,0.09626,0.00017,29374.007073,0.026,1
2026-09-09,17:15:48,0.126991,0.09626,0.00017,29374.007073,0.026,1
2026-09-09,17:15:49,0.110953,0.09626,0.00017,29374.007243,0.026,1
2026-09-09,17:15:50,0.110953,0.09626,0.00017,29374.007413,0.026,1
2026-09-09,17:15:50,0.104735,0.09626,0.00017,29374.007413,0.026,1
2026-09-09,17:15:51,0.083788,0.09626,0.00017,29374.007583,0.026,1
2026-09-09,17:15:52,0.16463,0.09626,0.00017,29374.007753,0.026,1
2026-09-09,17:15:52,0.16463,0.094353,0.00017,29374.007753,0.026,1
2026-09-09,17:15:53,0.083788,0.094353,0.00016,29374.007923,0.027,1
2026-09-09,17:15:54,0.123116,0.094353,0.00016,29374.008083,0.027,1
2026-09-09,17:15:54,0.082077,0.094332,0.00017,29374.008083,0.027,1
2026-09-09,17:15:55,0.083352,0.09431,0.00017,29374.008253,0.027,1
2026-09-09,17:15:56,0.083352,0.09431,0.00017,29374.008423,0.027,1
2026-09-09,17:15:56,0.156936,0.09431,0.00017,29374.008423,0.027,1
2026-09-09,17:15:57,0.124702,0.09431,0.00017,29374.008593,0.027,1
2026-09-09,17:15:58,0.081663,0.094119,0.00017,29374.008763,0.027,1
2026-09-09,17:15:58,0.122495,0.094119,0.00017,29374.008763,0.027,1
2026-09-09,17:15:59,0.122495,0.094119,0.00017,29374.008933,0.026,1
2026-09-09,17:16:00,0.137488,0.094119,0.00016,29374.009093,0.026,1
2026-09-09,17:16:00,0.16552,0.094119,0.00016,29374.009093,0.026,1
2026-09-09,17:16:01,0.081663,0.094119,0.00016,29374.009253,0.026,1
2026-09-09,17:16:02,0.081663,0.095284,0.00016,29374.009413,0.026,1
2026-09-09,17:16:02,0.101322,0.095284,0.00017,29374.009413,0.026,1
2026-09-09,17:16:03,0.107817,0.097687,0.00017,29374.009583,0.026,1
2026-09-09,17:16:04,0.10392,0.097793,0.00017,29374.009753,0.026,1
2026-09-09,17:16:04,0.083136,0.093442,0.00016,29374.009753,0.026,1
2026-09-09,17:16:05,0.083136,0.093442,0.00016,29374.009913,0.026,1
2026-09-09,17:16:06,0.120158,0.093442,0.00016,29374.010073,0.026,1
2026-09-09,17:16:06,0.139643,0.093442,0.00016,29374.010073,0.026,1
2026-09-09,17:16:07,0.10392,0.093442,0.00016,29374.010233,0.026,1
2026-09-09,17:16:08,0.083136,0.093442,0.00016,29374.010393,0.026,1
2026-09-09,17:16:08,0.083136,0.093442,0.00016,29374.010393,0.027,1
2026-09-09,17:16:09,0.10392,0.093442,0.00016,29374.010553,0.027,1
2026-09-09,17:16:10,0.163739,0.093442,0.00017,29374.010723,0.027,1
2026-09-09,17:16:10,0.122485,0.093442,0.00017,29374.010723,0.027,1
2026-09-09,17:16:11,0.143272,0.093442,0.00017,29374.010893,0.027,1
2026-09-09,17:16:12,0.143272,0.093442,0.00017,29374.011063,0.027,1
2026-09-09,17:16:12,0.104461,0.093442,0.00017,29374.011063,0.027,1
2026-09-09,17:16:13,0.083569,0.093442,0.00017,29374.011233,0.027,1
2026-09-09,17:16:14,0.083569,0.093442,0.00017,29374.011403,0.027,1
2026-09-09,17:16:14,0.083569,0.093442,0.00017,29374.011403,0.027,1
2026-09-09,17:16:15,0.102337,0.093442,0.00017,29374.011573,0.027,1
2026-09-09,17:16:16,0.125028,0.093442,0.00017,29374.011743,0.027,1
2026-09-09,17:16:16,0.083352,0.089209,0.00016,29374.011743,0.027,1
2026-09-09,17:16:17,0.102597,0.09109,0.00016,29374.011903,0.027,1
2026-09-09,17:16:18,0.102597,0.09109,0.00017,29374.012073,0.027,1
2026-09-09,17:16:18,0.184674,0.09109,0.00017,29374.012073,0.027,1
2026-09-09,17:16:19,0.102597,0.093142,0.00017,29374.012243,0.027,1
2026-09-09,17:16:20,0.082077,0.093015,0.00017,29374.012413,0.027,1
2026-09-09,17:16:20,0.143315,0.093015,0.00017,29374.012413,0.027,1
2026-09-09,17:16:21,0.143315,0.093015,0.00017,29374.012583,0.027,1
2026-09-09,17:16:22,0.123116,0.093015,0.00017,29374.012753,0.027,1
2026-09-09,17:16:22,0.082077,0.093056,0.00017,29374.012753,0.027,1
2026-09-09,17:16:23,0.184674,0.093056,0.00017,29374.012923,0.027,1
2026-09-09,17:16:24,0.184674,0.093056,0.00017,29374.013093,0.027,1
2026-09-09,17:16:24,0.123116,0.093056,0.00017,29374.013093,0.027,1
2026-09-09,17:16:25,0.102597,0.093056,0.00017,29374.013263,0.027,1
2026-09-09,17:16:26,0.125683,0.093056,0.00017,29374.013433,0.027,1
2026-09-09,17:16:26,0.081663,0.093056,0.00017,29374.013433,0.027,1
2026-09-09,17:16:27,0.081663,0.09109,0.00017,29374.013603,0.027,1
2026-09-09,17:16:28,0.081663,0.09109,0.00017,29374.013773,0.027,1
2026-09-09,17:16:28,0.153859,0.09109,0.00017,29374.013773,0.027,1
2026-09-09,17:16:29,0.165844,0.09109,0.00017,29374.013943,0.027,1
2026-09-09,17:16:30,0.189516,0.09109,0.00017,29374.014113,0.027,1
2026-09-09,17:16:30,0.189516,0.09109,0.00017,29374.014113,0.027,1
2026-09-09,17:16:31,0.082497,0.088558,0.00016,29374.014273,0.028,1
2026-09-09,17:16:32,0.14437,0.088558,0.00017,29374.014443,0.028,1
2026-09-09,17:16:32,0.123423,0.088558,0.00017,29374.014443,0.028,1
2026-09-09,17:16:33,0.082497,0.086416,0.00017,29374.014613,0.028,1
2026-09-09,17:16:34,0.082497,0.086416,0.00017,29374.014783,0.028,1
2026-09-09,17:16:34,0.084229,0.086525,0.00017,29374.014783,0.028,1
2026-09-09,17:16:35,0.185145,0.086525,0.00017,29374.014953,0.028,1
2026-09-09,17:16:36,0.102858,0.088476,0.00017,29374.015123,0.028,1
2026-09-09,17:16:36,0.102858,0.086595,0.00017,29374.015123,0.028,1
2026-09-09,17:16:37,0.083788,0.086595,0.00017,29374.015293,0.028,1
2026-09-09,17:16:38,0.164252,0.086595,0.00017,29374.015463,0.028,1
2026-09-09,17:16:38,0.168015,0.086595,0.00017,29374.015463,0.028,1
2026-09-09,17:16:39,0.10501,0.086836,0.00017,29374.015633,0.028,1
2026-09-09,17:16:40,0.10501,0.086836,0.00017,29374.015803,0.027,1
2026-09-09,17:16:40,0.101568,0.088785,0.00016,29374.015803,0.027,1
2026-09-09,17:16:41,0.103386,0.090916,0.00017,29374.015963,0.027,1
2026-09-09,17:16:42,0.082709,0.09102,0.00017,29374.016133,0.027,1
2026-09-09,17:16:42,0.082709,0.09102,0.00017,29374.016133,0.027,1
2026-09-09,17:16:43,0.138602,0.09102,0.00017,29374.016303,0.027,1
2026-09-09,17:16:44,0.103386,0.09102,0.00017,29374.016473,0.027,1
2026-09-09,17:16:44,0.082709,0.09102,0.00017,29374.016473,0.026,1
2026-09-09,17:16:45,0.082709,0.09102,0.00016,29374.016643,0.026,1
2026-09-09,17:16:46,0.082709,0.09102,0.00016,29374.016803,0.026,1
2026-09-09,17:16:46,0.103386,0.09102,0.00016,29374.016803,0.026,1
2026-09-09,17:16:47,0.124063,0.09102,0.00016,29374.016963,0.026,1
2026-09-09,17:16:48,0.124063,0.09102,0.00016,29374.017123,0.026,1
2026-09-09,17:16:48,0.103386,0.09102,0.00016,29374.017123,0.026,1
2026-09-09,17:16:49,0.103386,0.09102,0.00016,29374.017283,0.026,1
2026-09-09,17:16:50,0.082709,0.09102,0.00016,29374.017443,0.026,1
2026-09-09,17:16:50,0.12374,0.09102,0.00016,29374.017443,0.026,1
2026-09-09,17:16:51,0.082709,0.091125,0.00016,29374.017603,0.026,1
2026-09-09,17:16:52,0.195141,0.091125,0.00016,29374.017763,0.026,1
2026-09-09,17:16:52,0.195141,0.091125,0.00016,29374.017763,0.026,1
2026-09-09,17:16:53,0.12374,0.091125,0.00016,29374.017923,0.026,1
2026-09-09,17:16:54,0.156371,0.091125,0.00016,29374.018083,0.027,1
2026-09-09,17:16:54,0.082709,0.091146,0.00017,29374.018083,0.027,1
2026-09-09,17:16:55,0.082709,0.091167,0.00017,29374.018253,0.027,1
2026-09-09,17:16:56,0.082709,0.091167,0.00017,29374.018423,0.027,1
2026-09-09,17:16:56,0.104032,0.093148,0.00017,29374.018423,0.027,1
2026-09-09,17:16:57,0.159602,0.093148,0.00016,29374.018593,0.026,1
2026-09-09,17:16:58,0.084008,0.091263,0.00016,29374.018753,0.026,1
2026-09-09,17:16:58,0.084008,0.093222,0.00016,29374.018753,0.026,1
2026-09-09,17:16:59,0.103386,0.093222,0.00016,29374.018913,0.026,1
2026-09-09,17:17:00,0.101338,0.092855,0.00016,29374.019073,0.026,1
2026-09-09,17:17:00,0.082287,0.090927,0.00016,29374.019073,0.026,1
2026-09-09,17:17:01,0.082287,0.088817,0.00016,29374.019233,0.026,1
2026-09-09,17:17:02,0.082287,0.088817,0.00015,29374.019383,0.027,1
2026-09-09,17:17:02,0.164252,0.088817,0.00016,29374.019383,0.027,1
2026-09-09,17:17:03,0.084229,0.088969,0.00016,29374.019543,0.027,1
2026-09-09,17:17:04,0.123116,0.088969,0.00016,29374.019703,0.027,1
2026-09-09,17:17:04,0.123116,0.088969,0.00016,29374.019703,0.027,1
2026-09-09,17:17:05,0.102597,0.088969,0.00016,29374.019863,0.028,1
2026-09-09,17:17:06,0.082077,0.088969,0.00017,29374.020033,0.028,1
2026-09-09,17:17:06,0.123116,0.088969,0.00017,29374.020033,0.028,1
2026-09-09,17:17:07,0.083352,0.089034,0.00017,29374.020203,0.029,1
2026-09-09,17:17:08,0.083352,0.089034,0.00019,29374.020393,0.029,1
2026-09-09,17:17:08,0.14554,0.089034,0.00019,29374.020393,0.029,1
2026-09-09,17:17:09,0.083352,0.089098,0.00019,29374.020583,0.029,1
2026-09-09,17:17:10,0.083352,0.089162,0.00019,29374.020773,0.028,1
2026-09-09,17:17:10,0.10419,0.089178,0.00018,29374.020773,0.028,1
2026-09-09,17:17:11,0.10419,0.089178,0.00018,29374.020953,0.028,1
2026-09-09,17:17:12,0.102079,0.090985,0.00018,29374.021133,0.028,1
2026-09-09,17:17:12,0.104461,0.091093,0.00018,29374.021133,0.028,1
2026-09-09,17:17:13,0.14592,0.091093,0.00018,29374.021313,0.027,1
2026-09-09,17:17:14,0.14592,0.091093,0.00017,29374.021483,0.027,1
2026-09-09,17:17:14,0.12343,0.091093,0.00017,29374.021483,0.027,1
2026-09-09,17:17:15,0.129537,0.091093,0.00017,29374.021653,0.027,1
2026-09-09,17:17:16,0.082287,0.089188,0.00016,29374.021813,0.027,1
2026-09-09,17:17:16,0.082287,0.089188,0.00016,29374.021813,0.027,1
2026-09-09,17:17:17,0.082287,0.091566,0.00016,29374.021973,0.027,1
2026-09-09,17:17:18,0.106072,0.091566,0.00017,29374.022143,0.027,1
2026-09-09,17:17:18,0.082287,0.091372,0.00017,29374.022143,0.027,1
2026-09-09,17:17:19,0.12343,0.091372,0.00017,29374.022313,0.027,1
2026-09-09,17:17:20,0.157823,0.091372,0.00017,29374.022483,0.027,1
2026-09-09,17:17:20,0.157823,0.091372,0.00017,29374.022483,0.027,1
2026-09-09,17:17:21,0.102858,0.093322,0.00017,29374.022653,0.027,1
2026-09-09,17:17:22,0.102858,0.095273,0.00018,29374.022833,0.027,1
2026-09-09,17:17:22,0.135001,0.095273,0.00018,29374.022833,0.027,1
2026-09-09,17:17:23,0.135001,0.095273,0.00018,29374.023013,0.027,1
2026-09-09,17:17:24,0.144001,0.095273,0.00018,29374.023193,0.027,1
2026-09-09,17:17:24,0.102858,0.095273,0.00018,29374.023193,0.027,1
2026-09-09,17:17:25,0.12343,0.095273,0.00018,29374.023373,0.027,1
2026-09-09,17:17:26,0.102858,0.095273,0.00018,29374.023553,0.027,1
2026-09-09,17:17:26,0.102858,0.095273,0.00018,29374.023553,0.027,1
2026-09-09,17:17:27,0.082287,0.095273,0.00018,29374.023733,0.027,1
2026-09-09,17:17:28,0.12343,0.099281,0.00018,29374.023913,0.027,1
2026-09-09,17:17:28,0.12343,0.101205,0.00018,29374.023913,0.027,1
2026-09-09,17:17:29,0.164252,0.101205,0.00019,29374.024103,0.027,1
2026-09-09,17:17:30,0.164252,0.101205,0.00018,29374.024283,0.027,1
2026-09-09,17:17:30,0.082287,0.099226,0.00018,29374.024283,0.027,1
2026-09-09,17:17:31,0.082287,0.097008,0.00018,29374.024463,0.027,1
2026-09-09,17:17:32,0.082287,0.097008,0.00018,29374.024643,0.027,1
2026-09-09,17:17:32,0.082287,0.097225,0.00018,29374.024643,0.027,1
2026-09-09,17:17:33,0.084452,0.097225,0.00018,29374.024823,0.026,1
2026-09-09,17:17:34,0.084452,0.095063,0.00016,29374.024983,0.026,1
2026-09-09,17:17:34,0.082077,0.095042,0.00016,29374.024983,0.026,1
2026-09-09,17:17:35,0.119589,0.095042,0.00016,29374.025143,0.026,1
2026-09-09,17:17:36,0.119589,0.092964,0.00016,29374.025143,0.026,1
2026-09-09,17:17:36,0.082077,0.092964,0.00016,29374.025303,0.026,1
2026-09-09,17:17:37,0.102597,0.092937,0.00016,29374.025463,0.026,1
2026-09-09,17:17:38,0.246232,0.092937,0.00016,29374.025463,0.026,1
2026-09-09,17:17:38,0.082077,0.088802,0.00016,29374.025623,0.026,1
2026-09-09,17:17:39,0.082077,0.088802,0.00015,29374.025773,0.026,1
2026-09-09,17:17:40,0.082077,0.084667,0.00015,29374.025923,0.026,1
2026-09-09,17:17:40,0.123116,0.084667,0.00015,29374.025923,0.026,1
2026-09-09,17:17:41,0.10501,0.084667,0.00015,29374.026073,0.026,1
2026-09-09,17:17:42,0.10501,0.084667,0.00015,29374.026223,0.026,1
2026-09-09,17:17:42,0.084008,0.084667,0.00015,29374.026223,0.026,1
2026-09-09,17:17:43,0.084008,0.084667,0.00015,29374.026373,0.026,1
2026-09-09,17:17:44,0.082709,0.084667,0.00015,29374.026523,0.026,1
2026-09-09,17:17:44,0.103386,0.084667,0.00015,29374.026523,0.026,1
2026-09-09,17:17:45,0.103386,0.084667,0.00015,29374.026673,0.026,1
2026-09-09,17:17:46,0.124063,0.084667,0.00015,29374.026823,0.026,1
2026-09-09,17:17:46,0.103386,0.084667,0.00015,29374.026823,0.026,1
2026-09-09,17:17:47,0.112323,0.084667,0.00015,29374.026973,0.026,1
2026-09-09,17:17:48,0.121869,0.104388,0.00015,29374.026973,0.026,1
2026-09-09,17:17:48,0.121869,0.104388,0.00018,29374.027123,0.026,1
2026-09-09,17:17:49,0.142551,0.106331,0.00018,29374.027303,0.026,1
2026-09-09,17:17:50,0.084008,0.106331,0.00018,29374.027303,0.026,1
2026-09-09,17:17:50,0.084008,0.106331,0.00018,29374.027483,0.026,1
2026-09-09,17:17:51,0.084008,0.106331,0.00018,29374.027663,0.026,1
2026-09-09,17:17:52,0.10501,0.106331,0.00018,29374.027843,0.026,1
2026-09-09,17:17:52,0.14368,0.106331,0.00018,29374.027843,0.026,1
2026-09-09,17:17:53,0.203788,0.106331,0.00018,29374.028023,0.026,1
2026-09-09,17:17:54,0.126012,0.108431,0.00018,29374.028023,0.026,1
2026-09-09,17:17:54,0.126012,0.112279,0.00019,29374.028203,0.026,1
2026-09-09,17:17:55,0.122485,0.112279,0.00019,29374.028393,0.026,1
2026-09-09,17:17:56,0.102337,0.114112,0.0002,29374.028593,0.026,1
2026-09-09,17:17:56,0.08187,0.114028,0.00021,29374.028593,0.027,1
2026-09-09,17:17:57,0.122485,0.114028,0.00021,29374.028803,0.027,1
2026-09-09,17:17:58,0.122485,0.114028,0.00021,29374.029013,0.027,1
2026-09-09,17:17:58,0.161726,0.114028,0.00021,29374.029013,0.027,1
2026-09-09,17:17:59,0.081254,0.111815,0.00021,29374.029223,0.027,1
2026-09-09,17:18:00,0.081254,0.107534,0.00021,29374.029433,0.028,1
2026-09-09,17:18:00,0.124704,0.107534,0.00021,29374.029433,0.028,1
2026-09-09,17:18:01,0.124704,0.107534,0.00021,29374.029643,0.028,1
2026-09-09,17:18:02,0.126328,0.107534,0.00021,29374.029643,0.028,1
2026-09-09,17:18:02,0.10392,0.107534,0.00021,29374.029853,0.028,1
2026-09-09,17:18:03,0.186732,0.107534,0.00021,29374.030063,0.028,1
2026-09-09,17:18:04,0.186732,0.105509,0.00021,29374.030063,0.028,1
2026-09-09,17:18:04,0.083136,0.105509,0.00021,29374.030273,0.028,1
2026-09-09,17:18:05,0.105544,0.104831,0.00021,29374.030483,0.028,1
2026-09-09,17:18:06,0.12438,0.105082,0.00021,29374.030483,0.028,1
2026-09-09,17:18:06,0.096776,0.100505,0.0002,29374.030693,0.028,1
2026-09-09,17:18:07,0.096776,0.100505,0.0002,29374.030893,0.028,1
2026-09-09,17:18:08,0.083136,0.096217,0.00019,29374.030893,0.028,1
2026-09-09,17:18:08,0.1308,0.096217,0.00019,29374.031083,0.028,1
2026-09-09,17:18:09,0.12438,0.096217,0.00019,29374.031273,0.028,1
2026-09-09,17:18:10,0.12438,0.096217,0.00019,29374.031273,0.028,1
2026-09-09,17:18:10,0.12438,0.096217,0.00019,29374.031463,0.028,1
2026-09-09,17:18:11,0.120158,0.096217,0.00019,29374.031653,0.028,1
2026-09-09,17:18:12,0.083136,0.092282,0.00018,29374.031653,0.028,1
2026-09-09,17:18:12,0.083136,0.090362,0.00018,29374.031833,0.028,1
2026-09-09,17:18:13,0.083136,0.090362,0.00018,29374.032013,0.028,1
2026-09-09,17:18:14,0.12438,0.090362,0.00018,29374.032013,0.027,1
2026-09-09,17:18:14,0.107168,0.090362,0.00017,29374.032193,0.027,1
2026-09-09,17:18:15,0.109735,0.090362,0.00017,29374.032363,0.026,1
2026-09-09,17:18:16,0.084008,0.090362,0.00016,29374.032363,0.026,1
2026-09-09,17:18:16,0.084008,0.090362,0.00016,29374.032523,0.026,1
2026-09-09,17:18:17,0.12343,0.090362,0.00016,29374.032683,0.026,1
2026-09-09,17:18:18,0.121823,0.090362,0.00016,29374.032683,0.026,1
2026-09-09,17:18:18,0.153966,0.090362,0.00016,29374.032843,0.026,1
2026-09-09,17:18:19,0.082287,0.090404,0.00016,29374.033003,0.026,1
2026-09-09,17:18:20,0.082287,0.090404,0.00016,29374.033003,0.025,1
2026-09-09,17:18:20,0.082287,0.090507,0.00016,29374.033163,0.025,1
2026-09-09,17:18:21,0.171323,0.090507,0.00015,29374.033313,0.025,1
2026-09-09,17:18:22,0.082287,0.09061,0.00015,29374.033313,0.025,1
2026-09-09,17:18:22,0.082287,0.092583,0.00015,29374.033463,0.025,1
2026-09-09,17:18:23,0.102858,0.092583,0.00015,29374.033613,0.025,1
2026-09-09,17:18:24,0.102858,0.092314,0.00015,29374.033613,0.025,1
2026-09-09,17:18:24,0.082287,0.088105,0.00015,29374.033763,0.025,1
2026-09-09,17:18:25,0.123108,0.088105,0.00014,29374.033903,0.025,1
2026-09-09,17:18:26,0.123108,0.088105,0.00014,29374.033903,0.025,1
2026-09-09,17:18:26,0.158144,0.088105,0.00014,29374.034043,0.025,1
2026-09-09,17:18:27,0.130823,0.088105,0.00014,29374.034183,0.025,1
2026-09-09,17:18:28,0.082287,0.086656,0.00014,29374.034183,0.025,1
2026-09-09,17:18:28,0.082287,0.086571,0.00014,29374.034323,0.026,1
2026-09-09,17:18:29,0.082287,0.086571,0.00015,29374.034473,0.026,1
2026-09-09,17:18:30,0.12343,0.086571,0.00015,29374.034473,0.026,1
2026-09-09,17:18:30,0.184502,0.086571,0.00015,29374.034623,0.026,1
2026-09-09,17:18:31,0.101314,0.088389,0.00015,29374.034773,0.026,1
2026-09-09,17:18:32,0.101314,0.088543,0.00015,29374.034773,0.026,1
2026-09-09,17:18:32,0.084676,0.088543,0.00015,29374.034923,0.026,1
2026-09-09,17:18:33,0.082709,0.088585,0.00015,29374.035073,0.026,1
2026-09-09,17:18:34,0.103386,0.090695,0.00016,29374.035073,0.026,1
2026-09-09,17:18:34,0.109235,0.09339,0.00016,29374.035233,0.027,1
2026-09-09,17:18:35,0.109235,0.09339,0.00017,29374.035403,0.027,1
2026-09-09,17:18:36,0.178716,0.09339,0.00017,29374.035403,0.027,1
2026-09-09,17:18:36,0.082287,0.091332,0.00017,29374.035573,0.027,1
2026-09-09,17:18:37,0.082287,0.089275,0.00016,29374.035733,0.027,1
2026-09-09,17:18:38,0.12343,0.089275,0.00016,29374.035733,0.027,1
2026-09-09,17:18:38,0.12343,0.089275,0.00016,29374.035893,0.027,1
2026-09-09,17:18:39,0.113275,0.089275,0.00016,29374.036053,0.027,1
2026-09-09,17:18:40,0.104461,0.089275,0.00016,29374.036053,0.027,1
2026-09-09,17:18:40,0.14592,0.089275,0.00016,29374.036213,0.026,1
2026-09-09,17:18:41,0.14592,0.089403,0.00015,29374.036363,0.026,1
2026-09-09,17:18:42,0.083569,0.089403,0.00015,29374.036363,0.026,1
2026-09-09,17:18:42,0.090424,0.090217,0.00016,29374.036523,0.026,1
2026-09-09,17:18:43,0.083569,0.090346,0.00016,29374.036683,0.026,1
2026-09-09,17:18:44,0.12343,0.090346,0.00016,29374.036683,0.026,1
2026-09-09,17:18:44,0.12343,0.090346,0.00016,29374.036843,0.026,1
2026-09-09,17:18:45,0.126015,0.090346,0.00016,29374.037003,0.026,1
2026-09-09,17:18:46,0.105286,0.090346,0.00016,29374.037003,0.026,1
2026-09-09,17:18:46,0.185296,0.090346,0.00016,29374.037163,0.026,1
2026-09-09,17:18:47,0.082497,0.088464,0.00015,29374.037323,0.026,1
2026-09-09,17:18:48,0.082497,0.088464,0.00015,29374.037323,0.026,1
2026-09-09,17:18:48,0.123745,0.088464,0.00015,29374.037473,0.026,1
2026-09-09,17:18:49,0.082497,0.088246,0.00015,29374.037623,0.026,1
2026-09-09,17:18:50,0.103121,0.090287,0.00015,29374.037623,0.026,1
2026-09-09,17:18:50,0.103121,0.092323,0.00016,29374.037773,0.026,1
2026-09-09,17:18:51,0.123745,0.092323,0.00016,29374.037933,0.026,1
2026-09-09,17:18:52,0.106344,0.092034,0.00016,29374.037933,0.026,1
2026-09-09,17:18:52,0.123423,0.096148,0.00017,29374.038093,0.026,1
2026-09-09,17:18:53,0.164672,0.096148,0.00016,29374.038263,0.025,1
2026-09-09,17:18:54,0.164672,0.096148,0.00016,29374.038263,0.025,1
2026-09-09,17:18:54,0.123423,0.096148,0.00016,29374.038423,0.025,1
2026-09-09,17:18:55,0.133091,0.096148,0.00016,29374.038583,0.025,1
2026-09-09,17:18:56,0.123745,0.096148,0.00016,29374.038583,0.025,1
2026-09-09,17:18:56,0.123423,0.096148,0.00016,29374.038743,0.026,1
2026-09-09,17:18:57,0.123423,0.096148,0.00016,29374.038903,0.026,1
2026-09-09,17:18:58,0.103121,0.096148,0.00017,29374.038903,0.026,1
2026-09-09,17:18:58,0.083788,0.096148,0.00017,29374.039073,0.026,1
2026-09-09,17:18:59,0.116011,0.09952,0.00017,29374.039243,0.026,1
2026-09-09,17:19:00,0.116011,0.105278,0.00017,29374.039243,0.026,1
2026-09-09,17:19:00,0.141147,0.105278,0.00018,29374.039413,0.026,1
2026-09-09,17:19:01,0.144047,0.11064,0.00018,29374.039593,0.026,1
2026-09-09,17:19:02,0.103121,0.112595,0.0002,29374.039593,0.026,1
2026-09-09,17:19:02,0.106411,0.114987,0.0002,29374.039793,0.026,1
2026-09-09,17:19:03,0.106411,0.119112,0.0002,29374.039993,0.026,1
2026-09-09,17:19:04,0.123745,0.119112,0.00021,29374.039993,0.026,1
2026-09-09,17:19:04,0.103121,0.119112,0.00021,29374.040203,0.026,1
2026-09-09,17:19:05,0.083788,0.115116,0.00021,29374.040413,0.026,1
2026-09-09,17:19:06,0.082497,0.112731,0.0002,29374.040413,0.025,1
2026-09-09,17:19:06,0.082497,0.112731,0.00018,29374.040613,0.025,1
2026-09-09,17:19:07,0.082497,0.108639,0.00018,29374.040793,0.025,1
2026-09-09,17:19:08,0.103121,0.10735,0.00017,29374.040793,0.025,1
2026-09-09,17:19:08,0.125679,0.105803,0.00017,29374.040963,0.025,1
2026-09-09,17:19:09,0.125679,0.105803,0.00017,29374.041133,0.025,1
2026-09-09,17:19:10,0.082497,0.105803,0.00017,29374.041133,0.025,1
2026-09-09,17:19:10,0.103121,0.105803,0.00017,29374.041303,0.025,1
2026-09-09,17:19:11,0.082497,0.105803,0.00017,29374.041473,0.025,1
2026-09-09,17:19:12,0.082497,0.105803,0.00017,29374.041473,0.025,1
2026-09-09,17:19:12,0.082497,0.103773,0.00017,29374.041643,0.025,1
2026-09-09,17:19:13,0.123745,0.103773,0.00017,29374.041813,0.026,1
2026-09-09,17:19:14,0.123745,0.105835,0.00018,29374.041813,0.026,1
2026-09-09,17:19:14,0.103121,0.105506,0.00018,29374.041993,0.026,1
2026-09-09,17:19:15,0.09442,0.102574,0.00018,29374.042173,0.026,1
2026-09-09,17:19:16,0.09442,0.102574,0.00018,29374.042173,0.026,1
2026-09-09,17:19:16,0.103121,0.102574,0.00018,29374.042353,0.026,1
2026-09-09,17:19:17,0.082497,0.102444,0.00018,29374.042533,0.026,1
2026-09-09,17:19:18,0.124372,0.102444,0.00018,29374.042533,0.026,1
2026-09-09,17:19:18,0.124372,0.102444,0.00018,29374.042713,0.026,1
2026-09-09,17:19:19,0.188522,0.102444,0.00018,29374.042893,0.026,1
2026-09-09,17:19:20,0.146948,0.102444,0.00018,29374.042893,0.026,1
2026-09-09,17:19:20,0.082497,0.102444,0.00018,29374.043073,0.026,1
2026-09-09,17:19:21,0.082497,0.102444,0.00018,29374.043253,0.026,1
2026-09-09,17:19:22,0.082497,0.102444,0.00018,29374.043253,0.026,1
2026-09-09,17:19:22,0.14437,0.102444,0.00018,29374.043433,0.026,1
2026-09-09,17:19:23,0.123745,0.102444,0.00018,29374.043613,0.026,1
2026-09-09,17:19:24,0.121812,0.102444,0.00018,29374.043613,0.026,1
2026-09-09,17:19:24,0.082497,0.100382,0.00018,29374.043793,0.026,1
2026-09-09,17:19:25,0.082497,0.100382,0.00017,29374.043963,0.026,1
2026-09-09,17:19:26,0.155326,0.100382,0.00017,29374.043963,0.026,1
2026-09-09,17:19:26,0.082497,0.096064,0.00017,29374.044133,0.026,1
2026-09-09,17:19:27,0.209142,0.096064,0.00017,29374.044303,0.026,1
2026-09-09,17:19:28,0.209142,0.096064,0.00017,29374.044303,0.026,1
2026-09-09,17:19:28,0.146629,0.096064,0.00017,29374.044473,0.026,1
2026-09-09,17:19:29,0.097534,0.093443,0.00016,29374.044633,0.026,1
2026-09-09,17:19:30,0.115863,0.092654,0.00016,29374.044633,0.026,1
2026-09-09,17:19:30,0.155793,0.092654,0.00016,29374.044793,0.026,1
2026-09-09,17:19:31,0.155793,0.092654,0.00016,29374.044953,0.026,1
2026-09-09,17:19:32,0.146301,0.092654,0.00016,29374.044953,0.026,1
2026-09-09,17:19:32,0.083788,0.090721,0.00016,29374.045113,0.026,1
2026-09-09,17:19:33,0.082287,0.089508,0.00015,29374.045263,0.026,1
2026-09-09,17:19:34,0.083569,0.087553,0.00015,29374.045263,0.026,1
2026-09-09,17:19:34,0.083569,0.087553,0.00015,29374.045413,0.026,1
2026-09-09,17:19:35,0.167138,0.087553,0.00015,29374.045563,0.026,1
2026-09-09,17:19:36,0.102597,0.089562,0.00015,29374.045563,0.027,1
2026-09-09,17:19:36,0.133168,0.09463,0.00017,29374.045733,0.027,1
2026-09-09,17:19:37,0.133168,0.100934,0.00019,29374.045923,0.027,1
2026-09-09,17:19:38,0.14554,0.100934,0.00019,29374.045923,0.027,1
2026-09-09,17:19:38,0.083352,0.100934,0.00019,29374.046113,0.027,1
2026-09-09,17:19:39,0.107134,0.100934,0.00019,29374.046303,0.027,1
2026-09-09,17:19:40,0.122804,0.100934,0.00019,29374.046303,0.027,1
2026-09-09,17:19:40,0.122804,0.100934,0.00019,29374.046493,0.027,1
2026-09-09,17:19:41,0.168574,0.100934,0.00019,29374.046683,0.028,1
2026-09-09,17:19:42,0.082922,0.100976,0.00019,29374.046683,0.028,1
2026-09-09,17:19:42,0.081254,0.100852,0.0002,29374.046883,0.028,1
2026-09-09,17:19:43,0.101568,0.101255,0.0002,29374.047083,0.028,1
2026-09-09,17:19:44,0.101568,0.101255,0.0002,29374.047083,0.028,1
2026-09-09,17:19:44,0.164672,0.101255,0.0002,29374.047283,0.028,1
2026-09-09,17:19:45,0.123745,0.101255,0.0002,29374.047483,0.028,1
2026-09-09,17:19:46,0.082497,0.097919,0.0002,29374.047483,0.027,1
2026-09-09,17:19:46,0.14437,0.097919,0.00018,29374.047663,0.027,1
2026-09-09,17:19:47,0.14437,0.097919,0.00018,29374.047843,0.027,1
2026-09-09,17:19:48,0.082497,0.09779,0.00018,29374.047843,0.027,1
2026-09-09,17:19:48,0.082497,0.097811,0.00018,29374.048023,0.027,1
2026-09-09,17:19:49,0.123745,0.097811,0.00018,29374.048203,0.027,1
2026-09-09,17:19:50,0.123745,0.097811,0.00018,29374.048203,0.027,1
2026-09-09,17:19:50,0.123745,0.097811,0.00018,29374.048383,0.027,1
2026-09-09,17:19:51,0.131157,0.097811,0.00018,29374.048563,0.027,1
2026-09-09,17:19:52,0.082497,0.097704,0.00018,29374.048563,0.027,1
2026-09-09,17:19:52,0.103121,0.097756,0.00018,29374.048743,0.027,1
2026-09-09,17:19:53,0.103121,0.092689,0.00018,29374.048923,0.027,1
2026-09-09,17:19:54,0.082497,0.092689,0.00017,29374.048923,0.027,1
2026-09-09,17:19:54,0.146906,0.092689,0.00017,29374.049093,0.027,1
2026-09-09,17:19:55,0.089679,0.087103,0.00017,29374.049263,0.027,1
2026-09-09,17:19:56,0.102858,0.089097,0.00016,29374.049263,0.027,1
2026-09-09,17:19:56,0.102858,0.089097,0.00016,29374.049423,0.027,1
2026-09-09,17:19:57,0.082287,0.0892,0.00016,29374.049583,0.027,1
2026-09-09,17:19:58,0.173252,0.0892,0.00016,29374.049583,0.027,1
2026-09-09,17:19:58,0.082287,0.087272,0.00016,29374.049743,0.027,1
2026-09-09,17:19:59,0.082287,0.089308,0.00016,29374.049903,0.027,1
2026-09-09,17:20:00,0.102858,0.089308,0.00016,29374.049903,0.027,1
2026-09-09,17:20:00,0.117644,0.092822,0.00017,29374.050063,0.027,1
2026-09-09,17:20:01,0.082287,0.092822,0.00017,29374.050233,0.027,1
2026-09-09,17:20:02,0.152359,0.092822,0.00017,29374.050233,0.026,1
2026-09-09,17:20:02,0.152359,0.092801,0.00016,29374.050403,0.026,1
2026-09-09,17:20:03,0.082287,0.092801,0.00016,29374.050563,0.026,1
2026-09-09,17:20:04,0.14368,0.092801,0.00016,29374.050563,0.026,1
2026-09-09,17:20:04,0.122373,0.092801,0.00016,29374.050723,0.026,1
2026-09-09,17:20:05,0.083352,0.092887,0.00016,29374.050883,0.025,1
2026-09-09,17:20:06,0.083352,0.092887,0.00015,29374.050883,0.025,1
2026-09-09,17:20:06,0.124702,0.092887,0.00015,29374.051033,0.025,1
2026-09-09,17:20:07,0.14554,0.092887,0.00015,29374.051183,0.025,1
2026-09-09,17:20:08,0.102337,0.092887,0.00015,29374.051183,0.025,1
2026-09-09,17:20:08,0.102337,0.092887,0.00015,29374.051333,0.025,1
2026-09-09,17:20:09,0.145866,0.092887,0.00015,29374.051483,0.025,1
2026-09-09,17:20:10,0.169022,0.092887,0.00015,29374.051483,0.025,1
2026-09-09,17:20:10,0.127014,0.092887,0.00015,29374.051633,0.025,1
2026-09-09,17:20:11,0.103121,0.092887,0.00015,29374.051783,0.025,1
2026-09-09,17:20:12,0.103121,0.092887,0.00015,29374.051783,0.025,1
2026-09-09,17:20:12,0.103121,0.092887,0.00015,29374.051933,0.025,1
2026-09-09,17:20:13,0.123423,0.092887,0.00015,29374.052083,0.025,1
2026-09-09,17:20:14,0.126348,0.092887,0.00015,29374.052083,0.025,1
2026-09-09,17:20:14,0.082709,0.090846,0.00015,29374.052233,0.025,1
2026-09-09,17:20:15,0.082709,0.090846,0.00015,29374.052383,0.026,1
2026-09-09,17:20:16,0.082709,0.090867,0.00016,29374.052383,0.026,1
2026-09-09,17:20:16,0.117601,0.090867,0.00016,29374.052543,0.026,1
2026-09-09,17:20:17,0.082709,0.090867,0.00016,29374.052703,0.026,1
2026-09-09,17:20:18,0.082709,0.090867,0.00016,29374.052703,0.026,1
2026-09-09,17:20:18,0.082709,0.090867,0.00016,29374.052863,0.026,1
2026-09-09,17:20:19,0.101822,0.090867,0.00016,29374.053023,0.026,1
2026-09-09,17:20:20,0.136188,0.090867,0.00016,29374.053023,0.026,1
2026-09-09,17:20:20,0.115017,0.090867,0.00016,29374.053183,0.026,1
2026-09-09,17:20:21,0.115017,0.090867,0.00016,29374.053343,0.026,1
2026-09-09,17:20:22,0.152817,0.090867,0.00016,29374.053343,0.026,1
2026-09-09,17:20:22,0.103386,0.092238,0.00016,29374.053503,0.026,1
2026-09-09,17:20:23,0.082709,0.090223,0.00016,29374.053663,0.026,1
2026-09-09,17:20:24,0.101822,0.092176,0.00016,29374.053663,0.026,1
2026-09-09,17:20:24,0.101822,0.092176,0.00016,29374.053823,0.026,1
2026-09-09,17:20:25,0.133188,0.092176,0.00016,29374.053983,0.026,1
2026-09-09,17:20:26,0.140697,0.092176,0.00015,29374.053983,0.025,1
2026-09-09,17:20:26,0.14592,0.092176,0.00015,29374.054133,0.025,1
2026-09-09,17:20:27,0.14592,0.092073,0.00015,29374.054283,0.025,1
2026-09-09,17:20:28,0.081254,0.092073,0.00015,29374.054283,0.025,1
2026-09-09,17:20:28,0.083352,0.090122,0.00015,29374.054433,0.025,1
2026-09-09,17:20:29,0.10419,0.088777,0.00014,29374.054573,0.025,1
2026-09-09,17:20:30,0.10419,0.090967,0.00016,29374.054573,0.026,1
2026-09-09,17:20:30,0.10419,0.093605,0.00016,29374.054733,0.026,1
2026-09-09,17:20:31,0.109725,0.093605,0.00016,29374.054893,0.026,1
2026-09-09,17:20:32,0.083352,0.093669,0.00016,29374.054893,0.026,1
2026-09-09,17:20:32,0.10419,0.095817,0.00016,29374.055053,0.026,1
2026-09-09,17:20:33,0.10419,0.095897,0.00017,29374.055223,0.026,1
2026-09-09,17:20:34,0.10419,0.095897,0.00017,29374.055223,0.027,1
2026-09-09,17:20:34,0.14554,0.095897,0.00017,29374.055393,0.027,1
2026-09-09,17:20:35,0.089213,0.096548,0.00017,29374.055563,0.026,1
2026-09-09,17:20:36,0.147643,0.096548,0.00017,29374.055563,0.026,1
2026-09-09,17:20:36,0.147643,0.096548,0.00017,29374.055733,0.026,1
2026-09-09,17:20:37,0.166378,0.096548,0.00017,29374.055903,0.026,1
2026-09-09,17:20:38,0.148183,0.096548,0.00017,29374.055903,0.026,1
2026-09-09,17:20:38,0.102337,0.096599,0.00017,29374.056073,0.026,1
2026-09-09,17:20:39,0.101697,0.098644,0.00017,29374.056243,0.026,1
2026-09-09,17:20:40,0.101697,0.098644,0.00017,29374.056243,0.026,1
2026-09-09,17:20:40,0.084008,0.098709,0.00017,29374.056413,0.026,1
2026-09-09,17:20:41,0.126012,0.098709,0.00017,29374.056583,0.026,1
2026-09-09,17:20:42,0.08187,0.096477,0.00017,29374.056583,0.026,1
2026-09-09,17:20:42,0.08187,0.096292,0.00017,29374.056753,0.026,1
2026-09-09,17:20:43,0.102337,0.096292,0.00017,29374.056923,0.026,1
2026-09-09,17:20:44,0.124704,0.09779,0.00017,29374.056923,0.026,1
2026-09-09,17:20:44,0.124704,0.101925,0.00018,29374.057103,0.026,1
2026-09-09,17:20:45,0.109441,0.10245,0.00018,29374.057283,0.026,1
2026-09-09,17:20:46,0.109441,0.104699,0.00018,29374.057283,0.026,1
2026-09-09,17:20:46,0.126678,0.104699,0.00018,29374.057463,0.027,1
2026-09-09,17:20:47,0.081458,0.104699,0.00019,29374.057653,0.027,1
2026-09-09,17:20:48,0.083569,0.104699,0.00019,29374.057653,0.027,1
2026-09-09,17:20:48,0.083569,0.104699,0.00019,29374.057843,0.027,1
2026-09-09,17:20:49,0.083569,0.104699,0.00019,29374.058033,0.027,1
2026-09-09,17:20:50,0.083569,0.104699,0.00019,29374.058033,0.027,1
2026-09-09,17:20:50,0.083569,0.104699,0.00019,29374.058223,0.027,1
2026-09-09,17:20:51,0.164573,0.104699,0.00019,29374.058413,0.027,1
2026-09-09,17:20:52,0.164573,0.106186,0.00019,29374.058413,0.027,1
2026-09-09,17:20:52,0.10408,0.106186,0.0002,29374.058613,0.027,1
2026-09-09,17:20:53,0.132555,0.109207,0.0002,29374.058813,0.027,1
2026-09-09,17:20:54,0.125354,0.111573,0.0002,29374.058813,0.027,1
2026-09-09,17:20:54,0.112501,0.114422,0.00021,29374.059013,0.028,1
2026-09-09,17:20:55,0.112501,0.114422,0.00021,29374.059223,0.028,1
2026-09-09,17:20:56,0.154609,0.114422,0.00023,29374.059223,0.028,1
2026-09-09,17:20:56,0.082287,0.114464,0.00023,29374.059453,0.028,1
2026-09-09,17:20:57,0.111901,0.114464,0.00023,29374.059683,0.028,1
2026-09-09,17:20:58,0.082287,0.114464,0.00023,29374.059683,0.028,1
2026-09-09,17:20:58,0.082287,0.114464,0.00023,29374.059913,0.027,1
2026-09-09,17:20:59,0.12343,0.116573,0.00023,29374.060143,0.027,1
2026-09-09,17:21:00,0.082287,0.116573,0.00022,29374.060143,0.027,1
2026-09-09,17:21:00,0.12343,0.116446,0.00022,29374.060363,0.027,1
2026-09-09,17:21:01,0.12343,0.116446,0.00022,29374.060583,0.027,1
2026-09-09,17:21:02,0.082287,0.116446,0.00022,29374.060583,0.026,1
2026-09-09,17:21:02,0.082287,0.116446,0.0002,29374.060803,0.026,1
2026-09-09,17:21:03,0.082287,0.116446,0.0002,29374.061003,0.026,1
2026-09-09,17:21:04,0.173252,0.116446,0.0002,29374.061003,0.026,1
2026-09-09,17:21:04,0.173252,0.116446,0.0002,29374.061203,0.026,1
2026-09-09,17:21:05,0.187704,0.116446,0.0002,29374.061403,0.026,1
2026-09-09,17:21:06,0.126644,0.11664,0.0002,29374.061403,0.026,1
2026-09-09,17:21:06,0.12343,0.118039,0.00021,29374.061603,0.026,1
2026-09-09,17:21:07,0.123108,0.117682,0.00021,29374.061813,0.027,1
2026-09-09,17:21:08,0.123108,0.117682,0.00022,29374.061813,0.027,1
2026-09-09,17:21:08,0.11893,0.119167,0.00022,29374.062033,0.027,1
2026-09-09,17:21:09,0.082287,0.119167,0.00022,29374.062253,0.026,1
2026-09-09,17:21:10,0.144001,0.120311,0.00021,29374.062253,0.026,1
2026-09-09,17:21:10,0.144001,0.120119,0.00021,29374.062463,0.026,1
2026-09-09,17:21:11,0.12343,0.120119,0.00021,29374.062673,0.026,1
2026-09-09,17:21:12,0.082287,0.120119,0.00021,29374.062673,0.026,1
2026-09-09,17:21:12,0.123108,0.12118,0.00021,29374.062883,0.026,1
2026-09-09,17:21:13,0.102858,0.123237,0.00021,29374.063093,0.026,1
2026-09-09,17:21:14,0.102858,0.123205,0.00022,29374.063093,0.026,1
2026-09-09,17:21:14,0.123108,0.123205,0.00022,29374.063313,0.026,1
2026-09-09,17:21:15,0.12343,0.123205,0.00022,29374.063533,0.026,1
2026-09-09,17:21:16,0.107358,0.121276,0.00021,29374.063533,0.026,1
2026-09-09,17:21:16,0.130823,0.122015,0.00021,29374.063743,0.026,1
2026-09-09,17:21:17,0.130823,0.122015,0.00021,29374.063953,0.026,1
2026-09-09,17:21:18,0.126678,0.122372,0.00021,29374.063953,0.026,1
2026-09-09,17:21:18,0.083136,0.122372,0.00021,29374.064163,0.026,1
2026-09-09,17:21:19,0.126978,0.123177,0.00021,29374.064373,0.026,1
2026-09-09,17:21:20,0.126978,0.123293,0.00022,29374.064373,0.026,1
2026-09-09,17:21:20,0.145164,0.123293,0.00022,29374.064593,0.026,1
2026-09-09,17:21:21,0.083136,0.123293,0.00022,29374.064813,0.026,1
2026-09-09,17:21:22,0.083136,0.123293,0.00022,29374.064813,0.026,1
2026-09-09,17:21:22,0.145164,0.125467,0.00022,29374.065033,0.026,1
2026-09-09,17:21:23,0.145164,0.125467,0.00022,29374.065253,0.026,1
2026-09-09,17:21:24,0.099049,0.125467,0.00022,29374.065253,0.026,1
2026-09-09,17:21:24,0.083136,0.125467,0.00022,29374.065473,0.026,1
2026-09-09,17:21:25,0.124704,0.125626,0.00022,29374.065693,0.025,1
2026-09-09,17:21:26,0.083136,0.125626,0.00021,29374.065693,0.025,1
2026-09-09,17:21:26,0.083136,0.125626,0.00021,29374.065903,0.025,1
2026-09-09,17:21:27,0.12438,0.127779,0.00021,29374.066113,0.025,1
2026-09-09,17:21:28,0.083136,0.127779,0.00021,29374.066113,0.025,1
2026-09-09,17:21:28,0.124704,0.127938,0.00021,29374.066323,0.025,1
2026-09-09,17:21:29,0.124704,0.127938,0.00021,29374.066533,0.025,1
2026-09-09,17:21:30,0.166272,0.127938,0.00021,29374.066533,0.026,1
2026-09-09,17:21:30,0.112039,0.126799,0.00021,29374.066743,0.026,1
2026-09-09,17:21:31,0.10392,0.126455,0.00022,29374.066963,0.026,1
2026-09-09,17:21:32,0.140942,0.126455,0.00024,29374.066963,0.027,1
2026-09-09,17:21:32,0.140942,0.126455,0.00024,29374.067203,0.027,1
2026-09-09,17:21:33,0.083136,0.126455,0.00024,29374.067443,0.027,1
2026-09-09,17:21:34,0.083136,0.126455,0.00024,29374.067443,0.027,1
2026-09-09,17:21:34,0.10392,0.126455,0.00024,29374.067683,0.027,1
2026-09-09,17:21:35,0.083136,0.126455,0.00024,29374.067923,0.027,1
2026-09-09,17:21:36,0.083136,0.126455,0.00024,29374.067923,0.027,1
2026-09-09,17:21:36,0.134447,0.126818,0.00024,29374.068163,0.027,1
2026-09-09,17:21:37,0.10392,0.124542,0.00023,29374.068393,0.027,1
2026-09-09,17:21:38,0.08187,0.120031,0.00023,29374.068393,0.027,1
2026-09-09,17:21:38,0.08187,0.120031,0.00022,29374.068613,0.027,1
2026-09-09,17:21:39,0.122485,0.120031,0.00022,29374.068833,0.027,1
2026-09-09,17:21:40,0.102337,0.120031,0.00022,29374.068833,0.027,1
2026-09-09,17:21:40,0.122804,0.120031,0.00022,29374.069053,0.027,1
2026-09-09,17:21:41,0.084452,0.11396,0.00021,29374.069263,0.027,1
2026-09-09,17:21:42,0.084452,0.109677,0.00021,29374.069263,0.027,1
2026-09-09,17:21:42,0.102337,0.109677,0.0002,29374.069463,0.027,1
2026-09-09,17:21:43,0.08187,0.105394,0.0002,29374.069663,0.027,1
2026-09-09,17:21:44,0.083352,0.101291,0.0002,29374.069663,0.027,1
2026-09-09,17:21:44,0.10419,0.09924,0.00019,29374.069853,0.027,1
2026-09-09,17:21:45,0.10419,0.09924,0.00018,29374.070033,0.027,1
2026-09-09,17:21:46,0.102597,0.098295,0.00018,29374.070033,0.027,1
2026-09-09,17:21:46,0.166704,0.098295,0.00018,29374.070213,0.027,1
2026-09-09,17:21:47,0.119819,0.098295,0.00018,29374.070393,0.027,1
2026-09-09,17:21:48,0.119819,0.098295,0.00018,29374.070393,0.027,1
2026-09-09,17:21:48,0.102079,0.098295,0.00018,29374.070573,0.027,1
2026-09-09,17:21:49,0.207348,0.098295,0.00018,29374.070753,0.027,1
2026-09-09,17:21:50,0.081663,0.09607,0.00018,29374.070753,0.027,1
2026-09-09,17:21:50,0.10419,0.093044,0.00017,29374.070923,0.027,1
2026-09-09,17:21:51,0.10419,0.093755,0.00017,29374.071093,0.027,1
2026-09-09,17:21:52,0.111027,0.093755,0.00017,29374.071093,0.027,1
2026-09-09,17:21:52,0.125028,0.098071,0.00018,29374.071273,0.027,1
2026-09-09,17:21:53,0.102597,0.099885,0.00018,29374.071453,0.027,1
2026-09-09,17:21:54,0.14592,0.099885,0.00018,29374.071453,0.027,1
2026-09-09,17:21:54,0.14592,0.099885,0.00018,29374.071633,0.027,1
2026-09-09,17:21:55,0.175299,0.099885,0.00018,29374.071813,0.027,1
2026-09-09,17:21:56,0.083569,0.098008,0.00018,29374.071813,0.027,1
2026-09-09,17:21:56,0.184113,0.098008,0.00018,29374.071993,0.027,1
2026-09-09,17:21:57,0.096627,0.099484,0.00018,29374.072173,0.027,1
2026-09-09,17:21:58,0.096627,0.099484,0.00018,29374.072173,0.027,1
2026-09-09,17:21:58,0.125027,0.103652,0.00019,29374.072353,0.027,1
2026-09-09,17:21:59,0.141023,0.107335,0.00019,29374.072543,0.027,1
2026-09-09,17:22:00,0.082287,0.107335,0.0002,29374.072543,0.027,1
2026-09-09,17:22:00,0.082287,0.107335,0.0002,29374.072743,0.027,1
2026-09-09,17:22:01,0.102858,0.107335,0.0002,29374.072943,0.027,1
2026-09-09,17:22:02,0.142795,0.107335,0.0002,29374.072943,0.027,1
2026-09-09,17:22:02,0.103121,0.107335,0.0002,29374.073143,0.027,1
2026-09-09,17:22:03,0.082497,0.107335,0.0002,29374.073343,0.027,1
2026-09-09,17:22:04,0.082497,0.107335,0.0002,29374.073343,0.027,1
2026-09-09,17:22:04,0.082497,0.107335,0.0002,29374.073543,0.027,1
2026-09-09,17:22:05,0.082497,0.107335,0.0002,29374.073743,0.027,1
2026-09-09,17:22:06,0.123745,0.10945,0.0002,29374.073743,0.027,1
2026-09-09,17:22:06,0.123745,0.111596,0.00021,29374.073943,0.027,1
2026-09-09,17:22:07,0.103121,0.111596,0.00021,29374.074153,0.027,1
2026-09-09,17:22:08,0.103121,0.111489,0.00021,29374.074153,0.027,1
2026-09-09,17:22:08,0.14437,0.111489,0.00021,29374.074363,0.027,1
2026-09-09,17:22:09,0.125354,0.111489,0.00021,29374.074573,0.027,1
2026-09-09,17:22:10,0.125354,0.111489,0.00021,29374.074573,0.027,1
2026-09-09,17:22:10,0.127284,0.111489,0.00021,29374.074783,0.027,1
2026-09-09,17:22:11,0.123116,0.111489,0.00021,29374.074993,0.027,1
2026-09-09,17:22:12,0.082077,0.108594,0.0002,29374.074993,0.027,1
2026-09-09,17:22:12,0.125027,0.108594,0.0002,29374.075193,0.027,1
2026-09-09,17:22:13,0.125027,0.108594,0.0002,29374.075393,0.027,1
2026-09-09,17:22:14,0.125354,0.108594,0.0002,29374.075393,0.027,1
2026-09-09,17:22:14,0.12343,0.108594,0.0002,29374.075593,0.027,1
2026-09-09,17:22:15,0.082287,0.104319,0.0002,29374.075793,0.027,1
2026-09-09,17:22:16,0.082287,0.102288,0.00019,29374.075793,0.027,1
2026-09-09,17:22:16,0.082287,0.102288,0.00019,29374.075983,0.027,1
2026-09-09,17:22:17,0.14368,0.102288,0.00019,29374.076173,0.027,1
2026-09-09,17:22:18,0.131144,0.102288,0.00018,29374.076173,0.026,1
2026-09-09,17:22:18,0.082287,0.10216,0.00018,29374.076353,0.026,1
2026-09-09,17:22:19,0.082287,0.102783,0.00018,29374.076533,0.026,1
2026-09-09,17:22:20,0.102858,0.102783,0.00018,29374.076533,0.026,1
2026-09-09,17:22:20,0.102858,0.100566,0.00018,29374.076713,0.026,1
2026-09-09,17:22:21,0.102858,0.09675,0.00017,29374.076883,0.026,1
2026-09-09,17:22:22,0.082287,0.092604,0.00016,29374.076883,0.026,1
2026-09-09,17:22:22,0.082287,0.092604,0.00016,29374.077043,0.026,1
2026-09-09,17:22:23,0.123108,0.092604,0.00016,29374.077203,0.026,1
2026-09-09,17:22:24,0.102858,0.092604,0.00016,29374.077203,0.026,1
2026-09-09,17:22:24,0.084008,0.092604,0.00016,29374.077363,0.026,1
2026-09-09,17:22:25,0.121478,0.092604,0.00016,29374.077523,0.026,1
2026-09-09,17:22:26,0.121478,0.092604,0.00016,29374.077523,0.026,1
2026-09-09,17:22:26,0.103386,0.092604,0.00016,29374.077683,0.026,1
2026-09-09,17:22:27,0.113724,0.092604,0.00016,29374.077843,0.026,1
2026-09-09,17:22:28,0.112432,0.092604,0.00016,29374.077843,0.026,1
2026-09-09,17:22:28,0.112432,0.092604,0.00016,29374.078003,0.026,1
2026-09-09,17:22:29,0.144417,0.092604,0.00016,29374.078163,0.026,1
2026-09-09,17:22:30,0.103386,0.092604,0.00016,29374.078163,0.026,1
2026-09-09,17:22:30,0.186095,0.092604,0.00016,29374.078323,0.026,1
2026-09-09,17:22:31,0.082709,0.090563,0.00016,29374.078483,0.026,1
2026-09-09,17:22:32,0.082709,0.088522,0.00016,29374.078483,0.026,1
2026-09-09,17:22:32,0.082709,0.088522,0.00015,29374.078633,0.026,1
2026-09-09,17:22:33,0.103386,0.090652,0.00016,29374.078793,0.026,1
2026-09-09,17:22:34,0.133397,0.095763,0.00016,29374.078793,0.026,1
2026-09-09,17:22:34,0.082709,0.095763,0.00017,29374.078963,0.026,1
2026-09-09,17:22:35,0.082709,0.095763,0.00017,29374.079133,0.026,1
2026-09-09,17:22:36,0.103386,0.095763,0.00017,29374.079133,0.026,1
2026-09-09,17:22:36,0.082709,0.095763,0.00017,29374.079303,0.026,1
2026-09-09,17:22:37,0.144417,0.095763,0.00017,29374.079473,0.026,1
2026-09-09,17:22:38,0.144417,0.095763,0.00017,29374.079473,0.026,1
2026-09-09,17:22:38,0.244572,0.095763,0.00017,29374.079643,0.026,1
2026-09-09,17:22:39,0.082709,0.095806,0.00017,29374.079813,0.026,1
2026-09-09,17:22:40,0.117924,0.095806,0.00017,29374.079813,0.026,1
2026-09-09,17:22:40,0.082709,0.095806,0.00017,29374.079983,0.026,1
2026-09-09,17:22:41,0.082709,0.095806,0.00017,29374.080153,0.026,1
2026-09-09,17:22:42,0.144094,0.095806,0.00017,29374.080153,0.026,1
2026-09-09,17:22:42,0.186095,0.095806,0.00017,29374.080323,0.026,1
2026-09-09,17:22:43,0.084229,0.096,0.00017,29374.080493,0.026,1
2026-09-09,17:22:44,0.103386,0.096053,0.00017,29374.080493,0.026,1
2026-09-09,17:22:44,0.103386,0.096053,0.00017,29374.080663,0.026,1
2026-09-09,17:22:45,0.082709,0.094038,0.00016,29374.080823,0.026,1
2026-09-09,17:22:46,0.082709,0.092023,0.00016,29374.080823,0.026,1
2026-09-09,17:22:46,0.124063,0.092023,0.00016,29374.080983,0.026,1
2026-09-09,17:22:47,0.124063,0.092023,0.00016,29374.081143,0.026,1
2026-09-09,17:22:48,0.14474,0.092023,0.00016,29374.081143,0.026,1
2026-09-09,17:22:48,0.103386,0.092023,0.00016,29374.081303,0.026,1
2026-09-09,17:22:49,0.124063,0.092023,0.00016,29374.081463,0.026,1
2026-09-09,17:22:50,0.144417,0.092023,0.00016,29374.081463,0.025,1
2026-09-09,17:22:50,0.144417,0.092023,0.00015,29374.081613,0.025,1
2026-09-09,17:22:51,0.103386,0.092023,0.00015,29374.081613,0.025,1
2026-09-09,17:22:52,0.103386,0.092023,0.00015,29374.081763,0.025,1
2026-09-09,17:22:52,0.081458,0.092023,0.00015,29374.081913,0.025,1
2026-09-09,17:22:53,0.082709,0.092023,0.00015,29374.082063,0.025,1
2026-09-09,17:22:54,0.082709,0.092023,0.00015,29374.082063,0.025,1
2026-09-09,17:22:54,0.12374,0.092023,0.00015,29374.082213,0.025,1
2026-09-09,17:22:55,0.124063,0.092023,0.00015,29374.082213,0.025,1
2026-09-09,17:22:56,0.082709,0.092065,0.00015,29374.082363,0.025,1
2026-09-09,17:22:56,0.082709,0.092065,0.00015,29374.082513,0.026,1
2026-09-09,17:22:57,0.12374,0.092065,0.00015,29374.082663,0.026,1
2026-09-09,17:22:58,0.082709,0.092065,0.00016,29374.082663,0.026,1
2026-09-09,17:22:58,0.144417,0.092065,0.00016,29374.082823,0.026,1
2026-09-09,17:22:59,0.082709,0.092065,0.00016,29374.082823,0.027,1
2026-09-09,17:23:00,0.082709,0.092065,0.00017,29374.082983,0.027,1
2026-09-09,17:23:00,0.103386,0.092065,0.00017,29374.083153,0.027,1
2026-09-09,17:23:01,0.103386,0.089064,0.00017,29374.083153,0.027,1
2026-09-09,17:23:02,0.126684,0.093461,0.00017,29374.083323,0.027,1
2026-09-09,17:23:02,0.102597,0.095298,0.00017,29374.083493,0.026,1
2026-09-09,17:23:03,0.102597,0.095298,0.00017,29374.083493,0.027,1
2026-09-09,17:23:04,0.082077,0.093167,0.00017,29374.083663,0.027,1
2026-09-09,17:23:04,0.122796,0.093167,0.00017,29374.083833,0.027,1
2026-09-09,17:23:05,0.082077,0.093104,0.00017,29374.083833,0.027,1
2026-09-09,17:23:06,0.082077,0.093212,0.00017,29374.084003,0.027,1
2026-09-09,17:23:06,0.083788,0.093212,0.00017,29374.084173,0.027,1
2026-09-09,17:23:07,0.122187,0.093212,0.00017,29374.084173,0.027,1
2026-09-09,17:23:08,0.14474,0.093212,0.00017,29374.084343,0.027,1
2026-09-09,17:23:08,0.103386,0.093212,0.00017,29374.084513,0.027,1
2026-09-09,17:23:09,0.103386,0.093212,0.00017,29374.084513,0.027,1
2026-09-09,17:23:10,0.10274,0.093212,0.00017,29374.084683,0.027,1
2026-09-09,17:23:10,0.124063,0.093212,0.00017,29374.084853,0.027,1
2026-09-09,17:23:11,0.144417,0.093212,0.00017,29374.084853,0.027,1
2026-09-09,17:23:12,0.103386,0.093212,0.00017,29374.085023,0.027,1
2026-09-09,17:23:12,0.103386,0.093212,0.00017,29374.085193,0.027,1
2026-09-09,17:23:13,0.103386,0.093212,0.00017,29374.085193,0.027,1
2026-09-09,17:23:14,0.103386,0.093212,0.00016,29374.085363,0.026,1
2026-09-09,17:23:14,0.103386,0.115508,0.00016,29374.085523,0.026,1
2026-09-09,17:23:15,0.103386,0.115508,0.0002,29374.085523,0.026,1
2026-09-09,17:23:16,0.14474,0.115508,0.0002,29374.085723,0.026,1
2026-09-09,17:23:16,0.103386,0.115508,0.0002,29374.085923,0.026,1
2026-09-09,17:23:17,0.147648,0.118054,0.00021,29374.085923,0.026,1
2026-09-09,17:23:18,0.103386,0.113918,0.0002,29374.086133,0.026,1
2026-09-09,17:23:18,0.103386,0.115501,0.0002,29374.086333,0.026,1
2026-09-09,17:23:19,0.119217,0.115501,0.0002,29374.086333,0.026,1
2026-09-09,17:23:20,0.103386,0.115566,0.0002,29374.086533,0.026,1
2026-09-09,17:23:20,0.124063,0.115566,0.0002,29374.086733,0.026,1
2026-09-09,17:23:21,0.082709,0.115566,0.0002,29374.086733,0.026,1
2026-09-09,17:23:22,0.082709,0.115566,0.0002,29374.086933,0.026,1
2026-09-09,17:23:22,0.165094,0.115566,0.0002,29374.087133,0.026,1
2026-09-09,17:23:23,0.12374,0.115566,0.0002,29374.087133,0.026,1
2026-09-09,17:23:24,0.103386,0.115566,0.0002,29374.087333,0.026,1
2026-09-09,17:23:24,0.165094,0.115566,0.0002,29374.087533,0.026,1
2026-09-09,17:23:25,0.165094,0.115566,0.0002,29374.087533,0.026,1
2026-09-09,17:23:26,0.082709,0.109395,0.00019,29374.087733,0.026,1
2026-09-09,17:23:26,0.12374,0.109395,0.00019,29374.087923,0.026,1
2026-09-09,17:23:27,0.082709,0.107327,0.00019,29374.087923,0.026,1
2026-09-09,17:23:28,0.082709,0.105434,0.00017,29374.088113,0.025,1
2026-09-09,17:23:28,0.084452,0.105434,0.00017,29374.088283,0.025,1
2026-09-09,17:23:29,0.12438,0.105434,0.00017,29374.088283,0.025,1
2026-09-09,17:23:30,0.165948,0.105434,0.00017,29374.088453,0.025,1
2026-09-09,17:23:30,0.183887,0.105434,0.00017,29374.088623,0.024,1
2026-09-09,17:23:31,0.183887,0.105434,0.00016,29374.088623,0.024,1
2026-09-09,17:23:32,0.163419,0.105434,0.00016,29374.088783,0.024,1
2026-09-09,17:23:32,0.102337,0.105329,0.00016,29374.088943,0.024,1
2026-09-09,17:23:33,0.105286,0.105519,0.00016,29374.088943,0.024,1
2026-09-09,17:23:34,0.206296,0.105519,0.00016,29374.089103,0.025,1
2026-09-09,17:23:34,0.206296,0.105519,0.00017,29374.089273,0.025,1
2026-09-09,17:23:35,0.141808,0.105519,0.00017,29374.089273,0.025,1
2026-09-09,17:23:36,0.123116,0.105519,0.00017,29374.089443,0.025,1
2026-09-09,17:23:36,0.082077,0.098962,0.00017,29374.089613,0.025,1
2026-09-09,17:23:37,0.082077,0.098962,0.00016,29374.089613,0.026,1
2026-09-09,17:23:38,0.125028,0.098962,0.00016,29374.089773,0.026,1
2026-09-09,17:23:38,0.142592,0.098962,0.00017,29374.089943,0.026,1
2026-09-09,17:23:39,0.122176,0.098962,0.00017,29374.089943,0.026,1
2026-09-09,17:23:40,0.102079,0.098962,0.00017,29374.090113,0.026,1
2026-09-09,17:23:40,0.102079,0.098962,0.00017,29374.090283,0.026,1
2026-09-09,17:23:41,0.083569,0.098962,0.00017,29374.090283,0.026,1
2026-09-09,17:23:42,0.166159,0.098962,0.00017,29374.090453,0.026,1
2026-09-09,17:23:42,0.083569,0.09698,0.00017,29374.090623,0.026,1
2026-09-09,17:23:43,0.083569,0.093416,0.00017,29374.090623,0.027,1
2026-09-09,17:23:44,0.083569,0.093416,0.00017,29374.090793,0.027,1
2026-09-09,17:23:44,0.083569,0.091434,0.00017,29374.090963,0.027,1
2026-09-09,17:23:45,0.081254,0.087153,0.00016,29374.090963,0.027,1
2026-09-09,17:23:46,0.083569,0.087239,0.00016,29374.091123,0.027,1
2026-09-09,17:23:46,0.083569,0.087239,0.00016,29374.091283,0.027,1
2026-09-09,17:23:47,0.167138,0.087239,0.00016,29374.091283,0.027,1
2026-09-09,17:23:48,0.083569,0.087325,0.00016,29374.091443,0.027,1
2026-09-09,17:23:48,0.086181,0.087498,0.00016,29374.091603,0.027,1
2026-09-09,17:23:49,0.102597,0.087524,0.00016,29374.091603,0.027,1
2026-09-09,17:23:50,0.102597,0.087524,0.00016,29374.091763,0.027,1
2026-09-09,17:23:50,0.167576,0.087524,0.00016,29374.091923,0.027,1
2026-09-09,17:23:51,0.122495,0.087524,0.00016,29374.091923,0.027,1
2026-09-09,17:23:52,0.081663,0.085162,0.00016,29374.092083,0.027,1
2026-09-09,17:23:52,0.122495,0.085162,0.00016,29374.092243,0.027,1
2026-09-09,17:23:53,0.122495,0.085162,0.00016,29374.092243,0.027,1
2026-09-09,17:23:54,0.123771,0.085162,0.00016,29374.092403,0.027,1
2026-09-09,17:23:54,0.122495,0.085162,0.00016,29374.092563,0.027,1
2026-09-09,17:23:55,0.145164,0.085162,0.00016,29374.092563,0.027,1
2026-09-09,17:23:56,0.145164,0.085162,0.00016,29374.092723,0.027,1
2026-09-09,17:23:56,0.12438,0.085162,0.00016,29374.092883,0.027,1
2026-09-09,17:23:57,0.10392,0.085162,0.00016,29374.092883,0.027,1
2026-09-09,17:23:58,0.083136,0.085162,0.00016,29374.093043,0.027,1
2026-09-09,17:23:58,0.116434,0.085162,0.00015,29374.093203,0.026,1
2026-09-09,17:23:59,0.116434,0.085162,0.00015,29374.093203,0.026,1
2026-09-09,17:24:00,0.124059,0.085162,0.00015,29374.093353,0.026,1
2026-09-09,17:24:00,0.18625,0.085162,0.00015,29374.093503,0.026,1
2026-09-09,17:24:01,0.111102,0.085162,0.00015,29374.093503,0.025,1
2026-09-09,17:24:02,0.103652,0.085162,0.00014,29374.093653,0.024,1
2026-09-09,17:24:02,0.103652,0.085162,0.00013,29374.093793,0.024,1
2026-09-09,17:24:03,0.103652,0.085162,0.00013,29374.093793,0.024,1
2026-09-09,17:24:04,0.082922,0.085162,0.00013,29374.093923,0.024,1
2026-09-09,17:24:04,0.227711,0.085162,0.00013,29374.094053,0.024,1
2026-09-09,17:24:05,0.227711,0.085162,0.00013,29374.094053,0.025,1
2026-09-09,17:24:06,0.145113,0.085162,0.00014,29374.094183,0.025,1
2026-09-09,17:24:06,0.082922,0.085246,0.00014,29374.094323,0.025,1
2026-09-09,17:24:07,0.18625,0.085246,0.00014,29374.094323,0.025,1
2026-09-09,17:24:08,0.080451,0.084934,0.00014,29374.094463,0.026,1
2026-09-09,17:24:08,0.080451,0.084934,0.00014,29374.094603,0.026,1
2026-09-09,17:24:09,0.083788,0.084956,0.00015,29374.094603,0.026,1
2026-09-09,17:24:10,0.103121,0.086911,0.00015,29374.094753,0.026,1
2026-09-09,17:24:10,0.082497,0.087036,0.00015,29374.094903,0.026,1
2026-09-09,17:24:11,0.110533,0.087036,0.00015,29374.094903,0.026,1
2026-09-09,17:24:12,0.110533,0.087036,0.00015,29374.095053,0.026,1
2026-09-09,17:24:12,0.123745,0.087036,0.00015,29374.095203,0.026,1
2026-09-09,17:24:13,0.082497,0.086929,0.00015,29374.095203,0.026,1
2026-09-09,17:24:14,0.123745,0.086929,0.00015,29374.095353,0.026,1
2026-09-09,17:24:14,0.123745,0.086929,0.00015,29374.095503,0.026,1
2026-09-09,17:24:15,0.103121,0.086929,0.00015,29374.095503,0.026,1
2026-09-09,17:24:16,0.123745,0.086929,0.00015,29374.095653,0.026,1
2026-09-09,17:24:16,0.082497,0.086821,0.00015,29374.095803,0.026,1
2026-09-09,17:24:17,0.115045,0.086821,0.00015,29374.095803,0.026,1
2026-09-09,17:24:18,0.115045,0.086821,0.00015,29374.095953,0.026,1
2026-09-09,17:24:18,0.162103,0.086821,0.00015,29374.096103,0.026,1
2026-09-09,17:24:19,0.103386,0.088542,0.00015,29374.096103,0.026,1
2026-09-09,17:24:20,0.103386,0.088621,0.00015,29374.096253,0.026,1
2026-09-09,17:24:20,0.144417,0.088621,0.00015,29374.096403,0.026,1
2026-09-09,17:24:21,0.144417,0.088621,0.00015,29374.096403,0.026,1
2026-09-09,17:24:22,0.10177,0.088621,0.00015,29374.096553,0.026,1
2026-09-09,17:24:22,0.082709,0.088621,0.00015,29374.096703,0.027,1
2026-09-09,17:24:23,0.103386,0.088621,0.00016,29374.096703,0.027,1
2026-09-09,17:24:24,0.103386,0.088621,0.00016,29374.096863,0.027,1
2026-09-09,17:24:24,0.144417,0.088621,0.00016,29374.097023,0.027,1
2026-09-09,17:24:25,0.082709,0.088725,0.00016,29374.097023,0.027,1
2026-09-09,17:24:26,0.103386,0.090772,0.00017,29374.097183,0.027,1
2026-09-09,17:24:26,0.116632,0.09439,0.00017,29374.097353,0.027,1
2026-09-09,17:24:27,0.116632,0.098417,0.00017,29374.097353,0.028,1
2026-09-09,17:24:28,0.124063,0.098417,0.00017,29374.097523,0.028,1
2026-09-09,17:24:28,0.082709,0.098417,0.00019,29374.097713,0.028,1
2026-09-09,17:24:29,0.136017,0.098417,0.00019,29374.097713,0.028,1
2026-09-09,17:24:30,0.082709,0.096376,0.00019,29374.097903,0.029,1
2026-09-09,17:24:30,0.082709,0.096376,0.0002,29374.098103,0.028,1
2026-09-09,17:24:31,0.103386,0.098465,0.00019,29374.098103,0.028,1
2026-09-09,17:24:32,0.114048,0.10162,0.00019,29374.098293,0.028,1
2026-09-09,17:24:32,0.106697,0.10404,0.0002,29374.098493,0.028,1
2026-09-09,17:24:33,0.106697,0.106044,0.00021,29374.098493,0.028,1
2026-09-09,17:24:34,0.123423,0.106044,0.00021,29374.098703,0.027,1
2026-09-09,17:24:34,0.103121,0.106017,0.0002,29374.098903,0.027,1
2026-09-09,17:24:35,0.082497,0.105996,0.0002,29374.098903,0.027,1
2026-09-09,17:24:36,0.128901,0.105996,0.0002,29374.099103,0.027,1
2026-09-09,17:24:36,0.128901,0.103907,0.0002,29374.099303,0.027,1
2026-09-09,17:24:37,0.082497,0.103907,0.00019,29374.099303,0.026,1
2026-09-09,17:24:38,0.13438,0.103907,0.00019,29374.099493,0.026,1
2026-09-09,17:24:38,0.164672,0.103907,0.00018,29374.099673,0.026,1
