# 펌프 없음, 설치 높이 2300mm, 파이프 200A, 파이프내 수위 40mm
# Level 설정 : Range 5.000m, Low Level 2.000m, Distance Migration 0.340m, Empty Height 2.129m, Water Level 0.000m
# Flow 설정 : U-Shape, Canal Width 0.200m, Height 0.200m, Installation Height 2.000m
# 순서: 날짜,시간,Real-time velocity, Avg. velocity, Instant. flow rate, Cumulative flow, Water level
2026-08-12,20:06:31,0.337287,0.335960,0.000000,29285.802243,0.000000
2026-08-12,20:06:32,0.337287,0.335960,0.000000,29285.802243,0.000000
2026-08-12,20:06:32,0.307790,0.332096,0.000000,29285.802243,0.000000
2026-08-12,20:06:33,0.356705,0.336510,0.000000,29285.802243,0.000000
2026-08-12,20:06:34,0.308574,0.334254,0.000000,29285.802243,0.000000
2026-08-12,20:06:34,0.308574,0.336338,0.000000,29285.802243,0.000000
2026-08-12,20:06:35,0.333413,0.336338,0.000000,29285.802243,0.000000
2026-08-12,20:06:36,0.309363,0.331883,0.000000,29285.802243,0.000000
2026-08-12,20:06:36,0.350290,0.331520,0.000000,29285.802243,0.000000
2026-08-12,20:06:37,0.340622,0.332599,0.000000,29285.802243,0.000000
2026-08-12,20:06:38,0.340622,0.330288,0.000000,29285.802243,0.000000
2026-08-12,20:06:38,0.310330,0.330288,0.000000,29285.802243,0.000000
2026-08-12,20:06:39,0.333210,0.328759,0.000000,29285.802243,0.000000
2026-08-12,20:06:40,0.350290,0.330059,0.000000,29285.802243,0.000000
2026-08-12,20:06:40,0.309363,0.330216,0.000000,29285.802243,0.000000
2026-08-12,20:06:41,0.309363,0.330216,0.000000,29285.802243,0.000000
2026-08-12,20:06:42,0.350290,0.329575,0.000000,29285.802243,0.000000
2026-08-12,20:06:42,0.309363,0.329653,0.000000,29285.802243,0.000000
2026-08-12,20:06:43,0.350290,0.331341,0.000000,29285.802243,0.000000
2026-08-12,20:06:44,0.350290,0.331991,0.000000,29285.802243,0.000000
2026-08-12,20:06:44,0.315859,0.331991,0.000000,29285.802243,0.000000
2026-08-12,20:06:45,0.310653,0.328027,0.000000,29285.802243,0.000000
2026-08-12,20:06:46,0.345778,0.328543,0.000000,29285.802243,0.000000
2026-08-12,20:06:46,0.355771,0.333087,0.000000,29285.802243,0.000000
2026-08-12,20:06:47,0.355771,0.335343,0.000000,29285.802243,0.000000
2026-08-12,20:06:48,0.355771,0.335343,0.000000,29285.802243,0.000000
2026-08-12,20:06:48,0.328605,0.333174,0.000000,29285.802243,0.000000
2026-08-12,20:06:49,0.352498,0.337488,0.000000,29285.802243,0.000000
2026-08-12,20:06:50,0.352498,0.335417,0.000000,29285.802243,0.000000
2026-08-12,20:06:50,0.329587,0.335417,0.000000,29285.802243,0.000000
2026-08-12,20:06:51,0.324023,0.336883,0.000000,29285.802243,0.000000
2026-08-12,20:06:52,0.321287,0.333983,0.000000,29285.802243,0.000000
2026-08-12,20:06:52,0.309363,0.333334,0.000000,29285.802243,0.000000
2026-08-12,20:06:53,0.309363,0.333334,0.000000,29285.802243,0.000000
2026-08-12,20:06:54,0.337400,0.336008,0.000000,29285.802243,0.000000
2026-08-12,20:06:54,0.309363,0.332367,0.000000,29285.802243,0.000000
2026-08-12,20:06:55,0.330310,0.329821,0.000000,29285.802243,0.000000
2026-08-12,20:06:56,0.330310,0.329821,0.000000,29285.802243,0.000000
2026-08-12,20:06:56,0.350290,0.329273,0.000000,29285.802243,0.000000
2026-08-12,20:06:57,0.350290,0.331441,0.000000,29285.802243,0.000000
2026-08-12,20:06:58,0.350290,0.331220,0.000000,29285.802243,0.000000
2026-08-12,20:06:58,0.350290,0.329198,0.000000,29285.802243,0.000000
2026-08-12,20:06:59,0.309363,0.329198,0.000000,29285.802243,0.000000
2026-08-12,20:06:59,0.350290,0.331825,0.000000,29285.802243,0.000000
2026-08-12,20:07:00,0.336755,0.333371,0.000000,29285.802243,0.000000
2026-08-12,20:07:01,0.334613,0.335896,0.000000,29285.802243,0.000000
2026-08-12,20:07:01,0.334613,0.335896,0.000000,29285.802243,0.000000
2026-08-12,20:07:02,0.309539,0.333110,0.000000,29285.802243,0.000000
2026-08-12,20:07:03,0.308574,0.333031,0.000000,29285.802243,0.000000
2026-08-12,20:07:03,0.349396,0.334940,0.000000,29285.802243,0.000000
2026-08-12,20:07:04,0.349396,0.334208,0.000000,29285.802243,0.000000
2026-08-12,20:07:05,0.342968,0.334208,0.000000,29285.802243,0.000000
2026-08-12,20:07:05,0.327539,0.331933,0.000000,29285.802243,0.000000
2026-08-12,20:07:06,0.349396,0.331843,0.000000,29285.802243,0.000000
2026-08-12,20:07:07,0.328503,0.333757,0.000000,29285.802243,0.000000
2026-08-12,20:07:07,0.328503,0.329586,0.000000,29285.802243,0.000000
2026-08-12,20:07:08,0.308574,0.329586,0.000000,29285.802243,0.000000
2026-08-12,20:07:09,0.309217,0.326832,0.000000,29285.802243,0.000000
2026-08-12,20:07:09,0.308574,0.324228,0.000000,29285.802243,0.000000
2026-08-12,20:07:10,0.308574,0.328214,0.000000,29285.802243,0.000000
2026-08-12,20:07:11,0.349396,0.328214,0.000000,29285.802243,0.000000
2026-08-12,20:07:11,0.340396,0.331396,0.000000,29285.802243,0.000000
2026-08-12,20:07:12,0.308574,0.327314,0.000000,29285.802243,0.000000
2026-08-12,20:07:13,0.333003,0.326317,0.000000,29285.802243,0.000000
2026-08-12,20:07:13,0.333003,0.324582,0.000000,29285.802243,0.000000
2026-08-12,20:07:14,0.310182,0.324582,0.000000,29285.802243,0.000000
2026-08-12,20:07:15,0.349396,0.324582,0.000000,29285.802243,0.000000
2026-08-12,20:07:15,0.308574,0.322589,0.000000,29285.802243,0.000000
2026-08-12,20:07:16,0.349396,0.326671,0.000000,29285.802243,0.000000
2026-08-12,20:07:17,0.349396,0.326671,0.000000,29285.802243,0.000000
2026-08-12,20:07:17,0.308574,0.326607,0.000000,29285.802243,0.000000
2026-08-12,20:07:18,0.329468,0.328696,0.000000,29285.802243,0.000000
2026-08-12,20:07:19,0.349396,0.328696,0.000000,29285.802243,0.000000
2026-08-12,20:07:19,0.349396,0.327185,0.000000,29285.802243,0.000000
2026-08-12,20:07:20,0.325289,0.327185,0.000000,29285.802243,0.000000
2026-08-12,20:07:21,0.349396,0.331268,0.000000,29285.802243,0.000000
2026-08-12,20:07:21,0.308574,0.328825,0.000000,29285.802243,0.000000
2026-08-12,20:07:22,0.349396,0.332746,0.000000,29285.802243,0.000000
2026-08-12,20:07:23,0.349396,0.328664,0.000000,29285.802243,0.000000
2026-08-12,20:07:23,0.308574,0.328664,0.000000,29285.802243,0.000000
2026-08-12,20:07:24,0.340396,0.331846,0.000000,29285.802243,0.000000
2026-08-12,20:07:25,0.314204,0.328327,0.000000,29285.802243,0.000000
2026-08-12,20:07:25,0.314204,0.331083,0.000000,29285.802243,0.000000
2026-08-12,20:07:26,0.336133,0.331083,0.000000,29285.802243,0.000000
2026-08-12,20:07:27,0.348356,0.332972,0.000000,29285.802243,0.000000
2026-08-12,20:07:27,0.334822,0.331514,0.000000,29285.802243,0.000000
2026-08-12,20:07:28,0.309363,0.329922,0.000000,29285.802243,0.000000
2026-08-12,20:07:29,0.309363,0.330011,0.000000,29285.802243,0.000000
2026-08-12,20:07:29,0.350290,0.330011,0.000000,29285.802243,0.000000
2026-08-12,20:07:30,0.345456,0.333699,0.000000,29285.802243,0.000000
2026-08-12,20:07:31,0.327410,0.331500,0.000000,29285.802243,0.000000
2026-08-12,20:07:31,0.314204,0.332063,0.000000,29285.802243,0.000000
2026-08-12,20:07:32,0.314204,0.332063,0.000000,29285.802243,0.000000
2026-08-12,20:07:33,0.348509,0.332875,0.000000,29285.802243,0.000000
2026-08-12,20:07:33,0.333119,0.334766,0.000000,29285.802243,0.000000
2026-08-12,20:07:34,0.309714,0.332124,0.000000,29285.802243,0.000000
2026-08-12,20:07:35,0.309714,0.328068,0.000000,29285.802243,0.000000
2026-08-12,20:07:35,0.307790,0.328068,0.000000,29285.802243,0.000000
2026-08-12,20:07:36,0.307790,0.325365,0.000000,29285.802243,0.000000
2026-08-12,20:07:37,0.314844,0.325913,0.000000,29285.802243,0.000000
2026-08-12,20:07:37,0.320936,0.322977,0.000000,29285.802243,0.000000
2026-08-12,20:07:38,0.320936,0.322977,0.000000,29285.802243,0.000000
2026-08-12,20:07:39,0.326065,0.321038,0.000000,29285.802243,0.000000
2026-08-12,20:07:39,0.313561,0.319653,0.000000,29285.802243,0.000000
2026-08-12,20:07:40,0.355771,0.323810,0.000000,29285.802243,0.000000
2026-08-12,20:07:41,0.355771,0.324405,0.000000,29285.802243,0.000000
2026-08-12,20:07:41,0.354462,0.324405,0.000000,29285.802243,0.000000
2026-08-12,20:07:42,0.314204,0.322514,0.000000,29285.802243,0.000000
2026-08-12,20:07:43,0.338751,0.325418,0.000000,29285.802243,0.000000
2026-08-12,20:07:43,0.344152,0.329054,0.000000,29285.802243,0.000000
2026-08-12,20:07:44,0.344152,0.329054,0.000000,29285.802243,0.000000
2026-08-12,20:07:45,0.310158,0.329290,0.000000,29285.802243,0.000000
2026-08-12,20:07:45,0.310158,0.328822,0.000000,29285.802243,0.000000
2026-08-12,20:07:46,0.350543,0.331782,0.000000,29285.802243,0.000000
2026-08-12,20:07:47,0.350543,0.330192,0.000000,29285.802243,0.000000
2026-08-12,20:07:47,0.310158,0.330192,0.000000,29285.802243,0.000000
2026-08-12,20:07:48,0.351189,0.333954,0.000000,29285.802243,0.000000
2026-08-12,20:07:49,0.310158,0.329393,0.000000,29285.802243,0.000000
2026-08-12,20:07:49,0.310158,0.324963,0.000000,29285.802243,0.000000
2026-08-12,20:07:50,0.310158,0.324963,0.000000,29285.802243,0.000000
2026-08-12,20:07:51,0.351189,0.328661,0.000000,29285.802243,0.000000
2026-08-12,20:07:51,0.310158,0.325802,0.000000,29285.802243,0.000000
2026-08-12,20:07:52,0.351189,0.326505,0.000000,29285.802243,0.000000
2026-08-12,20:07:53,0.351189,0.328702,0.000000,29285.802243,0.000000
2026-08-12,20:07:53,0.332127,0.328702,0.000000,29285.802243,0.000000
2026-08-12,20:07:54,0.356705,0.333357,0.000000,29285.802243,0.000000
2026-08-12,20:07:55,0.315029,0.329806,0.000000,29285.802243,0.000000
2026-08-12,20:07:55,0.351189,0.333909,0.000000,29285.802243,0.000000
2026-08-12,20:07:56,0.351189,0.333263,0.000000,29285.802243,0.000000
2026-08-12,20:07:57,0.344727,0.333263,0.000000,29285.802243,0.000000
2026-08-12,20:07:57,0.310158,0.333263,0.000000,29285.802243,0.000000
2026-08-12,20:07:58,0.351189,0.337366,0.000000,29285.802243,0.000000
2026-08-12,20:07:59,0.351189,0.333916,0.000000,29285.802243,0.000000
2026-08-12,20:07:59,0.316695,0.333916,0.000000,29285.802243,0.000000
2026-08-12,20:08:00,0.352094,0.338110,0.000000,29285.802243,0.000000
2026-08-12,20:08:01,0.352094,0.338200,0.000000,29285.802243,0.000000
2026-08-12,20:08:01,0.352094,0.340197,0.000000,29285.802243,0.000000
2026-08-12,20:08:02,0.352094,0.339736,0.000000,29285.802243,0.000000
2026-08-12,20:08:03,0.352094,0.339736,0.000000,29285.802243,0.000000
2026-08-12,20:08:03,0.357645,0.343998,0.000000,29285.802243,0.000000
2026-08-12,20:08:04,0.315859,0.340465,0.000000,29285.802243,0.000000
2026-08-12,20:08:05,0.315859,0.337578,0.000000,29285.802243,0.000000
2026-08-12,20:08:05,0.315859,0.337578,0.000000,29285.802243,0.000000
2026-08-12,20:08:06,0.330835,0.339646,0.000000,29285.802243,0.000000
2026-08-12,20:08:07,0.342143,0.338741,0.000000,29285.802243,0.000000
2026-08-12,20:08:07,0.310158,0.338087,0.000000,29285.802243,0.000000
2026-08-12,20:08:08,0.310158,0.335768,0.000000,29285.802243,0.000000
2026-08-12,20:08:08,0.328896,0.335768,0.000000,29285.802243,0.000000
2026-08-12,20:08:09,0.310158,0.331574,0.000000,29285.802243,0.000000
2026-08-12,20:08:10,0.343758,0.330740,0.000000,29285.802243,0.000000
2026-08-12,20:08:10,0.325665,0.328098,0.000000,29285.802243,0.000000
2026-08-12,20:08:11,0.325665,0.328098,0.000000,29285.802243,0.000000
2026-08-12,20:08:12,0.310158,0.323349,0.000000,29285.802243,0.000000
2026-08-12,20:08:12,0.323727,0.324136,0.000000,29285.802243,0.000000
2026-08-12,20:08:13,0.351189,0.327669,0.000000,29285.802243,0.000000
2026-08-12,20:08:14,0.351189,0.325601,0.000000,29285.802243,0.000000
2026-08-12,20:08:14,0.310158,0.325601,0.000000,29285.802243,0.000000
2026-08-12,20:08:15,0.310158,0.322402,0.000000,29285.802243,0.000000
2026-08-12,20:08:16,0.330512,0.324438,0.000000,29285.802243,0.000000
2026-08-12,20:08:16,0.351189,0.326667,0.000000,29285.802243,0.000000
2026-08-12,20:08:17,0.351189,0.326667,0.000000,29285.802243,0.000000
2026-08-12,20:08:18,0.332450,0.328896,0.000000,29285.802243,0.000000
2026-08-12,20:08:18,0.310158,0.325536,0.000000,29285.802243,0.000000
2026-08-12,20:08:19,0.310158,0.323985,0.000000,29285.802243,0.000000
2026-08-12,20:08:20,0.310158,0.328089,0.000000,29285.802243,0.000000
2026-08-12,20:08:20,0.351189,0.328089,0.000000,29285.802243,0.000000
2026-08-12,20:08:21,0.315650,0.327281,0.000000,29285.802243,0.000000
2026-08-12,20:08:22,0.351189,0.327281,0.000000,29285.802243,0.000000
2026-08-12,20:08:22,0.351189,0.331384,0.000000,29285.802243,0.000000
2026-08-12,20:08:23,0.351189,0.331384,0.000000,29285.802243,0.000000
2026-08-12,20:08:24,0.349573,0.335326,0.000000,29285.802243,0.000000
2026-08-12,20:08:24,0.351189,0.337393,0.000000,29285.802243,0.000000
2026-08-12,20:08:25,0.327604,0.335035,0.000000,29285.802243,0.000000
2026-08-12,20:08:26,0.327604,0.332805,0.000000,29285.802243,0.000000
2026-08-12,20:08:26,0.310158,0.332805,0.000000,29285.802243,0.000000
2026-08-12,20:08:27,0.351189,0.336909,0.000000,29285.802243,0.000000
2026-08-12,20:08:28,0.326958,0.338589,0.000000,29285.802243,0.000000
2026-08-12,20:08:28,0.310158,0.334486,0.000000,29285.802243,0.000000
2026-08-12,20:08:29,0.310158,0.334162,0.000000,29285.802243,0.000000
2026-08-12,20:08:30,0.312419,0.334162,0.000000,29285.802243,0.000000
2026-08-12,20:08:30,0.353423,0.334386,0.000000,29285.802243,0.000000
2026-08-12,20:08:31,0.315029,0.330770,0.000000,29285.802243,0.000000
2026-08-12,20:08:32,0.315029,0.327315,0.000000,29285.802243,0.000000
2026-08-12,20:08:32,0.315029,0.327315,0.000000,29285.802243,0.000000
2026-08-12,20:08:33,0.327860,0.324983,0.000000,29285.802243,0.000000
2026-08-12,20:08:34,0.349396,0.327162,0.000000,29285.802243,0.000000
2026-08-12,20:08:34,0.318967,0.328043,0.000000,29285.802243,0.000000
2026-08-12,20:08:35,0.318967,0.323860,0.000000,29285.802243,0.000000
2026-08-12,20:08:36,0.309363,0.323860,0.000000,29285.802243,0.000000
2026-08-12,20:08:36,0.334822,0.324647,0.000000,29285.802243,0.000000
2026-08-12,20:08:37,0.347389,0.328370,0.000000,29285.802243,0.000000
2026-08-12,20:08:38,0.350290,0.332157,0.000000,29285.802243,0.000000
2026-08-12,20:08:38,0.350290,0.332157,0.000000,29285.802243,0.000000
2026-08-12,20:08:39,0.350290,0.331844,0.000000,29285.802243,0.000000
2026-08-12,20:08:40,0.309363,0.331277,0.000000,29285.802243,0.000000
2026-08-12,20:08:40,0.327410,0.332515,0.000000,29285.802243,0.000000
2026-08-12,20:08:41,0.327410,0.334758,0.000000,29285.802243,0.000000
2026-08-12,20:08:42,0.350290,0.334758,0.000000,29285.802243,0.000000
2026-08-12,20:08:42,0.328054,0.332624,0.000000,29285.802243,0.000000
2026-08-12,20:08:43,0.309363,0.331663,0.000000,29285.802243,0.000000
2026-08-12,20:08:44,0.350290,0.335756,0.000000,29285.802243,0.000000
2026-08-12,20:08:44,0.350290,0.335756,0.000000,29285.802243,0.000000
2026-08-12,20:08:45,0.309363,0.333210,0.000000,29285.802243,0.000000
2026-08-12,20:08:46,0.331277,0.331599,0.000000,29285.802243,0.000000
2026-08-12,20:08:46,0.309363,0.327506,0.000000,29285.802243,0.000000
2026-08-12,20:08:47,0.309363,0.323414,0.000000,29285.802243,0.000000
2026-08-12,20:08:48,0.309363,0.323414,0.000000,29285.802243,0.000000
2026-08-12,20:08:48,0.328054,0.325283,0.000000,29285.802243,0.000000
2026-08-12,20:08:49,0.350290,0.327571,0.000000,29285.802243,0.000000
2026-08-12,20:08:50,0.331599,0.325702,0.000000,29285.802243,0.000000
2026-08-12,20:08:50,0.331599,0.327925,0.000000,29285.802243,0.000000
2026-08-12,20:08:51,0.350290,0.327925,0.000000,29285.802243,0.000000
2026-08-12,20:08:52,0.331277,0.330117,0.000000,29285.802243,0.000000
2026-08-12,20:08:52,0.348678,0.329955,0.000000,29285.802243,0.000000
2026-08-12,20:08:53,0.348678,0.331373,0.000000,29285.802243,0.000000
2026-08-12,20:08:54,0.323543,0.331373,0.000000,29285.802243,0.000000
2026-08-12,20:08:54,0.341589,0.332405,0.000000,29285.802243,0.000000
2026-08-12,20:08:55,0.315029,0.332971,0.000000,29285.802243,0.000000
2026-08-12,20:08:56,0.352767,0.337312,0.000000,29285.802243,0.000000
2026-08-12,20:08:56,0.352767,0.340177,0.000000,29285.802243,0.000000
2026-08-12,20:08:57,0.356705,0.340177,0.000000,29285.802243,0.000000
2026-08-12,20:08:58,0.356705,0.340818,0.000000,29285.802243,0.000000
2026-08-12,20:08:58,0.331765,0.340835,0.000000,29285.802243,0.000000
2026-08-12,20:08:59,0.348753,0.340681,0.000000,29285.802243,0.000000
2026-08-12,20:09:00,0.348753,0.340681,0.000000,29285.802243,0.000000
2026-08-12,20:09:00,0.325289,0.340082,0.000000,29285.802243,0.000000
2026-08-12,20:09:01,0.308574,0.336072,0.000000,29285.802243,0.000000
2026-08-12,20:09:02,0.349396,0.338657,0.000000,29285.802243,0.000000
2026-08-12,20:09:02,0.349396,0.335356,0.000000,29285.802243,0.000000
2026-08-12,20:09:03,0.308574,0.335356,0.000000,29285.802243,0.000000
2026-08-12,20:09:04,0.354843,0.339337,0.000000,29285.802243,0.000000
2026-08-12,20:09:04,0.313384,0.335399,0.000000,29285.802243,0.000000
2026-08-12,20:09:05,0.313384,0.331067,0.000000,29285.802243,0.000000
2026-08-12,20:09:05,0.313384,0.331067,0.000000,29285.802243,0.000000
2026-08-12,20:09:06,0.354843,0.330881,0.000000,29285.802243,0.000000
2026-08-12,20:09:07,0.354843,0.333188,0.000000,29285.802243,0.000000
2026-08-12,20:09:07,0.343611,0.332674,0.000000,29285.802243,0.000000
2026-08-12,20:09:08,0.343611,0.333188,0.000000,29285.802243,0.000000
2026-08-12,20:09:09,0.330432,0.333188,0.000000,29285.802243,0.000000
2026-08-12,20:09:09,0.311789,0.333510,0.000000,29285.802243,0.000000
2026-08-12,20:09:10,0.308574,0.329428,0.000000,29285.802243,0.000000
2026-08-12,20:09:11,0.349225,0.333493,0.000000,29285.802243,0.000000
2026-08-12,20:09:11,0.349225,0.333493,0.000000,29285.802243,0.000000
2026-08-12,20:09:12,0.329468,0.330955,0.000000,29285.802243,0.000000
2026-08-12,20:09:13,0.308574,0.330474,0.000000,29285.802243,0.000000
2026-08-12,20:09:13,0.308574,0.329993,0.000000,29285.802243,0.000000
2026-08-12,20:09:14,0.308574,0.329449,0.000000,29285.802243,0.000000
2026-08-12,20:09:15,0.349396,0.329449,0.000000,29285.802243,0.000000
2026-08-12,20:09:15,0.334169,0.327381,0.000000,29285.802243,0.000000
2026-08-12,20:09:16,0.314204,0.324441,0.000000,29285.802243,0.000000
2026-08-12,20:09:17,0.350290,0.326426,0.000000,29285.802243,0.000000
2026-08-12,20:09:17,0.350290,0.326426,0.000000,29285.802243,0.000000
2026-08-12,20:09:18,0.349323,0.330180,0.000000,29285.802243,0.000000
2026-08-12,20:09:19,0.349001,0.334222,0.000000,29285.802243,0.000000
2026-08-12,20:09:19,0.350290,0.334329,0.000000,29285.802243,0.000000
2026-08-12,20:09:20,0.350290,0.332318,0.000000,29285.802243,0.000000
2026-08-12,20:09:21,0.309363,0.332318,0.000000,29285.802243,0.000000
2026-08-12,20:09:21,0.350290,0.336490,0.000000,29285.802243,0.000000
2026-08-12,20:09:22,0.328376,0.338470,0.000000,29285.802243,0.000000
2026-08-12,20:09:23,0.329343,0.336465,0.000000,29285.802243,0.000000
2026-08-12,20:09:23,0.329343,0.336465,0.000000,29285.802243,0.000000
2026-08-12,20:09:24,0.332566,0.336305,0.000000,29285.802243,0.000000
2026-08-12,20:09:25,0.350290,0.339913,0.000000,29285.802243,0.000000
2026-08-12,20:09:25,0.327410,0.337625,0.000000,29285.802243,0.000000
2026-08-12,20:09:26,0.327410,0.336046,0.000000,29285.802243,0.000000
2026-08-12,20:09:27,0.333533,0.336046,0.000000,29285.802243,0.000000
2026-08-12,20:09:27,0.309363,0.332082,0.000000,29285.802243,0.000000
2026-08-12,20:09:28,0.333187,0.330372,0.000000,29285.802243,0.000000
2026-08-12,20:09:29,0.351189,0.334555,0.000000,29285.802243,0.000000
2026-08-12,20:09:29,0.351189,0.330946,0.000000,29285.802243,0.000000
2026-08-12,20:09:30,0.314204,0.330946,0.000000,29285.802243,0.000000
2026-08-12,20:09:31,0.337769,0.331885,0.000000,29285.802243,0.000000
2026-08-12,20:09:31,0.355771,0.334528,0.000000,29285.802243,0.000000
2026-08-12,20:09:32,0.309363,0.332208,0.000000,29285.802243,0.000000
2026-08-12,20:09:33,0.309363,0.332208,0.000000,29285.802243,0.000000
2026-08-12,20:09:33,0.350290,0.332208,0.000000,29285.802243,0.000000
2026-08-12,20:09:34,0.350290,0.334496,0.000000,29285.802243,0.000000
2026-08-12,20:09:35,0.345778,0.335721,0.000000,29285.802243,0.000000
2026-08-12,20:09:35,0.345778,0.335721,0.000000,29285.802243,0.000000
2026-08-12,20:09:36,0.309363,0.335721,0.000000,29285.802243,0.000000
2026-08-12,20:09:37,0.342878,0.336690,0.000000,29285.802243,0.000000
2026-08-12,20:09:37,0.309363,0.332507,0.000000,29285.802243,0.000000
2026-08-12,20:09:38,0.361466,0.337233,0.000000,29285.802243,0.000000
2026-08-12,20:09:39,0.361466,0.337233,0.000000,29285.802243,0.000000
2026-08-12,20:09:39,0.319234,0.335380,0.000000,29285.802243,0.000000
2026-08-12,20:09:40,0.352094,0.335012,0.000000,29285.802243,0.000000
2026-08-12,20:09:41,0.313224,0.335398,0.000000,29285.802243,0.000000
2026-08-12,20:09:41,0.313224,0.335578,0.000000,29285.802243,0.000000
2026-08-12,20:09:42,0.352094,0.335578,0.000000,29285.802243,0.000000
2026-08-12,20:09:43,0.310957,0.331645,0.000000,29285.802243,0.000000
2026-08-12,20:09:43,0.352094,0.332277,0.000000,29285.802243,0.000000
2026-08-12,20:09:44,0.310957,0.332436,0.000000,29285.802243,0.000000
2026-08-12,20:09:45,0.310957,0.332436,0.000000,29285.802243,0.000000
2026-08-12,20:09:45,0.333307,0.331479,0.000000,29285.802243,0.000000
2026-08-12,20:09:46,0.352094,0.335752,0.000000,29285.802243,0.000000
2026-08-12,20:09:47,0.344967,0.334102,0.000000,29285.802243,0.000000
2026-08-12,20:09:47,0.344967,0.337388,0.000000,29285.802243,0.000000
2026-08-12,20:09:48,0.352094,0.337388,0.000000,29285.802243,0.000000
2026-08-12,20:09:49,0.325857,0.334764,0.000000,29285.802243,0.000000
2026-08-12,20:09:49,0.310957,0.334537,0.000000,29285.802243,0.000000
2026-08-12,20:09:50,0.352094,0.334537,0.000000,29285.802243,0.000000
2026-08-12,20:09:51,0.352094,0.334537,0.000000,29285.802243,0.000000
2026-08-12,20:09:51,0.349826,0.338424,0.000000,29285.802243,0.000000
2026-08-12,20:09:52,0.310957,0.334311,0.000000,29285.802243,0.000000
2026-08-12,20:09:53,0.347883,0.338003,0.000000,29285.802243,0.000000
2026-08-12,20:09:53,0.347883,0.339882,0.000000,29285.802243,0.000000
2026-08-12,20:09:54,0.352094,0.339882,0.000000,29285.802243,0.000000
2026-08-12,20:09:55,0.310957,0.335768,0.000000,29285.802243,0.000000
2026-08-12,20:09:55,0.352094,0.336481,0.000000,29285.802243,0.000000
2026-08-12,20:09:56,0.338489,0.335121,0.000000,29285.802243,0.000000
2026-08-12,20:09:57,0.338489,0.335121,0.000000,29285.802243,0.000000
2026-08-12,20:09:57,0.310957,0.333631,0.000000,29285.802243,0.000000
2026-08-12,20:09:58,0.330391,0.335574,0.000000,29285.802243,0.000000
2026-08-12,20:09:59,0.310957,0.331460,0.000000,29285.802243,0.000000
2026-08-12,20:09:59,0.310957,0.331687,0.000000,29285.802243,0.000000
2026-08-12,20:10:00,0.352094,0.331687,0.000000,29285.802243,0.000000
2026-08-12,20:10:00,0.337841,0.334376,0.000000,29285.802243,0.000000
2026-08-12,20:10:01,0.329096,0.332497,0.000000,29285.802243,0.000000
2026-08-12,20:10:02,0.310957,0.328383,0.000000,29285.802243,0.000000
2026-08-12,20:10:02,0.310957,0.330229,0.000000,29285.802243,0.000000
2026-08-12,20:10:03,0.329420,0.330229,0.000000,29285.802243,0.000000
2026-08-12,20:10:04,0.310957,0.326116,0.000000,29285.802243,0.000000
2026-08-12,20:10:04,0.336222,0.325889,0.000000,29285.802243,0.000000
2026-08-12,20:10:05,0.310957,0.325889,0.000000,29285.802243,0.000000
2026-08-12,20:10:06,0.310957,0.325889,0.000000,29285.802243,0.000000
2026-08-12,20:10:06,0.343672,0.327217,0.000000,29285.802243,0.000000
2026-08-12,20:10:07,0.352094,0.331331,0.000000,29285.802243,0.000000
2026-08-12,20:10:08,0.310957,0.327217,0.000000,29285.802243,0.000000
2026-08-12,20:10:08,0.310957,0.325954,0.000000,29285.802243,0.000000
2026-08-12,20:10:09,0.325209,0.325954,0.000000,29285.802243,0.000000
2026-08-12,20:10:10,0.347883,0.327832,0.000000,29285.802243,0.000000
2026-08-12,20:10:10,0.330715,0.329808,0.000000,29285.802243,0.000000
2026-08-12,20:10:11,0.311928,0.328059,0.000000,29285.802243,0.000000
2026-08-12,20:10:12,0.311928,0.328059,0.000000,29285.802243,0.000000
2026-08-12,20:10:12,0.310957,0.328059,0.000000,29285.802243,0.000000
2026-08-12,20:10:13,0.352094,0.329646,0.000000,29285.802243,0.000000
2026-08-12,20:10:14,0.346263,0.333177,0.000000,29285.802243,0.000000
2026-08-12,20:10:14,0.346263,0.331590,0.000000,29285.802243,0.000000
2026-08-12,20:10:15,0.327800,0.331590,0.000000,29285.802243,0.000000
2026-08-12,20:10:16,0.310957,0.327476,0.000000,29285.802243,0.000000
2026-08-12,20:10:16,0.341404,0.330521,0.000000,29285.802243,0.000000
2026-08-12,20:10:17,0.352094,0.333209,0.000000,29285.802243,0.000000
2026-08-12,20:10:18,0.352094,0.333209,0.000000,29285.802243,0.000000
2026-08-12,20:10:18,0.313872,0.329808,0.000000,29285.802243,0.000000
2026-08-12,20:10:19,0.310957,0.327832,0.000000,29285.802243,0.000000
2026-08-12,20:10:20,0.323913,0.329031,0.000000,29285.802243,0.000000
2026-08-12,20:10:20,0.323913,0.333794,0.000000,29285.802243,0.000000
2026-08-12,20:10:21,0.358591,0.333794,0.000000,29285.802243,0.000000
2026-08-12,20:10:22,0.348111,0.333396,0.000000,29285.802243,0.000000
2026-08-12,20:10:22,0.323682,0.331138,0.000000,29285.802243,0.000000
2026-08-12,20:10:23,0.311789,0.329537,0.000000,29285.802243,0.000000
2026-08-12,20:10:24,0.311789,0.329537,0.000000,29285.802243,0.000000
2026-08-12,20:10:24,0.308896,0.329331,0.000000,29285.802243,0.000000
2026-08-12,20:10:25,0.308574,0.326048,0.000000,29285.802243,0.000000
2026-08-12,20:10:26,0.329146,0.323753,0.000000,29285.802243,0.000000
2026-08-12,20:10:26,0.329146,0.324895,0.000000,29285.802243,0.000000
2026-08-12,20:10:27,0.325289,0.324895,0.000000,29285.802243,0.000000
2026-08-12,20:10:28,0.349396,0.328739,0.000000,29285.802243,0.000000
2026-08-12,20:10:28,0.349396,0.331287,0.000000,29285.802243,0.000000
2026-08-12,20:10:29,0.345539,0.329982,0.000000,29285.802243,0.000000
2026-08-12,20:10:30,0.345539,0.326028,0.000000,29285.802243,0.000000
2026-08-12,20:10:30,0.308574,0.326028,0.000000,29285.802243,0.000000
2026-08-12,20:10:31,0.313074,0.324967,0.000000,29285.802243,0.000000
2026-08-12,20:10:32,0.308574,0.324646,0.000000,29285.802243,0.000000
2026-08-12,20:10:32,0.349396,0.328696,0.000000,29285.802243,0.000000
2026-08-12,20:10:33,0.349396,0.328696,0.000000,29285.802243,0.000000
2026-08-12,20:10:34,0.309860,0.328825,0.000000,29285.802243,0.000000
2026-08-12,20:10:34,0.308574,0.326768,0.000000,29285.802243,0.000000
2026-08-12,20:10:35,0.349396,0.329178,0.000000,29285.802243,0.000000
2026-08-12,20:10:36,0.349396,0.327410,0.000000,29285.802243,0.000000
2026-08-12,20:10:36,0.331718,0.327410,0.000000,29285.802243,0.000000
2026-08-12,20:10:37,0.308574,0.323328,0.000000,29285.802243,0.000000
2026-08-12,20:10:38,0.308574,0.319632,0.000000,29285.802243,0.000000
2026-08-12,20:10:38,0.308896,0.319664,0.000000,29285.802243,0.000000
2026-08-12,20:10:39,0.308896,0.319664,0.000000,29285.802243,0.000000
2026-08-12,20:10:40,0.314360,0.319792,0.000000,29285.802243,0.000000
2026-08-12,20:10:40,0.345539,0.323489,0.000000,29285.802243,0.000000
2026-08-12,20:10:41,0.344896,0.323039,0.000000,29285.802243,0.000000
2026-08-12,20:10:42,0.344896,0.326992,0.000000,29285.802243,0.000000
2026-08-12,20:10:42,0.349396,0.326992,0.000000,29285.802243,0.000000
2026-08-12,20:10:43,0.308574,0.326992,0.000000,29285.802243,0.000000
2026-08-12,20:10:44,0.308574,0.322910,0.000000,29285.802243,0.000000
2026-08-12,20:10:44,0.308574,0.320596,0.000000,29285.802243,0.000000
2026-08-12,20:10:45,0.308574,0.320596,0.000000,29285.802243,0.000000
2026-08-12,20:10:46,0.314204,0.321159,0.000000,29285.802243,0.000000
2026-08-12,20:10:46,0.309363,0.321238,0.000000,29285.802243,0.000000
2026-08-12,20:10:47,0.309363,0.321285,0.000000,29285.802243,0.000000
2026-08-12,20:10:48,0.309363,0.320785,0.000000,29285.802243,0.000000
2026-08-12,20:10:48,0.309363,0.320785,0.000000,29285.802243,0.000000
2026-08-12,20:10:49,0.309363,0.317167,0.000000,29285.802243,0.000000
2026-08-12,20:10:50,0.309363,0.313614,0.000000,29285.802243,0.000000
2026-08-12,20:10:50,0.310330,0.309708,0.000000,29285.802243,0.000000
2026-08-12,20:10:51,0.310330,0.309708,0.000000,29285.802243,0.000000
2026-08-12,20:10:52,0.328699,0.311720,0.000000,29285.802243,0.000000
2026-08-12,20:10:52,0.344167,0.315279,0.000000,29285.802243,0.000000
2026-08-12,20:10:53,0.309363,0.315358,0.000000,29285.802243,0.000000
2026-08-12,20:10:53,0.309363,0.319702,0.000000,29285.802243,0.000000
2026-08-12,20:10:54,0.357645,0.319702,0.000000,29285.802243,0.000000
2026-08-12,20:10:55,0.315859,0.320352,0.000000,29285.802243,0.000000
2026-08-12,20:10:55,0.320795,0.321495,0.000000,29285.802243,0.000000
2026-08-12,20:10:56,0.330835,0.323642,0.000000,29285.802243,0.000000
2026-08-12,20:10:57,0.330835,0.323642,0.000000,29285.802243,0.000000
2026-08-12,20:10:57,0.351189,0.327824,0.000000,29285.802243,0.000000
2026-08-12,20:10:58,0.310158,0.327904,0.000000,29285.802243,0.000000
2026-08-12,20:10:59,0.340527,0.330924,0.000000,29285.802243,0.000000
2026-08-12,20:10:59,0.340527,0.333173,0.000000,29285.802243,0.000000
2026-08-12,20:11:00,0.351189,0.333173,0.000000,29285.802243,0.000000
2026-08-12,20:11:01,0.310158,0.329772,0.000000,29285.802243,0.000000
2026-08-12,20:11:01,0.310158,0.329851,0.000000,29285.802243,0.000000
2026-08-12,20:11:02,0.339881,0.328075,0.000000,29285.802243,0.000000
2026-08-12,20:11:03,0.339881,0.328075,0.000000,29285.802243,0.000000
2026-08-12,20:11:03,0.333742,0.329863,0.000000,29285.802243,0.000000
2026-08-12,20:11:04,0.351189,0.332902,0.000000,29285.802243,0.000000
2026-08-12,20:11:05,0.315029,0.331322,0.000000,29285.802243,0.000000
2026-08-12,20:11:05,0.315029,0.329576,0.000000,29285.802243,0.000000
2026-08-12,20:11:06,0.333734,0.329576,0.000000,29285.802243,0.000000
2026-08-12,20:11:07,0.356705,0.334231,0.000000,29285.802243,0.000000
2026-08-12,20:11:07,0.345876,0.334766,0.000000,29285.802243,0.000000
2026-08-12,20:11:08,0.333533,0.333000,0.000000,29285.802243,0.000000
2026-08-12,20:11:09,0.333533,0.332921,0.000000,29285.802243,0.000000
2026-08-12,20:11:09,0.309363,0.332921,0.000000,29285.802243,0.000000
2026-08-12,20:11:10,0.336133,0.335518,0.000000,29285.802243,0.000000
2026-08-12,20:11:11,0.347626,0.336293,0.000000,29285.802243,0.000000
2026-08-12,20:11:11,0.328758,0.335795,0.000000,29285.802243,0.000000
2026-08-12,20:11:12,0.328758,0.335795,0.000000,29285.802243,0.000000
2026-08-12,20:11:13,0.307011,0.331377,0.000000,29285.802243,0.000000
2026-08-12,20:11:13,0.355771,0.335451,0.000000,29285.802243,0.000000
2026-08-12,20:11:14,0.326765,0.334754,0.000000,29285.802243,0.000000
2026-08-12,20:11:15,0.326765,0.333613,0.000000,29285.802243,0.000000
2026-08-12,20:11:15,0.345297,0.333613,0.000000,29285.802243,0.000000
2026-08-12,20:11:16,0.316168,0.330643,0.000000,29285.802243,0.000000
2026-08-12,20:11:17,0.327623,0.330052,0.000000,29285.802243,0.000000
2026-08-12,20:11:17,0.335253,0.332641,0.000000,29285.802243,0.000000
2026-08-12,20:11:18,0.335253,0.332641,0.000000,29285.802243,0.000000
2026-08-12,20:11:19,0.308574,0.329885,0.000000,29285.802243,0.000000
2026-08-12,20:11:19,0.329789,0.328101,0.000000,29285.802243,0.000000
2026-08-12,20:11:20,0.336235,0.328849,0.000000,29285.802243,0.000000
2026-08-12,20:11:21,0.336235,0.333403,0.000000,29285.802243,0.000000
2026-08-12,20:11:21,0.352558,0.333403,0.000000,29285.802243,0.000000
2026-08-12,20:11:22,0.332478,0.331074,0.000000,29285.802243,0.000000
2026-08-12,20:11:23,0.349362,0.333334,0.000000,29285.802243,0.000000
2026-08-12,20:11:23,0.312570,0.330061,0.000000,29285.802243,0.000000
2026-08-12,20:11:24,0.312570,0.330061,0.000000,29285.802243,0.000000
2026-08-12,20:11:25,0.317536,0.330198,0.000000,29285.802243,0.000000
2026-08-12,20:11:25,0.350290,0.332465,0.000000,29285.802243,0.000000
2026-08-12,20:11:26,0.309363,0.329876,0.000000,29285.802243,0.000000
2026-08-12,20:11:27,0.309363,0.334047,0.000000,29285.802243,0.000000
2026-08-12,20:11:27,0.350290,0.334047,0.000000,29285.802243,0.000000
2026-08-12,20:11:28,0.349001,0.335968,0.000000,29285.802243,0.000000
2026-08-12,20:11:29,0.350290,0.337374,0.000000,29285.802243,0.000000
2026-08-12,20:11:29,0.332888,0.335407,0.000000,29285.802243,0.000000
2026-08-12,20:11:30,0.332888,0.335407,0.000000,29285.802243,0.000000
2026-08-12,20:11:31,0.341267,0.336286,0.000000,29285.802243,0.000000
2026-08-12,20:11:31,0.309363,0.332286,0.000000,29285.802243,0.000000
2026-08-12,20:11:32,0.350290,0.336058,0.000000,29285.802243,0.000000
2026-08-12,20:11:33,0.350290,0.337077,0.000000,29285.802243,0.000000
2026-08-12,20:11:33,0.327732,0.337077,0.000000,29285.802243,0.000000
2026-08-12,20:11:34,0.330632,0.335112,0.000000,29285.802243,0.000000
2026-08-12,20:11:35,0.314204,0.335596,0.000000,29285.802243,0.000000
2026-08-12,20:11:35,0.355443,0.336111,0.000000,29285.802243,0.000000
2026-08-12,20:11:36,0.355443,0.336062,0.000000,29285.802243,0.000000
2026-08-12,20:11:37,0.348509,0.336062,0.000000,29285.802243,0.000000
2026-08-12,20:11:37,0.332478,0.334281,0.000000,29285.802243,0.000000
2026-08-12,20:11:38,0.307790,0.331771,0.000000,29285.802243,0.000000
2026-08-12,20:11:39,0.307790,0.328901,0.000000,29285.802243,0.000000
2026-08-12,20:11:39,0.312570,0.328901,0.000000,29285.802243,0.000000
2026-08-12,20:11:40,0.332106,0.331175,0.000000,29285.802243,0.000000
2026-08-12,20:11:41,0.312570,0.327403,0.000000,29285.802243,0.000000
2026-08-12,20:11:41,0.353920,0.330022,0.000000,29285.802243,0.000000
2026-08-12,20:11:42,0.353920,0.332188,0.000000,29285.802243,0.000000
2026-08-12,20:11:43,0.352292,0.332188,0.000000,29285.802243,0.000000
2026-08-12,20:11:43,0.331488,0.333917,0.000000,29285.802243,0.000000
2026-08-12,20:11:44,0.344152,0.332787,0.000000,29285.802243,0.000000
2026-08-12,20:11:45,0.343611,0.332298,0.000000,29285.802243,0.000000
2026-08-12,20:11:45,0.343611,0.332298,0.000000,29285.802243,0.000000
2026-08-12,20:11:46,0.349396,0.333990,0.000000,29285.802243,0.000000
2026-08-12,20:11:47,0.330753,0.336286,0.000000,29285.802243,0.000000
2026-08-12,20:11:47,0.309217,0.335951,0.000000,29285.802243,0.000000
2026-08-12,20:11:48,0.309217,0.337551,0.000000,29285.802243,0.000000
2026-08-12,20:11:49,0.348111,0.337551,0.000000,29285.802243,0.000000
2026-08-12,20:11:49,0.350674,0.341361,0.000000,29285.802243,0.000000
2026-08-12,20:11:50,0.311761,0.337145,0.000000,29285.802243,0.000000
2026-08-12,20:11:51,0.334818,0.335398,0.000000,29285.802243,0.000000
2026-08-12,20:11:51,0.334818,0.335398,0.000000,29285.802243,0.000000
2026-08-12,20:11:52,0.311761,0.333425,0.000000,29285.802243,0.000000
2026-08-12,20:11:52,0.353004,0.334311,0.000000,29285.802243,0.000000
2026-08-12,20:11:53,0.342937,0.334243,0.000000,29285.802243,0.000000
2026-08-12,20:11:54,0.342937,0.330480,0.000000,29285.802243,0.000000
2026-08-12,20:11:54,0.311761,0.330480,0.000000,29285.802243,0.000000
2026-08-12,20:11:55,0.332870,0.330691,0.000000,29285.802243,0.000000
2026-08-12,20:11:56,0.311761,0.330946,0.000000,29285.802243,0.000000
2026-08-12,20:11:56,0.327024,0.328837,0.000000,29285.802243,0.000000
2026-08-12,20:11:57,0.327024,0.328837,0.000000,29285.802243,0.000000
2026-08-12,20:11:58,0.311761,0.324946,0.000000,29285.802243,0.000000
2026-08-12,20:11:58,0.328323,0.326602,0.000000,29285.802243,0.000000
2026-08-12,20:11:59,0.353004,0.328420,0.000000,29285.802243,0.000000
2026-08-12,20:12:00,0.353004,0.331148,0.000000,29285.802243,0.000000
2026-08-12,20:12:00,0.339040,0.331148,0.000000,29285.802243,0.000000
2026-08-12,20:12:01,0.323452,0.328193,0.000000,29285.802243,0.000000
2026-08-12,20:12:02,0.311761,0.325076,0.000000,29285.802243,0.000000
2026-08-12,20:12:02,0.337741,0.327674,0.000000,29285.802243,0.000000
2026-08-12,20:12:03,0.337741,0.327674,0.000000,29285.802243,0.000000
2026-08-12,20:12:04,0.316307,0.326017,0.000000,29285.802243,0.000000
2026-08-12,20:12:04,0.353004,0.330142,0.000000,29285.802243,0.000000
2026-08-12,20:12:05,0.334818,0.330921,0.000000,29285.802243,0.000000
2026-08-12,20:12:06,0.334818,0.331408,0.000000,29285.802243,0.000000
2026-08-12,20:12:06,0.316632,0.331408,0.000000,29285.802243,0.000000
2026-08-12,20:12:07,0.353004,0.333876,0.000000,29285.802243,0.000000
2026-08-12,20:12:08,0.335143,0.332090,0.000000,29285.802243,0.000000
2026-08-12,20:12:08,0.313709,0.329557,0.000000,29285.802243,0.000000
2026-08-12,20:12:09,0.313709,0.329557,0.000000,29285.802243,0.000000
2026-08-12,20:12:10,0.351705,0.332382,0.000000,29285.802243,0.000000
2026-08-12,20:12:10,0.311761,0.332382,0.000000,29285.802243,0.000000
2026-08-12,20:12:11,0.325725,0.331181,0.000000,29285.802243,0.000000
2026-08-12,20:12:12,0.325725,0.334851,0.000000,29285.802243,0.000000
2026-08-12,20:12:12,0.353004,0.334851,0.000000,29285.802243,0.000000
2026-08-12,20:12:13,0.331540,0.332704,0.000000,29285.802243,0.000000
2026-08-12,20:12:14,0.334177,0.332640,0.000000,29285.802243,0.000000
2026-08-12,20:12:14,0.350290,0.336006,0.000000,29285.802243,0.000000
2026-08-12,20:12:15,0.350290,0.336006,0.000000,29285.802243,0.000000
2026-08-12,20:12:16,0.336111,0.334316,0.000000,29285.802243,0.000000
2026-08-12,20:12:16,0.341911,0.334993,0.000000,29285.802243,0.000000
2026-08-12,20:12:17,0.309363,0.334559,0.000000,29285.802243,0.000000
2026-08-12,20:12:18,0.309363,0.332451,0.000000,29285.802243,0.000000
2026-08-12,20:12:18,0.330632,0.332451,0.000000,29285.802243,0.000000
2026-08-12,20:12:19,0.334177,0.334693,0.000000,29285.802243,0.000000
2026-08-12,20:12:20,0.309363,0.333057,0.000000,29285.802243,0.000000
2026-08-12,20:12:20,0.309363,0.328693,0.000000,29285.802243,0.000000
2026-08-12,20:12:21,0.309363,0.328693,0.000000,29285.802243,0.000000
2026-08-12,20:12:22,0.317742,0.327313,0.000000,29285.802243,0.000000
2026-08-12,20:12:22,0.350290,0.328924,0.000000,29285.802243,0.000000
2026-08-12,20:12:23,0.309363,0.324832,0.000000,29285.802243,0.000000
2026-08-12,20:12:24,0.309363,0.322157,0.000000,29285.802243,0.000000
2026-08-12,20:12:24,0.309363,0.322157,0.000000,29285.802243,0.000000
2026-08-12,20:12:25,0.350290,0.322995,0.000000,29285.802243,0.000000
2026-08-12,20:12:26,0.350290,0.327087,0.000000,29285.802243,0.000000
2026-08-12,20:12:26,0.328699,0.326894,0.000000,29285.802243,0.000000
2026-08-12,20:12:27,0.328699,0.327312,0.000000,29285.802243,0.000000
2026-08-12,20:12:28,0.338351,0.327312,0.000000,29285.802243,0.000000
2026-08-12,20:12:28,0.311761,0.327551,0.000000,29285.802243,0.000000
2026-08-12,20:12:29,0.337741,0.330389,0.000000,29285.802243,0.000000
2026-08-12,20:12:30,0.337741,0.329316,0.000000,29285.802243,0.000000
2026-08-12,20:12:30,0.307011,0.329316,0.000000,29285.802243,0.000000
2026-08-12,20:12:31,0.333235,0.327610,0.000000,29285.802243,0.000000
2026-08-12,20:12:32,0.312448,0.327919,0.000000,29285.802243,0.000000
2026-08-12,20:12:32,0.323961,0.329379,0.000000,29285.802243,0.000000
2026-08-12,20:12:33,0.323961,0.327193,0.000000,29285.802243,0.000000
2026-08-12,20:12:34,0.328438,0.327193,0.000000,29285.802243,0.000000
2026-08-12,20:12:34,0.332276,0.325392,0.000000,29285.802243,0.000000
2026-08-12,20:12:35,0.307011,0.323223,0.000000,29285.802243,0.000000
2026-08-12,20:12:36,0.307011,0.320089,0.000000,29285.802243,0.000000
2026-08-12,20:12:36,0.307011,0.320089,0.000000,29285.802243,0.000000
2026-08-12,20:12:37,0.342509,0.323164,0.000000,29285.802243,0.000000
2026-08-12,20:12:38,0.349107,0.324301,0.000000,29285.802243,0.000000
2026-08-12,20:12:38,0.353004,0.328900,0.000000,29285.802243,0.000000
2026-08-12,20:12:39,0.353004,0.330357,0.000000,29285.802243,0.000000
2026-08-12,20:12:40,0.347808,0.330357,0.000000,29285.802243,0.000000
2026-08-12,20:12:40,0.311761,0.330289,0.000000,29285.802243,0.000000
2026-08-12,20:12:41,0.353004,0.333193,0.000000,29285.802243,0.000000
2026-08-12,20:12:42,0.350081,0.335357,0.000000,29285.802243,0.000000
2026-08-12,20:12:42,0.350081,0.335357,0.000000,29285.802243,0.000000
2026-08-12,20:12:43,0.311761,0.333306,0.000000,29285.802243,0.000000
2026-08-12,20:12:44,0.329622,0.335567,0.000000,29285.802243,0.000000
2026-08-12,20:12:44,0.352030,0.340069,0.000000,29285.802243,0.000000
2026-08-12,20:12:45,0.352030,0.336994,0.000000,29285.802243,0.000000
2026-08-12,20:12:45,0.311761,0.336994,0.000000,29285.802243,0.000000
2026-08-12,20:12:46,0.353004,0.337384,0.000000,29285.802243,0.000000
2026-08-12,20:12:47,0.311761,0.333259,0.000000,29285.802243,0.000000
2026-08-12,20:12:47,0.314359,0.329914,0.000000,29285.802243,0.000000
2026-08-12,20:12:48,0.314359,0.332317,0.000000,29285.802243,0.000000
2026-08-12,20:12:49,0.335792,0.332317,0.000000,29285.802243,0.000000
2026-08-12,20:12:49,0.308930,0.327910,0.000000,29285.802243,0.000000
2026-08-12,20:12:50,0.307011,0.323603,0.000000,29285.802243,0.000000
2026-08-12,20:12:51,0.307011,0.323765,0.000000,29285.802243,0.000000
2026-08-12,20:12:51,0.313384,0.323765,0.000000,29285.802243,0.000000
2026-08-12,20:12:52,0.338249,0.324628,0.000000,29285.802243,0.000000
2026-08-12,20:12:53,0.307790,0.320204,0.000000,29285.802243,0.000000
2026-08-12,20:12:53,0.326386,0.321667,0.000000,29285.802243,0.000000
2026-08-12,20:12:54,0.326386,0.317145,0.000000,29285.802243,0.000000
2026-08-12,20:12:55,0.307790,0.317145,0.000000,29285.802243,0.000000
2026-08-12,20:12:55,0.348509,0.320820,0.000000,29285.802243,0.000000
2026-08-12,20:12:56,0.348509,0.324235,0.000000,29285.802243,0.000000
2026-08-12,20:12:57,0.356705,0.326326,0.000000,29285.802243,0.000000
2026-08-12,20:12:57,0.356705,0.326326,0.000000,29285.802243,0.000000
2026-08-12,20:12:58,0.348829,0.330316,0.000000,29285.802243,0.000000
2026-08-12,20:12:59,0.345302,0.334145,0.000000,29285.802243,0.000000
2026-08-12,20:12:59,0.344982,0.337305,0.000000,29285.802243,0.000000
2026-08-12,20:13:00,0.344982,0.338331,0.000000,29285.802243,0.000000
2026-08-12,20:13:01,0.348509,0.338331,0.000000,29285.802243,0.000000
2026-08-12,20:13:01,0.315500,0.339102,0.000000,29285.802243,0.000000
2026-08-12,20:13:02,0.312570,0.337720,0.000000,29285.802243,0.000000
2026-08-12,20:13:03,0.347626,0.341704,0.000000,29285.802243,0.000000
2026-08-12,20:13:03,0.347626,0.339921,0.000000,29285.802243,0.000000
2026-08-12,20:13:04,0.330677,0.339921,0.000000,29285.802243,0.000000
2026-08-12,20:13:05,0.333844,0.338454,0.000000,29285.802243,0.000000
2026-08-12,20:13:05,0.343586,0.337143,0.000000,29285.802243,0.000000
2026-08-12,20:13:06,0.347483,0.337008,0.000000,29285.802243,0.000000
2026-08-12,20:13:07,0.347483,0.337008,0.000000,29285.802243,0.000000
2026-08-12,20:13:07,0.334493,0.335927,0.000000,29285.802243,0.000000
2026-08-12,20:13:08,0.311761,0.332605,0.000000,29285.802243,0.000000
2026-08-12,20:13:09,0.311761,0.328930,0.000000,29285.802243,0.000000
2026-08-12,20:13:09,0.311761,0.328556,0.000000,29285.802243,0.000000
2026-08-12,20:13:10,0.311761,0.328556,0.000000,29285.802243,0.000000
2026-08-12,20:13:11,0.325725,0.329872,0.000000,29285.802243,0.000000
2026-08-12,20:13:11,0.311761,0.326285,0.000000,29285.802243,0.000000
2026-08-12,20:13:12,0.318256,0.325043,0.000000,29285.802243,0.000000
2026-08-12,20:13:13,0.318256,0.325043,0.000000,29285.802243,0.000000
2026-08-12,20:13:13,0.353004,0.326959,0.000000,29285.802243,0.000000
2026-08-12,20:13:14,0.311761,0.323777,0.000000,29285.802243,0.000000
2026-08-12,20:13:15,0.329947,0.322023,0.000000,29285.802243,0.000000
2026-08-12,20:13:15,0.329947,0.323874,0.000000,29285.802243,0.000000
2026-08-12,20:13:16,0.353004,0.323874,0.000000,29285.802243,0.000000
2026-08-12,20:13:17,0.347808,0.327479,0.000000,29285.802243,0.000000
2026-08-12,20:13:17,0.329947,0.329297,0.000000,29285.802243,0.000000
2026-08-12,20:13:18,0.311761,0.329297,0.000000,29285.802243,0.000000
2026-08-12,20:13:19,0.311761,0.332025,0.000000,29285.802243,0.000000
2026-08-12,20:13:19,0.353004,0.332025,0.000000,29285.802243,0.000000
2026-08-12,20:13:20,0.347483,0.335597,0.000000,29285.802243,0.000000
2026-08-12,20:13:21,0.311761,0.334948,0.000000,29285.802243,0.000000
2026-08-12,20:13:21,0.326699,0.332317,0.000000,29285.802243,0.000000
2026-08-12,20:13:22,0.326699,0.332317,0.000000,29285.802243,0.000000
2026-08-12,20:13:23,0.311761,0.332317,0.000000,29285.802243,0.000000
2026-08-12,20:13:23,0.348782,0.334201,0.000000,29285.802243,0.000000
2026-08-12,20:13:24,0.327349,0.331636,0.000000,29285.802243,0.000000
2026-08-12,20:13:25,0.327349,0.328031,0.000000,29285.802243,0.000000
2026-08-12,20:13:25,0.311761,0.328031,0.000000,29285.802243,0.000000
2026-08-12,20:13:26,0.358591,0.330895,0.000000,29285.802243,0.000000
2026-08-12,20:13:27,0.308574,0.330577,0.000000,29285.802243,0.000000
2026-08-12,20:13:27,0.317896,0.327066,0.000000,29285.802243,0.000000
2026-08-12,20:13:28,0.317896,0.327257,0.000000,29285.802243,0.000000
2026-08-12,20:13:29,0.349396,0.327257,0.000000,29285.802243,0.000000
2026-08-12,20:13:29,0.308574,0.326938,0.000000,29285.802243,0.000000
2026-08-12,20:13:30,0.340718,0.328340,0.000000,29285.802243,0.000000
2026-08-12,20:13:31,0.349396,0.332104,0.000000,29285.802243,0.000000
2026-08-12,20:13:31,0.349396,0.332104,0.000000,29285.802243,0.000000
2026-08-12,20:13:32,0.330432,0.330269,0.000000,29285.802243,0.000000
2026-08-12,20:13:33,0.308896,0.328423,0.000000,29285.802243,0.000000
2026-08-12,20:13:33,0.349396,0.332187,0.000000,29285.802243,0.000000
2026-08-12,20:13:34,0.349396,0.329403,0.000000,29285.802243,0.000000
2026-08-12,20:13:35,0.330753,0.329403,0.000000,29285.802243,0.000000
2026-08-12,20:13:35,0.315029,0.330049,0.000000,29285.802243,0.000000
2026-08-12,20:13:36,0.351189,0.333378,0.000000,29285.802243,0.000000
2026-08-12,20:13:37,0.310158,0.329454,0.000000,29285.802243,0.000000
2026-08-12,20:13:37,0.310158,0.329454,0.000000,29285.802243,0.000000
2026-08-12,20:13:38,0.310158,0.329612,0.000000,29285.802243,0.000000
2026-08-12,20:13:39,0.351723,0.330713,0.000000,29285.802243,0.000000
2026-08-12,20:13:39,0.315859,0.327359,0.000000,29285.802243,0.000000
2026-08-12,20:13:40,0.315859,0.328958,0.000000,29285.802243,0.000000
2026-08-12,20:13:41,0.346423,0.328958,0.000000,29285.802243,0.000000
2026-08-12,20:13:41,0.315029,0.329572,0.000000,29285.802243,0.000000
2026-08-12,20:13:42,0.349396,0.329572,0.000000,29285.802243,0.000000
2026-08-12,20:13:43,0.308574,0.327354,0.000000,29285.802243,0.000000
2026-08-12,20:13:43,0.308574,0.328251,0.000000,29285.802243,0.000000
2026-08-12,20:13:44,0.324003,0.328251,0.000000,29285.802243,0.000000
2026-08-12,20:13:45,0.351578,0.328290,0.000000,29285.802243,0.000000
2026-08-12,20:13:45,0.324420,0.329716,0.000000,29285.802243,0.000000
2026-08-12,20:13:46,0.346749,0.333375,0.000000,29285.802243,0.000000
2026-08-12,20:13:47,0.346749,0.333375,0.000000,29285.802243,0.000000
2026-08-12,20:13:47,0.348207,0.333024,0.000000,29285.802243,0.000000
2026-08-12,20:13:48,0.349502,0.336388,0.000000,29285.802243,0.000000
2026-08-12,20:13:49,0.332335,0.334979,0.000000,29285.802243,0.000000
2026-08-12,20:13:49,0.332335,0.338686,0.000000,29285.802243,0.000000
2026-08-12,20:13:50,0.352094,0.338686,0.000000,29285.802243,0.000000
2026-08-12,20:13:51,0.310957,0.334842,0.000000,29285.802243,0.000000
2026-08-12,20:13:51,0.340109,0.337995,0.000000,29285.802243,0.000000
2026-08-12,20:13:52,0.326828,0.338278,0.000000,29285.802243,0.000000
2026-08-12,20:13:53,0.326828,0.334216,0.000000,29285.802243,0.000000
2026-08-12,20:13:53,0.310957,0.334216,0.000000,29285.802243,0.000000
2026-08-12,20:13:54,0.310957,0.332869,0.000000,29285.802243,0.000000
2026-08-12,20:13:55,0.322941,0.330489,0.000000,29285.802243,0.000000
2026-08-12,20:13:55,0.331687,0.328837,0.000000,29285.802243,0.000000
2026-08-12,20:13:56,0.331687,0.328837,0.000000,29285.802243,0.000000
2026-08-12,20:13:57,0.312900,0.325176,0.000000,29285.802243,0.000000
2026-08-12,20:13:57,0.352417,0.327185,0.000000,29285.802243,0.000000
2026-08-12,20:13:58,0.331687,0.325144,0.000000,29285.802243,0.000000
2026-08-12,20:13:59,0.331687,0.327444,0.000000,29285.802243,0.000000
2026-08-12,20:13:59,0.333954,0.327444,0.000000,29285.802243,0.000000
2026-08-12,20:14:00,0.337517,0.327185,0.000000,29285.802243,0.000000
2026-08-12,20:14:01,0.369585,0.331460,0.000000,29285.802243,0.000000
2026-08-12,20:14:01,0.332659,0.333631,0.000000,29285.802243,0.000000
2026-08-12,20:14:02,0.332659,0.333631,0.000000,29285.802243,0.000000
2026-08-12,20:14:03,0.348207,0.337356,0.000000,29285.802243,0.000000
2026-08-12,20:14:03,0.352094,0.340271,0.000000,29285.802243,0.000000
2026-08-12,20:14:04,0.311928,0.338295,0.000000,29285.802243,0.000000
2026-08-12,20:14:05,0.311928,0.338101,0.000000,29285.802243,0.000000
2026-08-12,20:14:05,0.310957,0.338101,0.000000,29285.802243,0.000000
2026-08-12,20:14:06,0.344644,0.337323,0.000000,29285.802243,0.000000
2026-08-12,20:14:07,0.350150,0.339169,0.000000,29285.802243,0.000000
2026-08-12,20:14:07,0.317111,0.337485,0.000000,29285.802243,0.000000
2026-08-12,20:14:08,0.317111,0.334829,0.000000,29285.802243,0.000000
2026-08-12,20:14:09,0.310957,0.334829,0.000000,29285.802243,0.000000
2026-08-12,20:14:09,0.361466,0.334017,0.000000,29285.802243,0.000000
2026-08-12,20:14:10,0.329146,0.333666,0.000000,29285.802243,0.000000
2026-08-12,20:14:11,0.349396,0.333785,0.000000,29285.802243,0.000000
2026-08-12,20:14:11,0.349396,0.333785,0.000000,29285.802243,0.000000
2026-08-12,20:14:12,0.329146,0.331490,0.000000,29285.802243,0.000000
2026-08-12,20:14:13,0.317253,0.332023,0.000000,29285.802243,0.000000
2026-08-12,20:14:13,0.341039,0.335031,0.000000,29285.802243,0.000000
2026-08-12,20:14:14,0.341039,0.332678,0.000000,29285.802243,0.000000
2026-08-12,20:14:15,0.321110,0.332678,0.000000,29285.802243,0.000000
2026-08-12,20:14:15,0.342003,0.331863,0.000000,29285.802243,0.000000
2026-08-12,20:14:16,0.308574,0.331009,0.000000,29285.802243,0.000000
2026-08-12,20:14:17,0.325610,0.332475,0.000000,29285.802243,0.000000
2026-08-12,20:14:17,0.325610,0.327185,0.000000,29285.802243,0.000000
2026-08-12,20:14:18,0.308574,0.327185,0.000000,29285.802243,0.000000
2026-08-12,20:14:19,0.345539,0.328825,0.000000,29285.802243,0.000000
2026-08-12,20:14:19,0.308574,0.324742,0.000000,29285.802243,0.000000
2026-08-12,20:14:20,0.316670,0.323495,0.000000,29285.802243,0.000000
2026-08-12,20:14:21,0.316670,0.323495,0.000000,29285.802243,0.000000
2026-08-12,20:14:21,0.334389,0.325208,0.000000,29285.802243,0.000000
2026-08-12,20:14:22,0.310158,0.322120,0.000000,29285.802243,0.000000
2026-08-12,20:14:23,0.313388,0.321348,0.000000,29285.802243,0.000000
2026-08-12,20:14:23,0.313388,0.322267,0.000000,29285.802243,0.000000
2026-08-12,20:14:24,0.351189,0.322267,0.000000,29285.802243,0.000000
2026-08-12,20:14:25,0.342789,0.325688,0.000000,29285.802243,0.000000
2026-08-12,20:14:25,0.310158,0.324143,0.000000,29285.802243,0.000000
2026-08-12,20:14:26,0.351189,0.328404,0.000000,29285.802243,0.000000
2026-08-12,20:14:27,0.351189,0.325353,0.000000,29285.802243,0.000000
2026-08-12,20:14:27,0.315029,0.325353,0.000000,29285.802243,0.000000
2026-08-12,20:14:28,0.315029,0.325999,0.000000,29285.802243,0.000000
2026-08-12,20:14:29,0.315029,0.325835,0.000000,29285.802243,0.000000
2026-08-12,20:14:29,0.348509,0.327247,0.000000,29285.802243,0.000000
2026-08-12,20:14:30,0.348509,0.327247,0.000000,29285.802243,0.000000
2026-08-12,20:14:31,0.348509,0.331082,0.000000,29285.802243,0.000000
2026-08-12,20:14:31,0.348509,0.334594,0.000000,29285.802243,0.000000
2026-08-12,20:14:32,0.307790,0.330254,0.000000,29285.802243,0.000000
2026-08-12,20:14:33,0.307790,0.328678,0.000000,29285.802243,0.000000
2026-08-12,20:14:33,0.327027,0.328678,0.000000,29285.802243,0.000000
2026-08-12,20:14:34,0.328630,0.330525,0.000000,29285.802243,0.000000
2026-08-12,20:14:35,0.307790,0.326185,0.000000,29285.802243,0.000000
2026-08-12,20:14:35,0.346264,0.329309,0.000000,29285.802243,0.000000
2026-08-12,20:14:36,0.346264,0.329309,0.000000,29285.802243,0.000000
2026-08-12,20:14:37,0.320983,0.329904,0.000000,29285.802243,0.000000
2026-08-12,20:14:37,0.358591,0.334260,0.000000,29285.802243,0.000000
2026-08-12,20:14:38,0.349396,0.334349,0.000000,29285.802243,0.000000
2026-08-12,20:14:39,0.349396,0.334438,0.000000,29285.802243,0.000000
2026-08-12,20:14:39,0.349396,0.334438,0.000000,29285.802243,0.000000
2026-08-12,20:14:40,0.314204,0.331007,0.000000,29285.802243,0.000000
2026-08-12,20:14:41,0.355771,0.335805,0.000000,29285.802243,0.000000
2026-08-12,20:14:41,0.353480,0.338451,0.000000,29285.802243,0.000000
2026-08-12,20:14:42,0.353480,0.338803,0.000000,29285.802243,0.000000
2026-08-12,20:14:43,0.332157,0.338803,0.000000,29285.802243,0.000000
2026-08-12,20:14:43,0.307790,0.338803,0.000000,29285.802243,0.000000
2026-08-12,20:14:44,0.322859,0.336463,0.000000,29285.802243,0.000000
2026-08-12,20:14:45,0.354789,0.339843,0.000000,29285.802243,0.000000
2026-08-12,20:14:45,0.354789,0.339843,0.000000,29285.802243,0.000000
2026-08-12,20:14:46,0.314204,0.335405,0.000000,29285.802243,0.000000
2026-08-12,20:14:47,0.332533,0.333718,0.000000,29285.802243,0.000000
2026-08-12,20:14:47,0.355771,0.334356,0.000000,29285.802243,0.000000
2026-08-12,20:14:48,0.355771,0.337739,0.000000,29285.802243,0.000000
2026-08-12,20:14:49,0.348034,0.337739,0.000000,29285.802243,0.000000
2026-08-12,20:14:49,0.309363,0.333098,0.000000,29285.802243,0.000000
2026-08-12,20:14:50,0.320965,0.329847,0.000000,29285.802243,0.000000
2026-08-12,20:14:51,0.341589,0.330790,0.000000,29285.802243,0.000000
2026-08-12,20:14:51,0.341589,0.330947,0.000000,29285.802243,0.000000
2026-08-12,20:14:52,0.309363,0.330947,0.000000,29285.802243,0.000000
2026-08-12,20:14:53,0.338043,0.332465,0.000000,29285.802243,0.000000
2026-08-12,20:14:53,0.309363,0.327923,0.000000,29285.802243,0.000000
2026-08-12,20:14:54,0.331277,0.329630,0.000000,29285.802243,0.000000
2026-08-12,20:14:55,0.331277,0.329630,0.000000,29285.802243,0.000000
2026-08-12,20:14:55,0.309363,0.327313,0.000000,29285.802243,0.000000
2026-08-12,20:14:56,0.312586,0.322995,0.000000,29285.802243,0.000000
2026-08-12,20:14:57,0.347389,0.322930,0.000000,29285.802243,0.000000
2026-08-12,20:14:57,0.347389,0.322930,0.000000,29285.802243,0.000000
2026-08-12,20:14:58,0.309363,0.322930,0.000000,29285.802243,0.000000
2026-08-12,20:14:59,0.309363,0.321770,0.000000,29285.802243,0.000000
2026-08-12,20:14:59,0.309363,0.318548,0.000000,29285.802243,0.000000
2026-08-12,20:15:00,0.350290,0.322640,0.000000,29285.802243,0.000000
2026-08-12,20:15:01,0.350290,0.322640,0.000000,29285.802243,0.000000
2026-08-12,20:15:01,0.350290,0.323865,0.000000,29285.802243,0.000000
2026-08-12,20:15:02,0.314842,0.324413,0.000000,29285.802243,0.000000
2026-08-12,20:15:03,0.309686,0.322254,0.000000,29285.802243,0.000000
2026-08-12,20:15:03,0.309686,0.322254,0.000000,29285.802243,0.000000
2026-08-12,20:15:04,0.309363,0.322254,0.000000,29285.802243,0.000000
2026-08-12,20:15:05,0.330632,0.324058,0.000000,29285.802243,0.000000
2026-08-12,20:15:05,0.342556,0.323575,0.000000,29285.802243,0.000000
2026-08-12,20:15:06,0.331599,0.325798,0.000000,29285.802243,0.000000
2026-08-12,20:15:07,0.331599,0.328151,0.000000,29285.802243,0.000000
2026-08-12,20:15:07,0.332888,0.328151,0.000000,29285.802243,0.000000
2026-08-12,20:15:08,0.309363,0.328151,0.000000,29285.802243,0.000000
2026-08-12,20:15:09,0.309686,0.324090,0.000000,29285.802243,0.000000
2026-08-12,20:15:09,0.347712,0.323833,0.000000,29285.802243,0.000000
2026-08-12,20:15:10,0.347712,0.323833,0.000000,29285.802243,0.000000
2026-08-12,20:15:11,0.350290,0.327377,0.000000,29285.802243,0.000000
2026-08-12,20:15:11,0.350290,0.331438,0.000000,29285.802243,0.000000
2026-08-12,20:15:12,0.340297,0.334531,0.000000,29285.802243,0.000000
2026-08-12,20:15:13,0.340297,0.336187,0.000000,29285.802243,0.000000
2026-08-12,20:15:13,0.347188,0.336187,0.000000,29285.802243,0.000000
2026-08-12,20:15:14,0.308574,0.332789,0.000000,29285.802243,0.000000
2026-08-12,20:15:15,0.308574,0.330486,0.000000,29285.802243,0.000000
2026-08-12,20:15:15,0.329380,0.330135,0.000000,29285.802243,0.000000
2026-08-12,20:15:16,0.329380,0.332823,0.000000,29285.802243,0.000000
2026-08-12,20:15:17,0.336235,0.332823,0.000000,29285.802243,0.000000
2026-08-12,20:15:17,0.354843,0.337338,0.000000,29285.802243,0.000000
2026-08-12,20:15:18,0.336888,0.336256,0.000000,29285.802243,0.000000
2026-08-12,20:15:19,0.350599,0.336287,0.000000,29285.802243,0.000000
2026-08-12,20:15:19,0.350599,0.336287,0.000000,29285.802243,0.000000
2026-08-12,20:15:20,0.349946,0.336253,0.000000,29285.802243,0.000000
2026-08-12,20:15:21,0.313384,0.333561,0.000000,29285.802243,0.000000
2026-08-12,20:15:21,0.317896,0.330632,0.000000,29285.802243,0.000000
2026-08-12,20:15:22,0.317896,0.334714,0.000000,29285.802243,0.000000
2026-08-12,20:15:23,0.349396,0.334714,0.000000,29285.802243,0.000000
2026-08-12,20:15:23,0.340075,0.337864,0.000000,29285.802243,0.000000
2026-08-12,20:15:24,0.346503,0.339577,0.000000,29285.802243,0.000000
2026-08-12,20:15:25,0.309217,0.336875,0.000000,29285.802243,0.000000
2026-08-12,20:15:25,0.309217,0.336875,0.000000,29285.802243,0.000000
2026-08-12,20:15:26,0.332360,0.334627,0.000000,29285.802243,0.000000
2026-08-12,20:15:27,0.313384,0.332276,0.000000,29285.802243,0.000000
2026-08-12,20:15:27,0.354843,0.332701,0.000000,29285.802243,0.000000
2026-08-12,20:15:28,0.354843,0.330601,0.000000,29285.802243,0.000000
2026-08-12,20:15:29,0.328951,0.330601,0.000000,29285.802243,0.000000
2026-08-12,20:15:29,0.314204,0.330683,0.000000,29285.802243,0.000000
2026-08-12,20:15:30,0.355771,0.334471,0.000000,29285.802243,0.000000
2026-08-12,20:15:31,0.332888,0.332820,0.000000,29285.802243,0.000000
2026-08-12,20:15:31,0.332888,0.329749,0.000000,29285.802243,0.000000
2026-08-12,20:15:32,0.309363,0.329749,0.000000,29285.802243,0.000000
2026-08-12,20:15:33,0.315486,0.326647,0.000000,29285.802243,0.000000
2026-08-12,20:15:33,0.335788,0.329304,0.000000,29285.802243,0.000000
2026-08-12,20:15:34,0.309363,0.327004,0.000000,29285.802243,0.000000
2026-08-12,20:15:35,0.309363,0.327004,0.000000,29285.802243,0.000000
2026-08-12,20:15:35,0.357645,0.331430,0.000000,29285.802243,0.000000
2026-08-12,20:15:36,0.310158,0.326962,0.000000,29285.802243,0.000000
2026-08-12,20:15:37,0.351189,0.329186,0.000000,29285.802243,0.000000
2026-08-12,20:15:37,0.351189,0.328781,0.000000,29285.802243,0.000000
2026-08-12,20:15:38,0.310158,0.328781,0.000000,29285.802243,0.000000
2026-08-12,20:15:39,0.344727,0.327677,0.000000,29285.802243,0.000000
2026-08-12,20:15:39,0.314034,0.325791,0.000000,29285.802243,0.000000
2026-08-12,20:15:40,0.310158,0.325871,0.000000,29285.802243,0.000000
2026-08-12,20:15:41,0.310158,0.325871,0.000000,29285.802243,0.000000
2026-08-12,20:15:41,0.336973,0.328019,0.000000,29285.802243,0.000000
2026-08-12,20:15:42,0.351189,0.329559,0.000000,29285.802243,0.000000
2026-08-12,20:15:43,0.310158,0.329639,0.000000,29285.802243,0.000000
2026-08-12,20:15:43,0.310158,0.328993,0.000000,29285.802243,0.000000
2026-08-12,20:15:44,0.351189,0.328993,0.000000,29285.802243,0.000000
2026-08-12,20:15:45,0.348281,0.332805,0.000000,29285.802243,0.000000
2026-08-12,20:15:45,0.351189,0.332805,0.000000,29285.802243,0.000000
2026-08-12,20:15:46,0.345373,0.336327,0.000000,29285.802243,0.000000
2026-08-12,20:15:47,0.345373,0.332870,0.000000,29285.802243,0.000000
2026-08-12,20:15:47,0.310158,0.332870,0.000000,29285.802243,0.000000
2026-08-12,20:15:48,0.328573,0.334324,0.000000,29285.802243,0.000000
2026-08-12,20:15:49,0.329865,0.336295,0.000000,29285.802243,0.000000
2026-08-12,20:15:49,0.310158,0.333613,0.000000,29285.802243,0.000000
2026-08-12,20:15:50,0.310158,0.333613,0.000000,29285.802243,0.000000
2026-08-12,20:15:51,0.313711,0.329865,0.000000,29285.802243,0.000000
2026-08-12,20:15:51,0.310158,0.329865,0.000000,29285.802243,0.000000
2026-08-12,20:15:52,0.310158,0.325762,0.000000,29285.802243,0.000000
2026-08-12,20:15:53,0.310158,0.321950,0.000000,29285.802243,0.000000
2026-08-12,20:15:53,0.310158,0.321950,0.000000,29285.802243,0.000000
2026-08-12,20:15:54,0.310158,0.317847,0.000000,29285.802243,0.000000
2026-08-12,20:15:55,0.351189,0.318428,0.000000,29285.802243,0.000000
2026-08-12,20:15:55,0.311450,0.318558,0.000000,29285.802243,0.000000
2026-08-12,20:15:56,0.311450,0.317334,0.000000,29285.802243,0.000000
2026-08-12,20:15:57,0.316342,0.317334,0.000000,29285.802243,0.000000
2026-08-12,20:15:57,0.310158,0.315364,0.000000,29285.802243,0.000000
2026-08-12,20:15:58,0.333096,0.317658,0.000000,29285.802243,0.000000
2026-08-12,20:15:59,0.346343,0.320921,0.000000,29285.802243,0.000000
2026-08-12,20:15:59,0.346343,0.320921,0.000000,29285.802243,0.000000
2026-08-12,20:16:00,0.310158,0.320921,0.000000,29285.802243,0.000000
2026-08-12,20:16:01,0.351189,0.325024,0.000000,29285.802243,0.000000
2026-08-12,20:16:01,0.348604,0.328868,0.000000,29285.802243,0.000000
2026-08-12,20:16:02,0.348604,0.328998,0.000000,29285.802243,0.000000
2026-08-12,20:16:03,0.311450,0.328998,0.000000,29285.802243,0.000000
2026-08-12,20:16:03,0.343112,0.328190,0.000000,29285.802243,0.000000
2026-08-12,20:16:04,0.310158,0.328061,0.000000,29285.802243,0.000000
2026-08-12,20:16:05,0.339881,0.330415,0.000000,29285.802243,0.000000
2026-08-12,20:16:05,0.339881,0.330415,0.000000,29285.802243,0.000000
2026-08-12,20:16:06,0.310158,0.330415,0.000000,29285.802243,0.000000
2026-08-12,20:16:07,0.315029,0.328608,0.000000,29285.802243,0.000000
2026-08-12,20:16:07,0.350290,0.329003,0.000000,29285.802243,0.000000
2026-08-12,20:16:08,0.350290,0.333016,0.000000,29285.802243,0.000000
2026-08-12,20:16:09,0.350290,0.333016,0.000000,29285.802243,0.000000
2026-08-12,20:16:09,0.350290,0.332926,0.000000,29285.802243,0.000000
2026-08-12,20:16:10,0.341589,0.332225,0.000000,29285.802243,0.000000
2026-08-12,20:16:11,0.309363,0.332016,0.000000,29285.802243,0.000000
2026-08-12,20:16:11,0.309363,0.329157,0.000000,29285.802243,0.000000
2026-08-12,20:16:12,0.314520,0.329157,0.000000,29285.802243,0.000000
2026-08-12,20:16:13,0.350290,0.333170,0.000000,29285.802243,0.000000
2026-08-12,20:16:13,0.348356,0.334017,0.000000,29285.802243,0.000000
2026-08-12,20:16:14,0.329021,0.335904,0.000000,29285.802243,0.000000
2026-08-12,20:16:15,0.329021,0.335904,0.000000,29285.802243,0.000000
2026-08-12,20:16:15,0.310653,0.335466,0.000000,29285.802243,0.000000
2026-08-12,20:16:16,0.349645,0.335402,0.000000,29285.802243,0.000000
2026-08-12,20:16:17,0.310330,0.331406,0.000000,29285.802243,0.000000
2026-08-12,20:16:17,0.310330,0.331406,0.000000,29285.802243,0.000000
2026-08-12,20:16:18,0.350290,0.331406,0.000000,29285.802243,0.000000
2026-08-12,20:16:19,0.345012,0.331748,0.000000,29285.802243,0.000000
2026-08-12,20:16:19,0.313384,0.332150,0.000000,29285.802243,0.000000
2026-08-12,20:16:20,0.313384,0.332037,0.000000,29285.802243,0.000000
2026-08-12,20:16:21,0.313384,0.332037,0.000000,29285.802243,0.000000
2026-08-12,20:16:21,0.314037,0.328411,0.000000,29285.802243,0.000000
2026-08-12,20:16:22,0.328401,0.326416,0.000000,29285.802243,0.000000
2026-08-12,20:16:23,0.313384,0.324852,0.000000,29285.802243,0.000000
2026-08-12,20:16:23,0.313384,0.324998,0.000000,29285.802243,0.000000
2026-08-12,20:16:24,0.312110,0.324998,0.000000,29285.802243,0.000000
2026-08-12,20:16:25,0.349396,0.324973,0.000000,29285.802243,0.000000
2026-08-12,20:16:25,0.328503,0.326790,0.000000,29285.802243,0.000000
2026-08-12,20:16:26,0.308574,0.322619,0.000000,29285.802243,0.000000
2026-08-12,20:16:27,0.308574,0.321225,0.000000,29285.802243,0.000000
2026-08-12,20:16:27,0.331075,0.321225,0.000000,29285.802243,0.000000
2026-08-12,20:16:28,0.308574,0.320744,0.000000,29285.802243,0.000000
2026-08-12,20:16:29,0.321753,0.321581,0.000000,29285.802243,0.000000
2026-08-12,20:16:29,0.316670,0.321844,0.000000,29285.802243,0.000000
2026-08-12,20:16:30,0.316670,0.321844,0.000000,29285.802243,0.000000
2026-08-12,20:16:31,0.347867,0.323791,0.000000,29285.802243,0.000000
2026-08-12,20:16:31,0.312570,0.323709,0.000000,29285.802243,0.000000
2026-08-12,20:16:32,0.353920,0.327890,0.000000,29285.802243,0.000000
2026-08-12,20:16:33,0.353920,0.324208,0.000000,29285.802243,0.000000
2026-08-12,20:16:33,0.312570,0.324208,0.000000,29285.802243,0.000000
2026-08-12,20:16:34,0.328951,0.324253,0.000000,29285.802243,0.000000
2026-08-12,20:16:35,0.348509,0.328246,0.000000,29285.802243,0.000000
2026-08-12,20:16:35,0.332157,0.328354,0.000000,29285.802243,0.000000
2026-08-12,20:16:36,0.332157,0.328276,0.000000,29285.802243,0.000000
2026-08-12,20:16:37,0.307790,0.328276,0.000000,29285.802243,0.000000
2026-08-12,20:16:37,0.354843,0.331585,0.000000,29285.802243,0.000000
2026-08-12,20:16:38,0.313384,0.331256,0.000000,29285.802243,0.000000
2026-08-12,20:16:39,0.320566,0.328526,0.000000,29285.802243,0.000000
2026-08-12,20:16:39,0.320566,0.328526,0.000000,29285.802243,0.000000
2026-08-12,20:16:40,0.354843,0.332753,0.000000,29285.802243,0.000000
2026-08-12,20:16:41,0.313384,0.328700,0.000000,29285.802243,0.000000
2026-08-12,20:16:41,0.309108,0.328354,0.000000,29285.802243,0.000000
2026-08-12,20:16:42,0.309108,0.329301,0.000000,29285.802243,0.000000
2026-08-12,20:16:43,0.338424,0.329301,0.000000,29285.802243,0.000000
2026-08-12,20:16:43,0.314204,0.325870,0.000000,29285.802243,0.000000
2026-08-12,20:16:44,0.322059,0.324861,0.000000,29285.802243,0.000000
2026-08-12,20:16:44,0.355771,0.329659,0.000000,29285.802243,0.000000
2026-08-12,20:16:45,0.355771,0.329659,0.000000,29285.802243,0.000000
2026-08-12,20:16:46,0.355771,0.329751,0.000000,29285.802243,0.000000
2026-08-12,20:16:46,0.355771,0.333990,0.000000,29285.802243,0.000000
2026-08-12,20:16:47,0.327623,0.334696,0.000000,29285.802243,0.000000
2026-08-12,20:16:48,0.327623,0.334062,0.000000,29285.802243,0.000000
2026-08-12,20:16:48,0.348509,0.334062,0.000000,29285.802243,0.000000
2026-08-12,20:16:49,0.309714,0.333695,0.000000,29285.802243,0.000000
2026-08-12,20:16:50,0.343058,0.337090,0.000000,29285.802243,0.000000
2026-08-12,20:16:50,0.307790,0.334027,0.000000,29285.802243,0.000000
2026-08-12,20:16:51,0.307790,0.335181,0.000000,29285.802243,0.000000
2026-08-12,20:16:52,0.325745,0.335181,0.000000,29285.802243,0.000000
2026-08-12,20:16:52,0.321256,0.335101,0.000000,29285.802243,0.000000
2026-08-12,20:16:53,0.329443,0.332468,0.000000,29285.802243,0.000000
2026-08-12,20:16:54,0.329443,0.328775,0.000000,29285.802243,0.000000
2026-08-12,20:16:54,0.318844,0.328775,0.000000,29285.802243,0.000000
2026-08-12,20:16:55,0.318204,0.325019,0.000000,29285.802243,0.000000
2026-08-12,20:16:56,0.320443,0.324301,0.000000,29285.802243,0.000000
2026-08-12,20:16:56,0.320443,0.322074,0.000000,29285.802243,0.000000
2026-08-12,20:16:57,0.326245,0.322074,0.000000,29285.802243,0.000000
2026-08-12,20:16:58,0.312896,0.322392,0.000000,29285.802243,0.000000
2026-08-12,20:16:58,0.312570,0.319344,0.000000,29285.802243,0.000000
2026-08-12,20:16:59,0.338943,0.322459,0.000000,29285.802243,0.000000
2026-08-12,20:17:00,0.338943,0.322459,0.000000,29285.802243,0.000000
2026-08-12,20:17:00,0.353920,0.325277,0.000000,29285.802243,0.000000
2026-08-12,20:17:01,0.353920,0.328543,0.000000,29285.802243,0.000000
2026-08-12,20:17:02,0.312570,0.326856,0.000000,29285.802243,0.000000
2026-08-12,20:17:02,0.312570,0.326228,0.000000,29285.802243,0.000000
2026-08-12,20:17:03,0.312570,0.326228,0.000000,29285.802243,0.000000
2026-08-12,20:17:04,0.317780,0.326186,0.000000,29285.802243,0.000000
2026-08-12,20:17:04,0.312570,0.325398,0.000000,29285.802243,0.000000
2026-08-12,20:17:05,0.312896,0.324064,0.000000,29285.802243,0.000000
2026-08-12,20:17:06,0.312896,0.324064,0.000000,29285.802243,0.000000
2026-08-12,20:17:06,0.324600,0.325234,0.000000,29285.802243,0.000000
2026-08-12,20:17:07,0.349688,0.328946,0.000000,29285.802243,0.000000
2026-08-12,20:17:08,0.346757,0.329727,0.000000,29285.802243,0.000000
2026-08-12,20:17:08,0.346757,0.325592,0.000000,29285.802243,0.000000
2026-08-12,20:17:09,0.312570,0.325592,0.000000,29285.802243,0.000000
2026-08-12,20:17:10,0.327873,0.322987,0.000000,29285.802243,0.000000
2026-08-12,20:17:10,0.353920,0.327122,0.000000,29285.802243,0.000000
2026-08-12,20:17:11,0.331454,0.329011,0.000000,29285.802243,0.000000
2026-08-12,20:17:12,0.331454,0.328490,0.000000,29285.802243,0.000000
2026-08-12,20:17:12,0.312570,0.328490,0.000000,29285.802243,0.000000
2026-08-12,20:17:13,0.333408,0.330574,0.000000,29285.802243,0.000000
2026-08-12,20:17:14,0.312570,0.330541,0.000000,29285.802243,0.000000
2026-08-12,20:17:14,0.332106,0.331292,0.000000,29285.802243,0.000000
2026-08-12,20:17:15,0.332106,0.331292,0.000000,29285.802243,0.000000
2026-08-12,20:17:16,0.312570,0.327580,0.000000,29285.802243,0.000000
2026-08-12,20:17:16,0.314198,0.324324,0.000000,29285.802243,0.000000
2026-08-12,20:17:17,0.352292,0.328296,0.000000,29285.802243,0.000000
2026-08-12,20:17:18,0.352292,0.326798,0.000000,29285.802243,0.000000
2026-08-12,20:17:18,0.312896,0.326798,0.000000,29285.802243,0.000000
2026-08-12,20:17:19,0.350990,0.326505,0.000000,29285.802243,0.000000
2026-08-12,20:17:20,0.323315,0.325691,0.000000,29285.802243,0.000000
2026-08-12,20:17:20,0.330803,0.327515,0.000000,29285.802243,0.000000
2026-08-12,20:17:21,0.330803,0.327417,0.000000,29285.802243,0.000000
2026-08-12,20:17:22,0.332431,0.327417,0.000000,29285.802243,0.000000
2026-08-12,20:17:22,0.338943,0.330054,0.000000,29285.802243,0.000000
2026-08-12,20:17:23,0.313221,0.328166,0.000000,29285.802243,0.000000
2026-08-12,20:17:24,0.313221,0.329078,0.000000,29285.802243,0.000000
2026-08-12,20:17:24,0.321687,0.329078,0.000000,29285.802243,0.000000
2026-08-12,20:17:25,0.324943,0.330152,0.000000,29285.802243,0.000000
2026-08-12,20:17:26,0.346757,0.329599,0.000000,29285.802243,0.000000
2026-08-12,20:17:26,0.312570,0.329566,0.000000,29285.802243,0.000000
2026-08-12,20:17:27,0.312570,0.329859,0.000000,29285.802243,0.000000
2026-08-12,20:17:28,0.353920,0.329859,0.000000,29285.802243,0.000000
2026-08-12,20:17:28,0.312570,0.328785,0.000000,29285.802243,0.000000
2026-08-12,20:17:29,0.319082,0.327612,0.000000,29285.802243,0.000000
2026-08-12,20:17:30,0.312570,0.325626,0.000000,29285.802243,0.000000
2026-08-12,20:17:30,0.312570,0.325626,0.000000,29285.802243,0.000000
2026-08-12,20:17:31,0.353920,0.327124,0.000000,29285.802243,0.000000
2026-08-12,20:17:32,0.353920,0.331194,0.000000,29285.802243,0.000000
2026-08-12,20:17:32,0.347867,0.333812,0.000000,29285.802243,0.000000
2026-08-12,20:17:33,0.347867,0.336169,0.000000,29285.802243,0.000000
2026-08-12,20:17:34,0.348509,0.336169,0.000000,29285.802243,0.000000
2026-08-12,20:17:34,0.353920,0.336885,0.000000,29285.802243,0.000000
2026-08-12,20:17:35,0.330478,0.338676,0.000000,29285.802243,0.000000
2026-08-12,20:17:36,0.333734,0.336657,0.000000,29285.802243,0.000000
2026-08-12,20:17:36,0.333734,0.337211,0.000000,29285.802243,0.000000
2026-08-12,20:17:37,0.318105,0.337211,0.000000,29285.802243,0.000000
2026-08-12,20:17:38,0.353920,0.340694,0.000000,29285.802243,0.000000
2026-08-12,20:17:38,0.312570,0.340694,0.000000,29285.802243,0.000000
2026-08-12,20:17:39,0.330478,0.338350,0.000000,29285.802243,0.000000
2026-08-12,20:17:40,0.330478,0.338350,0.000000,29285.802243,0.000000
2026-08-12,20:17:40,0.344020,0.337360,0.000000,29285.802243,0.000000
2026-08-12,20:17:41,0.309393,0.333513,0.000000,29285.802243,0.000000
2026-08-12,20:17:42,0.307790,0.329441,0.000000,29285.802243,0.000000
2026-08-12,20:17:42,0.307790,0.328579,0.000000,29285.802243,0.000000
2026-08-12,20:17:43,0.345302,0.328579,0.000000,29285.802243,0.000000
2026-08-12,20:17:44,0.334401,0.328971,0.000000,29285.802243,0.000000
2026-08-12,20:17:44,0.307790,0.326377,0.000000,29285.802243,0.000000
2026-08-12,20:17:45,0.320384,0.326605,0.000000,29285.802243,0.000000
2026-08-12,20:17:46,0.320384,0.326605,0.000000,29285.802243,0.000000
2026-08-12,20:17:46,0.329175,0.324131,0.000000,29285.802243,0.000000
2026-08-12,20:17:47,0.312570,0.324131,0.000000,29285.802243,0.000000
2026-08-12,20:17:48,0.327547,0.323837,0.000000,29285.802243,0.000000
2026-08-12,20:17:48,0.327547,0.322407,0.000000,29285.802243,0.000000
2026-08-12,20:17:49,0.329717,0.322407,0.000000,29285.802243,0.000000
2026-08-12,20:17:50,0.353920,0.326860,0.000000,29285.802243,0.000000
2026-08-12,20:17:50,0.339269,0.330008,0.000000,29285.802243,0.000000
2026-08-12,20:17:51,0.317780,0.327255,0.000000,29285.802243,0.000000
2026-08-12,20:17:52,0.317780,0.326603,0.000000,29285.802243,0.000000
2026-08-12,20:17:52,0.327873,0.326603,0.000000,29285.802243,0.000000
2026-08-12,20:17:53,0.342199,0.330043,0.000000,29285.802243,0.000000
2026-08-12,20:17:54,0.348385,0.332844,0.000000,29285.802243,0.000000
2026-08-12,20:17:54,0.312570,0.331183,0.000000,29285.802243,0.000000
2026-08-12,20:17:55,0.312570,0.331183,0.000000,29285.802243,0.000000
2026-08-12,20:17:56,0.348385,0.334765,0.000000,29285.802243,0.000000
2026-08-12,20:17:56,0.337966,0.335807,0.000000,29285.802243,0.000000
2026-08-12,20:17:57,0.312570,0.334092,0.000000,29285.802243,0.000000
2026-08-12,20:17:58,0.312570,0.334092,0.000000,29285.802243,0.000000
2026-08-12,20:17:58,0.353920,0.334092,0.000000,29285.802243,0.000000
2026-08-12,20:17:59,0.347409,0.334906,0.000000,29285.802243,0.000000
2026-08-12,20:18:00,0.346749,0.337803,0.000000,29285.802243,0.000000
2026-08-12,20:18:00,0.352884,0.340304,0.000000,29285.802243,0.000000
2026-08-12,20:18:01,0.352884,0.340304,0.000000,29285.802243,0.000000
2026-08-12,20:18:02,0.354843,0.341568,0.000000,29285.802243,0.000000
2026-08-12,20:18:02,0.313384,0.338068,0.000000,29285.802243,0.000000
2026-08-12,20:18:03,0.333950,0.340206,0.000000,29285.802243,0.000000
2026-08-12,20:18:04,0.333950,0.340852,0.000000,29285.802243,0.000000
2026-08-12,20:18:04,0.354843,0.340852,0.000000,29285.802243,0.000000
2026-08-12,20:18:05,0.325424,0.339598,0.000000,29285.802243,0.000000
2026-08-12,20:18:06,0.310676,0.339408,0.000000,29285.802243,0.000000
2026-08-12,20:18:06,0.348509,0.338867,0.000000,29285.802243,0.000000
2026-08-12,20:18:07,0.348509,0.336605,0.000000,29285.802243,0.000000
2026-08-12,20:18:08,0.324783,0.336605,0.000000,29285.802243,0.000000
2026-08-12,20:18:08,0.315859,0.333515,0.000000,29285.802243,0.000000
2026-08-12,20:18:09,0.315859,0.329813,0.000000,29285.802243,0.000000
2026-08-12,20:18:10,0.357645,0.330093,0.000000,29285.802243,0.000000
2026-08-12,20:18:10,0.357645,0.330093,0.000000,29285.802243,0.000000
2026-08-12,20:18:11,0.349748,0.333730,0.000000,29285.802243,0.000000
2026-08-12,20:18:12,0.314367,0.331771,0.000000,29285.802243,0.000000
2026-08-12,20:18:12,0.307011,0.326988,0.000000,29285.802243,0.000000
2026-08-12,20:18:13,0.307011,0.329382,0.000000,29285.802243,0.000000
2026-08-12,20:18:14,0.349362,0.329382,0.000000,29285.802243,0.000000
2026-08-12,20:18:14,0.330803,0.331395,0.000000,29285.802243,0.000000
2026-08-12,20:18:15,0.312570,0.327801,0.000000,29285.802243,0.000000
2026-08-12,20:18:16,0.337966,0.329119,0.000000,29285.802243,0.000000
2026-08-12,20:18:16,0.337966,0.329119,0.000000,29285.802243,0.000000
2026-08-12,20:18:17,0.350339,0.332567,0.000000,29285.802243,0.000000
2026-08-12,20:18:18,0.343176,0.335299,0.000000,29285.802243,0.000000
2026-08-12,20:18:18,0.306556,0.330190,0.000000,29285.802243,0.000000
2026-08-12,20:18:19,0.306556,0.329442,0.000000,29285.802243,0.000000
2026-08-12,20:18:20,0.342266,0.329442,0.000000,29285.802243,0.000000
2026-08-12,20:18:20,0.346343,0.332639,0.000000,29285.802243,0.000000
2026-08-12,20:18:21,0.338589,0.335797,0.000000,29285.802243,0.000000
2026-08-12,20:18:22,0.316942,0.332555,0.000000,29285.802243,0.000000
2026-08-12,20:18:22,0.316942,0.334594,0.000000,29285.802243,0.000000
2026-08-12,20:18:23,0.351189,0.334594,0.000000,29285.802243,0.000000
2026-08-12,20:18:24,0.310158,0.334352,0.000000,29285.802243,0.000000
2026-08-12,20:18:24,0.329542,0.333510,0.000000,29285.802243,0.000000
2026-08-12,20:18:25,0.347312,0.333207,0.000000,29285.802243,0.000000
2026-08-12,20:18:26,0.347312,0.333207,0.000000,29285.802243,0.000000
2026-08-12,20:18:26,0.310158,0.329905,0.000000,29285.802243,0.000000
2026-08-12,20:18:27,0.353095,0.334559,0.000000,29285.802243,0.000000
2026-08-12,20:18:28,0.353095,0.335642,0.000000,29285.802243,0.000000
2026-08-12,20:18:28,0.353095,0.334906,0.000000,29285.802243,0.000000
2026-08-12,20:18:29,0.338984,0.334906,0.000000,29285.802243,0.000000
2026-08-12,20:18:30,0.335703,0.334618,0.000000,29285.802243,0.000000
2026-08-12,20:18:30,0.338328,0.336756,0.000000,29285.802243,0.000000
2026-08-12,20:18:31,0.352439,0.336881,0.000000,29285.802243,0.000000
2026-08-12,20:18:32,0.352439,0.341536,0.000000,29285.802243,0.000000
2026-08-12,20:18:32,0.356705,0.341536,0.000000,29285.802243,0.000000
2026-08-12,20:18:33,0.356377,0.344219,0.000000,29285.802243,0.000000
2026-08-12,20:18:34,0.342594,0.343748,0.000000,29285.802243,0.000000
2026-08-12,20:18:34,0.315029,0.344235,0.000000,29285.802243,0.000000
2026-08-12,20:18:35,0.315029,0.344235,0.000000,29285.802243,0.000000
2026-08-12,20:18:36,0.310158,0.339941,0.000000,29285.802243,0.000000
2026-08-12,20:18:36,0.318558,0.336487,0.000000,29285.802243,0.000000
2026-08-12,20:18:37,0.351189,0.337708,0.000000,29285.802243,0.000000
2026-08-12,20:18:38,0.351189,0.335153,0.000000,29285.802243,0.000000
2026-08-12,20:18:38,0.310158,0.335153,0.000000,29285.802243,0.000000
2026-08-12,20:18:39,0.323727,0.333693,0.000000,29285.802243,0.000000
2026-08-12,20:18:40,0.347958,0.333245,0.000000,29285.802243,0.000000
2026-08-12,20:18:40,0.312096,0.328784,0.000000,29285.802243,0.000000
2026-08-12,20:18:41,0.312096,0.328784,0.000000,29285.802243,0.000000
2026-08-12,20:18:42,0.333419,0.326488,0.000000,29285.802243,0.000000
2026-08-12,20:18:42,0.332773,0.325506,0.000000,29285.802243,0.000000
2026-08-12,20:18:43,0.310158,0.325019,0.000000,29285.802243,0.000000
2026-08-12,20:18:44,0.310158,0.326990,0.000000,29285.802243,0.000000
2026-08-12,20:18:44,0.329865,0.326990,0.000000,29285.802243,0.000000
2026-08-12,20:18:45,0.335035,0.328638,0.000000,29285.802243,0.000000
2026-08-12,20:18:46,0.349573,0.328476,0.000000,29285.802243,0.000000
2026-08-12,20:18:46,0.356705,0.333131,0.000000,29285.802243,0.000000
2026-08-12,20:18:47,0.356705,0.332261,0.000000,29285.802243,0.000000
2026-08-12,20:18:48,0.315029,0.332261,0.000000,29285.802243,0.000000
2026-08-12,20:18:48,0.315029,0.328968,0.000000,29285.802243,0.000000
2026-08-12,20:18:49,0.315029,0.329262,0.000000,29285.802243,0.000000
2026-08-12,20:18:50,0.356705,0.331590,0.000000,29285.802243,0.000000
2026-08-12,20:18:50,0.356705,0.331590,0.000000,29285.802243,0.000000
2026-08-12,20:18:51,0.311127,0.329425,0.000000,29285.802243,0.000000
2026-08-12,20:18:52,0.344727,0.332882,0.000000,29285.802243,0.000000
2026-08-12,20:18:52,0.338912,0.333787,0.000000,29285.802243,0.000000
2026-08-12,20:18:53,0.338912,0.331299,0.000000,29285.802243,0.000000
2026-08-12,20:18:54,0.310158,0.331299,0.000000,29285.802243,0.000000
2026-08-12,20:18:54,0.346019,0.330944,0.000000,29285.802243,0.000000
2026-08-12,20:18:55,0.351189,0.330392,0.000000,29285.802243,0.000000
2026-08-12,20:18:56,0.351189,0.334008,0.000000,29285.802243,0.000000
2026-08-12,20:18:56,0.351189,0.334008,0.000000,29285.802243,0.000000
2026-08-12,20:18:57,0.337296,0.336235,0.000000,29285.802243,0.000000
2026-08-12,20:18:58,0.341819,0.338914,0.000000,29285.802243,0.000000
2026-08-12,20:18:58,0.310158,0.334259,0.000000,29285.802243,0.000000
2026-08-12,20:18:59,0.310158,0.338266,0.000000,29285.802243,0.000000
2026-08-12,20:19:00,0.351189,0.338266,0.000000,29285.802243,0.000000
2026-08-12,20:19:00,0.330512,0.336844,0.000000,29285.802243,0.000000
2026-08-12,20:19:01,0.346989,0.337652,0.000000,29285.802243,0.000000
2026-08-12,20:19:02,0.311773,0.337813,0.000000,29285.802243,0.000000
2026-08-12,20:19:02,0.311773,0.335099,0.000000,29285.802243,0.000000
2026-08-12,20:19:03,0.318881,0.335099,0.000000,29285.802243,0.000000
2026-08-12,20:19:04,0.351189,0.335099,0.000000,29285.802243,0.000000
2026-08-12,20:19:04,0.310158,0.330996,0.000000,29285.802243,0.000000
2026-08-12,20:19:05,0.351189,0.332385,0.000000,29285.802243,0.000000
2026-08-12,20:19:06,0.351189,0.332385,0.000000,29285.802243,0.000000
2026-08-12,20:19:06,0.310158,0.329219,0.000000,29285.802243,0.000000
2026-08-12,20:19:07,0.327281,0.330932,0.000000,29285.802243,0.000000
2026-08-12,20:19:08,0.351189,0.330932,0.000000,29285.802243,0.000000
2026-08-12,20:19:08,0.351189,0.331158,0.000000,29285.802243,0.000000
2026-08-12,20:19:09,0.332773,0.331158,0.000000,29285.802243,0.000000
2026-08-12,20:19:10,0.336004,0.330059,0.000000,29285.802243,0.000000
2026-08-12,20:19:10,0.310158,0.329898,0.000000,29285.802243,0.000000
2026-08-12,20:19:11,0.332450,0.331255,0.000000,29285.802243,0.000000
2026-08-12,20:19:12,0.332450,0.331255,0.000000,29285.802243,0.000000
2026-08-12,20:19:12,0.334065,0.329542,0.000000,29285.802243,0.000000
2026-08-12,20:19:13,0.310158,0.329542,0.000000,29285.802243,0.000000
2026-08-12,20:19:14,0.319527,0.326376,0.000000,29285.802243,0.000000
2026-08-12,20:19:14,0.319527,0.327636,0.000000,29285.802243,0.000000
2026-08-12,20:19:15,0.322758,0.327636,0.000000,29285.802243,0.000000
2026-08-12,20:19:16,0.359543,0.330862,0.000000,29285.802243,0.000000
2026-08-12,20:19:16,0.349396,0.330683,0.000000,29285.802243,0.000000
2026-08-12,20:19:17,0.326575,0.330063,0.000000,29285.802243,0.000000
2026-08-12,20:19:18,0.326575,0.327320,0.000000,29285.802243,0.000000
2026-08-12,20:19:18,0.308574,0.327320,0.000000,29285.802243,0.000000
2026-08-12,20:19:19,0.313384,0.327643,0.000000,29285.802243,0.000000
2026-08-12,20:19:20,0.313384,0.325737,0.000000,29285.802243,0.000000
2026-08-12,20:19:20,0.349396,0.327270,0.000000,29285.802243,0.000000
2026-08-12,20:19:21,0.349396,0.327270,0.000000,29285.802243,0.000000
2026-08-12,20:19:22,0.310824,0.327336,0.000000,29285.802243,0.000000
2026-08-12,20:19:22,0.349396,0.330323,0.000000,29285.802243,0.000000
2026-08-12,20:19:23,0.313717,0.329419,0.000000,29285.802243,0.000000
2026-08-12,20:19:24,0.313717,0.324869,0.000000,29285.802243,0.000000
2026-08-12,20:19:24,0.314039,0.324869,0.000000,29285.802243,0.000000
2026-08-12,20:19:25,0.314682,0.321397,0.000000,29285.802243,0.000000
2026-08-12,20:19:26,0.308574,0.319597,0.000000,29285.802243,0.000000
2026-08-12,20:19:26,0.349396,0.323679,0.000000,29285.802243,0.000000
2026-08-12,20:19:27,0.349396,0.327281,0.000000,29285.802243,0.000000
2026-08-12,20:19:28,0.349396,0.327281,0.000000,29285.802243,0.000000
2026-08-12,20:19:28,0.349396,0.330882,0.000000,29285.802243,0.000000
2026-08-12,20:19:29,0.349396,0.330882,0.000000,29285.802243,0.000000
2026-08-12,20:19:30,0.349396,0.334739,0.000000,29285.802243,0.000000
2026-08-12,20:19:30,0.349396,0.334739,0.000000,29285.802243,0.000000
2026-08-12,20:19:31,0.344253,0.334225,0.000000,29285.802243,0.000000
2026-08-12,20:19:32,0.308574,0.333710,0.000000,29285.802243,0.000000
2026-08-12,20:19:32,0.351516,0.337458,0.000000,29285.802243,0.000000
2026-08-12,20:19:33,0.351516,0.341567,0.000000,29285.802243,0.000000
2026-08-12,20:19:34,0.355771,0.341567,0.000000,29285.802243,0.000000
2026-08-12,20:19:34,0.355771,0.346287,0.000000,29285.802243,0.000000
2026-08-12,20:19:35,0.349396,0.346287,0.000000,29285.802243,0.000000
2026-08-12,20:19:36,0.308574,0.342204,0.000000,29285.802243,0.000000
2026-08-12,20:19:36,0.308574,0.342204,0.000000,29285.802243,0.000000
2026-08-12,20:19:37,0.314690,0.338734,0.000000,29285.802243,0.000000
2026-08-12,20:19:38,0.349396,0.338734,0.000000,29285.802243,0.000000
2026-08-12,20:19:38,0.349396,0.338734,0.000000,29285.802243,0.000000
2026-08-12,20:19:39,0.349396,0.339248,0.000000,29285.802243,0.000000
2026-08-12,20:19:40,0.349396,0.339248,0.000000,29285.802243,0.000000
2026-08-12,20:19:40,0.349396,0.343330,0.000000,29285.802243,0.000000
2026-08-12,20:19:41,0.349396,0.343118,0.000000,29285.802243,0.000000
2026-08-12,20:19:42,0.349396,0.342481,0.000000,29285.802243,0.000000
2026-08-12,20:19:42,0.349396,0.338951,0.000000,29285.802243,0.000000
2026-08-12,20:19:43,0.320467,0.338951,0.000000,29285.802243,0.000000
2026-08-12,20:19:44,0.312432,0.335254,0.000000,29285.802243,0.000000
2026-08-12,20:19:44,0.308574,0.335254,0.000000,29285.802243,0.000000
2026-08-12,20:19:45,0.308574,0.334643,0.000000,29285.802243,0.000000
2026-08-12,20:19:45,0.308574,0.334643,0.000000,29285.802243,0.000000
2026-08-12,20:19:46,0.349396,0.334643,0.000000,29285.802243,0.000000
2026-08-12,20:19:47,0.331339,0.332837,0.000000,29285.802243,0.000000
2026-08-12,20:19:47,0.341132,0.332010,0.000000,29285.802243,0.000000
2026-08-12,20:19:48,0.341132,0.328442,0.000000,29285.802243,0.000000
2026-08-12,20:19:49,0.313711,0.328442,0.000000,29285.802243,0.000000
2026-08-12,20:19:49,0.333624,0.326865,0.000000,29285.802243,0.000000
2026-08-12,20:19:50,0.336562,0.325581,0.000000,29285.802243,0.000000
2026-08-12,20:19:51,0.308574,0.324392,0.000000,29285.802243,0.000000
2026-08-12,20:19:51,0.308574,0.324392,0.000000,29285.802243,0.000000
2026-08-12,20:19:52,0.353751,0.328524,0.000000,29285.802243,0.000000
2026-08-12,20:19:53,0.331718,0.330838,0.000000,29285.802243,0.000000
2026-08-12,20:19:53,0.333968,0.333378,0.000000,29285.802243,0.000000
2026-08-12,20:19:54,0.333968,0.329295,0.000000,29285.802243,0.000000
2026-08-12,20:19:55,0.308574,0.329295,0.000000,29285.802243,0.000000
2026-08-12,20:19:55,0.311467,0.327308,0.000000,29285.802243,0.000000
2026-08-12,20:19:56,0.349396,0.328135,0.000000,29285.802243,0.000000
2026-08-12,20:19:57,0.342003,0.330964,0.000000,29285.802243,0.000000
2026-08-12,20:19:57,0.342003,0.328748,0.000000,29285.802243,0.000000
2026-08-12,20:19:58,0.311467,0.328748,0.000000,29285.802243,0.000000
2026-08-12,20:19:59,0.308574,0.325949,0.000000,29285.802243,0.000000
2026-08-12,20:19:59,0.308574,0.325949,0.000000,29285.802243,0.000000
2026-08-12,20:20:00,0.333325,0.323907,0.000000,29285.802243,0.000000
2026-08-12,20:20:01,0.333325,0.323907,0.000000,29285.802243,0.000000
2026-08-12,20:20:01,0.308574,0.321592,0.000000,29285.802243,0.000000
2026-08-12,20:20:02,0.310824,0.319278,0.000000,29285.802243,0.000000
2026-08-12,20:20:03,0.317253,0.320146,0.000000,29285.802243,0.000000
2026-08-12,20:20:03,0.317253,0.322653,0.000000,29285.802243,0.000000
2026-08-12,20:20:04,0.336539,0.322653,0.000000,29285.802243,0.000000
2026-08-12,20:20:05,0.313396,0.319053,0.000000,29285.802243,0.000000
2026-08-12,20:20:05,0.336539,0.318507,0.000000,29285.802243,0.000000
2026-08-12,20:20:06,0.308574,0.318217,0.000000,29285.802243,0.000000
2026-08-12,20:20:07,0.308574,0.318217,0.000000,29285.802243,0.000000
2026-08-12,20:20:07,0.324646,0.319825,0.000000,29285.802243,0.000000
2026-08-12,20:20:08,0.308574,0.319825,0.000000,29285.802243,0.000000
2026-08-12,20:20:09,0.308574,0.317350,0.000000,29285.802243,0.000000
2026-08-12,20:20:09,0.308574,0.320339,0.000000,29285.802243,0.000000
2026-08-12,20:20:10,0.338468,0.320339,0.000000,29285.802243,0.000000
2026-08-12,20:20:11,0.308574,0.320114,0.000000,29285.802243,0.000000
2026-08-12,20:20:11,0.327217,0.321110,0.000000,29285.802243,0.000000
2026-08-12,20:20:12,0.308574,0.318314,0.000000,29285.802243,0.000000
2026-08-12,20:20:13,0.308574,0.319921,0.000000,29285.802243,0.000000
2026-08-12,20:20:13,0.329468,0.319921,0.000000,29285.802243,0.000000
2026-08-12,20:20:14,0.308574,0.317125,0.000000,29285.802243,0.000000
2026-08-12,20:20:15,0.348570,0.321124,0.000000,29285.802243,0.000000
2026-08-12,20:20:15,0.309363,0.319596,0.000000,29285.802243,0.000000
2026-08-12,20:20:16,0.309363,0.319596,0.000000,29285.802243,0.000000
2026-08-12,20:20:17,0.350290,0.323767,0.000000,29285.802243,0.000000
2026-08-12,20:20:17,0.339333,0.326843,0.000000,29285.802243,0.000000
2026-08-12,20:20:18,0.309363,0.323933,0.000000,29285.802243,0.000000
2026-08-12,20:20:19,0.309363,0.326964,0.000000,29285.802243,0.000000
2026-08-12,20:20:19,0.338891,0.326964,0.000000,29285.802243,0.000000
2026-08-12,20:20:20,0.310957,0.325338,0.000000,29285.802243,0.000000
2026-08-12,20:20:21,0.344644,0.328945,0.000000,29285.802243,0.000000
2026-08-12,20:20:21,0.333954,0.329394,0.000000,29285.802243,0.000000
2026-08-12,20:20:22,0.333954,0.329394,0.000000,29285.802243,0.000000
2026-08-12,20:20:23,0.310957,0.329632,0.000000,29285.802243,0.000000
2026-08-12,20:20:23,0.352094,0.329985,0.000000,29285.802243,0.000000
2026-08-12,20:20:24,0.352094,0.334258,0.000000,29285.802243,0.000000
2026-08-12,20:20:25,0.352094,0.334438,0.000000,29285.802243,0.000000
2026-08-12,20:20:25,0.352094,0.334438,0.000000,29285.802243,0.000000
2026-08-12,20:20:26,0.352094,0.335714,0.000000,29285.802243,0.000000
2026-08-12,20:20:27,0.352094,0.339987,0.000000,29285.802243,0.000000
2026-08-12,20:20:27,0.348854,0.340983,0.000000,29285.802243,0.000000
2026-08-12,20:20:28,0.348854,0.344838,0.000000,29285.802243,0.000000
2026-08-12,20:20:29,0.349502,0.344838,0.000000,29285.802243,0.000000
2026-08-12,20:20:29,0.352094,0.345583,0.000000,29285.802243,0.000000
2026-08-12,20:20:30,0.351446,0.347332,0.000000,29285.802243,0.000000
2026-08-12,20:20:31,0.310957,0.347332,0.000000,29285.802243,0.000000
2026-08-12,20:20:31,0.310957,0.347332,0.000000,29285.802243,0.000000
2026-08-12,20:20:32,0.346263,0.346749,0.000000,29285.802243,0.000000
2026-08-12,20:20:33,0.346911,0.346231,0.000000,29285.802243,0.000000
2026-08-12,20:20:33,0.334278,0.344449,0.000000,29285.802243,0.000000
2026-08-12,20:20:34,0.334278,0.344449,0.000000,29285.802243,0.000000
2026-08-12,20:20:35,0.352094,0.344449,0.000000,29285.802243,0.000000
2026-08-12,20:20:35,0.345615,0.343801,0.000000,29285.802243,0.000000
2026-08-12,20:20:36,0.347235,0.343639,0.000000,29285.802243,0.000000
2026-08-12,20:20:37,0.347883,0.343477,0.000000,29285.802243,0.000000
2026-08-12,20:20:37,0.347883,0.343477,0.000000,29285.802243,0.000000
2026-08-12,20:20:38,0.310957,0.339364,0.000000,29285.802243,0.000000
2026-08-12,20:20:39,0.352094,0.339429,0.000000,29285.802243,0.000000
2026-08-12,20:20:39,0.311604,0.339493,0.000000,29285.802243,0.000000
2026-08-12,20:20:40,0.311604,0.340076,0.000000,29285.802243,0.000000
2026-08-12,20:20:41,0.352094,0.340076,0.000000,29285.802243,0.000000
2026-08-12,20:20:41,0.350474,0.340433,0.000000,29285.802243,0.000000
2026-08-12,20:20:42,0.348959,0.341901,0.000000,29285.802243,0.000000
2026-08-12,20:20:43,0.317536,0.338445,0.000000,29285.802243,0.000000
2026-08-12,20:20:43,0.317536,0.334820,0.000000,29285.802243,0.000000
2026-08-12,20:20:44,0.309363,0.334820,0.000000,29285.802243,0.000000
2026-08-12,20:20:45,0.309363,0.331033,0.000000,29285.802243,0.000000
2026-08-12,20:20:45,0.339655,0.330210,0.000000,29285.802243,0.000000
2026-08-12,20:20:46,0.358591,0.334973,0.000000,29285.802243,0.000000
2026-08-12,20:20:47,0.358591,0.334973,0.000000,29285.802243,0.000000
2026-08-12,20:20:47,0.353004,0.335064,0.000000,29285.802243,0.000000
2026-08-12,20:20:48,0.311761,0.335080,0.000000,29285.802243,0.000000
2026-08-12,20:20:49,0.329622,0.332833,0.000000,29285.802243,0.000000
2026-08-12,20:20:49,0.329622,0.328962,0.000000,29285.802243,0.000000
2026-08-12,20:20:50,0.311761,0.328962,0.000000,29285.802243,0.000000
2026-08-12,20:20:51,0.334818,0.327547,0.000000,29285.802243,0.000000
2026-08-12,20:20:51,0.332762,0.329070,0.000000,29285.802243,0.000000
2026-08-12,20:20:52,0.312570,0.329391,0.000000,29285.802243,0.000000
2026-08-12,20:20:53,0.312570,0.329391,0.000000,29285.802243,0.000000
2026-08-12,20:20:53,0.327989,0.331253,0.000000,29285.802243,0.000000
2026-08-12,20:20:54,0.340493,0.331337,0.000000,29285.802243,0.000000
2026-08-12,20:20:55,0.348509,0.330329,0.000000,29285.802243,0.000000
2026-08-12,20:20:55,0.348509,0.325807,0.000000,29285.802243,0.000000
2026-08-12,20:20:56,0.307790,0.325807,0.000000,29285.802243,0.000000
2026-08-12,20:20:57,0.315029,0.326134,0.000000,29285.802243,0.000000
2026-08-12,20:20:57,0.334389,0.326611,0.000000,29285.802243,0.000000
2026-08-12,20:20:58,0.336004,0.329035,0.000000,29285.802243,0.000000
2026-08-12,20:20:59,0.336004,0.329035,0.000000,29285.802243,0.000000
2026-08-12,20:20:59,0.349896,0.330543,0.000000,29285.802243,0.000000
2026-08-12,20:21:00,0.312419,0.328509,0.000000,29285.802243,0.000000
2026-08-12,20:21:01,0.343435,0.331595,0.000000,29285.802243,0.000000
2026-08-12,20:21:01,0.343435,0.329974,0.000000,29285.802243,0.000000
2026-08-12,20:21:02,0.311773,0.329974,0.000000,29285.802243,0.000000
2026-08-12,20:21:03,0.315973,0.327522,0.000000,29285.802243,0.000000
2026-08-12,20:21:03,0.310158,0.323687,0.000000,29285.802243,0.000000
2026-08-12,20:21:04,0.315029,0.324410,0.000000,29285.802243,0.000000
2026-08-12,20:21:05,0.315029,0.328578,0.000000,29285.802243,0.000000
2026-08-12,20:21:05,0.356705,0.328578,0.000000,29285.802243,0.000000
2026-08-12,20:21:06,0.356705,0.330810,0.000000,29285.802243,0.000000
2026-08-12,20:21:07,0.315029,0.328712,0.000000,29285.802243,0.000000
2026-08-12,20:21:07,0.315029,0.325225,0.000000,29285.802243,0.000000
2026-08-12,20:21:08,0.315029,0.325225,0.000000,29285.802243,0.000000
2026-08-12,20:21:09,0.321432,0.326127,0.000000,29285.802243,0.000000
2026-08-12,20:21:09,0.342646,0.326048,0.000000,29285.802243,0.000000
2026-08-12,20:21:10,0.308574,0.325728,0.000000,29285.802243,0.000000
2026-08-12,20:21:11,0.308574,0.325749,0.000000,29285.802243,0.000000
2026-08-12,20:21:11,0.316188,0.325749,0.000000,29285.802243,0.000000
2026-08-12,20:21:12,0.332968,0.328031,0.000000,29285.802243,0.000000
2026-08-12,20:21:13,0.330554,0.329583,0.000000,29285.802243,0.000000
2026-08-12,20:21:13,0.337966,0.327709,0.000000,29285.802243,0.000000
2026-08-12,20:21:14,0.337966,0.325868,0.000000,29285.802243,0.000000
2026-08-12,20:21:15,0.338292,0.325868,0.000000,29285.802243,0.000000
2026-08-12,20:21:15,0.312570,0.325622,0.000000,29285.802243,0.000000
2026-08-12,20:21:16,0.346757,0.328795,0.000000,29285.802243,0.000000
2026-08-12,20:21:17,0.353269,0.331979,0.000000,29285.802243,0.000000
2026-08-12,20:21:17,0.353269,0.331979,0.000000,29285.802243,0.000000
2026-08-12,20:21:18,0.352292,0.332943,0.000000,29285.802243,0.000000
2026-08-12,20:21:19,0.353920,0.337478,0.000000,29285.802243,0.000000
2026-08-12,20:21:19,0.312570,0.337116,0.000000,29285.802243,0.000000
2026-08-12,20:21:20,0.312570,0.334598,0.000000,29285.802243,0.000000
2026-08-12,20:21:21,0.307790,0.334598,0.000000,29285.802243,0.000000
2026-08-12,20:21:21,0.309714,0.332514,0.000000,29285.802243,0.000000
2026-08-12,20:21:22,0.310035,0.329721,0.000000,29285.802243,0.000000
2026-08-12,20:21:23,0.358591,0.331751,0.000000,29285.802243,0.000000
2026-08-12,20:21:23,0.358591,0.331751,0.000000,29285.802243,0.000000
2026-08-12,20:21:24,0.352094,0.335703,0.000000,29285.802243,0.000000
2026-08-12,20:21:25,0.352094,0.336237,0.000000,29285.802243,0.000000
2026-08-12,20:21:25,0.352094,0.336119,0.000000,29285.802243,0.000000
2026-08-12,20:21:26,0.352094,0.336099,0.000000,29285.802243,0.000000
2026-08-12,20:21:27,0.352094,0.336099,0.000000,29285.802243,0.000000
2026-08-12,20:21:27,0.335574,0.334265,0.000000,29285.802243,0.000000
2026-08-12,20:21:28,0.312900,0.334298,0.000000,29285.802243,0.000000
2026-08-12,20:21:29,0.325533,0.336072,0.000000,29285.802243,0.000000
2026-08-12,20:21:29,0.325533,0.339889,0.000000,29285.802243,0.000000
2026-08-12,20:21:30,0.347883,0.339889,0.000000,29285.802243,0.000000
2026-08-12,20:21:31,0.340757,0.342961,0.000000,29285.802243,0.000000
2026-08-12,20:21:31,0.310957,0.338198,0.000000,29285.802243,0.000000
2026-08-12,20:21:32,0.352094,0.338198,0.000000,29285.802243,0.000000
2026-08-12,20:21:33,0.352094,0.338198,0.000000,29285.802243,0.000000
2026-08-12,20:21:33,0.316139,0.334602,0.000000,29285.802243,0.000000
2026-08-12,20:21:34,0.352094,0.334602,0.000000,29285.802243,0.000000
2026-08-12,20:21:35,0.334278,0.332821,0.000000,29285.802243,0.000000
2026-08-12,20:21:35,0.334278,0.331363,0.000000,29285.802243,0.000000
2026-08-12,20:21:36,0.320998,0.331363,0.000000,29285.802243,0.000000
2026-08-12,20:21:37,0.310957,0.331169,0.000000,29285.802243,0.000000
2026-08-12,20:21:37,0.352094,0.333825,0.000000,29285.802243,0.000000
2026-08-12,20:21:38,0.343996,0.333436,0.000000,29285.802243,0.000000
2026-08-12,20:21:39,0.343996,0.333436,0.000000,29285.802243,0.000000
2026-08-12,20:21:39,0.327152,0.332076,0.000000,29285.802243,0.000000
2026-08-12,20:21:40,0.315859,0.332566,0.000000,29285.802243,0.000000
2026-08-12,20:21:41,0.316846,0.329041,0.000000,29285.802243,0.000000
2026-08-12,20:21:41,0.316846,0.330726,0.000000,29285.802243,0.000000
2026-08-12,20:21:42,0.332983,0.330726,0.000000,29285.802243,0.000000
2026-08-12,20:21:43,0.346587,0.330175,0.000000,29285.802243,0.000000
2026-08-12,20:21:43,0.310957,0.327843,0.000000,29285.802243,0.000000
2026-08-12,20:21:44,0.331039,0.328847,0.000000,29285.802243,0.000000
2026-08-12,20:21:45,0.331039,0.331471,0.000000,29285.802243,0.000000
2026-08-12,20:21:45,0.337194,0.331471,0.000000,29285.802243,0.000000
2026-08-12,20:21:46,0.310957,0.327357,0.000000,29285.802243,0.000000
2026-08-12,20:21:47,0.326828,0.325640,0.000000,29285.802243,0.000000
2026-08-12,20:21:47,0.310957,0.324021,0.000000,29285.802243,0.000000
2026-08-12,20:21:48,0.310957,0.324021,0.000000,29285.802243,0.000000
2026-08-12,20:21:49,0.352094,0.327644,0.000000,29285.802243,0.000000
2026-08-12,20:21:49,0.310957,0.327055,0.000000,29285.802243,0.000000
2026-08-12,20:21:50,0.310957,0.324852,0.000000,29285.802243,0.000000
2026-08-12,20:21:51,0.310957,0.325403,0.000000,29285.802243,0.000000
2026-08-12,20:21:51,0.352094,0.325403,0.000000,29285.802243,0.000000
2026-08-12,20:21:52,0.352094,0.329517,0.000000,29285.802243,0.000000
2026-08-12,20:21:53,0.345291,0.330942,0.000000,29285.802243,0.000000
2026-08-12,20:21:53,0.348854,0.332108,0.000000,29285.802243,0.000000
2026-08-12,20:21:54,0.348854,0.332108,0.000000,29285.802243,0.000000
2026-08-12,20:21:55,0.310957,0.332108,0.000000,29285.802243,0.000000
2026-08-12,20:21:55,0.312900,0.330715,0.000000,29285.802243,0.000000
2026-08-12,20:21:56,0.347883,0.334408,0.000000,29285.802243,0.000000
2026-08-12,20:21:57,0.349826,0.334181,0.000000,29285.802243,0.000000
2026-08-12,20:21:57,0.349826,0.334181,0.000000,29285.802243,0.000000
2026-08-12,20:21:58,0.352094,0.338295,0.000000,29285.802243,0.000000
2026-08-12,20:21:59,0.312252,0.338424,0.000000,29285.802243,0.000000
2026-08-12,20:21:59,0.306237,0.333839,0.000000,29285.802243,0.000000
2026-08-12,20:22:00,0.306237,0.332826,0.000000,29285.802243,0.000000
2026-08-12,20:22:00,0.341964,0.332826,0.000000,29285.802243,0.000000
2026-08-12,20:22:01,0.331119,0.331409,0.000000,29285.802243,0.000000
2026-08-12,20:22:02,0.329205,0.329444,0.000000,29285.802243,0.000000
2026-08-12,20:22:02,0.342283,0.332576,0.000000,29285.802243,0.000000
2026-08-12,20:22:03,0.342283,0.332576,0.000000,29285.802243,0.000000
2026-08-12,20:22:04,0.346749,0.335961,0.000000,29285.802243,0.000000
2026-08-12,20:22:04,0.311761,0.332349,0.000000,29285.802243,0.000000
2026-08-12,20:22:05,0.319230,0.329289,0.000000,29285.802243,0.000000
2026-08-12,20:22:06,0.319230,0.325256,0.000000,29285.802243,0.000000
2026-08-12,20:22:06,0.311761,0.325256,0.000000,29285.802243,0.000000
2026-08-12,20:22:07,0.314034,0.325434,0.000000,29285.802243,0.000000
2026-08-12,20:22:08,0.321083,0.326919,0.000000,29285.802243,0.000000
2026-08-12,20:22:08,0.324281,0.325150,0.000000,29285.802243,0.000000
2026-08-12,20:22:09,0.324281,0.324914,0.000000,29285.802243,0.000000
2026-08-12,20:22:10,0.328758,0.324914,0.000000,29285.802243,0.000000
2026-08-12,20:22:10,0.338032,0.325797,0.000000,29285.802243,0.000000
2026-08-12,20:22:11,0.347626,0.326331,0.000000,29285.802243,0.000000
2026-08-12,20:22:12,0.343827,0.326039,0.000000,29285.802243,0.000000
2026-08-12,20:22:12,0.343827,0.326039,0.000000,29285.802243,0.000000
2026-08-12,20:22:13,0.312570,0.326120,0.000000,29285.802243,0.000000
2026-08-12,20:22:14,0.313547,0.325552,0.000000,29285.802243,0.000000
2026-08-12,20:22:14,0.316803,0.326056,0.000000,29285.802243,0.000000
2026-08-12,20:22:15,0.316803,0.330045,0.000000,29285.802243,0.000000
2026-08-12,20:22:16,0.353920,0.330045,0.000000,29285.802243,0.000000
2026-08-12,20:22:16,0.312570,0.329193,0.000000,29285.802243,0.000000
2026-08-12,20:22:17,0.312570,0.328022,0.000000,29285.802243,0.000000
2026-08-12,20:22:18,0.353920,0.330539,0.000000,29285.802243,0.000000
2026-08-12,20:22:18,0.353920,0.330539,0.000000,29285.802243,0.000000
2026-08-12,20:22:19,0.353920,0.332127,0.000000,29285.802243,0.000000
2026-08-12,20:22:20,0.328524,0.330217,0.000000,29285.802243,0.000000
2026-08-12,20:22:20,0.344478,0.330282,0.000000,29285.802243,0.000000
2026-08-12,20:22:21,0.344478,0.330315,0.000000,29285.802243,0.000000
2026-08-12,20:22:22,0.312896,0.330315,0.000000,29285.802243,0.000000
2026-08-12,20:22:22,0.347083,0.333669,0.000000,29285.802243,0.000000
2026-08-12,20:22:23,0.312570,0.333245,0.000000,29285.802243,0.000000
2026-08-12,20:22:24,0.329501,0.330803,0.000000,29285.802243,0.000000
2026-08-12,20:22:24,0.329501,0.334189,0.000000,29285.802243,0.000000
2026-08-12,20:22:25,0.346432,0.334189,0.000000,29285.802243,0.000000
2026-08-12,20:22:26,0.307011,0.333634,0.000000,29285.802243,0.000000
2026-08-12,20:22:26,0.323641,0.330606,0.000000,29285.802243,0.000000
2026-08-12,20:22:27,0.352884,0.330502,0.000000,29285.802243,0.000000
2026-08-12,20:22:28,0.352884,0.330502,0.000000,29285.802243,0.000000
2026-08-12,20:22:28,0.346682,0.332318,0.000000,29285.802243,0.000000
2026-08-12,20:22:29,0.313384,0.329208,0.000000,29285.802243,0.000000
2026-08-12,20:22:30,0.354843,0.333403,0.000000,29285.802243,0.000000
2026-08-12,20:22:30,0.354843,0.331567,0.000000,29285.802243,0.000000
2026-08-12,20:22:31,0.328727,0.331567,0.000000,29285.802243,0.000000
2026-08-12,20:22:32,0.342737,0.334584,0.000000,29285.802243,0.000000
2026-08-12,20:22:32,0.354843,0.337118,0.000000,29285.802243,0.000000
2026-08-12,20:22:33,0.308574,0.333333,0.000000,29285.802243,0.000000
2026-08-12,20:22:34,0.308574,0.333333,0.000000,29285.802243,0.000000
2026-08-12,20:22:34,0.354843,0.338116,0.000000,29285.802243,0.000000
2026-08-12,20:22:35,0.308574,0.336609,0.000000,29285.802243,0.000000
2026-08-12,20:22:36,0.349396,0.336260,0.000000,29285.802243,0.000000
2026-08-12,20:22:36,0.349396,0.337739,0.000000,29285.802243,0.000000
2026-08-12,20:22:37,0.361466,0.337739,0.000000,29285.802243,0.000000
2026-08-12,20:22:38,0.308574,0.337258,0.000000,29285.802243,0.000000
2026-08-12,20:22:38,0.349396,0.336713,0.000000,29285.802243,0.000000
2026-08-12,20:22:39,0.349396,0.338780,0.000000,29285.802243,0.000000
2026-08-12,20:22:40,0.349396,0.335364,0.000000,29285.802243,0.000000
2026-08-12,20:22:40,0.308574,0.335364,0.000000,29285.802243,0.000000
2026-08-12,20:22:41,0.338789,0.333758,0.000000,29285.802243,0.000000
2026-08-12,20:22:42,0.349396,0.337841,0.000000,29285.802243,0.000000
2026-08-12,20:22:42,0.308574,0.333214,0.000000,29285.802243,0.000000
2026-08-12,20:22:43,0.308574,0.333214,0.000000,29285.802243,0.000000
2026-08-12,20:22:44,0.357645,0.338121,0.000000,29285.802243,0.000000
2026-08-12,20:22:44,0.338562,0.337037,0.000000,29285.802243,0.000000
2026-08-12,20:22:45,0.333210,0.334212,0.000000,29285.802243,0.000000
2026-08-12,20:22:46,0.333210,0.334291,0.000000,29285.802243,0.000000
2026-08-12,20:22:46,0.309363,0.334291,0.000000,29285.802243,0.000000
2026-08-12,20:22:47,0.350290,0.334380,0.000000,29285.802243,0.000000
2026-08-12,20:22:48,0.348356,0.334276,0.000000,29285.802243,0.000000
2026-08-12,20:22:48,0.350290,0.338448,0.000000,29285.802243,0.000000
2026-08-12,20:22:49,0.350290,0.338448,0.000000,29285.802243,0.000000
2026-08-12,20:22:50,0.315164,0.336085,0.000000,29285.802243,0.000000
2026-08-12,20:22:50,0.346745,0.335820,0.000000,29285.802243,0.000000
2026-08-12,20:22:51,0.311942,0.336157,0.000000,29285.802243,0.000000
2026-08-12,20:22:52,0.311942,0.335228,0.000000,29285.802243,0.000000
2026-08-12,20:22:52,0.348356,0.335228,0.000000,29285.802243,0.000000
2026-08-12,20:22:53,0.309363,0.332308,0.000000,29285.802243,0.000000
2026-08-12,20:22:54,0.350290,0.334016,0.000000,29285.802243,0.000000
2026-08-12,20:22:54,0.309363,0.334016,0.000000,29285.802243,0.000000
2026-08-12,20:22:55,0.309363,0.332920,0.000000,29285.802243,0.000000
2026-08-12,20:22:56,0.339333,0.332920,0.000000,29285.802243,0.000000
2026-08-12,20:22:56,0.309363,0.329021,0.000000,29285.802243,0.000000
2026-08-12,20:22:57,0.343200,0.328312,0.000000,29285.802243,0.000000
2026-08-12,20:22:58,0.309363,0.327732,0.000000,29285.802243,0.000000
2026-08-12,20:22:58,0.309363,0.327732,0.000000,29285.802243,0.000000
2026-08-12,20:22:59,0.350290,0.328086,0.000000,29285.802243,0.000000
2026-08-12,20:23:00,0.350290,0.331921,0.000000,29285.802243,0.000000
2026-08-12,20:23:00,0.314204,0.328506,0.000000,29285.802243,0.000000
2026-08-12,20:23:01,0.314204,0.328990,0.000000,29285.802243,0.000000
2026-08-12,20:23:02,0.314204,0.328990,0.000000,29285.802243,0.000000
2026-08-12,20:23:02,0.310653,0.325026,0.000000,29285.802243,0.000000
2026-08-12,20:23:03,0.329665,0.327057,0.000000,29285.802243,0.000000
2026-08-12,20:23:04,0.329665,0.326090,0.000000,29285.802243,0.000000
2026-08-12,20:23:04,0.329665,0.328732,0.000000,29285.802243,0.000000
2026-08-12,20:23:05,0.335788,0.328732,0.000000,29285.802243,0.000000
2026-08-12,20:23:06,0.310330,0.325445,0.000000,29285.802243,0.000000
2026-08-12,20:23:06,0.350290,0.329538,0.000000,29285.802243,0.000000
2026-08-12,20:23:07,0.350290,0.325735,0.000000,29285.802243,0.000000
2026-08-12,20:23:08,0.312264,0.325735,0.000000,29285.802243,0.000000
2026-08-12,20:23:08,0.344167,0.325123,0.000000,29285.802243,0.000000
2026-08-12,20:23:09,0.345456,0.328248,0.000000,29285.802243,0.000000
2026-08-12,20:23:10,0.346745,0.331502,0.000000,29285.802243,0.000000
2026-08-12,20:23:10,0.346745,0.333049,0.000000,29285.802243,0.000000
2026-08-12,20:23:11,0.326121,0.333049,0.000000,29285.802243,0.000000
2026-08-12,20:23:12,0.309363,0.331019,0.000000,29285.802243,0.000000
2026-08-12,20:23:12,0.318162,0.329869,0.000000,29285.802243,0.000000
2026-08-12,20:23:13,0.309363,0.327226,0.000000,29285.802243,0.000000
2026-08-12,20:23:14,0.309363,0.327226,0.000000,29285.802243,0.000000
2026-08-12,20:23:14,0.357645,0.331958,0.000000,29285.802243,0.000000
2026-08-12,20:23:15,0.342190,0.331148,0.000000,29285.802243,0.000000
2026-08-12,20:23:16,0.326519,0.332573,0.000000,29285.802243,0.000000
2026-08-12,20:23:16,0.326519,0.328858,0.000000,29285.802243,0.000000
2026-08-12,20:23:17,0.307011,0.328858,0.000000,29285.802243,0.000000
2026-08-12,20:23:18,0.312570,0.325569,0.000000,29285.802243,0.000000
2026-08-12,20:23:18,0.353920,0.326287,0.000000,29285.802243,0.000000
2026-08-12,20:23:19,0.334385,0.327113,0.000000,29285.802243,0.000000
2026-08-12,20:23:20,0.334385,0.327113,0.000000,29285.802243,0.000000
2026-08-12,20:23:20,0.307971,0.326974,0.000000,29285.802243,0.000000
2026-08-12,20:23:21,0.341230,0.329280,0.000000,29285.802243,0.000000
2026-08-12,20:23:22,0.307011,0.329045,0.000000,29285.802243,0.000000
2026-08-12,20:23:22,0.307011,0.328043,0.000000,29285.802243,0.000000
2026-08-12,20:23:23,0.347626,0.328043,0.000000,29285.802243,0.000000
2026-08-12,20:23:24,0.341550,0.327979,0.000000,29285.802243,0.000000
2026-08-12,20:23:24,0.328118,0.328139,0.000000,29285.802243,0.000000
2026-08-12,20:23:25,0.307971,0.328235,0.000000,29285.802243,0.000000
2026-08-12,20:23:26,0.307971,0.331069,0.000000,29285.802243,0.000000
2026-08-12,20:23:26,0.340910,0.331069,0.000000,29285.802243,0.000000
2026-08-12,20:23:27,0.338097,0.329487,0.000000,29285.802243,0.000000
2026-08-12,20:23:28,0.314204,0.327469,0.000000,29285.802243,0.000000
2026-08-12,20:23:28,0.345297,0.331201,0.000000,29285.802243,0.000000
2026-08-12,20:23:29,0.345297,0.331201,0.000000,29285.802243,0.000000
2026-08-12,20:23:30,0.350534,0.332132,0.000000,29285.802243,0.000000
2026-08-12,20:23:30,0.309363,0.332367,0.000000,29285.802243,0.000000
2026-08-12,20:23:31,0.350290,0.332633,0.000000,29285.802243,0.000000
2026-08-12,20:23:32,0.350290,0.329415,0.000000,29285.802243,0.000000
2026-08-12,20:23:32,0.309363,0.329415,0.000000,29285.802243,0.000000
2026-08-12,20:23:33,0.350290,0.331632,0.000000,29285.802243,0.000000
2026-08-12,20:23:34,0.328376,0.333673,0.000000,29285.802243,0.000000
2026-08-12,20:23:34,0.332888,0.332870,0.000000,29285.802243,0.000000
2026-08-12,20:23:35,0.332888,0.332870,0.000000,29285.802243,0.000000
2026-08-12,20:23:36,0.347712,0.333832,0.000000,29285.802243,0.000000
2026-08-12,20:23:36,0.311942,0.333606,0.000000,29285.802243,0.000000
2026-08-12,20:23:37,0.342233,0.333299,0.000000,29285.802243,0.000000
2026-08-12,20:23:38,0.342233,0.329537,0.000000,29285.802243,0.000000
2026-08-12,20:23:38,0.312908,0.329537,0.000000,29285.802243,0.000000
2026-08-12,20:23:39,0.350290,0.333629,0.000000,29285.802243,0.000000
2026-08-12,20:23:40,0.336433,0.332244,0.000000,29285.802243,0.000000
2026-08-12,20:23:40,0.309686,0.332276,0.000000,29285.802243,0.000000
2026-08-12,20:23:41,0.309686,0.328183,0.000000,29285.802243,0.000000
2026-08-12,20:23:42,0.309363,0.328183,0.000000,29285.802243,0.000000
2026-08-12,20:23:42,0.325476,0.327893,0.000000,29285.802243,0.000000
2026-08-12,20:23:43,0.339333,0.328538,0.000000,29285.802243,0.000000
2026-08-12,20:23:44,0.319998,0.325766,0.000000,29285.802243,0.000000
2026-08-12,20:23:44,0.319998,0.325766,0.000000,29285.802243,0.000000
2026-08-12,20:23:45,0.326765,0.327249,0.000000,29285.802243,0.000000
2026-08-12,20:23:46,0.343522,0.327377,0.000000,29285.802243,0.000000
2026-08-12,20:23:46,0.350290,0.331116,0.000000,29285.802243,0.000000
2026-08-12,20:23:47,0.350290,0.328957,0.000000,29285.802243,0.000000
2026-08-12,20:23:48,0.328699,0.328957,0.000000,29285.802243,0.000000
2026-08-12,20:23:48,0.336755,0.328989,0.000000,29285.802243,0.000000
2026-08-12,20:23:49,0.309363,0.328956,0.000000,29285.802243,0.000000
2026-08-12,20:23:50,0.315164,0.329537,0.000000,29285.802243,0.000000
2026-08-12,20:23:50,0.315164,0.329537,0.000000,29285.802243,0.000000
2026-08-12,20:23:51,0.350290,0.332018,0.000000,29285.802243,0.000000
2026-08-12,20:23:52,0.313875,0.329472,0.000000,29285.802243,0.000000
2026-08-12,20:23:52,0.346100,0.332082,0.000000,29285.802243,0.000000
2026-08-12,20:23:53,0.346100,0.333017,0.000000,29285.802243,0.000000
2026-08-12,20:23:54,0.336111,0.333017,0.000000,29285.802243,0.000000
2026-08-12,20:23:54,0.337077,0.332372,0.000000,29285.802243,0.000000
2026-08-12,20:23:55,0.309363,0.328280,0.000000,29285.802243,0.000000
2026-08-12,20:23:56,0.347389,0.330149,0.000000,29285.802243,0.000000
2026-08-12,20:23:56,0.347389,0.330374,0.000000,29285.802243,0.000000
2026-08-12,20:23:57,0.339011,0.330374,0.000000,29285.802243,0.000000
2026-08-12,20:23:58,0.337400,0.333178,0.000000,29285.802243,0.000000
2026-08-12,20:23:58,0.341589,0.335821,0.000000,29285.802243,0.000000
2026-08-12,20:23:59,0.309363,0.331728,0.000000,29285.802243,0.000000
2026-08-12,20:24:00,0.309363,0.331728,0.000000,29285.802243,0.000000
2026-08-12,20:24:00,0.345134,0.334854,0.000000,29285.802243,0.000000
2026-08-12,20:24:01,0.335144,0.333758,0.000000,29285.802243,0.000000
2026-08-12,20:24:02,0.350290,0.335176,0.000000,29285.802243,0.000000
2026-08-12,20:24:02,0.350290,0.334370,0.000000,29285.802243,0.000000
2026-08-12,20:24:03,0.329021,0.334370,0.000000,29285.802243,0.000000
2026-08-12,20:24:04,0.330310,0.336465,0.000000,29285.802243,0.000000
2026-08-12,20:24:04,0.309363,0.332662,0.000000,29285.802243,0.000000
2026-08-12,20:24:05,0.309363,0.329698,0.000000,29285.802243,0.000000
2026-08-12,20:24:06,0.309363,0.329698,0.000000,29285.802243,0.000000
2026-08-12,20:24:06,0.309363,0.326894,0.000000,29285.802243,0.000000
2026-08-12,20:24:07,0.320320,0.324767,0.000000,29285.802243,0.000000
2026-08-12,20:24:08,0.341267,0.327957,0.000000,29285.802243,0.000000
2026-08-12,20:24:08,0.341267,0.324380,0.000000,29285.802243,0.000000
2026-08-12,20:24:09,0.309363,0.324380,0.000000,29285.802243,0.000000
2026-08-12,20:24:10,0.327732,0.323639,0.000000,29285.802243,0.000000
2026-08-12,20:24:10,0.315486,0.320159,0.000000,29285.802243,0.000000
2026-08-12,20:24:11,0.350290,0.322286,0.000000,29285.802243,0.000000
2026-08-12,20:24:12,0.350290,0.322383,0.000000,29285.802243,0.000000
2026-08-12,20:24:12,0.331277,0.322383,0.000000,29285.802243,0.000000
2026-08-12,20:24:13,0.314204,0.322867,0.000000,29285.802243,0.000000
2026-08-12,20:24:13,0.348509,0.326781,0.000000,29285.802243,0.000000
2026-08-12,20:24:14,0.307790,0.326624,0.000000,29285.802243,0.000000
2026-08-12,20:24:15,0.307790,0.326624,0.000000,29285.802243,0.000000
2026-08-12,20:24:15,0.353920,0.329984,0.000000,29285.802243,0.000000
2026-08-12,20:24:16,0.314524,0.327310,0.000000,29285.802243,0.000000
2026-08-12,20:24:17,0.346432,0.331016,0.000000,29285.802243,0.000000
2026-08-12,20:24:17,0.346432,0.329891,0.000000,29285.802243,0.000000
2026-08-12,20:24:18,0.316477,0.329891,0.000000,29285.802243,0.000000
2026-08-12,20:24:19,0.353920,0.333734,0.000000,29285.802243,0.000000
2026-08-12,20:24:19,0.307790,0.329484,0.000000,29285.802243,0.000000
2026-08-12,20:24:20,0.333760,0.329733,0.000000,29285.802243,0.000000
2026-08-12,20:24:21,0.333760,0.329733,0.000000,29285.802243,0.000000
2026-08-12,20:24:21,0.348509,0.333163,0.000000,29285.802243,0.000000
2026-08-12,20:24:22,0.310355,0.329348,0.000000,29285.802243,0.000000
2026-08-12,20:24:23,0.309393,0.329508,0.000000,29285.802243,0.000000
2026-08-12,20:24:23,0.309393,0.324895,0.000000,29285.802243,0.000000
2026-08-12,20:24:24,0.307790,0.324895,0.000000,29285.802243,0.000000
2026-08-12,20:24:25,0.309073,0.324350,0.000000,29285.802243,0.000000
2026-08-12,20:24:25,0.312570,0.320964,0.000000,29285.802243,0.000000
2026-08-12,20:24:26,0.312570,0.320573,0.000000,29285.802243,0.000000
2026-08-12,20:24:27,0.312570,0.316438,0.000000,29285.802243,0.000000
2026-08-12,20:24:27,0.312570,0.316438,0.000000,29285.802243,0.000000
2026-08-12,20:24:28,0.347734,0.320433,0.000000,29285.802243,0.000000
2026-08-12,20:24:29,0.316152,0.318672,0.000000,29285.802243,0.000000
2026-08-12,20:24:29,0.312570,0.315078,0.000000,29285.802243,0.000000
2026-08-12,20:24:30,0.312570,0.315078,0.000000,29285.802243,0.000000
2026-08-12,20:24:31,0.312570,0.315299,0.000000,29285.802243,0.000000
2026-08-12,20:24:31,0.312570,0.315617,0.000000,29285.802243,0.000000
2026-08-12,20:24:32,0.350339,0.319872,0.000000,29285.802243,0.000000
2026-08-12,20:24:33,0.350339,0.324259,0.000000,29285.802243,0.000000
2026-08-12,20:24:33,0.352944,0.324259,0.000000,29285.802243,0.000000
2026-08-12,20:24:34,0.345781,0.327580,0.000000,29285.802243,0.000000
2026-08-12,20:24:35,0.331454,0.329468,0.000000,29285.802243,0.000000
2026-08-12,20:24:35,0.313872,0.329599,0.000000,29285.802243,0.000000
2026-08-12,20:24:36,0.313872,0.330120,0.000000,29285.802243,0.000000
2026-08-12,20:24:37,0.352944,0.330120,0.000000,29285.802243,0.000000
2026-08-12,20:24:37,0.346757,0.333180,0.000000,29285.802243,0.000000
2026-08-12,20:24:38,0.312570,0.333180,0.000000,29285.802243,0.000000
2026-08-12,20:24:39,0.348060,0.336729,0.000000,29285.802243,0.000000
2026-08-12,20:24:39,0.348060,0.336729,0.000000,29285.802243,0.000000
2026-08-12,20:24:40,0.312570,0.336729,0.000000,29285.802243,0.000000
2026-08-12,20:24:41,0.333408,0.335036,0.000000,29285.802243,0.000000
2026-08-12,20:24:41,0.317536,0.331495,0.000000,29285.802243,0.000000
2026-08-12,20:24:42,0.317536,0.332309,0.000000,29285.802243,0.000000
2026-08-12,20:24:43,0.353920,0.332309,0.000000,29285.802243,0.000000
2026-08-12,20:24:43,0.310957,0.330259,0.000000,29285.802243,0.000000
2026-08-12,20:24:44,0.348854,0.333758,0.000000,29285.802243,0.000000
2026-08-12,20:24:45,0.352094,0.333673,0.000000,29285.802243,0.000000
2026-08-12,20:24:45,0.352094,0.333673,0.000000,29285.802243,0.000000
2026-08-12,20:24:46,0.324561,0.331453,0.000000,29285.802243,0.000000
2026-08-12,20:24:47,0.331363,0.333332,0.000000,29285.802243,0.000000
2026-08-12,20:24:47,0.325857,0.331112,0.000000,29285.802243,0.000000
2026-08-12,20:24:48,0.325857,0.333736,0.000000,29285.802243,0.000000
2026-08-12,20:24:49,0.338813,0.333736,0.000000,29285.802243,0.000000
2026-08-12,20:24:49,0.310957,0.331491,0.000000,29285.802243,0.000000
2026-08-12,20:24:50,0.341081,0.333846,0.000000,29285.802243,0.000000
2026-08-12,20:24:51,0.310957,0.329549,0.000000,29285.802243,0.000000
2026-08-12,20:24:51,0.310957,0.329549,0.000000,29285.802243,0.000000
2026-08-12,20:24:52,0.310957,0.329549,0.000000,29285.802243,0.000000
2026-08-12,20:24:53,0.314196,0.326083,0.000000,29285.802243,0.000000
2026-08-12,20:24:53,0.343559,0.325230,0.000000,29285.802243,0.000000
2026-08-12,20:24:54,0.328323,0.325606,0.000000,29285.802243,0.000000
2026-08-12,20:24:55,0.328323,0.325606,0.000000,29285.802243,0.000000
2026-08-12,20:24:55,0.346509,0.327121,0.000000,29285.802243,0.000000
2026-08-12,20:24:56,0.311761,0.325711,0.000000,29285.802243,0.000000
2026-08-12,20:24:57,0.353004,0.327130,0.000000,29285.802243,0.000000
2026-08-12,20:24:57,0.353004,0.327211,0.000000,29285.802243,0.000000
2026-08-12,20:24:58,0.311761,0.327211,0.000000,29285.802243,0.000000
2026-08-12,20:24:59,0.336117,0.326714,0.000000,29285.802243,0.000000
2026-08-12,20:24:59,0.312086,0.326827,0.000000,29285.802243,0.000000
2026-08-12,20:25:00,0.353004,0.331032,0.000000,29285.802243,0.000000
2026-08-12,20:25:01,0.353004,0.334198,0.000000,29285.802243,0.000000
2026-08-12,20:25:01,0.345860,0.334198,0.000000,29285.802243,0.000000
2026-08-12,20:25:02,0.311761,0.331018,0.000000,29285.802243,0.000000
2026-08-12,20:25:03,0.330921,0.331278,0.000000,29285.802243,0.000000
2026-08-12,20:25:03,0.342190,0.330846,0.000000,29285.802243,0.000000
2026-08-12,20:25:04,0.342190,0.330846,0.000000,29285.802243,0.000000
2026-08-12,20:25:05,0.341222,0.333792,0.000000,29285.802243,0.000000
2026-08-12,20:25:05,0.312570,0.329749,0.000000,29285.802243,0.000000
2026-08-12,20:25:06,0.353920,0.333965,0.000000,29285.802243,0.000000
2026-08-12,20:25:07,0.353920,0.331610,0.000000,29285.802243,0.000000
2026-08-12,20:25:07,0.312570,0.331610,0.000000,29285.802243,0.000000
2026-08-12,20:25:08,0.328524,0.333254,0.000000,29285.802243,0.000000
2026-08-12,20:25:09,0.312570,0.329211,0.000000,29285.802243,0.000000
2026-08-12,20:25:09,0.312570,0.325882,0.000000,29285.802243,0.000000
2026-08-12,20:25:10,0.312570,0.325882,0.000000,29285.802243,0.000000
2026-08-12,20:25:11,0.341548,0.328861,0.000000,29285.802243,0.000000
2026-08-12,20:25:11,0.353920,0.331160,0.000000,29285.802243,0.000000
2026-08-12,20:25:12,0.330803,0.330022,0.000000,29285.802243,0.000000
2026-08-12,20:25:13,0.330803,0.329949,0.000000,29285.802243,0.000000
2026-08-12,20:25:13,0.340493,0.329949,0.000000,29285.802243,0.000000
2026-08-12,20:25:14,0.348509,0.333543,0.000000,29285.802243,0.000000
2026-08-12,20:25:15,0.307790,0.328930,0.000000,29285.802243,0.000000
2026-08-12,20:25:15,0.307790,0.328452,0.000000,29285.802243,0.000000
2026-08-12,20:25:16,0.307790,0.326378,0.000000,29285.802243,0.000000
2026-08-12,20:25:17,0.307790,0.326378,0.000000,29285.802243,0.000000
2026-08-12,20:25:17,0.307790,0.325900,0.000000,29285.802243,0.000000
2026-08-12,20:25:18,0.307790,0.325423,0.000000,29285.802243,0.000000
2026-08-12,20:25:19,0.310035,0.322271,0.000000,29285.802243,0.000000
2026-08-12,20:25:19,0.310035,0.322271,0.000000,29285.802243,0.000000
2026-08-12,20:25:20,0.316695,0.318549,0.000000,29285.802243,0.000000
2026-08-12,20:25:21,0.316695,0.317138,0.000000,29285.802243,0.000000
2026-08-12,20:25:21,0.336488,0.316737,0.000000,29285.802243,0.000000
2026-08-12,20:25:22,0.336488,0.317005,0.000000,29285.802243,0.000000
2026-08-12,20:25:23,0.351189,0.317005,0.000000,29285.802243,0.000000
2026-08-12,20:25:23,0.328896,0.319116,0.000000,29285.802243,0.000000
2026-08-12,20:25:24,0.310158,0.319353,0.000000,29285.802243,0.000000
2026-08-12,20:25:25,0.351189,0.323692,0.000000,29285.802243,0.000000
2026-08-12,20:25:25,0.351189,0.323692,0.000000,29285.802243,0.000000
2026-08-12,20:25:26,0.331481,0.326061,0.000000,29285.802243,0.000000
2026-08-12,20:25:27,0.310158,0.326298,0.000000,29285.802243,0.000000
2026-08-12,20:25:27,0.343758,0.329671,0.000000,29285.802243,0.000000
2026-08-12,20:25:28,0.343758,0.329017,0.000000,29285.802243,0.000000
2026-08-12,20:25:29,0.310158,0.329017,0.000000,29285.802243,0.000000
2026-08-12,20:25:29,0.324373,0.329785,0.000000,29285.802243,0.000000
2026-08-12,20:25:30,0.316942,0.327830,0.000000,29285.802243,0.000000
2026-08-12,20:25:31,0.330189,0.325730,0.000000,29285.802243,0.000000
2026-08-12,20:25:31,0.330189,0.327273,0.000000,29285.802243,0.000000
2026-08-12,20:25:32,0.344328,0.327273,0.000000,29285.802243,0.000000
2026-08-12,20:25:33,0.355574,0.331815,0.000000,29285.802243,0.000000
2026-08-12,20:25:33,0.311928,0.327889,0.000000,29285.802243,0.000000
2026-08-12,20:25:34,0.326828,0.327424,0.000000,29285.802243,0.000000
2026-08-12,20:25:35,0.326828,0.327424,0.000000,29285.802243,0.000000
2026-08-12,20:25:35,0.311604,0.327568,0.000000,29285.802243,0.000000
2026-08-12,20:25:36,0.341081,0.327300,0.000000,29285.802243,0.000000
2026-08-12,20:25:37,0.339137,0.330198,0.000000,29285.802243,0.000000
2026-08-12,20:25:37,0.339137,0.330347,0.000000,29285.802243,0.000000
2026-08-12,20:25:38,0.325857,0.330347,0.000000,29285.802243,0.000000
2026-08-12,20:25:39,0.314520,0.330105,0.000000,29285.802243,0.000000
2026-08-12,20:25:39,0.315815,0.328667,0.000000,29285.802243,0.000000
2026-08-12,20:25:40,0.317536,0.325988,0.000000,29285.802243,0.000000
2026-08-12,20:25:41,0.317536,0.325460,0.000000,29285.802243,0.000000
2026-08-12,20:25:41,0.350290,0.325460,0.000000,29285.802243,0.000000
2026-08-12,20:25:42,0.357645,0.330031,0.000000,29285.802243,0.000000
2026-08-12,20:25:43,0.357645,0.333113,0.000000,29285.802243,0.000000
2026-08-12,20:25:43,0.309363,0.332889,0.000000,29285.802243,0.000000
2026-08-12,20:25:44,0.309363,0.332889,0.000000,29285.802243,0.000000
2026-08-12,20:25:45,0.342556,0.333036,0.000000,29285.802243,0.000000
2026-08-12,20:25:45,0.314842,0.330607,0.000000,29285.802243,0.000000
2026-08-12,20:25:46,0.314197,0.329441,0.000000,29285.802243,0.000000
2026-08-12,20:25:47,0.314197,0.328925,0.000000,29285.802243,0.000000
2026-08-12,20:25:47,0.309363,0.328925,0.000000,29285.802243,0.000000
2026-08-12,20:25:48,0.347389,0.332083,0.000000,29285.802243,0.000000
2026-08-12,20:25:49,0.329021,0.333231,0.000000,29285.802243,0.000000
2026-08-12,20:25:49,0.350290,0.333231,0.000000,29285.802243,0.000000
2026-08-12,20:25:50,0.350290,0.333231,0.000000,29285.802243,0.000000
2026-08-12,20:25:51,0.310330,0.328500,0.000000,29285.802243,0.000000
2026-08-12,20:25:51,0.311942,0.323929,0.000000,29285.802243,0.000000
2026-08-12,20:25:52,0.331921,0.326185,0.000000,29285.802243,0.000000
2026-08-12,20:25:53,0.331921,0.325154,0.000000,29285.802243,0.000000
2026-08-12,20:25:53,0.332244,0.325154,0.000000,29285.802243,0.000000
2026-08-12,20:25:54,0.346423,0.328312,0.000000,29285.802243,0.000000
2026-08-12,20:25:55,0.324174,0.329310,0.000000,29285.802243,0.000000
2026-08-12,20:25:55,0.352094,0.333583,0.000000,29285.802243,0.000000
2026-08-12,20:25:56,0.352094,0.332369,0.000000,29285.802243,0.000000
2026-08-12,20:25:57,0.335250,0.332369,0.000000,29285.802243,0.000000
2026-08-12,20:25:57,0.310957,0.330562,0.000000,29285.802243,0.000000
2026-08-12,20:25:58,0.333307,0.328864,0.000000,29285.802243,0.000000
2026-08-12,20:25:59,0.352094,0.333040,0.000000,29285.802243,0.000000
2026-08-12,20:25:59,0.352094,0.333040,0.000000,29285.802243,0.000000
2026-08-12,20:26:00,0.338489,0.335695,0.000000,29285.802243,0.000000
2026-08-12,20:26:01,0.350150,0.337518,0.000000,29285.802243,0.000000
2026-08-12,20:26:01,0.310957,0.335389,0.000000,29285.802243,0.000000
2026-08-12,20:26:02,0.310957,0.333851,0.000000,29285.802243,0.000000
2026-08-12,20:26:03,0.331039,0.333851,0.000000,29285.802243,0.000000
2026-08-12,20:26:03,0.341081,0.335542,0.000000,29285.802243,0.000000
2026-08-12,20:26:04,0.310957,0.331428,0.000000,29285.802243,0.000000
2026-08-12,20:26:05,0.352094,0.333112,0.000000,29285.802243,0.000000
2026-08-12,20:26:05,0.352094,0.334246,0.000000,29285.802243,0.000000
2026-08-12,20:26:06,0.322294,0.334246,0.000000,29285.802243,0.000000
2026-08-12,20:26:07,0.310957,0.332011,0.000000,29285.802243,0.000000
2026-08-12,20:26:07,0.311928,0.327994,0.000000,29285.802243,0.000000
2026-08-12,20:26:08,0.327152,0.326861,0.000000,29285.802243,0.000000
2026-08-12,20:26:09,0.327152,0.326861,0.000000,29285.802243,0.000000
2026-08-12,20:26:09,0.318731,0.323719,0.000000,29285.802243,0.000000
2026-08-12,20:26:10,0.331363,0.325759,0.000000,29285.802243,0.000000
2026-08-12,20:26:11,0.346911,0.327347,0.000000,29285.802243,0.000000
2026-08-12,20:26:11,0.346911,0.326963,0.000000,29285.802243,0.000000
2026-08-12,20:26:12,0.337246,0.326963,0.000000,29285.802243,0.000000
2026-08-12,20:26:13,0.351189,0.330986,0.000000,29285.802243,0.000000
2026-08-12,20:26:13,0.344081,0.330185,0.000000,29285.802243,0.000000
2026-08-12,20:26:14,0.336973,0.331653,0.000000,29285.802243,0.000000
2026-08-12,20:26:15,0.336973,0.331653,0.000000,29285.802243,0.000000
2026-08-12,20:26:15,0.315859,0.332143,0.000000,29285.802243,0.000000
2026-08-12,20:26:16,0.310182,0.331969,0.000000,29285.802243,0.000000
2026-08-12,20:26:17,0.308574,0.330111,0.000000,29285.802243,0.000000
2026-08-12,20:26:17,0.308574,0.332470,0.000000,29285.802243,0.000000
2026-08-12,20:26:18,0.342325,0.332470,0.000000,29285.802243,0.000000
2026-08-12,20:26:19,0.332682,0.332602,0.000000,29285.802243,0.000000
2026-08-12,20:26:19,0.349075,0.332819,0.000000,29285.802243,0.000000
2026-08-12,20:26:20,0.313074,0.330401,0.000000,29285.802243,0.000000
2026-08-12,20:26:21,0.313074,0.326397,0.000000,29285.802243,0.000000
2026-08-12,20:26:21,0.311146,0.326397,0.000000,29285.802243,0.000000
2026-08-12,20:26:22,0.358591,0.327848,0.000000,29285.802243,0.000000
2026-08-12,20:26:23,0.310158,0.325167,0.000000,29285.802243,0.000000
2026-08-12,20:26:23,0.316695,0.325250,0.000000,29285.802243,0.000000
2026-08-12,20:26:24,0.316695,0.325250,0.000000,29285.802243,0.000000
2026-08-12,20:26:25,0.310957,0.325328,0.000000,29285.802243,0.000000
2026-08-12,20:26:25,0.310957,0.325566,0.000000,29285.802243,0.000000
2026-08-12,20:26:26,0.339785,0.325312,0.000000,29285.802243,0.000000
2026-08-12,20:26:27,0.339785,0.325212,0.000000,29285.802243,0.000000
2026-08-12,20:26:27,0.331687,0.325212,0.000000,29285.802243,0.000000
2026-08-12,20:26:28,0.352094,0.325514,0.000000,29285.802243,0.000000
2026-08-12,20:26:29,0.352094,0.329416,0.000000,29285.802243,0.000000
2026-08-12,20:26:29,0.313872,0.329689,0.000000,29285.802243,0.000000
2026-08-12,20:26:30,0.313872,0.329689,0.000000,29285.802243,0.000000
2026-08-12,20:26:31,0.352094,0.329039,0.000000,29285.802243,0.000000
2026-08-12,20:26:31,0.342376,0.332261,0.000000,29285.802243,0.000000
2026-08-12,20:26:32,0.335898,0.334181,0.000000,29285.802243,0.000000
2026-08-12,20:26:33,0.335898,0.337517,0.000000,29285.802243,0.000000
2026-08-12,20:26:33,0.344320,0.337517,0.000000,29285.802243,0.000000
2026-08-12,20:26:34,0.346911,0.341113,0.000000,29285.802243,0.000000
2026-08-12,20:26:35,0.310957,0.338230,0.000000,29285.802243,0.000000
2026-08-12,20:26:35,0.310957,0.336157,0.000000,29285.802243,0.000000
2026-08-12,20:26:36,0.310957,0.334149,0.000000,29285.802243,0.000000
2026-08-12,20:26:37,0.332011,0.334149,0.000000,29285.802243,0.000000
2026-08-12,20:26:37,0.352094,0.334149,0.000000,29285.802243,0.000000
2026-08-12,20:26:38,0.310957,0.333857,0.000000,29285.802243,0.000000
2026-08-12,20:26:39,0.332011,0.331849,0.000000,29285.802243,0.000000
2026-08-12,20:26:39,0.332011,0.331849,0.000000,29285.802243,0.000000
2026-08-12,20:26:40,0.312900,0.328901,0.000000,29285.802243,0.000000
2026-08-12,20:26:41,0.343024,0.329614,0.000000,29285.802243,0.000000
2026-08-12,20:26:41,0.329096,0.328092,0.000000,29285.802243,0.000000
2026-08-12,20:26:42,0.329096,0.324820,0.000000,29285.802243,0.000000
2026-08-12,20:26:43,0.314196,0.324820,0.000000,29285.802243,0.000000
2026-08-12,20:26:43,0.331039,0.326828,0.000000,29285.802243,0.000000
2026-08-12,20:26:44,0.352094,0.330942,0.000000,29285.802243,0.000000
2026-08-12,20:26:45,0.337194,0.331460,0.000000,29285.802243,0.000000
2026-08-12,20:26:45,0.337194,0.331460,0.000000,29285.802243,0.000000
2026-08-12,20:26:46,0.316787,0.327930,0.000000,29285.802243,0.000000
2026-08-12,20:26:47,0.310957,0.327930,0.000000,29285.802243,0.000000
2026-08-12,20:26:47,0.352094,0.329938,0.000000,29285.802243,0.000000
2026-08-12,20:26:48,0.352094,0.331881,0.000000,29285.802243,0.000000
2026-08-12,20:26:49,0.332335,0.331881,0.000000,29285.802243,0.000000
2026-08-12,20:26:49,0.319702,0.329549,0.000000,29285.802243,0.000000
2026-08-12,20:26:50,0.336546,0.330294,0.000000,29285.802243,0.000000
2026-08-12,20:26:51,0.358591,0.334734,0.000000,29285.802243,0.000000
2026-08-12,20:26:51,0.358591,0.333662,0.000000,29285.802243,0.000000
2026-08-12,20:26:52,0.320324,0.333662,0.000000,29285.802243,0.000000
2026-08-12,20:26:53,0.335468,0.332000,0.000000,29285.802243,0.000000
2026-08-12,20:26:53,0.356941,0.333974,0.000000,29285.802243,0.000000
2026-08-12,20:26:54,0.316695,0.333965,0.000000,29285.802243,0.000000
2026-08-12,20:26:55,0.316695,0.333965,0.000000,29285.802243,0.000000
2026-08-12,20:26:55,0.334834,0.336353,0.000000,29285.802243,0.000000
2026-08-12,20:26:56,0.337769,0.334920,0.000000,29285.802243,0.000000
2026-08-12,20:26:57,0.315513,0.333238,0.000000,29285.802243,0.000000
2026-08-12,20:26:57,0.315513,0.332689,0.000000,29285.802243,0.000000
2026-08-12,20:26:58,0.314204,0.332689,0.000000,29285.802243,0.000000
2026-08-12,20:26:59,0.309363,0.329970,0.000000,29285.802243,0.000000
2026-08-12,20:26:59,0.330310,0.327142,0.000000,29285.802243,0.000000
2026-08-12,20:27:00,0.350290,0.330139,0.000000,29285.802243,0.000000
2026-08-12,20:27:01,0.350290,0.331621,0.000000,29285.802243,0.000000
2026-08-12,20:27:01,0.350290,0.331621,0.000000,29285.802243,0.000000
2026-08-12,20:27:02,0.309363,0.326863,0.000000,29285.802243,0.000000
2026-08-12,20:27:03,0.343200,0.329514,0.000000,29285.802243,0.000000
2026-08-12,20:27:03,0.309363,0.326967,0.000000,29285.802243,0.000000
2026-08-12,20:27:04,0.309363,0.326967,0.000000,29285.802243,0.000000
2026-08-12,20:27:05,0.340300,0.327220,0.000000,29285.802243,0.000000
2026-08-12,20:27:05,0.324832,0.328152,0.000000,29285.802243,0.000000
2026-08-12,20:27:06,0.350290,0.331760,0.000000,29285.802243,0.000000
2026-08-12,20:27:07,0.350290,0.331760,0.000000,29285.802243,0.000000
2026-08-12,20:27:07,0.309363,0.331760,0.000000,29285.802243,0.000000
2026-08-12,20:27:08,0.334499,0.332179,0.000000,29285.802243,0.000000
2026-08-12,20:27:09,0.332566,0.330407,0.000000,29285.802243,0.000000
2026-08-12,20:27:09,0.319676,0.327345,0.000000,29285.802243,0.000000
2026-08-12,20:27:10,0.319676,0.327345,0.000000,29285.802243,0.000000
2026-08-12,20:27:11,0.309363,0.327345,0.000000,29285.802243,0.000000
2026-08-12,20:27:11,0.350290,0.328054,0.000000,29285.802243,0.000000
2026-08-12,20:27:12,0.312264,0.328344,0.000000,29285.802243,0.000000
2026-08-12,20:27:13,0.312264,0.326959,0.000000,29285.802243,0.000000
2026-08-12,20:27:13,0.326443,0.326959,0.000000,29285.802243,0.000000
2026-08-12,20:27:14,0.324509,0.326926,0.000000,29285.802243,0.000000
2026-08-12,20:27:15,0.346423,0.326540,0.000000,29285.802243,0.000000
2026-08-12,20:27:15,0.309686,0.326572,0.000000,29285.802243,0.000000
2026-08-12,20:27:16,0.309686,0.326121,0.000000,29285.802243,0.000000
2026-08-12,20:27:17,0.329988,0.326121,0.000000,29285.802243,0.000000
2026-08-12,20:27:17,0.309363,0.323800,0.000000,29285.802243,0.000000
2026-08-12,20:27:18,0.350290,0.326862,0.000000,29285.802243,0.000000
2026-08-12,20:27:19,0.343200,0.330246,0.000000,29285.802243,0.000000
2026-08-12,20:27:19,0.343200,0.330246,0.000000,29285.802243,0.000000
2026-08-12,20:27:20,0.317804,0.326997,0.000000,29285.802243,0.000000
2026-08-12,20:27:21,0.309363,0.326707,0.000000,29285.802243,0.000000
2026-08-12,20:27:21,0.350290,0.329092,0.000000,29285.802243,0.000000
2026-08-12,20:27:22,0.350290,0.331605,0.000000,29285.802243,0.000000
2026-08-12,20:27:23,0.349645,0.331605,0.000000,29285.802243,0.000000
2026-08-12,20:27:23,0.338044,0.330767,0.000000,29285.802243,0.000000
2026-08-12,20:27:24,0.328054,0.332604,0.000000,29285.802243,0.000000
2026-08-12,20:27:25,0.309363,0.330542,0.000000,29285.802243,0.000000
2026-08-12,20:27:25,0.309363,0.330542,0.000000,29285.802243,0.000000
2026-08-12,20:27:26,0.309363,0.330542,0.000000,29285.802243,0.000000
2026-08-12,20:27:27,0.351723,0.330685,0.000000,29285.802243,0.000000
2026-08-12,20:27:27,0.352094,0.331574,0.000000,29285.802243,0.000000
2026-08-12,20:27:28,0.347235,0.334517,0.000000,29285.802243,0.000000
2026-08-12,20:27:29,0.347235,0.334517,0.000000,29285.802243,0.000000
2026-08-12,20:27:29,0.321322,0.335713,0.000000,29285.802243,0.000000
2026-08-12,20:27:30,0.331363,0.333821,0.000000,29285.802243,0.000000
2026-08-12,20:27:31,0.331363,0.331992,0.000000,29285.802243,0.000000
2026-08-12,20:27:31,0.331363,0.329575,0.000000,29285.802243,0.000000
2026-08-12,20:27:32,0.313872,0.329575,0.000000,29285.802243,0.000000
2026-08-12,20:27:33,0.290226,0.325792,0.000000,29285.802243,0.000000
2026-08-12,20:27:33,0.310957,0.325952,0.000000,29285.802243,0.000000
2026-08-12,20:27:34,0.331363,0.328152,0.000000,29285.802243,0.000000
2026-08-12,20:27:35,0.331363,0.328152,0.000000,29285.802243,0.000000
2026-08-12,20:27:35,0.307070,0.323686,0.000000,29285.802243,0.000000
2026-08-12,20:27:36,0.331363,0.321613,0.000000,29285.802243,0.000000
2026-08-12,20:27:37,0.329420,0.319832,0.000000,29285.802243,0.000000
2026-08-12,20:27:37,0.329420,0.318795,0.000000,29285.802243,0.000000
2026-08-12,20:27:38,0.310957,0.318795,0.000000,29285.802243,0.000000
2026-08-12,20:27:39,0.352094,0.320868,0.000000,29285.802243,0.000000
2026-08-12,20:27:39,0.313872,0.319119,0.000000,29285.802243,0.000000
2026-08-12,20:27:40,0.352094,0.322941,0.000000,29285.802243,0.000000
2026-08-12,20:27:41,0.352094,0.327753,0.000000,29285.802243,0.000000
2026-08-12,20:27:41,0.338347,0.327753,0.000000,29285.802243,0.000000
2026-08-12,20:27:42,0.312419,0.327900,0.000000,29285.802243,0.000000
2026-08-12,20:27:43,0.351189,0.329882,0.000000,29285.802243,0.000000
2026-08-12,20:27:43,0.310158,0.330191,0.000000,29285.802243,0.000000
2026-08-12,20:27:44,0.310158,0.330191,0.000000,29285.802243,0.000000
2026-08-12,20:27:45,0.310158,0.328070,0.000000,29285.802243,0.000000
2026-08-12,20:27:45,0.351189,0.330247,0.000000,29285.802243,0.000000
2026-08-12,20:27:46,0.333419,0.332494,0.000000,29285.802243,0.000000
2026-08-12,20:27:47,0.333419,0.329915,0.000000,29285.802243,0.000000
2026-08-12,20:27:47,0.326312,0.329915,0.000000,29285.802243,0.000000
2026-08-12,20:27:48,0.351189,0.333647,0.000000,29285.802243,0.000000
2026-08-12,20:27:49,0.310158,0.329454,0.000000,29285.802243,0.000000
2026-08-12,20:27:49,0.310158,0.326635,0.000000,29285.802243,0.000000
2026-08-12,20:27:50,0.310158,0.326635,0.000000,29285.802243,0.000000
2026-08-12,20:27:50,0.312419,0.326635,0.000000,29285.802243,0.000000
2026-08-12,20:27:51,0.310158,0.322532,0.000000,29285.802243,0.000000
2026-08-12,20:27:52,0.315004,0.323016,0.000000,29285.802243,0.000000
2026-08-12,20:27:52,0.315004,0.323016,0.000000,29285.802243,0.000000
2026-08-12,20:27:53,0.310158,0.323016,0.000000,29285.802243,0.000000
2026-08-12,20:27:54,0.344404,0.322338,0.000000,29285.802243,0.000000
2026-08-12,20:27:54,0.349250,0.323921,0.000000,29285.802243,0.000000
2026-08-12,20:27:55,0.310158,0.322305,0.000000,29285.802243,0.000000
2026-08-12,20:27:56,0.310158,0.319591,0.000000,29285.802243,0.000000
2026-08-12,20:27:56,0.324050,0.319591,0.000000,29285.802243,0.000000
2026-08-12,20:27:57,0.310158,0.319591,0.000000,29285.802243,0.000000
2026-08-12,20:27:58,0.335681,0.322144,0.000000,29285.802243,0.000000
2026-08-12,20:27:58,0.310158,0.321918,0.000000,29285.802243,0.000000
2026-08-12,20:27:59,0.310158,0.321918,0.000000,29285.802243,0.000000
2026-08-12,20:28:00,0.327927,0.323695,0.000000,29285.802243,0.000000
2026-08-12,20:28:00,0.342466,0.326441,0.000000,29285.802243,0.000000
2026-08-12,20:28:01,0.311450,0.326570,0.000000,29285.802243,0.000000
2026-08-12,20:28:02,0.311450,0.327248,0.000000,29285.802243,0.000000
2026-08-12,20:28:02,0.351189,0.327248,0.000000,29285.802243,0.000000
2026-08-12,20:28:03,0.310158,0.323339,0.000000,29285.802243,0.000000
2026-08-12,20:28:04,0.346019,0.326925,0.000000,29285.802243,0.000000
2026-08-12,20:28:04,0.310158,0.325536,0.000000,29285.802243,0.000000
2026-08-12,20:28:05,0.310158,0.328573,0.000000,29285.802243,0.000000
2026-08-12,20:28:06,0.340527,0.328573,0.000000,29285.802243,0.000000
2026-08-12,20:28:06,0.359543,0.330959,0.000000,29285.802243,0.000000
2026-08-12,20:28:07,0.347483,0.334692,0.000000,29285.802243,0.000000
2026-08-12,20:28:08,0.320204,0.333920,0.000000,29285.802243,0.000000
2026-08-12,20:28:08,0.320204,0.333920,0.000000,29285.802243,0.000000
2026-08-12,20:28:09,0.333519,0.333025,0.000000,29285.802243,0.000000
2026-08-12,20:28:10,0.311761,0.333056,0.000000,29285.802243,0.000000
2026-08-12,20:28:10,0.336767,0.331614,0.000000,29285.802243,0.000000
2026-08-12,20:28:11,0.336767,0.335476,0.000000,29285.802243,0.000000
2026-08-12,20:28:12,0.348782,0.335476,0.000000,29285.802243,0.000000
2026-08-12,20:28:12,0.311761,0.332050,0.000000,29285.802243,0.000000
2026-08-12,20:28:13,0.353004,0.336335,0.000000,29285.802243,0.000000
2026-08-12,20:28:14,0.340014,0.336284,0.000000,29285.802243,0.000000
2026-08-12,20:28:14,0.340014,0.336284,0.000000,29285.802243,0.000000
2026-08-12,20:28:15,0.311761,0.331506,0.000000,29285.802243,0.000000
2026-08-12,20:28:16,0.345210,0.331278,0.000000,29285.802243,0.000000
2026-08-12,20:28:16,0.353004,0.334558,0.000000,29285.802243,0.000000
2026-08-12,20:28:17,0.353004,0.336020,0.000000,29285.802243,0.000000
2026-08-12,20:28:18,0.348133,0.336020,0.000000,29285.802243,0.000000
2026-08-12,20:28:18,0.350406,0.339884,0.000000,29285.802243,0.000000
2026-08-12,20:28:19,0.350406,0.341248,0.000000,29285.802243,0.000000
2026-08-12,20:28:20,0.352679,0.341638,0.000000,29285.802243,0.000000
2026-08-12,20:28:20,0.352679,0.341638,0.000000,29285.802243,0.000000
2026-08-12,20:28:21,0.311761,0.341638,0.000000,29285.802243,0.000000
2026-08-12,20:28:22,0.329622,0.339300,0.000000,29285.802243,0.000000
2026-08-12,20:28:22,0.341870,0.339485,0.000000,29285.802243,0.000000
2026-08-12,20:28:23,0.320384,0.340348,0.000000,29285.802243,0.000000
2026-08-12,20:28:24,0.320384,0.340348,0.000000,29285.802243,0.000000
2026-08-12,20:28:24,0.312570,0.337084,0.000000,29285.802243,0.000000
2026-08-12,20:28:25,0.345129,0.336296,0.000000,29285.802243,0.000000
2026-08-12,20:28:26,0.347867,0.336270,0.000000,29285.802243,0.000000
2026-08-12,20:28:26,0.347867,0.332136,0.000000,29285.802243,0.000000
2026-08-12,20:28:27,0.309073,0.332136,0.000000,29285.802243,0.000000
2026-08-12,20:28:28,0.312570,0.328353,0.000000,29285.802243,0.000000
2026-08-12,20:28:28,0.312570,0.324342,0.000000,29285.802243,0.000000
2026-08-12,20:28:29,0.330803,0.326246,0.000000,29285.802243,0.000000
2026-08-12,20:28:30,0.330803,0.326246,0.000000,29285.802243,0.000000
2026-08-12,20:28:30,0.312570,0.324541,0.000000,29285.802243,0.000000
2026-08-12,20:28:31,0.312570,0.321611,0.000000,29285.802243,0.000000
2026-08-12,20:28:32,0.347867,0.324359,0.000000,29285.802243,0.000000
2026-08-12,20:28:32,0.347867,0.324359,0.000000,29285.802243,0.000000
2026-08-12,20:28:33,0.312570,0.324359,0.000000,29285.802243,0.000000
2026-08-12,20:28:34,0.346749,0.324521,0.000000,29285.802243,0.000000
2026-08-12,20:28:34,0.312252,0.320960,0.000000,29285.802243,0.000000
2026-08-12,20:28:35,0.330067,0.323059,0.000000,29285.802243,0.000000
2026-08-12,20:28:36,0.330067,0.322898,0.000000,29285.802243,0.000000
2026-08-12,20:28:36,0.310957,0.322898,0.000000,29285.802243,0.000000
2026-08-12,20:28:37,0.334926,0.325133,0.000000,29285.802243,0.000000
2026-08-12,20:28:38,0.310957,0.323149,0.000000,29285.802243,0.000000
2026-08-12,20:28:38,0.331363,0.325028,0.000000,29285.802243,0.000000
2026-08-12,20:28:39,0.331363,0.325028,0.000000,29285.802243,0.000000
2026-08-12,20:28:40,0.322440,0.326015,0.000000,29285.802243,0.000000
2026-08-12,20:28:40,0.341852,0.325413,0.000000,29285.802243,0.000000
2026-08-12,20:28:41,0.317833,0.325940,0.000000,29285.802243,0.000000
2026-08-12,20:28:42,0.317833,0.322851,0.000000,29285.802243,0.000000
2026-08-12,20:28:42,0.315859,0.322851,0.000000,29285.802243,0.000000
2026-08-12,20:28:43,0.309363,0.322562,0.000000,29285.802243,0.000000
2026-08-12,20:28:44,0.331921,0.322747,0.000000,29285.802243,0.000000
2026-08-12,20:28:44,0.325476,0.324199,0.000000,29285.802243,0.000000
2026-08-12,20:28:45,0.325476,0.324199,0.000000,29285.802243,0.000000
2026-08-12,20:28:46,0.335930,0.324299,0.000000,29285.802243,0.000000
2026-08-12,20:28:46,0.352094,0.328413,0.000000,29285.802243,0.000000
2026-08-12,20:28:47,0.346911,0.329968,0.000000,29285.802243,0.000000
2026-08-12,20:28:48,0.346911,0.332739,0.000000,29285.802243,0.000000
2026-08-12,20:28:48,0.350150,0.332739,0.000000,29285.802243,0.000000
2026-08-12,20:28:49,0.351770,0.333731,0.000000,29285.802243,0.000000
2026-08-12,20:28:50,0.352094,0.337157,0.000000,29285.802243,0.000000
2026-08-12,20:28:50,0.331687,0.338740,0.000000,29285.802243,0.000000
2026-08-12,20:28:51,0.331687,0.338740,0.000000,29285.802243,0.000000
2026-08-12,20:28:52,0.344320,0.342235,0.000000,29285.802243,0.000000
2026-08-12,20:28:52,0.310957,0.340139,0.000000,29285.802243,0.000000
2026-08-12,20:28:53,0.319378,0.339529,0.000000,29285.802243,0.000000
2026-08-12,20:28:54,0.319378,0.341145,0.000000,29285.802243,0.000000
2026-08-12,20:28:54,0.352094,0.341145,0.000000,29285.802243,0.000000
2026-08-12,20:28:55,0.324885,0.338424,0.000000,29285.802243,0.000000
2026-08-12,20:28:56,0.312252,0.334959,0.000000,29285.802243,0.000000
2026-08-12,20:28:56,0.352094,0.335153,0.000000,29285.802243,0.000000
2026-08-12,20:28:57,0.352094,0.335153,0.000000,29285.802243,0.000000
2026-08-12,20:28:58,0.331363,0.333112,0.000000,29285.802243,0.000000
2026-08-12,20:28:58,0.352094,0.333112,0.000000,29285.802243,0.000000
2026-08-12,20:28:59,0.335898,0.333533,0.000000,29285.802243,0.000000
2026-08-12,20:29:00,0.335898,0.330197,0.000000,29285.802243,0.000000
2026-08-12,20:29:00,0.310957,0.330197,0.000000,29285.802243,0.000000
2026-08-12,20:29:01,0.313224,0.330424,0.000000,29285.802243,0.000000
2026-08-12,20:29:02,0.352094,0.333695,0.000000,29285.802243,0.000000
2026-08-12,20:29:02,0.310957,0.329582,0.000000,29285.802243,0.000000
2026-08-12,20:29:03,0.310957,0.329582,0.000000,29285.802243,0.000000
2026-08-12,20:29:04,0.333954,0.330489,0.000000,29285.802243,0.000000
2026-08-12,20:29:04,0.315815,0.330845,0.000000,29285.802243,0.000000
2026-08-12,20:29:05,0.352094,0.330845,0.000000,29285.802243,0.000000
2026-08-12,20:29:06,0.346263,0.332335,0.000000,29285.802243,0.000000
2026-08-12,20:29:06,0.346263,0.332335,0.000000,29285.802243,0.000000
2026-08-12,20:29:07,0.346911,0.331817,0.000000,29285.802243,0.000000
2026-08-12,20:29:08,0.343672,0.332594,0.000000,29285.802243,0.000000
2026-08-12,20:29:08,0.310957,0.332594,0.000000,29285.802243,0.000000
2026-08-12,20:29:09,0.310957,0.332367,0.000000,29285.802243,0.000000
2026-08-12,20:29:10,0.310957,0.332367,0.000000,29285.802243,0.000000
2026-08-12,20:29:10,0.352094,0.332367,0.000000,29285.802243,0.000000
2026-08-12,20:29:11,0.352094,0.336481,0.000000,29285.802243,0.000000
2026-08-12,20:29:12,0.333307,0.336416,0.000000,29285.802243,0.000000
2026-08-12,20:29:12,0.333307,0.336416,0.000000,29285.802243,0.000000
2026-08-12,20:29:13,0.348531,0.339688,0.000000,29285.802243,0.000000
2026-08-12,20:29:14,0.342700,0.338748,0.000000,29285.802243,0.000000
2026-08-12,20:29:14,0.334278,0.337550,0.000000,29285.802243,0.000000
2026-08-12,20:29:15,0.334278,0.333954,0.000000,29285.802243,0.000000
2026-08-12,20:29:16,0.310957,0.333954,0.000000,29285.802243,0.000000
2026-08-12,20:29:16,0.352094,0.334797,0.000000,29285.802243,0.000000
2026-08-12,20:29:17,0.306237,0.334325,0.000000,29285.802243,0.000000
2026-08-12,20:29:18,0.339732,0.337202,0.000000,29285.802243,0.000000
2026-08-12,20:29:18,0.339732,0.337202,0.000000,29285.802243,0.000000
2026-08-12,20:29:19,0.335585,0.335551,0.000000,29285.802243,0.000000
2026-08-12,20:29:20,0.332714,0.333613,0.000000,29285.802243,0.000000
2026-08-12,20:29:20,0.312570,0.331540,0.000000,29285.802243,0.000000
2026-08-12,20:29:21,0.312570,0.329213,0.000000,29285.802243,0.000000
2026-08-12,20:29:22,0.325268,0.329213,0.000000,29285.802243,0.000000
2026-08-12,20:29:22,0.335036,0.328447,0.000000,29285.802243,0.000000
2026-08-12,20:29:23,0.312570,0.326276,0.000000,29285.802243,0.000000
2026-08-12,20:29:24,0.336338,0.328814,0.000000,29285.802243,0.000000
2026-08-12,20:29:24,0.336338,0.324862,0.000000,29285.802243,0.000000
2026-08-12,20:29:25,0.312570,0.324862,0.000000,29285.802243,0.000000
2026-08-12,20:29:26,0.312570,0.325495,0.000000,29285.802243,0.000000
2026-08-12,20:29:26,0.359543,0.327476,0.000000,29285.802243,0.000000
2026-08-12,20:29:27,0.310957,0.325014,0.000000,29285.802243,0.000000
2026-08-12,20:29:27,0.310957,0.325014,0.000000,29285.802243,0.000000
2026-08-12,20:29:28,0.310957,0.322838,0.000000,29285.802243,0.000000
2026-08-12,20:29:29,0.349354,0.326516,0.000000,29285.802243,0.000000
2026-08-12,20:29:29,0.318674,0.325857,0.000000,29285.802243,0.000000
2026-08-12,20:29:30,0.318674,0.323967,0.000000,29285.802243,0.000000
2026-08-12,20:29:31,0.316139,0.323967,0.000000,29285.802243,0.000000
2026-08-12,20:29:31,0.310957,0.323806,0.000000,29285.802243,0.000000
2026-08-12,20:29:32,0.310957,0.321268,0.000000,29285.802243,0.000000
2026-08-12,20:29:33,0.333307,0.323341,0.000000,29285.802243,0.000000
2026-08-12,20:29:33,0.333307,0.323341,0.000000,29285.802243,0.000000
2026-08-12,20:29:34,0.351122,0.327197,0.000000,29285.802243,0.000000
2026-08-12,20:29:35,0.310957,0.322338,0.000000,29285.802243,0.000000
2026-08-12,20:29:35,0.310957,0.322338,0.000000,29285.802243,0.000000
2026-08-12,20:29:36,0.310957,0.323893,0.000000,29285.802243,0.000000
2026-08-12,20:29:37,0.326504,0.323893,0.000000,29285.802243,0.000000
2026-08-12,20:29:37,0.310957,0.320053,0.000000,29285.802243,0.000000
2026-08-12,20:29:38,0.352094,0.323395,0.000000,29285.802243,0.000000
2026-08-12,20:29:39,0.310957,0.322877,0.000000,29285.802243,0.000000
2026-08-12,20:29:39,0.310957,0.324593,0.000000,29285.802243,0.000000
2026-08-12,20:29:40,0.328124,0.324593,0.000000,29285.802243,0.000000
2026-08-12,20:29:41,0.329744,0.326472,0.000000,29285.802243,0.000000
2026-08-12,20:29:41,0.352094,0.328351,0.000000,29285.802243,0.000000
2026-08-12,20:29:42,0.310957,0.324334,0.000000,29285.802243,0.000000
2026-08-12,20:29:43,0.310957,0.324334,0.000000,29285.802243,0.000000
2026-08-12,20:29:43,0.352710,0.328510,0.000000,29285.802243,0.000000
2026-08-12,20:29:44,0.348111,0.332225,0.000000,29285.802243,0.000000
2026-08-12,20:29:45,0.314204,0.330995,0.000000,29285.802243,0.000000
2026-08-12,20:29:45,0.314204,0.333087,0.000000,29285.802243,0.000000
2026-08-12,20:29:46,0.331878,0.333087,0.000000,29285.802243,0.000000
2026-08-12,20:29:47,0.307011,0.328579,0.000000,29285.802243,0.000000
2026-08-12,20:29:47,0.307011,0.328184,0.000000,29285.802243,0.000000
2026-08-12,20:29:48,0.324920,0.327864,0.000000,29285.802243,0.000000
2026-08-12,20:29:49,0.324920,0.327864,0.000000,29285.802243,0.000000
2026-08-12,20:29:49,0.310849,0.325974,0.000000,29285.802243,0.000000
2026-08-12,20:29:50,0.332533,0.324018,0.000000,29285.802243,0.000000
2026-08-12,20:29:51,0.310975,0.324020,0.000000,29285.802243,0.000000
2026-08-12,20:29:51,0.310975,0.321490,0.000000,29285.802243,0.000000
2026-08-12,20:29:52,0.327410,0.321490,0.000000,29285.802243,0.000000
2026-08-12,20:29:53,0.336687,0.320348,0.000000,29285.802243,0.000000
2026-08-12,20:29:53,0.356377,0.324565,0.000000,29285.802243,0.000000
2026-08-12,20:29:54,0.356705,0.327048,0.000000,29285.802243,0.000000
2026-08-12,20:29:55,0.356705,0.327048,0.000000,29285.802243,0.000000
2026-08-12,20:29:55,0.356705,0.332017,0.000000,29285.802243,0.000000
2026-08-12,20:29:56,0.329789,0.334295,0.000000,29285.802243,0.000000
2026-08-12,20:29:57,0.313396,0.333142,0.000000,29285.802243,0.000000
2026-08-12,20:29:57,0.313396,0.335101,0.000000,29285.802243,0.000000
2026-08-12,20:29:58,0.330432,0.335101,0.000000,29285.802243,0.000000
2026-08-12,20:29:59,0.312753,0.333123,0.000000,29285.802243,0.000000
2026-08-12,20:29:59,0.324967,0.334522,0.000000,29285.802243,0.000000
2026-08-12,20:30:00,0.345861,0.336367,0.000000,29285.802243,0.000000
2026-08-12,20:30:01,0.345861,0.336367,0.000000,29285.802243,0.000000
2026-08-12,20:30:01,0.332039,0.335902,0.000000,29285.802243,0.000000
2026-08-12,20:30:02,0.349396,0.335204,0.000000,29285.802243,0.000000
2026-08-12,20:30:03,0.308574,0.330391,0.000000,29285.802243,0.000000
2026-08-12,20:30:03,0.308574,0.327799,0.000000,29285.802243,0.000000
2026-08-12,20:30:04,0.330780,0.327799,0.000000,29285.802243,0.000000
2026-08-12,20:30:05,0.308574,0.325677,0.000000,29285.802243,0.000000
2026-08-12,20:30:05,0.341610,0.328499,0.000000,29285.802243,0.000000
2026-08-12,20:30:06,0.309363,0.326392,0.000000,29285.802243,0.000000
2026-08-12,20:30:07,0.309363,0.326392,0.000000,29285.802243,0.000000
2026-08-12,20:30:07,0.337148,0.328831,0.000000,29285.802243,0.000000
2026-08-12,20:30:08,0.311761,0.327511,0.000000,29285.802243,0.000000
2026-08-12,20:30:09,0.311761,0.324101,0.000000,29285.802243,0.000000
2026-08-12,20:30:09,0.311761,0.323632,0.000000,29285.802243,0.000000
2026-08-12,20:30:10,0.327349,0.323632,0.000000,29285.802243,0.000000
2026-08-12,20:30:11,0.356688,0.324361,0.000000,29285.802243,0.000000
2026-08-12,20:30:11,0.336117,0.327115,0.000000,29285.802243,0.000000
2026-08-12,20:30:12,0.348782,0.328915,0.000000,29285.802243,0.000000
2026-08-12,20:30:13,0.348782,0.328915,0.000000,29285.802243,0.000000
2026-08-12,20:30:13,0.329210,0.330979,0.000000,29285.802243,0.000000
2026-08-12,20:30:14,0.349396,0.331758,0.000000,29285.802243,0.000000
2026-08-12,20:30:15,0.308574,0.331679,0.000000,29285.802243,0.000000
2026-08-12,20:30:15,0.308574,0.328918,0.000000,29285.802243,0.000000
2026-08-12,20:30:16,0.309539,0.328918,0.000000,29285.802243,0.000000
2026-08-12,20:30:17,0.308574,0.328599,0.000000,29285.802243,0.000000
2026-08-12,20:30:17,0.308574,0.328280,0.000000,29285.802243,0.000000
2026-08-12,20:30:18,0.343932,0.329939,0.000000,29285.802243,0.000000
2026-08-12,20:30:19,0.343932,0.328187,0.000000,29285.802243,0.000000
2026-08-12,20:30:19,0.339173,0.328187,0.000000,29285.802243,0.000000
2026-08-12,20:30:20,0.315670,0.326143,0.000000,29285.802243,0.000000
2026-08-12,20:30:21,0.307011,0.321965,0.000000,29285.802243,0.000000
2026-08-12,20:30:21,0.336753,0.322720,0.000000,29285.802243,0.000000
2026-08-12,20:30:22,0.336753,0.322720,0.000000,29285.802243,0.000000
2026-08-12,20:30:23,0.318204,0.319601,0.000000,29285.802243,0.000000
2026-08-12,20:30:23,0.354843,0.324227,0.000000,29285.802243,0.000000
2026-08-12,20:30:24,0.354843,0.328758,0.000000,29285.802243,0.000000
2026-08-12,20:30:25,0.354843,0.329239,0.000000,29285.802243,0.000000
2026-08-12,20:30:25,0.313384,0.329239,0.000000,29285.802243,0.000000
2026-08-12,20:30:26,0.313384,0.329720,0.000000,29285.802243,0.000000
2026-08-12,20:30:27,0.327421,0.328069,0.000000,29285.802243,0.000000
2026-08-12,20:30:27,0.313384,0.325490,0.000000,29285.802243,0.000000
2026-08-12,20:30:28,0.313384,0.328722,0.000000,29285.802243,0.000000
2026-08-12,20:30:29,0.347987,0.328722,0.000000,29285.802243,0.000000
2026-08-12,20:30:29,0.337541,0.331775,0.000000,29285.802243,0.000000
2026-08-12,20:30:30,0.342438,0.332343,0.000000,29285.802243,0.000000
2026-08-12,20:30:31,0.351252,0.335648,0.000000,29285.802243,0.000000
2026-08-12,20:30:31,0.351252,0.335648,0.000000,29285.802243,0.000000
2026-08-12,20:30:32,0.313384,0.331502,0.000000,29285.802243,0.000000
2026-08-12,20:30:33,0.354843,0.331502,0.000000,29285.802243,0.000000
2026-08-12,20:30:33,0.323831,0.332547,0.000000,29285.802243,0.000000
2026-08-12,20:30:34,0.323831,0.332547,0.000000,29285.802243,0.000000
2026-08-12,20:30:35,0.313384,0.332547,0.000000,29285.802243,0.000000
2026-08-12,20:30:35,0.354843,0.335289,0.000000,29285.802243,0.000000
2026-08-12,20:30:36,0.336539,0.337604,0.000000,29285.802243,0.000000
2026-08-12,20:30:37,0.338468,0.336652,0.000000,29285.802243,0.000000
2026-08-12,20:30:37,0.338468,0.336652,0.000000,29285.802243,0.000000
2026-08-12,20:30:38,0.308896,0.333788,0.000000,29285.802243,0.000000
2026-08-12,20:30:38,0.312753,0.330819,0.000000,29285.802243,0.000000
2026-08-12,20:30:39,0.345861,0.330280,0.000000,29285.802243,0.000000
2026-08-12,20:30:40,0.345861,0.332531,0.000000,29285.802243,0.000000
2026-08-12,20:30:40,0.335896,0.332531,0.000000,29285.802243,0.000000
2026-08-12,20:30:41,0.326253,0.329672,0.000000,29285.802243,0.000000
2026-08-12,20:30:42,0.349396,0.332229,0.000000,29285.802243,0.000000
2026-08-12,20:30:42,0.308574,0.331748,0.000000,29285.802243,0.000000
2026-08-12,20:30:43,0.308574,0.331748,0.000000,29285.802243,0.000000
2026-08-12,20:30:44,0.308574,0.327121,0.000000,29285.802243,0.000000
2026-08-12,20:30:44,0.309217,0.324389,0.000000,29285.802243,0.000000
2026-08-12,20:30:45,0.308574,0.321400,0.000000,29285.802243,0.000000
2026-08-12,20:30:46,0.308574,0.322042,0.000000,29285.802243,0.000000
2026-08-12,20:30:46,0.315325,0.322042,0.000000,29285.802243,0.000000
2026-08-12,20:30:47,0.317536,0.322521,0.000000,29285.802243,0.000000
2026-08-12,20:30:48,0.333082,0.321243,0.000000,29285.802243,0.000000
2026-08-12,20:30:48,0.309217,0.318575,0.000000,29285.802243,0.000000
2026-08-12,20:30:49,0.309217,0.318575,0.000000,29285.802243,0.000000
2026-08-12,20:30:50,0.315357,0.317485,0.000000,29285.802243,0.000000
2026-08-12,20:30:50,0.326443,0.315190,0.000000,29285.802243,0.000000
2026-08-12,20:30:51,0.320320,0.316365,0.000000,29285.802243,0.000000
2026-08-12,20:30:52,0.320320,0.316444,0.000000,29285.802243,0.000000
2026-08-12,20:30:52,0.309363,0.316444,0.000000,29285.802243,0.000000
2026-08-12,20:30:53,0.344167,0.319938,0.000000,29285.802243,0.000000
2026-08-12,20:30:54,0.347389,0.323820,0.000000,29285.802243,0.000000
2026-08-12,20:30:54,0.319851,0.324273,0.000000,29285.802243,0.000000
2026-08-12,20:30:55,0.319851,0.326261,0.000000,29285.802243,0.000000
2026-08-12,20:30:56,0.337416,0.326261,0.000000,29285.802243,0.000000
2026-08-12,20:30:56,0.330596,0.326012,0.000000,29285.802243,0.000000
2026-08-12,20:30:57,0.326699,0.327760,0.000000,29285.802243,0.000000
2026-08-12,20:30:58,0.353004,0.331525,0.000000,29285.802243,0.000000
2026-08-12,20:30:58,0.353004,0.331525,0.000000,29285.802243,0.000000
2026-08-12,20:30:59,0.348782,0.333759,0.000000,29285.802243,0.000000
2026-08-12,20:31:00,0.327349,0.334462,0.000000,29285.802243,0.000000
2026-08-12,20:31:00,0.353004,0.338826,0.000000,29285.802243,0.000000
2026-08-12,20:31:01,0.353004,0.339417,0.000000,29285.802243,0.000000
2026-08-12,20:31:02,0.350081,0.339417,0.000000,29285.802243,0.000000
2026-08-12,20:31:02,0.338066,0.338485,0.000000,29285.802243,0.000000
2026-08-12,20:31:03,0.311761,0.337676,0.000000,29285.802243,0.000000
2026-08-12,20:31:04,0.332545,0.337189,0.000000,29285.802243,0.000000
2026-08-12,20:31:04,0.332545,0.337189,0.000000,29285.802243,0.000000
2026-08-12,20:31:05,0.312410,0.335370,0.000000,29285.802243,0.000000
2026-08-12,20:31:06,0.311761,0.333876,0.000000,29285.802243,0.000000
2026-08-12,20:31:06,0.327674,0.331343,0.000000,29285.802243,0.000000
2026-08-12,20:31:07,0.327674,0.331051,0.000000,29285.802243,0.000000
2026-08-12,20:31:08,0.345860,0.331051,0.000000,29285.802243,0.000000
2026-08-12,20:31:08,0.346509,0.332967,0.000000,29285.802243,0.000000
2026-08-12,20:31:09,0.350406,0.332707,0.000000,29285.802243,0.000000
2026-08-12,20:31:10,0.311761,0.328875,0.000000,29285.802243,0.000000
2026-08-12,20:31:10,0.311761,0.328875,0.000000,29285.802243,0.000000
2026-08-12,20:31:11,0.319555,0.327024,0.000000,29285.802243,0.000000
2026-08-12,20:31:12,0.311761,0.327024,0.000000,29285.802243,0.000000
2026-08-12,20:31:12,0.314359,0.325205,0.000000,29285.802243,0.000000
2026-08-12,20:31:13,0.314359,0.325141,0.000000,29285.802243,0.000000
2026-08-12,20:31:14,0.311761,0.325141,0.000000,29285.802243,0.000000
2026-08-12,20:31:14,0.315008,0.325465,0.000000,29285.802243,0.000000
2026-08-12,20:31:15,0.311761,0.323874,0.000000,29285.802243,0.000000
2026-08-12,20:31:16,0.311761,0.320464,0.000000,29285.802243,0.000000
2026-08-12,20:31:16,0.311761,0.319068,0.000000,29285.802243,0.000000
2026-08-12,20:31:17,0.332545,0.319068,0.000000,29285.802243,0.000000
2026-08-12,20:31:18,0.311761,0.315203,0.000000,29285.802243,0.000000
2026-08-12,20:31:18,0.339787,0.318006,0.000000,29285.802243,0.000000
2026-08-12,20:31:19,0.327674,0.318818,0.000000,29285.802243,0.000000
2026-08-12,20:31:20,0.327674,0.318818,0.000000,29285.802243,0.000000
2026-08-12,20:31:20,0.311761,0.318818,0.000000,29285.802243,0.000000
2026-08-12,20:31:21,0.345860,0.321968,0.000000,29285.802243,0.000000
2026-08-12,20:31:22,0.353004,0.326092,0.000000,29285.802243,0.000000
2026-08-12,20:31:22,0.353004,0.329892,0.000000,29285.802243,0.000000
2026-08-12,20:31:23,0.353004,0.329892,0.000000,29285.802243,0.000000
2026-08-12,20:31:24,0.342612,0.332977,0.000000,29285.802243,0.000000
2026-08-12,20:31:24,0.353004,0.337101,0.000000,29285.802243,0.000000
2026-08-12,20:31:25,0.342343,0.338081,0.000000,29285.802243,0.000000
2026-08-12,20:31:26,0.342343,0.338081,0.000000,29285.802243,0.000000
2026-08-12,20:31:26,0.326181,0.339523,0.000000,29285.802243,0.000000
2026-08-12,20:31:27,0.312900,0.336834,0.000000,29285.802243,0.000000
2026-08-12,20:31:28,0.310957,0.335163,0.000000,29285.802243,0.000000
2026-08-12,20:31:28,0.310957,0.339196,0.000000,29285.802243,0.000000
2026-08-12,20:31:29,0.352094,0.339196,0.000000,29285.802243,0.000000
2026-08-12,20:31:30,0.352094,0.339819,0.000000,29285.802243,0.000000
2026-08-12,20:31:30,0.334278,0.337947,0.000000,29285.802243,0.000000
2026-08-12,20:31:31,0.352094,0.337856,0.000000,29285.802243,0.000000
2026-08-12,20:31:32,0.352094,0.334949,0.000000,29285.802243,0.000000
2026-08-12,20:31:32,0.313548,0.334949,0.000000,29285.802243,0.000000
2026-08-12,20:31:33,0.306237,0.330272,0.000000,29285.802243,0.000000
2026-08-12,20:31:34,0.332106,0.329249,0.000000,29285.802243,0.000000
2026-08-12,20:31:34,0.353920,0.332023,0.000000,29285.802243,0.000000
2026-08-12,20:31:35,0.353920,0.332023,0.000000,29285.802243,0.000000
2026-08-12,20:31:36,0.348509,0.335584,0.000000,29285.802243,0.000000
2026-08-12,20:31:36,0.348509,0.339339,0.000000,29285.802243,0.000000
2026-08-12,20:31:37,0.340715,0.338201,0.000000,29285.802243,0.000000
2026-08-12,20:31:38,0.340715,0.336087,0.000000,29285.802243,0.000000
2026-08-12,20:31:38,0.330954,0.336087,0.000000,29285.802243,0.000000
2026-08-12,20:31:39,0.331277,0.335787,0.000000,29285.802243,0.000000
2026-08-12,20:31:40,0.341911,0.334769,0.000000,29285.802243,0.000000
2026-08-12,20:31:40,0.317420,0.335156,0.000000,29285.802243,0.000000
2026-08-12,20:31:41,0.317420,0.335156,0.000000,29285.802243,0.000000
2026-08-12,20:31:42,0.329665,0.337499,0.000000,29285.802243,0.000000
2026-08-12,20:31:42,0.320965,0.336384,0.000000,29285.802243,0.000000
2026-08-12,20:31:43,0.329665,0.333959,0.000000,29285.802243,0.000000
2026-08-12,20:31:44,0.329665,0.331785,0.000000,29285.802243,0.000000
2026-08-12,20:31:44,0.326765,0.331785,0.000000,29285.802243,0.000000
2026-08-12,20:31:45,0.329021,0.329836,0.000000,29285.802243,0.000000
2026-08-12,20:31:46,0.350290,0.330793,0.000000,29285.802243,0.000000
2026-08-12,20:31:46,0.350290,0.332727,0.000000,29285.802243,0.000000
2026-08-12,20:31:47,0.350290,0.330536,0.000000,29285.802243,0.000000
2026-08-12,20:31:48,0.309363,0.330536,0.000000,29285.802243,0.000000
2026-08-12,20:31:48,0.346423,0.330987,0.000000,29285.802243,0.000000
2026-08-12,20:31:49,0.350290,0.334274,0.000000,29285.802243,0.000000
2026-08-12,20:31:50,0.350290,0.336336,0.000000,29285.802243,0.000000
2026-08-12,20:31:50,0.350290,0.336336,0.000000,29285.802243,0.000000
2026-08-12,20:31:51,0.344489,0.338689,0.000000,29285.802243,0.000000
2026-08-12,20:31:52,0.350290,0.340751,0.000000,29285.802243,0.000000
2026-08-12,20:31:52,0.314197,0.339494,0.000000,29285.802243,0.000000
2026-08-12,20:31:53,0.314197,0.337528,0.000000,29285.802243,0.000000
2026-08-12,20:31:54,0.309363,0.337528,0.000000,29285.802243,0.000000
2026-08-12,20:31:54,0.355771,0.338077,0.000000,29285.802243,0.000000
2026-08-12,20:31:55,0.337115,0.336759,0.000000,29285.802243,0.000000
2026-08-12,20:31:56,0.314204,0.337243,0.000000,29285.802243,0.000000
2026-08-12,20:31:56,0.314204,0.337243,0.000000,29285.802243,0.000000
2026-08-12,20:31:57,0.322362,0.334837,0.000000,29285.802243,0.000000
2026-08-12,20:31:58,0.357645,0.335573,0.000000,29285.802243,0.000000
2026-08-12,20:31:58,0.341911,0.334735,0.000000,29285.802243,0.000000
2026-08-12,20:31:59,0.341911,0.332318,0.000000,29285.802243,0.000000
2026-08-12,20:32:00,0.320320,0.332318,0.000000,29285.802243,0.000000
2026-08-12,20:32:00,0.311297,0.328419,0.000000,29285.802243,0.000000
2026-08-12,20:32:01,0.309363,0.327935,0.000000,29285.802243,0.000000
2026-08-12,20:32:02,0.346423,0.331641,0.000000,29285.802243,0.000000
2026-08-12,20:32:02,0.346423,0.329159,0.000000,29285.802243,0.000000
2026-08-12,20:32:03,0.330954,0.329159,0.000000,29285.802243,0.000000
2026-08-12,20:32:04,0.327732,0.328221,0.000000,29285.802243,0.000000
2026-08-12,20:32:04,0.349967,0.331797,0.000000,29285.802243,0.000000
2026-08-12,20:32:05,0.347067,0.334268,0.000000,29285.802243,0.000000
2026-08-12,20:32:06,0.347067,0.334268,0.000000,29285.802243,0.000000
2026-08-12,20:32:06,0.328699,0.331373,0.000000,29285.802243,0.000000
2026-08-12,20:32:07,0.350290,0.332211,0.000000,29285.802243,0.000000
2026-08-12,20:32:08,0.336111,0.333790,0.000000,29285.802243,0.000000
2026-08-12,20:32:08,0.336111,0.335692,0.000000,29285.802243,0.000000
2026-08-12,20:32:09,0.330310,0.335692,0.000000,29285.802243,0.000000
2026-08-12,20:32:09,0.345456,0.339301,0.000000,29285.802243,0.000000
2026-08-12,20:32:10,0.309363,0.335595,0.000000,29285.802243,0.000000
2026-08-12,20:32:11,0.350290,0.337528,0.000000,29285.802243,0.000000
2026-08-12,20:32:11,0.350290,0.337528,0.000000,29285.802243,0.000000
2026-08-12,20:32:12,0.358591,0.340614,0.000000,29285.802243,0.000000
2026-08-12,20:32:13,0.349432,0.340561,0.000000,29285.802243,0.000000
2026-08-12,20:32:13,0.328323,0.338686,0.000000,29285.802243,0.000000
2026-08-12,20:32:14,0.328323,0.336993,0.000000,29285.802243,0.000000
2026-08-12,20:32:15,0.311761,0.336993,0.000000,29285.802243,0.000000
2026-08-12,20:32:15,0.313385,0.333302,0.000000,29285.802243,0.000000
2026-08-12,20:32:16,0.311761,0.330867,0.000000,29285.802243,0.000000
2026-08-12,20:32:17,0.327674,0.330603,0.000000,29285.802243,0.000000
2026-08-12,20:32:17,0.327674,0.327364,0.000000,29285.802243,0.000000
2026-08-12,20:32:18,0.313060,0.327364,0.000000,29285.802243,0.000000
2026-08-12,20:32:19,0.319004,0.328328,0.000000,29285.802243,0.000000
2026-08-12,20:32:19,0.327476,0.326047,0.000000,29285.802243,0.000000
2026-08-12,20:32:20,0.310957,0.321283,0.000000,29285.802243,0.000000
2026-08-12,20:32:21,0.310957,0.321283,0.000000,29285.802243,0.000000
2026-08-12,20:32:21,0.310957,0.317436,0.000000,29285.802243,0.000000
2026-08-12,20:32:22,0.328448,0.317448,0.000000,29285.802243,0.000000
2026-08-12,20:32:23,0.331210,0.319393,0.000000,29285.802243,0.000000
2026-08-12,20:32:23,0.331210,0.323089,0.000000,29285.802243,0.000000
2026-08-12,20:32:24,0.350344,0.323089,0.000000,29285.802243,0.000000
2026-08-12,20:32:25,0.316695,0.323582,0.000000,29285.802243,0.000000
2026-08-12,20:32:25,0.331363,0.323951,0.000000,29285.802243,0.000000
2026-08-12,20:32:26,0.352094,0.327855,0.000000,29285.802243,0.000000
2026-08-12,20:32:27,0.352094,0.327855,0.000000,29285.802243,0.000000
2026-08-12,20:32:27,0.352094,0.331164,0.000000,29285.802243,0.000000
2026-08-12,20:32:28,0.310957,0.329512,0.000000,29285.802243,0.000000
2026-08-12,20:32:29,0.343348,0.332751,0.000000,29285.802243,0.000000
2026-08-12,20:32:29,0.343348,0.335472,0.000000,29285.802243,0.000000
2026-08-12,20:32:30,0.338165,0.335472,0.000000,29285.802243,0.000000
2026-08-12,20:32:31,0.335271,0.336154,0.000000,29285.802243,0.000000
2026-08-12,20:32:31,0.331804,0.336213,0.000000,29285.802243,0.000000
2026-08-12,20:32:32,0.310158,0.332195,0.000000,29285.802243,0.000000
2026-08-12,20:32:33,0.310158,0.331541,0.000000,29285.802243,0.000000
2026-08-12,20:32:33,0.310158,0.331541,0.000000,29285.802243,0.000000
2026-08-12,20:32:34,0.329219,0.331327,0.000000,29285.802243,0.000000
2026-08-12,20:32:35,0.348927,0.331010,0.000000,29285.802243,0.000000
2026-08-12,20:32:35,0.351189,0.330920,0.000000,29285.802243,0.000000
2026-08-12,20:32:36,0.351189,0.330920,0.000000,29285.802243,0.000000
2026-08-12,20:32:37,0.344727,0.334297,0.000000,29285.802243,0.000000
2026-08-12,20:32:37,0.310158,0.330978,0.000000,29285.802243,0.000000
2026-08-12,20:32:38,0.330835,0.330245,0.000000,29285.802243,0.000000
2026-08-12,20:32:39,0.330835,0.329219,0.000000,29285.802243,0.000000
2026-08-12,20:32:39,0.325019,0.329219,0.000000,29285.802243,0.000000
2026-08-12,20:32:40,0.310158,0.327055,0.000000,29285.802243,0.000000
2026-08-12,20:32:41,0.310158,0.327055,0.000000,29285.802243,0.000000
2026-08-12,20:32:41,0.325019,0.328541,0.000000,29285.802243,0.000000
2026-08-12,20:32:42,0.325019,0.328541,0.000000,29285.802243,0.000000
2026-08-12,20:32:43,0.329865,0.328605,0.000000,29285.802243,0.000000
2026-08-12,20:32:43,0.310158,0.324728,0.000000,29285.802243,0.000000
2026-08-12,20:32:44,0.314681,0.321078,0.000000,29285.802243,0.000000
2026-08-12,20:32:45,0.314681,0.319656,0.000000,29285.802243,0.000000
2026-08-12,20:32:45,0.330512,0.319656,0.000000,29285.802243,0.000000
2026-08-12,20:32:46,0.325019,0.321142,0.000000,29285.802243,0.000000
2026-08-12,20:32:47,0.351189,0.323178,0.000000,29285.802243,0.000000
2026-08-12,20:32:47,0.351189,0.325795,0.000000,29285.802243,0.000000
2026-08-12,20:32:48,0.351189,0.327507,0.000000,29285.802243,0.000000
2026-08-12,20:32:49,0.327281,0.327507,0.000000,29285.802243,0.000000
2026-08-12,20:32:49,0.326958,0.329187,0.000000,29285.802243,0.000000
2026-08-12,20:32:50,0.351189,0.331804,0.000000,29285.802243,0.000000
2026-08-12,20:32:51,0.336650,0.332482,0.000000,29285.802243,0.000000
2026-08-12,20:32:51,0.336650,0.332482,0.000000,29285.802243,0.000000
2026-08-12,20:32:52,0.331158,0.334582,0.000000,29285.802243,0.000000
2026-08-12,20:32:53,0.344727,0.337587,0.000000,29285.802243,0.000000
2026-08-12,20:32:53,0.323081,0.336844,0.000000,29285.802243,0.000000
2026-08-12,20:32:54,0.323081,0.335778,0.000000,29285.802243,0.000000
2026-08-12,20:32:55,0.314358,0.335778,0.000000,29285.802243,0.000000
2026-08-12,20:32:55,0.310158,0.331675,0.000000,29285.802243,0.000000
2026-08-12,20:32:56,0.351189,0.331675,0.000000,29285.802243,0.000000
2026-08-12,20:32:57,0.351189,0.334065,0.000000,29285.802243,0.000000
2026-08-12,20:32:57,0.351189,0.334065,0.000000,29285.802243,0.000000
2026-08-12,20:32:58,0.351189,0.336489,0.000000,29285.802243,0.000000
2026-08-12,20:32:59,0.310158,0.332385,0.000000,29285.802243,0.000000
2026-08-12,20:32:59,0.341496,0.332870,0.000000,29285.802243,0.000000
2026-08-12,20:33:00,0.341496,0.334873,0.000000,29285.802243,0.000000
2026-08-12,20:33:01,0.351189,0.334873,0.000000,29285.802243,0.000000
2026-08-12,20:33:01,0.351189,0.335519,0.000000,29285.802243,0.000000
2026-08-12,20:33:02,0.351189,0.338330,0.000000,29285.802243,0.000000
2026-08-12,20:33:03,0.317588,0.338653,0.000000,29285.802243,0.000000
2026-08-12,20:33:03,0.317588,0.339307,0.000000,29285.802243,0.000000
2026-08-12,20:33:04,0.316695,0.339307,0.000000,29285.802243,0.000000
2026-08-12,20:33:05,0.330921,0.337280,0.000000,29285.802243,0.000000
2026-08-12,20:33:05,0.346509,0.336812,0.000000,29285.802243,0.000000
2026-08-12,20:33:06,0.311761,0.332869,0.000000,29285.802243,0.000000
2026-08-12,20:33:07,0.311761,0.332869,0.000000,29285.802243,0.000000
2026-08-12,20:33:07,0.338715,0.335725,0.000000,29285.802243,0.000000
2026-08-12,20:33:08,0.311761,0.332752,0.000000,29285.802243,0.000000
2026-08-12,20:33:09,0.330596,0.330692,0.000000,29285.802243,0.000000
2026-08-12,20:33:09,0.330596,0.326750,0.000000,29285.802243,0.000000
2026-08-12,20:33:10,0.311761,0.326750,0.000000,29285.802243,0.000000
2026-08-12,20:33:11,0.346509,0.326282,0.000000,29285.802243,0.000000
2026-08-12,20:33:11,0.311761,0.325699,0.000000,29285.802243,0.000000
2026-08-12,20:33:12,0.323452,0.326375,0.000000,29285.802243,0.000000
2026-08-12,20:33:13,0.323452,0.326375,0.000000,29285.802243,0.000000
2026-08-12,20:33:13,0.340664,0.327349,0.000000,29285.802243,0.000000
2026-08-12,20:33:14,0.353004,0.327998,0.000000,29285.802243,0.000000
2026-08-12,20:33:15,0.333844,0.330207,0.000000,29285.802243,0.000000
2026-08-12,20:33:15,0.333844,0.327511,0.000000,29285.802243,0.000000
2026-08-12,20:33:16,0.311761,0.327511,0.000000,29285.802243,0.000000
2026-08-12,20:33:17,0.353004,0.331636,0.000000,29285.802243,0.000000
2026-08-12,20:33:17,0.311761,0.329752,0.000000,29285.802243,0.000000
2026-08-12,20:33:18,0.353004,0.333876,0.000000,29285.802243,0.000000
2026-08-12,20:33:19,0.353004,0.334526,0.000000,29285.802243,0.000000
2026-08-12,20:33:19,0.353004,0.334526,0.000000,29285.802243,0.000000
2026-08-12,20:33:20,0.337741,0.337124,0.000000,29285.802243,0.000000
2026-08-12,20:33:21,0.353004,0.340079,0.000000,29285.802243,0.000000
2026-08-12,20:33:21,0.331571,0.339170,0.000000,29285.802243,0.000000
2026-08-12,20:33:22,0.331571,0.339170,0.000000,29285.802243,0.000000
2026-08-12,20:33:23,0.311761,0.335045,0.000000,29285.802243,0.000000
2026-08-12,20:33:23,0.348782,0.336539,0.000000,29285.802243,0.000000
2026-08-12,20:33:24,0.353004,0.340664,0.000000,29285.802243,0.000000
2026-08-12,20:33:25,0.353004,0.340664,0.000000,29285.802243,0.000000
2026-08-12,20:33:25,0.353004,0.340664,0.000000,29285.802243,0.000000
2026-08-12,20:33:26,0.336767,0.343164,0.000000,29285.802243,0.000000
2026-08-12,20:33:27,0.327024,0.340566,0.000000,29285.802243,0.000000
2026-08-12,20:33:27,0.311761,0.336442,0.000000,29285.802243,0.000000
2026-08-12,20:33:28,0.311761,0.336442,0.000000,29285.802243,0.000000
2026-08-12,20:33:29,0.331895,0.335857,0.000000,29285.802243,0.000000
2026-08-12,20:33:29,0.349757,0.335533,0.000000,29285.802243,0.000000
2026-08-12,20:33:30,0.353004,0.337676,0.000000,29285.802243,0.000000
2026-08-12,20:33:31,0.353004,0.338228,0.000000,29285.802243,0.000000
2026-08-12,20:33:31,0.317282,0.338228,0.000000,29285.802243,0.000000
2026-08-12,20:33:32,0.334493,0.336799,0.000000,29285.802243,0.000000
2026-08-12,20:33:33,0.316632,0.333162,0.000000,29285.802243,0.000000
2026-08-12,20:33:33,0.311761,0.329037,0.000000,29285.802243,0.000000
2026-08-12,20:33:34,0.311761,0.326062,0.000000,29285.802243,0.000000
2026-08-12,20:33:35,0.307011,0.326062,0.000000,29285.802243,0.000000
2026-08-12,20:33:35,0.347626,0.328122,0.000000,29285.802243,0.000000
2026-08-12,20:33:36,0.348694,0.331816,0.000000,29285.802243,0.000000
2026-08-12,20:33:37,0.353004,0.333926,0.000000,29285.802243,0.000000
2026-08-12,20:33:37,0.353004,0.333926,0.000000,29285.802243,0.000000
2026-08-12,20:33:38,0.307331,0.329684,0.000000,29285.802243,0.000000
2026-08-12,20:33:39,0.349879,0.329371,0.000000,29285.802243,0.000000
2026-08-12,20:33:39,0.307790,0.328422,0.000000,29285.802243,0.000000
2026-08-12,20:33:40,0.307790,0.328253,0.000000,29285.802243,0.000000
2026-08-12,20:33:41,0.332798,0.328253,0.000000,29285.802243,0.000000
2026-08-12,20:33:41,0.309073,0.327497,0.000000,29285.802243,0.000000
2026-08-12,20:33:42,0.329272,0.329248,0.000000,29285.802243,0.000000
2026-08-12,20:33:43,0.307790,0.329326,0.000000,29285.802243,0.000000
2026-08-12,20:33:43,0.307790,0.329326,0.000000,29285.802243,0.000000
2026-08-12,20:33:44,0.348509,0.329414,0.000000,29285.802243,0.000000
2026-08-12,20:33:45,0.345944,0.329139,0.000000,29285.802243,0.000000
2026-08-12,20:33:45,0.348509,0.328689,0.000000,29285.802243,0.000000
2026-08-12,20:33:46,0.348509,0.332807,0.000000,29285.802243,0.000000
2026-08-12,20:33:47,0.348509,0.332807,0.000000,29285.802243,0.000000
2026-08-12,20:33:47,0.313384,0.329158,0.000000,29285.802243,0.000000
2026-08-12,20:33:48,0.331665,0.331545,0.000000,29285.802243,0.000000
2026-08-12,20:33:49,0.354843,0.333750,0.000000,29285.802243,0.000000
2026-08-12,20:33:49,0.354843,0.334181,0.000000,29285.802243,0.000000
2026-08-12,20:33:50,0.313384,0.334181,0.000000,29285.802243,0.000000
2026-08-12,20:33:51,0.348314,0.336085,0.000000,29285.802243,0.000000
2026-08-12,20:33:51,0.354843,0.340790,0.000000,29285.802243,0.000000
2026-08-12,20:33:52,0.313384,0.337278,0.000000,29285.802243,0.000000
2026-08-12,20:33:53,0.313384,0.337278,0.000000,29285.802243,0.000000
2026-08-12,20:33:53,0.315996,0.334283,0.000000,29285.802243,0.000000
2026-08-12,20:33:54,0.354843,0.334917,0.000000,29285.802243,0.000000
2026-08-12,20:33:55,0.307790,0.330845,0.000000,29285.802243,0.000000
2026-08-12,20:33:55,0.307790,0.333908,0.000000,29285.802243,0.000000
2026-08-12,20:33:56,0.344020,0.333908,0.000000,29285.802243,0.000000
2026-08-12,20:33:57,0.333950,0.334137,0.000000,29285.802243,0.000000
2026-08-12,20:33:57,0.345049,0.333157,0.000000,29285.802243,0.000000
2026-08-12,20:33:58,0.354843,0.337303,0.000000,29285.802243,0.000000
2026-08-12,20:33:59,0.354843,0.337303,0.000000,29285.802243,0.000000
2026-08-12,20:33:59,0.322218,0.334694,0.000000,29285.802243,0.000000
2026-08-12,20:34:00,0.312600,0.330469,0.000000,29285.802243,0.000000
2026-08-12,20:34:01,0.326386,0.331770,0.000000,29285.802243,0.000000
2026-08-12,20:34:01,0.326386,0.335399,0.000000,29285.802243,0.000000
2026-08-12,20:34:02,0.352292,0.335399,0.000000,29285.802243,0.000000
2026-08-12,20:34:03,0.328850,0.332800,0.000000,29285.802243,0.000000
2026-08-12,20:34:03,0.335036,0.335524,0.000000,29285.802243,0.000000
2026-08-12,20:34:04,0.348060,0.335928,0.000000,29285.802243,0.000000
2026-08-12,20:34:05,0.348060,0.333790,0.000000,29285.802243,0.000000
2026-08-12,20:34:05,0.312570,0.333790,0.000000,29285.802243,0.000000
2026-08-12,20:34:06,0.306237,0.329909,0.000000,29285.802243,0.000000
2026-08-12,20:34:07,0.306237,0.325049,0.000000,29285.802243,0.000000
2026-08-12,20:34:07,0.311761,0.324003,0.000000,29285.802243,0.000000
2026-08-12,20:34:08,0.311761,0.324003,0.000000,29285.802243,0.000000
2026-08-12,20:34:09,0.290977,0.321841,0.000000,29285.802243,0.000000
2026-08-12,20:34:09,0.321695,0.321371,0.000000,29285.802243,0.000000
2026-08-12,20:34:10,0.345878,0.320730,0.000000,29285.802243,0.000000
2026-08-12,20:34:11,0.345878,0.319738,0.000000,29285.802243,0.000000
2026-08-12,20:34:11,0.318934,0.319738,0.000000,29285.802243,0.000000
2026-08-12,20:34:12,0.331992,0.319434,0.000000,29285.802243,0.000000
2026-08-12,20:34:13,0.323504,0.316978,0.000000,29285.802243,0.000000
2026-08-12,20:34:13,0.354843,0.321206,0.000000,29285.802243,0.000000
2026-08-12,20:34:14,0.354843,0.321206,0.000000,29285.802243,0.000000
2026-08-12,20:34:15,0.313384,0.321920,0.000000,29285.802243,0.000000
2026-08-12,20:34:15,0.349620,0.326259,0.000000,29285.802243,0.000000
2026-08-12,20:34:16,0.308574,0.325940,0.000000,29285.802243,0.000000
2026-08-12,20:34:17,0.308574,0.330946,0.000000,29285.802243,0.000000
2026-08-12,20:34:17,0.341039,0.330946,0.000000,29285.802243,0.000000
2026-08-12,20:34:18,0.323682,0.331145,0.000000,29285.802243,0.000000
2026-08-12,20:34:19,0.308574,0.327415,0.000000,29285.802243,0.000000
2026-08-12,20:34:19,0.342646,0.329786,0.000000,29285.802243,0.000000
2026-08-12,20:34:20,0.342646,0.329116,0.000000,29285.802243,0.000000
2026-08-12,20:34:20,0.325289,0.329116,0.000000,29285.802243,0.000000
2026-08-12,20:34:21,0.308574,0.327623,0.000000,29285.802243,0.000000
2026-08-12,20:34:22,0.330432,0.325182,0.000000,29285.802243,0.000000
2026-08-12,20:34:22,0.348753,0.328718,0.000000,29285.802243,0.000000
2026-08-12,20:34:23,0.348753,0.328718,0.000000,29285.802243,0.000000
2026-08-12,20:34:24,0.313384,0.325095,0.000000,29285.802243,0.000000
2026-08-12,20:34:24,0.336562,0.327894,0.000000,29285.802243,0.000000
2026-08-12,20:34:25,0.354843,0.329274,0.000000,29285.802243,0.000000
2026-08-12,20:34:26,0.354843,0.330529,0.000000,29285.802243,0.000000
2026-08-12,20:34:26,0.336235,0.330529,0.000000,29285.802243,0.000000
2026-08-12,20:34:27,0.338194,0.333491,0.000000,29285.802243,0.000000
2026-08-12,20:34:28,0.354843,0.334711,0.000000,29285.802243,0.000000
2026-08-12,20:34:28,0.336562,0.335838,0.000000,29285.802243,0.000000
2026-08-12,20:34:29,0.336562,0.335838,0.000000,29285.802243,0.000000
2026-08-12,20:34:30,0.318934,0.336874,0.000000,29285.802243,0.000000
2026-08-12,20:34:30,0.313384,0.335169,0.000000,29285.802243,0.000000
2026-08-12,20:34:31,0.350599,0.335354,0.000000,29285.802243,0.000000
2026-08-12,20:34:32,0.350599,0.339141,0.000000,29285.802243,0.000000
2026-08-12,20:34:32,0.351252,0.339141,0.000000,29285.802243,0.000000
2026-08-12,20:34:33,0.308574,0.336342,0.000000,29285.802243,0.000000
2026-08-12,20:34:34,0.308574,0.331715,0.000000,29285.802243,0.000000
2026-08-12,20:34:34,0.634930,0.331715,0.000000,29285.802243,0.000000
2026-08-12,20:34:35,0.634930,0.331715,0.000000,29285.802243,0.000000
2026-08-12,20:34:36,0.652828,0.331715,0.000000,29285.802243,0.000000
2026-08-12,20:34:36,0.654435,0.331715,0.000000,29285.802243,0.000000
2026-08-12,20:34:37,0.345218,0.332613,0.000000,29285.802243,0.000000
2026-08-12,20:34:38,0.345218,0.332613,0.000000,29285.802243,0.000000
2026-08-12,20:34:38,0.617792,0.332613,0.000000,29285.802243,0.000000
2026-08-12,20:34:39,0.656364,0.332613,0.000000,29285.802243,0.000000
2026-08-12,20:34:40,0.617149,0.332613,0.000000,29285.802243,0.000000
2026-08-12,20:34:40,0.617149,0.329651,0.000000,29285.802243,0.000000
2026-08-12,20:34:41,0.308574,0.329651,0.000000,29285.802243,0.000000
2026-08-12,20:34:42,0.348111,0.328978,0.000000,29285.802243,0.000000
2026-08-12,20:34:42,0.308574,0.326180,0.000000,29285.802243,0.000000
2026-08-12,20:34:43,0.308574,0.329770,0.000000,29285.802243,0.000000
2026-08-12,20:34:44,0.354843,0.329770,0.000000,29285.802243,0.000000
2026-08-12,20:34:44,0.349396,0.333372,0.000000,29285.802243,0.000000
2026-08-12,20:34:45,0.322717,0.330583,0.000000,29285.802243,0.000000
2026-08-12,20:34:46,0.315029,0.326961,0.000000,29285.802243,0.000000
2026-08-12,20:34:46,0.315029,0.327119,0.000000,29285.802243,0.000000
2026-08-12,20:34:47,0.310158,0.327119,0.000000,29285.802243,0.000000
2026-08-12,20:34:48,0.339878,0.330250,0.000000,29285.802243,0.000000
2026-08-12,20:34:48,0.327152,0.328443,0.000000,29285.802243,0.000000
2026-08-12,20:34:49,0.335898,0.331176,0.000000,29285.802243,0.000000
2026-08-12,20:34:50,0.335898,0.331176,0.000000,29285.802243,0.000000
2026-08-12,20:34:50,0.352094,0.331574,0.000000,29285.802243,0.000000
2026-08-12,20:34:51,0.352094,0.335926,0.000000,29285.802243,0.000000
2026-08-12,20:34:52,0.319054,0.332347,0.000000,29285.802243,0.000000
2026-08-12,20:34:52,0.319054,0.328503,0.000000,29285.802243,0.000000
2026-08-12,20:34:53,0.310957,0.328503,0.000000,29285.802243,0.000000
2026-08-12,20:34:54,0.356811,0.331912,0.000000,29285.802243,0.000000
2026-08-12,20:34:54,0.316775,0.332087,0.000000,29285.802243,0.000000
2026-08-12,20:34:55,0.309363,0.332008,0.000000,29285.802243,0.000000
2026-08-12,20:34:56,0.309363,0.332008,0.000000,29285.802243,0.000000
2026-08-12,20:34:56,0.309363,0.328956,0.000000,29285.802243,0.000000
2026-08-12,20:34:57,0.338044,0.330045,0.000000,29285.802243,0.000000
2026-08-12,20:34:58,0.350290,0.331484,0.000000,29285.802243,0.000000
2026-08-12,20:34:58,0.350290,0.328758,0.000000,29285.802243,0.000000
2026-08-12,20:34:59,0.324832,0.328758,0.000000,29285.802243,0.000000
2026-08-12,20:35:00,0.313553,0.324904,0.000000,29285.802243,0.000000
2026-08-12,20:35:00,0.618727,0.324904,0.000000,29285.802243,0.000000
2026-08-12,20:35:01,0.631617,0.324904,0.000000,29285.802243,0.000000
2026-08-12,20:35:02,0.631617,0.324904,0.000000,29285.802243,0.000000
2026-08-12,20:35:02,0.650308,0.324904,0.000000,29285.802243,0.000000
2026-08-12,20:35:03,0.655786,0.324904,0.000000,29285.802243,0.000000
2026-08-12,20:35:04,0.329665,0.325965,0.000000,29285.802243,0.000000
2026-08-12,20:35:04,0.329665,0.325965,0.000000,29285.802243,0.000000
2026-08-12,20:35:05,0.659009,0.325965,0.000000,29285.802243,0.000000
2026-08-12,20:35:06,0.619371,0.325965,0.000000,29285.802243,0.000000
2026-08-12,20:35:06,0.651919,0.325965,0.000000,29285.802243,0.000000
2026-08-12,20:35:07,0.651919,0.325965,0.000000,29285.802243,0.000000
2026-08-12,20:35:08,0.646852,0.325965,0.000000,29285.802243,0.000000
2026-08-12,20:35:08,0.621913,0.325965,0.000000,29285.802243,0.000000
2026-08-12,20:35:09,0.330391,0.327909,0.000000,29285.802243,0.000000
2026-08-12,20:35:10,0.330391,0.327437,0.000000,29285.802243,0.000000
2026-08-12,20:35:10,0.352094,0.327437,0.000000,29285.802243,0.000000
2026-08-12,20:35:11,0.347883,0.330548,0.000000,29285.802243,0.000000
2026-08-12,20:35:12,0.337517,0.333363,0.000000,29285.802243,0.000000
2026-08-12,20:35:12,0.331363,0.335563,0.000000,29285.802243,0.000000
2026-08-12,20:35:13,0.331363,0.335563,0.000000,29285.802243,0.000000
2026-08-12,20:35:14,0.349178,0.336677,0.000000,29285.802243,0.000000
2026-08-12,20:35:14,0.352094,0.336857,0.000000,29285.802243,0.000000
2026-08-12,20:35:15,0.310957,0.335470,0.000000,29285.802243,0.000000
2026-08-12,20:35:16,0.310957,0.337542,0.000000,29285.802243,0.000000
2026-08-12,20:35:16,0.334278,0.337542,0.000000,29285.802243,0.000000
2026-08-12,20:35:17,0.327800,0.337356,0.000000,29285.802243,0.000000
2026-08-12,20:35:18,0.347559,0.339072,0.000000,29285.802243,0.000000
2026-08-12,20:35:18,0.310957,0.334959,0.000000,29285.802243,0.000000
2026-08-12,20:35:19,0.310957,0.335380,0.000000,29285.802243,0.000000
2026-08-12,20:35:20,0.352094,0.335380,0.000000,29285.802243,0.000000
2026-08-12,20:35:20,0.310957,0.332724,0.000000,29285.802243,0.000000
2026-08-12,20:35:21,0.337841,0.333371,0.000000,29285.802243,0.000000
2026-08-12,20:35:22,0.337841,0.333663,0.000000,29285.802243,0.000000
2026-08-12,20:35:22,0.352094,0.333663,0.000000,29285.802243,0.000000
2026-08-12,20:35:23,0.310957,0.329549,0.000000,29285.802243,0.000000
2026-08-12,20:35:24,0.345291,0.332983,0.000000,29285.802243,0.000000
2026-08-12,20:35:24,0.331363,0.332691,0.000000,29285.802243,0.000000
2026-08-12,20:35:25,0.331363,0.334635,0.000000,29285.802243,0.000000
2026-08-12,20:35:26,0.347235,0.334635,0.000000,29285.802243,0.000000
2026-08-12,20:35:26,0.352094,0.335088,0.000000,29285.802243,0.000000
2026-08-12,20:35:27,0.313224,0.335315,0.000000,29285.802243,0.000000
2026-08-12,20:35:28,0.310957,0.331201,0.000000,29285.802243,0.000000
2026-08-12,20:35:28,0.310957,0.331201,0.000000,29285.802243,0.000000
2026-08-12,20:35:29,0.310957,0.331201,0.000000,29285.802243,0.000000
2026-08-12,20:35:30,0.333954,0.330812,0.000000,29285.802243,0.000000
2026-08-12,20:35:30,0.316139,0.327217,0.000000,29285.802243,0.000000
2026-08-12,20:35:31,0.316139,0.325144,0.000000,29285.802243,0.000000
2026-08-12,20:35:31,0.290226,0.325144,0.000000,29285.802243,0.000000
2026-08-12,20:35:32,0.331363,0.323751,0.000000,29285.802243,0.000000
2026-08-12,20:35:33,0.331363,0.323751,0.000000,29285.802243,0.000000
2026-08-12,20:35:33,0.324561,0.321484,0.000000,29285.802243,0.000000
2026-08-12,20:35:34,0.324561,0.321484,0.000000,29285.802243,0.000000
2026-08-12,20:35:35,0.622561,0.321484,0.000000,29285.802243,0.000000
2026-08-12,20:35:35,0.651065,0.321484,0.000000,29285.802243,0.000000
2026-08-12,20:35:36,0.622561,0.321484,0.000000,29285.802243,0.000000
2026-08-12,20:35:37,0.622561,0.321484,0.000000,29285.802243,0.000000
2026-08-12,20:35:37,0.663050,0.321484,0.000000,29285.802243,0.000000
2026-08-12,20:35:38,0.621913,0.321484,0.000000,29285.802243,0.000000
2026-08-12,20:35:39,0.663050,0.321484,0.000000,29285.802243,0.000000
2026-08-12,20:35:39,0.663050,0.321484,0.000000,29285.802243,0.000000
2026-08-12,20:35:40,0.336546,0.319929,0.000000,29285.802243,0.000000
2026-08-12,20:35:41,0.345615,0.323168,0.000000,29285.802243,0.000000
2026-08-12,20:35:41,0.352094,0.327282,0.000000,29285.802243,0.000000
2026-08-12,20:35:42,0.352094,0.327638,0.000000,29285.802243,0.000000
2026-08-12,20:35:43,0.314520,0.327638,0.000000,29285.802243,0.000000
2026-08-12,20:35:43,0.352094,0.329452,0.000000,29285.802243,0.000000
2026-08-12,20:35:44,0.335574,0.331396,0.000000,29285.802243,0.000000
2026-08-12,20:35:45,0.330391,0.335412,0.000000,29285.802243,0.000000
2026-08-12,20:35:45,0.330391,0.335412,0.000000,29285.802243,0.000000
2026-08-12,20:35:46,0.343996,0.336675,0.000000,29285.802243,0.000000
2026-08-12,20:35:47,0.324237,0.335963,0.000000,29285.802243,0.000000
2026-08-12,20:35:47,0.344320,0.337939,0.000000,29285.802243,0.000000
2026-08-12,20:35:48,0.344320,0.337906,0.000000,29285.802243,0.000000
2026-08-12,20:35:49,0.336222,0.337906,0.000000,29285.802243,0.000000
2026-08-12,20:35:49,0.310957,0.334440,0.000000,29285.802243,0.000000
2026-08-12,20:35:50,0.346587,0.333890,0.000000,29285.802243,0.000000
2026-08-12,20:35:51,0.329744,0.335412,0.000000,29285.802243,0.000000
2026-08-12,20:35:51,0.329744,0.335412,0.000000,29285.802243,0.000000
2026-08-12,20:35:52,0.310957,0.331298,0.000000,29285.802243,0.000000
2026-08-12,20:35:53,0.334926,0.331234,0.000000,29285.802243,0.000000
2026-08-12,20:35:53,0.324885,0.330683,0.000000,29285.802243,0.000000
2026-08-12,20:35:54,0.324885,0.327444,0.000000,29285.802243,0.000000
2026-08-12,20:35:55,0.311604,0.327444,0.000000,29285.802243,0.000000
2026-08-12,20:35:55,0.351446,0.330165,0.000000,29285.802243,0.000000
2026-08-12,20:35:56,0.337194,0.329452,0.000000,29285.802243,0.000000
2026-08-12,20:35:57,0.333631,0.329193,0.000000,29285.802243,0.000000
2026-08-12,20:35:57,0.333631,0.331817,0.000000,29285.802243,0.000000
2026-08-12,20:35:58,0.337194,0.331817,0.000000,29285.802243,0.000000
2026-08-12,20:35:59,0.337517,0.330910,0.000000,29285.802243,0.000000
2026-08-12,20:35:59,0.338489,0.331784,0.000000,29285.802243,0.000000
2026-08-12,20:36:00,0.336870,0.334376,0.000000,29285.802243,0.000000
2026-08-12,20:36:01,0.336870,0.334376,0.000000,29285.802243,0.000000
2026-08-12,20:36:01,0.314844,0.332367,0.000000,29285.802243,0.000000
2026-08-12,20:36:02,0.295582,0.329437,0.000000,29285.802243,0.000000
2026-08-12,20:36:03,0.653843,0.329437,0.000000,29285.802243,0.000000
2026-08-12,20:36:03,0.653843,0.331243,0.000000,29285.802243,0.000000
2026-08-12,20:36:04,0.329665,0.331243,0.000000,29285.802243,0.000000
2026-08-12,20:36:05,0.618727,0.331243,0.000000,29285.802243,0.000000
2026-08-12,20:36:05,0.355116,0.331610,0.000000,29285.802243,0.000000
2026-08-12,20:36:06,0.328932,0.330784,0.000000,29285.802243,0.000000
2026-08-12,20:36:07,0.328932,0.330784,0.000000,29285.802243,0.000000
2026-08-12,20:36:07,0.330896,0.330511,0.000000,29285.802243,0.000000
2026-08-12,20:36:08,0.332533,0.330044,0.000000,29285.802243,0.000000
2026-08-12,20:36:09,0.327217,0.329014,0.000000,29285.802243,0.000000
2026-08-12,20:36:09,0.327217,0.330105,0.000000,29285.802243,0.000000
2026-08-12,20:36:10,0.349396,0.330105,0.000000,29285.802243,0.000000
2026-08-12,20:36:11,0.311146,0.327533,0.000000,29285.802243,0.000000
2026-08-12,20:36:11,0.308574,0.326906,0.000000,29285.802243,0.000000
2026-08-12,20:36:12,0.343932,0.331741,0.000000,29285.802243,0.000000
2026-08-12,20:36:13,0.343932,0.331741,0.000000,29285.802243,0.000000
2026-08-12,20:36:13,0.344896,0.333264,0.000000,29285.802243,0.000000
2026-08-12,20:36:14,0.349813,0.332734,0.000000,29285.802243,0.000000
2026-08-12,20:36:15,0.356705,0.335511,0.000000,29285.802243,0.000000
2026-08-12,20:36:15,0.356705,0.337450,0.000000,29285.802243,0.000000
2026-08-12,20:36:16,0.350290,0.337450,0.000000,29285.802243,0.000000
2026-08-12,20:36:17,0.324187,0.336616,0.000000,29285.802243,0.000000
2026-08-12,20:36:17,0.322576,0.336152,0.000000,29285.802243,0.000000
2026-08-12,20:36:18,0.315186,0.332731,0.000000,29285.802243,0.000000
2026-08-12,20:36:19,0.315186,0.332731,0.000000,29285.802243,0.000000
2026-08-12,20:36:19,0.314204,0.333036,0.000000,29285.802243,0.000000
2026-08-12,20:36:20,0.314204,0.333599,0.000000,29285.802243,0.000000
2026-08-12,20:36:21,0.355771,0.334783,0.000000,29285.802243,0.000000
2026-08-12,20:36:21,0.355771,0.331714,0.000000,29285.802243,0.000000
2026-08-12,20:36:22,0.314204,0.331714,0.000000,29285.802243,0.000000
2026-08-12,20:36:23,0.321432,0.328876,0.000000,29285.802243,0.000000
2026-08-12,20:36:23,0.318934,0.325099,0.000000,29285.802243,0.000000
2026-08-12,20:36:24,0.334930,0.323563,0.000000,29285.802243,0.000000
2026-08-12,20:36:25,0.334930,0.326628,0.000000,29285.802243,0.000000
2026-08-12,20:36:25,0.354843,0.326628,0.000000,29285.802243,0.000000
2026-08-12,20:36:26,0.308574,0.325228,0.000000,29285.802243,0.000000
2026-08-12,20:36:27,0.349396,0.328649,0.000000,29285.802243,0.000000
2026-08-12,20:36:27,0.329789,0.330208,0.000000,29285.802243,0.000000
2026-08-12,20:36:28,0.329789,0.330208,0.000000,29285.802243,0.000000
2026-08-12,20:36:29,0.308574,0.329645,0.000000,29285.802243,0.000000
2026-08-12,20:36:29,0.349293,0.328997,0.000000,29285.802243,0.000000
2026-08-12,20:36:30,0.354843,0.333061,0.000000,29285.802243,0.000000
2026-08-12,20:36:31,0.354843,0.333423,0.000000,29285.802243,0.000000
2026-08-12,20:36:31,0.325058,0.333423,0.000000,29285.802243,0.000000
2026-08-12,20:36:32,0.328248,0.334355,0.000000,29285.802243,0.000000
2026-08-12,20:36:33,0.346757,0.335538,0.000000,29285.802243,0.000000
2026-08-12,20:36:33,0.314849,0.331538,0.000000,29285.802243,0.000000
2026-08-12,20:36:34,0.314849,0.331538,0.000000,29285.802243,0.000000
2026-08-12,20:36:35,0.306875,0.331368,0.000000,29285.802243,0.000000
2026-08-12,20:36:35,0.306237,0.327052,0.000000,29285.802243,0.000000
2026-08-12,20:36:36,0.317536,0.325827,0.000000,29285.802243,0.000000
2026-08-12,20:36:37,0.317536,0.326146,0.000000,29285.802243,0.000000
2026-08-12,20:36:37,0.311761,0.326146,0.000000,29285.802243,0.000000
2026-08-12,20:36:38,0.346834,0.325900,0.000000,29285.802243,0.000000
2026-08-12,20:36:39,0.331895,0.323605,0.000000,29285.802243,0.000000
2026-08-12,20:36:39,0.311761,0.322275,0.000000,29285.802243,0.000000
2026-08-12,20:36:40,0.311761,0.322673,0.000000,29285.802243,0.000000
2026-08-12,20:36:41,0.332220,0.322673,0.000000,29285.802243,0.000000
2026-08-12,20:36:41,0.350731,0.323070,0.000000,29285.802243,0.000000
2026-08-12,20:36:42,0.332545,0.324839,0.000000,29285.802243,0.000000
2026-08-12,20:36:43,0.311761,0.325328,0.000000,29285.802243,0.000000
2026-08-12,20:36:43,0.311761,0.325328,0.000000,29285.802243,0.000000
2026-08-12,20:36:44,0.311761,0.325880,0.000000,29285.802243,0.000000
2026-08-12,20:36:45,0.328323,0.326959,0.000000,29285.802243,0.000000
2026-08-12,20:36:45,0.311761,0.326959,0.000000,29285.802243,0.000000
2026-08-12,20:36:46,0.311761,0.327576,0.000000,29285.802243,0.000000
2026-08-12,20:36:47,0.353004,0.327576,0.000000,29285.802243,0.000000
2026-08-12,20:36:47,0.311761,0.325563,0.000000,29285.802243,0.000000
2026-08-12,20:36:48,0.344236,0.328810,0.000000,29285.802243,0.000000
2026-08-12,20:36:48,0.305467,0.326135,0.000000,29285.802243,0.000000
2026-08-12,20:36:49,0.305467,0.326135,0.000000,29285.802243,0.000000
2026-08-12,20:36:50,0.350470,0.326109,0.000000,29285.802243,0.000000
2026-08-12,20:36:50,0.329796,0.325834,0.000000,29285.802243,0.000000
2026-08-12,20:36:51,0.310158,0.325674,0.000000,29285.802243,0.000000
2026-08-12,20:36:52,0.310158,0.327484,0.000000,29285.802243,0.000000
2026-08-12,20:36:52,0.329865,0.327484,0.000000,29285.802243,0.000000
2026-08-12,20:36:53,0.336650,0.328317,0.000000,29285.802243,0.000000
2026-08-12,20:36:54,0.357645,0.332905,0.000000,29285.802243,0.000000
2026-08-12,20:36:54,0.357645,0.333369,0.000000,29285.802243,0.000000
2026-08-12,20:36:55,0.357645,0.333369,0.000000,29285.802243,0.000000
2026-08-12,20:36:56,0.350290,0.337222,0.000000,29285.802243,0.000000
2026-08-12,20:36:56,0.349323,0.337731,0.000000,29285.802243,0.000000
2026-08-12,20:36:57,0.350290,0.342213,0.000000,29285.802243,0.000000
2026-08-12,20:36:58,0.350290,0.342195,0.000000,29285.802243,0.000000
2026-08-12,20:36:58,0.350290,0.342195,0.000000,29285.802243,0.000000
2026-08-12,20:36:59,0.620661,0.342195,0.000000,29285.802243,0.000000
2026-08-12,20:37:00,0.329665,0.342182,0.000000,29285.802243,0.000000
2026-08-12,20:37:00,0.302596,0.341426,0.000000,29285.802243,0.000000
2026-08-12,20:37:01,0.302596,0.341426,0.000000,29285.802243,0.000000
2026-08-12,20:37:02,0.310975,0.339537,0.000000,29285.802243,0.000000
2026-08-12,20:37:02,0.309363,0.336808,0.000000,29285.802243,0.000000
2026-08-12,20:37:03,0.293251,0.330369,0.000000,29285.802243,0.000000
2026-08-12,20:37:04,0.293251,0.324316,0.000000,29285.802243,0.000000
2026-08-12,20:37:04,0.297118,0.324316,0.000000,29285.802243,0.000000
2026-08-12,20:37:05,0.350290,0.324316,0.000000,29285.802243,0.000000
2026-08-12,20:37:06,0.349001,0.324284,0.000000,29285.802243,0.000000
2026-08-12,20:37:06,0.631719,0.324284,0.000000,29285.802243,0.000000
2026-08-12,20:37:07,0.631719,0.324284,0.000000,29285.802243,0.000000
2026-08-12,20:37:08,0.328699,0.322125,0.000000,29285.802243,0.000000
2026-08-12,20:37:08,0.316695,0.318765,0.000000,29285.802243,0.000000
2026-08-12,20:37:09,0.330954,0.318894,0.000000,29285.802243,0.000000
2026-08-12,20:37:10,0.330954,0.322227,0.000000,29285.802243,0.000000
2026-08-12,20:37:10,0.335930,0.322227,0.000000,29285.802243,0.000000
2026-08-12,20:37:11,0.336588,0.324789,0.000000,29285.802243,0.000000
2026-08-12,20:37:12,0.632377,0.324789,0.000000,29285.802243,0.000000
2026-08-12,20:37:12,0.318820,0.325734,0.000000,29285.802243,0.000000
2026-08-12,20:37:13,0.318820,0.325734,0.000000,29285.802243,0.000000
2026-08-12,20:37:14,0.658191,0.325734,0.000000,29285.802243,0.000000
2026-08-12,20:37:14,0.323589,0.328768,0.000000,29285.802243,0.000000
2026-08-12,20:37:15,0.323265,0.331383,0.000000,29285.802243,0.000000
2026-08-12,20:37:16,0.331039,0.329458,0.000000,29285.802243,0.000000
2026-08-12,20:37:16,0.331039,0.329458,0.000000,29285.802243,0.000000
2026-08-12,20:37:17,0.352094,0.329767,0.000000,29285.802243,0.000000
2026-08-12,20:37:18,0.349178,0.331815,0.000000,29285.802243,0.000000
2026-08-12,20:37:18,0.329744,0.333120,0.000000,29285.802243,0.000000
2026-08-12,20:37:19,0.329744,0.331153,0.000000,29285.802243,0.000000
2026-08-12,20:37:20,0.311281,0.331153,0.000000,29285.802243,0.000000
2026-08-12,20:37:20,0.339461,0.331506,0.000000,29285.802243,0.000000
2026-08-12,20:37:21,0.326504,0.330498,0.000000,29285.802243,0.000000
2026-08-12,20:37:22,0.310957,0.329711,0.000000,29285.802243,0.000000
2026-08-12,20:37:22,0.310957,0.329711,0.000000,29285.802243,0.000000
2026-08-12,20:37:23,0.340688,0.331421,0.000000,29285.802243,0.000000
2026-08-12,20:37:24,0.306237,0.329718,0.000000,29285.802243,0.000000
2026-08-12,20:37:24,0.350339,0.331648,0.000000,29285.802243,0.000000
2026-08-12,20:37:25,0.350339,0.329747,0.000000,29285.802243,0.000000
2026-08-12,20:37:26,0.333082,0.329747,0.000000,29285.802243,0.000000
2026-08-12,20:37:26,0.312570,0.326086,0.000000,29285.802243,0.000000
2026-08-12,20:37:27,0.312570,0.324369,0.000000,29285.802243,0.000000
2026-08-12,20:37:28,0.312570,0.324498,0.000000,29285.802243,0.000000
2026-08-12,20:37:28,0.312570,0.324498,0.000000,29285.802243,0.000000
2026-08-12,20:37:29,0.312570,0.321809,0.000000,29285.802243,0.000000
2026-08-12,20:37:30,0.330152,0.322174,0.000000,29285.802243,0.000000
2026-08-12,20:37:30,0.326571,0.323735,0.000000,29285.802243,0.000000
2026-08-12,20:37:31,0.326571,0.325058,0.000000,29285.802243,0.000000
2026-08-12,20:37:32,0.353920,0.325058,0.000000,29285.802243,0.000000
2026-08-12,20:37:32,0.353920,0.329827,0.000000,29285.802243,0.000000
2026-08-12,20:37:33,0.346264,0.329419,0.000000,29285.802243,0.000000
2026-08-12,20:37:34,0.343379,0.330449,0.000000,29285.802243,0.000000
2026-08-12,20:37:34,0.343379,0.330449,0.000000,29285.802243,0.000000
2026-08-12,20:37:35,0.339594,0.333151,0.000000,29285.802243,0.000000
2026-08-12,20:37:36,0.332478,0.335142,0.000000,29285.802243,0.000000
2026-08-12,20:37:36,0.331836,0.337068,0.000000,29285.802243,0.000000
2026-08-12,20:37:37,0.331836,0.338803,0.000000,29285.802243,0.000000
2026-08-12,20:37:38,0.329913,0.338803,0.000000,29285.802243,0.000000
2026-08-12,20:37:38,0.336460,0.339434,0.000000,29285.802243,0.000000
2026-08-12,20:37:39,0.350534,0.341830,0.000000,29285.802243,0.000000
2026-08-12,20:37:40,0.355771,0.342015,0.000000,29285.802243,0.000000
2026-08-12,20:37:40,0.355771,0.341840,0.000000,29285.802243,0.000000
2026-08-12,20:37:41,0.352170,0.341840,0.000000,29285.802243,0.000000
2026-08-12,20:37:42,0.346503,0.341864,0.000000,29285.802243,0.000000
2026-08-12,20:37:42,0.328825,0.340409,0.000000,29285.802243,0.000000
2026-08-12,20:37:43,0.328825,0.338134,0.000000,29285.802243,0.000000
2026-08-12,20:37:44,0.316846,0.338134,0.000000,29285.802243,0.000000
2026-08-12,20:37:44,0.319808,0.336867,0.000000,29285.802243,0.000000
2026-08-12,20:37:45,0.334177,0.337101,0.000000,29285.802243,0.000000
2026-08-12,20:37:45,0.309363,0.335046,0.000000,29285.802243,0.000000
2026-08-12,20:37:46,0.309363,0.334882,0.000000,29285.802243,0.000000
2026-08-12,20:37:47,0.334822,0.334882,0.000000,29285.802243,0.000000
2026-08-12,20:37:48,0.338424,0.333671,0.000000,29285.802243,0.000000
2026-08-12,20:37:48,0.330632,0.331157,0.000000,29285.802243,0.000000
2026-08-12,20:37:49,0.313553,0.327295,0.000000,29285.802243,0.000000
2026-08-12,20:37:49,0.313553,0.327295,0.000000,29285.802243,0.000000
2026-08-12,20:37:50,0.309363,0.323581,0.000000,29285.802243,0.000000
2026-08-12,20:37:51,0.320955,0.322794,0.000000,29285.802243,0.000000
2026-08-12,20:37:52,0.354843,0.326594,0.000000,29285.802243,0.000000
2026-08-12,20:37:52,0.354843,0.325471,0.000000,29285.802243,0.000000
2026-08-12,20:37:53,0.308574,0.325471,0.000000,29285.802243,0.000000
2026-08-12,20:37:54,0.345218,0.326575,0.000000,29285.802243,0.000000
2026-08-12,20:37:54,0.355771,0.331215,0.000000,29285.802243,0.000000
2026-08-12,20:37:55,0.310182,0.328751,0.000000,29285.802243,0.000000
2026-08-12,20:37:55,0.310182,0.325767,0.000000,29285.802243,0.000000
2026-08-12,20:37:56,0.308574,0.325767,0.000000,29285.802243,0.000000
2026-08-12,20:37:57,0.308574,0.323561,0.000000,29285.802243,0.000000
2026-08-12,20:37:57,0.338847,0.326090,0.000000,29285.802243,0.000000
2026-08-12,20:37:58,0.350272,0.330181,0.000000,29285.802243,0.000000
2026-08-12,20:37:59,0.350272,0.330181,0.000000,29285.802243,0.000000
2026-08-12,20:37:59,0.626769,0.330181,0.000000,29285.802243,0.000000
2026-08-12,20:38:00,0.629054,0.330181,0.000000,29285.802243,0.000000
2026-08-12,20:38:01,0.626769,0.330181,0.000000,29285.802243,0.000000
2026-08-12,20:38:01,0.626769,0.330181,0.000000,29285.802243,0.000000
2026-08-12,20:38:02,0.649614,0.330181,0.000000,29285.802243,0.000000
2026-08-12,20:38:03,0.653792,0.330181,0.000000,29285.802243,0.000000
2026-08-12,20:38:03,0.617149,0.330181,0.000000,29285.802243,0.000000
2026-08-12,20:38:04,0.617149,0.330181,0.000000,29285.802243,0.000000
2026-08-12,20:38:05,0.321753,0.330261,0.000000,29285.802243,0.000000
2026-08-12,20:38:05,0.313384,0.326115,0.000000,29285.802243,0.000000
2026-08-12,20:38:06,0.336888,0.328946,0.000000,29285.802243,0.000000
2026-08-12,20:38:07,0.336888,0.325080,0.000000,29285.802243,0.000000
2026-08-12,20:38:07,0.306556,0.325080,0.000000,29285.802243,0.000000
2026-08-12,20:38:08,0.346749,0.324178,0.000000,29285.802243,0.000000
2026-08-12,20:38:09,0.309427,0.324103,0.000000,29285.802243,0.000000
2026-08-12,20:38:09,0.309427,0.324502,0.000000,29285.802243,0.000000
2026-08-12,20:38:10,0.312570,0.324502,0.000000,29285.802243,0.000000
2026-08-12,20:38:11,0.329501,0.326595,0.000000,29285.802243,0.000000
2026-08-12,20:38:11,0.350665,0.327777,0.000000,29285.802243,0.000000
2026-08-12,20:38:12,0.353920,0.328141,0.000000,29285.802243,0.000000
2026-08-12,20:38:13,0.353920,0.326745,0.000000,29285.802243,0.000000
2026-08-12,20:38:13,0.307790,0.326745,0.000000,29285.802243,0.000000
2026-08-12,20:38:14,0.326969,0.328104,0.000000,29285.802243,0.000000
2026-08-12,20:38:15,0.314204,0.325835,0.000000,29285.802243,0.000000
2026-08-12,20:38:15,0.348243,0.330004,0.000000,29285.802243,0.000000
2026-08-12,20:38:16,0.348243,0.330004,0.000000,29285.802243,0.000000
2026-08-12,20:38:17,0.306237,0.325953,0.000000,29285.802243,0.000000
2026-08-12,20:38:17,0.344835,0.329493,0.000000,29285.802243,0.000000
2026-08-12,20:38:18,0.342283,0.332465,0.000000,29285.802243,0.000000
2026-08-12,20:38:19,0.342283,0.333334,0.000000,29285.802243,0.000000
2026-08-12,20:38:19,0.338194,0.333334,0.000000,29285.802243,0.000000
2026-08-12,20:38:20,0.345539,0.332822,0.000000,29285.802243,0.000000
2026-08-12,20:38:21,0.349396,0.332369,0.000000,29285.802243,0.000000
2026-08-12,20:38:21,0.312110,0.332801,0.000000,29285.802243,0.000000
2026-08-12,20:38:22,0.312110,0.332801,0.000000,29285.802243,0.000000
2026-08-12,20:38:23,0.308574,0.330962,0.000000,29285.802243,0.000000
2026-08-12,20:38:23,0.308574,0.330399,0.000000,29285.802243,0.000000
2026-08-12,20:38:24,0.321753,0.327750,0.000000,29285.802243,0.000000
2026-08-12,20:38:25,0.321753,0.332066,0.000000,29285.802243,0.000000
2026-08-12,20:38:25,0.349396,0.332066,0.000000,29285.802243,0.000000
2026-08-12,20:38:26,0.333325,0.330915,0.000000,29285.802243,0.000000
2026-08-12,20:38:27,0.327217,0.329408,0.000000,29285.802243,0.000000
2026-08-12,20:38:27,0.308574,0.326446,0.000000,29285.802243,0.000000
2026-08-12,20:38:28,0.308574,0.323231,0.000000,29285.802243,0.000000
2026-08-12,20:38:29,0.313384,0.323231,0.000000,29285.802243,0.000000
2026-08-12,20:38:29,0.341870,0.322478,0.000000,29285.802243,0.000000
2026-08-12,20:38:30,0.324600,0.323727,0.000000,29285.802243,0.000000
2026-08-12,20:38:31,0.311761,0.324046,0.000000,29285.802243,0.000000
2026-08-12,20:38:31,0.311761,0.324046,0.000000,29285.802243,0.000000
2026-08-12,20:38:32,0.311761,0.324364,0.000000,29285.802243,0.000000
2026-08-12,20:38:33,0.311761,0.323365,0.000000,29285.802243,0.000000
2026-08-12,20:38:33,0.311761,0.319601,0.000000,29285.802243,0.000000
2026-08-12,20:38:34,0.311761,0.318841,0.000000,29285.802243,0.000000
2026-08-12,20:38:35,0.325725,0.318841,0.000000,29285.802243,0.000000
2026-08-12,20:38:35,0.326050,0.318725,0.000000,29285.802243,0.000000
2026-08-12,20:38:36,0.342287,0.322096,0.000000,29285.802243,0.000000
2026-08-12,20:38:37,0.342612,0.325019,0.000000,29285.802243,0.000000
2026-08-12,20:38:37,0.342612,0.325019,0.000000,29285.802243,0.000000
2026-08-12,20:38:38,0.332545,0.324086,0.000000,29285.802243,0.000000
2026-08-12,20:38:39,0.290977,0.320724,0.000000,29285.802243,0.000000
2026-08-12,20:38:39,0.290977,0.318645,0.000000,29285.802243,0.000000
2026-08-12,20:38:40,0.290977,0.316567,0.000000,29285.802243,0.000000
2026-08-12,20:38:41,0.290977,0.316567,0.000000,29285.802243,0.000000
2026-08-12,20:38:41,0.332220,0.318613,0.000000,29285.802243,0.000000
2026-08-12,20:38:42,0.623522,0.318613,0.000000,29285.802243,0.000000
2026-08-12,20:38:43,0.623522,0.318613,0.000000,29285.802243,0.000000
2026-08-12,20:38:43,0.623522,0.318613,0.000000,29285.802243,0.000000
2026-08-12,20:38:44,0.624171,0.318613,0.000000,29285.802243,0.000000
2026-08-12,20:38:45,0.629042,0.318613,0.000000,29285.802243,0.000000
2026-08-12,20:38:45,0.623522,0.318613,0.000000,29285.802243,0.000000
2026-08-12,20:38:46,0.623522,0.318613,0.000000,29285.802243,0.000000
2026-08-12,20:38:47,0.652986,0.318613,0.000000,29285.802243,0.000000
2026-08-12,20:38:47,0.336861,0.321123,0.000000,29285.802243,0.000000
2026-08-12,20:38:48,0.646287,0.321123,0.000000,29285.802243,0.000000
2026-08-12,20:38:49,0.646287,0.321123,0.000000,29285.802243,0.000000
2026-08-12,20:38:49,0.668240,0.321123,0.000000,29285.802243,0.000000
2026-08-12,20:38:50,0.655408,0.321123,0.000000,29285.802243,0.000000
2026-08-12,20:38:51,0.309279,0.319478,0.000000,29285.802243,0.000000
2026-08-12,20:38:51,0.631719,0.319478,0.000000,29285.802243,0.000000
2026-08-12,20:38:52,0.631719,0.319478,0.000000,29285.802243,0.000000
2026-08-12,20:38:53,0.356658,0.322539,0.000000,29285.802243,0.000000
2026-08-12,20:38:53,0.357645,0.324075,0.000000,29285.802243,0.000000
2026-08-12,20:38:54,0.617470,0.324075,0.000000,29285.802243,0.000000
2026-08-12,20:38:55,0.617470,0.324075,0.000000,29285.802243,0.000000
2026-08-12,20:38:55,0.648971,0.324075,0.000000,29285.802243,0.000000
2026-08-12,20:38:56,0.663657,0.324075,0.000000,29285.802243,0.000000
2026-08-12,20:38:57,0.292492,0.319063,0.000000,29285.802243,0.000000
2026-08-12,20:38:57,0.292819,0.315090,0.000000,29285.802243,0.000000
2026-08-12,20:38:58,0.292819,0.315090,0.000000,29285.802243,0.000000
2026-08-12,20:38:59,0.333950,0.319388,0.000000,29285.802243,0.000000
2026-08-12,20:38:59,0.333950,0.323685,0.000000,29285.802243,0.000000
2026-08-12,20:39:00,0.333950,0.327982,0.000000,29285.802243,0.000000
2026-08-12,20:39:01,0.333950,0.327982,0.000000,29285.802243,0.000000
2026-08-12,20:39:01,0.663657,0.327982,0.000000,29285.802243,0.000000
2026-08-12,20:39:02,0.333950,0.328155,0.000000,29285.802243,0.000000
2026-08-12,20:39:03,0.333950,0.327864,0.000000,29285.802243,0.000000
2026-08-12,20:39:03,0.331992,0.330136,0.000000,29285.802243,0.000000
2026-08-12,20:39:04,0.331992,0.327408,0.000000,29285.802243,0.000000
2026-08-12,20:39:05,0.329380,0.327408,0.000000,29285.802243,0.000000
2026-08-12,20:39:05,0.347661,0.326409,0.000000,29285.802243,0.000000
2026-08-12,20:39:06,0.333119,0.330472,0.000000,29285.802243,0.000000
2026-08-12,20:39:07,0.292492,0.330440,0.000000,29285.802243,0.000000
2026-08-12,20:39:07,0.292492,0.330440,0.000000,29285.802243,0.000000
2026-08-12,20:39:08,0.626769,0.330440,0.000000,29285.802243,0.000000
2026-08-12,20:39:09,0.668227,0.330440,0.000000,29285.802243,0.000000
2026-08-12,20:39:09,0.626769,0.330440,0.000000,29285.802243,0.000000
2026-08-12,20:39:10,0.626769,0.330440,0.000000,29285.802243,0.000000
2026-08-12,20:39:11,0.304244,0.327469,0.000000,29285.802243,0.000000
2026-08-12,20:39:11,0.646682,0.327469,0.000000,29285.802243,0.000000
2026-08-12,20:39:12,0.322218,0.326296,0.000000,29285.802243,0.000000
2026-08-12,20:39:13,0.322218,0.326296,0.000000,29285.802243,0.000000
2026-08-12,20:39:13,0.288553,0.321756,0.000000,29285.802243,0.000000
2026-08-12,20:39:14,0.652451,0.321756,0.000000,29285.802243,0.000000
2026-08-12,20:39:15,0.629688,0.321756,0.000000,29285.802243,0.000000
2026-08-12,20:39:15,0.629688,0.322410,0.000000,29285.802243,0.000000
2026-08-12,20:39:16,0.340493,0.322410,0.000000,29285.802243,0.000000
2026-08-12,20:39:17,0.314204,0.320436,0.000000,29285.802243,0.000000
2026-08-12,20:39:17,0.334863,0.320723,0.000000,29285.802243,0.000000
2026-08-12,20:39:18,0.327222,0.320507,0.000000,29285.802243,0.000000
2026-08-12,20:39:19,0.327222,0.320507,0.000000,29285.802243,0.000000
2026-08-12,20:39:19,0.330478,0.318789,0.000000,29285.802243,0.000000
2026-08-12,20:39:20,0.353920,0.320869,0.000000,29285.802243,0.000000
2026-08-12,20:39:21,0.351316,0.326751,0.000000,29285.802243,0.000000
2026-08-12,20:39:21,0.351316,0.331133,0.000000,29285.802243,0.000000
2026-08-12,20:39:22,0.348060,0.331133,0.000000,29285.802243,0.000000
2026-08-12,20:39:23,0.337966,0.332708,0.000000,29285.802243,0.000000
2026-08-12,20:39:23,0.338943,0.337747,0.000000,29285.802243,0.000000
2026-08-12,20:39:24,0.353920,0.339089,0.000000,29285.802243,0.000000
2026-08-12,20:39:25,0.353920,0.339089,0.000000,29285.802243,0.000000
2026-08-12,20:39:25,0.330803,0.340749,0.000000,29285.802243,0.000000
2026-08-12,20:39:26,0.312570,0.338520,0.000000,29285.802243,0.000000
2026-08-12,20:39:27,0.312570,0.337055,0.000000,29285.802243,0.000000
2026-08-12,20:39:27,0.312570,0.335752,0.000000,29285.802243,0.000000
2026-08-12,20:39:28,0.317454,0.335752,0.000000,29285.802243,0.000000
2026-08-12,20:39:28,0.312570,0.331617,0.000000,29285.802243,0.000000
2026-08-12,20:39:29,0.307790,0.327265,0.000000,29285.802243,0.000000
2026-08-12,20:39:30,0.319851,0.324444,0.000000,29285.802243,0.000000
2026-08-12,20:39:30,0.319851,0.324444,0.000000,29285.802243,0.000000
2026-08-12,20:39:31,0.350290,0.325676,0.000000,29285.802243,0.000000
2026-08-12,20:39:32,0.322254,0.324007,0.000000,29285.802243,0.000000
2026-08-12,20:39:32,0.324187,0.321034,0.000000,29285.802243,0.000000
2026-08-12,20:39:33,0.324187,0.321661,0.000000,29285.802243,0.000000
2026-08-12,20:39:34,0.337077,0.321661,0.000000,29285.802243,0.000000
2026-08-12,20:39:34,0.328483,0.323253,0.000000,29285.802243,0.000000
2026-08-12,20:39:35,0.325665,0.324562,0.000000,29285.802243,0.000000
2026-08-12,20:39:36,0.329865,0.325803,0.000000,29285.802243,0.000000
2026-08-12,20:39:36,0.329865,0.329310,0.000000,29285.802243,0.000000
2026-08-12,20:39:37,0.347635,0.329310,0.000000,29285.802243,0.000000
2026-08-12,20:39:38,0.310158,0.329547,0.000000,29285.802243,0.000000
2026-08-12,20:39:38,0.310158,0.328577,0.000000,29285.802243,0.000000
2026-08-12,20:39:39,0.310158,0.324564,0.000000,29285.802243,0.000000
2026-08-12,20:39:40,0.310158,0.324564,0.000000,29285.802243,0.000000
2026-08-12,20:39:40,0.351189,0.327458,0.000000,29285.802243,0.000000
2026-08-12,20:39:41,0.310804,0.326119,0.000000,29285.802243,0.000000
2026-08-12,20:39:42,0.310158,0.323427,0.000000,29285.802243,0.000000
2026-08-12,20:39:42,0.310158,0.323113,0.000000,29285.802243,0.000000
2026-08-12,20:39:43,0.325342,0.323113,0.000000,29285.802243,0.000000
2026-08-12,20:39:44,0.351189,0.325665,0.000000,29285.802243,0.000000
2026-08-12,20:39:44,0.310158,0.323695,0.000000,29285.802243,0.000000
2026-08-12,20:39:45,0.310158,0.319947,0.000000,29285.802243,0.000000
2026-08-12,20:39:46,0.310158,0.319947,0.000000,29285.802243,0.000000
2026-08-12,20:39:46,0.335681,0.322499,0.000000,29285.802243,0.000000
2026-08-12,20:39:47,0.351189,0.326602,0.000000,29285.802243,0.000000
2026-08-12,20:39:48,0.316296,0.327216,0.000000,29285.802243,0.000000
2026-08-12,20:39:48,0.316296,0.327216,0.000000,29285.802243,0.000000
2026-08-12,20:39:49,0.351189,0.327216,0.000000,29285.802243,0.000000
2026-08-12,20:39:50,0.310158,0.327152,0.000000,29285.802243,0.000000
2026-08-12,20:39:50,0.310158,0.327152,0.000000,29285.802243,0.000000
2026-08-12,20:39:51,0.310158,0.325633,0.000000,29285.802243,0.000000
2026-08-12,20:39:52,0.310158,0.325633,0.000000,29285.802243,0.000000
2026-08-12,20:39:52,0.310158,0.321530,0.000000,29285.802243,0.000000
2026-08-12,20:39:53,0.343435,0.324858,0.000000,29285.802243,0.000000
2026-08-12,20:39:54,0.324696,0.326312,0.000000,29285.802243,0.000000
2026-08-12,20:39:54,0.324696,0.327862,0.000000,29285.802243,0.000000
2026-08-12,20:39:55,0.351189,0.327862,0.000000,29285.802243,0.000000
2026-08-12,20:39:56,0.344081,0.327152,0.000000,29285.802243,0.000000
2026-08-12,20:39:56,0.316296,0.327152,0.000000,29285.802243,0.000000
2026-08-12,20:39:57,0.310804,0.323113,0.000000,29285.802243,0.000000
2026-08-12,20:39:58,0.310804,0.327216,0.000000,29285.802243,0.000000
2026-08-12,20:39:58,0.351189,0.327216,0.000000,29285.802243,0.000000
2026-08-12,20:39:59,0.344081,0.330609,0.000000,29285.802243,0.000000
2026-08-12,20:40:00,0.344404,0.334033,0.000000,29285.802243,0.000000
2026-08-12,20:40:00,0.341819,0.337199,0.000000,29285.802243,0.000000
2026-08-12,20:40:01,0.341819,0.337199,0.000000,29285.802243,0.000000
2026-08-12,20:40:02,0.351189,0.337975,0.000000,29285.802243,0.000000
2026-08-12,20:40:02,0.310158,0.336521,0.000000,29285.802243,0.000000
2026-08-12,20:40:03,0.310158,0.332418,0.000000,29285.802243,0.000000
2026-08-12,20:40:04,0.310158,0.329316,0.000000,29285.802243,0.000000
2026-08-12,20:40:04,0.313065,0.329316,0.000000,29285.802243,0.000000
2026-08-12,20:40:05,0.348604,0.332547,0.000000,29285.802243,0.000000
2026-08-12,20:40:06,0.331804,0.334647,0.000000,29285.802243,0.000000
2026-08-12,20:40:06,0.310158,0.330544,0.000000,29285.802243,0.000000
2026-08-12,20:40:07,0.310158,0.330544,0.000000,29285.802243,0.000000
2026-08-12,20:40:08,0.329865,0.329122,0.000000,29285.802243,0.000000
2026-08-12,20:40:08,0.310158,0.325698,0.000000,29285.802243,0.000000
2026-08-12,20:40:09,0.333742,0.324890,0.000000,29285.802243,0.000000
2026-08-12,20:40:10,0.333742,0.321498,0.000000,29285.802243,0.000000
2026-08-12,20:40:10,0.317265,0.321498,0.000000,29285.802243,0.000000
2026-08-12,20:40:11,0.347312,0.325213,0.000000,29285.802243,0.000000
2026-08-12,20:40:12,0.331804,0.327378,0.000000,29285.802243,0.000000
2026-08-12,20:40:12,0.310158,0.327087,0.000000,29285.802243,0.000000
2026-08-12,20:40:13,0.310158,0.327152,0.000000,29285.802243,0.000000
2026-08-12,20:40:14,0.349250,0.327152,0.000000,29285.802243,0.000000
2026-08-12,20:40:14,0.310158,0.324987,0.000000,29285.802243,0.000000
2026-08-12,20:40:15,0.351189,0.329090,0.000000,29285.802243,0.000000
2026-08-12,20:40:16,0.312742,0.327378,0.000000,29285.802243,0.000000
2026-08-12,20:40:16,0.312742,0.327378,0.000000,29285.802243,0.000000
2026-08-12,20:40:17,0.347635,0.331125,0.000000,29285.802243,0.000000
2026-08-12,20:40:18,0.342426,0.331994,0.000000,29285.802243,0.000000
2026-08-12,20:40:18,0.316695,0.331937,0.000000,29285.802243,0.000000
2026-08-12,20:40:19,0.316695,0.331792,0.000000,29285.802243,0.000000
2026-08-12,20:40:20,0.345860,0.331792,0.000000,29285.802243,0.000000
2026-08-12,20:40:20,0.314684,0.330080,0.000000,29285.802243,0.000000
2026-08-12,20:40:21,0.330596,0.332123,0.000000,29285.802243,0.000000
2026-08-12,20:40:22,0.313709,0.328569,0.000000,29285.802243,0.000000
2026-08-12,20:40:22,0.313709,0.328569,0.000000,29285.802243,0.000000
2026-08-12,20:40:23,0.311761,0.328730,0.000000,29285.802243,0.000000
2026-08-12,20:40:24,0.353004,0.328911,0.000000,29285.802243,0.000000
2026-08-12,20:40:24,0.349757,0.332613,0.000000,29285.802243,0.000000
2026-08-12,20:40:25,0.349757,0.328614,0.000000,29285.802243,0.000000
2026-08-12,20:40:26,0.307651,0.328614,0.000000,29285.802243,0.000000
2026-08-12,20:40:26,0.313384,0.325710,0.000000,29285.802243,0.000000
2026-08-12,20:40:27,0.339826,0.328023,0.000000,29285.802243,0.000000
2026-08-12,20:40:28,0.348509,0.328288,0.000000,29285.802243,0.000000
2026-08-12,20:40:28,0.348509,0.328467,0.000000,29285.802243,0.000000
2026-08-12,20:40:29,0.316477,0.328467,0.000000,29285.802243,0.000000
2026-08-12,20:40:30,0.318105,0.327218,0.000000,29285.802243,0.000000
2026-08-12,20:40:30,0.312570,0.327104,0.000000,29285.802243,0.000000
2026-08-12,20:40:31,0.312570,0.327185,0.000000,29285.802243,0.000000
2026-08-12,20:40:32,0.312570,0.327185,0.000000,29285.802243,0.000000
2026-08-12,20:40:32,0.312570,0.323142,0.000000,29285.802243,0.000000
2026-08-12,20:40:33,0.353920,0.323558,0.000000,29285.802243,0.000000
2026-08-12,20:40:34,0.312570,0.324050,0.000000,29285.802243,0.000000
2026-08-12,20:40:34,0.312570,0.326053,0.000000,29285.802243,0.000000
2026-08-12,20:40:35,0.333408,0.326053,0.000000,29285.802243,0.000000
2026-08-12,20:40:36,0.353920,0.327462,0.000000,29285.802243,0.000000
2026-08-12,20:40:36,0.320384,0.324650,0.000000,29285.802243,0.000000
2026-08-12,20:40:37,0.357228,0.328725,0.000000,29285.802243,0.000000
2026-08-12,20:40:38,0.357228,0.328171,0.000000,29285.802243,0.000000
2026-08-12,20:40:38,0.312570,0.328171,0.000000,29285.802243,0.000000
2026-08-12,20:40:39,0.313221,0.328236,0.000000,29285.802243,0.000000
2026-08-12,20:40:40,0.326896,0.329669,0.000000,29285.802243,0.000000
2026-08-12,20:40:40,0.333082,0.331720,0.000000,29285.802243,0.000000
2026-08-12,20:40:41,0.333082,0.331720,0.000000,29285.802243,0.000000
2026-08-12,20:40:42,0.633931,0.331720,0.000000,29285.802243,0.000000
2026-08-12,20:40:42,0.662258,0.331720,0.000000,29285.802243,0.000000
2026-08-12,20:40:43,0.626117,0.331720,0.000000,29285.802243,0.000000
2026-08-12,20:40:44,0.626117,0.331720,0.000000,29285.802243,0.000000
2026-08-12,20:40:44,0.662909,0.331720,0.000000,29285.802243,0.000000
2026-08-12,20:40:45,0.625140,0.331720,0.000000,29285.802243,0.000000
2026-08-12,20:40:46,0.660630,0.331720,0.000000,29285.802243,0.000000
2026-08-12,20:40:46,0.660630,0.331720,0.000000,29285.802243,0.000000
2026-08-12,20:40:47,0.625140,0.331720,0.000000,29285.802243,0.000000
2026-08-12,20:40:48,0.666490,0.331720,0.000000,29285.802243,0.000000
2026-08-12,20:40:48,0.625140,0.331720,0.000000,29285.802243,0.000000
2026-08-12,20:40:49,0.625140,0.327585,0.000000,29285.802243,0.000000
2026-08-12,20:40:50,0.312570,0.327585,0.000000,29285.802243,0.000000
2026-08-12,20:40:50,0.636100,0.327585,0.000000,29285.802243,0.000000
2026-08-12,20:40:51,0.619108,0.327585,0.000000,29285.802243,0.000000
2026-08-12,20:40:52,0.619108,0.327909,0.000000,29285.802243,0.000000
2026-08-12,20:40:52,0.315806,0.327909,0.000000,29285.802243,0.000000
2026-08-12,20:40:53,0.327027,0.327271,0.000000,29285.802243,0.000000
2026-08-12,20:40:54,0.345302,0.326409,0.000000,29285.802243,0.000000
2026-08-12,20:40:54,0.345302,0.325627,0.000000,29285.802243,0.000000
2026-08-12,20:40:55,0.312570,0.325627,0.000000,29285.802243,0.000000
2026-08-12,20:40:56,0.319733,0.321878,0.000000,29285.802243,0.000000
2026-08-12,20:40:56,0.353920,0.326013,0.000000,29285.802243,0.000000
2026-08-12,20:40:57,0.633605,0.326013,0.000000,29285.802243,0.000000
2026-08-12,20:40:58,0.633605,0.326013,0.000000,29285.802243,0.000000
2026-08-12,20:40:58,0.654444,0.326013,0.000000,29285.802243,0.000000
2026-08-12,20:40:59,0.353920,0.330083,0.000000,29285.802243,0.000000
2026-08-12,20:41:00,0.312570,0.328650,0.000000,29285.802243,0.000000
2026-08-12,20:41:00,0.312570,0.328715,0.000000,29285.802243,0.000000
2026-08-12,20:41:01,0.333734,0.328715,0.000000,29285.802243,0.000000
2026-08-12,20:41:02,0.353920,0.332850,0.000000,29285.802243,0.000000
2026-08-12,20:41:02,0.334059,0.334676,0.000000,29285.802243,0.000000
2026-08-12,20:41:03,0.347626,0.336736,0.000000,29285.802243,0.000000
2026-08-12,20:41:04,0.347626,0.336736,0.000000,29285.802243,0.000000
2026-08-12,20:41:04,0.307011,0.332906,0.000000,29285.802243,0.000000
2026-08-12,20:41:05,0.325240,0.334173,0.000000,29285.802243,0.000000
2026-08-12,20:41:06,0.354843,0.337684,0.000000,29285.802243,0.000000
2026-08-12,20:41:06,0.354843,0.333631,0.000000,29285.802243,0.000000
2026-08-12,20:41:07,0.313384,0.333631,0.000000,29285.802243,0.000000
2026-08-12,20:41:08,0.354843,0.333723,0.000000,29285.802243,0.000000
2026-08-12,20:41:08,0.307011,0.333167,0.000000,29285.802243,0.000000
2026-08-12,20:41:09,0.339631,0.333757,0.000000,29285.802243,0.000000
2026-08-12,20:41:10,0.339631,0.330729,0.000000,29285.802243,0.000000
2026-08-12,20:41:10,0.323641,0.330729,0.000000,29285.802243,0.000000
2026-08-12,20:41:11,0.320443,0.329367,0.000000,29285.802243,0.000000
2026-08-12,20:41:12,0.615621,0.329367,0.000000,29285.802243,0.000000
2026-08-12,20:41:12,0.650800,0.329367,0.000000,29285.802243,0.000000
2026-08-12,20:41:13,0.650800,0.329367,0.000000,29285.802243,0.000000
2026-08-12,20:41:14,0.286544,0.323259,0.000000,29285.802243,0.000000
2026-08-12,20:41:14,0.286544,0.321212,0.000000,29285.802243,0.000000
2026-08-12,20:41:15,0.347626,0.323451,0.000000,29285.802243,0.000000
2026-08-12,20:41:15,0.347626,0.322729,0.000000,29285.802243,0.000000
2026-08-12,20:41:16,0.347626,0.322729,0.000000,29285.802243,0.000000
2026-08-12,20:41:17,0.317955,0.323186,0.000000,29285.802243,0.000000
2026-08-12,20:41:17,0.313384,0.319041,0.000000,29285.802243,0.000000
2026-08-12,20:41:18,0.348509,0.323190,0.000000,29285.802243,0.000000
2026-08-12,20:41:19,0.348509,0.323190,0.000000,29285.802243,0.000000
2026-08-12,20:41:19,0.313384,0.320566,0.000000,29285.802243,0.000000
2026-08-12,20:41:20,0.313384,0.319540,0.000000,29285.802243,0.000000
2026-08-12,20:41:21,0.346355,0.322131,0.000000,29285.802243,0.000000
2026-08-12,20:41:21,0.346355,0.326019,0.000000,29285.802243,0.000000
2026-08-12,20:41:22,0.325424,0.326019,0.000000,29285.802243,0.000000
2026-08-12,20:41:23,0.331516,0.330516,0.000000,29285.802243,0.000000
2026-08-12,20:41:23,0.356705,0.331424,0.000000,29285.802243,0.000000
2026-08-12,20:41:24,0.310158,0.327677,0.000000,29285.802243,0.000000
2026-08-12,20:41:25,0.310158,0.327677,0.000000,29285.802243,0.000000
2026-08-12,20:41:25,0.351189,0.331001,0.000000,29285.802243,0.000000
2026-08-12,20:41:26,0.311450,0.330807,0.000000,29285.802243,0.000000
2026-08-12,20:41:27,0.310158,0.326972,0.000000,29285.802243,0.000000
2026-08-12,20:41:27,0.310158,0.326650,0.000000,29285.802243,0.000000
2026-08-12,20:41:28,0.310158,0.326650,0.000000,29285.802243,0.000000
2026-08-12,20:41:29,0.351189,0.330430,0.000000,29285.802243,0.000000
2026-08-12,20:41:29,0.310158,0.326810,0.000000,29285.802243,0.000000
2026-08-12,20:41:30,0.333406,0.327608,0.000000,29285.802243,0.000000
2026-08-12,20:41:31,0.333406,0.330127,0.000000,29285.802243,0.000000
2026-08-12,20:41:31,0.356705,0.330127,0.000000,29285.802243,0.000000
2026-08-12,20:41:32,0.333533,0.327810,0.000000,29285.802243,0.000000
2026-08-12,20:41:33,0.350290,0.331823,0.000000,29285.802243,0.000000
2026-08-12,20:41:33,0.309363,0.327641,0.000000,29285.802243,0.000000
2026-08-12,20:41:34,0.309363,0.327641,0.000000,29285.802243,0.000000
2026-08-12,20:41:35,0.350290,0.331525,0.000000,29285.802243,0.000000
2026-08-12,20:41:35,0.323220,0.332831,0.000000,29285.802243,0.000000
2026-08-12,20:41:36,0.329021,0.334717,0.000000,29285.802243,0.000000
2026-08-12,20:41:37,0.329021,0.330970,0.000000,29285.802243,0.000000
2026-08-12,20:41:37,0.313716,0.330970,0.000000,29285.802243,0.000000
2026-08-12,20:41:38,0.346204,0.334575,0.000000,29285.802243,0.000000
2026-08-12,20:41:39,0.653915,0.334575,0.000000,29285.802243,0.000000
2026-08-12,20:41:39,0.334389,0.334673,0.000000,29285.802243,0.000000
2026-08-12,20:41:40,0.334389,0.334673,0.000000,29285.802243,0.000000
2026-08-12,20:41:41,0.310158,0.330018,0.000000,29285.802243,0.000000
2026-08-12,20:41:41,0.336650,0.330330,0.000000,29285.802243,0.000000
2026-08-12,20:41:42,0.351189,0.330420,0.000000,29285.802243,0.000000
2026-08-12,20:41:43,0.351189,0.330499,0.000000,29285.802243,0.000000
2026-08-12,20:41:43,0.310158,0.330499,0.000000,29285.802243,0.000000
2026-08-12,20:41:44,0.351189,0.330589,0.000000,29285.802243,0.000000
2026-08-12,20:41:45,0.311127,0.329380,0.000000,29285.802243,0.000000
2026-08-12,20:41:45,0.310158,0.327494,0.000000,29285.802243,0.000000
2026-08-12,20:41:46,0.310158,0.327494,0.000000,29285.802243,0.000000
2026-08-12,20:41:47,0.310158,0.327138,0.000000,29285.802243,0.000000
2026-08-12,20:41:47,0.357645,0.328282,0.000000,29285.802243,0.000000
2026-08-12,20:41:48,0.315859,0.326429,0.000000,29285.802243,0.000000
2026-08-12,20:41:49,0.315859,0.331178,0.000000,29285.802243,0.000000
2026-08-12,20:41:49,0.357645,0.331178,0.000000,29285.802243,0.000000
2026-08-12,20:41:50,0.351770,0.332690,0.000000,29285.802243,0.000000
2026-08-12,20:41:51,0.310957,0.328666,0.000000,29285.802243,0.000000
2026-08-12,20:41:51,0.325857,0.330236,0.000000,29285.802243,0.000000
2026-08-12,20:41:52,0.325857,0.329258,0.000000,29285.802243,0.000000
2026-08-12,20:41:53,0.341404,0.329258,0.000000,29285.802243,0.000000
2026-08-12,20:41:53,0.335250,0.331670,0.000000,29285.802243,0.000000
2026-08-12,20:41:54,0.321322,0.332787,0.000000,29285.802243,0.000000
2026-08-12,20:41:55,0.310957,0.332866,0.000000,29285.802243,0.000000
2026-08-12,20:41:55,0.310957,0.332866,0.000000,29285.802243,0.000000
2026-08-12,20:41:56,0.310957,0.328198,0.000000,29285.802243,0.000000
2026-08-12,20:41:57,0.310957,0.327707,0.000000,29285.802243,0.000000
2026-08-12,20:41:57,0.314196,0.323362,0.000000,29285.802243,0.000000
2026-08-12,20:41:58,0.314196,0.323006,0.000000,29285.802243,0.000000
2026-08-12,20:41:59,0.348207,0.323006,0.000000,29285.802243,0.000000
2026-08-12,20:41:59,0.352094,0.327120,0.000000,29285.802243,0.000000
2026-08-12,20:42:00,0.349178,0.329452,0.000000,29285.802243,0.000000
2026-08-12,20:42:01,0.338489,0.329161,0.000000,29285.802243,0.000000
2026-08-12,20:42:01,0.338489,0.329161,0.000000,29285.802243,0.000000
2026-08-12,20:42:02,0.336650,0.329301,0.000000,29285.802243,0.000000
2026-08-12,20:42:03,0.345535,0.331722,0.000000,29285.802243,0.000000
2026-08-12,20:42:03,0.332870,0.333913,0.000000,29285.802243,0.000000
2026-08-12,20:42:04,0.332870,0.333994,0.000000,29285.802243,0.000000
2026-08-12,20:42:05,0.311761,0.333994,0.000000,29285.802243,0.000000
2026-08-12,20:42:05,0.335474,0.336445,0.000000,29285.802243,0.000000
2026-08-12,20:42:06,0.353920,0.340418,0.000000,29285.802243,0.000000
2026-08-12,20:42:07,0.328524,0.338450,0.000000,29285.802243,0.000000
2026-08-12,20:42:07,0.328524,0.334497,0.000000,29285.802243,0.000000
2026-08-12,20:42:08,0.312570,0.334497,0.000000,29285.802243,0.000000
2026-08-12,20:42:09,0.345781,0.334157,0.000000,29285.802243,0.000000
2026-08-12,20:42:09,0.312570,0.331565,0.000000,29285.802243,0.000000
2026-08-12,20:42:10,0.327547,0.330655,0.000000,29285.802243,0.000000
2026-08-12,20:42:11,0.327547,0.330655,0.000000,29285.802243,0.000000
2026-08-12,20:42:11,0.345455,0.330647,0.000000,29285.802243,0.000000
2026-08-12,20:42:12,0.323640,0.329724,0.000000,29285.802243,0.000000
2026-08-12,20:42:13,0.334059,0.331954,0.000000,29285.802243,0.000000
2026-08-12,20:42:13,0.334059,0.329030,0.000000,29285.802243,0.000000
2026-08-12,20:42:14,0.306237,0.329030,0.000000,29285.802243,0.000000
2026-08-12,20:42:15,0.317454,0.325384,0.000000,29285.802243,0.000000
2026-08-12,20:42:15,0.353920,0.327923,0.000000,29285.802243,0.000000
2026-08-12,20:42:16,0.344748,0.331141,0.000000,29285.802243,0.000000
2026-08-12,20:42:17,0.344748,0.331141,0.000000,29285.802243,0.000000
2026-08-12,20:42:17,0.307011,0.327264,0.000000,29285.802243,0.000000
2026-08-12,20:42:18,0.324426,0.328450,0.000000,29285.802243,0.000000
2026-08-12,20:42:19,0.342829,0.329978,0.000000,29285.802243,0.000000
2026-08-12,20:42:19,0.342829,0.329396,0.000000,29285.802243,0.000000
2026-08-12,20:42:20,0.339631,0.329396,0.000000,29285.802243,0.000000
2026-08-12,20:42:21,0.313384,0.328370,0.000000,29285.802243,0.000000
2026-08-12,20:42:21,0.333968,0.328361,0.000000,29285.802243,0.000000
2026-08-12,20:42:22,0.349396,0.332677,0.000000,29285.802243,0.000000
2026-08-12,20:42:23,0.349396,0.331789,0.000000,29285.802243,0.000000
2026-08-12,20:42:23,0.308574,0.331789,0.000000,29285.802243,0.000000
2026-08-12,20:42:24,0.314204,0.327817,0.000000,29285.802243,0.000000
2026-08-12,20:42:25,0.314204,0.324763,0.000000,29285.802243,0.000000
2026-08-12,20:42:25,0.309363,0.324998,0.000000,29285.802243,0.000000
2026-08-12,20:42:26,0.309363,0.324998,0.000000,29285.802243,0.000000
2026-08-12,20:42:27,0.309363,0.323492,0.000000,29285.802243,0.000000
2026-08-12,20:42:27,0.314197,0.320629,0.000000,29285.802243,0.000000
2026-08-12,20:42:28,0.329665,0.319632,0.000000,29285.802243,0.000000
2026-08-12,20:42:29,0.329665,0.321260,0.000000,29285.802243,0.000000
2026-08-12,20:42:29,0.329665,0.321260,0.000000,29285.802243,0.000000
2026-08-12,20:42:30,0.327087,0.320572,0.000000,29285.802243,0.000000
2026-08-12,20:42:31,0.307430,0.316376,0.000000,29285.802243,0.000000
2026-08-12,20:42:31,0.288739,0.314392,0.000000,29285.802243,0.000000
2026-08-12,20:42:32,0.288739,0.314392,0.000000,29285.802243,0.000000
2026-08-12,20:42:33,0.298085,0.312780,0.000000,29285.802243,0.000000
2026-08-12,20:42:33,0.621950,0.312780,0.000000,29285.802243,0.000000
2026-08-12,20:42:34,0.657397,0.312780,0.000000,29285.802243,0.000000
2026-08-12,20:42:35,0.657397,0.312780,0.000000,29285.802243,0.000000
2026-08-12,20:42:35,0.650630,0.312780,0.000000,29285.802243,0.000000
2026-08-12,20:42:36,0.626139,0.312780,0.000000,29285.802243,0.000000
2026-08-12,20:42:37,0.299051,0.311265,0.000000,29285.802243,0.000000
2026-08-12,20:42:37,0.299051,0.311265,0.000000,29285.802243,0.000000
2026-08-12,20:42:38,0.638062,0.311265,0.000000,29285.802243,0.000000
2026-08-12,20:42:39,0.308794,0.311208,0.000000,29285.802243,0.000000
2026-08-12,20:42:39,0.335703,0.313842,0.000000,29285.802243,0.000000
2026-08-12,20:42:40,0.335703,0.313842,0.000000,29285.802243,0.000000
2026-08-12,20:42:41,0.667468,0.313842,0.000000,29285.802243,0.000000
2026-08-12,20:42:41,0.347188,0.317141,0.000000,29285.802243,0.000000
2026-08-12,20:42:42,0.341938,0.318368,0.000000,29285.802243,0.000000
2026-08-12,20:42:43,0.347547,0.320156,0.000000,29285.802243,0.000000
2026-08-12,20:42:43,0.347547,0.318704,0.000000,29285.802243,0.000000
2026-08-12,20:42:44,0.312570,0.318704,0.000000,29285.802243,0.000000
2026-08-12,20:42:45,0.334710,0.321433,0.000000,29285.802243,0.000000
2026-08-12,20:42:45,0.353920,0.327951,0.000000,29285.802243,0.000000
2026-08-12,20:42:46,0.313872,0.329529,0.000000,29285.802243,0.000000
2026-08-12,20:42:47,0.313872,0.329529,0.000000,29285.802243,0.000000
2026-08-12,20:42:47,0.343176,0.333942,0.000000,29285.802243,0.000000
2026-08-12,20:42:48,0.316152,0.334678,0.000000,29285.802243,0.000000
2026-08-12,20:42:49,0.312570,0.332364,0.000000,29285.802243,0.000000
2026-08-12,20:42:49,0.312570,0.331084,0.000000,29285.802243,0.000000
2026-08-12,20:42:50,0.334385,0.331084,0.000000,29285.802243,0.000000
2026-08-12,20:42:51,0.312570,0.328147,0.000000,29285.802243,0.000000
2026-08-12,20:42:51,0.312570,0.324650,0.000000,29285.802243,0.000000
2026-08-12,20:42:52,0.328524,0.326245,0.000000,29285.802243,0.000000
2026-08-12,20:42:53,0.328524,0.326245,0.000000,29285.802243,0.000000
2026-08-12,20:42:53,0.353920,0.328166,0.000000,29285.802243,0.000000
2026-08-12,20:42:54,0.312570,0.324031,0.000000,29285.802243,0.000000
2026-08-12,20:42:55,0.349362,0.327580,0.000000,29285.802243,0.000000
2026-08-12,20:42:55,0.333408,0.326603,0.000000,29285.802243,0.000000
2026-08-12,20:42:56,0.333408,0.326603,0.000000,29285.802243,0.000000
2026-08-12,20:42:57,0.353920,0.330380,0.000000,29285.802243,0.000000
2026-08-12,20:42:57,0.312570,0.330380,0.000000,29285.802243,0.000000
2026-08-12,20:42:58,0.312570,0.328199,0.000000,29285.802243,0.000000
2026-08-12,20:42:59,0.312570,0.332334,0.000000,29285.802243,0.000000
2026-08-12,20:42:59,0.353920,0.332334,0.000000,29285.802243,0.000000
2026-08-12,20:43:00,0.312570,0.332334,0.000000,29285.802243,0.000000
2026-08-12,20:43:01,0.349688,0.334450,0.000000,29285.802243,0.000000
2026-08-12,20:43:01,0.314524,0.330510,0.000000,29285.802243,0.000000
2026-08-12,20:43:02,0.314524,0.330510,0.000000,29285.802243,0.000000
2026-08-12,20:43:02,0.312570,0.330510,0.000000,29285.802243,0.000000
2026-08-12,20:43:03,0.351316,0.330706,0.000000,29285.802243,0.000000
2026-08-12,20:43:04,0.313221,0.328687,0.000000,29285.802243,0.000000
2026-08-12,20:43:04,0.313221,0.327808,0.000000,29285.802243,0.000000
2026-08-12,20:43:05,0.345129,0.327808,0.000000,29285.802243,0.000000
2026-08-12,20:43:06,0.329827,0.329533,0.000000,29285.802243,0.000000
2026-08-12,20:43:06,0.353920,0.333669,0.000000,29285.802243,0.000000
2026-08-12,20:43:07,0.353920,0.333669,0.000000,29285.802243,0.000000
2026-08-12,20:43:08,0.353920,0.333669,0.000000,29285.802243,0.000000
2026-08-12,20:43:08,0.332106,0.335622,0.000000,29285.802243,0.000000
2026-08-12,20:43:09,0.333734,0.334027,0.000000,29285.802243,0.000000
2026-08-12,20:43:10,0.351316,0.337706,0.000000,29285.802243,0.000000
2026-08-12,20:43:10,0.351316,0.341841,0.000000,29285.802243,0.000000
2026-08-12,20:43:11,0.353920,0.341841,0.000000,29285.802243,0.000000
2026-08-12,20:43:12,0.325594,0.339269,0.000000,29285.802243,0.000000
2026-08-12,20:43:12,0.332431,0.341190,0.000000,29285.802243,0.000000
