# 펌프 0개, 설치 높이 2300mm, 파이프 200A, 파이프내 수위 82mm
# Level 설정 : Range 5.000m, Low Level 1.350m, Distance Migration 0.00m, Empty Height 1.350m
# Flow 설정 : U-Shape, Canal Width 0.200m, Height 0.200m, Installation Height 2.000m
# Flow Direction:Downstream
# 순서: date, time, Real-time velocity, Avg. velocity, Instant. flow rate, Cumulative flow, Water level, 펌프
2026-09-09,15:39:44,0.341776,0.336769,0.0,29373.627843,0.0,0
2026-09-09,15:39:45,0.30779,0.33424,0.0,29373.627843,0.0,0
2026-09-09,15:39:46,0.30779,0.33424,0.0,29373.627843,0.0,0
2026-09-09,15:39:46,0.339852,0.333809,0.0,29373.627843,0.0,0
2026-09-09,15:39:47,0.331195,0.332253,0.0,29373.627843,0.0,0
2026-09-09,15:39:48,0.325745,0.330714,0.0,29373.627843,0.0,0
2026-09-09,15:39:48,0.325745,0.331548,0.0,29373.627843,0.0,0
2026-09-09,15:39:49,0.34402,0.331548,0.0,29373.627843,0.0,0
2026-09-09,15:39:50,0.32318,0.330265,0.0,29373.627843,0.0,0
2026-09-09,15:39:50,0.327989,0.329624,0.0,29373.627843,0.0,0
2026-09-09,15:39:51,0.321256,0.328694,0.0,29373.627843,0.0,0
2026-09-09,15:39:52,0.321256,0.325454,0.0,29373.627843,0.0,0
2026-09-09,15:39:52,0.291732,0.325454,0.0,29373.627843,0.0,0
2026-09-09,15:39:53,0.31914,0.32319,0.0,29373.627843,0.0,0
2026-09-09,15:39:54,0.302676,0.322679,0.0,29373.627843,0.0,0
2026-09-09,15:39:54,0.344152,0.323109,0.0,29373.627843,0.0,0
2026-09-09,15:39:55,0.344152,0.323109,0.0,29373.627843,0.0,0
2026-09-09,15:39:56,0.349396,0.324929,0.0,29373.627843,0.0,0
2026-09-09,15:39:56,0.349396,0.327294,0.0,29373.627843,0.0,0
2026-09-09,15:39:57,0.323039,0.325196,0.0,29373.627843,0.0,0
2026-09-09,15:39:58,0.323039,0.327239,0.0,29373.627843,0.0,0
2026-09-09,15:39:58,0.343611,0.327239,0.0,29373.627843,0.0,0
2026-09-09,15:39:59,0.30986,0.325426,0.0,29373.627843,0.0,0
2026-09-09,15:40:00,0.313384,0.324639,0.0,29373.627843,0.0,0
2026-09-09,15:40:00,0.307011,0.326167,0.0,29373.627843,0.0,0
2026-09-09,15:40:01,0.307011,0.326167,0.0,29373.627843,0.0,0
2026-09-09,15:40:02,0.347588,0.329011,0.0,29373.627843,0.0,0
2026-09-09,15:40:02,0.339951,0.332739,0.0,29373.627843,0.0,0
2026-09-09,15:40:03,0.34091,0.332415,0.0,29373.627843,0.0,0
2026-09-09,15:40:04,0.34091,0.328651,0.0,29373.627843,0.0,0
2026-09-09,15:40:04,0.311761,0.328651,0.0,29373.627843,0.0,0
2026-09-09,15:40:05,0.311761,0.324888,0.0,29373.627843,0.0,0
2026-09-09,15:40:06,0.311761,0.32376,0.0,29373.627843,0.0,0
2026-09-09,15:40:06,0.307011,0.3201,0.0,29373.627843,0.0,0
2026-09-09,15:40:07,0.307011,0.319815,0.0,29373.627843,0.0,0
2026-09-09,15:40:08,0.307011,0.319815,0.0,29373.627843,0.0,0
2026-09-09,15:40:08,0.342287,0.322705,0.0,29373.627843,0.0,0
2026-09-09,15:40:09,0.325696,0.324574,0.0,29373.627843,0.0,0
2026-09-09,15:40:10,0.34521,0.324336,0.0,29373.627843,0.0,0
2026-09-09,15:40:10,0.34521,0.324336,0.0,29373.627843,0.0,0
2026-09-09,15:40:11,0.307011,0.321042,0.0,29373.627843,0.0,0
2026-09-09,15:40:12,0.330357,0.319987,0.0,29373.627843,0.0,0
2026-09-09,15:40:12,0.316925,0.320503,0.0,29373.627843,0.0,0
2026-09-09,15:40:13,0.316925,0.320028,0.0,29373.627843,0.0,0
2026-09-09,15:40:14,0.307011,0.320028,0.0,29373.627843,0.0,0
2026-09-09,15:40:14,0.328118,0.321664,0.0,29373.627843,0.0,0
2026-09-09,15:40:15,0.339951,0.324958,0.0,29373.627843,0.0,0
2026-09-09,15:40:16,0.326519,0.326909,0.0,29373.627843,0.0,0
2026-09-09,15:40:16,0.326519,0.326909,0.0,29373.627843,0.0,0
2026-09-09,15:40:17,0.347626,0.327442,0.0,29373.627843,0.0,0
2026-09-09,15:40:18,0.321402,0.327013,0.0,29373.627843,0.0,0
2026-09-09,15:40:18,0.338992,0.326391,0.0,29373.627843,0.0,0
2026-09-09,15:40:19,0.338992,0.327257,0.0,29373.627843,0.0,0
2026-09-09,15:40:20,0.31567,0.327257,0.0,29373.627843,0.0,0
2026-09-09,15:40:20,0.310676,0.325289,0.0,29373.627843,0.0,0
2026-09-09,15:40:21,0.347661,0.328363,0.0,29373.627843,0.0,0
2026-09-09,15:40:22,0.307508,0.328412,0.0,29373.627843,0.0,0
2026-09-09,15:40:22,0.307508,0.328412,0.0,29373.627843,0.0,0
2026-09-09,15:40:23,0.301133,0.325714,0.0,29373.627843,0.0,0
2026-09-09,15:40:24,0.326334,0.324352,0.0,29373.627843,0.0,0
2026-09-09,15:40:24,0.325533,0.324253,0.0,29373.627843,0.0,0
2026-09-09,15:40:25,0.325533,0.318513,0.0,29373.627843,0.0,0
2026-09-09,15:40:26,0.290226,0.318513,0.0,29373.627843,0.0,0
2026-09-09,15:40:26,0.314844,0.317858,0.0,29373.627843,0.0,0
2026-09-09,15:40:27,0.345291,0.318487,0.0,29373.627843,0.0,0
2026-09-09,15:40:27,0.341964,0.321117,0.0,29373.627843,0.0,0
2026-09-09,15:40:28,0.341964,0.321981,0.0,29373.627843,0.0,0
2026-09-09,15:40:29,0.319316,0.321981,0.0,29373.627843,0.0,0
2026-09-09,15:40:29,0.326181,0.319833,0.0,29373.627843,0.0,0
2026-09-09,15:40:30,0.329096,0.321992,0.0,29373.627843,0.0,0
2026-09-09,15:40:31,0.329096,0.324237,0.0,29373.627843,0.0,0
2026-09-09,15:40:31,0.323589,0.324237,0.0,29373.627843,0.0,0
2026-09-09,15:40:32,0.347559,0.32636,0.0,29373.627843,0.0,0
2026-09-09,15:40:33,0.344644,0.328271,0.0,29373.627843,0.0,0
2026-09-09,15:40:33,0.311281,0.330376,0.0,29373.627843,0.0,0
2026-09-09,15:40:34,0.311281,0.331996,0.0,29373.627843,0.0,0
2026-09-09,15:40:35,0.331039,0.331996,0.0,29373.627843,0.0,0
2026-09-09,15:40:35,0.352094,0.332676,0.0,29373.627843,0.0,0
2026-09-09,15:40:36,0.331687,0.331648,0.0,29373.627843,0.0,0
2026-09-09,15:40:37,0.324885,0.332205,0.0,29373.627843,0.0,0
2026-09-09,15:40:37,0.324885,0.332205,0.0,29373.627843,0.0,0
2026-09-09,15:40:38,0.343348,0.333922,0.0,29373.627843,0.0,0
2026-09-09,15:40:39,0.310957,0.332108,0.0,29373.627843,0.0,0
2026-09-09,15:40:39,0.344644,0.334214,0.0,29373.627843,0.0,0
2026-09-09,15:40:40,0.344644,0.333728,0.0,29373.627843,0.0,0
2026-09-09,15:40:41,0.3427,0.333728,0.0,29373.627843,0.0,0
2026-09-09,15:40:41,0.341081,0.333371,0.0,29373.627843,0.0,0
2026-09-09,15:40:42,0.341081,0.336351,0.0,29373.627843,0.0,0
2026-09-09,15:40:43,0.342376,0.337485,0.0,29373.627843,0.0,0
2026-09-09,15:40:43,0.342376,0.337485,0.0,29373.627843,0.0,0
2026-09-09,15:40:44,0.325209,0.334797,0.0,29373.627843,0.0,0
2026-09-09,15:40:45,0.290226,0.330651,0.0,29373.627843,0.0,0
2026-09-09,15:40:45,0.323589,0.330521,0.0,29373.627843,0.0,0
2026-09-09,15:40:46,0.323589,0.327055,0.0,29373.627843,0.0,0
2026-09-09,15:40:47,0.308689,0.327055,0.0,29373.627843,0.0,0
2026-09-09,15:40:47,0.331363,0.329096,0.0,29373.627843,0.0,0
2026-09-09,15:40:48,0.326828,0.327314,0.0,29373.627843,0.0,0
2026-09-09,15:40:49,0.293789,0.322423,0.0,29373.627843,0.0,0
2026-09-09,15:40:49,0.293789,0.31886,0.0,29373.627843,0.0,0
2026-09-09,15:40:50,0.30545,0.31886,0.0,29373.627843,0.0,0
2026-09-09,15:40:51,0.331363,0.317888,0.0,29373.627843,0.0,0
2026-09-09,15:40:51,0.342052,0.317856,0.0,29373.627843,0.0,0
2026-09-09,15:40:52,0.343996,0.319735,0.0,29373.627843,0.0,0
2026-09-09,15:40:53,0.343996,0.319735,0.0,29373.627843,0.0,0
2026-09-09,15:40:53,0.343672,0.325079,0.0,29373.627843,0.0,0
2026-09-09,15:40:54,0.343024,0.327023,0.0,29373.627843,0.0,0
2026-09-09,15:40:55,0.339785,0.330132,0.0,29373.627843,0.0,0
2026-09-09,15:40:55,0.339785,0.330197,0.0,29373.627843,0.0,0
2026-09-09,15:40:56,0.332011,0.330197,0.0,29373.627843,0.0,0
2026-09-09,15:40:57,0.31452,0.328966,0.0,29373.627843,0.0,0
2026-09-09,15:40:57,0.345939,0.334181,0.0,29373.627843,0.0,0
2026-09-09,15:40:58,0.352094,0.338846,0.0,29373.627843,0.0,0
2026-09-09,15:40:59,0.352094,0.338846,0.0,29373.627843,0.0,0
2026-09-09,15:40:59,0.3278,0.338489,0.0,29373.627843,0.0,0
2026-09-09,15:41:00,0.347235,0.339007,0.0,29373.627843,0.0,0
2026-09-09,15:41:01,0.345291,0.339137,0.0,29373.627843,0.0,0
2026-09-09,15:41:01,0.345291,0.339429,0.0,29373.627843,0.0,0
2026-09-09,15:41:02,0.346587,0.339429,0.0,29373.627843,0.0,0
2026-09-09,15:41:03,0.325533,0.337679,0.0,29373.627843,0.0,0
2026-09-09,15:41:03,0.32942,0.336643,0.0,29373.627843,0.0,0
2026-09-09,15:41:04,0.332983,0.33674,0.0,29373.627843,0.0,0
2026-09-09,15:41:05,0.332983,0.33674,0.0,29373.627843,0.0,0
2026-09-09,15:41:05,0.303943,0.335682,0.0,29373.627843,0.0,0
2026-09-09,15:41:06,0.31257,0.332345,0.0,29373.627843,0.0,0
2026-09-09,15:41:07,0.321722,0.329308,0.0,29373.627843,0.0,0
2026-09-09,15:41:07,0.321722,0.330747,0.0,29373.627843,0.0,0
2026-09-09,15:41:08,0.34219,0.330747,0.0,29373.627843,0.0,0
2026-09-09,15:41:09,0.317282,0.327752,0.0,29373.627843,0.0,0
2026-09-09,15:41:09,0.311761,0.324399,0.0,29373.627843,0.0,0
2026-09-09,15:41:10,0.311761,0.320916,0.0,29373.627843,0.0,0
2026-09-09,15:41:11,0.311761,0.322916,0.0,29373.627843,0.0,0
2026-09-09,15:41:11,0.345535,0.322916,0.0,29373.627843,0.0,0
2026-09-09,15:41:12,0.342937,0.324268,0.0,29373.627843,0.0,0
2026-09-09,15:41:13,0.353004,0.32627,0.0,29373.627843,0.0,0
2026-09-09,15:41:13,0.347159,0.330592,0.0,29373.627843,0.0,0
2026-09-09,15:41:14,0.347159,0.330592,0.0,29373.627843,0.0,0
2026-09-09,15:41:15,0.311761,0.330511,0.0,29373.627843,0.0,0
2026-09-09,15:41:15,0.344561,0.332795,0.0,29373.627843,0.0,0
2026-09-09,15:41:16,0.336117,0.332188,0.0,29373.627843,0.0,0
2026-09-09,15:41:17,0.336117,0.333227,0.0,29373.627843,0.0,0
2026-09-09,15:41:17,0.327674,0.333227,0.0,29373.627843,0.0,0
2026-09-09,15:41:18,0.348133,0.336864,0.0,29373.627843,0.0,0
2026-09-09,15:41:19,0.346509,0.340339,0.0,29373.627843,0.0,0
2026-09-09,15:41:19,0.347159,0.340501,0.0,29373.627843,0.0,0
2026-09-09,15:41:20,0.347159,0.338813,0.0,29373.627843,0.0,0
2026-09-09,15:41:21,0.32605,0.338813,0.0,29373.627843,0.0,0
2026-09-09,15:41:21,0.313385,0.334851,0.0,29373.627843,0.0,0
2026-09-09,15:41:22,0.33222,0.333357,0.0,29373.627843,0.0,0
2026-09-09,15:41:23,0.286544,0.330835,0.0,29373.627843,0.0,0
2026-09-09,15:41:23,0.286544,0.330835,0.0,29373.627843,0.0,0
2026-09-09,15:41:24,0.300295,0.326408,0.0,29373.627843,0.0,0
2026-09-09,15:41:25,0.334824,0.326279,0.0,29373.627843,0.0,0
2026-09-09,15:41:25,0.293257,0.322838,0.0,29373.627843,0.0,0
2026-09-09,15:41:26,0.293257,0.318735,0.0,29373.627843,0.0,0
2026-09-09,15:41:27,0.307108,0.318735,0.0,29373.627843,0.0,0
2026-09-09,15:41:27,0.323543,0.316438,0.0,29373.627843,0.0,0
2026-09-09,15:41:28,0.290673,0.31079,0.0,29373.627843,0.0,0
2026-09-09,15:41:29,0.307108,0.308896,0.0,29373.627843,0.0,0
2026-09-09,15:41:29,0.307108,0.308896,0.0,29373.627843,0.0,0
2026-09-09,15:41:30,0.320965,0.309654,0.0,29373.627843,0.0,0
2026-09-09,15:41:31,0.294027,0.305834,0.0,29373.627843,0.0,0
2026-09-09,15:41:31,0.297965,0.306976,0.0,29373.627843,0.0,0
2026-09-09,15:41:32,0.297965,0.307432,0.0,29373.627843,0.0,0
2026-09-09,15:41:33,0.304852,0.307432,0.0,29373.627843,0.0,0
2026-09-09,15:41:33,0.335703,0.30752,0.0,29373.627843,0.0,0
2026-09-09,15:41:34,0.34091,0.312285,0.0,29373.627843,0.0,0
2026-09-09,15:41:35,0.307011,0.312276,0.0,29373.627843,0.0,0
2026-09-09,15:41:35,0.307011,0.311243,0.0,29373.627843,0.0,0
2026-09-09,15:41:36,0.313221,0.311243,0.0,29373.627843,0.0,0
2026-09-09,15:41:37,0.319082,0.314084,0.0,29373.627843,0.0,0
2026-09-09,15:41:37,0.344478,0.317821,0.0,29373.627843,0.0,0
2026-09-09,15:41:38,0.344478,0.31708,0.0,29373.627843,0.0,0
2026-09-09,15:41:39,0.313547,0.31708,0.0,29373.627843,0.0,0
2026-09-09,15:41:39,0.347734,0.32245,0.0,29373.627843,0.0,0
2026-09-09,15:41:40,0.323321,0.324986,0.0,29373.627843,0.0,0
2026-09-09,15:41:41,0.314364,0.325937,0.0,29373.627843,0.0,0
2026-09-09,15:41:41,0.314364,0.326872,0.0,29373.627843,0.0,0
2026-09-09,15:41:42,0.345049,0.326872,0.0,29373.627843,0.0,0
2026-09-09,15:41:43,0.332318,0.326013,0.0,29373.627843,0.0,0
2026-09-09,15:41:43,0.342325,0.329544,0.0,29373.627843,0.0,0
2026-09-09,15:41:44,0.308574,0.329079,0.0,29373.627843,0.0,0
2026-09-09,15:41:45,0.308574,0.329079,0.0,29373.627843,0.0,0
2026-09-09,15:41:45,0.343289,0.3315,0.0,29373.627843,0.0,0
2026-09-09,15:41:46,0.337503,0.330803,0.0,29373.627843,0.0,0
2026-09-09,15:41:47,0.328503,0.332298,0.0,29373.627843,0.0,0
2026-09-09,15:41:47,0.328503,0.328961,0.0,29373.627843,0.0,0
2026-09-09,15:41:48,0.31436,0.328961,0.0,29373.627843,0.0,0
2026-09-09,15:41:49,0.314204,0.328049,0.0,29373.627843,0.0,0
2026-09-09,15:41:49,0.342325,0.330845,0.0,29373.627843,0.0,0
2026-09-09,15:41:50,0.349396,0.33128,0.0,29373.627843,0.0,0
2026-09-09,15:41:51,0.349396,0.33128,0.0,29373.627843,0.0,0
2026-09-09,15:41:51,0.338468,0.331895,0.0,29373.627843,0.0,0
2026-09-09,15:41:52,0.319468,0.329609,0.0,29373.627843,0.0,0
2026-09-09,15:41:52,0.338241,0.332576,0.0,29373.627843,0.0,0
2026-09-09,15:41:53,0.338241,0.328794,0.0,29373.627843,0.0,0
2026-09-09,15:41:54,0.305467,0.328794,0.0,29373.627843,0.0,0
2026-09-09,15:41:54,0.313384,0.326382,0.0,29373.627843,0.0,0
2026-09-09,15:41:55,0.345702,0.328102,0.0,29373.627843,0.0,0
2026-09-09,15:41:56,0.336235,0.330289,0.0,29373.627843,0.0,0
2026-09-09,15:41:56,0.336235,0.330289,0.0,29373.627843,0.0,0
2026-09-09,15:41:57,0.329592,0.331828,0.0,29373.627843,0.0,0
2026-09-09,15:41:58,0.331195,0.330715,0.0,29373.627843,0.0,0
2026-09-09,15:41:58,0.33344,0.329119,0.0,29373.627843,0.0,0
2026-09-09,15:41:59,0.33344,0.329729,0.0,29373.627843,0.0,0
2026-09-09,15:42:00,0.344563,0.329729,0.0,29373.627843,0.0,0
2026-09-09,15:42:00,0.34686,0.332468,0.0,29373.627843,0.0,0
2026-09-09,15:42:01,0.341361,0.33278,0.0,29373.627843,0.0,0
2026-09-09,15:42:02,0.341682,0.336401,0.0,29373.627843,0.0,0
2026-09-09,15:42:02,0.341682,0.339231,0.0,29373.627843,0.0,0
2026-09-09,15:42:03,0.341682,0.339231,0.0,29373.627843,0.0,0
2026-09-09,15:42:04,0.341039,0.338765,0.0,29373.627843,0.0,0
2026-09-09,15:42:04,0.332039,0.338345,0.0,29373.627843,0.0,0
2026-09-09,15:42:05,0.328503,0.338236,0.0,29373.627843,0.0,0
2026-09-09,15:42:06,0.328503,0.338236,0.0,29373.627843,0.0,0
2026-09-09,15:42:06,0.324967,0.337614,0.0,29373.627843,0.0,0
2026-09-09,15:42:07,0.328932,0.337163,0.0,29373.627843,0.0,0
2026-09-09,15:42:08,0.328605,0.335567,0.0,29373.627843,0.0,0
2026-09-09,15:42:08,0.328605,0.333676,0.0,29373.627843,0.0,0
2026-09-09,15:42:09,0.327951,0.333676,0.0,29373.627843,0.0,0
2026-09-09,15:42:10,0.351189,0.334659,0.0,29373.627843,0.0,0
2026-09-09,15:42:10,0.344489,0.33494,0.0,29373.627843,0.0,0
2026-09-09,15:42:11,0.344489,0.33522,0.0,29373.627843,0.0,0
2026-09-09,15:42:12,0.344489,0.335726,0.0,29373.627843,0.0,0
2026-09-09,15:42:12,0.3461,0.335726,0.0,29373.627843,0.0,0
2026-09-09,15:42:13,0.345134,0.337036,0.0,29373.627843,0.0,0
2026-09-09,15:42:14,0.325798,0.336765,0.0,29373.627843,0.0,0
2026-09-09,15:42:14,0.33321,0.33759,0.0,29373.627843,0.0,0
2026-09-09,15:42:15,0.33321,0.33759,0.0,29373.627843,0.0,0
2026-09-09,15:42:16,0.339011,0.338598,0.0,29373.627843,0.0,0
2026-09-09,15:42:16,0.341267,0.339864,0.0,29373.627843,0.0,0
2026-09-09,15:42:17,0.341267,0.341195,0.0,29373.627843,0.0,0
2026-09-09,15:42:18,0.341267,0.340171,0.0,29373.627843,0.0,0
2026-09-09,15:42:18,0.340944,0.340171,0.0,29373.627843,0.0,0
2026-09-09,15:42:19,0.341267,0.339849,0.0,29373.627843,0.0,0
2026-09-09,15:42:20,0.342233,0.339623,0.0,29373.627843,0.0,0
2026-09-09,15:42:20,0.342556,0.339269,0.0,29373.627843,0.0,0
2026-09-09,15:42:21,0.342556,0.33827,0.0,29373.627843,0.0,0
2026-09-09,15:42:22,0.335144,0.33827,0.0,29373.627843,0.0,0
2026-09-09,15:42:22,0.329988,0.338689,0.0,29373.627843,0.0,0
2026-09-09,15:42:23,0.318986,0.337266,0.0,29373.627843,0.0,0
2026-09-09,15:42:24,0.341911,0.337556,0.0,29373.627843,0.0,0
2026-09-09,15:42:25,0.341911,0.337556,0.0,29373.627843,0.0,0
2026-09-09,15:42:25,0.310008,0.33443,0.0,29373.627843,0.0,0
2026-09-09,15:42:26,0.309363,0.33124,0.0,29373.627843,0.0,0
2026-09-09,15:42:27,0.309363,0.328082,0.0,29373.627843,0.0,0
2026-09-09,15:42:27,0.309363,0.328114,0.0,29373.627843,0.0,0
2026-09-09,15:42:28,0.341589,0.328114,0.0,29373.627843,0.0,0
2026-09-09,15:42:28,0.3403,0.327921,0.0,29373.627843,0.0,0
2026-09-09,15:42:29,0.339333,0.327599,0.0,29373.627843,0.0,0
2026-09-09,15:42:30,0.33031,0.327115,0.0,29373.627843,0.0,0
2026-09-09,15:42:30,0.33031,0.326986,0.0,29373.627843,0.0,0
2026-09-09,15:42:31,0.328699,0.326986,0.0,29373.627843,0.0,0
2026-09-09,15:42:32,0.32741,0.327829,0.0,29373.627843,0.0,0
2026-09-09,15:42:32,0.326765,0.326314,0.0,29373.627843,0.0,0
2026-09-09,15:42:33,0.326765,0.328183,0.0,29373.627843,0.0,0
2026-09-09,15:42:34,0.328699,0.328183,0.0,29373.627843,0.0,0
2026-09-09,15:42:34,0.332566,0.330503,0.0,29373.627843,0.0,0
2026-09-09,15:42:35,0.329665,0.332534,0.0,29373.627843,0.0,0
2026-09-09,15:42:36,0.324509,0.330826,0.0,29373.627843,0.0,0
2026-09-09,15:42:36,0.324509,0.32567,0.0,29373.627843,0.0,0
2026-09-09,15:42:37,0.288739,0.32567,0.0,29373.627843,0.0,0
2026-09-09,15:42:38,0.324832,0.324219,0.0,29373.627843,0.0,0
2026-09-09,15:42:38,0.326765,0.323865,0.0,29373.627843,0.0,0
2026-09-09,15:42:39,0.32741,0.323736,0.0,29373.627843,0.0,0
2026-09-09,15:42:40,0.32741,0.323736,0.0,29373.627843,0.0,0
2026-09-09,15:42:40,0.332244,0.324219,0.0,29373.627843,0.0,0
2026-09-09,15:42:41,0.335144,0.325057,0.0,29373.627843,0.0,0
2026-09-09,15:42:42,0.337077,0.325895,0.0,29373.627843,0.0,0
2026-09-09,15:42:42,0.337077,0.327037,0.0,29373.627843,0.0,0
2026-09-09,15:42:43,0.343988,0.327037,0.0,29373.627843,0.0,0
2026-09-09,15:42:44,0.338569,0.327928,0.0,29373.627843,0.0,0
2026-09-09,15:42:44,0.339852,0.329462,0.0,29373.627843,0.0,0
2026-09-09,15:42:45,0.340493,0.334637,0.0,29373.627843,0.0,0
2026-09-09,15:42:46,0.340493,0.334637,0.0,29373.627843,0.0,0
2026-09-09,15:42:46,0.30779,0.332933,0.0,29373.627843,0.0,0
2026-09-09,15:42:47,0.33889,0.334146,0.0,29373.627843,0.0,0
2026-09-09,15:42:48,0.344723,0.335877,0.0,29373.627843,0.0,0
2026-09-09,15:42:48,0.344723,0.336994,0.0,29373.627843,0.0,0
2026-09-09,15:42:49,0.343417,0.336994,0.0,29373.627843,0.0,0
2026-09-09,15:42:50,0.343417,0.337822,0.0,29373.627843,0.0,0
2026-09-09,15:42:50,0.336646,0.337779,0.0,29373.627843,0.0,0
2026-09-09,15:42:51,0.334722,0.336852,0.0,29373.627843,0.0,0
2026-09-09,15:42:52,0.334722,0.336852,0.0,29373.627843,0.0,0
2026-09-09,15:42:52,0.329592,0.335954,0.0,29373.627843,0.0,0
2026-09-09,15:42:53,0.323821,0.334351,0.0,29373.627843,0.0,0
2026-09-09,15:42:54,0.321577,0.33246,0.0,29373.627843,0.0,0
2026-09-09,15:42:54,0.321577,0.335858,0.0,29373.627843,0.0,0
2026-09-09,15:42:55,0.341776,0.335858,0.0,29373.627843,0.0,0
2026-09-09,15:42:56,0.316695,0.333639,0.0,29373.627843,0.0,0
2026-09-09,15:42:56,0.316695,0.330836,0.0,29373.627843,0.0,0
2026-09-09,15:42:57,0.343758,0.33087,0.0,29373.627843,0.0,0
2026-09-09,15:42:58,0.343758,0.33087,0.0,29373.627843,0.0,0
2026-09-09,15:42:58,0.343112,0.330839,0.0,29373.627843,0.0,0
2026-09-09,15:42:59,0.344727,0.331647,0.0,29373.627843,0.0,0
2026-09-09,15:43:00,0.28948,0.327123,0.0,29373.627843,0.0,0
2026-09-09,15:43:00,0.28948,0.326795,0.0,29373.627843,0.0,0
2026-09-09,15:43:01,0.326312,0.326795,0.0,29373.627843,0.0,0
2026-09-09,15:43:02,0.313388,0.325752,0.0,29373.627843,0.0,0
2026-09-09,15:43:02,0.307573,0.324351,0.0,29373.627843,0.0,0
2026-09-09,15:43:03,0.293034,0.319477,0.0,29373.627843,0.0,0
2026-09-09,15:43:04,0.293034,0.319477,0.0,29373.627843,0.0,0
2026-09-09,15:43:04,0.326635,0.320471,0.0,29373.627843,0.0,0
2026-09-09,15:43:05,0.330512,0.321853,0.0,29373.627843,0.0,0
2026-09-09,15:43:06,0.32405,0.319882,0.0,29373.627843,0.0,0
2026-09-09,15:43:06,0.28948,0.314519,0.0,29373.627843,0.0,0
2026-09-09,15:43:07,0.28948,0.314519,0.0,29373.627843,0.0,0
2026-09-09,15:43:08,0.326312,0.312678,0.0,29373.627843,0.0,0
2026-09-09,15:43:08,0.330512,0.316781,0.0,29373.627843,0.0,0
2026-09-09,15:43:09,0.325019,0.316651,0.0,29373.627843,0.0,0
2026-09-09,15:43:10,0.325019,0.314261,0.0,29373.627843,0.0,0
2026-09-09,15:43:10,0.28948,0.314261,0.0,29373.627843,0.0,0
2026-09-09,15:43:11,0.342789,0.317782,0.0,29373.627843,0.0,0
2026-09-09,15:43:12,0.346343,0.323113,0.0,29373.627843,0.0,0
2026-09-09,15:43:12,0.31565,0.322015,0.0,29373.627843,0.0,0
2026-09-09,15:43:13,0.31565,0.322015,0.0,29373.627843,0.0,0
2026-09-09,15:43:14,0.343112,0.323275,0.0,29373.627843,0.0,0
2026-09-09,15:43:14,0.344404,0.32531,0.0,29373.627843,0.0,0
2026-09-09,15:43:15,0.344404,0.330802,0.0,29373.627843,0.0,0
2026-09-09,15:43:16,0.344404,0.332418,0.0,29373.627843,0.0,0
2026-09-09,15:43:16,0.342466,0.332418,0.0,29373.627843,0.0,0
2026-09-09,15:43:17,0.314358,0.330802,0.0,29373.627843,0.0,0
2026-09-09,15:43:18,0.310158,0.329316,0.0,29373.627843,0.0,0
2026-09-09,15:43:18,0.310158,0.331384,0.0,29373.627843,0.0,0
2026-09-09,15:43:19,0.310158,0.328121,0.0,29373.627843,0.0,0
2026-09-09,15:43:20,0.310158,0.328121,0.0,29373.627843,0.0,0
2026-09-09,15:43:20,0.344404,0.327927,0.0,29373.627843,0.0,0
2026-09-09,15:43:21,0.330189,0.329381,0.0,29373.627843,0.0,0
2026-09-09,15:43:22,0.324373,0.327507,0.0,29373.627843,0.0,0
2026-09-09,15:43:22,0.324373,0.327507,0.0,29373.627843,0.0,0
2026-09-09,15:43:23,0.344081,0.327475,0.0,29373.627843,0.0,0
2026-09-09,15:43:24,0.310158,0.32405,0.0,29373.627843,0.0,0
2026-09-09,15:43:24,0.310158,0.320819,0.0,29373.627843,0.0,0
2026-09-09,15:43:25,0.310158,0.323598,0.0,29373.627843,0.0,0
2026-09-09,15:43:26,0.342143,0.323598,0.0,29373.627843,0.0,0
2026-09-09,15:43:26,0.351189,0.327701,0.0,29373.627843,0.0,0
2026-09-09,15:43:27,0.326312,0.329316,0.0,29373.627843,0.0,0
2026-09-09,15:43:28,0.323727,0.330673,0.0,29373.627843,0.0,0
2026-09-09,15:43:28,0.323727,0.330673,0.0,29373.627843,0.0,0
2026-09-09,15:43:29,0.346343,0.330867,0.0,29373.627843,0.0,0
2026-09-09,15:43:30,0.312096,0.329058,0.0,29373.627843,0.0,0
2026-09-09,15:43:30,0.313711,0.327992,0.0,29373.627843,0.0,0
2026-09-09,15:43:31,0.313711,0.324987,0.0,29373.627843,0.0,0
2026-09-09,15:43:32,0.314034,0.324987,0.0,29373.627843,0.0,0
2026-09-09,15:43:32,0.313065,0.325278,0.0,29373.627843,0.0,0
2026-09-09,15:43:33,0.312742,0.325536,0.0,29373.627843,0.0,0
2026-09-09,15:43:34,0.312742,0.322596,0.0,29373.627843,0.0,0
2026-09-09,15:43:34,0.312742,0.318913,0.0,29373.627843,0.0,0
2026-09-09,15:43:35,0.314358,0.318913,0.0,29373.627843,0.0,0
2026-09-09,15:43:36,0.318235,0.318105,0.0,29373.627843,0.0,0
2026-09-09,15:43:36,0.346019,0.320335,0.0,29373.627843,0.0,0
2026-09-09,15:43:37,0.324696,0.31817,0.0,29373.627843,0.0,0
2026-09-09,15:43:38,0.324696,0.31817,0.0,29373.627843,0.0,0
2026-09-09,15:43:38,0.328483,0.319809,0.0,29373.627843,0.0,0
2026-09-09,15:43:39,0.322539,0.320691,0.0,29373.627843,0.0,0
2026-09-09,15:43:40,0.32318,0.321606,0.0,29373.627843,0.0,0
2026-09-09,15:43:40,0.32318,0.322617,0.0,29373.627843,0.0,0
2026-09-09,15:43:41,0.32318,0.322617,0.0,29373.627843,0.0,0
2026-09-09,15:43:42,0.322539,0.323597,0.0,29373.627843,0.0,0
2026-09-09,15:43:42,0.321577,0.324481,0.0,29373.627843,0.0,0
2026-09-09,15:43:43,0.329796,0.326024,0.0,29373.627843,0.0,0
2026-09-09,15:43:44,0.329796,0.326024,0.0,29373.627843,0.0,0
2026-09-09,15:43:44,0.326896,0.326891,0.0,29373.627843,0.0,0
2026-09-09,15:43:45,0.328825,0.325171,0.0,29373.627843,0.0,0
2026-09-09,15:43:46,0.322717,0.324973,0.0,29373.627843,0.0,0
2026-09-09,15:43:46,0.322717,0.320925,0.0,29373.627843,0.0,0
2026-09-09,15:43:47,0.288003,0.320925,0.0,29373.627843,0.0,0
2026-09-09,15:43:47,0.323039,0.320975,0.0,29373.627843,0.0,0
2026-09-09,15:43:48,0.328825,0.32154,0.0,29373.627843,0.0,0
2026-09-09,15:43:49,0.288003,0.318022,0.0,29373.627843,0.0,0
2026-09-09,15:43:49,0.288003,0.318022,0.0,29373.627843,0.0,0
2026-09-09,15:43:50,0.301182,0.315886,0.0,29373.627843,0.0,0
2026-09-09,15:43:51,0.328825,0.316611,0.0,29373.627843,0.0,0
2026-09-09,15:43:51,0.288003,0.312432,0.0,29373.627843,0.0,0
2026-09-09,15:43:52,0.288003,0.309971,0.0,29373.627843,0.0,0
2026-09-09,15:43:53,0.302285,0.309971,0.0,29373.627843,0.0,0
2026-09-09,15:43:53,0.308574,0.307946,0.0,29373.627843,0.0,0
2026-09-09,15:43:54,0.328825,0.308556,0.0,29373.627843,0.0,0
2026-09-09,15:43:55,0.349396,0.314696,0.0,29373.627843,0.0,0
2026-09-09,15:43:55,0.349396,0.314696,0.0,29373.627843,0.0,0
2026-09-09,15:43:56,0.345219,0.316914,0.0,29373.627843,0.0,0
2026-09-09,15:43:57,0.35029,0.31906,0.0,29373.627843,0.0,0
2026-09-09,15:43:57,0.355771,0.325837,0.0,29373.627843,0.0,0
2026-09-09,15:43:58,0.355771,0.328799,0.0,29373.627843,0.0,0
2026-09-09,15:43:59,0.3308,0.328799,0.0,29373.627843,0.0,0
2026-09-09,15:43:59,0.326972,0.328613,0.0,29373.627843,0.0,0
2026-09-09,15:44:00,0.325209,0.332334,0.0,29373.627843,0.0,0
2026-09-09,15:44:01,0.32035,0.33414,0.0,29373.627843,0.0,0
2026-09-09,15:44:01,0.32035,0.334379,0.0,29373.627843,0.0,0
2026-09-09,15:44:02,0.310957,0.334379,0.0,29373.627843,0.0,0
2026-09-09,15:44:03,0.310957,0.332592,0.0,29373.627843,0.0,0
2026-09-09,15:44:03,0.337841,0.331436,0.0,29373.627843,0.0,0
2026-09-09,15:44:04,0.328448,0.329759,0.0,29373.627843,0.0,0
2026-09-09,15:44:05,0.328448,0.329759,0.0,29373.627843,0.0,0
2026-09-09,15:44:05,0.345615,0.329292,0.0,29373.627843,0.0,0
2026-09-09,15:44:06,0.310957,0.32481,0.0,29373.627843,0.0,0
2026-09-09,15:44:07,0.344967,0.326227,0.0,29373.627843,0.0,0
2026-09-09,15:44:07,0.344967,0.328205,0.0,29373.627843,0.0,0
2026-09-09,15:44:08,0.346749,0.328205,0.0,29373.627843,0.0,0
2026-09-09,15:44:09,0.32942,0.328626,0.0,29373.627843,0.0,0
2026-09-09,15:44:09,0.33088,0.329679,0.0,29373.627843,0.0,0
2026-09-09,15:44:10,0.341267,0.33271,0.0,29373.627843,0.0,0
2026-09-09,15:44:11,0.341267,0.333538,0.0,29373.627843,0.0,0
2026-09-09,15:44:11,0.319234,0.333538,0.0,29373.627843,0.0,0
2026-09-09,15:44:12,0.344885,0.334242,0.0,29373.627843,0.0,0
2026-09-09,15:44:13,0.343586,0.335756,0.0,29373.627843,0.0,0
2026-09-09,15:44:13,0.345535,0.335748,0.0,29373.627843,0.0,0
2026-09-09,15:44:14,0.345535,0.335748,0.0,29373.627843,0.0,0
2026-09-09,15:44:15,0.311761,0.335828,0.0,29373.627843,0.0,0
2026-09-09,15:44:15,0.290977,0.330429,0.0,29373.627843,0.0,0
2026-09-09,15:44:16,0.324751,0.32823,0.0,29373.627843,0.0,0
2026-09-09,15:44:17,0.324751,0.327893,0.0,29373.627843,0.0,0
2026-09-09,15:44:17,0.32605,0.327893,0.0,29373.627843,0.0,0
2026-09-09,15:44:18,0.330596,0.327864,0.0,29373.627843,0.0,0
2026-09-09,15:44:19,0.336767,0.327414,0.0,29373.627843,0.0,0
2026-09-09,15:44:19,0.335173,0.329008,0.0,29373.627843,0.0,0
2026-09-09,15:44:20,0.335173,0.329008,0.0,29373.627843,0.0,0
2026-09-09,15:44:21,0.352094,0.329729,0.0,29373.627843,0.0,0
2026-09-09,15:44:21,0.325533,0.327923,0.0,29373.627843,0.0,0
2026-09-09,15:44:22,0.290226,0.322393,0.0,29373.627843,0.0,0
2026-09-09,15:44:23,0.290226,0.323478,0.0,29373.627843,0.0,0
2026-09-09,15:44:23,0.322617,0.323478,0.0,29373.627843,0.0,0
2026-09-09,15:44:24,0.306098,0.32499,0.0,29373.627843,0.0,0
2026-09-09,15:44:25,0.331363,0.325652,0.0,29373.627843,0.0,0
2026-09-09,15:44:25,0.341728,0.32722,0.0,29373.627843,0.0,0
2026-09-09,15:44:26,0.341728,0.328592,0.0,29373.627843,0.0,0
2026-09-09,15:44:27,0.34432,0.328592,0.0,29373.627843,0.0,0
2026-09-09,15:44:27,0.310957,0.326011,0.0,29373.627843,0.0,0
2026-09-09,15:44:28,0.310957,0.323589,0.0,29373.627843,0.0,0
2026-09-09,15:44:29,0.310957,0.319476,0.0,29373.627843,0.0,0
2026-09-09,15:44:29,0.310957,0.319476,0.0,29373.627843,0.0,0
2026-09-09,15:44:30,0.310957,0.318018,0.0,29373.627843,0.0,0
2026-09-09,15:44:31,0.310957,0.320091,0.0,29373.627843,0.0,0
2026-09-09,15:44:31,0.310957,0.318925,0.0,29373.627843,0.0,0
2026-09-09,15:44:32,0.310957,0.319411,0.0,29373.627843,0.0,0
2026-09-09,15:44:33,0.310957,0.319411,0.0,29373.627843,0.0,0
2026-09-09,15:44:33,0.343348,0.320609,0.0,29373.627843,0.0,0
2026-09-09,15:44:34,0.338489,0.320285,0.0,29373.627843,0.0,0
2026-09-09,15:44:35,0.331363,0.31899,0.0,29373.627843,0.0,0
2026-09-09,15:44:35,0.331363,0.31899,0.0,29373.627843,0.0,0
2026-09-09,15:44:36,0.310957,0.31899,0.0,29373.627843,0.0,0
2026-09-09,15:44:37,0.329231,0.320817,0.0,29373.627843,0.0,0
2026-09-09,15:44:37,0.310158,0.320737,0.0,29373.627843,0.0,0
2026-09-09,15:44:38,0.310158,0.320188,0.0,29373.627843,0.0,0
2026-09-09,15:44:39,0.305467,0.320188,0.0,29373.627843,0.0,0
2026-09-09,15:44:39,0.305467,0.319639,0.0,29373.627843,0.0,0
2026-09-09,15:44:40,0.340469,0.322591,0.0,29373.627843,0.0,0
2026-09-09,15:44:41,0.339514,0.325446,0.0,29373.627843,0.0,0
2026-09-09,15:44:41,0.339514,0.325446,0.0,29373.627843,0.0,0
2026-09-09,15:44:42,0.339832,0.325095,0.0,29373.627843,0.0,0
2026-09-09,15:44:43,0.313384,0.322584,0.0,29373.627843,0.0,0
2026-09-09,15:44:43,0.313384,0.320786,0.0,29373.627843,0.0,0
2026-09-09,15:44:44,0.313384,0.321029,0.0,29373.627843,0.0,0
2026-09-09,15:44:45,0.313384,0.321029,0.0,29373.627843,0.0,0
2026-09-09,15:44:45,0.313384,0.319445,0.0,29373.627843,0.0,0
2026-09-09,15:44:46,0.343611,0.32279,0.0,29373.627843,0.0,0
2026-09-09,15:44:47,0.308574,0.323101,0.0,29373.627843,0.0,0
2026-09-09,15:44:47,0.308574,0.323101,0.0,29373.627843,0.0,0
2026-09-09,15:44:48,0.308574,0.323411,0.0,29373.627843,0.0,0
2026-09-09,15:44:49,0.308574,0.320222,0.0,29373.627843,0.0,0
2026-09-09,15:44:49,0.339753,0.320246,0.0,29373.627843,0.0,0
2026-09-09,15:44:50,0.339753,0.320656,0.0,29373.627843,0.0,0
2026-09-09,15:44:51,0.343932,0.320656,0.0,29373.627843,0.0,0
2026-09-09,15:44:51,0.321753,0.321493,0.0,29373.627843,0.0,0
2026-09-09,15:44:52,0.327217,0.322876,0.0,29373.627843,0.0,0
2026-09-09,15:44:53,0.328825,0.32442,0.0,29373.627843,0.0,0
2026-09-09,15:44:53,0.328825,0.325353,0.0,29373.627843,0.0,0
2026-09-09,15:44:54,0.322717,0.325353,0.0,29373.627843,0.0,0
2026-09-09,15:44:55,0.288003,0.319792,0.0,29373.627843,0.0,0
2026-09-09,15:44:55,0.297324,0.318667,0.0,29373.627843,0.0,0
2026-09-09,15:44:56,0.328825,0.320692,0.0,29373.627843,0.0,0
2026-09-09,15:44:57,0.328825,0.320692,0.0,29373.627843,0.0,0
2026-09-09,15:44:57,0.292492,0.319084,0.0,29373.627843,0.0,0
2026-09-09,15:44:58,0.326769,0.317786,0.0,29373.627843,0.0,0
2026-09-09,15:44:59,0.330686,0.316461,0.0,29373.627843,0.0,0
2026-09-09,15:44:59,0.330686,0.317385,0.0,29373.627843,0.0,0
2026-09-09,15:45:00,0.330996,0.317385,0.0,29373.627843,0.0,0
2026-09-09,15:45:01,0.333875,0.318051,0.0,29373.627843,0.0,0
2026-09-09,15:45:01,0.331956,0.318364,0.0,29373.627843,0.0,0
2026-09-09,15:45:02,0.332545,0.319347,0.0,29373.627843,0.0,0
2026-09-09,15:45:03,0.332545,0.319347,0.0,29373.627843,0.0,0
2026-09-09,15:45:03,0.348133,0.32536,0.0,29373.627843,0.0,0
2026-09-09,15:45:04,0.348133,0.330441,0.0,29373.627843,0.0,0
2026-09-09,15:45:05,0.326375,0.330196,0.0,29373.627843,0.0,0
2026-09-09,15:45:05,0.326375,0.331666,0.0,29373.627843,0.0,0
2026-09-09,15:45:06,0.307194,0.331666,0.0,29373.627843,0.0,0
2026-09-09,15:45:07,0.316764,0.330666,0.0,29373.627843,0.0,0
2026-09-09,15:45:07,0.290226,0.32662,0.0,29373.627843,0.0,0
2026-09-09,15:45:08,0.292494,0.322769,0.0,29373.627843,0.0,0
2026-09-09,15:45:08,0.292494,0.322769,0.0,29373.627843,0.0,0
2026-09-09,15:45:09,0.304478,0.31983,0.0,29373.627843,0.0,0
2026-09-09,15:45:10,0.331363,0.31977,0.0,29373.627843,0.0,0
2026-09-09,15:45:10,0.33402,0.319918,0.0,29373.627843,0.0,0
2026-09-09,15:45:11,0.33402,0.320405,0.0,29373.627843,0.0,0
2026-09-09,15:45:12,0.353004,0.320405,0.0,29373.627843,0.0,0
2026-09-09,15:45:12,0.342612,0.319853,0.0,29373.627843,0.0,0
2026-09-09,15:45:13,0.344561,0.321672,0.0,29373.627843,0.0,0
2026-09-09,15:45:14,0.345535,0.325506,0.0,29373.627843,0.0,0
2026-09-09,15:45:14,0.345535,0.328448,0.0,29373.627843,0.0,0
2026-09-09,15:45:15,0.346184,0.328448,0.0,29373.627843,0.0,0
2026-09-09,15:45:16,0.311761,0.330601,0.0,29373.627843,0.0,0
2026-09-09,15:45:16,0.311761,0.332528,0.0,29373.627843,0.0,0
2026-09-09,15:45:17,0.311761,0.331373,0.0,29373.627843,0.0,0
2026-09-09,15:45:18,0.292925,0.331373,0.0,29373.627843,0.0,0
2026-09-09,15:45:18,0.327349,0.330971,0.0,29373.627843,0.0,0
2026-09-09,15:45:19,0.307864,0.328356,0.0,29373.627843,0.0,0
2026-09-09,15:45:20,0.304133,0.323468,0.0,29373.627843,0.0,0
2026-09-09,15:45:20,0.304133,0.321923,0.0,29373.627843,0.0,0
2026-09-09,15:45:21,0.327159,0.321923,0.0,29373.627843,0.0,0
2026-09-09,15:45:22,0.339951,0.321462,0.0,29373.627843,0.0,0
2026-09-09,15:45:22,0.34187,0.321096,0.0,29373.627843,0.0,0
2026-09-09,15:45:23,0.347483,0.321226,0.0,29373.627843,0.0,0
2026-09-09,15:45:24,0.347483,0.321226,0.0,29373.627843,0.0,0
2026-09-09,15:45:24,0.341008,0.32415,0.0,29373.627843,0.0,0
2026-09-09,15:45:25,0.340688,0.327043,0.0,29373.627843,0.0,0
2026-09-09,15:45:26,0.306237,0.328374,0.0,29373.627843,0.0,0
2026-09-09,15:45:26,0.306237,0.326735,0.0,29373.627843,0.0,0
2026-09-09,15:45:27,0.310957,0.326735,0.0,29373.627843,0.0,0
2026-09-09,15:45:28,0.293465,0.325295,0.0,29373.627843,0.0,0
2026-09-09,15:45:28,0.294437,0.324325,0.0,29373.627843,0.0,0
2026-09-09,15:45:29,0.328124,0.324422,0.0,29373.627843,0.0,0
2026-09-09,15:45:30,0.328124,0.324422,0.0,29373.627843,0.0,0
2026-09-09,15:45:30,0.309985,0.321425,0.0,29373.627843,0.0,0
2026-09-09,15:45:31,0.331363,0.320375,0.0,29373.627843,0.0,0
2026-09-09,15:45:32,0.324561,0.318082,0.0,29373.627843,0.0,0
2026-09-09,15:45:32,0.324561,0.315077,0.0,29373.627843,0.0,0
2026-09-09,15:45:33,0.310957,0.315077,0.0,29373.627843,0.0,0
2026-09-09,15:45:34,0.306237,0.311632,0.0,29373.627843,0.0,0
2026-09-09,15:45:34,0.307832,0.311792,0.0,29373.627843,0.0,0
2026-09-09,15:45:35,0.3155,0.312246,0.0,29373.627843,0.0,0
2026-09-09,15:45:36,0.3155,0.312246,0.0,29373.627843,0.0,0
2026-09-09,15:45:36,0.319408,0.31484,0.0,29373.627843,0.0,0
2026-09-09,15:45:37,0.316152,0.317012,0.0,29373.627843,0.0,0
2026-09-09,15:45:38,0.321361,0.316335,0.0,29373.627843,0.0,0
2026-09-09,15:45:38,0.321361,0.317668,0.0,29373.627843,0.0,0
2026-09-09,15:45:39,0.323315,0.317668,0.0,29373.627843,0.0,0
2026-09-09,15:45:40,0.32364,0.316896,0.0,29373.627843,0.0,0
2026-09-09,15:45:40,0.324291,0.316869,0.0,29373.627843,0.0,0
2026-09-09,15:45:41,0.324943,0.318268,0.0,29373.627843,0.0,0
2026-09-09,15:45:42,0.324943,0.320041,0.0,29373.627843,0.0,0
2026-09-09,15:45:42,0.323966,0.320041,0.0,29373.627843,0.0,0
2026-09-09,15:45:43,0.32071,0.321329,0.0,29373.627843,0.0,0
2026-09-09,15:45:44,0.31257,0.321035,0.0,29373.627843,0.0,0
2026-09-09,15:45:44,0.307011,0.319796,0.0,29373.627843,0.0,0
2026-09-09,15:45:45,0.307011,0.319796,0.0,29373.627843,0.0,0
2026-09-09,15:45:46,0.330357,0.321216,0.0,29373.627843,0.0,0
2026-09-09,15:45:46,0.321722,0.321252,0.0,29373.627843,0.0,0
2026-09-09,15:45:47,0.34091,0.323012,0.0,29373.627843,0.0,0
2026-09-09,15:45:48,0.34091,0.321413,0.0,29373.627843,0.0,0
2026-09-09,15:45:48,0.307651,0.321413,0.0,29373.627843,0.0,0
2026-09-09,15:45:49,0.307011,0.319685,0.0,29373.627843,0.0,0
2026-09-09,15:45:50,0.347159,0.321907,0.0,29373.627843,0.0,0
2026-09-09,15:45:50,0.34586,0.324096,0.0,29373.627843,0.0,0
2026-09-09,15:45:51,0.34586,0.324096,0.0,29373.627843,0.0,0
2026-09-09,15:45:52,0.344236,0.326449,0.0,29373.627843,0.0,0
2026-09-09,15:45:52,0.353004,0.330492,0.0,29373.627843,0.0,0
2026-09-09,15:45:53,0.353004,0.335091,0.0,29373.627843,0.0,0
2026-09-09,15:45:54,0.353004,0.33518,0.0,29373.627843,0.0,0
2026-09-09,15:45:54,0.331246,0.33518,0.0,29373.627843,0.0,0
2026-09-09,15:45:55,0.328438,0.335852,0.0,29373.627843,0.0,0
2026-09-09,15:45:56,0.358591,0.33762,0.0,29373.627843,0.0,0
2026-09-09,15:45:56,0.353004,0.342155,0.0,29373.627843,0.0,0
2026-09-09,15:45:57,0.353004,0.345748,0.0,29373.627843,0.0,0
2026-09-09,15:45:58,0.342937,0.345748,0.0,29373.627843,0.0,0
2026-09-09,15:45:58,0.326699,0.343702,0.0,29373.627843,0.0,0
2026-09-09,15:45:59,0.290977,0.338214,0.0,29373.627843,0.0,0
2026-09-09,15:46:00,0.295198,0.33331,0.0,29373.627843,0.0,0
2026-09-09,15:46:00,0.295198,0.33331,0.0,29373.627843,0.0,0
2026-09-09,15:46:01,0.329622,0.330972,0.0,29373.627843,0.0,0
2026-09-09,15:46:02,0.313385,0.32701,0.0,29373.627843,0.0,0
2026-09-09,15:46:02,0.33222,0.327107,0.0,29373.627843,0.0,0
2026-09-09,15:46:03,0.33222,0.323361,0.0,29373.627843,0.0,0
2026-09-09,15:46:04,0.290977,0.323361,0.0,29373.627843,0.0,0
2026-09-09,15:46:04,0.296173,0.317119,0.0,29373.627843,0.0,0
2026-09-09,15:46:05,0.305266,0.312345,0.0,29373.627843,0.0,0
2026-09-09,15:46:06,0.333194,0.311371,0.0,29373.627843,0.0,0
2026-09-09,15:46:06,0.333194,0.311371,0.0,29373.627843,0.0,0
2026-09-09,15:46:07,0.353004,0.314002,0.0,29373.627843,0.0,0
2026-09-09,15:46:08,0.344885,0.319392,0.0,29373.627843,0.0,0
2026-09-09,15:46:08,0.346834,0.324556,0.0,29373.627843,0.0,0
2026-09-09,15:46:09,0.346834,0.32277,0.0,29373.627843,0.0,0
2026-09-09,15:46:10,0.311761,0.32277,0.0,29373.627843,0.0,0
2026-09-09,15:46:10,0.311761,0.322607,0.0,29373.627843,0.0,0
2026-09-09,15:46:11,0.307011,0.320087,0.0,29373.627843,0.0,0
2026-09-09,15:46:12,0.290977,0.320087,0.0,29373.627843,0.0,0
2026-09-09,15:46:12,0.290977,0.320087,0.0,29373.627843,0.0,0
2026-09-09,15:46:13,0.326375,0.323107,0.0,29373.627843,0.0,0
2026-09-09,15:46:13,0.304773,0.323057,0.0,29373.627843,0.0,0
2026-09-09,15:46:14,0.316925,0.321431,0.0,29373.627843,0.0,0
2026-09-09,15:46:15,0.316925,0.314784,0.0,29373.627843,0.0,0
2026-09-09,15:46:15,0.286544,0.314784,0.0,29373.627843,0.0,0
2026-09-09,15:46:16,0.307361,0.311032,0.0,29373.627843,0.0,0
2026-09-09,15:46:17,0.321897,0.308538,0.0,29373.627843,0.0,0
2026-09-09,15:46:17,0.323821,0.309744,0.0,29373.627843,0.0,0
2026-09-09,15:46:18,0.323821,0.309744,0.0,29373.627843,0.0,0
2026-09-09,15:46:19,0.319653,0.310534,0.0,29373.627843,0.0,0
2026-09-09,15:46:19,0.287271,0.30856,0.0,29373.627843,0.0,0
2026-09-09,15:46:20,0.302019,0.309664,0.0,29373.627843,0.0,0
2026-09-09,15:46:21,0.302019,0.308896,0.0,29373.627843,0.0,0
2026-09-09,15:46:21,0.318691,0.308896,0.0,29373.627843,0.0,0
2026-09-09,15:46:22,0.287271,0.307145,0.0,29373.627843,0.0,0
2026-09-09,15:46:23,0.306976,0.30615,0.0,29373.627843,0.0,0
2026-09-09,15:46:23,0.327989,0.310295,0.0,29373.627843,0.0,0
2026-09-09,15:46:24,0.327989,0.310295,0.0,29373.627843,0.0,0
2026-09-09,15:46:25,0.321577,0.311717,0.0,29373.627843,0.0,0
2026-09-09,15:46:25,0.287271,0.308254,0.0,29373.627843,0.0,0
2026-09-09,15:46:26,0.324783,0.30835,0.0,29373.627843,0.0,0
2026-09-09,15:46:27,0.324783,0.307324,0.0,29373.627843,0.0,0
2026-09-09,15:46:27,0.309393,0.307324,0.0,29373.627843,0.0,0
2026-09-09,15:46:28,0.327989,0.311396,0.0,29373.627843,0.0,0
2026-09-09,15:46:29,0.319974,0.313191,0.0,29373.627843,0.0,0
2026-09-09,15:46:29,0.287271,0.310049,0.0,29373.627843,0.0,0
2026-09-09,15:46:30,0.287271,0.310306,0.0,29373.627843,0.0,0
2026-09-09,15:46:31,0.289836,0.310306,0.0,29373.627843,0.0,0
2026-09-09,15:46:31,0.325745,0.312183,0.0,29373.627843,0.0,0
2026-09-09,15:46:32,0.327989,0.312183,0.0,29373.627843,0.0,0
2026-09-09,15:46:33,0.319653,0.31199,0.0,29373.627843,0.0,0
2026-09-09,15:46:33,0.319653,0.31199,0.0,29373.627843,0.0,0
2026-09-09,15:46:34,0.30779,0.314042,0.0,29373.627843,0.0,0
2026-09-09,15:46:35,0.30779,0.312343,0.0,29373.627843,0.0,0
2026-09-09,15:46:35,0.30779,0.312183,0.0,29373.627843,0.0,0
2026-09-09,15:46:36,0.30779,0.313626,0.0,29373.627843,0.0,0
2026-09-09,15:46:37,0.342417,0.313626,0.0,29373.627843,0.0,0
2026-09-09,15:46:37,0.339531,0.315581,0.0,29373.627843,0.0,0
2026-09-09,15:46:38,0.331836,0.320038,0.0,29373.627843,0.0,0
2026-09-09,15:46:39,0.321897,0.323244,0.0,29373.627843,0.0,0
2026-09-09,15:46:39,0.321897,0.323244,0.0,29373.627843,0.0,0
2026-09-09,15:46:40,0.317654,0.322435,0.0,29373.627843,0.0,0
2026-09-09,15:46:41,0.315029,0.321139,0.0,29373.627843,0.0,0
2026-09-09,15:46:41,0.336646,0.322838,0.0,29373.627843,0.0,0
2026-09-09,15:46:42,0.336646,0.324698,0.0,29373.627843,0.0,0
2026-09-09,15:46:43,0.326386,0.324698,0.0,29373.627843,0.0,0
2026-09-09,15:46:43,0.343058,0.328225,0.0,29373.627843,0.0,0
2026-09-09,15:46:44,0.30779,0.328225,0.0,29373.627843,0.0,0
2026-09-09,15:46:45,0.34407,0.32839,0.0,29373.627843,0.0,0
2026-09-09,15:46:45,0.34407,0.32839,0.0,29373.627843,0.0,0
2026-09-09,15:46:46,0.338194,0.328256,0.0,29373.627843,0.0,0
2026-09-09,15:46:47,0.33395,0.328468,0.0,29373.627843,0.0,0
2026-09-09,15:46:47,0.331992,0.329477,0.0,29373.627843,0.0,0
2026-09-09,15:46:48,0.331992,0.330845,0.0,29373.627843,0.0,0
2026-09-09,15:46:49,0.331339,0.330845,0.0,29373.627843,0.0,0
2026-09-09,15:46:49,0.313711,0.330714,0.0,29373.627843,0.0,0
2026-09-09,15:46:50,0.306237,0.327673,0.0,29373.627843,0.0,0
2026-09-09,15:46:51,0.317083,0.326742,0.0,29373.627843,0.0,0
2026-09-09,15:46:51,0.317083,0.323922,0.0,29373.627843,0.0,0
2026-09-09,15:46:52,0.31485,0.323922,0.0,29373.627843,0.0,0
2026-09-09,15:46:53,0.31485,0.324627,0.0,29373.627843,0.0,0
2026-09-09,15:46:53,0.315841,0.321805,0.0,29373.627843,0.0,0
2026-09-09,15:46:54,0.315841,0.319635,0.0,29373.627843,0.0,0
2026-09-09,15:46:55,0.316495,0.319635,0.0,29373.627843,0.0,0
2026-09-09,15:46:55,0.316495,0.317889,0.0,29373.627843,0.0,0
2026-09-09,15:46:56,0.311317,0.315822,0.0,29373.627843,0.0,0
2026-09-09,15:46:57,0.313561,0.314044,0.0,29373.627843,0.0,0
2026-09-09,15:46:57,0.313561,0.314189,0.0,29373.627843,0.0,0
2026-09-09,15:46:58,0.315165,0.314189,0.0,29373.627843,0.0,0
2026-09-09,15:46:59,0.315485,0.315114,0.0,29373.627843,0.0,0
2026-09-09,15:46:59,0.313882,0.314794,0.0,29373.627843,0.0,0
2026-09-09,15:47:00,0.30779,0.314088,0.0,29373.627843,0.0,0
2026-09-09,15:47:01,0.30779,0.314088,0.0,29373.627843,0.0,0
2026-09-09,15:47:01,0.30779,0.313382,0.0,29373.627843,0.0,0
2026-09-09,15:47:02,0.332798,0.315078,0.0,29373.627843,0.0,0
2026-09-09,15:47:03,0.324783,0.315907,0.0,29373.627843,0.0,0
2026-09-09,15:47:03,0.324783,0.318563,0.0,29373.627843,0.0,0
2026-09-09,15:47:04,0.343058,0.318563,0.0,29373.627843,0.0,0
2026-09-09,15:47:05,0.311638,0.318595,0.0,29373.627843,0.0,0
2026-09-09,15:47:05,0.315029,0.318742,0.0,29373.627843,0.0,0
2026-09-09,15:47:06,0.315029,0.318728,0.0,29373.627843,0.0,0
2026-09-09,15:47:07,0.315029,0.318728,0.0,29373.627843,0.0,0
2026-09-09,15:47:07,0.310158,0.318196,0.0,29373.627843,0.0,0
2026-09-09,15:47:08,0.293357,0.316143,0.0,29373.627843,0.0,0
2026-09-09,15:47:09,0.326635,0.318028,0.0,29373.627843,0.0,0
2026-09-09,15:47:09,0.326635,0.318103,0.0,29373.627843,0.0,0
2026-09-09,15:47:10,0.308542,0.318103,0.0,29373.627843,0.0,0
2026-09-09,15:47:11,0.330512,0.317874,0.0,29373.627843,0.0,0
2026-09-09,15:47:11,0.323404,0.317736,0.0,29373.627843,0.0,0
2026-09-09,15:47:12,0.28948,0.312378,0.0,29373.627843,0.0,0
2026-09-09,15:47:13,0.28948,0.312378,0.0,29373.627843,0.0,0
2026-09-09,15:47:13,0.301757,0.31139,0.0,29373.627843,0.0,0
2026-09-09,15:47:14,0.330512,0.312939,0.0,29373.627843,0.0,0
2026-09-09,15:47:15,0.322758,0.313711,0.0,29373.627843,0.0,0
2026-09-09,15:47:15,0.322758,0.311644,0.0,29373.627843,0.0,0
2026-09-09,15:47:16,0.28948,0.311644,0.0,29373.627843,0.0,0
2026-09-09,15:47:16,0.321142,0.314422,0.0,29373.627843,0.0,0
2026-09-09,15:47:17,0.346989,0.316458,0.0,29373.627843,0.0,0
2026-09-09,15:47:18,0.325019,0.318105,0.0,29373.627843,0.0,0
2026-09-09,15:47:18,0.325019,0.319527,0.0,29373.627843,0.0,0
2026-09-09,15:47:19,0.344727,0.319527,0.0,29373.627843,0.0,0
2026-09-09,15:47:20,0.343112,0.321498,0.0,29373.627843,0.0,0
2026-09-09,15:47:20,0.341173,0.326667,0.0,29373.627843,0.0,0
2026-09-09,15:47:21,0.315327,0.328024,0.0,29373.627843,0.0,0
2026-09-09,15:47:22,0.315327,0.328024,0.0,29373.627843,0.0,0
2026-09-09,15:47:22,0.316619,0.326635,0.0,29373.627843,0.0,0
2026-09-09,15:47:23,0.343112,0.32867,0.0,29373.627843,0.0,0
2026-09-09,15:47:24,0.344727,0.334195,0.0,29373.627843,0.0,0
2026-09-09,15:47:24,0.344727,0.336618,0.0,29373.627843,0.0,0
2026-09-09,15:47:25,0.345373,0.336618,0.0,29373.627843,0.0,0
2026-09-09,15:47:26,0.345373,0.336456,0.0,29373.627843,0.0,0
2026-09-09,15:47:26,0.34505,0.338459,0.0,29373.627843,0.0,0
2026-09-09,15:47:27,0.310158,0.335002,0.0,29373.627843,0.0,0
2026-09-09,15:47:28,0.310158,0.335002,0.0,29373.627843,0.0,0
2026-09-09,15:47:28,0.315004,0.332192,0.0,29373.627843,0.0,0
2026-09-09,15:47:29,0.326635,0.330738,0.0,29373.627843,0.0,0
2026-09-09,15:47:30,0.308542,0.330059,0.0,29373.627843,0.0,0
2026-09-09,15:47:30,0.308542,0.33035,0.0,29373.627843,0.0,0
2026-09-09,15:47:31,0.319527,0.33035,0.0,29373.627843,0.0,0
2026-09-09,15:47:32,0.28948,0.324987,0.0,29373.627843,0.0,0
2026-09-09,15:47:32,0.327927,0.323307,0.0,29373.627843,0.0,0
2026-09-09,15:47:33,0.330512,0.321821,0.0,29373.627843,0.0,0
2026-09-09,15:47:34,0.330512,0.321821,0.0,29373.627843,0.0,0
2026-09-09,15:47:34,0.28948,0.316231,0.0,29373.627843,0.0,0
2026-09-09,15:47:35,0.311773,0.312904,0.0,29373.627843,0.0,0
2026-09-09,15:47:36,0.310158,0.312904,0.0,29373.627843,0.0,0
2026-09-09,15:47:36,0.310158,0.312419,0.0,29373.627843,0.0,0
2026-09-09,15:47:37,0.310158,0.312419,0.0,29373.627843,0.0,0
2026-09-09,15:47:38,0.310158,0.310771,0.0,29373.627843,0.0,0
2026-09-09,15:47:38,0.310158,0.310933,0.0,29373.627843,0.0,0
2026-09-09,15:47:39,0.345373,0.313518,0.0,29373.627843,0.0,0
2026-09-09,15:47:40,0.345373,0.319042,0.0,29373.627843,0.0,0
2026-09-09,15:47:40,0.344727,0.319042,0.0,29373.627843,0.0,0
2026-09-09,15:47:41,0.344081,0.320658,0.0,29373.627843,0.0,0
2026-09-09,15:47:42,0.342789,0.321885,0.0,29373.627843,0.0,0
2026-09-09,15:47:42,0.339881,0.326925,0.0,29373.627843,0.0,0
2026-09-09,15:47:43,0.339881,0.326925,0.0,29373.627843,0.0,0
2026-09-09,15:47:44,0.351189,0.330867,0.0,29373.627843,0.0,0
2026-09-09,15:47:44,0.324373,0.332289,0.0,29373.627843,0.0,0
2026-09-09,15:47:45,0.346019,0.335875,0.0,29373.627843,0.0,0
2026-09-09,15:47:46,0.346019,0.339073,0.0,29373.627843,0.0,0
2026-09-09,15:47:46,0.342143,0.339073,0.0,29373.627843,0.0,0
2026-09-09,15:47:47,0.310158,0.339073,0.0,29373.627843,0.0,0
2026-09-09,15:47:48,0.310158,0.335552,0.0,29373.627843,0.0,0
2026-09-09,15:47:48,0.310158,0.332095,0.0,29373.627843,0.0,0
2026-09-09,15:47:49,0.310158,0.332095,0.0,29373.627843,0.0,0
2026-09-09,15:47:50,0.310158,0.328702,0.0,29373.627843,0.0,0
2026-09-09,15:47:50,0.28948,0.323372,0.0,29373.627843,0.0,0
2026-09-09,15:47:51,0.323404,0.321724,0.0,29373.627843,0.0,0
2026-09-09,15:47:52,0.323404,0.317071,0.0,29373.627843,0.0,0
2026-09-09,15:47:52,0.304665,0.317071,0.0,29373.627843,0.0,0
2026-09-09,15:47:53,0.306281,0.315262,0.0,29373.627843,0.0,0
2026-09-09,15:47:54,0.330512,0.313711,0.0,29373.627843,0.0,0
2026-09-09,15:47:54,0.325019,0.311999,0.0,29373.627843,0.0,0
2026-09-09,15:47:55,0.325019,0.311999,0.0,29373.627843,0.0,0
2026-09-09,15:47:56,0.28948,0.309931,0.0,29373.627843,0.0,0
2026-09-09,15:47:56,0.323404,0.311256,0.0,29373.627843,0.0,0
2026-09-09,15:47:57,0.305634,0.310804,0.0,29373.627843,0.0,0
2026-09-09,15:47:58,0.305634,0.313259,0.0,29373.627843,0.0,0
2026-09-09,15:47:58,0.334712,0.313259,0.0,29373.627843,0.0,0
2026-09-09,15:47:59,0.340527,0.318364,0.0,29373.627843,0.0,0
2026-09-09,15:48:00,0.343758,0.320399,0.0,29373.627843,0.0,0
2026-09-09,15:48:00,0.344404,0.324373,0.0,29373.627843,0.0,0
2026-09-09,15:48:01,0.344404,0.327539,0.0,29373.627843,0.0,0
2026-09-09,15:48:02,0.337942,0.327539,0.0,29373.627843,0.0,0
2026-09-09,15:48:02,0.351189,0.329607,0.0,29373.627843,0.0,0
2026-09-09,15:48:03,0.329219,0.330027,0.0,29373.627843,0.0,0
2026-09-09,15:48:04,0.318351,0.332914,0.0,29373.627843,0.0,0
2026-09-09,15:48:04,0.318351,0.332914,0.0,29373.627843,0.0,0
2026-09-09,15:48:05,0.337077,0.334281,0.0,29373.627843,0.0,0
2026-09-09,15:48:06,0.315017,0.33522,0.0,29373.627843,0.0,0
2026-09-09,15:48:06,0.30779,0.332527,0.0,29373.627843,0.0,0
2026-09-09,15:48:07,0.30779,0.329254,0.0,29373.627843,0.0,0
2026-09-09,15:48:08,0.30779,0.329254,0.0,29373.627843,0.0,0
2026-09-09,15:48:08,0.31257,0.326135,0.0,29373.627843,0.0,0
2026-09-09,15:48:09,0.347734,0.326468,0.0,29373.627843,0.0,0
2026-09-09,15:48:10,0.336013,0.326275,0.0,29373.627843,0.0,0
2026-09-09,15:48:10,0.336013,0.326275,0.0,29373.627843,0.0,0
2026-09-09,15:48:11,0.326896,0.323846,0.0,29373.627843,0.0,0
2026-09-09,15:48:12,0.320059,0.32293,0.0,29373.627843,0.0,0
2026-09-09,15:48:12,0.31257,0.322352,0.0,29373.627843,0.0,0
2026-09-09,15:48:13,0.31257,0.319901,0.0,29373.627843,0.0,0
2026-09-09,15:48:14,0.31257,0.319901,0.0,29373.627843,0.0,0
2026-09-09,15:48:14,0.317245,0.320124,0.0,29373.627843,0.0,0
2026-09-09,15:48:15,0.338032,0.323148,0.0,29373.627843,0.0,0
2026-09-09,15:48:16,0.337641,0.326133,0.0,29373.627843,0.0,0
2026-09-09,15:48:16,0.337641,0.327826,0.0,29373.627843,0.0,0
2026-09-09,15:48:17,0.329501,0.327826,0.0,29373.627843,0.0,0
2026-09-09,15:48:18,0.348385,0.327891,0.0,29373.627843,0.0,0
2026-09-09,15:48:18,0.31257,0.325547,0.0,29373.627843,0.0,0
2026-09-09,15:48:19,0.31257,0.3275,0.0,29373.627843,0.0,0
2026-09-09,15:48:20,0.346432,0.3275,0.0,29373.627843,0.0,0
2026-09-09,15:48:20,0.344478,0.329942,0.0,29373.627843,0.0,0
2026-09-09,15:48:21,0.348385,0.333524,0.0,29373.627843,0.0,0
2026-09-09,15:48:22,0.345455,0.336812,0.0,29373.627843,0.0,0
2026-09-09,15:48:22,0.345455,0.339796,0.0,29373.627843,0.0,0
2026-09-09,15:48:23,0.347083,0.339796,0.0,29373.627843,0.0,0
2026-09-09,15:48:24,0.31257,0.33725,0.0,29373.627843,0.0,0
2026-09-09,15:48:24,0.309714,0.334457,0.0,29373.627843,0.0,0
2026-09-09,15:48:25,0.341134,0.335621,0.0,29373.627843,0.0,0
2026-09-09,15:48:26,0.341134,0.335621,0.0,29373.627843,0.0,0
2026-09-09,15:48:26,0.34402,0.335184,0.0,29373.627843,0.0,0
2026-09-09,15:48:27,0.340493,0.337977,0.0,29373.627843,0.0,0
2026-09-09,15:48:28,0.343058,0.337639,0.0,29373.627843,0.0,0
2026-09-09,15:48:28,0.343058,0.337625,0.0,29373.627843,0.0,0
2026-09-09,15:48:29,0.344341,0.337625,0.0,29373.627843,0.0,0
2026-09-09,15:48:30,0.352767,0.338064,0.0,29373.627843,0.0,0
2026-09-09,15:48:30,0.352767,0.338795,0.0,29373.627843,0.0,0
2026-09-09,15:48:31,0.344896,0.338576,0.0,29373.627843,0.0,0
2026-09-09,15:48:32,0.344896,0.338576,0.0,29373.627843,0.0,0
2026-09-09,15:48:32,0.353313,0.34265,0.0,29373.627843,0.0,0
2026-09-09,15:48:33,0.345456,0.346224,0.0,29373.627843,0.0,0
2026-09-09,15:48:34,0.323543,0.344465,0.0,29373.627843,0.0,0
2026-09-09,15:48:34,0.323543,0.342611,0.0,29373.627843,0.0,0
2026-09-09,15:48:35,0.325476,0.342611,0.0,29373.627843,0.0,0
2026-09-09,15:48:35,0.323865,0.340948,0.0,29373.627843,0.0,0
2026-09-09,15:48:36,0.327087,0.339351,0.0,29373.627843,0.0,0
2026-09-09,15:48:37,0.331277,0.338045,0.0,29373.627843,0.0,0
2026-09-09,15:48:37,0.331277,0.338045,0.0,29373.627843,0.0,0
2026-09-09,15:48:38,0.335144,0.336282,0.0,29373.627843,0.0,0
2026-09-09,15:48:39,0.338689,0.334875,0.0,29373.627843,0.0,0
2026-09-09,15:48:39,0.340622,0.334447,0.0,29373.627843,0.0,0
2026-09-09,15:48:40,0.340622,0.33321,0.0,29373.627843,0.0,0
2026-09-09,15:48:41,0.340944,0.33321,0.0,29373.627843,0.0,0
2026-09-09,15:48:41,0.348959,0.333561,0.0,29373.627843,0.0,0
2026-09-09,15:48:42,0.33506,0.334712,0.0,29373.627843,0.0,0
2026-09-09,15:48:43,0.333787,0.335543,0.0,29373.627843,0.0,0
2026-09-09,15:48:43,0.333787,0.336379,0.0,29373.627843,0.0,0
2026-09-09,15:48:44,0.33222,0.336379,0.0,29373.627843,0.0,0
2026-09-09,15:48:45,0.330272,0.336697,0.0,29373.627843,0.0,0
2026-09-09,15:48:45,0.327349,0.336304,0.0,29373.627843,0.0,0
2026-09-09,15:48:46,0.348782,0.337668,0.0,29373.627843,0.0,0
2026-09-09,15:48:47,0.348782,0.337668,0.0,29373.627843,0.0,0
2026-09-09,15:48:47,0.344561,0.338255,0.0,29373.627843,0.0,0
2026-09-09,15:48:48,0.314034,0.335597,0.0,29373.627843,0.0,0
2026-09-09,15:48:49,0.311761,0.332678,0.0,29373.627843,0.0,0
2026-09-09,15:48:49,0.311761,0.328959,0.0,29373.627843,0.0,0
2026-09-09,15:48:50,0.311761,0.328959,0.0,29373.627843,0.0,0
2026-09-09,15:48:51,0.311761,0.326629,0.0,29373.627843,0.0,0
2026-09-09,15:48:51,0.311761,0.324426,0.0,29373.627843,0.0,0
2026-09-09,15:48:52,0.311761,0.32238,0.0,29373.627843,0.0,0
2026-09-09,15:48:53,0.311761,0.32238,0.0,29373.627843,0.0,0
2026-09-09,15:48:53,0.311761,0.320529,0.0,29373.627843,0.0,0
2026-09-09,15:48:54,0.311761,0.31897,0.0,29373.627843,0.0,0
2026-09-09,15:48:55,0.31306,0.315398,0.0,29373.627843,0.0,0
2026-09-09,15:48:55,0.31306,0.315495,0.0,29373.627843,0.0,0
2026-09-09,15:48:56,0.345535,0.315495,0.0,29373.627843,0.0,0
2026-09-09,15:48:57,0.348782,0.31897,0.0,29373.627843,0.0,0
2026-09-09,15:48:57,0.32605,0.320399,0.0,29373.627843,0.0,0
2026-09-09,15:48:58,0.322477,0.321471,0.0,29373.627843,0.0,0
2026-09-09,15:48:59,0.322477,0.321471,0.0,29373.627843,0.0,0
2026-09-09,15:48:59,0.332244,0.323519,0.0,29373.627843,0.0,0
2026-09-09,15:49:00,0.337722,0.326115,0.0,29373.627843,0.0,0
2026-09-09,15:49:01,0.336755,0.328615,0.0,29373.627843,0.0,0
2026-09-09,15:49:01,0.336755,0.331565,0.0,29373.627843,0.0,0
2026-09-09,15:49:02,0.341267,0.331565,0.0,29373.627843,0.0,0
2026-09-09,15:49:03,0.288739,0.329263,0.0,29373.627843,0.0,0
2026-09-09,15:49:03,0.288739,0.326831,0.0,29373.627843,0.0,0
2026-09-09,15:49:04,0.344489,0.326726,0.0,29373.627843,0.0,0
2026-09-09,15:49:05,0.344489,0.326726,0.0,29373.627843,0.0,0
2026-09-09,15:49:05,0.323865,0.324235,0.0,29373.627843,0.0,0
2026-09-09,15:49:06,0.326765,0.324306,0.0,29373.627843,0.0,0
2026-09-09,15:49:07,0.33031,0.325089,0.0,29373.627843,0.0,0
2026-09-09,15:49:07,0.33031,0.325315,0.0,29373.627843,0.0,0
2026-09-09,15:49:08,0.334499,0.325315,0.0,29373.627843,0.0,0
2026-09-09,15:49:09,0.329665,0.324509,0.0,29373.627843,0.0,0
2026-09-09,15:49:09,0.329665,0.3238,0.0,29373.627843,0.0,0
2026-09-09,15:49:10,0.324832,0.322157,0.0,29373.627843,0.0,0
2026-09-09,15:49:11,0.324832,0.322157,0.0,29373.627843,0.0,0
2026-09-09,15:49:11,0.288739,0.322157,0.0,29373.627843,0.0,0
2026-09-09,15:49:12,0.325476,0.325831,0.0,29373.627843,0.0,0
2026-09-09,15:49:13,0.309363,0.322318,0.0,29373.627843,0.0,0
2026-09-09,15:49:13,0.332244,0.323156,0.0,29373.627843,0.0,0
2026-09-09,15:49:14,0.332244,0.323156,0.0,29373.627843,0.0,0
2026-09-09,15:49:15,0.35029,0.325508,0.0,29373.627843,0.0,0
2026-09-09,15:49:15,0.35029,0.327506,0.0,29373.627843,0.0,0
2026-09-09,15:49:16,0.35029,0.329085,0.0,29373.627843,0.0,0
2026-09-09,15:49:17,0.35029,0.331696,0.0,29373.627843,0.0,0
2026-09-09,15:49:17,0.355771,0.331696,0.0,29373.627843,0.0,0
2026-09-09,15:49:18,0.331195,0.331849,0.0,29373.627843,0.0,0
2026-09-09,15:49:19,0.334401,0.332806,0.0,29373.627843,0.0,0
2026-09-09,15:49:19,0.336966,0.337629,0.0,29373.627843,0.0,0
2026-09-09,15:49:20,0.336966,0.337629,0.0,29373.627843,0.0,0
2026-09-09,15:49:21,0.345702,0.339651,0.0,29373.627843,0.0,0
2026-09-09,15:49:21,0.346355,0.34335,0.0,29373.627843,0.0,0
2026-09-09,15:49:22,0.345702,0.344696,0.0,29373.627843,0.0,0
2026-09-09,15:49:23,0.345702,0.345152,0.0,29373.627843,0.0,0
2026-09-09,15:49:23,0.354843,0.345152,0.0,29373.627843,0.0,0
2026-09-09,15:49:24,0.33852,0.343975,0.0,29373.627843,0.0,0
2026-09-09,15:49:25,0.331665,0.342112,0.0,29373.627843,0.0,0
2026-09-09,15:49:25,0.320763,0.338611,0.0,29373.627843,0.0,0
2026-09-09,15:49:26,0.320763,0.336225,0.0,29373.627843,0.0,0
2026-09-09,15:49:27,0.307331,0.336225,0.0,29373.627843,0.0,0
2026-09-09,15:49:27,0.307011,0.333486,0.0,29373.627843,0.0,0
2026-09-09,15:49:28,0.307011,0.33049,0.0,29373.627843,0.0,0
2026-09-09,15:49:29,0.307011,0.326621,0.0,29373.627843,0.0,0
2026-09-09,15:49:29,0.307011,0.326621,0.0,29373.627843,0.0,0
2026-09-09,15:49:30,0.32556,0.324542,0.0,29373.627843,0.0,0
2026-09-09,15:49:31,0.340271,0.323999,0.0,29373.627843,0.0,0
2026-09-09,15:49:31,0.340591,0.322573,0.0,29373.627843,0.0,0
2026-09-09,15:49:32,0.340591,0.319422,0.0,29373.627843,0.0,0
2026-09-09,15:49:33,0.307011,0.319422,0.0,29373.627843,0.0,0
2026-09-09,15:49:33,0.307011,0.316957,0.0,29373.627843,0.0,0
2026-09-09,15:49:34,0.323966,0.317277,0.0,29373.627843,0.0,0
2026-09-09,15:49:35,0.324943,0.319039,0.0,29373.627843,0.0,0
2026-09-09,15:49:35,0.324943,0.319039,0.0,29373.627843,0.0,0
2026-09-09,15:49:36,0.306709,0.319008,0.0,29373.627843,0.0,0
2026-09-09,15:49:37,0.333082,0.321615,0.0,29373.627843,0.0,0
2026-09-09,15:49:37,0.328199,0.323734,0.0,29373.627843,0.0,0
2026-09-09,15:49:38,0.328199,0.320775,0.0,29373.627843,0.0,0
2026-09-09,15:49:39,0.295965,0.320775,0.0,29373.627843,0.0,0
2026-09-09,15:49:39,0.30964,0.317712,0.0,29373.627843,0.0,0
2026-09-09,15:49:40,0.325268,0.316179,0.0,29373.627843,0.0,0
2026-09-09,15:49:41,0.291732,0.314651,0.0,29373.627843,0.0,0
2026-09-09,15:49:41,0.291732,0.314651,0.0,29373.627843,0.0,0
2026-09-09,15:49:42,0.298895,0.31384,0.0,29373.627843,0.0,0
2026-09-09,15:49:43,0.32364,0.313807,0.0,29373.627843,0.0,0
2026-09-09,15:49:43,0.319408,0.313254,0.0,29373.627843,0.0,0
2026-09-09,15:49:44,0.319408,0.314458,0.0,29373.627843,0.0,0
2026-09-09,15:49:45,0.318756,0.314458,0.0,29373.627843,0.0,0
2026-09-09,15:49:45,0.312896,0.31244,0.0,29373.627843,0.0,0
2026-09-09,15:49:46,0.31257,0.310877,0.0,29373.627843,0.0,0
2026-09-09,15:49:46,0.337928,0.315073,0.0,29373.627843,0.0,0
2026-09-09,15:49:47,0.337928,0.31694,0.0,29373.627843,0.0,0
2026-09-09,15:49:48,0.32831,0.31694,0.0,29373.627843,0.0,0
2026-09-09,15:49:48,0.350925,0.319506,0.0,29373.627843,0.0,0
2026-09-09,15:49:49,0.316649,0.321998,0.0,29373.627843,0.0,0
2026-09-09,15:49:50,0.313384,0.323447,0.0,29373.627843,0.0,0
2026-09-09,15:49:50,0.313384,0.323447,0.0,29373.627843,0.0,0
2026-09-09,15:49:51,0.347661,0.325849,0.0,29373.627843,0.0,0
2026-09-09,15:49:52,0.33395,0.327303,0.0,29373.627843,0.0,0
2026-09-09,15:49:52,0.313384,0.326766,0.0,29373.627843,0.0,0
2026-09-09,15:49:53,0.313384,0.328153,0.0,29373.627843,0.0,0
2026-09-09,15:49:54,0.326769,0.328153,0.0,29373.627843,0.0,0
2026-09-09,15:49:54,0.349293,0.331825,0.0,29373.627843,0.0,0
2026-09-09,15:49:55,0.342737,0.332306,0.0,29373.627843,0.0,0
2026-09-09,15:49:56,0.347083,0.334184,0.0,29373.627843,0.0,0
2026-09-09,15:49:56,0.347083,0.334184,0.0,29373.627843,0.0,0
2026-09-09,15:49:57,0.339852,0.333076,0.0,29373.627843,0.0,0
2026-09-09,15:49:58,0.310676,0.332479,0.0,29373.627843,0.0,0
2026-09-09,15:49:58,0.30779,0.33192,0.0,29373.627843,0.0,0
2026-09-09,15:49:59,0.340172,0.331171,0.0,29373.627843,0.0,0
2026-09-09,15:50:00,0.340172,0.331171,0.0,29373.627843,0.0,0
2026-09-09,15:50:00,0.321897,0.329966,0.0,29373.627843,0.0,0
2026-09-09,15:50:01,0.30779,0.329406,0.0,29373.627843,0.0,0
2026-09-09,15:50:02,0.335363,0.330266,0.0,29373.627843,0.0,0
2026-09-09,15:50:02,0.335363,0.329834,0.0,29373.627843,0.0,0
2026-09-09,15:50:03,0.344982,0.329834,0.0,29373.627843,0.0,0
2026-09-09,15:50:04,0.30779,0.32634,0.0,29373.627843,0.0,0
2026-09-09,15:50:04,0.341134,0.325745,0.0,29373.627843,0.0,0
2026-09-09,15:50:05,0.338569,0.325617,0.0,29373.627843,0.0,0
2026-09-09,15:50:06,0.338569,0.325617,0.0,29373.627843,0.0,0
2026-09-09,15:50:06,0.340172,0.328566,0.0,29373.627843,0.0,0
2026-09-09,15:50:07,0.30779,0.328566,0.0,29373.627843,0.0,0
2026-09-09,15:50:08,0.30779,0.325328,0.0,29373.627843,0.0,0
2026-09-09,15:50:08,0.30779,0.323917,0.0,29373.627843,0.0,0
2026-09-09,15:50:09,0.30779,0.323917,0.0,29373.627843,0.0,0
2026-09-09,15:50:10,0.314204,0.324559,0.0,29373.627843,0.0,0
2026-09-09,15:50:10,0.32075,0.323097,0.0,29373.627843,0.0,0
2026-09-09,15:50:11,0.34219,0.322818,0.0,29373.627843,0.0,0
2026-09-09,15:50:12,0.34219,0.324147,0.0,29373.627843,0.0,0
2026-09-09,15:50:12,0.321083,0.324147,0.0,29373.627843,0.0,0
2026-09-09,15:50:13,0.323641,0.322398,0.0,29373.627843,0.0,0
2026-09-09,15:50:14,0.332318,0.321773,0.0,29373.627843,0.0,0
2026-09-09,15:50:15,0.332971,0.321053,0.0,29373.627843,0.0,0
2026-09-09,15:50:15,0.332971,0.321053,0.0,29373.627843,0.0,0
2026-09-09,15:50:16,0.332645,0.323538,0.0,29373.627843,0.0,0
2026-09-09,15:50:17,0.331992,0.325958,0.0,29373.627843,0.0,0
2026-09-09,15:50:17,0.350599,0.330239,0.0,29373.627843,0.0,0
2026-09-09,15:50:18,0.350599,0.333015,0.0,29373.627843,0.0,0
2026-09-09,15:50:19,0.341964,0.333015,0.0,29373.627843,0.0,0
2026-09-09,15:50:19,0.348711,0.335811,0.0,29373.627843,0.0,0
2026-09-09,15:50:20,0.347409,0.336333,0.0,29373.627843,0.0,0
2026-09-09,15:50:21,0.343827,0.338608,0.0,29373.627843,0.0,0
2026-09-09,15:50:21,0.343827,0.337501,0.0,29373.627843,0.0,0
2026-09-09,15:50:22,0.31257,0.337501,0.0,29373.627843,0.0,0
2026-09-09,15:50:23,0.31257,0.335526,0.0,29373.627843,0.0,0
2026-09-09,15:50:23,0.340814,0.33631,0.0,29373.627843,0.0,0
2026-09-09,15:50:24,0.349879,0.338033,0.0,29373.627843,0.0,0
2026-09-09,15:50:25,0.349879,0.338033,0.0,29373.627843,0.0,0
2026-09-09,15:50:25,0.355771,0.340411,0.0,29373.627843,0.0,0
2026-09-09,15:50:26,0.335478,0.338899,0.0,29373.627843,0.0,0
2026-09-09,15:50:27,0.334824,0.338185,0.0,29373.627843,0.0,0
2026-09-09,15:50:27,0.334824,0.336142,0.0,29373.627843,0.0,0
2026-09-09,15:50:28,0.328278,0.336142,0.0,29373.627843,0.0,0
2026-09-09,15:50:29,0.290253,0.330426,0.0,29373.627843,0.0,0
2026-09-09,15:50:29,0.30761,0.326805,0.0,29373.627843,0.0,0
2026-09-09,15:50:30,0.322075,0.327755,0.0,29373.627843,0.0,0
2026-09-09,15:50:31,0.322075,0.328706,0.0,29373.627843,0.0,0
2026-09-09,15:50:31,0.322075,0.328706,0.0,29373.627843,0.0,0
2026-09-09,15:50:32,0.328825,0.327507,0.0,29373.627843,0.0,0
2026-09-09,15:50:33,0.328825,0.325401,0.0,29373.627843,0.0,0
2026-09-09,15:50:33,0.323682,0.322192,0.0,29373.627843,0.0,0
2026-09-09,15:50:34,0.323682,0.322192,0.0,29373.627843,0.0,0
2026-09-09,15:50:35,0.288003,0.317445,0.0,29373.627843,0.0,0
2026-09-09,15:50:35,0.295789,0.313541,0.0,29373.627843,0.0,0
2026-09-09,15:50:36,0.332968,0.31401,0.0,29373.627843,0.0,0
2026-09-09,15:50:37,0.332968,0.315951,0.0,29373.627843,0.0,0
2026-09-09,15:50:37,0.309661,0.315951,0.0,29373.627843,0.0,0
2026-09-09,15:50:38,0.352094,0.320399,0.0,29373.627843,0.0,0
2026-09-09,15:50:39,0.342376,0.32243,0.0,29373.627843,0.0,0
2026-09-09,15:50:39,0.344644,0.324687,0.0,29373.627843,0.0,0
2026-09-09,15:50:40,0.344644,0.326301,0.0,29373.627843,0.0,0
2026-09-09,15:50:41,0.344967,0.326301,0.0,29373.627843,0.0,0
2026-09-09,15:50:41,0.34432,0.32785,0.0,29373.627843,0.0,0
2026-09-09,15:50:42,0.342052,0.329687,0.0,29373.627843,0.0,0
2026-09-09,15:50:43,0.332983,0.334185,0.0,29373.627843,0.0,0
2026-09-09,15:50:43,0.332983,0.334185,0.0,29373.627843,0.0,0
2026-09-09,15:50:44,0.332011,0.337808,0.0,29373.627843,0.0,0
2026-09-09,15:50:45,0.332335,0.337744,0.0,29373.627843,0.0,0
2026-09-09,15:50:45,0.334926,0.340271,0.0,29373.627843,0.0,0
2026-09-09,15:50:46,0.334926,0.338943,0.0,29373.627843,0.0,0
2026-09-09,15:50:47,0.338813,0.338943,0.0,29373.627843,0.0,0
2026-09-09,15:50:47,0.348432,0.339548,0.0,29373.627843,0.0,0
2026-09-09,15:50:48,0.345373,0.339621,0.0,29373.627843,0.0,0
2026-09-09,15:50:49,0.310158,0.33614,0.0,29373.627843,0.0,0
2026-09-09,15:50:49,0.310158,0.332724,0.0,29373.627843,0.0,0
2026-09-09,15:50:50,0.310158,0.332724,0.0,29373.627843,0.0,0
2026-09-09,15:50:51,0.32405,0.330924,0.0,29373.627843,0.0,0
2026-09-09,15:50:51,0.325342,0.33016,0.0,29373.627843,0.0,0
2026-09-09,15:50:52,0.307896,0.327748,0.0,29373.627843,0.0,0
2026-09-09,15:50:53,0.307896,0.327748,0.0,29373.627843,0.0,0
2026-09-09,15:50:53,0.321142,0.326629,0.0,29373.627843,0.0,0
2026-09-09,15:50:54,0.28948,0.322084,0.0,29373.627843,0.0,0
2026-09-09,15:50:55,0.296911,0.317894,0.0,29373.627843,0.0,0
2026-09-09,15:50:55,0.30725,0.313776,0.0,29373.627843,0.0,0
2026-09-09,15:50:56,0.30725,0.313776,0.0,29373.627843,0.0,0
2026-09-09,15:50:57,0.330512,0.31229,0.0,29373.627843,0.0,0
2026-09-09,15:50:57,0.28948,0.310222,0.0,29373.627843,0.0,0
2026-09-09,15:50:58,0.306927,0.309899,0.0,29373.627843,0.0,0
2026-09-09,15:50:59,0.306927,0.309834,0.0,29373.627843,0.0,0
2026-09-09,15:50:59,0.323404,0.309834,0.0,29373.627843,0.0,0
2026-09-09,15:51:00,0.28948,0.306248,0.0,29373.627843,0.0,0
2026-09-09,15:51:01,0.30725,0.306184,0.0,29373.627843,0.0,0
2026-09-09,15:51:01,0.324373,0.306507,0.0,29373.627843,0.0,0
2026-09-09,15:51:02,0.324373,0.306507,0.0,29373.627843,0.0,0
2026-09-09,15:51:03,0.292711,0.30683,0.0,29373.627843,0.0,0
2026-09-09,15:51:03,0.30725,0.307864,0.0,29373.627843,0.0,0
2026-09-09,15:51:04,0.322112,0.30935,0.0,29373.627843,0.0,0
2026-09-09,15:51:05,0.28948,0.305247,0.0,29373.627843,0.0,0
2026-09-09,15:51:05,0.28948,0.305247,0.0,29373.627843,0.0,0
2026-09-09,15:51:06,0.327281,0.309027,0.0,29373.627843,0.0,0
2026-09-09,15:51:07,0.312419,0.309576,0.0,29373.627843,0.0,0
2026-09-09,15:51:07,0.340204,0.311256,0.0,29373.627843,0.0,0
2026-09-09,15:51:08,0.340204,0.316135,0.0,29373.627843,0.0,0
2026-09-09,15:51:09,0.338266,0.316135,0.0,29373.627843,0.0,0
2026-09-09,15:51:09,0.339235,0.319333,0.0,29373.627843,0.0,0
2026-09-09,15:51:10,0.337296,0.320625,0.0,29373.627843,0.0,0
2026-09-09,15:51:11,0.330835,0.324438,0.0,29373.627843,0.0,0
2026-09-09,15:51:11,0.330835,0.324438,0.0,29373.627843,0.0,0
2026-09-09,15:51:12,0.323727,0.326085,0.0,29373.627843,0.0,0
2026-09-09,15:51:13,0.344404,0.328315,0.0,29373.627843,0.0,0
2026-09-09,15:51:13,0.31145,0.330512,0.0,29373.627843,0.0,0
2026-09-09,15:51:14,0.310158,0.328799,0.0,29373.627843,0.0,0
2026-09-09,15:51:15,0.310158,0.328799,0.0,29373.627843,0.0,0
2026-09-09,15:51:15,0.310158,0.328573,0.0,29373.627843,0.0,0
2026-09-09,15:51:16,0.310158,0.325568,0.0,29373.627843,0.0,0
2026-09-09,15:51:17,0.343112,0.326053,0.0,29373.627843,0.0,0
2026-09-09,15:51:17,0.343112,0.326441,0.0,29373.627843,0.0,0
2026-09-09,15:51:18,0.343112,0.326441,0.0,29373.627843,0.0,0
2026-09-09,15:51:19,0.344081,0.327119,0.0,29373.627843,0.0,0
2026-09-09,15:51:19,0.34505,0.328541,0.0,29373.627843,0.0,0
2026-09-09,15:51:20,0.310158,0.327184,0.0,29373.627843,0.0,0
2026-09-09,15:51:21,0.310158,0.327184,0.0,29373.627843,0.0,0
2026-09-09,15:51:21,0.310158,0.323759,0.0,29373.627843,0.0,0
2026-09-09,15:51:22,0.311127,0.323727,0.0,29373.627843,0.0,0
2026-09-09,15:51:23,0.310481,0.323759,0.0,29373.627843,0.0,0
2026-09-09,15:51:23,0.310158,0.323759,0.0,29373.627843,0.0,0
2026-09-09,15:51:24,0.310158,0.323759,0.0,29373.627843,0.0,0
2026-09-09,15:51:25,0.346019,0.327345,0.0,29373.627843,0.0,0
2026-09-09,15:51:25,0.351189,0.328153,0.0,29373.627843,0.0,0
2026-09-09,15:51:26,0.33245,0.327087,0.0,29373.627843,0.0,0
2026-09-09,15:51:27,0.33245,0.325504,0.0,29373.627843,0.0,0
2026-09-09,15:51:27,0.32825,0.325504,0.0,29373.627843,0.0,0
2026-09-09,15:51:28,0.327927,0.323792,0.0,29373.627843,0.0,0
2026-09-09,15:51:29,0.335046,0.32628,0.0,29373.627843,0.0,0
2026-09-09,15:51:29,0.332566,0.328521,0.0,29373.627843,0.0,0
2026-09-09,15:51:30,0.332566,0.330987,0.0,29373.627843,0.0,0
2026-09-09,15:51:31,0.335788,0.330987,0.0,29373.627843,0.0,0
2026-09-09,15:51:31,0.3403,0.333969,0.0,29373.627843,0.0,0
2026-09-09,15:51:32,0.349225,0.337876,0.0,29373.627843,0.0,0
2026-09-09,15:51:33,0.314204,0.334695,0.0,29373.627843,0.0,0
2026-09-09,15:51:33,0.314204,0.334695,0.0,29373.627843,0.0,0
2026-09-09,15:51:34,0.30779,0.330355,0.0,29373.627843,0.0,0
2026-09-09,15:51:35,0.30779,0.327889,0.0,29373.627843,0.0,0
2026-09-09,15:51:35,0.313561,0.32642,0.0,29373.627843,0.0,0
2026-09-09,15:51:36,0.313561,0.326041,0.0,29373.627843,0.0,0
2026-09-09,15:51:37,0.324142,0.326041,0.0,29373.627843,0.0,0
2026-09-09,15:51:37,0.30779,0.323316,0.0,29373.627843,0.0,0
2026-09-09,15:51:38,0.327027,0.322762,0.0,29373.627843,0.0,0
2026-09-09,15:51:39,0.329592,0.322142,0.0,29373.627843,0.0,0
2026-09-09,15:51:39,0.329592,0.3212,0.0,29373.627843,0.0,0
2026-09-09,15:51:40,0.330875,0.3212,0.0,29373.627843,0.0,0
2026-09-09,15:51:41,0.330554,0.319333,0.0,29373.627843,0.0,0
2026-09-09,15:51:41,0.330233,0.320936,0.0,29373.627843,0.0,0
2026-09-09,15:51:42,0.322218,0.322378,0.0,29373.627843,0.0,0
2026-09-09,15:51:43,0.322218,0.322378,0.0,29373.627843,0.0,0
2026-09-09,15:51:43,0.324462,0.324046,0.0,29373.627843,0.0,0
2026-09-09,15:51:44,0.335478,0.326237,0.0,29373.627843,0.0,0
2026-09-09,15:51:45,0.316289,0.325452,0.0,29373.627843,0.0,0
2026-09-09,15:51:45,0.316289,0.326752,0.0,29373.627843,0.0,0
2026-09-09,15:51:46,0.320789,0.326752,0.0,29373.627843,0.0,0
2026-09-09,15:51:47,0.308574,0.324907,0.0,29373.627843,0.0,0
2026-09-09,15:51:47,0.315859,0.323533,0.0,29373.627843,0.0,0
2026-09-09,15:51:48,0.309217,0.321368,0.0,29373.627843,0.0,0
2026-09-09,15:51:49,0.309217,0.319491,0.0,29373.627843,0.0,0
2026-09-09,15:51:49,0.311789,0.319491,0.0,29373.627843,0.0,0
2026-09-09,15:51:50,0.310503,0.317518,0.0,29373.627843,0.0,0
2026-09-09,15:51:51,0.308574,0.316154,0.0,29373.627843,0.0,0
2026-09-09,15:51:51,0.341361,0.317843,0.0,29373.627843,0.0,0
2026-09-09,15:51:52,0.341361,0.317843,0.0,29373.627843,0.0,0
2026-09-09,15:51:53,0.338468,0.318142,0.0,29373.627843,0.0,0
2026-09-09,15:51:53,0.334289,0.319942,0.0,29373.627843,0.0,0
2026-09-09,15:51:54,0.331396,0.321003,0.0,29373.627843,0.0,0
2026-09-09,15:51:55,0.331396,0.323189,0.0,29373.627843,0.0,0
2026-09-09,15:51:55,0.330432,0.323189,0.0,29373.627843,0.0,0
2026-09-09,15:51:56,0.333325,0.324935,0.0,29373.627843,0.0,0
2026-09-09,15:51:57,0.345876,0.328601,0.0,29373.627843,0.0,0
2026-09-09,15:51:57,0.342003,0.331623,0.0,29373.627843,0.0,0
2026-09-09,15:51:58,0.342003,0.33143,0.0,29373.627843,0.0,0
2026-09-09,15:51:59,0.308574,0.33143,0.0,29373.627843,0.0,0
2026-09-09,15:51:59,0.308574,0.33143,0.0,29373.627843,0.0,0
2026-09-09,15:52:00,0.308574,0.328151,0.0,29373.627843,0.0,0
2026-09-09,15:52:01,0.309217,0.325226,0.0,29373.627843,0.0,0
2026-09-09,15:52:01,0.309217,0.325226,0.0,29373.627843,0.0,0
2026-09-09,15:52:02,0.309217,0.322719,0.0,29373.627843,0.0,0
2026-09-09,15:52:03,0.308574,0.320437,0.0,29373.627843,0.0,0
2026-09-09,15:52:03,0.342325,0.321626,0.0,29373.627843,0.0,0
2026-09-09,15:52:04,0.342325,0.321658,0.0,29373.627843,0.0,0
2026-09-09,15:52:05,0.333646,0.321658,0.0,29373.627843,0.0,0
2026-09-09,15:52:05,0.321753,0.319246,0.0,29373.627843,0.0,0
2026-09-09,15:52:06,0.315186,0.316564,0.0,29373.627843,0.0,0
2026-09-09,15:52:07,0.349879,0.320695,0.0,29373.627843,0.0,0
2026-09-09,15:52:07,0.349879,0.321323,0.0,29373.627843,0.0,0
2026-09-09,15:52:08,0.314859,0.321323,0.0,29373.627843,0.0,0
2026-09-09,15:52:09,0.342096,0.324675,0.0,29373.627843,0.0,0
2026-09-09,15:52:09,0.30779,0.324533,0.0,29373.627843,0.0,0
2026-09-09,15:52:10,0.342417,0.327853,0.0,29373.627843,0.0,0
2026-09-09,15:52:11,0.342417,0.327853,0.0,29373.627843,0.0,0
2026-09-09,15:52:11,0.348509,0.331846,0.0,29373.627843,0.0,0
2026-09-09,15:52:12,0.322539,0.329867,0.0,29373.627843,0.0,0
2026-09-09,15:52:13,0.30779,0.327282,0.0,29373.627843,0.0,0
2026-09-09,15:52:13,0.30779,0.329092,0.0,29373.627843,0.0,0
2026-09-09,15:52:14,0.339852,0.329092,0.0,29373.627843,0.0,0
2026-09-09,15:52:15,0.326386,0.330212,0.0,29373.627843,0.0,0
2026-09-09,15:52:15,0.311958,0.32642,0.0,29373.627843,0.0,0
2026-09-09,15:52:16,0.340153,0.328949,0.0,29373.627843,0.0,0
2026-09-09,15:52:17,0.340153,0.327253,0.0,29373.627843,0.0,0
2026-09-09,15:52:17,0.325136,0.327253,0.0,29373.627843,0.0,0
2026-09-09,15:52:18,0.313384,0.327812,0.0,29373.627843,0.0,0
2026-09-09,15:52:19,0.345702,0.328141,0.0,29373.627843,0.0,0
2026-09-09,15:52:19,0.336433,0.326933,0.0,29373.627843,0.0,0
2026-09-09,15:52:20,0.336433,0.326933,0.0,29373.627843,0.0,0
2026-09-09,15:52:21,0.337712,0.328451,0.0,29373.627843,0.0,0
2026-09-09,15:52:21,0.34091,0.331763,0.0,29373.627843,0.0,0
2026-09-09,15:52:22,0.286544,0.326432,0.0,29373.627843,0.0,0
2026-09-09,15:52:23,0.286544,0.322832,0.0,29373.627843,0.0,0
2026-09-09,15:52:23,0.290381,0.322832,0.0,29373.627843,0.0,0
2026-09-09,15:52:24,0.298057,0.321441,0.0,29373.627843,0.0,0
2026-09-09,15:52:25,0.30443,0.317869,0.0,29373.627843,0.0,0
2026-09-09,15:52:25,0.312896,0.316645,0.0,29373.627843,0.0,0
2026-09-09,15:52:26,0.312896,0.318615,0.0,29373.627843,0.0,0
2026-09-09,15:52:27,0.333082,0.318615,0.0,29373.627843,0.0,0
2026-09-09,15:52:27,0.327547,0.316799,0.0,29373.627843,0.0,0
2026-09-09,15:52:28,0.287271,0.311883,0.0,29373.627843,0.0,0
2026-09-09,15:52:29,0.324783,0.31059,0.0,29373.627843,0.0,0
2026-09-09,15:52:29,0.324783,0.31059,0.0,29373.627843,0.0,0
2026-09-09,15:52:30,0.327027,0.309202,0.0,29373.627843,0.0,0
2026-09-09,15:52:31,0.327989,0.313346,0.0,29373.627843,0.0,0
2026-09-09,15:52:31,0.321577,0.316466,0.0,29373.627843,0.0,0
2026-09-09,15:52:32,0.321577,0.315387,0.0,29373.627843,0.0,0
2026-09-09,15:52:33,0.287271,0.315387,0.0,29373.627843,0.0,0
2026-09-09,15:52:33,0.287271,0.313671,0.0,29373.627843,0.0,0
2026-09-09,15:52:34,0.313241,0.313706,0.0,29373.627843,0.0,0
2026-09-09,15:52:35,0.341455,0.314543,0.0,29373.627843,0.0,0
2026-09-09,15:52:35,0.341455,0.315934,0.0,29373.627843,0.0,0
2026-09-09,15:52:36,0.341455,0.315934,0.0,29373.627843,0.0,0
2026-09-09,15:52:37,0.341134,0.32132,0.0,29373.627843,0.0,0
2026-09-09,15:52:37,0.341134,0.322955,0.0,29373.627843,0.0,0
2026-09-09,15:52:38,0.343058,0.324559,0.0,29373.627843,0.0,0
2026-09-09,15:52:39,0.343058,0.324559,0.0,29373.627843,0.0,0
2026-09-09,15:52:39,0.326245,0.324384,0.0,29373.627843,0.0,0
2026-09-09,15:52:40,0.310942,0.323321,0.0,29373.627843,0.0,0
2026-09-09,15:52:41,0.333082,0.327902,0.0,29373.627843,0.0,0
2026-09-09,15:52:41,0.333082,0.332483,0.0,29373.627843,0.0,0
2026-09-09,15:52:42,0.333082,0.332483,0.0,29373.627843,0.0,0
2026-09-09,15:52:43,0.291732,0.330332,0.0,29373.627843,0.0,0
2026-09-09,15:52:43,0.316764,0.327863,0.0,29373.627843,0.0,0
2026-09-09,15:52:44,0.303433,0.324061,0.0,29373.627843,0.0,0
2026-09-09,15:52:45,0.303433,0.321751,0.0,29373.627843,0.0,0
2026-09-09,15:52:45,0.318033,0.321751,0.0,29373.627843,0.0,0
2026-09-09,15:52:46,0.293798,0.317017,0.0,29373.627843,0.0,0
2026-09-09,15:52:47,0.304133,0.313125,0.0,29373.627843,0.0,0
2026-09-09,15:52:47,0.317245,0.312225,0.0,29373.627843,0.0,0
2026-09-09,15:52:48,0.317245,0.312225,0.0,29373.627843,0.0,0
2026-09-09,15:52:49,0.307011,0.311831,0.0,29373.627843,0.0,0
2026-09-09,15:52:49,0.31257,0.30978,0.0,29373.627843,0.0,0
2026-09-09,15:52:50,0.33665,0.310137,0.0,29373.627843,0.0,0
2026-09-09,15:52:51,0.33665,0.313961,0.0,29373.627843,0.0,0
2026-09-09,15:52:51,0.329968,0.313961,0.0,29373.627843,0.0,0
2026-09-09,15:52:52,0.341742,0.316458,0.0,29373.627843,0.0,0
2026-09-09,15:52:53,0.305467,0.316662,0.0,29373.627843,0.0,0
2026-09-09,15:52:53,0.328377,0.317696,0.0,29373.627843,0.0,0
2026-09-09,15:52:54,0.328377,0.323025,0.0,29373.627843,0.0,0
2026-09-09,15:52:55,0.347083,0.323025,0.0,29373.627843,0.0,0
2026-09-09,15:52:55,0.31257,0.323868,0.0,29373.627843,0.0,0
2026-09-09,15:52:56,0.35392,0.327536,0.0,29373.627843,0.0,0
2026-09-09,15:52:57,0.333082,0.330143,0.0,29373.627843,0.0,0
2026-09-09,15:52:57,0.333082,0.330143,0.0,29373.627843,0.0,0
2026-09-09,15:52:58,0.326571,0.331543,0.0,29373.627843,0.0,0
2026-09-09,15:52:59,0.316803,0.329558,0.0,29373.627843,0.0,0
2026-09-09,15:52:59,0.314524,0.328014,0.0,29373.627843,0.0,0
2026-09-09,15:53:00,0.314524,0.324619,0.0,29373.627843,0.0,0
2026-09-09,15:53:01,0.30779,0.324619,0.0,29373.627843,0.0,0
2026-09-09,15:53:01,0.315029,0.325575,0.0,29373.627843,0.0,0
2026-09-09,15:53:02,0.315029,0.32424,0.0,29373.627843,0.0,0
2026-09-09,15:53:03,0.309363,0.320468,0.0,29373.627843,0.0,0
2026-09-09,15:53:03,0.309363,0.320148,0.0,29373.627843,0.0,0
2026-09-09,15:53:04,0.309363,0.320148,0.0,29373.627843,0.0,0
2026-09-09,15:53:05,0.312586,0.316014,0.0,29373.627843,0.0,0
2026-09-09,15:53:05,0.326443,0.31535,0.0,29373.627843,0.0,0
2026-09-09,15:53:06,0.329665,0.31566,0.0,29373.627843,0.0,0
2026-09-09,15:53:07,0.329665,0.31566,0.0,29373.627843,0.0,0
2026-09-09,15:53:07,0.322898,0.316269,0.0,29373.627843,0.0,0
2026-09-09,15:53:08,0.299606,0.314777,0.0,29373.627843,0.0,0
2026-09-09,15:53:09,0.315357,0.315534,0.0,29373.627843,0.0,0
2026-09-09,15:53:09,0.315357,0.316945,0.0,29373.627843,0.0,0
2026-09-09,15:53:10,0.32914,0.316945,0.0,29373.627843,0.0,0
2026-09-09,15:53:11,0.285821,0.314024,0.0,29373.627843,0.0,0
2026-09-09,15:53:11,0.324101,0.315498,0.0,29373.627843,0.0,0
2026-09-09,15:53:12,0.324101,0.316972,0.0,29373.627843,0.0,0
2026-09-09,15:53:13,0.324101,0.318286,0.0,29373.627843,0.0,0
2026-09-09,15:53:13,0.325725,0.318286,0.0,29373.627843,0.0,0
2026-09-09,15:53:14,0.327024,0.318344,0.0,29373.627843,0.0,0
2026-09-09,15:53:15,0.326699,0.318047,0.0,29373.627843,0.0,0
2026-09-09,15:53:15,0.344561,0.320213,0.0,29373.627843,0.0,0
2026-09-09,15:53:16,0.344561,0.320213,0.0,29373.627843,0.0,0
2026-09-09,15:53:17,0.311761,0.321429,0.0,29373.627843,0.0,0
2026-09-09,15:53:17,0.311761,0.321069,0.0,29373.627843,0.0,0
2026-09-09,15:53:18,0.342287,0.322384,0.0,29373.627843,0.0,0
2026-09-09,15:53:19,0.342287,0.326699,0.0,29373.627843,0.0,0
2026-09-09,15:53:19,0.328973,0.326699,0.0,29373.627843,0.0,0
2026-09-09,15:53:20,0.33718,0.328007,0.0,29373.627843,0.0,0
2026-09-09,15:53:21,0.306237,0.326221,0.0,29373.627843,0.0,0
2026-09-09,15:53:21,0.333671,0.327015,0.0,29373.627843,0.0,0
2026-09-09,15:53:22,0.333671,0.327328,0.0,29373.627843,0.0,0
2026-09-09,15:53:23,0.330152,0.327328,0.0,29373.627843,0.0,0
2026-09-09,15:53:23,0.340688,0.328727,0.0,29373.627843,0.0,0
2026-09-09,15:53:24,0.310957,0.325367,0.0,29373.627843,0.0,0
2026-09-09,15:53:25,0.34432,0.328622,0.0,29373.627843,0.0,0
2026-09-09,15:53:25,0.34432,0.328622,0.0,29373.627843,0.0,0
2026-09-09,15:53:26,0.342052,0.331652,0.0,29373.627843,0.0,0
2026-09-09,15:53:27,0.341728,0.331596,0.0,29373.627843,0.0,0
2026-09-09,15:53:27,0.343672,0.333066,0.0,29373.627843,0.0,0
2026-09-09,15:53:28,0.343672,0.330443,0.0,29373.627843,0.0,0
2026-09-09,15:53:29,0.310957,0.330443,0.0,29373.627843,0.0,0
2026-09-09,15:53:29,0.310957,0.330915,0.0,29373.627843,0.0,0
2026-09-09,15:53:30,0.311604,0.328709,0.0,29373.627843,0.0,0
2026-09-09,15:53:31,0.34432,0.330125,0.0,29373.627843,0.0,0
2026-09-09,15:53:31,0.34432,0.330845,0.0,29373.627843,0.0,0
2026-09-09,15:53:32,0.347883,0.330845,0.0,29373.627843,0.0,0
2026-09-09,15:53:33,0.345615,0.334311,0.0,29373.627843,0.0,0
2026-09-09,15:53:33,0.324885,0.332367,0.0,29373.627843,0.0,0
2026-09-09,15:53:34,0.330067,0.331169,0.0,29373.627843,0.0,0
2026-09-09,15:53:35,0.330067,0.331169,0.0,29373.627843,0.0,0
2026-09-09,15:53:35,0.336222,0.330618,0.0,29373.627843,0.0,0
2026-09-09,15:53:36,0.340109,0.330262,0.0,29373.627843,0.0,0
2026-09-09,15:53:37,0.348103,0.333977,0.0,29373.627843,0.0,0
2026-09-09,15:53:37,0.348103,0.337086,0.0,29373.627843,0.0,0
2026-09-09,15:53:38,0.342052,0.337086,0.0,29373.627843,0.0,0
2026-09-09,15:53:39,0.337194,0.339645,0.0,29373.627843,0.0,0
2026-09-09,15:53:39,0.327476,0.337961,0.0,29373.627843,0.0,0
2026-09-09,15:53:40,0.316787,0.334851,0.0,29373.627843,0.0,0
2026-09-09,15:53:41,0.316787,0.33443,0.0,29373.627843,0.0,0
2026-09-09,15:53:41,0.341404,0.33443,0.0,29373.627843,0.0,0
2026-09-09,15:53:42,0.325209,0.334462,0.0,29373.627843,0.0,0
2026-09-09,15:53:43,0.306237,0.332079,0.0,29373.627843,0.0,0
2026-09-09,15:53:43,0.335362,0.331993,0.0,29373.627843,0.0,0
2026-09-09,15:53:44,0.335362,0.331993,0.0,29373.627843,0.0,0
2026-09-09,15:53:45,0.315826,0.329565,0.0,29373.627843,0.0,0
2026-09-09,15:53:45,0.343176,0.329072,0.0,29373.627843,0.0,0
2026-09-09,15:53:46,0.327873,0.327654,0.0,29373.627843,0.0,0
2026-09-09,15:53:47,0.327873,0.325224,0.0,29373.627843,0.0,0
2026-09-09,15:53:47,0.312896,0.325224,0.0,29373.627843,0.0,0
2026-09-09,15:53:48,0.347409,0.327218,0.0,29373.627843,0.0,0
2026-09-09,15:53:49,0.343176,0.329857,0.0,29373.627843,0.0,0
2026-09-09,15:53:49,0.313547,0.327071,0.0,29373.627843,0.0,0
2026-09-09,15:53:50,0.313547,0.327071,0.0,29373.627843,0.0,0
2026-09-09,15:53:51,0.327873,0.327337,0.0,29373.627843,0.0,0
2026-09-09,15:53:51,0.326896,0.329403,0.0,29373.627843,0.0,0
2026-09-09,15:53:52,0.349688,0.330836,0.0,29373.627843,0.0,0
2026-09-09,15:53:53,0.348385,0.334092,0.0,29373.627843,0.0,0
2026-09-09,15:53:53,0.348385,0.334092,0.0,29373.627843,0.0,0
2026-09-09,15:53:54,0.347083,0.334483,0.0,29373.627843,0.0,0
2026-09-09,15:53:55,0.319733,0.333669,0.0,29373.627843,0.0,0
2026-09-09,15:53:55,0.314198,0.333799,0.0,29373.627843,0.0,0
2026-09-09,15:53:56,0.314198,0.329528,0.0,29373.627843,0.0,0
2026-09-09,15:53:57,0.304703,0.329528,0.0,29373.627843,0.0,0
2026-09-09,15:53:57,0.342878,0.329498,0.0,29373.627843,0.0,0
2026-09-09,15:53:58,0.323543,0.330498,0.0,29373.627843,0.0,0
2026-09-09,15:53:59,0.309363,0.328647,0.0,29373.627843,0.0,0
2026-09-09,15:53:59,0.309363,0.329762,0.0,29373.627843,0.0,0
2026-09-09,15:54:00,0.338044,0.329762,0.0,29373.627843,0.0,0
2026-09-09,15:54:01,0.3461,0.329403,0.0,29373.627843,0.0,0
2026-09-09,15:54:01,0.309363,0.325501,0.0,29373.627843,0.0,0
2026-09-09,15:54:02,0.332888,0.324081,0.0,29373.627843,0.0,0
2026-09-09,15:54:03,0.332888,0.324081,0.0,29373.627843,0.0,0
2026-09-09,15:54:03,0.319998,0.324108,0.0,29373.627843,0.0,0
2026-09-09,15:54:04,0.309363,0.323624,0.0,29373.627843,0.0,0
2026-09-09,15:54:05,0.344891,0.327643,0.0,29373.627843,0.0,0
2026-09-09,15:54:05,0.344891,0.325609,0.0,29373.627843,0.0,0
2026-09-09,15:54:06,0.322539,0.325609,0.0,29373.627843,0.0,0
2026-09-09,15:54:07,0.327348,0.32599,0.0,29373.627843,0.0,0
2026-09-09,15:54:07,0.330233,0.328077,0.0,29373.627843,0.0,0
2026-09-09,15:54:08,0.340814,0.328354,0.0,29373.627843,0.0,0
2026-09-09,15:54:09,0.340814,0.324523,0.0,29373.627843,0.0,0
2026-09-09,15:54:09,0.30779,0.324523,0.0,29373.627843,0.0,0
2026-09-09,15:54:10,0.345049,0.328091,0.0,29373.627843,0.0,0
2026-09-09,15:54:11,0.336562,0.328459,0.0,29373.627843,0.0,0
2026-09-09,15:54:11,0.322396,0.328699,0.0,29373.627843,0.0,0
2026-09-09,15:54:12,0.322396,0.328699,0.0,29373.627843,0.0,0
2026-09-09,15:54:13,0.316932,0.329455,0.0,29373.627843,0.0,0
2026-09-09,15:54:14,0.308574,0.325824,0.0,29373.627843,0.0,0
2026-09-09,15:54:14,0.308574,0.324427,0.0,29373.627843,0.0,0
2026-09-09,15:54:15,0.308574,0.323031,0.0,29373.627843,0.0,0
2026-09-09,15:54:16,0.313384,0.323031,0.0,29373.627843,0.0,0
2026-09-09,15:54:16,0.308574,0.320865,0.0,29373.627843,0.0,0
2026-09-09,15:54:17,0.308574,0.317641,0.0,29373.627843,0.0,0
2026-09-09,15:54:18,0.318608,0.318723,0.0,29373.627843,0.0,0
2026-09-09,15:54:18,0.318608,0.319147,0.0,29373.627843,0.0,0
2026-09-09,15:54:19,0.349293,0.319147,0.0,29373.627843,0.0,0
2026-09-09,15:54:20,0.351252,0.320616,0.0,29373.627843,0.0,0
2026-09-09,15:54:20,0.327421,0.321119,0.0,29373.627843,0.0,0
2026-09-09,15:54:21,0.327748,0.3222,0.0,29373.627843,0.0,0
2026-09-09,15:54:22,0.327748,0.3222,0.0,29373.627843,0.0,0
2026-09-09,15:54:22,0.328074,0.32415,0.0,29373.627843,0.0,0
2026-09-09,15:54:23,0.313384,0.324631,0.0,29373.627843,0.0,0
2026-09-09,15:54:24,0.349293,0.328222,0.0,29373.627843,0.0,0
2026-09-09,15:54:24,0.349293,0.329944,0.0,29373.627843,0.0,0
2026-09-09,15:54:25,0.325789,0.329944,0.0,29373.627843,0.0,0
2026-09-09,15:54:26,0.326442,0.331731,0.0,29373.627843,0.0,0
2026-09-09,15:54:26,0.326442,0.332514,0.0,29373.627843,0.0,0
2026-09-09,15:54:27,0.319803,0.329565,0.0,29373.627843,0.0,0
2026-09-09,15:54:28,0.319803,0.328595,0.0,29373.627843,0.0,0
2026-09-09,15:54:28,0.34155,0.328595,0.0,29373.627843,0.0,0
2026-09-09,15:54:29,0.30861,0.326714,0.0,29373.627843,0.0,0
2026-09-09,15:54:30,0.307011,0.32464,0.0,29373.627843,0.0,0
2026-09-09,15:54:30,0.331316,0.324964,0.0,29373.627843,0.0,0
2026-09-09,15:54:31,0.331316,0.324964,0.0,29373.627843,0.0,0
2026-09-09,15:54:32,0.339951,0.327621,0.0,29373.627843,0.0,0
2026-09-09,15:54:32,0.328758,0.325567,0.0,29373.627843,0.0,0
2026-09-09,15:54:33,0.307011,0.32369,0.0,29373.627843,0.0,0
2026-09-09,15:54:34,0.307011,0.323697,0.0,29373.627843,0.0,0
2026-09-09,15:54:34,0.326519,0.323697,0.0,29373.627843,0.0,0
2026-09-09,15:54:35,0.307011,0.321754,0.0,29373.627843,0.0,0
2026-09-09,15:54:36,0.351578,0.324932,0.0,29373.627843,0.0,0
2026-09-09,15:54:36,0.347661,0.325543,0.0,29373.627843,0.0,0
2026-09-09,15:54:37,0.347661,0.326743,0.0,29373.627843,0.0,0
2026-09-09,15:54:38,0.320615,0.326743,0.0,29373.627843,0.0,0
2026-09-09,15:54:38,0.30779,0.326821,0.0,29373.627843,0.0,0
2026-09-09,15:54:39,0.327989,0.326488,0.0,29373.627843,0.0,0
2026-09-09,15:54:40,0.33889,0.326382,0.0,29373.627843,0.0,0
2026-09-09,15:54:40,0.33889,0.326382,0.0,29373.627843,0.0,0
2026-09-09,15:54:41,0.35392,0.328899,0.0,29373.627843,0.0,0
2026-09-09,15:54:42,0.324783,0.330676,0.0,29373.627843,0.0,0
2026-09-09,15:54:42,0.315485,0.329572,0.0,29373.627843,0.0,0
2026-09-09,15:54:43,0.315485,0.32965,0.0,29373.627843,0.0,0
2026-09-09,15:54:44,0.30779,0.32965,0.0,29373.627843,0.0,0
2026-09-09,15:54:44,0.341455,0.328638,0.0,29373.627843,0.0,0
2026-09-09,15:54:45,0.33889,0.327761,0.0,29373.627843,0.0,0
2026-09-09,15:54:46,0.337287,0.329428,0.0,29373.627843,0.0,0
2026-09-09,15:54:46,0.337287,0.332153,0.0,29373.627843,0.0,0
2026-09-09,15:54:47,0.335043,0.332153,0.0,29373.627843,0.0,0
2026-09-09,15:54:48,0.331195,0.332474,0.0,29373.627843,0.0,0
2026-09-09,15:54:48,0.327027,0.331288,0.0,29373.627843,0.0,0
2026-09-09,15:54:49,0.347916,0.330687,0.0,29373.627843,0.0,0
2026-09-09,15:54:50,0.347916,0.329629,0.0,29373.627843,0.0,0
2026-09-09,15:54:50,0.314204,0.329629,0.0,29373.627843,0.0,0
2026-09-09,15:54:51,0.344489,0.33253,0.0,29373.627843,0.0,0
2026-09-09,15:54:52,0.35029,0.33678,0.0,29373.627843,0.0,0
2026-09-09,15:54:52,0.329796,0.335614,0.0,29373.627843,0.0,0
2026-09-09,15:54:53,0.329796,0.335614,0.0,29373.627843,0.0,0
2026-09-09,15:54:54,0.315029,0.333228,0.0,29373.627843,0.0,0
2026-09-09,15:54:54,0.347626,0.334262,0.0,29373.627843,0.0,0
2026-09-09,15:54:55,0.339951,0.334752,0.0,29373.627843,0.0,0
2026-09-09,15:54:56,0.339951,0.335404,0.0,29373.627843,0.0,0
2026-09-09,15:54:56,0.337712,0.335404,0.0,29373.627843,0.0,0
2026-09-09,15:54:57,0.339631,0.336664,0.0,29373.627843,0.0,0
2026-09-09,15:54:58,0.3246,0.334333,0.0,29373.627843,0.0,0
2026-09-09,15:54:58,0.307011,0.333614,0.0,29373.627843,0.0,0
2026-09-09,15:54:59,0.307011,0.331369,0.0,29373.627843,0.0,0
2026-09-09,15:55:00,0.322042,0.331369,0.0,29373.627843,0.0,0
2026-09-09,15:55:00,0.307011,0.327041,0.0,29373.627843,0.0,0
2026-09-09,15:55:01,0.323001,0.326362,0.0,29373.627843,0.0,0
2026-09-09,15:55:02,0.307011,0.32556,0.0,29373.627843,0.0,0
2026-09-09,15:55:02,0.307011,0.32556,0.0,29373.627843,0.0,0
2026-09-09,15:55:03,0.347626,0.32556,0.0,29373.627843,0.0,0
2026-09-09,15:55:04,0.340591,0.325624,0.0,29373.627843,0.0,0
2026-09-09,15:55:04,0.313384,0.323191,0.0,29373.627843,0.0,0
2026-09-09,15:55:05,0.313384,0.32321,0.0,29373.627843,0.0,0
2026-09-09,15:55:06,0.339826,0.32321,0.0,29373.627843,0.0,0
2026-09-09,15:55:06,0.348314,0.325582,0.0,29373.627843,0.0,0
2026-09-09,15:55:07,0.308574,0.325738,0.0,29373.627843,0.0,0
2026-09-09,15:55:08,0.308574,0.324391,0.0,29373.627843,0.0,0
2026-09-09,15:55:08,0.308574,0.327428,0.0,29373.627843,0.0,0
2026-09-09,15:55:09,0.337382,0.327428,0.0,29373.627843,0.0,0
2026-09-09,15:55:10,0.290226,0.324151,0.0,29373.627843,0.0,0
2026-09-09,15:55:10,0.316924,0.325142,0.0,29373.627843,0.0,0
2026-09-09,15:55:11,0.299827,0.320362,0.0,29373.627843,0.0,0
2026-09-09,15:55:12,0.299827,0.320362,0.0,29373.627843,0.0,0
2026-09-09,15:55:12,0.337315,0.320035,0.0,29373.627843,0.0,0
2026-09-09,15:55:13,0.338672,0.322563,0.0,29373.627843,0.0,0
2026-09-09,15:55:14,0.340591,0.32264,0.0,29373.627843,0.0,0
2026-09-09,15:55:14,0.340591,0.321612,0.0,29373.627843,0.0,0
2026-09-09,15:55:15,0.338032,0.321612,0.0,29373.627843,0.0,0
2026-09-09,15:55:16,0.337712,0.324525,0.0,29373.627843,0.0,0
2026-09-09,15:55:16,0.336753,0.327343,0.0,29373.627843,0.0,0
2026-09-09,15:55:17,0.336433,0.327248,0.0,29373.627843,0.0,0
2026-09-09,15:55:18,0.336433,0.332788,0.0,29373.627843,0.0,0
2026-09-09,15:55:18,0.345625,0.332788,0.0,29373.627843,0.0,0
2026-09-09,15:55:19,0.346606,0.335757,0.0,29373.627843,0.0,0
2026-09-09,15:55:20,0.324023,0.338176,0.0,29373.627843,0.0,0
2026-09-09,15:55:20,0.314204,0.335865,0.0,29373.627843,0.0,0
2026-09-09,15:55:21,0.314204,0.335865,0.0,29373.627843,0.0,0
2026-09-09,15:55:22,0.314204,0.333418,0.0,29373.627843,0.0,0
2026-09-09,15:55:22,0.309714,0.330331,0.0,29373.627843,0.0,0
2026-09-09,15:55:23,0.30779,0.327306,0.0,29373.627843,0.0,0
2026-09-09,15:55:24,0.30779,0.324891,0.0,29373.627843,0.0,0
2026-09-09,15:55:24,0.313561,0.324891,0.0,29373.627843,0.0,0
2026-09-09,15:55:25,0.34402,0.325618,0.0,29373.627843,0.0,0
2026-09-09,15:55:26,0.322218,0.324197,0.0,29373.627843,0.0,0
2026-09-09,15:55:26,0.308111,0.320445,0.0,29373.627843,0.0,0
2026-09-09,15:55:27,0.308111,0.318551,0.0,29373.627843,0.0,0
2026-09-09,15:55:28,0.327669,0.318551,0.0,29373.627843,0.0,0
2026-09-09,15:55:28,0.335256,0.319675,0.0,29373.627843,0.0,0
2026-09-09,15:55:29,0.335583,0.321813,0.0,29373.627843,0.0,0
2026-09-09,15:55:30,0.336888,0.324081,0.0,29373.627843,0.0,0
2026-09-09,15:55:30,0.336888,0.324081,0.0,29373.627843,0.0,0
2026-09-09,15:55:31,0.328118,0.325921,0.0,29373.627843,0.0,0
2026-09-09,15:55:32,0.343149,0.329457,0.0,29373.627843,0.0,0
2026-09-09,15:55:32,0.314367,0.329538,0.0,29373.627843,0.0,0
2026-09-09,15:55:33,0.314367,0.325837,0.0,29373.627843,0.0,0
2026-09-09,15:55:34,0.307011,0.325837,0.0,29373.627843,0.0,0
2026-09-09,15:55:34,0.307011,0.324316,0.0,29373.627843,0.0,0
2026-09-09,15:55:35,0.333235,0.326829,0.0,29373.627843,0.0,0
2026-09-09,15:55:36,0.321083,0.32617,0.0,29373.627843,0.0,0
2026-09-09,15:55:36,0.321083,0.323346,0.0,29373.627843,0.0,0
2026-09-09,15:55:37,0.307011,0.323346,0.0,29373.627843,0.0,0
2026-09-09,15:55:38,0.336113,0.323399,0.0,29373.627843,0.0,0
2026-09-09,15:55:38,0.323321,0.322042,0.0,29373.627843,0.0,0
2026-09-09,15:55:39,0.316925,0.320923,0.0,29373.627843,0.0,0
2026-09-09,15:55:40,0.316925,0.320923,0.0,29373.627843,0.0,0
2026-09-09,15:55:40,0.307011,0.317309,0.0,29373.627843,0.0,0
2026-09-09,15:55:41,0.307011,0.316573,0.0,29373.627843,0.0,0
2026-09-09,15:55:42,0.338032,0.319675,0.0,29373.627843,0.0,0
2026-09-09,15:55:42,0.338032,0.32249,0.0,29373.627843,0.0,0
2026-09-09,15:55:43,0.335154,0.32249,0.0,29373.627843,0.0,0
2026-09-09,15:55:44,0.332915,0.322458,0.0,29373.627843,0.0,0
2026-09-09,15:55:44,0.340715,0.324421,0.0,29373.627843,0.0,0
2026-09-09,15:55:45,0.331119,0.326832,0.0,29373.627843,0.0,0
2026-09-09,15:55:46,0.331119,0.326713,0.0,29373.627843,0.0,0
2026-09-09,15:55:46,0.334926,0.326713,0.0,29373.627843,0.0,0
2026-09-09,15:55:47,0.332983,0.327679,0.0,29373.627843,0.0,0
2026-09-09,15:55:48,0.330391,0.329026,0.0,29373.627843,0.0,0
2026-09-09,15:55:48,0.352052,0.33353,0.0,29373.627843,0.0,0
2026-09-09,15:55:49,0.352052,0.33353,0.0,29373.627843,0.0,0
2026-09-09,15:55:50,0.340369,0.336866,0.0,29373.627843,0.0,0
2026-09-09,15:55:50,0.339732,0.337036,0.0,29373.627843,0.0,0
2026-09-09,15:55:51,0.34586,0.338106,0.0,29373.627843,0.0,0
2026-09-09,15:55:52,0.34586,0.339465,0.0,29373.627843,0.0,0
2026-09-09,15:55:52,0.346509,0.339465,0.0,29373.627843,0.0,0
2026-09-09,15:55:53,0.348782,0.340272,0.0,29373.627843,0.0,0
2026-09-09,15:55:54,0.311761,0.338336,0.0,29373.627843,0.0,0
2026-09-09,15:55:54,0.321549,0.336999,0.0,29373.627843,0.0,0
2026-09-09,15:55:55,0.321549,0.334324,0.0,29373.627843,0.0,0
2026-09-09,15:55:56,0.306237,0.334324,0.0,29373.627843,0.0,0
2026-09-09,15:55:56,0.320911,0.333376,0.0,29373.627843,0.0,0
2026-09-09,15:55:57,0.339413,0.332112,0.0,29373.627843,0.0,0
2026-09-09,15:55:58,0.343586,0.332434,0.0,29373.627843,0.0,0
2026-09-09,15:55:58,0.343586,0.332434,0.0,29373.627843,0.0,0
2026-09-09,15:55:59,0.315983,0.330059,0.0,29373.627843,0.0,0
2026-09-09,15:56:00,0.314034,0.326876,0.0,29373.627843,0.0,0
2026-09-09,15:56:00,0.311761,0.323402,0.0,29373.627843,0.0,0
2026-09-09,15:56:01,0.311761,0.319699,0.0,29373.627843,0.0,0
2026-09-09,15:56:02,0.311761,0.319699,0.0,29373.627843,0.0,0
2026-09-09,15:56:02,0.311761,0.319699,0.0,29373.627843,0.0,0
2026-09-09,15:56:03,0.31306,0.318851,0.0,29373.627843,0.0,0
2026-09-09,15:56:04,0.315983,0.319825,0.0,29373.627843,0.0,0
2026-09-09,15:56:04,0.315983,0.322125,0.0,29373.627843,0.0,0
2026-09-09,15:56:05,0.343911,0.322125,0.0,29373.627843,0.0,0
2026-09-09,15:56:06,0.311761,0.31936,0.0,29373.627843,0.0,0
2026-09-09,15:56:06,0.311761,0.316177,0.0,29373.627843,0.0,0
2026-09-09,15:56:07,0.34586,0.319165,0.0,29373.627843,0.0,0
2026-09-09,15:56:08,0.34586,0.319165,0.0,29373.627843,0.0,0
2026-09-09,15:56:08,0.353004,0.323062,0.0,29373.627843,0.0,0
2026-09-09,15:56:09,0.31241,0.323127,0.0,29373.627843,0.0,0
2026-09-09,15:56:10,0.343262,0.326277,0.0,29373.627843,0.0,0
2026-09-09,15:56:10,0.346509,0.329752,0.0,29373.627843,0.0,0
2026-09-09,15:56:11,0.346509,0.329752,0.0,29373.627843,0.0,0
2026-09-09,15:56:12,0.328973,0.331343,0.0,29373.627843,0.0,0
2026-09-09,15:56:12,0.311761,0.330921,0.0,29373.627843,0.0,0
2026-09-09,15:56:13,0.334493,0.329979,0.0,29373.627843,0.0,0
2026-09-09,15:56:14,0.334493,0.329979,0.0,29373.627843,0.0,0
2026-09-09,15:56:14,0.311761,0.329979,0.0,29373.627843,0.0,0
2026-09-09,15:56:15,0.353004,0.334104,0.0,29373.627843,0.0,0
2026-09-09,15:56:16,0.329297,0.332447,0.0,29373.627843,0.0,0
2026-09-09,15:56:16,0.321179,0.329265,0.0,29373.627843,0.0,0
2026-09-09,15:56:17,0.321179,0.3292,0.0,29373.627843,0.0,0
2026-09-09,15:56:18,0.311761,0.3292,0.0,29373.627843,0.0,0
2026-09-09,15:56:18,0.311761,0.32605,0.0,29373.627843,0.0,0
2026-09-09,15:56:19,0.311761,0.322575,0.0,29373.627843,0.0,0
2026-09-09,15:56:20,0.293899,0.319068,0.0,29373.627843,0.0,0
2026-09-09,15:56:20,0.293899,0.319068,0.0,29373.627843,0.0,0
2026-09-09,15:56:21,0.302992,0.318191,0.0,29373.627843,0.0,0
2026-09-09,15:56:22,0.312086,0.31595,0.0,29373.627843,0.0,0
2026-09-09,15:56:22,0.33222,0.317996,0.0,29373.627843,0.0,0
2026-09-09,15:56:23,0.33222,0.315593,0.0,29373.627843,0.0,0
2026-09-09,15:56:24,0.328973,0.315593,0.0,29373.627843,0.0,0
2026-09-09,15:56:24,0.290977,0.311761,0.0,29373.627843,0.0,0
2026-09-09,15:56:25,0.315333,0.311176,0.0,29373.627843,0.0,0
2026-09-09,15:56:26,0.34219,0.314219,0.0,29373.627843,0.0,0
2026-09-09,15:56:26,0.34219,0.315583,0.0,29373.627843,0.0,0
2026-09-09,15:56:27,0.3254,0.315583,0.0,29373.627843,0.0,0
2026-09-09,15:56:28,0.32605,0.317012,0.0,29373.627843,0.0,0
2026-09-09,15:56:28,0.326375,0.320259,0.0,29373.627843,0.0,0
2026-09-09,15:56:29,0.326699,0.32263,0.0,29373.627843,0.0,0
2026-09-09,15:56:30,0.326699,0.32263,0.0,29373.627843,0.0,0
2026-09-09,15:56:30,0.327024,0.324124,0.0,29373.627843,0.0,0
2026-09-09,15:56:31,0.348782,0.32578,0.0,29373.627843,0.0,0
2026-09-09,15:56:32,0.34324,0.327207,0.0,29373.627843,0.0,0
2026-09-09,15:56:32,0.34324,0.33063,0.0,29373.627843,0.0,0
2026-09-09,15:56:33,0.325209,0.33063,0.0,29373.627843,0.0,0
2026-09-09,15:56:34,0.341204,0.333217,0.0,29373.627843,0.0,0
2026-09-09,15:56:34,0.339617,0.33296,0.0,29373.627843,0.0,0
2026-09-09,15:56:35,0.341819,0.334602,0.0,29373.627843,0.0,0
2026-09-09,15:56:36,0.341819,0.333077,0.0,29373.627843,0.0,0
2026-09-09,15:56:36,0.310804,0.333077,0.0,29373.627843,0.0,0
2026-09-09,15:56:37,0.310158,0.331456,0.0,29373.627843,0.0,0
2026-09-09,15:56:38,0.310158,0.329801,0.0,29373.627843,0.0,0
2026-09-09,15:56:38,0.342466,0.331346,0.0,29373.627843,0.0,0
2026-09-09,15:56:39,0.342466,0.331346,0.0,29373.627843,0.0,0
2026-09-09,15:56:40,0.335035,0.329971,0.0,29373.627843,0.0,0
2026-09-09,15:56:40,0.351189,0.330766,0.0,29373.627843,0.0,0
2026-09-09,15:56:41,0.351189,0.333364,0.0,29373.627843,0.0,0
2026-09-09,15:56:42,0.351189,0.333684,0.0,29373.627843,0.0,0
2026-09-09,15:56:42,0.344404,0.333684,0.0,29373.627843,0.0,0
2026-09-09,15:56:43,0.28948,0.32867,0.0,29373.627843,0.0,0
2026-09-09,15:56:44,0.325342,0.327022,0.0,29373.627843,0.0,0
2026-09-09,15:56:44,0.308542,0.326796,0.0,29373.627843,0.0,0
2026-09-09,15:56:45,0.308542,0.327701,0.0,29373.627843,0.0,0
2026-09-09,15:56:46,0.319204,0.327701,0.0,29373.627843,0.0,0
2026-09-09,15:56:46,0.28948,0.325633,0.0,29373.627843,0.0,0
2026-09-09,15:56:47,0.291096,0.320496,0.0,29373.627843,0.0,0
2026-09-09,15:56:48,0.294973,0.31649,0.0,29373.627843,0.0,0
2026-09-09,15:56:48,0.294973,0.31649,0.0,29373.627843,0.0,0
2026-09-09,15:56:49,0.323727,0.313744,0.0,29373.627843,0.0,0
2026-09-09,15:56:50,0.326635,0.311288,0.0,29373.627843,0.0,0
2026-09-09,15:56:50,0.326635,0.309511,0.0,29373.627843,0.0,0
2026-09-09,15:56:51,0.326635,0.313564,0.0,29373.627843,0.0,0
2026-09-09,15:56:52,0.330007,0.313564,0.0,29373.627843,0.0,0
2026-09-09,15:56:52,0.348761,0.315906,0.0,29373.627843,0.0,0
2026-09-09,15:56:53,0.310158,0.316067,0.0,29373.627843,0.0,0
2026-09-09,15:56:54,0.342466,0.318394,0.0,29373.627843,0.0,0
2026-09-09,15:56:54,0.342466,0.32282,0.0,29373.627843,0.0,0
2026-09-09,15:56:55,0.333742,0.32282,0.0,29373.627843,0.0,0
2026-09-09,15:56:56,0.325665,0.326277,0.0,29373.627843,0.0,0
2026-09-09,15:56:56,0.314034,0.328183,0.0,29373.627843,0.0,0
2026-09-09,15:56:57,0.310158,0.326826,0.0,29373.627843,0.0,0
2026-09-09,15:56:58,0.310158,0.326826,0.0,29373.627843,0.0,0
2026-09-09,15:56:58,0.310158,0.325178,0.0,29373.627843,0.0,0
2026-09-09,15:56:59,0.310158,0.323531,0.0,29373.627843,0.0,0
2026-09-09,15:57:00,0.310158,0.321546,0.0,29373.627843,0.0,0
2026-09-09,15:57:00,0.310158,0.31775,0.0,29373.627843,0.0,0
2026-09-09,15:57:01,0.310804,0.31775,0.0,29373.627843,0.0,0
2026-09-09,15:57:02,0.313388,0.318073,0.0,29373.627843,0.0,0
2026-09-09,15:57:02,0.315973,0.315424,0.0,29373.627843,0.0,0
2026-09-09,15:57:03,0.341496,0.316199,0.0,29373.627843,0.0,0
2026-09-09,15:57:04,0.341496,0.315133,0.0,29373.627843,0.0,0
2026-09-09,15:57:05,0.315004,0.315133,0.0,29373.627843,0.0,0
2026-09-09,15:57:05,0.310158,0.314745,0.0,29373.627843,0.0,0
2026-09-09,15:57:06,0.344404,0.31817,0.0,29373.627843,0.0,0
2026-09-09,15:57:07,0.342143,0.321368,0.0,29373.627843,0.0,0
2026-09-09,15:57:07,0.342143,0.321368,0.0,29373.627843,0.0,0
2026-09-09,15:57:08,0.340527,0.324405,0.0,29373.627843,0.0,0
2026-09-09,15:57:09,0.340204,0.32741,0.0,29373.627843,0.0,0
2026-09-09,15:57:09,0.340204,0.33035,0.0,29373.627843,0.0,0
2026-09-09,15:57:10,0.340204,0.33413,0.0,29373.627843,0.0,0
2026-09-09,15:57:11,0.351189,0.33413,0.0,29373.627843,0.0,0
2026-09-09,15:57:11,0.34085,0.336618,0.0,29373.627843,0.0,0
2026-09-09,15:57:12,0.342143,0.336682,0.0,29373.627843,0.0,0
2026-09-09,15:57:13,0.344081,0.33959,0.0,29373.627843,0.0,0
2026-09-09,15:57:13,0.344081,0.342821,0.0,29373.627843,0.0,0
2026-09-09,15:57:14,0.342466,0.342821,0.0,29373.627843,0.0,0
2026-09-09,15:57:15,0.342789,0.342659,0.0,29373.627843,0.0,0
2026-09-09,15:57:15,0.341819,0.342627,0.0,29373.627843,0.0,0
2026-09-09,15:57:16,0.351189,0.343693,0.0,29373.627843,0.0,0
2026-09-09,15:57:17,0.351189,0.343693,0.0,29373.627843,0.0,0
2026-09-09,15:57:17,0.327281,0.342401,0.0,29373.627843,0.0,0
2026-09-09,15:57:18,0.316942,0.340075,0.0,29373.627843,0.0,0
2026-09-09,15:57:19,0.310158,0.335972,0.0,29373.627843,0.0,0
2026-09-09,15:57:19,0.310158,0.335778,0.0,29373.627843,0.0,0
2026-09-09,15:57:20,0.338912,0.335778,0.0,29373.627843,0.0,0
2026-09-09,15:57:21,0.330189,0.334582,0.0,29373.627843,0.0,0
2026-09-09,15:57:21,0.32405,0.332579,0.0,29373.627843,0.0,0
2026-09-09,15:57:22,0.313711,0.329704,0.0,29373.627843,0.0,0
2026-09-09,15:57:23,0.313711,0.326441,0.0,29373.627843,0.0,0
2026-09-09,15:57:23,0.310158,0.326441,0.0,29373.627843,0.0,0
2026-09-09,15:57:24,0.301691,0.322428,0.0,29373.627843,0.0,0
2026-09-09,15:57:25,0.346263,0.321935,0.0,29373.627843,0.0,0
2026-09-09,15:57:25,0.33856,0.323063,0.0,29373.627843,0.0,0
2026-09-09,15:57:26,0.33856,0.323063,0.0,29373.627843,0.0,0
2026-09-09,15:57:27,0.343672,0.325736,0.0,29373.627843,0.0,0
2026-09-09,15:57:27,0.344967,0.329217,0.0,29373.627843,0.0,0
2026-09-09,15:57:28,0.310957,0.326422,0.0,29373.627843,0.0,0
2026-09-09,15:57:29,0.310957,0.324499,0.0,29373.627843,0.0,0
2026-09-09,15:57:29,0.310957,0.324499,0.0,29373.627843,0.0,0
2026-09-09,15:57:30,0.3427,0.326364,0.0,29373.627843,0.0,0
2026-09-09,15:57:31,0.310957,0.326088,0.0,29373.627843,0.0,0
2026-09-09,15:57:31,0.3129,0.326362,0.0,29373.627843,0.0,0
2026-09-09,15:57:32,0.3129,0.32771,0.0,29373.627843,0.0,0
2026-09-09,15:57:33,0.315167,0.32771,0.0,29373.627843,0.0,0
2026-09-09,15:57:33,0.343996,0.327483,0.0,29373.627843,0.0,0
2026-09-09,15:57:34,0.347235,0.328351,0.0,29373.627843,0.0,0
2026-09-09,15:57:35,0.324561,0.32644,0.0,29373.627843,0.0,0
2026-09-09,15:57:35,0.324561,0.32644,0.0,29373.627843,0.0,0
2026-09-09,15:57:36,0.329096,0.324852,0.0,29373.627843,0.0,0
2026-09-09,15:57:37,0.334278,0.327185,0.0,29373.627843,0.0,0
2026-09-09,15:57:37,0.32035,0.328124,0.0,29373.627843,0.0,0
2026-09-09,15:57:38,0.32035,0.326342,0.0,29373.627843,0.0,0
2026-09-09,15:57:39,0.324885,0.326342,0.0,29373.627843,0.0,0
2026-09-09,15:57:39,0.325533,0.3278,0.0,29373.627843,0.0,0
2026-09-09,15:57:40,0.290226,0.325533,0.0,29373.627843,0.0,0
2026-09-09,15:57:41,0.300267,0.324043,0.0,29373.627843,0.0,0
2026-09-09,15:57:41,0.300267,0.320382,0.0,29373.627843,0.0,0
2026-09-09,15:57:42,0.307394,0.320382,0.0,29373.627843,0.0,0
2026-09-09,15:57:43,0.331363,0.318795,0.0,29373.627843,0.0,0
2026-09-09,15:57:43,0.343348,0.320674,0.0,29373.627843,0.0,0
2026-09-09,15:57:44,0.346263,0.322391,0.0,29373.627843,0.0,0
2026-09-09,15:57:45,0.346263,0.322391,0.0,29373.627843,0.0,0
2026-09-09,15:57:45,0.310957,0.320059,0.0,29373.627843,0.0,0
2026-09-09,15:57:46,0.310957,0.319119,0.0,29373.627843,0.0,0
2026-09-09,15:57:47,0.310957,0.317726,0.0,29373.627843,0.0,0
2026-09-09,15:57:47,0.310957,0.31967,0.0,29373.627843,0.0,0
2026-09-09,15:57:48,0.344967,0.31967,0.0,29373.627843,0.0,0
2026-09-09,15:57:49,0.310957,0.321743,0.0,29373.627843,0.0,0
2026-09-09,15:57:49,0.310957,0.322812,0.0,29373.627843,0.0,0
2026-09-09,15:57:50,0.310957,0.323168,0.0,29373.627843,0.0,0
2026-09-09,15:57:51,0.310957,0.321127,0.0,29373.627843,0.0,0
2026-09-09,15:57:51,0.310957,0.321127,0.0,29373.627843,0.0,0
2026-09-09,15:57:52,0.306237,0.317416,0.0,29373.627843,0.0,0
2026-09-09,15:57:53,0.339732,0.316763,0.0,29373.627843,0.0,0
2026-09-09,15:57:53,0.337499,0.319417,0.0,29373.627843,0.0,0
2026-09-09,15:57:54,0.337499,0.319417,0.0,29373.627843,0.0,0
2026-09-09,15:57:55,0.34325,0.322647,0.0,29373.627843,0.0,0
2026-09-09,15:57:55,0.32863,0.324414,0.0,29373.627843,0.0,0
2026-09-09,15:57:56,0.317409,0.321658,0.0,29373.627843,0.0,0
2026-09-09,15:57:57,0.317409,0.321855,0.0,29373.627843,0.0,0
2026-09-09,15:57:57,0.31292,0.321855,0.0,29373.627843,0.0,0
2026-09-09,15:57:58,0.30779,0.321538,0.0,29373.627843,0.0,0
2026-09-09,15:57:59,0.30779,0.321221,0.0,29373.627843,0.0,0
2026-09-09,15:57:59,0.339531,0.324079,0.0,29373.627843,0.0,0
2026-09-09,15:58:00,0.339531,0.326575,0.0,29373.627843,0.0,0
2026-09-09,15:58:01,0.331195,0.326575,0.0,29373.627843,0.0,0
2026-09-09,15:58:01,0.319974,0.324599,0.0,29373.627843,0.0,0
2026-09-09,15:58:02,0.30779,0.321628,0.0,29373.627843,0.0,0
2026-09-09,15:58:03,0.342096,0.321513,0.0,29373.627843,0.0,0
2026-09-09,15:58:03,0.342096,0.321513,0.0,29373.627843,0.0,0
2026-09-09,15:58:04,0.348509,0.3235,0.0,29373.627843,0.0,0
2026-09-09,15:58:05,0.340814,0.325841,0.0,29373.627843,0.0,0
2026-09-09,15:58:05,0.30779,0.325328,0.0,29373.627843,0.0,0
2026-09-09,15:58:06,0.336325,0.328182,0.0,29373.627843,0.0,0
2026-09-09,15:58:07,0.336325,0.328182,0.0,29373.627843,0.0,0
2026-09-09,15:58:07,0.321256,0.329528,0.0,29373.627843,0.0,0
2026-09-09,15:58:08,0.30779,0.326354,0.0,29373.627843,0.0,0
2026-09-09,15:58:09,0.327989,0.326033,0.0,29373.627843,0.0,0
2026-09-09,15:58:09,0.327989,0.324815,0.0,29373.627843,0.0,0
2026-09-09,15:58:10,0.30779,0.324815,0.0,29373.627843,0.0,0
2026-09-09,15:58:11,0.332106,0.327247,0.0,29373.627843,0.0,0
2026-09-09,15:58:11,0.31257,0.324294,0.0,29373.627843,0.0,0
2026-09-09,15:58:12,0.341548,0.323598,0.0,29373.627843,0.0,0
2026-09-09,15:58:13,0.341548,0.321229,0.0,29373.627843,0.0,0
2026-09-09,15:58:13,0.317128,0.321229,0.0,29373.627843,0.0,0
2026-09-09,15:58:14,0.345129,0.324963,0.0,29373.627843,0.0,0
2026-09-09,15:58:15,0.327547,0.324085,0.0,29373.627843,0.0,0
2026-09-09,15:58:15,0.31257,0.323217,0.0,29373.627843,0.0,0
2026-09-09,15:58:16,0.31257,0.323217,0.0,29373.627843,0.0,0
2026-09-09,15:58:17,0.344804,0.326918,0.0,29373.627843,0.0,0
2026-09-09,15:58:17,0.33471,0.32759,0.0,29373.627843,0.0,0
2026-09-09,15:58:18,0.327222,0.329533,0.0,29373.627843,0.0,0
2026-09-09,15:58:19,0.327222,0.331292,0.0,29373.627843,0.0,0
2026-09-09,15:58:19,0.349688,0.331292,0.0,29373.627843,0.0,0
2026-09-09,15:58:20,0.34206,0.334241,0.0,29373.627843,0.0,0
2026-09-09,15:58:21,0.31915,0.332001,0.0,29373.627843,0.0,0
2026-09-09,15:58:21,0.345373,0.334825,0.0,29373.627843,0.0,0
2026-09-09,15:58:22,0.345373,0.334882,0.0,29373.627843,0.0,0
2026-09-09,15:58:23,0.345696,0.334882,0.0,29373.627843,0.0,0
2026-09-09,15:58:23,0.342466,0.336374,0.0,29373.627843,0.0,0
2026-09-09,15:58:24,0.310158,0.336133,0.0,29373.627843,0.0,0
2026-09-09,15:58:25,0.310158,0.332668,0.0,29373.627843,0.0,0
2026-09-09,15:58:25,0.310158,0.332668,0.0,29373.627843,0.0,0
2026-09-09,15:58:26,0.344406,0.333638,0.0,29373.627843,0.0,0
2026-09-09,15:58:27,0.334179,0.334333,0.0,29373.627843,0.0,0
2026-09-09,15:58:27,0.353313,0.334696,0.0,29373.627843,0.0,0
2026-09-09,15:58:28,0.353313,0.331861,0.0,29373.627843,0.0,0
2026-09-09,15:58:29,0.313717,0.331861,0.0,29373.627843,0.0,0
2026-09-09,15:58:29,0.308574,0.330804,0.0,29373.627843,0.0,0
2026-09-09,15:58:30,0.342003,0.330467,0.0,29373.627843,0.0,0
2026-09-09,15:58:31,0.347008,0.330598,0.0,29373.627843,0.0,0
2026-09-09,15:58:31,0.347008,0.33102,0.0,29373.627843,0.0,0
2026-09-09,15:58:32,0.346682,0.33102,0.0,29373.627843,0.0,0
2026-09-09,15:58:33,0.339211,0.333925,0.0,29373.627843,0.0,0
2026-09-09,15:58:33,0.336646,0.336574,0.0,29373.627843,0.0,0
2026-09-09,15:58:34,0.33376,0.335509,0.0,29373.627843,0.0,0
2026-09-09,15:58:35,0.33376,0.335509,0.0,29373.627843,0.0,0
2026-09-09,15:58:35,0.329913,0.335083,0.0,29373.627843,0.0,0
2026-09-09,15:58:36,0.330478,0.332799,0.0,29373.627843,0.0,0
2026-09-09,15:58:37,0.318823,0.33331,0.0,29373.627843,0.0,0
2026-09-09,15:58:37,0.318823,0.334581,0.0,29373.627843,0.0,0
2026-09-09,15:58:38,0.321287,0.334581,0.0,29373.627843,0.0,0
2026-09-09,15:58:39,0.309363,0.331317,0.0,29373.627843,0.0,0
2026-09-09,15:58:39,0.309363,0.327553,0.0,29373.627843,0.0,0
2026-09-09,15:58:40,0.343522,0.327237,0.0,29373.627843,0.0,0
2026-09-09,15:58:41,0.343522,0.32741,0.0,29373.627843,0.0,0
2026-09-09,15:58:41,0.340944,0.32741,0.0,29373.627843,0.0,0
2026-09-09,15:58:42,0.336755,0.327421,0.0,29373.627843,0.0,0
2026-09-09,15:58:43,0.331921,0.327237,0.0,29373.627843,0.0,0
2026-09-09,15:58:43,0.326121,0.326858,0.0,29373.627843,0.0,0
2026-09-09,15:58:44,0.326121,0.326858,0.0,29373.627843,0.0,0
2026-09-09,15:58:45,0.321931,0.326003,0.0,29373.627843,0.0,0
2026-09-09,15:58:45,0.34857,0.328978,0.0,29373.627843,0.0,0
2026-09-09,15:58:46,0.31211,0.32806,0.0,29373.627843,0.0,0
2026-09-09,15:58:47,0.31211,0.327981,0.0,29373.627843,0.0,0
2026-09-09,15:58:47,0.308574,0.327981,0.0,29373.627843,0.0,0
2026-09-09,15:58:48,0.343289,0.331374,0.0,29373.627843,0.0,0
2026-09-09,15:58:49,0.340396,0.331061,0.0,29373.627843,0.0,0
2026-09-09,15:58:49,0.349396,0.331906,0.0,29373.627843,0.0,0
2026-09-09,15:58:50,0.349396,0.330792,0.0,29373.627843,0.0,0
2026-09-09,15:58:51,0.32561,0.330792,0.0,29373.627843,0.0,0
2026-09-09,15:58:51,0.342968,0.331897,0.0,29373.627843,0.0,0
2026-09-09,15:58:52,0.308574,0.330142,0.0,29373.627843,0.0,0
2026-09-09,15:58:53,0.342325,0.332181,0.0,29373.627843,0.0,0
2026-09-09,15:58:53,0.342325,0.332181,0.0,29373.627843,0.0,0
2026-09-09,15:58:54,0.341697,0.331494,0.0,29373.627843,0.0,0
2026-09-09,15:58:55,0.326443,0.332927,0.0,29373.627843,0.0,0
2026-09-09,15:58:55,0.309363,0.333006,0.0,29373.627843,0.0,0
2026-09-09,15:58:56,0.309363,0.332933,0.0,29373.627843,0.0,0
2026-09-09,15:58:57,0.342556,0.332933,0.0,29373.627843,0.0,0
2026-09-09,15:58:57,0.33031,0.331924,0.0,29373.627843,0.0,0
2026-09-09,15:58:58,0.342878,0.331272,0.0,29373.627843,0.0,0
2026-09-09,15:58:59,0.344167,0.333128,0.0,29373.627843,0.0,0
2026-09-09,15:58:59,0.344167,0.331927,0.0,29373.627843,0.0,0
2026-09-09,15:59:00,0.330954,0.331927,0.0,29373.627843,0.0,0
2026-09-09,15:59:01,0.313231,0.332392,0.0,29373.627843,0.0,0
2026-09-09,15:59:01,0.337722,0.331932,0.0,29373.627843,0.0,0
2026-09-09,15:59:02,0.314842,0.329247,0.0,29373.627843,0.0,0
2026-09-09,15:59:03,0.314842,0.329247,0.0,29373.627843,0.0,0
2026-09-09,15:59:03,0.35029,0.331631,0.0,29373.627843,0.0,0
2026-09-09,15:59:04,0.342556,0.33495,0.0,29373.627843,0.0,0
2026-09-09,15:59:05,0.351663,0.335861,0.0,29373.627843,0.0,0
2026-09-09,15:59:05,0.337393,0.336569,0.0,29373.627843,0.0,0
2026-09-09,15:59:06,0.337393,0.336569,0.0,29373.627843,0.0,0
2026-09-09,15:59:07,0.342829,0.336565,0.0,29373.627843,0.0,0
2026-09-09,15:59:07,0.338672,0.336015,0.0,29373.627843,0.0,0
2026-09-09,15:59:08,0.307011,0.333621,0.0,29373.627843,0.0,0
2026-09-09,15:59:09,0.307011,0.332999,0.0,29373.627843,0.0,0
2026-09-09,15:59:09,0.307011,0.332999,0.0,29373.627843,0.0,0
2026-09-09,15:59:10,0.34497,0.333724,0.0,29373.627843,0.0,0
2026-09-09,15:59:11,0.326121,0.334852,0.0,29373.627843,0.0,0
2026-09-09,15:59:11,0.339978,0.33382,0.0,29373.627843,0.0,0
2026-09-09,15:59:12,0.339978,0.333853,0.0,29373.627843,0.0,0
2026-09-09,15:59:13,0.342878,0.333853,0.0,29373.627843,0.0,0
2026-09-09,15:59:13,0.35029,0.333715,0.0,29373.627843,0.0,0
2026-09-09,15:59:14,0.329665,0.332942,0.0,29373.627843,0.0,0
2026-09-09,15:59:15,0.33242,0.331902,0.0,29373.627843,0.0,0
2026-09-09,15:59:15,0.33242,0.331902,0.0,29373.627843,0.0,0
2026-09-09,15:59:16,0.34123,0.332157,0.0,29373.627843,0.0,0
2026-09-09,15:59:17,0.30957,0.332413,0.0,29373.627843,0.0,0
2026-09-09,15:59:17,0.307011,0.332413,0.0,29373.627843,0.0,0
2026-09-09,15:59:18,0.307011,0.332437,0.0,29373.627843,0.0,0
2026-09-09,15:59:19,0.34521,0.332437,0.0,29373.627843,0.0,0
2026-09-09,15:59:19,0.340014,0.333827,0.0,29373.627843,0.0,0
2026-09-09,15:59:20,0.333844,0.333213,0.0,29373.627843,0.0,0
2026-09-09,15:59:21,0.341964,0.333122,0.0,29373.627843,0.0,0
2026-09-09,15:59:21,0.341964,0.329355,0.0,29373.627843,0.0,0
2026-09-09,15:59:22,0.312617,0.329355,0.0,29373.627843,0.0,0
2026-09-09,15:59:23,0.310957,0.327484,0.0,29373.627843,0.0,0
2026-09-09,15:59:23,0.342052,0.328447,0.0,29373.627843,0.0,0
2026-09-09,15:59:24,0.325209,0.326845,0.0,29373.627843,0.0,0
2026-09-09,15:59:25,0.325209,0.326845,0.0,29373.627843,0.0,0
2026-09-09,15:59:25,0.34432,0.33032,0.0,29373.627843,0.0,0
2026-09-09,15:59:26,0.320674,0.331686,0.0,29373.627843,0.0,0
2026-09-09,15:59:27,0.339137,0.331079,0.0,29373.627843,0.0,0
2026-09-09,15:59:27,0.339137,0.328303,0.0,29373.627843,0.0,0
2026-09-09,15:59:28,0.312252,0.328303,0.0,29373.627843,0.0,0
2026-09-09,15:59:29,0.329524,0.327871,0.0,29373.627843,0.0,0
2026-09-09,15:59:29,0.306237,0.324298,0.0,29373.627843,0.0,0
2026-09-09,15:59:30,0.335362,0.326572,0.0,29373.627843,0.0,0
2026-09-09,15:59:31,0.335362,0.330087,0.0,29373.627843,0.0,0
2026-09-09,15:59:31,0.346106,0.330087,0.0,29373.627843,0.0,0
2026-09-09,15:59:32,0.31257,0.327139,0.0,29373.627843,0.0,0
2026-09-09,15:59:33,0.343827,0.329001,0.0,29373.627843,0.0,0
2026-09-09,15:59:33,0.326972,0.327266,0.0,29373.627843,0.0,0
2026-09-09,15:59:34,0.326972,0.327266,0.0,29373.627843,0.0,0
2026-09-09,15:59:35,0.351126,0.330311,0.0,29373.627843,0.0,0
2026-09-09,15:59:35,0.30779,0.327177,0.0,29373.627843,0.0,0
2026-09-09,15:59:36,0.348509,0.330802,0.0,29373.627843,0.0,0
2026-09-09,15:59:37,0.348509,0.328629,0.0,29373.627843,0.0,0
2026-09-09,15:59:37,0.30779,0.328629,0.0,29373.627843,0.0,0
2026-09-09,15:59:38,0.30779,0.328784,0.0,29373.627843,0.0,0
2026-09-09,15:59:39,0.338569,0.329105,0.0,29373.627843,0.0,0
2026-09-09,15:59:39,0.333119,0.327806,0.0,29373.627843,0.0,0
2026-09-09,15:59:40,0.333119,0.329669,0.0,29373.627843,0.0,0
2026-09-09,15:59:41,0.331195,0.329669,0.0,29373.627843,0.0,0
2026-09-09,15:59:42,0.331836,0.32847,0.0,29373.627843,0.0,0
2026-09-09,15:59:42,0.317409,0.327513,0.0,29373.627843,0.0,0
2026-09-09,15:59:43,0.321577,0.324559,0.0,29373.627843,0.0,0
2026-09-09,15:59:43,0.321577,0.324559,0.0,29373.627843,0.0,0
2026-09-09,15:59:44,0.315029,0.325282,0.0,29373.627843,0.0,0
2026-09-09,15:59:45,0.308752,0.321307,0.0,29373.627843,0.0,0
2026-09-09,15:59:45,0.313561,0.321884,0.0,29373.627843,0.0,0
2026-09-09,15:59:46,0.313561,0.322476,0.0,29373.627843,0.0,0
2026-09-09,15:59:47,0.313711,0.322476,0.0,29373.627843,0.0,0
2026-09-09,15:59:47,0.315343,0.320153,0.0,29373.627843,0.0,0
2026-09-09,15:59:48,0.30893,0.317734,0.0,29373.627843,0.0,0
2026-09-09,15:59:49,0.307011,0.315316,0.0,29373.627843,0.0,0
2026-09-09,15:59:50,0.307011,0.312833,0.0,29373.627843,0.0,0
2026-09-09,15:59:50,0.307011,0.312833,0.0,29373.627843,0.0,0
2026-09-09,15:59:51,0.32524,0.313617,0.0,29373.627843,0.0,0
2026-09-09,15:59:52,0.333235,0.314782,0.0,29373.627843,0.0,0
2026-09-09,15:59:52,0.321402,0.31542,0.0,29373.627843,0.0,0
2026-09-09,15:59:53,0.321402,0.31542,0.0,29373.627843,0.0,0
2026-09-09,15:59:54,0.307011,0.315246,0.0,29373.627843,0.0,0
2026-09-09,15:59:54,0.339951,0.317885,0.0,29373.627843,0.0,0
2026-09-09,15:59:55,0.321083,0.318622,0.0,29373.627843,0.0,0
2026-09-09,15:59:56,0.321083,0.318268,0.0,29373.627843,0.0,0
2026-09-09,15:59:56,0.311808,0.318268,0.0,29373.627843,0.0,0
2026-09-09,15:59:57,0.307011,0.318076,0.0,29373.627843,0.0,0
2026-09-09,15:59:58,0.338352,0.32121,0.0,29373.627843,0.0,0
2026-09-09,15:59:58,0.336031,0.324112,0.0,29373.627843,0.0,0
2026-09-09,15:59:59,0.336031,0.325839,0.0,29373.627843,0.0,0
2026-09-09,16:00:00,0.342509,0.325839,0.0,29373.627843,0.0,0
2026-09-09,16:00:00,0.307011,0.323217,0.0,29373.627843,0.0,0
2026-09-09,16:00:01,0.307011,0.321778,0.0,29373.627843,0.0,0
2026-09-09,16:00:02,0.344236,0.3255,0.0,29373.627843,0.0,0
2026-09-09,16:00:02,0.344236,0.3255,0.0,29373.627843,0.0,0
2026-09-09,16:00:03,0.339689,0.325474,0.0,29373.627843,0.0,0
2026-09-09,16:00:04,0.328648,0.326231,0.0,29373.627843,0.0,0
2026-09-09,16:00:04,0.32605,0.327655,0.0,29373.627843,0.0,0
2026-09-09,16:00:05,0.32605,0.329559,0.0,29373.627843,0.0,0
2026-09-09,16:00:06,0.32605,0.329559,0.0,29373.627843,0.0,0
2026-09-09,16:00:06,0.326375,0.328361,0.0,29373.627843,0.0,0
2026-09-09,16:00:07,0.327349,0.327493,0.0,29373.627843,0.0,0
2026-09-09,16:00:08,0.328323,0.326074,0.0,29373.627843,0.0,0
2026-09-09,16:00:08,0.328323,0.328303,0.0,29373.627843,0.0,0
2026-09-09,16:00:09,0.329297,0.328303,0.0,29373.627843,0.0,0
2026-09-09,16:00:10,0.329297,0.330531,0.0,29373.627843,0.0,0
2026-09-09,16:00:10,0.328973,0.329005,0.0,29373.627843,0.0,0
2026-09-09,16:00:11,0.324281,0.327464,0.0,29373.627843,0.0,0
2026-09-09,16:00:12,0.324281,0.327464,0.0,29373.627843,0.0,0
2026-09-09,16:00:12,0.320443,0.326644,0.0,29373.627843,0.0,0
2026-09-09,16:00:13,0.320763,0.326115,0.0,29373.627843,0.0,0
2026-09-09,16:00:14,0.320763,0.325586,0.0,29373.627843,0.0,0
2026-09-09,16:00:14,0.320763,0.325691,0.0,29373.627843,0.0,0
2026-09-09,16:00:15,0.327421,0.325691,0.0,29373.627843,0.0,0
2026-09-09,16:00:16,0.327748,0.325731,0.0,29373.627843,0.0,0
2026-09-09,16:00:16,0.323821,0.325281,0.0,29373.627843,0.0,0
2026-09-09,16:00:17,0.327989,0.32515,0.0,29373.627843,0.0,0
2026-09-09,16:00:18,0.327989,0.325404,0.0,29373.627843,0.0,0
2026-09-09,16:00:18,0.331836,0.325404,0.0,29373.627843,0.0,0
2026-09-09,16:00:19,0.336004,0.326107,0.0,29373.627843,0.0,0
2026-09-09,16:00:20,0.33889,0.327568,0.0,29373.627843,0.0,0
2026-09-09,16:00:20,0.336004,0.329124,0.0,29373.627843,0.0,0
2026-09-09,16:00:21,0.336004,0.330776,0.0,29373.627843,0.0,0
2026-09-09,16:00:22,0.337287,0.330776,0.0,29373.627843,0.0,0
2026-09-09,16:00:22,0.336646,0.332365,0.0,29373.627843,0.0,0
2026-09-09,16:00:23,0.336004,0.333223,0.0,29373.627843,0.0,0
2026-09-09,16:00:24,0.336966,0.334145,0.0,29373.627843,0.0,0
2026-09-09,16:00:24,0.336966,0.334145,0.0,29373.627843,0.0,0
2026-09-09,16:00:25,0.337928,0.335556,0.0,29373.627843,0.0,0
2026-09-09,16:00:26,0.346029,0.33736,0.0,29373.627843,0.0,0
2026-09-09,16:00:26,0.341682,0.338344,0.0,29373.627843,0.0,0
2026-09-09,16:00:27,0.341682,0.33888,0.0,29373.627843,0.0,0
2026-09-09,16:00:28,0.341361,0.33888,0.0,29373.627843,0.0,0
2026-09-09,16:00:28,0.340075,0.338998,0.0,29373.627843,0.0,0
2026-09-09,16:00:29,0.326896,0.338087,0.0,29373.627843,0.0,0
2026-09-09,16:00:30,0.322396,0.336598,0.0,29373.627843,0.0,0
2026-09-09,16:00:30,0.322396,0.336941,0.0,29373.627843,0.0,0
2026-09-09,16:00:31,0.340075,0.336941,0.0,29373.627843,0.0,0
2026-09-09,16:00:32,0.308574,0.334198,0.0,29373.627843,0.0,0
2026-09-09,16:00:32,0.340718,0.334573,0.0,29373.627843,0.0,0
2026-09-09,16:00:33,0.331396,0.33392,0.0,29373.627843,0.0,0
2026-09-09,16:00:34,0.331396,0.33392,0.0,29373.627843,0.0,0
2026-09-09,16:00:34,0.320789,0.331396,0.0,29373.627843,0.0,0
2026-09-09,16:00:35,0.308896,0.328118,0.0,29373.627843,0.0,0
2026-09-09,16:00:36,0.308574,0.324839,0.0,29373.627843,0.0,0
2026-09-09,16:00:36,0.308574,0.32455,0.0,29373.627843,0.0,0
2026-09-09,16:00:37,0.337182,0.32455,0.0,29373.627843,0.0,0
2026-09-09,16:00:38,0.321753,0.324035,0.0,29373.627843,0.0,0
2026-09-09,16:00:38,0.33911,0.325707,0.0,29373.627843,0.0,0
2026-09-09,16:00:39,0.308574,0.322557,0.0,29373.627843,0.0,0
2026-09-09,16:00:40,0.308574,0.326125,0.0,29373.627843,0.0,0
2026-09-09,16:00:40,0.344253,0.326125,0.0,29373.627843,0.0,0
2026-09-09,16:00:41,0.342325,0.326285,0.0,29373.627843,0.0,0
2026-09-09,16:00:42,0.339432,0.327089,0.0,29373.627843,0.0,0
2026-09-09,16:00:42,0.349396,0.32995,0.0,29373.627843,0.0,0
2026-09-09,16:00:43,0.349396,0.32995,0.0,29373.627843,0.0,0
2026-09-09,16:00:44,0.330432,0.332103,0.0,29373.627843,0.0,0
2026-09-09,16:00:44,0.308896,0.332135,0.0,29373.627843,0.0,0
2026-09-09,16:00:45,0.323039,0.330721,0.0,29373.627843,0.0,0
2026-09-09,16:00:46,0.323039,0.332618,0.0,29373.627843,0.0,0
2026-09-09,16:00:46,0.340718,0.332618,0.0,29373.627843,0.0,0
2026-09-09,16:00:47,0.342003,0.332907,0.0,29373.627843,0.0,0
2026-09-09,16:00:48,0.331878,0.335237,0.0,29373.627843,0.0,0
2026-09-09,16:00:48,0.334824,0.334294,0.0,29373.627843,0.0,0
2026-09-09,16:00:49,0.334824,0.332922,0.0,29373.627843,0.0,0
2026-09-09,16:00:50,0.328605,0.332922,0.0,29373.627843,0.0,0
2026-09-09,16:00:50,0.288003,0.327779,0.0,29373.627843,0.0,0
2026-09-09,16:00:51,0.301824,0.323022,0.0,29373.627843,0.0,0
2026-09-09,16:00:52,0.328825,0.322861,0.0,29373.627843,0.0,0
2026-09-09,16:00:52,0.328825,0.322861,0.0,29373.627843,0.0,0
2026-09-09,16:00:53,0.288003,0.320772,0.0,29373.627843,0.0,0
2026-09-09,16:00:54,0.288003,0.317269,0.0,29373.627843,0.0,0
2026-09-09,16:00:54,0.289931,0.31219,0.0,29373.627843,0.0,0
2026-09-09,16:00:55,0.289931,0.307786,0.0,29373.627843,0.0,0
2026-09-09,16:00:56,0.297967,0.307786,0.0,29373.627843,0.0,0
2026-09-09,16:00:56,0.301824,0.304781,0.0,29373.627843,0.0,0
2026-09-09,16:00:57,0.328182,0.304117,0.0,29373.627843,0.0,0
2026-09-09,16:00:58,0.333325,0.304589,0.0,29373.627843,0.0,0
2026-09-09,16:00:58,0.333325,0.310728,0.0,29373.627843,0.0,0
2026-09-09,16:00:59,0.349396,0.310728,0.0,29373.627843,0.0,0
2026-09-09,16:01:00,0.349396,0.315485,0.0,29373.627843,0.0,0
2026-09-09,16:01:00,0.340396,0.316642,0.0,29373.627843,0.0,0
2026-09-09,16:01:01,0.342325,0.322075,0.0,29373.627843,0.0,0
2026-09-09,16:01:02,0.342325,0.322075,0.0,29373.627843,0.0,0
2026-09-09,16:01:02,0.308574,0.324132,0.0,29373.627843,0.0,0
2026-09-09,16:01:03,0.308574,0.325996,0.0,29373.627843,0.0,0
2026-09-09,16:01:04,0.308574,0.327057,0.0,29373.627843,0.0,0
2026-09-09,16:01:04,0.308574,0.327732,0.0,29373.627843,0.0,0
2026-09-09,16:01:05,0.308574,0.327732,0.0,29373.627843,0.0,0
2026-09-09,16:01:06,0.315357,0.326449,0.0,29373.627843,0.0,0
2026-09-09,16:01:06,0.313231,0.32444,0.0,29373.627843,0.0,0
2026-09-09,16:01:07,0.346606,0.324161,0.0,29373.627843,0.0,0
2026-09-09,16:01:08,0.346606,0.323915,0.0,29373.627843,0.0,0
2026-09-09,16:01:08,0.346934,0.323915,0.0,29373.627843,0.0,0
2026-09-09,16:01:09,0.313396,0.321215,0.0,29373.627843,0.0,0
2026-09-09,16:01:10,0.308574,0.31784,0.0,29373.627843,0.0,0
2026-09-09,16:01:10,0.308574,0.31784,0.0,29373.627843,0.0,0
2026-09-09,16:01:11,0.308574,0.31784,0.0,29373.627843,0.0,0
2026-09-09,16:01:12,0.333968,0.320379,0.0,29373.627843,0.0,0
2026-09-09,16:01:12,0.326896,0.322211,0.0,29373.627843,0.0,0
2026-09-09,16:01:13,0.313384,0.322692,0.0,29373.627843,0.0,0
2026-09-09,16:01:14,0.313384,0.323703,0.0,29373.627843,0.0,0
2026-09-09,16:01:14,0.325463,0.323703,0.0,29373.627843,0.0,0
2026-09-09,16:01:15,0.309141,0.323294,0.0,29373.627843,0.0,0
2026-09-09,16:01:16,0.33395,0.322028,0.0,29373.627843,0.0,0
2026-09-09,16:01:16,0.327095,0.320044,0.0,29373.627843,0.0,0
2026-09-09,16:01:17,0.327095,0.317954,0.0,29373.627843,0.0,0
2026-09-09,16:01:18,0.292492,0.317954,0.0,29373.627843,0.0,0
2026-09-09,16:01:18,0.303432,0.317439,0.0,29373.627843,0.0,0
2026-09-09,16:01:19,0.316932,0.318275,0.0,29373.627843,0.0,0
2026-09-09,16:01:20,0.321753,0.317054,0.0,29373.627843,0.0,0
2026-09-09,16:01:20,0.321753,0.317054,0.0,29373.627843,0.0,0
2026-09-09,16:01:21,0.288003,0.313164,0.0,29373.627843,0.0,0
2026-09-09,16:01:22,0.302467,0.312073,0.0,29373.627843,0.0,0
2026-09-09,16:01:22,0.328825,0.312409,0.0,29373.627843,0.0,0
2026-09-09,16:01:23,0.328825,0.313734,0.0,29373.627843,0.0,0
2026-09-09,16:01:24,0.322396,0.313734,0.0,29373.627843,0.0,0
2026-09-09,16:01:24,0.288003,0.30914,0.0,29373.627843,0.0,0
2026-09-09,16:01:25,0.31886,0.308316,0.0,29373.627843,0.0,0
2026-09-09,16:01:26,0.326253,0.311692,0.0,29373.627843,0.0,0
2026-09-09,16:01:26,0.326253,0.314723,0.0,29373.627843,0.0,0
2026-09-09,16:01:27,0.333734,0.314723,0.0,29373.627843,0.0,0
2026-09-09,16:01:28,0.332566,0.316286,0.0,29373.627843,0.0,0
2026-09-09,16:01:28,0.309363,0.315047,0.0,29373.627843,0.0,0
2026-09-09,16:01:29,0.327732,0.31902,0.0,29373.627843,0.0,0
2026-09-09,16:01:30,0.327732,0.31902,0.0,29373.627843,0.0,0
2026-09-09,16:01:30,0.328376,0.321611,0.0,29373.627843,0.0,0
2026-09-09,16:01:31,0.325476,0.321276,0.0,29373.627843,0.0,0
2026-09-09,16:01:32,0.345778,0.323614,0.0,29373.627843,0.0,0
2026-09-09,16:01:32,0.345778,0.326169,0.0,29373.627843,0.0,0
2026-09-09,16:01:33,0.313553,0.326169,0.0,29373.627843,0.0,0
2026-09-09,16:01:34,0.309363,0.32522,0.0,29373.627843,0.0,0
2026-09-09,16:01:34,0.341911,0.326785,0.0,29373.627843,0.0,0
2026-09-09,16:01:35,0.333533,0.326765,0.0,29373.627843,0.0,0
2026-09-09,16:01:36,0.333533,0.325831,0.0,29373.627843,0.0,0
2026-09-09,16:01:36,0.32322,0.325831,0.0,29373.627843,0.0,0
2026-09-09,16:01:37,0.309363,0.325831,0.0,29373.627843,0.0,0
2026-09-09,16:01:38,0.330954,0.326153,0.0,29373.627843,0.0,0
2026-09-09,16:01:38,0.309363,0.324252,0.0,29373.627843,0.0,0
2026-09-09,16:01:39,0.309363,0.324252,0.0,29373.627843,0.0,0
2026-09-09,16:01:40,0.329343,0.324638,0.0,29373.627843,0.0,0
2026-09-09,16:01:40,0.309363,0.320997,0.0,29373.627843,0.0,0
2026-09-09,16:01:41,0.309363,0.320578,0.0,29373.627843,0.0,0
2026-09-09,16:01:42,0.343845,0.324026,0.0,29373.627843,0.0,0
2026-09-09,16:01:42,0.343845,0.324026,0.0,29373.627843,0.0,0
2026-09-09,16:01:43,0.345456,0.324381,0.0,29373.627843,0.0,0
2026-09-09,16:01:44,0.3432,0.325347,0.0,29373.627843,0.0,0
2026-09-09,16:01:44,0.330242,0.326049,0.0,29373.627843,0.0,0
2026-09-09,16:01:45,0.330242,0.325814,0.0,29373.627843,0.0,0
2026-09-09,16:01:46,0.307011,0.325814,0.0,29373.627843,0.0,0
2026-09-09,16:01:46,0.34137,0.326856,0.0,29373.627843,0.0,0
2026-09-09,16:01:47,0.321897,0.328109,0.0,29373.627843,0.0,0
2026-09-09,16:01:48,0.315029,0.326678,0.0,29373.627843,0.0,0
2026-09-09,16:01:48,0.315029,0.326678,0.0,29373.627843,0.0,0
2026-09-09,16:01:49,0.341361,0.329877,0.0,29373.627843,0.0,0
2026-09-09,16:01:50,0.349396,0.333881,0.0,29373.627843,0.0,0
2026-09-09,16:01:50,0.335896,0.333086,0.0,29373.627843,0.0,0
2026-09-09,16:01:51,0.337182,0.332258,0.0,29373.627843,0.0,0
2026-09-09,16:01:52,0.337182,0.332258,0.0,29373.627843,0.0,0
2026-09-09,16:01:52,0.338468,0.331785,0.0,29373.627843,0.0,0
2026-09-09,16:01:53,0.338468,0.332608,0.0,29373.627843,0.0,0
2026-09-09,16:01:54,0.327217,0.334628,0.0,29373.627843,0.0,0
2026-09-09,16:01:54,0.327217,0.332506,0.0,29373.627843,0.0,0
2026-09-09,16:01:55,0.320146,0.332506,0.0,29373.627843,0.0,0
2026-09-09,16:01:56,0.311467,0.331463,0.0,29373.627843,0.0,0
2026-09-09,16:01:56,0.308574,0.330818,0.0,29373.627843,0.0,0
2026-09-09,16:01:57,0.308574,0.327539,0.0,29373.627843,0.0,0
2026-09-09,16:01:58,0.308574,0.323457,0.0,29373.627843,0.0,0
2026-09-09,16:01:58,0.308574,0.323457,0.0,29373.627843,0.0,0
2026-09-09,16:01:59,0.288003,0.318667,0.0,29373.627843,0.0,0
2026-09-09,16:02:00,0.297967,0.314746,0.0,29373.627843,0.0,0
2026-09-09,16:02:00,0.30761,0.31166,0.0,29373.627843,0.0,0
2026-09-09,16:02:01,0.30761,0.31166,0.0,29373.627843,0.0,0
2026-09-09,16:02:02,0.328825,0.310696,0.0,29373.627843,0.0,0
2026-09-09,16:02:02,0.336218,0.311596,0.0,29373.627843,0.0,0
2026-09-09,16:02:03,0.338789,0.31346,0.0,29373.627843,0.0,0
2026-09-09,16:02:04,0.338789,0.316,0.0,29373.627843,0.0,0
2026-09-09,16:02:04,0.33686,0.316,0.0,29373.627843,0.0,0
2026-09-09,16:02:05,0.330753,0.318217,0.0,29373.627843,0.0,0
2026-09-09,16:02:06,0.320789,0.319439,0.0,29373.627843,0.0,0
2026-09-09,16:02:06,0.308574,0.319439,0.0,29373.627843,0.0,0
2026-09-09,16:02:07,0.308574,0.319439,0.0,29373.627843,0.0,0
2026-09-09,16:02:08,0.336218,0.32426,0.0,29373.627843,0.0,0
2026-09-09,16:02:08,0.344575,0.328921,0.0,29373.627843,0.0,0
2026-09-09,16:02:09,0.343611,0.332521,0.0,29373.627843,0.0,0
2026-09-09,16:02:10,0.343611,0.3322,0.0,29373.627843,0.0,0
2026-09-09,16:02:10,0.32561,0.3322,0.0,29373.627843,0.0,0
2026-09-09,16:02:11,0.342968,0.332875,0.0,29373.627843,0.0,0
2026-09-09,16:02:12,0.325932,0.331589,0.0,29373.627843,0.0,0
2026-09-09,16:02:12,0.309217,0.328825,0.0,29373.627843,0.0,0
2026-09-09,16:02:13,0.309217,0.328825,0.0,29373.627843,0.0,0
2026-09-09,16:02:14,0.340718,0.329821,0.0,29373.627843,0.0,0
2026-09-09,16:02:14,0.324967,0.330239,0.0,29373.627843,0.0,0
2026-09-09,16:02:15,0.310503,0.330432,0.0,29373.627843,0.0,0
2026-09-09,16:02:16,0.340075,0.330818,0.0,29373.627843,0.0,0
2026-09-09,16:02:16,0.340075,0.330818,0.0,29373.627843,0.0,0
2026-09-09,16:02:17,0.325932,0.328953,0.0,29373.627843,0.0,0
2026-09-09,16:02:18,0.314039,0.325996,0.0,29373.627843,0.0,0
2026-09-09,16:02:18,0.308574,0.324292,0.0,29373.627843,0.0,0
2026-09-09,16:02:19,0.308574,0.322814,0.0,29373.627843,0.0,0
2026-09-09,16:02:20,0.328182,0.322814,0.0,29373.627843,0.0,0
2026-09-09,16:02:20,0.347008,0.324921,0.0,29373.627843,0.0,0
2026-09-09,16:02:21,0.313384,0.325338,0.0,29373.627843,0.0,0
2026-09-09,16:02:22,0.34407,0.325673,0.0,29373.627843,0.0,0
2026-09-09,16:02:22,0.34407,0.325673,0.0,29373.627843,0.0,0
2026-09-09,16:02:23,0.337541,0.326931,0.0,29373.627843,0.0,0
2026-09-09,16:02:24,0.325289,0.328409,0.0,29373.627843,0.0,0
2026-09-09,16:02:24,0.344896,0.328892,0.0,29373.627843,0.0,0
2026-09-09,16:02:25,0.344896,0.327734,0.0,29373.627843,0.0,0
2026-09-09,16:02:26,0.31436,0.327734,0.0,29373.627843,0.0,0
2026-09-09,16:02:26,0.308574,0.327188,0.0,29373.627843,0.0,0
2026-09-09,16:02:27,0.342003,0.330531,0.0,29373.627843,0.0,0
2026-09-09,16:02:28,0.324967,0.330209,0.0,29373.627843,0.0,0
2026-09-09,16:02:28,0.324967,0.326688,0.0,29373.627843,0.0,0
2026-09-09,16:02:29,0.311789,0.326688,0.0,29373.627843,0.0,0
2026-09-09,16:02:30,0.342003,0.329549,0.0,29373.627843,0.0,0
2026-09-09,16:02:30,0.330432,0.328186,0.0,29373.627843,0.0,0
2026-09-09,16:02:31,0.343289,0.32876,0.0,29373.627843,0.0,0
2026-09-09,16:02:32,0.343289,0.32876,0.0,29373.627843,0.0,0
2026-09-09,16:02:32,0.308574,0.327089,0.0,29373.627843,0.0,0
2026-09-09,16:02:33,0.349396,0.327539,0.0,29373.627843,0.0,0
2026-09-09,16:02:34,0.324003,0.328503,0.0,29373.627843,0.0,0
2026-09-09,16:02:34,0.324003,0.329114,0.0,29373.627843,0.0,0
2026-09-09,16:02:35,0.314682,0.329114,0.0,29373.627843,0.0,0
2026-09-09,16:02:36,0.308574,0.325771,0.0,29373.627843,0.0,0
2026-09-09,16:02:36,0.334289,0.326703,0.0,29373.627843,0.0,0
2026-09-09,16:02:37,0.324325,0.327957,0.0,29373.627843,0.0,0
2026-09-09,16:02:38,0.324325,0.328021,0.0,29373.627843,0.0,0
2026-09-09,16:02:38,0.342646,0.328021,0.0,29373.627843,0.0,0
2026-09-09,16:02:39,0.308574,0.325835,0.0,29373.627843,0.0,0
2026-09-09,16:02:40,0.308574,0.322364,0.0,29373.627843,0.0,0
2026-09-09,16:02:40,0.343611,0.325867,0.0,29373.627843,0.0,0
2026-09-09,16:02:41,0.343611,0.325867,0.0,29373.627843,0.0,0
2026-09-09,16:02:42,0.340718,0.325,0.0,29373.627843,0.0,0
2026-09-09,16:02:42,0.338146,0.326414,0.0,29373.627843,0.0,0
2026-09-09,16:02:43,0.338789,0.328825,0.0,29373.627843,0.0,0
2026-09-09,16:02:44,0.338789,0.330335,0.0,29373.627843,0.0,0
2026-09-09,16:02:44,0.323682,0.330335,0.0,29373.627843,0.0,0
2026-09-09,16:02:45,0.324325,0.329339,0.0,29373.627843,0.0,0
2026-09-09,16:02:46,0.308574,0.327764,0.0,29373.627843,0.0,0
2026-09-09,16:02:46,0.314039,0.324903,0.0,29373.627843,0.0,0
2026-09-09,16:02:47,0.314039,0.328471,0.0,29373.627843,0.0,0
2026-09-09,16:02:48,0.344253,0.328471,0.0,29373.627843,0.0,0
2026-09-09,16:02:48,0.322075,0.329821,0.0,29373.627843,0.0,0
2026-09-09,16:02:49,0.325932,0.328053,0.0,29373.627843,0.0,0
2026-09-09,16:02:50,0.32786,0.326768,0.0,29373.627843,0.0,0
2026-09-09,16:02:50,0.32786,0.326768,0.0,29373.627843,0.0,0
2026-09-09,16:02:51,0.327217,0.325675,0.0,29373.627843,0.0,0
2026-09-09,16:02:52,0.322717,0.324067,0.0,29373.627843,0.0,0
2026-09-09,16:02:52,0.341361,0.325835,0.0,29373.627843,0.0,0
2026-09-09,16:02:53,0.341361,0.327603,0.0,29373.627843,0.0,0
2026-09-09,16:02:54,0.342003,0.327603,0.0,29373.627843,0.0,0
2026-09-09,16:02:54,0.329146,0.32966,0.0,29373.627843,0.0,0
2026-09-09,16:02:55,0.311789,0.329435,0.0,29373.627843,0.0,0
2026-09-09,16:02:56,0.338468,0.328857,0.0,29373.627843,0.0,0
2026-09-09,16:02:56,0.338468,0.331043,0.0,29373.627843,0.0,0
2026-09-09,16:02:57,0.343932,0.331043,0.0,29373.627843,0.0,0
2026-09-09,16:02:58,0.342003,0.33265,0.0,29373.627843,0.0,0
2026-09-09,16:02:58,0.308574,0.330721,0.0,29373.627843,0.0,0
2026-09-09,16:02:59,0.308574,0.328857,0.0,29373.627843,0.0,0
2026-09-09,16:03:00,0.308574,0.328857,0.0,29373.627843,0.0,0
2026-09-09,16:03:00,0.332682,0.329853,0.0,29373.627843,0.0,0
2026-09-09,16:03:01,0.318539,0.327571,0.0,29373.627843,0.0,0
2026-09-09,16:03:02,0.308574,0.324228,0.0,29373.627843,0.0,0
2026-09-09,16:03:02,0.308574,0.325385,0.0,29373.627843,0.0,0
2026-09-09,16:03:03,0.340718,0.325385,0.0,29373.627843,0.0,0
2026-09-09,16:03:04,0.341361,0.328342,0.0,29373.627843,0.0,0
2026-09-09,16:03:04,0.308574,0.325353,0.0,29373.627843,0.0,0
2026-09-09,16:03:05,0.308574,0.321817,0.0,29373.627843,0.0,0
2026-09-09,16:03:06,0.308574,0.318475,0.0,29373.627843,0.0,0
2026-09-09,16:03:06,0.308574,0.318475,0.0,29373.627843,0.0,0
2026-09-09,16:03:07,0.309217,0.318539,0.0,29373.627843,0.0,0
2026-09-09,16:03:08,0.310182,0.3187,0.0,29373.627843,0.0,0
2026-09-09,16:03:08,0.311467,0.316578,0.0,29373.627843,0.0,0
2026-09-09,16:03:09,0.311467,0.316578,0.0,29373.627843,0.0,0
2026-09-09,16:03:10,0.32336,0.31706,0.0,29373.627843,0.0,0
2026-09-09,16:03:10,0.324325,0.318635,0.0,29373.627843,0.0,0
2026-09-09,16:03:11,0.312079,0.315771,0.0,29373.627843,0.0,0
2026-09-09,16:03:12,0.312079,0.314434,0.0,29373.627843,0.0,0
2026-09-09,16:03:12,0.327989,0.314434,0.0,29373.627843,0.0,0
2026-09-09,16:03:13,0.287271,0.312304,0.0,29373.627843,0.0,0
2026-09-09,16:03:14,0.313241,0.312771,0.0,29373.627843,0.0,0
2026-09-09,16:03:14,0.357731,0.317686,0.0,29373.627843,0.0,0
2026-09-09,16:03:15,0.357731,0.31889,0.0,29373.627843,0.0,0
2026-09-09,16:03:16,0.321256,0.31889,0.0,29373.627843,0.0,0
2026-09-09,16:03:16,0.321897,0.320062,0.0,29373.627843,0.0,0
2026-09-09,16:03:17,0.321256,0.321041,0.0,29373.627843,0.0,0
2026-09-09,16:03:18,0.342096,0.322914,0.0,29373.627843,0.0,0
2026-09-09,16:03:18,0.342096,0.322914,0.0,29373.627843,0.0,0
2026-09-09,16:03:19,0.30779,0.321261,0.0,29373.627843,0.0,0
2026-09-09,16:03:20,0.340814,0.324134,0.0,29373.627843,0.0,0
2026-09-09,16:03:20,0.335043,0.32484,0.0,29373.627843,0.0,0
2026-09-09,16:03:21,0.335043,0.328751,0.0,29373.627843,0.0,0
2026-09-09,16:03:22,0.326386,0.328751,0.0,29373.627843,0.0,0
2026-09-09,16:03:22,0.327704,0.330197,0.0,29373.627843,0.0,0
2026-09-09,16:03:23,0.317833,0.326208,0.0,29373.627843,0.0,0
2026-09-09,16:03:24,0.308574,0.324939,0.0,29373.627843,0.0,0
2026-09-09,16:03:24,0.308574,0.326275,0.0,29373.627843,0.0,0
2026-09-09,16:03:25,0.335253,0.326275,0.0,29373.627843,0.0,0
2026-09-09,16:03:26,0.322717,0.326421,0.0,29373.627843,0.0,0
2026-09-09,16:03:26,0.309217,0.323133,0.0,29373.627843,0.0,0
2026-09-09,16:03:27,0.349396,0.327294,0.0,29373.627843,0.0,0
2026-09-09,16:03:28,0.349396,0.327294,0.0,29373.627843,0.0,0
2026-09-09,16:03:28,0.322075,0.32542,0.0,29373.627843,0.0,0
2026-09-09,16:03:29,0.31211,0.323127,0.0,29373.627843,0.0,0
2026-09-09,16:03:30,0.308574,0.321346,0.0,29373.627843,0.0,0
2026-09-09,16:03:30,0.308574,0.322808,0.0,29373.627843,0.0,0
2026-09-09,16:03:31,0.342325,0.322808,0.0,29373.627843,0.0,0
2026-09-09,16:03:32,0.340718,0.325096,0.0,29373.627843,0.0,0
2026-09-09,16:03:32,0.339432,0.328182,0.0,29373.627843,0.0,0
2026-09-09,16:03:33,0.339432,0.3286,0.0,29373.627843,0.0,0
2026-09-09,16:03:34,0.339432,0.330528,0.0,29373.627843,0.0,0
2026-09-09,16:03:34,0.342003,0.330528,0.0,29373.627843,0.0,0
2026-09-09,16:03:35,0.288003,0.328407,0.0,29373.627843,0.0,0
2026-09-09,16:03:36,0.288003,0.322267,0.0,29373.627843,0.0,0
2026-09-09,16:03:36,0.288003,0.31886,0.0,29373.627843,0.0,0
2026-09-09,16:03:37,0.288003,0.31886,0.0,29373.627843,0.0,0
2026-09-09,16:03:38,0.324003,0.32005,0.0,29373.627843,0.0,0
2026-09-09,16:03:38,0.33395,0.322587,0.0,29373.627843,0.0,0
2026-09-09,16:03:39,0.32938,0.321293,0.0,29373.627843,0.0,0
2026-09-09,16:03:40,0.32938,0.320192,0.0,29373.627843,0.0,0
2026-09-09,16:03:40,0.329707,0.320192,0.0,29373.627843,0.0,0
2026-09-09,16:03:41,0.33395,0.319643,0.0,29373.627843,0.0,0
2026-09-09,16:03:42,0.292492,0.314949,0.0,29373.627843,0.0,0
2026-09-09,16:03:42,0.29294,0.310043,0.0,29373.627843,0.0,0
2026-09-09,16:03:43,0.29294,0.313031,0.0,29373.627843,0.0,0
2026-09-09,16:03:44,0.317885,0.313031,0.0,29373.627843,0.0,0
2026-09-09,16:03:44,0.313727,0.315604,0.0,29373.627843,0.0,0
2026-09-09,16:03:45,0.311169,0.31792,0.0,29373.627843,0.0,0
2026-09-09,16:03:46,0.307011,0.316221,0.0,29373.627843,0.0,0
2026-09-09,16:03:46,0.307011,0.316221,0.0,29373.627843,0.0,0
2026-09-09,16:03:47,0.313384,0.314164,0.0,29373.627843,0.0,0
2026-09-09,16:03:48,0.313384,0.312565,0.0,29373.627843,0.0,0
2026-09-09,16:03:48,0.313384,0.310933,0.0,29373.627843,0.0,0
2026-09-09,16:03:49,0.313384,0.308876,0.0,29373.627843,0.0,0
2026-09-09,16:03:50,0.313384,0.308876,0.0,29373.627843,0.0,0
2026-09-09,16:03:50,0.313384,0.310965,0.0,29373.627843,0.0,0
2026-09-09,16:03:51,0.313384,0.31301,0.0,29373.627843,0.0,0
2026-09-09,16:03:52,0.313384,0.31256,0.0,29373.627843,0.0,0
2026-09-09,16:03:52,0.313384,0.31579,0.0,29373.627843,0.0,0
2026-09-09,16:03:53,0.346029,0.31579,0.0,29373.627843,0.0,0
2026-09-09,16:03:54,0.344396,0.319113,0.0,29373.627843,0.0,0
2026-09-09,16:03:54,0.340479,0.32246,0.0,29373.627843,0.0,0
2026-09-09,16:03:55,0.336562,0.324777,0.0,29373.627843,0.0,0
2026-09-09,16:03:56,0.336562,0.324777,0.0,29373.627843,0.0,0
2026-09-09,16:03:56,0.334603,0.326899,0.0,29373.627843,0.0,0
2026-09-09,16:03:57,0.335909,0.329152,0.0,29373.627843,0.0,0
2026-09-09,16:03:58,0.33852,0.331665,0.0,29373.627843,0.0,0
2026-09-09,16:03:58,0.33852,0.332808,0.0,29373.627843,0.0,0
2026-09-09,16:03:59,0.32481,0.332808,0.0,29373.627843,0.0,0
2026-09-09,16:04:00,0.288003,0.33027,0.0,29373.627843,0.0,0
2026-09-09,16:04:00,0.288003,0.327731,0.0,29373.627843,0.0,0
2026-09-09,16:04:01,0.292181,0.322347,0.0,29373.627843,0.0,0
2026-09-09,16:04:02,0.292181,0.318706,0.0,29373.627843,0.0,0
2026-09-09,16:04:02,0.307985,0.318706,0.0,29373.627843,0.0,0
2026-09-09,16:04:03,0.329665,0.317624,0.0,29373.627843,0.0,0
2026-09-09,16:04:04,0.288739,0.312842,0.0,29373.627843,0.0,0
2026-09-09,16:04:04,0.327087,0.31209,0.0,29373.627843,0.0,0
2026-09-09,16:04:05,0.327087,0.31209,0.0,29373.627843,0.0,0
2026-09-09,16:04:06,0.315809,0.31008,0.0,29373.627843,0.0,0
2026-09-09,16:04:06,0.288739,0.305102,0.0,29373.627843,0.0,0
2026-09-09,16:04:07,0.293895,0.302011,0.0,29373.627843,0.0,0
2026-09-09,16:04:08,0.304852,0.303696,0.0,29373.627843,0.0,0
2026-09-09,16:04:09,0.304852,0.303696,0.0,29373.627843,0.0,0
2026-09-09,16:04:09,0.329665,0.307862,0.0,29373.627843,0.0,0
2026-09-09,16:04:10,0.329665,0.31161,0.0,29373.627843,0.0,0
2026-09-09,16:04:11,0.340944,0.314906,0.0,29373.627843,0.0,0
2026-09-09,16:04:11,0.340944,0.31626,0.0,29373.627843,0.0,0
2026-09-09,16:04:12,0.3432,0.31626,0.0,29373.627843,0.0,0
2026-09-09,16:04:13,0.3432,0.321706,0.0,29373.627843,0.0,0
2026-09-09,16:04:13,0.342233,0.32322,0.0,29373.627843,0.0,0
2026-09-09,16:04:14,0.338689,0.325508,0.0,29373.627843,0.0,0
2026-09-09,16:04:15,0.338689,0.325508,0.0,29373.627843,0.0,0
2026-09-09,16:04:15,0.339406,0.330575,0.0,29373.627843,0.0,0
2026-09-09,16:04:16,0.32786,0.333972,0.0,29373.627843,0.0,0
2026-09-09,16:04:17,0.330124,0.336499,0.0,29373.627843,0.0,0
2026-09-09,16:04:17,0.32405,0.335937,0.0,29373.627843,0.0,0
2026-09-09,16:04:18,0.32405,0.335937,0.0,29373.627843,0.0,0
2026-09-09,16:04:19,0.344727,0.337443,0.0,29373.627843,0.0,0
2026-09-09,16:04:19,0.346666,0.338016,0.0,29373.627843,0.0,0
2026-09-09,16:04:20,0.305957,0.334291,0.0,29373.627843,0.0,0
2026-09-09,16:04:21,0.305957,0.333022,0.0,29373.627843,0.0,0
2026-09-09,16:04:21,0.330512,0.333022,0.0,29373.627843,0.0,0
2026-09-09,16:04:22,0.324373,0.331236,0.0,29373.627843,0.0,0
2026-09-09,16:04:23,0.322758,0.329643,0.0,29373.627843,0.0,0
2026-09-09,16:04:23,0.330512,0.328754,0.0,29373.627843,0.0,0
2026-09-09,16:04:24,0.330512,0.328754,0.0,29373.627843,0.0,0
2026-09-09,16:04:25,0.28948,0.324916,0.0,29373.627843,0.0,0
2026-09-09,16:04:25,0.304988,0.322402,0.0,29373.627843,0.0,0
2026-09-09,16:04:26,0.323404,0.322338,0.0,29373.627843,0.0,0
2026-09-09,16:04:27,0.289803,0.316845,0.0,29373.627843,0.0,0
2026-09-09,16:04:27,0.289803,0.316845,0.0,29373.627843,0.0,0
2026-09-09,16:04:28,0.304831,0.312662,0.0,29373.627843,0.0,0
2026-09-09,16:04:29,0.319786,0.314045,0.0,29373.627843,0.0,0
2026-09-09,16:04:29,0.318195,0.312813,0.0,29373.627843,0.0,0
2026-09-09,16:04:30,0.318195,0.310763,0.0,29373.627843,0.0,0
2026-09-09,16:04:31,0.303876,0.310763,0.0,29373.627843,0.0,0
2026-09-09,16:04:31,0.340664,0.312554,0.0,29373.627843,0.0,0
2026-09-09,16:04:32,0.343911,0.313894,0.0,29373.627843,0.0,0
2026-09-09,16:04:33,0.343911,0.319337,0.0,29373.627843,0.0,0
2026-09-09,16:04:33,0.343911,0.322937,0.0,29373.627843,0.0,0
2026-09-09,16:04:34,0.340988,0.322937,0.0,29373.627843,0.0,0
2026-09-09,16:04:35,0.336117,0.324208,0.0,29373.627843,0.0,0
2026-09-09,16:04:35,0.343789,0.329607,0.0,29373.627843,0.0,0
2026-09-09,16:04:36,0.339631,0.333087,0.0,29373.627843,0.0,0
2026-09-09,16:04:37,0.339631,0.333087,0.0,29373.627843,0.0,0
2026-09-09,16:04:37,0.307331,0.331841,0.0,29373.627843,0.0,0
2026-09-09,16:04:38,0.311761,0.331198,0.0,29373.627843,0.0,0
2026-09-09,16:04:39,0.311761,0.331986,0.0,29373.627843,0.0,0
2026-09-09,16:04:39,0.311761,0.329096,0.0,29373.627843,0.0,0
2026-09-09,16:04:40,0.311761,0.329096,0.0,29373.627843,0.0,0
2026-09-09,16:04:41,0.31241,0.325946,0.0,29373.627843,0.0,0
2026-09-09,16:04:41,0.344236,0.325978,0.0,29373.627843,0.0,0
2026-09-09,16:04:42,0.329297,0.324809,0.0,29373.627843,0.0,0
2026-09-09,16:04:43,0.329297,0.322276,0.0,29373.627843,0.0,0
2026-09-09,16:04:43,0.310787,0.322276,0.0,29373.627843,0.0,0
2026-09-09,16:04:44,0.314684,0.319366,0.0,29373.627843,0.0,0
2026-09-09,16:04:45,0.320123,0.317415,0.0,29373.627843,0.0,0
2026-09-09,16:04:45,0.292492,0.315931,0.0,29373.627843,0.0,0
2026-09-09,16:04:46,0.292492,0.315931,0.0,29373.627843,0.0,0
2026-09-09,16:04:47,0.316322,0.316387,0.0,29373.627843,0.0,0
2026-09-09,16:04:47,0.322198,0.317431,0.0,29373.627843,0.0,0
2026-09-09,16:04:48,0.338775,0.320132,0.0,29373.627843,0.0,0
2026-09-09,16:04:49,0.338775,0.319834,0.0,29373.627843,0.0,0
2026-09-09,16:04:49,0.309427,0.319834,0.0,29373.627843,0.0,0
2026-09-09,16:04:50,0.310957,0.316506,0.0,29373.627843,0.0,0
2026-09-09,16:04:51,0.320674,0.315644,0.0,29373.627843,0.0,0
2026-09-09,16:04:51,0.332832,0.317848,0.0,29373.627843,0.0,0
2026-09-09,16:04:52,0.332832,0.320554,0.0,29373.627843,0.0,0
2026-09-09,16:04:53,0.341742,0.320554,0.0,29373.627843,0.0,0
2026-09-09,16:04:53,0.308649,0.319407,0.0,29373.627843,0.0,0
2026-09-09,16:04:54,0.305467,0.320704,0.0,29373.627843,0.0,0
2026-09-09,16:04:55,0.315859,0.320658,0.0,29373.627843,0.0,0
2026-09-09,16:04:55,0.315859,0.320658,0.0,29373.627843,0.0,0
2026-09-09,16:04:56,0.315859,0.320024,0.0,29373.627843,0.0,0
2026-09-09,16:04:57,0.310957,0.317242,0.0,29373.627843,0.0,0
2026-09-09,16:04:57,0.293465,0.315646,0.0,29373.627843,0.0,0
2026-09-09,16:04:58,0.293465,0.319274,0.0,29373.627843,0.0,0
2026-09-09,16:04:59,0.347235,0.319274,0.0,29373.627843,0.0,0
2026-09-09,16:04:59,0.325533,0.31976,0.0,29373.627843,0.0,0
2026-09-09,16:05:00,0.327476,0.319224,0.0,29373.627843,0.0,0
2026-09-09,16:05:01,0.345615,0.319612,0.0,29373.627843,0.0,0
2026-09-09,16:05:01,0.345615,0.320037,0.0,29373.627843,0.0,0
2026-09-09,16:05:02,0.3129,0.320037,0.0,29373.627843,0.0,0
2026-09-09,16:05:03,0.310957,0.320586,0.0,29373.627843,0.0,0
2026-09-09,16:05:03,0.343996,0.323399,0.0,29373.627843,0.0,0
2026-09-09,16:05:04,0.340433,0.325857,0.0,29373.627843,0.0,0
2026-09-09,16:05:05,0.340433,0.325857,0.0,29373.627843,0.0,0
2026-09-09,16:05:05,0.352094,0.32997,0.0,29373.627843,0.0,0
2026-09-09,16:05:06,0.339785,0.334602,0.0,29373.627843,0.0,0
2026-09-09,16:05:07,0.341081,0.333987,0.0,29373.627843,0.0,0
2026-09-09,16:05:07,0.341081,0.335704,0.0,29373.627843,0.0,0
2026-09-09,16:05:08,0.3427,0.335704,0.0,29373.627843,0.0,0
2026-09-09,16:05:09,0.344644,0.33742,0.0,29373.627843,0.0,0
2026-09-09,16:05:09,0.341081,0.336967,0.0,29373.627843,0.0,0
2026-09-09,16:05:10,0.343348,0.340012,0.0,29373.627843,0.0,0
2026-09-09,16:05:11,0.343348,0.340012,0.0,29373.627843,0.0,0
2026-09-09,16:05:11,0.344967,0.343413,0.0,29373.627843,0.0,0
2026-09-09,16:05:12,0.310957,0.340109,0.0,29373.627843,0.0,0
2026-09-09,16:05:13,0.310957,0.337161,0.0,29373.627843,0.0,0
2026-09-09,16:05:13,0.292494,0.331201,0.0,29373.627843,0.0,0
2026-09-09,16:05:14,0.292494,0.331201,0.0,29373.627843,0.0,0
2026-09-09,16:05:15,0.3278,0.330003,0.0,29373.627843,0.0,0
2026-09-09,16:05:15,0.312576,0.327152,0.0,29373.627843,0.0,0
2026-09-09,16:05:16,0.323265,0.325209,0.0,29373.627843,0.0,0
2026-09-09,16:05:17,0.323265,0.32184,0.0,29373.627843,0.0,0
2026-09-09,16:05:17,0.310957,0.32184,0.0,29373.627843,0.0,0
2026-09-09,16:05:18,0.310957,0.318828,0.0,29373.627843,0.0,0
2026-09-09,16:05:19,0.310957,0.315589,0.0,29373.627843,0.0,0
2026-09-09,16:05:19,0.310957,0.312187,0.0,29373.627843,0.0,0
2026-09-09,16:05:20,0.310957,0.312285,0.0,29373.627843,0.0,0
2026-09-09,16:05:21,0.311928,0.312285,0.0,29373.627843,0.0,0
2026-09-09,16:05:21,0.314196,0.312609,0.0,29373.627843,0.0,0
2026-09-09,16:05:22,0.316139,0.314973,0.0,29373.627843,0.0,0
2026-09-09,16:05:23,0.318083,0.314001,0.0,29373.627843,0.0,0
2026-09-09,16:05:23,0.318083,0.314001,0.0,29373.627843,0.0,0
2026-09-09,16:05:24,0.344967,0.31724,0.0,29373.627843,0.0,0
2026-09-09,16:05:25,0.346587,0.319573,0.0,29373.627843,0.0,0
2026-09-09,16:05:25,0.347559,0.323233,0.0,29373.627843,0.0,0
2026-09-09,16:05:26,0.347559,0.323686,0.0,29373.627843,0.0,0
2026-09-09,16:05:27,0.315491,0.323686,0.0,29373.627843,0.0,0
2026-09-09,16:05:27,0.312576,0.323848,0.0,29373.627843,0.0,0
2026-09-09,16:05:28,0.310957,0.323848,0.0,29373.627843,0.0,0
2026-09-09,16:05:29,0.310957,0.323751,0.0,29373.627843,0.0,0
2026-09-09,16:05:29,0.310957,0.323427,0.0,29373.627843,0.0,0
2026-09-09,16:05:30,0.310957,0.323427,0.0,29373.627843,0.0,0
2026-09-09,16:05:31,0.345291,0.326342,0.0,29373.627843,0.0,0
2026-09-09,16:05:31,0.343672,0.328901,0.0,29373.627843,0.0,0
2026-09-09,16:05:32,0.342376,0.328642,0.0,29373.627843,0.0,0
2026-09-09,16:05:33,0.342376,0.328642,0.0,29373.627843,0.0,0
2026-09-09,16:05:33,0.342052,0.328189,0.0,29373.627843,0.0,0
2026-09-09,16:05:34,0.343024,0.327735,0.0,29373.627843,0.0,0
2026-09-09,16:05:35,0.339137,0.3301,0.0,29373.627843,0.0,0
2026-09-09,16:05:35,0.339137,0.332886,0.0,29373.627843,0.0,0
2026-09-09,16:05:36,0.340433,0.332886,0.0,29373.627843,0.0,0
2026-09-09,16:05:37,0.341404,0.33593,0.0,29373.627843,0.0,0
2026-09-09,16:05:37,0.341081,0.338943,0.0,29373.627843,0.0,0
2026-09-09,16:05:38,0.339461,0.341793,0.0,29373.627843,0.0,0
2026-09-09,16:05:39,0.339461,0.340983,0.0,29373.627843,0.0,0
2026-09-09,16:05:39,0.337194,0.340983,0.0,29373.627843,0.0,0
2026-09-09,16:05:40,0.336222,0.340238,0.0,29373.627843,0.0,0
2026-09-09,16:05:41,0.337841,0.339785,0.0,29373.627843,0.0,0
2026-09-09,16:05:41,0.342052,0.339785,0.0,29373.627843,0.0,0
2026-09-09,16:05:42,0.342052,0.339785,0.0,29373.627843,0.0,0
2026-09-09,16:05:43,0.328772,0.33836,0.0,29373.627843,0.0,0
2026-09-09,16:05:43,0.34432,0.338878,0.0,29373.627843,0.0,0
2026-09-09,16:05:44,0.34432,0.339267,0.0,29373.627843,0.0,0
2026-09-09,16:05:45,0.342052,0.339331,0.0,29373.627843,0.0,0
2026-09-09,16:05:45,0.342052,0.339331,0.0,29373.627843,0.0,0
2026-09-09,16:05:46,0.334602,0.338684,0.0,29373.627843,0.0,0
2026-09-09,16:05:47,0.324561,0.337194,0.0,29373.627843,0.0,0
2026-09-09,16:05:47,0.306237,0.334098,0.0,29373.627843,0.0,0
2026-09-09,16:05:48,0.306237,0.334194,0.0,29373.627843,0.0,0
2026-09-09,16:05:49,0.33718,0.334194,0.0,29373.627843,0.0,0
2026-09-09,16:05:49,0.32442,0.332851,0.0,29373.627843,0.0,0
2026-09-09,16:05:50,0.315488,0.330195,0.0,29373.627843,0.0,0
2026-09-09,16:05:51,0.306237,0.327942,0.0,29373.627843,0.0,0
2026-09-09,16:05:51,0.306237,0.327942,0.0,29373.627843,0.0,0
2026-09-09,16:05:52,0.346385,0.328148,0.0,29373.627843,0.0,0
2026-09-09,16:05:53,0.330512,0.326767,0.0,29373.627843,0.0,0
2026-09-09,16:05:53,0.324373,0.324999,0.0,29373.627843,0.0,0
2026-09-09,16:05:54,0.324373,0.326238,0.0,29373.627843,0.0,0
2026-09-09,16:05:55,0.346989,0.326238,0.0,29373.627843,0.0,0
2026-09-09,16:05:55,0.344081,0.32819,0.0,29373.627843,0.0,0
2026-09-09,16:05:56,0.341496,0.331716,0.0,29373.627843,0.0,0
2026-09-09,16:05:57,0.318311,0.329829,0.0,29373.627843,0.0,0
2026-09-09,16:05:57,0.318311,0.328956,0.0,29373.627843,0.0,0
2026-09-09,16:05:58,0.315685,0.328956,0.0,29373.627843,0.0,0
2026-09-09,16:05:59,0.315029,0.32891,0.0,29373.627843,0.0,0
2026-09-09,16:05:59,0.309363,0.329222,0.0,29373.627843,0.0,0
2026-09-09,16:06:00,0.309363,0.32552,0.0,29373.627843,0.0,0
2026-09-09,16:06:01,0.309363,0.32552,0.0,29373.627843,0.0,0
2026-09-09,16:06:01,0.290673,0.321536,0.0,29373.627843,0.0,0
2026-09-09,16:06:02,0.302274,0.319326,0.0,29373.627843,0.0,0
2026-09-09,16:06:03,0.329665,0.317594,0.0,29373.627843,0.0,0
2026-09-09,16:06:03,0.329665,0.315508,0.0,29373.627843,0.0,0
2026-09-09,16:06:04,0.32322,0.315508,0.0,29373.627843,0.0,0
2026-09-09,16:06:05,0.288739,0.310232,0.0,29373.627843,0.0,0
2026-09-09,16:06:05,0.294862,0.307888,0.0,29373.627843,0.0,0
2026-09-09,16:06:06,0.301952,0.306514,0.0,29373.627843,0.0,0
2026-09-09,16:06:07,0.301952,0.307913,0.0,29373.627843,0.0,0
2026-09-09,16:06:07,0.329021,0.307913,0.0,29373.627843,0.0,0
2026-09-09,16:06:08,0.333533,0.31033,0.0,29373.627843,0.0,0
2026-09-09,16:06:09,0.327732,0.312167,0.0,29373.627843,0.0,0
2026-09-09,16:06:09,0.329988,0.316099,0.0,29373.627843,0.0,0
2026-09-09,16:06:10,0.329988,0.316099,0.0,29373.627843,0.0,0
2026-09-09,16:06:11,0.332888,0.31916,0.0,29373.627843,0.0,0
2026-09-09,16:06:11,0.329665,0.31916,0.0,29373.627843,0.0,0
2026-09-09,16:06:12,0.342556,0.321094,0.0,29373.627843,0.0,0
2026-09-09,16:06:13,0.342556,0.323156,0.0,29373.627843,0.0,0
2026-09-09,16:06:13,0.309363,0.323156,0.0,29373.627843,0.0,0
2026-09-09,16:06:14,0.309363,0.324606,0.0,29373.627843,0.0,0
2026-09-09,16:06:15,0.309363,0.325347,0.0,29373.627843,0.0,0
2026-09-09,16:06:15,0.309363,0.323382,0.0,29373.627843,0.0,0
2026-09-09,16:06:16,0.309363,0.320965,0.0,29373.627843,0.0,0
2026-09-09,16:06:17,0.309363,0.320965,0.0,29373.627843,0.0,0
2026-09-09,16:06:17,0.341589,0.32235,0.0,29373.627843,0.0,0
2026-09-09,16:06:18,0.35029,0.324381,0.0,29373.627843,0.0,0
2026-09-09,16:06:19,0.331921,0.324284,0.0,29373.627843,0.0,0
2026-09-09,16:06:19,0.331921,0.324284,0.0,29373.627843,0.0,0
2026-09-09,16:06:20,0.323865,0.323704,0.0,29373.627843,0.0,0
2026-09-09,16:06:21,0.316453,0.321094,0.0,29373.627843,0.0,0
2026-09-09,16:06:21,0.309363,0.321094,0.0,29373.627843,0.0,0
2026-09-09,16:06:22,0.3374,0.323897,0.0,29373.627843,0.0,0
2026-09-09,16:06:23,0.3374,0.323897,0.0,29373.627843,0.0,0
2026-09-09,16:06:23,0.322576,0.325218,0.0,29373.627843,0.0,0
2026-09-09,16:06:24,0.309363,0.325218,0.0,29373.627843,0.0,0
2026-09-09,16:06:25,0.328699,0.327152,0.0,29373.627843,0.0,0
2026-09-09,16:06:25,0.328699,0.327345,0.0,29373.627843,0.0,0
2026-09-09,16:06:26,0.343522,0.327345,0.0,29373.627843,0.0,0
2026-09-09,16:06:27,0.325154,0.324832,0.0,29373.627843,0.0,0
2026-09-09,16:06:27,0.309363,0.322576,0.0,29373.627843,0.0,0
2026-09-09,16:06:28,0.336111,0.3238,0.0,29373.627843,0.0,0
2026-09-09,16:06:29,0.336111,0.324413,0.0,29373.627843,0.0,0
2026-09-09,16:06:29,0.322576,0.324413,0.0,29373.627843,0.0,0
2026-09-09,16:06:30,0.309363,0.324413,0.0,29373.627843,0.0,0
2026-09-09,16:06:31,0.3432,0.324993,0.0,29373.627843,0.0,0
2026-09-09,16:06:31,0.339333,0.326669,0.0,29373.627843,0.0,0
2026-09-09,16:06:32,0.339333,0.326669,0.0,29373.627843,0.0,0
2026-09-09,16:06:33,0.35029,0.330761,0.0,29373.627843,0.0,0
2026-09-09,16:06:33,0.338689,0.33176,0.0,29373.627843,0.0,0
2026-09-09,16:06:34,0.329665,0.330374,0.0,29373.627843,0.0,0
2026-09-09,16:06:35,0.329665,0.330181,0.0,29373.627843,0.0,0
2026-09-09,16:06:35,0.32322,0.330181,0.0,29373.627843,0.0,0
2026-09-09,16:06:36,0.292929,0.328538,0.0,29373.627843,0.0,0
2026-09-09,16:06:37,0.312895,0.326216,0.0,29373.627843,0.0,0
2026-09-09,16:06:37,0.327296,0.326688,0.0,29373.627843,0.0,0
2026-09-09,16:06:38,0.327296,0.325634,0.0,29373.627843,0.0,0
2026-09-09,16:06:39,0.298821,0.325634,0.0,29373.627843,0.0,0
2026-09-09,16:06:39,0.334824,0.324796,0.0,29373.627843,0.0,0
2026-09-09,16:06:40,0.329587,0.323822,0.0,29373.627843,0.0,0
2026-09-09,16:06:41,0.327296,0.321522,0.0,29373.627843,0.0,0
2026-09-09,16:06:41,0.327296,0.321522,0.0,29373.627843,0.0,0
2026-09-09,16:06:42,0.30743,0.318396,0.0,29373.627843,0.0,0
2026-09-09,16:06:43,0.323084,0.317738,0.0,29373.627843,0.0,0
2026-09-09,16:06:43,0.338468,0.319263,0.0,29373.627843,0.0,0
2026-09-09,16:06:44,0.338468,0.324696,0.0,29373.627843,0.0,0
2026-09-09,16:06:45,0.347261,0.324696,0.0,29373.627843,0.0,0
2026-09-09,16:06:45,0.341911,0.327598,0.0,29373.627843,0.0,0
2026-09-09,16:06:46,0.340944,0.328963,0.0,29373.627843,0.0,0
2026-09-09,16:06:47,0.339978,0.333078,0.0,29373.627843,0.0,0
2026-09-09,16:06:47,0.339978,0.334625,0.0,29373.627843,0.0,0
2026-09-09,16:06:48,0.35029,0.334625,0.0,29373.627843,0.0,0
2026-09-09,16:06:49,0.35029,0.336695,0.0,29373.627843,0.0,0
2026-09-09,16:06:49,0.35029,0.338994,0.0,29373.627843,0.0,0
2026-09-09,16:06:50,0.338044,0.342056,0.0,29373.627843,0.0,0
2026-09-09,16:06:51,0.338044,0.342056,0.0,29373.627843,0.0,0
2026-09-09,16:06:51,0.33321,0.343069,0.0,29373.627843,0.0,0
2026-09-09,16:06:52,0.35029,0.344251,0.0,29373.627843,0.0,0
2026-09-09,16:06:53,0.344152,0.34394,0.0,29373.627843,0.0,0
2026-09-09,16:06:53,0.344152,0.344688,0.0,29373.627843,0.0,0
2026-09-09,16:06:54,0.349396,0.344688,0.0,29373.627843,0.0,0
2026-09-09,16:06:55,0.340536,0.344647,0.0,29373.627843,0.0,0
2026-09-09,16:06:55,0.338233,0.344473,0.0,29373.627843,0.0,0
2026-09-09,16:06:56,0.336259,0.34307,0.0,29373.627843,0.0,0
2026-09-09,16:06:57,0.336259,0.340666,0.0,29373.627843,0.0,0
2026-09-09,16:06:57,0.326253,0.340666,0.0,29373.627843,0.0,0
2026-09-09,16:06:58,0.308574,0.336495,0.0,29373.627843,0.0,0
2026-09-09,16:06:59,0.322075,0.334898,0.0,29373.627843,0.0,0
2026-09-09,16:06:59,0.31211,0.332788,0.0,29373.627843,0.0,0
2026-09-09,16:07:00,0.31211,0.332788,0.0,29373.627843,0.0,0
2026-09-09,16:07:01,0.309539,0.328713,0.0,29373.627843,0.0,0
2026-09-09,16:07:01,0.308574,0.325155,0.0,29373.627843,0.0,0
2026-09-09,16:07:02,0.308574,0.321073,0.0,29373.627843,0.0,0
2026-09-09,16:07:03,0.308574,0.318358,0.0,29373.627843,0.0,0
2026-09-09,16:07:03,0.313384,0.318358,0.0,29373.627843,0.0,0
2026-09-09,16:07:04,0.313384,0.315873,0.0,29373.627843,0.0,0
2026-09-09,16:07:05,0.30779,0.313026,0.0,29373.627843,0.0,0
2026-09-09,16:07:05,0.3126,0.311661,0.0,29373.627843,0.0,0
2026-09-09,16:07:06,0.3126,0.313153,0.0,29373.627843,0.0,0
2026-09-09,16:07:07,0.323501,0.313153,0.0,29373.627843,0.0,0
2026-09-09,16:07:07,0.303943,0.31134,0.0,29373.627843,0.0,0
2026-09-09,16:07:08,0.323501,0.312479,0.0,29373.627843,0.0,0
2026-09-09,16:07:09,0.327669,0.314292,0.0,29373.627843,0.0,0
2026-09-09,16:07:09,0.327669,0.314292,0.0,29373.627843,0.0,0
2026-09-09,16:07:10,0.329272,0.316362,0.0,29373.627843,0.0,0
2026-09-09,16:07:11,0.32863,0.318367,0.0,29373.627843,0.0,0
2026-09-09,16:07:11,0.33178,0.320207,0.0,29373.627843,0.0,0
2026-09-09,16:07:12,0.33178,0.320158,0.0,29373.627843,0.0,0
2026-09-09,16:07:13,0.312896,0.320158,0.0,29373.627843,0.0,0
2026-09-09,16:07:14,0.320273,0.321406,0.0,29373.627843,0.0,0
2026-09-09,16:07:14,0.342283,0.324375,0.0,29373.627843,0.0,0
2026-09-09,16:07:15,0.340369,0.326062,0.0,29373.627843,0.0,0
2026-09-09,16:07:16,0.340369,0.329704,0.0,29373.627843,0.0,0
2026-09-09,16:07:16,0.340369,0.329704,0.0,29373.627843,0.0,0
2026-09-09,16:07:17,0.323127,0.329667,0.0,29373.627843,0.0,0
2026-09-09,16:07:18,0.305591,0.327459,0.0,29373.627843,0.0,0
2026-09-09,16:07:18,0.33222,0.327754,0.0,29373.627843,0.0,0
2026-09-09,16:07:19,0.33222,0.327754,0.0,29373.627843,0.0,0
2026-09-09,16:07:20,0.32605,0.327496,0.0,29373.627843,0.0,0
2026-09-09,16:07:20,0.290977,0.323415,0.0,29373.627843,0.0,0
2026-09-09,16:07:21,0.327349,0.324861,0.0,29373.627843,0.0,0
2026-09-09,16:07:22,0.327349,0.323652,0.0,29373.627843,0.0,0
2026-09-09,16:07:22,0.308189,0.323652,0.0,29373.627843,0.0,0
2026-09-09,16:07:23,0.334818,0.322906,0.0,29373.627843,0.0,0
2026-09-09,16:07:24,0.339689,0.322838,0.0,29373.627843,0.0,0
2026-09-09,16:07:24,0.343262,0.323127,0.0,29373.627843,0.0,0
2026-09-09,16:07:25,0.343262,0.325011,0.0,29373.627843,0.0,0
2026-09-09,16:07:26,0.341963,0.325011,0.0,29373.627843,0.0,0
2026-09-09,16:07:26,0.344236,0.328875,0.0,29373.627843,0.0,0
2026-09-09,16:07:27,0.345535,0.330207,0.0,29373.627843,0.0,0
2026-09-09,16:07:28,0.311761,0.328778,0.0,29373.627843,0.0,0
2026-09-09,16:07:28,0.311761,0.328778,0.0,29373.627843,0.0,0
2026-09-09,16:07:29,0.311761,0.330856,0.0,29373.627843,0.0,0
2026-09-09,16:07:30,0.288463,0.326968,0.0,29373.627843,0.0,0
2026-09-09,16:07:30,0.304244,0.326573,0.0,29373.627843,0.0,0
2026-09-09,16:07:31,0.304244,0.326486,0.0,29373.627843,0.0,0
2026-09-09,16:07:32,0.33395,0.326486,0.0,29373.627843,0.0,0
2026-09-09,16:07:32,0.328401,0.325357,0.0,29373.627843,0.0,0
2026-09-09,16:07:33,0.327748,0.323806,0.0,29373.627843,0.0,0
2026-09-09,16:07:34,0.309467,0.320556,0.0,29373.627843,0.0,0
2026-09-09,16:07:34,0.309467,0.318549,0.0,29373.627843,0.0,0
2026-09-09,16:07:35,0.324157,0.318549,0.0,29373.627843,0.0,0
2026-09-09,16:07:36,0.292492,0.313244,0.0,29373.627843,0.0,0
2026-09-09,16:07:36,0.320123,0.314081,0.0,29373.627843,0.0,0
2026-09-09,16:07:37,0.302534,0.313158,0.0,29373.627843,0.0,0
2026-09-09,16:07:38,0.302534,0.313158,0.0,29373.627843,0.0,0
2026-09-09,16:07:38,0.327159,0.317028,0.0,29373.627843,0.0,0
2026-09-09,16:07:39,0.336113,0.320214,0.0,29373.627843,0.0,0
2026-09-09,16:07:40,0.345535,0.321373,0.0,29373.627843,0.0,0
2026-09-09,16:07:40,0.345535,0.321592,0.0,29373.627843,0.0,0
2026-09-09,16:07:41,0.330596,0.321592,0.0,29373.627843,0.0,0
2026-09-09,16:07:42,0.311761,0.319994,0.0,29373.627843,0.0,0
2026-09-09,16:07:42,0.346509,0.323698,0.0,29373.627843,0.0,0
2026-09-09,16:07:43,0.346509,0.325933,0.0,29373.627843,0.0,0
2026-09-09,16:07:44,0.346509,0.331302,0.0,29373.627843,0.0,0
2026-09-09,16:07:44,0.346184,0.331302,0.0,29373.627843,0.0,0
2026-09-09,16:07:45,0.34586,0.333876,0.0,29373.627843,0.0,0
2026-09-09,16:07:46,0.346184,0.338241,0.0,29373.627843,0.0,0
2026-09-09,16:07:46,0.346509,0.340176,0.0,29373.627843,0.0,0
2026-09-09,16:07:47,0.346509,0.340176,0.0,29373.627843,0.0,0
2026-09-09,16:07:48,0.346509,0.341216,0.0,29373.627843,0.0,0
2026-09-09,16:07:48,0.346834,0.341346,0.0,29373.627843,0.0,0
2026-09-09,16:07:49,0.34586,0.342872,0.0,29373.627843,0.0,0
2026-09-09,16:07:50,0.34586,0.346249,0.0,29373.627843,0.0,0
2026-09-09,16:07:50,0.345535,0.346249,0.0,29373.627843,0.0,0
2026-09-09,16:07:51,0.353004,0.346899,0.0,29373.627843,0.0,0
2026-09-09,16:07:52,0.331246,0.345372,0.0,29373.627843,0.0,0
2026-09-09,16:07:52,0.326699,0.343424,0.0,29373.627843,0.0,0
2026-09-09,16:07:53,0.326699,0.343586,0.0,29373.627843,0.0,0
2026-09-09,16:07:54,0.347483,0.343586,0.0,29373.627843,0.0,0
2026-09-09,16:07:54,0.31306,0.340274,0.0,29373.627843,0.0,0
2026-09-09,16:07:55,0.304703,0.336093,0.0,29373.627843,0.0,0
2026-09-09,16:07:56,0.347261,0.336168,0.0,29373.627843,0.0,0
2026-09-09,16:07:56,0.347261,0.336168,0.0,29373.627843,0.0,0
2026-09-09,16:07:57,0.340388,0.335524,0.0,29373.627843,0.0,0
2026-09-09,16:07:58,0.32318,0.333256,0.0,29373.627843,0.0,0
2026-09-09,16:07:58,0.312279,0.32993,0.0,29373.627843,0.0,0
2026-09-09,16:07:59,0.312279,0.329481,0.0,29373.627843,0.0,0
2026-09-09,16:08:00,0.348509,0.329481,0.0,29373.627843,0.0,0
2026-09-09,16:08:00,0.30779,0.327135,0.0,29373.627843,0.0,0
2026-09-09,16:08:01,0.308752,0.32534,0.0,29373.627843,0.0,0
2026-09-09,16:08:02,0.33889,0.324481,0.0,29373.627843,0.0,0
2026-09-09,16:08:02,0.33889,0.325269,0.0,29373.627843,0.0,0
2026-09-09,16:08:03,0.320936,0.325269,0.0,29373.627843,0.0,0
2026-09-09,16:08:04,0.31257,0.326055,0.0,29373.627843,0.0,0
2026-09-09,16:08:04,0.333734,0.324703,0.0,29373.627843,0.0,0
2026-09-09,16:08:05,0.3155,0.322214,0.0,29373.627843,0.0,0
2026-09-09,16:08:06,0.3155,0.322214,0.0,29373.627843,0.0,0
2026-09-09,16:08:06,0.344804,0.324376,0.0,29373.627843,0.0,0
2026-09-09,16:08:07,0.330152,0.326164,0.0,29373.627843,0.0,0
2026-09-09,16:08:08,0.31257,0.32257,0.0,29373.627843,0.0,0
2026-09-09,16:08:08,0.31257,0.323048,0.0,29373.627843,0.0,0
2026-09-09,16:08:09,0.31257,0.323048,0.0,29373.627843,0.0,0
2026-09-09,16:08:10,0.344478,0.32662,0.0,29373.627843,0.0,0
2026-09-09,16:08:10,0.340246,0.326756,0.0,29373.627843,0.0,0
2026-09-09,16:08:11,0.329913,0.327654,0.0,29373.627843,0.0,0
2026-09-09,16:08:12,0.329913,0.328779,0.0,29373.627843,0.0,0
2026-09-09,16:08:12,0.323821,0.328779,0.0,29373.627843,0.0,0
2026-09-09,16:08:13,0.343379,0.329743,0.0,29373.627843,0.0,0
2026-09-09,16:08:14,0.30779,0.328972,0.0,29373.627843,0.0,0
2026-09-09,16:08:14,0.340493,0.328541,0.0,29373.627843,0.0,0
2026-09-09,16:08:15,0.340493,0.328541,0.0,29373.627843,0.0,0
2026-09-09,16:08:16,0.325745,0.3281,0.0,29373.627843,0.0,0
2026-09-09,16:08:16,0.30779,0.327622,0.0,29373.627843,0.0,0
2026-09-09,16:08:17,0.342525,0.330618,0.0,29373.627843,0.0,0
2026-09-09,16:08:18,0.342525,0.32886,0.0,29373.627843,0.0,0
2026-09-09,16:08:18,0.326896,0.32886,0.0,29373.627843,0.0,0
2026-09-09,16:08:19,0.31257,0.326092,0.0,29373.627843,0.0,0
2026-09-09,16:08:20,0.343827,0.327484,0.0,29373.627843,0.0,0
2026-09-09,16:08:20,0.330478,0.328149,0.0,29373.627843,0.0,0
2026-09-09,16:08:21,0.330478,0.32839,0.0,29373.627843,0.0,0
2026-09-09,16:08:22,0.345781,0.32839,0.0,29373.627843,0.0,0
2026-09-09,16:08:22,0.31257,0.328867,0.0,29373.627843,0.0,0
2026-09-09,16:08:23,0.31257,0.326075,0.0,29373.627843,0.0,0
2026-09-09,16:08:24,0.339732,0.327474,0.0,29373.627843,0.0,0
2026-09-09,16:08:24,0.339732,0.327474,0.0,29373.627843,0.0,0
2026-09-09,16:08:25,0.345049,0.3312,0.0,29373.627843,0.0,0
2026-09-09,16:08:26,0.347008,0.331648,0.0,29373.627843,0.0,0
2026-09-09,16:08:26,0.292492,0.328208,0.0,29373.627843,0.0,0
2026-09-09,16:08:27,0.292492,0.326298,0.0,29373.627843,0.0,0
2026-09-09,16:08:28,0.293471,0.326298,0.0,29373.627843,0.0,0
2026-09-09,16:08:28,0.34187,0.326102,0.0,29373.627843,0.0,0
2026-09-09,16:08:29,0.301575,0.323212,0.0,29373.627843,0.0,0
2026-09-09,16:08:30,0.33222,0.321856,0.0,29373.627843,0.0,0
2026-09-09,16:08:30,0.33222,0.323069,0.0,29373.627843,0.0,0
2026-09-09,16:08:31,0.324699,0.323069,0.0,29373.627843,0.0,0
2026-09-09,16:08:32,0.346911,0.326503,0.0,29373.627843,0.0,0
2026-09-09,16:08:32,0.310957,0.323625,0.0,29373.627843,0.0,0
2026-09-09,16:08:33,0.310957,0.320216,0.0,29373.627843,0.0,0
2026-09-09,16:08:34,0.310957,0.320216,0.0,29373.627843,0.0,0
2026-09-09,16:08:34,0.311928,0.316708,0.0,29373.627843,0.0,0
2026-09-09,16:08:35,0.315167,0.318975,0.0,29373.627843,0.0,0
2026-09-09,16:08:36,0.316787,0.321307,0.0,29373.627843,0.0,0
2026-09-09,16:08:36,0.316139,0.318734,0.0,29373.627843,0.0,0
2026-09-09,16:08:37,0.316139,0.318734,0.0,29373.627843,0.0,0
2026-09-09,16:08:38,0.31452,0.320028,0.0,29373.627843,0.0,0
2026-09-09,16:08:38,0.311281,0.317934,0.0,29373.627843,0.0,0
2026-09-09,16:08:39,0.310957,0.31656,0.0,29373.627843,0.0,0
2026-09-09,16:08:40,0.310957,0.312965,0.0,29373.627843,0.0,0
2026-09-09,16:08:40,0.310957,0.312965,0.0,29373.627843,0.0,0
2026-09-09,16:08:41,0.343348,0.316204,0.0,29373.627843,0.0,0
2026-09-09,16:08:42,0.329096,0.318018,0.0,29373.627843,0.0,0
2026-09-09,16:08:42,0.324561,0.319281,0.0,29373.627843,0.0,0
2026-09-09,16:08:43,0.324561,0.319281,0.0,29373.627843,0.0,0
2026-09-09,16:08:44,0.345615,0.322326,0.0,29373.627843,0.0,0
2026-09-09,16:08:44,0.317759,0.322423,0.0,29373.627843,0.0,0
2026-09-09,16:08:45,0.312252,0.322034,0.0,29373.627843,0.0,0
2026-09-09,16:08:46,0.310957,0.321678,0.0,29373.627843,0.0,0
2026-09-09,16:08:46,0.310957,0.321678,0.0,29373.627843,0.0,0
2026-09-09,16:08:47,0.306237,0.321174,0.0,29373.627843,0.0,0
2026-09-09,16:08:48,0.307513,0.320829,0.0,29373.627843,0.0,0
2026-09-09,16:08:48,0.319316,0.321665,0.0,29373.627843,0.0,0
2026-09-09,16:08:49,0.319316,0.317348,0.0,29373.627843,0.0,0
2026-09-09,16:08:50,0.300176,0.317348,0.0,29373.627843,0.0,0
2026-09-09,16:08:50,0.30624,0.315063,0.0,29373.627843,0.0,0
2026-09-09,16:08:51,0.33222,0.315828,0.0,29373.627843,0.0,0
2026-09-09,16:08:52,0.33222,0.314489,0.0,29373.627843,0.0,0
2026-09-09,16:08:52,0.33222,0.317331,0.0,29373.627843,0.0,0
2026-09-09,16:08:53,0.346184,0.317331,0.0,29373.627843,0.0,0
2026-09-09,16:08:54,0.311761,0.317282,0.0,29373.627843,0.0,0
2026-09-09,16:08:54,0.307011,0.316888,0.0,29373.627843,0.0,0
2026-09-09,16:08:55,0.307011,0.316965,0.0,29373.627843,0.0,0
2026-09-09,16:08:56,0.307011,0.316965,0.0,29373.627843,0.0,0
2026-09-09,16:08:56,0.307011,0.316915,0.0,29373.627843,0.0,0
2026-09-09,16:08:57,0.315859,0.316569,0.0,29373.627843,0.0,0
2026-09-09,16:08:58,0.341455,0.320697,0.0,29373.627843,0.0,0
2026-09-09,16:08:58,0.341455,0.323219,0.0,29373.627843,0.0,0
2026-09-09,16:08:59,0.331454,0.323219,0.0,29373.627843,0.0,0
2026-09-09,16:09:00,0.345129,0.32451,0.0,29373.627843,0.0,0
2026-09-09,16:09:00,0.342417,0.325529,0.0,29373.627843,0.0,0
2026-09-09,16:09:01,0.336562,0.324567,0.0,29373.627843,0.0,0
2026-09-09,16:09:02,0.336562,0.328222,0.0,29373.627843,0.0,0
2026-09-09,16:09:02,0.348314,0.328222,0.0,29373.627843,0.0,0
2026-09-09,16:09:03,0.313384,0.32886,0.0,29373.627843,0.0,0
2026-09-09,16:09:04,0.33376,0.331535,0.0,29373.627843,0.0,0
2026-09-09,16:09:04,0.321256,0.332959,0.0,29373.627843,0.0,0
2026-09-09,16:09:05,0.321256,0.332959,0.0,29373.627843,0.0,0
2026-09-09,16:09:06,0.31257,0.33263,0.0,29373.627843,0.0,0
2026-09-09,16:09:06,0.343827,0.332867,0.0,29373.627843,0.0,0
2026-09-09,16:09:07,0.324291,0.332151,0.0,29373.627843,0.0,0
2026-09-09,16:09:08,0.324291,0.328499,0.0,29373.627843,0.0,0
2026-09-09,16:09:08,0.30861,0.328499,0.0,29373.627843,0.0,0
2026-09-09,16:09:09,0.307011,0.324959,0.0,29373.627843,0.0,0
2026-09-09,16:09:10,0.338352,0.325138,0.0,29373.627843,0.0,0
2026-09-09,16:09:10,0.332915,0.323598,0.0,29373.627843,0.0,0
2026-09-09,16:09:11,0.332915,0.324687,0.0,29373.627843,0.0,0
2026-09-09,16:09:12,0.324281,0.324687,0.0,29373.627843,0.0,0
2026-09-09,16:09:12,0.34187,0.325498,0.0,29373.627843,0.0,0
2026-09-09,16:09:13,0.307011,0.324074,0.0,29373.627843,0.0,0
2026-09-09,16:09:14,0.338672,0.326684,0.0,29373.627843,0.0,0
2026-09-09,16:09:14,0.338672,0.326684,0.0,29373.627843,0.0,0
2026-09-09,16:09:15,0.307011,0.323002,0.0,29373.627843,0.0,0
2026-09-09,16:09:16,0.307011,0.321274,0.0,29373.627843,0.0,0
2026-09-09,16:09:16,0.338352,0.324249,0.0,29373.627843,0.0,0
2026-09-09,16:09:17,0.338352,0.326487,0.0,29373.627843,0.0,0
2026-09-09,16:09:18,0.329397,0.326487,0.0,29373.627843,0.0,0
2026-09-09,16:09:18,0.327873,0.325439,0.0,29373.627843,0.0,0
2026-09-09,16:09:19,0.324943,0.324642,0.0,29373.627843,0.0,0
2026-09-09,16:09:20,0.325594,0.324773,0.0,29373.627843,0.0,0
2026-09-09,16:09:20,0.325594,0.323504,0.0,29373.627843,0.0,0
2026-09-09,16:09:21,0.329175,0.323504,0.0,29373.627843,0.0,0
2026-09-09,16:09:22,0.333082,0.326111,0.0,29373.627843,0.0,0
2026-09-09,16:09:22,0.324617,0.324706,0.0,29373.627843,0.0,0
2026-09-09,16:09:23,0.307011,0.324706,0.0,29373.627843,0.0,0
2026-09-09,16:09:24,0.307011,0.324706,0.0,29373.627843,0.0,0
2026-09-09,16:09:24,0.32556,0.32656,0.0,29373.627843,0.0,0
2026-09-09,16:09:25,0.307011,0.323426,0.0,29373.627843,0.0,0
2026-09-09,16:09:26,0.307011,0.321188,0.0,29373.627843,0.0,0
2026-09-09,16:09:26,0.307011,0.319657,0.0,29373.627843,0.0,0
2026-09-09,16:09:27,0.31257,0.319657,0.0,29373.627843,0.0,0
2026-09-09,16:09:28,0.31257,0.31842,0.0,29373.627843,0.0,0
2026-09-09,16:09:28,0.347734,0.320634,0.0,29373.627843,0.0,0
2026-09-09,16:09:29,0.346106,0.322327,0.0,29373.627843,0.0,0
2026-09-09,16:09:30,0.346106,0.322694,0.0,29373.627843,0.0,0
2026-09-09,16:09:30,0.336753,0.322694,0.0,29373.627843,0.0,0
2026-09-09,16:09:31,0.338194,0.324052,0.0,29373.627843,0.0,0
2026-09-09,16:09:32,0.330686,0.32642,0.0,29373.627843,0.0,0
2026-09-09,16:09:32,0.316975,0.325561,0.0,29373.627843,0.0,0
2026-09-09,16:09:33,0.316975,0.325561,0.0,29373.627843,0.0,0
2026-09-09,16:09:34,0.307011,0.325561,0.0,29373.627843,0.0,0
2026-09-09,16:09:34,0.338032,0.328663,0.0,29373.627843,0.0,0
2026-09-09,16:09:35,0.32524,0.32993,0.0,29373.627843,0.0,0
2026-09-09,16:09:36,0.32524,0.33254,0.0,29373.627843,0.0,0
2026-09-09,16:09:36,0.338672,0.33254,0.0,29373.627843,0.0,0
2026-09-09,16:09:37,0.31257,0.329024,0.0,29373.627843,0.0,0
2026-09-09,16:09:38,0.35392,0.329805,0.0,29373.627843,0.0,0
2026-09-09,16:09:38,0.32364,0.328494,0.0,29373.627843,0.0,0
2026-09-09,16:09:39,0.32364,0.325932,0.0,29373.627843,0.0,0
2026-09-09,16:09:40,0.31257,0.325932,0.0,29373.627843,0.0,0
2026-09-09,16:09:40,0.332757,0.326139,0.0,29373.627843,0.0,0
2026-09-09,16:09:41,0.34219,0.32866,0.0,29373.627843,0.0,0
2026-09-09,16:09:42,0.323001,0.330259,0.0,29373.627843,0.0,0
2026-09-09,16:09:42,0.323001,0.330259,0.0,29373.627843,0.0,0
2026-09-09,16:09:43,0.307011,0.327157,0.0,29373.627843,0.0,0
2026-09-09,16:09:44,0.330677,0.327701,0.0,29373.627843,0.0,0
2026-09-09,16:09:44,0.34187,0.328021,0.0,29373.627843,0.0,0
2026-09-09,16:09:45,0.34187,0.32794,0.0,29373.627843,0.0,0
2026-09-09,16:09:46,0.311761,0.32794,0.0,29373.627843,0.0,0
2026-09-09,16:09:46,0.342937,0.326841,0.0,29373.627843,0.0,0
2026-09-09,16:09:47,0.331246,0.327602,0.0,29373.627843,0.0,0
2026-09-09,16:09:48,0.347808,0.331126,0.0,29373.627843,0.0,0
2026-09-09,16:09:48,0.347808,0.329286,0.0,29373.627843,0.0,0
2026-09-09,16:09:49,0.314359,0.329286,0.0,29373.627843,0.0,0
2026-09-09,16:09:50,0.34521,0.329588,0.0,29373.627843,0.0,0
2026-09-09,16:09:50,0.353004,0.332588,0.0,29373.627843,0.0,0
2026-09-09,16:09:51,0.33287,0.335174,0.0,29373.627843,0.0,0
2026-09-09,16:09:52,0.33287,0.335174,0.0,29373.627843,0.0,0
2026-09-09,16:09:52,0.324426,0.334549,0.0,29373.627843,0.0,0
2026-09-09,16:09:53,0.318256,0.332188,0.0,29373.627843,0.0,0
2026-09-09,16:09:54,0.311761,0.332188,0.0,29373.627843,0.0,0
2026-09-09,16:09:54,0.311761,0.32907,0.0,29373.627843,0.0,0
2026-09-09,16:09:55,0.311761,0.32907,0.0,29373.627843,0.0,0
2026-09-09,16:09:56,0.311761,0.327121,0.0,29373.627843,0.0,0
2026-09-09,16:09:56,0.343586,0.326699,0.0,29373.627843,0.0,0
2026-09-09,16:09:57,0.341963,0.32946,0.0,29373.627843,0.0,0
2026-09-09,16:09:58,0.341963,0.328323,0.0,29373.627843,0.0,0
2026-09-09,16:09:58,0.333844,0.328323,0.0,29373.627843,0.0,0
2026-09-09,16:09:59,0.333194,0.326342,0.0,29373.627843,0.0,0
2026-09-09,16:10:00,0.331246,0.32618,0.0,29373.627843,0.0,0
2026-09-09,16:10:00,0.312086,0.324946,0.0,29373.627843,0.0,0
2026-09-09,16:10:01,0.312086,0.324946,0.0,29373.627843,0.0,0
2026-09-09,16:10:02,0.324101,0.32553,0.0,29373.627843,0.0,0
2026-09-09,16:10:02,0.337393,0.328093,0.0,29373.627843,0.0,0
2026-09-09,16:10:03,0.311761,0.328093,0.0,29373.627843,0.0,0
2026-09-09,16:10:04,0.311761,0.332218,0.0,29373.627843,0.0,0
2026-09-09,16:10:04,0.353004,0.332218,0.0,29373.627843,0.0,0
2026-09-09,16:10:05,0.32492,0.330351,0.0,29373.627843,0.0,0
2026-09-09,16:10:06,0.34219,0.330374,0.0,29373.627843,0.0,0
2026-09-09,16:10:06,0.307011,0.327691,0.0,29373.627843,0.0,0
2026-09-09,16:10:07,0.307011,0.329105,0.0,29373.627843,0.0,0
2026-09-09,16:10:08,0.347334,0.329105,0.0,29373.627843,0.0,0
2026-09-09,16:10:08,0.333586,0.329339,0.0,29373.627843,0.0,0
2026-09-09,16:10:09,0.330412,0.331171,0.0,29373.627843,0.0,0
2026-09-09,16:10:10,0.337966,0.332558,0.0,29373.627843,0.0,0
2026-09-09,16:10:10,0.337966,0.332558,0.0,29373.627843,0.0,0
2026-09-09,16:10:11,0.337966,0.332615,0.0,29373.627843,0.0,0
2026-09-09,16:10:12,0.337966,0.335236,0.0,29373.627843,0.0,0
2026-09-09,16:10:12,0.33699,0.333634,0.0,29373.627843,0.0,0
2026-09-09,16:10:13,0.33699,0.334516,0.0,29373.627843,0.0,0
2026-09-09,16:10:14,0.333734,0.334516,0.0,29373.627843,0.0,0
2026-09-09,16:10:14,0.330152,0.333312,0.0,29373.627843,0.0,0
2026-09-09,16:10:15,0.345129,0.337124,0.0,29373.627843,0.0,0
2026-09-09,16:10:16,0.31257,0.333647,0.0,29373.627843,0.0,0
2026-09-09,16:10:16,0.31257,0.331546,0.0,29373.627843,0.0,0
2026-09-09,16:10:17,0.31257,0.331546,0.0,29373.627843,0.0,0
2026-09-09,16:10:18,0.305467,0.329051,0.0,29373.627843,0.0,0
2026-09-09,16:10:18,0.33856,0.32911,0.0,29373.627843,0.0,0
2026-09-09,16:10:19,0.344236,0.329737,0.0,29373.627843,0.0,0
2026-09-09,16:10:20,0.344236,0.329737,0.0,29373.627843,0.0,0
2026-09-09,16:10:20,0.341638,0.330105,0.0,29373.627843,0.0,0
2026-09-09,16:10:21,0.33839,0.330245,0.0,29373.627843,0.0,0
2026-09-09,16:10:22,0.336442,0.330515,0.0,29373.627843,0.0,0
2026-09-09,16:10:22,0.335468,0.331047,0.0,29373.627843,0.0,0
2026-09-09,16:10:23,0.335468,0.331047,0.0,29373.627843,0.0,0
2026-09-09,16:10:24,0.327674,0.329301,0.0,29373.627843,0.0,0
2026-09-09,16:10:24,0.327024,0.330747,0.0,29373.627843,0.0,0
2026-09-09,16:10:25,0.326699,0.33216,0.0,29373.627843,0.0,0
2026-09-09,16:10:26,0.326699,0.33451,0.0,29373.627843,0.0,0
2026-09-09,16:10:26,0.328973,0.33451,0.0,29373.627843,0.0,0
2026-09-09,16:10:27,0.333194,0.333974,0.0,29373.627843,0.0,0
2026-09-09,16:10:28,0.319555,0.331506,0.0,29373.627843,0.0,0
2026-09-09,16:10:28,0.3254,0.329882,0.0,29373.627843,0.0,0
2026-09-09,16:10:29,0.3254,0.329882,0.0,29373.627843,0.0,0
2026-09-09,16:10:30,0.311761,0.327219,0.0,29373.627843,0.0,0
2026-09-09,16:10:30,0.311761,0.324751,0.0,29373.627843,0.0,0
2026-09-09,16:10:31,0.311761,0.32238,0.0,29373.627843,0.0,0
2026-09-09,16:10:32,0.311761,0.324166,0.0,29373.627843,0.0,0
2026-09-09,16:10:32,0.345535,0.324166,0.0,29373.627843,0.0,0
2026-09-09,16:10:33,0.344561,0.32592,0.0,29373.627843,0.0,0
2026-09-09,16:10:34,0.331571,0.326407,0.0,29373.627843,0.0,0
2026-09-09,16:10:34,0.313385,0.324848,0.0,29373.627843,0.0,0
2026-09-09,16:10:35,0.313385,0.325725,0.0,29373.627843,0.0,0
2026-09-09,16:10:36,0.341963,0.325725,0.0,29373.627843,0.0,0
2026-09-09,16:10:37,0.325076,0.326277,0.0,29373.627843,0.0,0
2026-09-09,16:10:37,0.311761,0.324913,0.0,29373.627843,0.0,0
2026-09-09,16:10:38,0.334818,0.327219,0.0,29373.627843,0.0,0
2026-09-09,16:10:39,0.334818,0.327219,0.0,29373.627843,0.0,0
2026-09-09,16:10:39,0.342937,0.330337,0.0,29373.627843,0.0,0
2026-09-09,16:10:40,0.34521,0.333681,0.0,29373.627843,0.0,0
2026-09-09,16:10:41,0.324101,0.331538,0.0,29373.627843,0.0,0
2026-09-09,16:10:41,0.324101,0.327706,0.0,29373.627843,0.0,0
2026-09-09,16:10:42,0.306237,0.327706,0.0,29373.627843,0.0,0
2026-09-09,16:10:43,0.332395,0.327788,0.0,29373.627843,0.0,0
2026-09-09,16:10:43,0.327095,0.329159,0.0,29373.627843,0.0,0
2026-09-09,16:10:44,0.308574,0.32582,0.0,29373.627843,0.0,0
2026-09-09,16:10:45,0.308574,0.327545,0.0,29373.627843,0.0,0
2026-09-09,16:10:45,0.342325,0.327545,0.0,29373.627843,0.0,0
2026-09-09,16:10:46,0.349396,0.331309,0.0,29373.627843,0.0,0
2026-09-09,16:10:47,0.308574,0.328684,0.0,29373.627843,0.0,0
2026-09-09,16:10:47,0.31211,0.325602,0.0,29373.627843,0.0,0
2026-09-09,16:10:48,0.31211,0.325602,0.0,29373.627843,0.0,0
2026-09-09,16:10:49,0.341039,0.325185,0.0,29373.627843,0.0,0
2026-09-09,16:10:49,0.344896,0.327264,0.0,29373.627843,0.0,0
2026-09-09,16:10:50,0.32786,0.329427,0.0,29373.627843,0.0,0
2026-09-09,16:10:51,0.32786,0.328716,0.0,29373.627843,0.0,0
2026-09-09,16:10:51,0.325289,0.328716,0.0,29373.627843,0.0,0
2026-09-09,16:10:52,0.313384,0.327345,0.0,29373.627843,0.0,0
2026-09-09,16:10:53,0.327748,0.329262,0.0,29373.627843,0.0,0
2026-09-09,16:10:53,0.331339,0.328164,0.0,29373.627843,0.0,0
2026-09-09,16:10:54,0.331339,0.325475,0.0,29373.627843,0.0,0
2026-09-09,16:10:55,0.322506,0.325475,0.0,29373.627843,0.0,0
2026-09-09,16:10:55,0.314204,0.326038,0.0,29373.627843,0.0,0
2026-09-09,16:10:56,0.340061,0.328833,0.0,29373.627843,0.0,0
2026-09-09,16:10:57,0.324023,0.327131,0.0,29373.627843,0.0,0
2026-09-09,16:10:57,0.324023,0.327131,0.0,29373.627843,0.0,0
2026-09-09,16:10:58,0.346606,0.327302,0.0,29373.627843,0.0,0
2026-09-09,16:10:59,0.333515,0.327867,0.0,29373.627843,0.0,0
2026-09-09,16:10:59,0.338137,0.329152,0.0,29373.627843,0.0,0
2026-09-09,16:11:00,0.338137,0.328909,0.0,29373.627843,0.0,0
2026-09-09,16:11:01,0.310957,0.328909,0.0,29373.627843,0.0,0
2026-09-09,16:11:01,0.352094,0.331344,0.0,29373.627843,0.0,0
2026-09-09,16:11:02,0.346911,0.332901,0.0,29373.627843,0.0,0
2026-09-09,16:11:03,0.310957,0.331746,0.0,29373.627843,0.0,0
2026-09-09,16:11:03,0.310957,0.335535,0.0,29373.627843,0.0,0
2026-09-09,16:11:04,0.352094,0.335535,0.0,29373.627843,0.0,0
2026-09-09,16:11:05,0.345615,0.336091,0.0,29373.627843,0.0,0
2026-09-09,16:11:05,0.310957,0.334784,0.0,29373.627843,0.0,0
2026-09-09,16:11:06,0.331363,0.33326,0.0,29373.627843,0.0,0
2026-09-09,16:11:07,0.331363,0.33326,0.0,29373.627843,0.0,0
2026-09-09,16:11:07,0.345939,0.334502,0.0,29373.627843,0.0,0
2026-09-09,16:11:08,0.310957,0.331784,0.0,29373.627843,0.0,0
2026-09-09,16:11:09,0.352094,0.335898,0.0,29373.627843,0.0,0
2026-09-09,16:11:09,0.352094,0.332562,0.0,29373.627843,0.0,0
2026-09-09,16:11:10,0.318731,0.332562,0.0,29373.627843,0.0,0
2026-09-09,16:11:11,0.343024,0.332173,0.0,29373.627843,0.0,0
2026-09-09,16:11:11,0.324885,0.333566,0.0,29373.627843,0.0,0
2026-09-09,16:11:12,0.304703,0.328827,0.0,29373.627843,0.0,0
2026-09-09,16:11:13,0.304703,0.328766,0.0,29373.627843,0.0,0
2026-09-09,16:11:13,0.345012,0.328766,0.0,29373.627843,0.0,0
2026-09-09,16:11:14,0.321207,0.329791,0.0,29373.627843,0.0,0
2026-09-09,16:11:15,0.304703,0.327125,0.0,29373.627843,0.0,0
2026-09-09,16:11:15,0.316695,0.324201,0.0,29373.627843,0.0,0
2026-09-09,16:11:16,0.316695,0.324201,0.0,29373.627843,0.0,0
2026-09-09,16:11:17,0.339311,0.327036,0.0,29373.627843,0.0,0
2026-09-09,16:11:17,0.347626,0.32659,0.0,29373.627843,0.0,0
2026-09-09,16:11:18,0.332757,0.327992,0.0,29373.627843,0.0,0
2026-09-09,16:11:19,0.332757,0.326282,0.0,29373.627843,0.0,0
2026-09-09,16:11:19,0.325919,0.326282,0.0,29373.627843,0.0,0
2026-09-09,16:11:20,0.309073,0.324701,0.0,29373.627843,0.0,0
2026-09-09,16:11:21,0.313384,0.325569,0.0,29373.627843,0.0,0
2026-09-09,16:11:21,0.33852,0.32492,0.0,29373.627843,0.0,0
2026-09-09,16:11:22,0.33852,0.327233,0.0,29373.627843,0.0,0
2026-09-09,16:11:23,0.344341,0.327233,0.0,29373.627843,0.0,0
2026-09-09,16:11:23,0.341455,0.330908,0.0,29373.627843,0.0,0
2026-09-09,16:11:24,0.330554,0.332294,0.0,29373.627843,0.0,0
2026-09-09,16:11:25,0.318691,0.330232,0.0,29373.627843,0.0,0
2026-09-09,16:11:25,0.318691,0.330232,0.0,29373.627843,0.0,0
2026-09-09,16:11:26,0.30779,0.326249,0.0,29373.627843,0.0,0
2026-09-09,16:11:27,0.338569,0.32683,0.0,29373.627843,0.0,0
2026-09-09,16:11:27,0.324783,0.326716,0.0,29373.627843,0.0,0
2026-09-09,16:11:28,0.324783,0.326844,0.0,29373.627843,0.0,0
2026-09-09,16:11:29,0.310355,0.326844,0.0,29373.627843,0.0,0
2026-09-09,16:11:29,0.340172,0.329523,0.0,29373.627843,0.0,0
2026-09-09,16:11:30,0.322218,0.327893,0.0,29373.627843,0.0,0
2026-09-09,16:11:31,0.314204,0.324879,0.0,29373.627843,0.0,0
2026-09-09,16:11:31,0.314204,0.323456,0.0,29373.627843,0.0,0
2026-09-09,16:11:32,0.327217,0.323456,0.0,29373.627843,0.0,0
2026-09-09,16:11:33,0.310503,0.32145,0.0,29373.627843,0.0,0
2026-09-09,16:11:33,0.340396,0.323621,0.0,29373.627843,0.0,0
2026-09-09,16:11:34,0.32336,0.325178,0.0,29373.627843,0.0,0
2026-09-09,16:11:35,0.32336,0.325178,0.0,29373.627843,0.0,0
2026-09-09,16:11:35,0.308574,0.322178,0.0,29373.627843,0.0,0
2026-09-09,16:11:36,0.331075,0.322808,0.0,29373.627843,0.0,0
2026-09-09,16:11:37,0.317896,0.323562,0.0,29373.627843,0.0,0
2026-09-09,16:11:37,0.317896,0.320402,0.0,29373.627843,0.0,0
2026-09-09,16:11:38,0.308574,0.320402,0.0,29373.627843,0.0,0
2026-09-09,16:11:39,0.341682,0.322348,0.0,29373.627843,0.0,0
2026-09-09,16:11:39,0.342594,0.325187,0.0,29373.627843,0.0,0
2026-09-09,16:11:40,0.327499,0.325215,0.0,29373.627843,0.0,0
2026-09-09,16:11:41,0.327499,0.328,0.0,29373.627843,0.0,0
2026-09-09,16:11:41,0.338352,0.328,0.0,29373.627843,0.0,0
2026-09-09,16:11:42,0.307011,0.324662,0.0,29373.627843,0.0,0
2026-09-09,16:11:43,0.307011,0.323027,0.0,29373.627843,0.0,0
2026-09-09,16:11:43,0.307011,0.322871,0.0,29373.627843,0.0,0
2026-09-09,16:11:44,0.307011,0.322871,0.0,29373.627843,0.0,0
2026-09-09,16:11:45,0.314204,0.321184,0.0,29373.627843,0.0,0
2026-09-09,16:11:45,0.314531,0.320847,0.0,29373.627843,0.0,0
2026-09-09,16:11:46,0.311789,0.321168,0.0,29373.627843,0.0,0
2026-09-09,16:11:47,0.311789,0.318179,0.0,29373.627843,0.0,0
2026-09-09,16:11:47,0.311789,0.318179,0.0,29373.627843,0.0,0
2026-09-09,16:11:48,0.308574,0.314777,0.0,29373.627843,0.0,0
2026-09-09,16:11:49,0.341682,0.316196,0.0,29373.627843,0.0,0
2026-09-09,16:11:49,0.326105,0.314971,0.0,29373.627843,0.0,0
2026-09-09,16:11:50,0.326105,0.319153,0.0,29373.627843,0.0,0
2026-09-09,16:11:51,0.348829,0.319153,0.0,29373.627843,0.0,0
2026-09-09,16:11:51,0.348829,0.323334,0.0,29373.627843,0.0,0
2026-09-09,16:11:52,0.32914,0.325547,0.0,29373.627843,0.0,0
2026-09-09,16:11:53,0.308574,0.324984,0.0,29373.627843,0.0,0
2026-09-09,16:11:53,0.308574,0.324984,0.0,29373.627843,0.0,0
2026-09-09,16:11:54,0.326896,0.326221,0.0,29373.627843,0.0,0
2026-09-09,16:11:55,0.308574,0.325899,0.0,29373.627843,0.0,0
2026-09-09,16:11:55,0.349396,0.32966,0.0,29373.627843,0.0,0
2026-09-09,16:11:56,0.349396,0.330141,0.0,29373.627843,0.0,0
2026-09-09,16:11:57,0.313384,0.330141,0.0,29373.627843,0.0,0
2026-09-09,16:11:57,0.30779,0.326752,0.0,29373.627843,0.0,0
2026-09-09,16:11:58,0.341455,0.328287,0.0,29373.627843,0.0,0
2026-09-09,16:11:59,0.344723,0.327876,0.0,29373.627843,0.0,0
2026-09-09,16:11:59,0.344723,0.32669,0.0,29373.627843,0.0,0
2026-09-09,16:12:00,0.336966,0.32669,0.0,29373.627843,0.0,0
2026-09-09,16:12:01,0.336325,0.327409,0.0,29373.627843,0.0,0
2026-09-09,16:12:01,0.336966,0.330248,0.0,29373.627843,0.0,0
2026-09-09,16:12:02,0.345952,0.332153,0.0,29373.627843,0.0,0
2026-09-09,16:12:03,0.345952,0.332153,0.0,29373.627843,0.0,0
2026-09-09,16:12:03,0.314204,0.332716,0.0,29373.627843,0.0,0
2026-09-09,16:12:04,0.293257,0.327102,0.0,29373.627843,0.0,0
2026-09-09,16:12:05,0.292181,0.324982,0.0,29373.627843,0.0,0
2026-09-09,16:12:05,0.292181,0.323421,0.0,29373.627843,0.0,0
2026-09-09,16:12:06,0.292181,0.323421,0.0,29373.627843,0.0,0
2026-09-09,16:12:07,0.299574,0.319233,0.0,29373.627843,0.0,0
2026-09-09,16:12:07,0.30761,0.315522,0.0,29373.627843,0.0,0
2026-09-09,16:12:08,0.328825,0.314708,0.0,29373.627843,0.0,0
2026-09-09,16:12:09,0.328825,0.315678,0.0,29373.627843,0.0,0
2026-09-09,16:12:09,0.346029,0.315678,0.0,29373.627843,0.0,0
2026-09-09,16:12:10,0.347008,0.316682,0.0,29373.627843,0.0,0
2026-09-09,16:12:11,0.341682,0.316255,0.0,29373.627843,0.0,0
2026-09-09,16:12:11,0.340718,0.318907,0.0,29373.627843,0.0,0
2026-09-09,16:12:12,0.340718,0.318907,0.0,29373.627843,0.0,0
2026-09-09,16:12:13,0.349396,0.32452,0.0,29373.627843,0.0,0
2026-09-09,16:12:13,0.330753,0.328378,0.0,29373.627843,0.0,0
2026-09-09,16:12:14,0.319182,0.331078,0.0,29373.627843,0.0,0
2026-09-09,16:12:15,0.319182,0.332492,0.0,29373.627843,0.0,0
2026-09-09,16:12:15,0.313717,0.332492,0.0,29373.627843,0.0,0
2026-09-09,16:12:16,0.308574,0.332588,0.0,29373.627843,0.0,0
2026-09-09,16:12:17,0.308574,0.330563,0.0,29373.627843,0.0,0
2026-09-09,16:12:17,0.336539,0.329614,0.0,29373.627843,0.0,0
2026-09-09,16:12:18,0.336539,0.327571,0.0,29373.627843,0.0,0
2026-09-09,16:12:19,0.326575,0.327571,0.0,29373.627843,0.0,0
2026-09-09,16:12:19,0.350207,0.328424,0.0,29373.627843,0.0,0
2026-09-09,16:12:20,0.308752,0.325227,0.0,29373.627843,0.0,0
2026-09-09,16:12:21,0.313384,0.321626,0.0,29373.627843,0.0,0
2026-09-09,16:12:21,0.313384,0.321626,0.0,29373.627843,0.0,0
2026-09-09,16:12:22,0.306237,0.319174,0.0,29373.627843,0.0,0
2026-09-09,16:12:23,0.341963,0.321452,0.0,29373.627843,0.0,0
2026-09-09,16:12:23,0.353004,0.325381,0.0,29373.627843,0.0,0
2026-09-09,16:12:24,0.334493,0.327973,0.0,29373.627843,0.0,0
2026-09-09,16:12:25,0.334493,0.327973,0.0,29373.627843,0.0,0
2026-09-09,16:12:25,0.329947,0.33011,0.0,29373.627843,0.0,0
2026-09-09,16:12:26,0.305467,0.327003,0.0,29373.627843,0.0,0
2026-09-09,16:12:27,0.31915,0.32626,0.0,29373.627843,0.0,0
2026-09-09,16:12:27,0.31915,0.323155,0.0,29373.627843,0.0,0
2026-09-09,16:12:28,0.31915,0.323155,0.0,29373.627843,0.0,0
2026-09-09,16:12:29,0.319468,0.324226,0.0,29373.627843,0.0,0
2026-09-09,16:12:29,0.305467,0.323435,0.0,29373.627843,0.0,0
2026-09-09,16:12:30,0.331804,0.325991,0.0,29373.627843,0.0,0
2026-09-09,16:12:31,0.331804,0.324846,0.0,29373.627843,0.0,0
2026-09-09,16:12:31,0.330512,0.324846,0.0,29373.627843,0.0,0
2026-09-09,16:12:32,0.32405,0.321951,0.0,29373.627843,0.0,0
2026-09-09,16:12:33,0.291419,0.317643,0.0,29373.627843,0.0,0
2026-09-09,16:12:33,0.309188,0.315567,0.0,29373.627843,0.0,0
2026-09-09,16:12:34,0.309188,0.315567,0.0,29373.627843,0.0,0
2026-09-09,16:12:35,0.322435,0.317264,0.0,29373.627843,0.0,0
2026-09-09,16:12:35,0.28948,0.314297,0.0,29373.627843,0.0,0
2026-09-09,16:12:36,0.301111,0.312493,0.0,29373.627843,0.0,0
2026-09-09,16:12:37,0.301111,0.313598,0.0,29373.627843,0.0,0
2026-09-09,16:12:37,0.330512,0.313598,0.0,29373.627843,0.0,0
2026-09-09,16:12:38,0.323727,0.315424,0.0,29373.627843,0.0,0
2026-09-09,16:12:39,0.28948,0.311191,0.0,29373.627843,0.0,0
2026-09-09,16:12:39,0.326312,0.310771,0.0,29373.627843,0.0,0
2026-09-09,16:12:40,0.326312,0.311418,0.0,29373.627843,0.0,0
2026-09-09,16:12:41,0.330512,0.311418,0.0,29373.627843,0.0,0
2026-09-09,16:12:41,0.28948,0.311224,0.0,29373.627843,0.0,0
2026-09-09,16:12:42,0.325019,0.312807,0.0,29373.627843,0.0,0
2026-09-09,16:12:43,0.330512,0.313614,0.0,29373.627843,0.0,0
2026-09-09,16:12:43,0.330512,0.313614,0.0,29373.627843,0.0,0
2026-09-09,16:12:44,0.323727,0.317039,0.0,29373.627843,0.0,0
2026-09-09,16:12:45,0.28948,0.315876,0.0,29373.627843,0.0,0
2026-09-09,16:12:45,0.322112,0.315036,0.0,29373.627843,0.0,0
2026-09-09,16:12:46,0.322112,0.313227,0.0,29373.627843,0.0,0
2026-09-09,16:12:47,0.305634,0.313227,0.0,29373.627843,0.0,0
2026-09-09,16:12:47,0.330512,0.31733,0.0,29373.627843,0.0,0
2026-09-09,16:12:48,0.330512,0.31775,0.0,29373.627843,0.0,0
2026-09-09,16:12:49,0.325342,0.317233,0.0,29373.627843,0.0,0
2026-09-09,16:12:49,0.325342,0.317233,0.0,29373.627843,0.0,0
2026-09-09,16:12:50,0.28948,0.317233,0.0,29373.627843,0.0,0
2026-09-09,16:12:51,0.342143,0.318945,0.0,29373.627843,0.0,0
2026-09-09,16:12:51,0.345696,0.320464,0.0,29373.627843,0.0,0
2026-09-09,16:12:52,0.346019,0.322693,0.0,29373.627843,0.0,0
2026-09-09,16:12:53,0.346019,0.322693,0.0,29373.627843,0.0,0
2026-09-09,16:12:53,0.34505,0.32825,0.0,29373.627843,0.0,0
2026-09-09,16:12:54,0.342789,0.330318,0.0,29373.627843,0.0,0
2026-09-09,16:12:55,0.314681,0.331222,0.0,29373.627843,0.0,0
2026-09-09,16:12:55,0.314681,0.32951,0.0,29373.627843,0.0,0
2026-09-09,16:12:56,0.313388,0.32951,0.0,29373.627843,0.0,0
2026-09-09,16:12:57,0.310158,0.327475,0.0,29373.627843,0.0,0
2026-09-09,16:12:57,0.310158,0.325956,0.0,29373.627843,0.0,0
2026-09-09,16:12:58,0.310158,0.328024,0.0,29373.627843,0.0,0
2026-09-09,16:12:59,0.310158,0.324825,0.0,29373.627843,0.0,0
2026-09-09,16:12:59,0.310158,0.324825,0.0,29373.627843,0.0,0
2026-09-09,16:13:00,0.310158,0.321272,0.0,29373.627843,0.0,0
2026-09-09,16:13:01,0.310158,0.317685,0.0,29373.627843,0.0,0
2026-09-09,16:13:01,0.34505,0.317685,0.0,29373.627843,0.0,0
2026-09-09,16:13:02,0.34505,0.317685,0.0,29373.627843,0.0,0
2026-09-09,16:13:03,0.345373,0.317944,0.0,29373.627843,0.0,0
2026-09-09,16:13:03,0.310158,0.317491,0.0,29373.627843,0.0,0
2026-09-09,16:13:04,0.310158,0.317168,0.0,29373.627843,0.0,0
2026-09-09,16:13:05,0.310158,0.317168,0.0,29373.627843,0.0,0
2026-09-09,16:13:05,0.310158,0.317168,0.0,29373.627843,0.0,0
2026-09-09,16:13:06,0.310158,0.317168,0.0,29373.627843,0.0,0
2026-09-09,16:13:07,0.323404,0.318493,0.0,29373.627843,0.0,0
2026-09-09,16:13:07,0.323081,0.319785,0.0,29373.627843,0.0,0
2026-09-09,16:13:08,0.323081,0.319284,0.0,29373.627843,0.0,0
2026-09-09,16:13:09,0.305149,0.319284,0.0,29373.627843,0.0,0
2026-09-09,16:13:09,0.314059,0.319675,0.0,29373.627843,0.0,0
2026-09-09,16:13:10,0.319468,0.317116,0.0,29373.627843,0.0,0
2026-09-09,16:13:11,0.290977,0.311677,0.0,29373.627843,0.0,0
2026-09-09,16:13:11,0.290977,0.311677,0.0,29373.627843,0.0,0
2026-09-09,16:13:12,0.320443,0.312705,0.0,29373.627843,0.0,0
2026-09-09,16:13:13,0.307011,0.312391,0.0,29373.627843,0.0,0
2026-09-09,16:13:13,0.316925,0.313067,0.0,29373.627843,0.0,0
2026-09-09,16:13:14,0.316925,0.313904,0.0,29373.627843,0.0,0
2026-09-09,16:13:15,0.318524,0.313904,0.0,29373.627843,0.0,0
2026-09-09,16:13:15,0.307011,0.312265,0.0,29373.627843,0.0,0
2026-09-09,16:13:16,0.326314,0.312588,0.0,29373.627843,0.0,0
2026-09-09,16:13:17,0.322059,0.314279,0.0,29373.627843,0.0,0
2026-09-09,16:13:17,0.322059,0.314294,0.0,29373.627843,0.0,0
2026-09-09,16:13:18,0.314204,0.314294,0.0,29373.627843,0.0,0
2026-09-09,16:13:19,0.340944,0.316441,0.0,29373.627843,0.0,0
2026-09-09,16:13:19,0.336687,0.321012,0.0,29373.627843,0.0,0
2026-09-09,16:13:20,0.351454,0.324113,0.0,29373.627843,0.0,0
2026-09-09,16:13:21,0.351454,0.324113,0.0,29373.627843,0.0,0
2026-09-09,16:13:21,0.315029,0.324915,0.0,29373.627843,0.0,0
2026-09-09,16:13:22,0.35029,0.328252,0.0,29373.627843,0.0,0
2026-09-09,16:13:23,0.329021,0.329301,0.0,29373.627843,0.0,0
2026-09-09,16:13:23,0.329021,0.330987,0.0,29373.627843,0.0,0
2026-09-09,16:13:24,0.323865,0.330987,0.0,29373.627843,0.0,0
2026-09-09,16:13:25,0.345778,0.332933,0.0,29373.627843,0.0,0
2026-09-09,16:13:25,0.340944,0.334822,0.0,29373.627843,0.0,0
2026-09-09,16:13:26,0.309363,0.334338,0.0,29373.627843,0.0,0
2026-09-09,16:13:27,0.309363,0.33118,0.0,29373.627843,0.0,0
2026-09-09,16:13:27,0.309363,0.33118,0.0,29373.627843,0.0,0
2026-09-09,16:13:28,0.342878,0.331799,0.0,29373.627843,0.0,0
2026-09-09,16:13:29,0.3374,0.330393,0.0,29373.627843,0.0,0
2026-09-09,16:13:29,0.330954,0.331986,0.0,29373.627843,0.0,0
2026-09-09,16:13:30,0.330954,0.331986,0.0,29373.627843,0.0,0
2026-09-09,16:13:31,0.3432,0.331277,0.0,29373.627843,0.0,0
2026-09-09,16:13:31,0.309363,0.329311,0.0,29373.627843,0.0,0
2026-09-09,16:13:32,0.309363,0.327861,0.0,29373.627843,0.0,0
2026-09-09,16:13:33,0.309363,0.324869,0.0,29373.627843,0.0,0
2026-09-09,16:13:33,0.315859,0.324869,0.0,29373.627843,0.0,0
2026-09-09,16:13:34,0.342233,0.324998,0.0,29373.627843,0.0,0
2026-09-09,16:13:35,0.341911,0.328253,0.0,29373.627843,0.0,0
2026-09-09,16:13:35,0.341589,0.331475,0.0,29373.627843,0.0,0
2026-09-09,16:13:36,0.341589,0.331379,0.0,29373.627843,0.0,0
2026-09-09,16:13:37,0.341911,0.331379,0.0,29373.627843,0.0,0
2026-09-09,16:13:37,0.341589,0.331797,0.0,29373.627843,0.0,0
2026-09-09,16:13:38,0.339978,0.3327,0.0,29373.627843,0.0,0
2026-09-09,16:13:39,0.32741,0.331121,0.0,29373.627843,0.0,0
2026-09-09,16:13:39,0.32741,0.331121,0.0,29373.627843,0.0,0
2026-09-09,16:13:40,0.345456,0.33473,0.0,29373.627843,0.0,0
2026-09-09,16:13:41,0.309363,0.33473,0.0,29373.627843,0.0,0
2026-09-09,16:13:41,0.341911,0.337335,0.0,29373.627843,0.0,0
2026-09-09,16:13:42,0.341911,0.335982,0.0,29373.627843,0.0,0
2026-09-09,16:13:43,0.328699,0.335982,0.0,29373.627843,0.0,0
2026-09-09,16:13:43,0.318709,0.333661,0.0,29373.627843,0.0,0
2026-09-09,16:13:44,0.309363,0.330439,0.0,29373.627843,0.0,0
2026-09-09,16:13:45,0.309363,0.327184,0.0,29373.627843,0.0,0
2026-09-09,16:13:45,0.309363,0.327803,0.0,29373.627843,0.0,0
2026-09-09,16:13:46,0.347774,0.327803,0.0,29373.627843,0.0,0
2026-09-09,16:13:47,0.339137,0.327719,0.0,29373.627843,0.0,0
2026-09-09,16:13:47,0.326828,0.32766,0.0,29373.627843,0.0,0
2026-09-09,16:13:48,0.347559,0.327871,0.0,29373.627843,0.0,0
2026-09-09,16:13:49,0.347559,0.327871,0.0,29373.627843,0.0,0
2026-09-09,16:13:49,0.314196,0.328354,0.0,29373.627843,0.0,0
2026-09-09,16:13:50,0.310957,0.325258,0.0,29373.627843,0.0,0
2026-09-09,16:13:51,0.345291,0.326918,0.0,29373.627843,0.0,0
2026-09-09,16:13:51,0.345291,0.32922,0.0,29373.627843,0.0,0
2026-09-09,16:13:52,0.341728,0.32922,0.0,29373.627843,0.0,0
2026-09-09,16:13:53,0.352094,0.333493,0.0,29373.627843,0.0,0
2026-09-09,16:13:53,0.336222,0.336179,0.0,29373.627843,0.0,0
2026-09-09,16:13:54,0.335898,0.334991,0.0,29373.627843,0.0,0
2026-09-09,16:13:55,0.335898,0.336287,0.0,29373.627843,0.0,0
2026-09-09,16:13:55,0.352094,0.336287,0.0,29373.627843,0.0,0
2026-09-09,16:13:56,0.330391,0.336643,0.0,29373.627843,0.0,0
2026-09-09,16:13:57,0.334926,0.33538,0.0,29373.627843,0.0,0
2026-09-09,16:13:57,0.352094,0.339169,0.0,29373.627843,0.0,0
2026-09-09,16:13:58,0.352094,0.339169,0.0,29373.627843,0.0,0
2026-09-09,16:13:59,0.34432,0.342506,0.0,29373.627843,0.0,0
2026-09-09,16:13:59,0.310957,0.339072,0.0,29373.627843,0.0,0
2026-09-09,16:14:00,0.310957,0.335995,0.0,29373.627843,0.0,0
2026-09-09,16:14:01,0.310957,0.332108,0.0,29373.627843,0.0,0
2026-09-09,16:14:01,0.313224,0.332108,0.0,29373.627843,0.0,0
2026-09-09,16:14:02,0.339094,0.332395,0.0,29373.627843,0.0,0
2026-09-09,16:14:03,0.341964,0.333002,0.0,29373.627843,0.0,0
2026-09-09,16:14:03,0.324751,0.330268,0.0,29373.627843,0.0,0
2026-09-09,16:14:04,0.324751,0.331652,0.0,29373.627843,0.0,0
2026-09-09,16:14:05,0.344236,0.331652,0.0,29373.627843,0.0,0
2026-09-09,16:14:05,0.315008,0.32966,0.0,29373.627843,0.0,0
2026-09-09,16:14:06,0.311761,0.325627,0.0,29373.627843,0.0,0
2026-09-09,16:14:07,0.311761,0.322371,0.0,29373.627843,0.0,0
2026-09-09,16:14:07,0.311761,0.322371,0.0,29373.627843,0.0,0
2026-09-09,16:14:08,0.346509,0.325926,0.0,29373.627843,0.0,0
2026-09-09,16:14:09,0.343911,0.329222,0.0,29373.627843,0.0,0
2026-09-09,16:14:09,0.353004,0.3332,0.0,29373.627843,0.0,0
2026-09-09,16:14:10,0.353004,0.33261,0.0,29373.627843,0.0,0
2026-09-09,16:14:11,0.333194,0.33261,0.0,29373.627843,0.0,0
2026-09-09,16:14:11,0.32605,0.331018,0.0,29373.627843,0.0,0
2026-09-09,16:14:12,0.345535,0.333097,0.0,29373.627843,0.0,0
2026-09-09,16:14:13,0.311761,0.329849,0.0,29373.627843,0.0,0
2026-09-09,16:14:13,0.311761,0.329525,0.0,29373.627843,0.0,0
2026-09-09,16:14:14,0.311761,0.329525,0.0,29373.627843,0.0,0
2026-09-09,16:14:15,0.307011,0.32905,0.0,29373.627843,0.0,0
2026-09-09,16:14:15,0.307011,0.328575,0.0,29373.627843,0.0,0
2026-09-09,16:14:16,0.311169,0.325041,0.0,29373.627843,0.0,0
2026-09-09,16:14:17,0.311169,0.325041,0.0,29373.627843,0.0,0
2026-09-09,16:14:17,0.34187,0.324836,0.0,29373.627843,0.0,0
2026-09-09,16:14:18,0.321722,0.321708,0.0,29373.627843,0.0,0
2026-09-09,16:14:19,0.328118,0.321201,0.0,29373.627843,0.0,0
2026-09-09,16:14:19,0.328118,0.324173,0.0,29373.627843,0.0,0
2026-09-09,16:14:20,0.355771,0.324173,0.0,29373.627843,0.0,0
2026-09-09,16:14:21,0.344643,0.324084,0.0,29373.627843,0.0,0
2026-09-09,16:14:21,0.33321,0.326229,0.0,29373.627843,0.0,0
2026-09-09,16:14:22,0.35029,0.330081,0.0,29373.627843,0.0,0
2026-09-09,16:14:23,0.35029,0.331767,0.0,29373.627843,0.0,0
2026-09-09,16:14:23,0.323865,0.331767,0.0,29373.627843,0.0,0
2026-09-09,16:14:24,0.288739,0.32994,0.0,29373.627843,0.0,0
2026-09-09,16:14:25,0.292929,0.328116,0.0,29373.627843,0.0,0
2026-09-09,16:14:25,0.326121,0.326541,0.0,29373.627843,0.0,0
2026-09-09,16:14:26,0.326121,0.326541,0.0,29373.627843,0.0,0
2026-09-09,16:14:27,0.310008,0.325369,0.0,29373.627843,0.0,0
2026-09-09,16:14:28,0.332244,0.325782,0.0,29373.627843,0.0,0
2026-09-09,16:14:28,0.337077,0.323912,0.0,29373.627843,0.0,0
2026-09-09,16:14:29,0.337077,0.323317,0.0,29373.627843,0.0,0
2026-09-09,16:14:30,0.338689,0.323317,0.0,29373.627843,0.0,0
2026-09-09,16:14:30,0.330954,0.323092,0.0,29373.627843,0.0,0
2026-09-09,16:14:31,0.329343,0.320997,0.0,29373.627843,0.0,0
2026-09-09,16:14:32,0.32741,0.321351,0.0,29373.627843,0.0,0
2026-09-09,16:14:32,0.32741,0.325567,0.0,29373.627843,0.0,0
2026-09-09,16:14:33,0.330896,0.325567,0.0,29373.627843,0.0,0
2026-09-09,16:14:34,0.324509,0.328725,0.0,29373.627843,0.0,0
2026-09-09,16:14:34,0.323865,0.3285,0.0,29373.627843,0.0,0
2026-09-09,16:14:35,0.324187,0.329917,0.0,29373.627843,0.0,0
2026-09-09,16:14:36,0.324187,0.329917,0.0,29373.627843,0.0,0
2026-09-09,16:14:36,0.309686,0.327662,0.0,29373.627843,0.0,0
2026-09-09,16:14:37,0.326443,0.326598,0.0,29373.627843,0.0,0
2026-09-09,16:14:38,0.327087,0.325438,0.0,29373.627843,0.0,0
2026-09-09,16:14:38,0.327087,0.324568,0.0,29373.627843,0.0,0
2026-09-09,16:14:39,0.322254,0.324568,0.0,29373.627843,0.0,0
2026-09-09,16:14:40,0.309686,0.322602,0.0,29373.627843,0.0,0
2026-09-09,16:14:40,0.312264,0.321088,0.0,29373.627843,0.0,0
2026-09-09,16:14:41,0.320965,0.320095,0.0,29373.627843,0.0,0
2026-09-09,16:14:42,0.320965,0.316518,0.0,29373.627843,0.0,0
2026-09-09,16:14:42,0.288739,0.316518,0.0,29373.627843,0.0,0
2026-09-09,16:14:43,0.303076,0.314439,0.0,29373.627843,0.0,0
2026-09-09,16:14:44,0.312895,0.313309,0.0,29373.627843,0.0,0
2026-09-09,16:14:44,0.334824,0.315823,0.0,29373.627843,0.0,0
2026-09-09,16:14:45,0.334824,0.317905,0.0,29373.627843,0.0,0
2026-09-09,16:14:46,0.347261,0.317905,0.0,29373.627843,0.0,0
2026-09-09,16:14:46,0.309363,0.316133,0.0,29373.627843,0.0,0
2026-09-09,16:14:47,0.3432,0.318227,0.0,29373.627843,0.0,0
2026-09-09,16:14:48,0.317536,0.319012,0.0,29373.627843,0.0,0
2026-09-09,16:14:48,0.317536,0.319012,0.0,29373.627843,0.0,0
2026-09-09,16:14:49,0.342003,0.321986,0.0,29373.627843,0.0,0
2026-09-09,16:14:50,0.337825,0.323672,0.0,29373.627843,0.0,0
2026-09-09,16:14:50,0.328825,0.327681,0.0,29373.627843,0.0,0
2026-09-09,16:14:51,0.328825,0.329893,0.0,29373.627843,0.0,0
2026-09-09,16:14:52,0.325202,0.329893,0.0,29373.627843,0.0,0
2026-09-09,16:14:52,0.309363,0.32954,0.0,29373.627843,0.0,0
2026-09-09,16:14:53,0.335144,0.329572,0.0,29373.627843,0.0,0
2026-09-09,16:14:54,0.343845,0.329231,0.0,29373.627843,0.0,0
2026-09-09,16:14:54,0.343845,0.333086,0.0,29373.627843,0.0,0
2026-09-09,16:14:55,0.347916,0.333086,0.0,29373.627843,0.0,0
2026-09-09,16:14:56,0.30957,0.329723,0.0,29373.627843,0.0,0
2026-09-09,16:14:56,0.354843,0.333453,0.0,29373.627843,0.0,0
2026-09-09,16:14:57,0.307011,0.329954,0.0,29373.627843,0.0,0
2026-09-09,16:14:58,0.307011,0.329954,0.0,29373.627843,0.0,0
2026-09-09,16:14:58,0.345876,0.330759,0.0,29373.627843,0.0,0
2026-09-09,16:14:59,0.323961,0.330273,0.0,29373.627843,0.0,0
2026-09-09,16:15:00,0.320443,0.329797,0.0,29373.627843,0.0,0
2026-09-09,16:15:00,0.320443,0.330905,0.0,29373.627843,0.0,0
2026-09-09,16:15:01,0.320443,0.330905,0.0,29373.627843,0.0,0
2026-09-09,16:15:02,0.322362,0.329627,0.0,29373.627843,0.0,0
2026-09-09,16:15:02,0.33222,0.328464,0.0,29373.627843,0.0,0
2026-09-09,16:15:03,0.324751,0.326148,0.0,29373.627843,0.0,0
2026-09-09,16:15:04,0.324751,0.326107,0.0,29373.627843,0.0,0
2026-09-09,16:15:04,0.309163,0.326107,0.0,29373.627843,0.0,0
2026-09-09,16:15:05,0.290977,0.319721,0.0,29373.627843,0.0,0
2026-09-09,16:15:06,0.326699,0.321689,0.0,29373.627843,0.0,0
2026-09-09,16:15:06,0.309812,0.318083,0.0,29373.627843,0.0,0
2026-09-09,16:15:07,0.309812,0.318083,0.0,29373.627843,0.0,0
2026-09-09,16:15:08,0.33222,0.318909,0.0,29373.627843,0.0,0
2026-09-09,16:15:08,0.290977,0.315962,0.0,29373.627843,0.0,0
2026-09-09,16:15:09,0.323777,0.316296,0.0,29373.627843,0.0,0
2026-09-09,16:15:10,0.323777,0.314716,0.0,29373.627843,0.0,0
2026-09-09,16:15:10,0.306565,0.314716,0.0,29373.627843,0.0,0
2026-09-09,16:15:11,0.335143,0.315008,0.0,29373.627843,0.0,0
2026-09-09,16:15:12,0.346749,0.317208,0.0,29373.627843,0.0,0
2026-09-09,16:15:12,0.329205,0.319212,0.0,29373.627843,0.0,0
2026-09-09,16:15:13,0.329205,0.319212,0.0,29373.627843,0.0,0
2026-09-09,16:15:14,0.325696,0.322684,0.0,29373.627843,0.0,0
2026-09-09,16:15:14,0.319635,0.321978,0.0,29373.627843,0.0,0
2026-09-09,16:15:15,0.313893,0.322386,0.0,29373.627843,0.0,0
2026-09-09,16:15:16,0.306237,0.319787,0.0,29373.627843,0.0,0
2026-09-09,16:15:16,0.306237,0.319787,0.0,29373.627843,0.0,0
2026-09-09,16:15:17,0.34521,0.325211,0.0,29373.627843,0.0,0
2026-09-09,16:15:18,0.353004,0.328134,0.0,29373.627843,0.0,0
2026-09-09,16:15:18,0.325725,0.33005,0.0,29373.627843,0.0,0
2026-09-09,16:15:19,0.325725,0.327809,0.0,29373.627843,0.0,0
2026-09-09,16:15:20,0.312735,0.327809,0.0,29373.627843,0.0,0
2026-09-09,16:15:20,0.311761,0.32431,0.0,29373.627843,0.0,0
2026-09-09,16:15:21,0.333194,0.324709,0.0,29373.627843,0.0,0
2026-09-09,16:15:22,0.353972,0.327537,0.0,29373.627843,0.0,0
2026-09-09,16:15:22,0.353972,0.327537,0.0,29373.627843,0.0,0
2026-09-09,16:15:23,0.30779,0.326352,0.0,29373.627843,0.0,0
2026-09-09,16:15:24,0.341455,0.329108,0.0,29373.627843,0.0,0
2026-09-09,16:15:24,0.348509,0.333336,0.0,29373.627843,0.0,0
2026-09-09,16:15:25,0.326707,0.331485,0.0,29373.627843,0.0,0
2026-09-09,16:15:26,0.326707,0.331485,0.0,29373.627843,0.0,0
2026-09-09,16:15:26,0.325659,0.328751,0.0,29373.627843,0.0,0
2026-09-09,16:15:27,0.316822,0.327861,0.0,29373.627843,0.0,0
2026-09-09,16:15:28,0.309363,0.327523,0.0,29373.627843,0.0,0
2026-09-09,16:15:28,0.309363,0.327284,0.0,29373.627843,0.0,0
2026-09-09,16:15:29,0.309363,0.327284,0.0,29373.627843,0.0,0
2026-09-09,16:15:30,0.343006,0.328265,0.0,29373.627843,0.0,0
2026-09-09,16:15:30,0.336004,0.326468,0.0,29373.627843,0.0,0
2026-09-09,16:15:31,0.338569,0.329546,0.0,29373.627843,0.0,0
2026-09-09,16:15:32,0.338569,0.326179,0.0,29373.627843,0.0,0
2026-09-09,16:15:32,0.30779,0.326179,0.0,29373.627843,0.0,0
2026-09-09,16:15:33,0.287271,0.320056,0.0,29373.627843,0.0,0
2026-09-09,16:15:34,0.321577,0.319543,0.0,29373.627843,0.0,0
2026-09-09,16:15:34,0.307149,0.317692,0.0,29373.627843,0.0,0
2026-09-09,16:15:35,0.307149,0.317692,0.0,29373.627843,0.0,0
2026-09-09,16:15:36,0.320615,0.318071,0.0,29373.627843,0.0,0
2026-09-09,16:15:36,0.287271,0.315862,0.0,29373.627843,0.0,0
2026-09-09,16:15:37,0.351843,0.32011,0.0,29373.627843,0.0,0
2026-09-09,16:15:38,0.351843,0.320387,0.0,29373.627843,0.0,0
2026-09-09,16:15:38,0.345778,0.320387,0.0,29373.627843,0.0,0
2026-09-09,16:15:39,0.345778,0.321364,0.0,29373.627843,0.0,0
2026-09-09,16:15:40,0.342233,0.321731,0.0,29373.627843,0.0,0
2026-09-09,16:15:40,0.309363,0.321888,0.0,29373.627843,0.0,0
2026-09-09,16:15:41,0.309363,0.324097,0.0,29373.627843,0.0,0
2026-09-09,16:15:42,0.309363,0.324097,0.0,29373.627843,0.0,0
2026-09-09,16:15:42,0.341589,0.326098,0.0,29373.627843,0.0,0
2026-09-09,16:15:43,0.35029,0.330412,0.0,29373.627843,0.0,0
2026-09-09,16:15:44,0.309363,0.329287,0.0,29373.627843,0.0,0
2026-09-09,16:15:44,0.309363,0.329287,0.0,29373.627843,0.0,0
2026-09-09,16:15:45,0.316775,0.332238,0.0,29373.627843,0.0,0
2026-09-09,16:15:46,0.309363,0.32799,0.0,29373.627843,0.0,0
2026-09-09,16:15:46,0.309363,0.324348,0.0,29373.627843,0.0,0
2026-09-09,16:15:47,0.309363,0.320707,0.0,29373.627843,0.0,0
2026-09-09,16:15:48,0.309363,0.320707,0.0,29373.627843,0.0,0
2026-09-09,16:15:48,0.288739,0.315357,0.0,29373.627843,0.0,0
2026-09-09,16:15:49,0.29164,0.313585,0.0,29373.627843,0.0,0
2026-09-09,16:15:50,0.302596,0.312908,0.0,29373.627843,0.0,0
2026-09-09,16:15:50,0.302596,0.311716,0.0,29373.627843,0.0,0
2026-09-09,16:15:51,0.329665,0.311716,0.0,29373.627843,0.0,0
2026-09-09,16:15:52,0.322576,0.308945,0.0,29373.627843,0.0,0
2026-09-09,16:15:52,0.309363,0.308945,0.0,29373.627843,0.0,0
2026-09-09,16:15:53,0.309363,0.308203,0.0,29373.627843,0.0,0
2026-09-09,16:15:54,0.309363,0.308203,0.0,29373.627843,0.0,0
2026-09-09,16:15:54,0.312586,0.308526,0.0,29373.627843,0.0,0
2026-09-09,16:15:55,0.309363,0.308526,0.0,29373.627843,0.0,0
2026-09-09,16:15:56,0.309363,0.308526,0.0,29373.627843,0.0,0
2026-09-09,16:15:56,0.309363,0.310588,0.0,29373.627843,0.0,0
2026-09-09,16:15:57,0.309363,0.310588,0.0,29373.627843,0.0,0
2026-09-09,16:15:58,0.309363,0.31236,0.0,29373.627843,0.0,0
2026-09-09,16:15:58,0.317536,0.313854,0.0,29373.627843,0.0,0
2026-09-09,16:15:59,0.342878,0.315176,0.0,29373.627843,0.0,0
2026-09-09,16:16:00,0.342878,0.316916,0.0,29373.627843,0.0,0
2026-09-09,16:16:00,0.339978,0.316916,0.0,29373.627843,0.0,0
2026-09-09,16:16:01,0.35029,0.321008,0.0,29373.627843,0.0,0
2026-09-09,16:16:02,0.325798,0.322652,0.0,29373.627843,0.0,0
2026-09-09,16:16:02,0.319676,0.323361,0.0,29373.627843,0.0,0
2026-09-09,16:16:03,0.319676,0.323361,0.0,29373.627843,0.0,0
2026-09-09,16:16:04,0.309363,0.323361,0.0,29373.627843,0.0,0
2026-09-09,16:16:04,0.309363,0.323361,0.0,29373.627843,0.0,0
2026-09-09,16:16:05,0.342556,0.32668,0.0,29373.627843,0.0,0
2026-09-09,16:16:06,0.342556,0.329677,0.0,29373.627843,0.0,0
2026-09-09,16:16:06,0.339333,0.329677,0.0,29373.627843,0.0,0
2026-09-09,16:16:07,0.335788,0.331502,0.0,29373.627843,0.0,0
2026-09-09,16:16:08,0.32741,0.329955,0.0,29373.627843,0.0,0
2026-09-09,16:16:08,0.344811,0.330439,0.0,29373.627843,0.0,0
2026-09-09,16:16:09,0.344811,0.326346,0.0,29373.627843,0.0,0
2026-09-09,16:16:10,0.309363,0.326346,0.0,29373.627843,0.0,0
2026-09-09,16:16:10,0.343845,0.328151,0.0,29373.627843,0.0,0
2026-09-09,16:16:11,0.35029,0.331212,0.0,29373.627843,0.0,0
2026-09-09,16:16:12,0.343522,0.334628,0.0,29373.627843,0.0,0
2026-09-09,16:16:12,0.343522,0.334628,0.0,29373.627843,0.0,0
2026-09-09,16:16:13,0.309363,0.334628,0.0,29373.627843,0.0,0
2026-09-09,16:16:14,0.342878,0.33466,0.0,29373.627843,0.0,0
2026-09-09,16:16:14,0.331921,0.333919,0.0,29373.627843,0.0,0
2026-09-09,16:16:15,0.331921,0.335361,0.0,29373.627843,0.0,0
2026-09-09,16:16:16,0.350207,0.335361,0.0,29373.627843,0.0,0
2026-09-09,16:16:16,0.307011,0.333321,0.0,29373.627843,0.0,0
2026-09-09,16:16:17,0.339951,0.332835,0.0,29373.627843,0.0,0
2026-09-09,16:16:18,0.332276,0.335126,0.0,29373.627843,0.0,0
2026-09-09,16:16:18,0.332276,0.333138,0.0,29373.627843,0.0,0
2026-09-09,16:16:19,0.323961,0.333138,0.0,29373.627843,0.0,0
2026-09-09,16:16:20,0.343149,0.332424,0.0,29373.627843,0.0,0
2026-09-09,16:16:20,0.307011,0.328773,0.0,29373.627843,0.0,0
2026-09-09,16:16:21,0.313384,0.329175,0.0,29373.627843,0.0,0
2026-09-09,16:16:22,0.313384,0.329175,0.0,29373.627843,0.0,0
2026-09-09,16:16:22,0.313384,0.326226,0.0,29373.627843,0.0,0
2026-09-09,16:16:23,0.324157,0.325449,0.0,29373.627843,0.0,0
2026-09-09,16:16:24,0.32492,0.322921,0.0,29373.627843,0.0,0
2026-09-09,16:16:24,0.32492,0.325031,0.0,29373.627843,0.0,0
2026-09-09,16:16:25,0.328118,0.325031,0.0,29373.627843,0.0,0
2026-09-09,16:16:26,0.333875,0.324424,0.0,29373.627843,0.0,0
2026-09-09,16:16:26,0.336753,0.324871,0.0,29373.627843,0.0,0
2026-09-09,16:16:27,0.337712,0.326246,0.0,29373.627843,0.0,0
2026-09-09,16:16:28,0.337712,0.325767,0.0,29373.627843,0.0,0
2026-09-09,16:16:28,0.338352,0.325767,0.0,29373.627843,0.0,0
2026-09-09,16:16:29,0.331956,0.328261,0.0,29373.627843,0.0,0
2026-09-09,16:16:30,0.331636,0.330086,0.0,29373.627843,0.0,0
2026-09-09,16:16:30,0.330037,0.331752,0.0,29373.627843,0.0,0
2026-09-09,16:16:31,0.330037,0.331752,0.0,29373.627843,0.0,0
2026-09-09,16:16:32,0.328438,0.33218,0.0,29373.627843,0.0,0
2026-09-09,16:16:32,0.329717,0.332659,0.0,29373.627843,0.0,0
2026-09-09,16:16:33,0.332915,0.333139,0.0,29373.627843,0.0,0
2026-09-09,16:16:34,0.332915,0.333555,0.0,29373.627843,0.0,0
2026-09-09,16:16:34,0.338032,0.333555,0.0,29373.627843,0.0,0
2026-09-09,16:16:35,0.307011,0.330581,0.0,29373.627843,0.0,0
2026-09-09,16:16:36,0.307011,0.327511,0.0,29373.627843,0.0,0
2026-09-09,16:16:36,0.290062,0.322682,0.0,29373.627843,0.0,0
2026-09-09,16:16:37,0.290062,0.321338,0.0,29373.627843,0.0,0
2026-09-09,16:16:38,0.318524,0.321338,0.0,29373.627843,0.0,0
2026-09-09,16:16:38,0.300615,0.318236,0.0,29373.627843,0.0,0
2026-09-09,16:16:39,0.307331,0.315966,0.0,29373.627843,0.0,0
2026-09-09,16:16:40,0.33222,0.316344,0.0,29373.627843,0.0,0
2026-09-09,16:16:40,0.33222,0.316344,0.0,29373.627843,0.0,0
2026-09-09,16:16:41,0.325725,0.315945,0.0,29373.627843,0.0,0
2026-09-09,16:16:42,0.311761,0.313829,0.0,29373.627843,0.0,0
2026-09-09,16:16:42,0.311761,0.311202,0.0,29373.627843,0.0,0
2026-09-09,16:16:43,0.311761,0.312976,0.0,29373.627843,0.0,0
2026-09-09,16:16:44,0.324751,0.312976,0.0,29373.627843,0.0,0
2026-09-09,16:16:44,0.305266,0.312802,0.0,29373.627843,0.0,0
2026-09-09,16:16:45,0.312086,0.315004,0.0,29373.627843,0.0,0
2026-09-09,16:16:46,0.33222,0.316373,0.0,29373.627843,0.0,0
2026-09-09,16:16:46,0.33222,0.319534,0.0,29373.627843,0.0,0
2026-09-09,16:16:47,0.33222,0.319534,0.0,29373.627843,0.0,0
2026-09-09,16:16:48,0.327674,0.321568,0.0,29373.627843,0.0,0
2026-09-09,16:16:48,0.306237,0.31897,0.0,29373.627843,0.0,0
2026-09-09,16:16:49,0.343262,0.320724,0.0,29373.627843,0.0,0
2026-09-09,16:16:50,0.343262,0.320724,0.0,29373.627843,0.0,0
2026-09-09,16:16:50,0.340271,0.323575,0.0,29373.627843,0.0,0
2026-09-09,16:16:51,0.340271,0.326426,0.0,29373.627843,0.0,0
2026-09-09,16:16:52,0.343911,0.328342,0.0,29373.627843,0.0,0
2026-09-09,16:16:52,0.343911,0.329121,0.0,29373.627843,0.0,0
2026-09-09,16:16:53,0.31306,0.329121,0.0,29373.627843,0.0,0
2026-09-09,16:16:54,0.311761,0.329089,0.0,29373.627843,0.0,0
2026-09-09,16:16:54,0.337073,0.329574,0.0,29373.627843,0.0,0
2026-09-09,16:16:55,0.347626,0.331114,0.0,29373.627843,0.0,0
2026-09-09,16:16:56,0.347626,0.329144,0.0,29373.627843,0.0,0
2026-09-09,16:16:56,0.307971,0.329144,0.0,29373.627843,0.0,0
2026-09-09,16:16:57,0.307011,0.329222,0.0,29373.627843,0.0,0
2026-09-09,16:16:58,0.311761,0.326071,0.0,29373.627843,0.0,0
2026-09-09,16:16:58,0.311761,0.32322,0.0,29373.627843,0.0,0
2026-09-09,16:16:59,0.311761,0.32322,0.0,29373.627843,0.0,0
2026-09-09,16:17:00,0.339366,0.32313,0.0,29373.627843,0.0,0
2026-09-09,16:17:00,0.35029,0.323768,0.0,29373.627843,0.0,0
2026-09-09,16:17:01,0.322898,0.324752,0.0,29373.627843,0.0,0
2026-09-09,16:17:02,0.322898,0.324512,0.0,29373.627843,0.0,0
2026-09-09,16:17:02,0.309363,0.324512,0.0,29373.627843,0.0,0
2026-09-09,16:17:03,0.309363,0.321741,0.0,29373.627843,0.0,0
2026-09-09,16:17:04,0.309363,0.317915,0.0,29373.627843,0.0,0
2026-09-09,16:17:04,0.309363,0.318054,0.0,29373.627843,0.0,0
2026-09-09,16:17:05,0.309363,0.318289,0.0,29373.627843,0.0,0
2026-09-09,16:17:06,0.309363,0.318289,0.0,29373.627843,0.0,0
2026-09-09,16:17:06,0.309363,0.31805,0.0,29373.627843,0.0,0
2026-09-09,16:17:07,0.309363,0.31781,0.0,29373.627843,0.0,0
2026-09-09,16:17:08,0.309363,0.31481,0.0,29373.627843,0.0,0
2026-09-09,16:17:08,0.309363,0.31481,0.0,29373.627843,0.0,0
2026-09-09,16:17:09,0.309363,0.310717,0.0,29373.627843,0.0,0
2026-09-09,16:17:10,0.309363,0.309363,0.0,29373.627843,0.0,0
2026-09-09,16:17:10,0.329021,0.311329,0.0,29373.627843,0.0,0
2026-09-09,16:17:11,0.329021,0.314455,0.0,29373.627843,0.0,0
2026-09-09,16:17:12,0.340622,0.314455,0.0,29373.627843,0.0,0
2026-09-09,16:17:12,0.35029,0.318548,0.0,29373.627843,0.0,0
2026-09-09,16:17:13,0.339969,0.321608,0.0,29373.627843,0.0,0
2026-09-09,16:17:14,0.329988,0.323671,0.0,29373.627843,0.0,0
2026-09-09,16:17:14,0.329988,0.323671,0.0,29373.627843,0.0,0
2026-09-09,16:17:15,0.309363,0.323671,0.0,29373.627843,0.0,0
2026-09-09,16:17:16,0.322898,0.325024,0.0,29373.627843,0.0,0
2026-09-09,16:17:16,0.343845,0.328472,0.0,29373.627843,0.0,0
2026-09-09,16:17:17,0.317098,0.329246,0.0,29373.627843,0.0,0
2026-09-09,16:17:18,0.317098,0.329246,0.0,29373.627843,0.0,0
2026-09-09,16:17:18,0.313553,0.329665,0.0,29373.627843,0.0,0
2026-09-09,16:17:19,0.310653,0.327828,0.0,29373.627843,0.0,0
2026-09-09,16:17:20,0.309363,0.324702,0.0,29373.627843,0.0,0
2026-09-09,16:17:20,0.309363,0.320609,0.0,29373.627843,0.0,0
2026-09-09,16:17:21,0.309363,0.320609,0.0,29373.627843,0.0,0
2026-09-09,16:17:22,0.309363,0.317549,0.0,29373.627843,0.0,0
2026-09-09,16:17:22,0.309363,0.315486,0.0,29373.627843,0.0,0
2026-09-09,16:17:23,0.328376,0.317388,0.0,29373.627843,0.0,0
2026-09-09,16:17:24,0.328376,0.319224,0.0,29373.627843,0.0,0
2026-09-09,16:17:24,0.341267,0.319224,0.0,29373.627843,0.0,0
2026-09-09,16:17:25,0.333855,0.318225,0.0,29373.627843,0.0,0
2026-09-09,16:17:26,0.309363,0.317452,0.0,29373.627843,0.0,0
2026-09-09,16:17:26,0.351126,0.321209,0.0,29373.627843,0.0,0
2026-09-09,16:17:27,0.351126,0.321209,0.0,29373.627843,0.0,0
2026-09-09,16:17:28,0.316296,0.321774,0.0,29373.627843,0.0,0
2026-09-09,16:17:28,0.304703,0.321308,0.0,29373.627843,0.0,0
2026-09-09,16:17:29,0.310158,0.321387,0.0,29373.627843,0.0,0
2026-09-09,16:17:30,0.310158,0.321954,0.0,29373.627843,0.0,0
2026-09-09,16:17:30,0.315029,0.321954,0.0,29373.627843,0.0,0
2026-09-09,16:17:31,0.315029,0.32252,0.0,29373.627843,0.0,0
2026-09-09,16:17:32,0.315685,0.321251,0.0,29373.627843,0.0,0
2026-09-09,16:17:32,0.31033,0.318157,0.0,29373.627843,0.0,0
2026-09-09,16:17:33,0.31033,0.315773,0.0,29373.627843,0.0,0
2026-09-09,16:17:34,0.310008,0.315773,0.0,29373.627843,0.0,0
2026-09-09,16:17:34,0.309363,0.315773,0.0,29373.627843,0.0,0
2026-09-09,16:17:35,0.309363,0.311596,0.0,29373.627843,0.0,0
2026-09-09,16:17:36,0.309363,0.310903,0.0,29373.627843,0.0,0
2026-09-09,16:17:36,0.309363,0.310903,0.0,29373.627843,0.0,0
2026-09-09,16:17:37,0.333855,0.313818,0.0,29373.627843,0.0,0
2026-09-09,16:17:38,0.324187,0.315221,0.0,29373.627843,0.0,0
2026-09-09,16:17:38,0.313553,0.315074,0.0,29373.627843,0.0,0
2026-09-09,16:17:39,0.313553,0.318052,0.0,29373.627843,0.0,0
2026-09-09,16:17:40,0.344811,0.318052,0.0,29373.627843,0.0,0
2026-09-09,16:17:40,0.35029,0.321512,0.0,29373.627843,0.0,0
2026-09-09,16:17:41,0.329343,0.323414,0.0,29373.627843,0.0,0
2026-09-09,16:17:42,0.309363,0.323349,0.0,29373.627843,0.0,0
2026-09-09,16:17:42,0.309363,0.324284,0.0,29373.627843,0.0,0
2026-09-09,16:17:43,0.318709,0.324284,0.0,29373.627843,0.0,0
2026-09-09,16:17:44,0.312908,0.324638,0.0,29373.627843,0.0,0
2026-09-09,16:17:44,0.309363,0.324638,0.0,29373.627843,0.0,0
2026-09-09,16:17:45,0.342878,0.325541,0.0,29373.627843,0.0,0
2026-09-09,16:17:46,0.342878,0.325541,0.0,29373.627843,0.0,0
2026-09-09,16:17:46,0.341911,0.327313,0.0,29373.627843,0.0,0
2026-09-09,16:17:47,0.340944,0.330052,0.0,29373.627843,0.0,0
2026-09-09,16:17:48,0.338689,0.32944,0.0,29373.627843,0.0,0
2026-09-09,16:17:48,0.338689,0.32845,0.0,29373.627843,0.0,0
2026-09-09,16:17:49,0.340388,0.32845,0.0,29373.627843,0.0,0
2026-09-09,16:17:50,0.331921,0.328708,0.0,29373.627843,0.0,0
2026-09-09,16:17:50,0.328376,0.330609,0.0,29373.627843,0.0,0
2026-09-09,16:17:51,0.322898,0.331028,0.0,29373.627843,0.0,0
2026-09-09,16:17:52,0.322898,0.333896,0.0,29373.627843,0.0,0
2026-09-09,16:17:52,0.341589,0.333896,0.0,29373.627843,0.0,0
2026-09-09,16:17:53,0.309363,0.333896,0.0,29373.627843,0.0,0
2026-09-09,16:17:54,0.341589,0.333767,0.0,29373.627843,0.0,0
2026-09-09,16:17:54,0.35029,0.334605,0.0,29373.627843,0.0,0
2026-09-09,16:17:55,0.35029,0.334605,0.0,29373.627843,0.0,0
2026-09-09,16:17:56,0.309363,0.331447,0.0,29373.627843,0.0,0
2026-09-09,16:17:56,0.343522,0.33193,0.0,29373.627843,0.0,0
2026-09-09,16:17:57,0.314204,0.329312,0.0,29373.627843,0.0,0
2026-09-09,16:17:58,0.314204,0.330472,0.0,29373.627843,0.0,0
2026-09-09,16:17:58,0.343522,0.330472,0.0,29373.627843,0.0,0
2026-09-09,16:17:59,0.355771,0.333211,0.0,29373.627843,0.0,0
2026-09-09,16:18:00,0.33031,0.333952,0.0,29373.627843,0.0,0
2026-09-09,16:18:00,0.309363,0.33073,0.0,29373.627843,0.0,0
2026-09-09,16:18:01,0.309363,0.331954,0.0,29373.627843,0.0,0
2026-09-09,16:18:02,0.321609,0.331954,0.0,29373.627843,0.0,0
2026-09-09,16:18:02,0.311297,0.328925,0.0,29373.627843,0.0,0
2026-09-09,16:18:03,0.31452,0.325348,0.0,29373.627843,0.0,0
2026-09-09,16:18:04,0.345134,0.328925,0.0,29373.627843,0.0,0
2026-09-09,16:18:04,0.345134,0.328925,0.0,29373.627843,0.0,0
2026-09-09,16:18:05,0.323543,0.326927,0.0,29373.627843,0.0,0
2026-09-09,16:18:06,0.326443,0.328151,0.0,29373.627843,0.0,0
2026-09-09,16:18:06,0.325154,0.326314,0.0,29373.627843,0.0,0
2026-09-09,16:18:07,0.325154,0.325412,0.0,29373.627843,0.0,0
2026-09-09,16:18:08,0.346745,0.325412,0.0,29373.627843,0.0,0
2026-09-09,16:18:08,0.313231,0.323704,0.0,29373.627843,0.0,0
2026-09-09,16:18:09,0.309363,0.323704,0.0,29373.627843,0.0,0
2026-09-09,16:18:10,0.339333,0.325476,0.0,29373.627843,0.0,0
2026-09-09,16:18:10,0.339333,0.328957,0.0,29373.627843,0.0,0
2026-09-09,16:18:11,0.3461,0.328957,0.0,29373.627843,0.0,0
2026-09-09,16:18:12,0.309363,0.328441,0.0,29373.627843,0.0,0
2026-09-09,16:18:12,0.340944,0.328022,0.0,29373.627843,0.0,0
2026-09-09,16:18:13,0.33031,0.328699,0.0,29373.627843,0.0,0
2026-09-09,16:18:14,0.33031,0.328699,0.0,29373.627843,0.0,0
2026-09-09,16:18:14,0.309363,0.326991,0.0,29373.627843,0.0,0
2026-09-09,16:18:15,0.316775,0.326153,0.0,29373.627843,0.0,0
2026-09-09,16:18:16,0.309363,0.322415,0.0,29373.627843,0.0,0
2026-09-09,16:18:17,0.309363,0.325347,0.0,29373.627843,0.0,0
2026-09-09,16:18:17,0.342556,0.325347,0.0,29373.627843,0.0,0
2026-09-09,16:18:18,0.333533,0.327764,0.0,29373.627843,0.0,0
2026-09-09,16:18:19,0.3461,0.328441,0.0,29373.627843,0.0,0
2026-09-09,16:18:19,0.344489,0.32828,0.0,29373.627843,0.0,0
2026-09-09,16:18:20,0.344489,0.332372,0.0,29373.627843,0.0,0
2026-09-09,16:18:21,0.35029,0.332372,0.0,29373.627843,0.0,0
2026-09-09,16:18:21,0.32741,0.331019,0.0,29373.627843,0.0,0
2026-09-09,16:18:22,0.323543,0.330342,0.0,29373.627843,0.0,0
2026-09-09,16:18:23,0.344811,0.333887,0.0,29373.627843,0.0,0
2026-09-09,16:18:23,0.344811,0.333887,0.0,29373.627843,0.0,0
2026-09-09,16:18:24,0.342233,0.336433,0.0,29373.627843,0.0,0
2026-09-09,16:18:25,0.3403,0.339526,0.0,29373.627843,0.0,0
2026-09-09,16:18:25,0.314197,0.336691,0.0,29373.627843,0.0,0
2026-09-09,16:18:26,0.314197,0.334725,0.0,29373.627843,0.0,0
2026-09-09,16:18:27,0.313875,0.334725,0.0,29373.627843,0.0,0
2026-09-09,16:18:27,0.319808,0.332096,0.0,29373.627843,0.0,0
2026-09-09,16:18:28,0.308574,0.328504,0.0,29373.627843,0.0,0
2026-09-09,16:18:29,0.342968,0.327772,0.0,29373.627843,0.0,0
2026-09-09,16:18:29,0.342968,0.329199,0.0,29373.627843,0.0,0
2026-09-09,16:18:30,0.341682,0.329199,0.0,29373.627843,0.0,0
2026-09-09,16:18:31,0.33911,0.330756,0.0,29373.627843,0.0,0
2026-09-09,16:18:31,0.349396,0.331214,0.0,29373.627843,0.0,0
2026-09-09,16:18:32,0.349396,0.331931,0.0,29373.627843,0.0,0
2026-09-09,16:18:33,0.349396,0.331931,0.0,29373.627843,0.0,0
2026-09-09,16:18:33,0.322717,0.330172,0.0,29373.627843,0.0,0
2026-09-09,16:18:34,0.312432,0.329996,0.0,29373.627843,0.0,0
2026-09-09,16:18:35,0.314204,0.330029,0.0,29373.627843,0.0,0
2026-09-09,16:18:35,0.314204,0.332152,0.0,29373.627843,0.0,0
2026-09-09,16:18:36,0.341042,0.332152,0.0,29373.627843,0.0,0
2026-09-09,16:18:37,0.347588,0.336054,0.0,29373.627843,0.0,0
2026-09-09,16:18:37,0.309363,0.332693,0.0,29373.627843,0.0,0
2026-09-09,16:18:38,0.335144,0.332039,0.0,29373.627843,0.0,0
2026-09-09,16:18:39,0.335144,0.330225,0.0,29373.627843,0.0,0
2026-09-09,16:18:39,0.320965,0.330225,0.0,29373.627843,0.0,0
2026-09-09,16:18:40,0.309363,0.326222,0.0,29373.627843,0.0,0
2026-09-09,16:18:41,0.339333,0.325215,0.0,29373.627843,0.0,0
2026-09-09,16:18:41,0.309363,0.32388,0.0,29373.627843,0.0,0
2026-09-09,16:18:42,0.309363,0.32388,0.0,29373.627843,0.0,0
2026-09-09,16:18:43,0.310653,0.323702,0.0,29373.627843,0.0,0
2026-09-09,16:18:43,0.342556,0.326537,0.0,29373.627843,0.0,0
2026-09-09,16:18:44,0.311297,0.323563,0.0,29373.627843,0.0,0
2026-09-09,16:18:45,0.311297,0.319805,0.0,29373.627843,0.0,0
2026-09-09,16:18:45,0.310008,0.319805,0.0,29373.627843,0.0,0
2026-09-09,16:18:46,0.309363,0.319805,0.0,29373.627843,0.0,0
2026-09-09,16:18:47,0.342556,0.320546,0.0,29373.627843,0.0,0
2026-09-09,16:18:47,0.355771,0.324026,0.0,29373.627843,0.0,0
2026-09-09,16:18:48,0.355771,0.326017,0.0,29373.627843,0.0,0
2026-09-09,16:18:49,0.329272,0.326017,0.0,29373.627843,0.0,0
2026-09-09,16:18:49,0.330124,0.325096,0.0,29373.627843,0.0,0
2026-09-09,16:18:50,0.3432,0.32848,0.0,29373.627843,0.0,0
2026-09-09,16:18:51,0.309363,0.328351,0.0,29373.627843,0.0,0
2026-09-09,16:18:51,0.309363,0.328351,0.0,29373.627843,0.0,0
2026-09-09,16:18:52,0.347261,0.328822,0.0,29373.627843,0.0,0
2026-09-09,16:18:53,0.333968,0.331089,0.0,29373.627843,0.0,0
2026-09-09,16:18:53,0.343932,0.334481,0.0,29373.627843,0.0,0
2026-09-09,16:18:54,0.308574,0.334402,0.0,29373.627843,0.0,0
2026-09-09,16:18:55,0.308574,0.334402,0.0,29373.627843,0.0,0
2026-09-09,16:18:55,0.342646,0.334411,0.0,29373.627843,0.0,0
2026-09-09,16:18:56,0.338146,0.332649,0.0,29373.627843,0.0,0
2026-09-09,16:18:57,0.330753,0.332797,0.0,29373.627843,0.0,0
2026-09-09,16:18:57,0.330753,0.330642,0.0,29373.627843,0.0,0
2026-09-09,16:18:58,0.308574,0.330642,0.0,29373.627843,0.0,0
2026-09-09,16:18:59,0.322769,0.328599,0.0,29373.627843,0.0,0
2026-09-09,16:18:59,0.309363,0.328599,0.0,29373.627843,0.0,0
2026-09-09,16:19:00,0.3432,0.328193,0.0,29373.627843,0.0,0
2026-09-09,16:19:01,0.3432,0.328826,0.0,29373.627843,0.0,0
2026-09-09,16:19:01,0.3403,0.328826,0.0,29373.627843,0.0,0
2026-09-09,16:19:02,0.33031,0.327464,0.0,29373.627843,0.0,0
2026-09-09,16:19:03,0.328699,0.329476,0.0,29373.627843,0.0,0
2026-09-09,16:19:03,0.328376,0.328049,0.0,29373.627843,0.0,0
2026-09-09,16:19:04,0.328376,0.328049,0.0,29373.627843,0.0,0
2026-09-09,16:19:05,0.329665,0.327201,0.0,29373.627843,0.0,0
2026-09-09,16:19:05,0.331277,0.327253,0.0,29373.627843,0.0,0
2026-09-09,16:19:06,0.331599,0.329556,0.0,29373.627843,0.0,0
2026-09-09,16:19:07,0.331599,0.330374,0.0,29373.627843,0.0,0
2026-09-09,16:19:07,0.330954,0.330374,0.0,29373.627843,0.0,0
2026-09-09,16:19:08,0.329343,0.332372,0.0,29373.627843,0.0,0
2026-09-09,16:19:09,0.326765,0.330729,0.0,29373.627843,0.0,0
2026-09-09,16:19:09,0.315029,0.328202,0.0,29373.627843,0.0,0
2026-09-09,16:19:10,0.315029,0.3295,0.0,29373.627843,0.0,0
2026-09-09,16:19:11,0.343289,0.3295,0.0,29373.627843,0.0,0
2026-09-09,16:19:11,0.342646,0.330895,0.0,29373.627843,0.0,0
2026-09-09,16:19:12,0.342968,0.332354,0.0,29373.627843,0.0,0
2026-09-09,16:19:13,0.344575,0.333845,0.0,29373.627843,0.0,0
2026-09-09,16:19:13,0.344575,0.333845,0.0,29373.627843,0.0,0
2026-09-09,16:19:14,0.320146,0.332731,0.0,29373.627843,0.0,0
2026-09-09,16:19:15,0.344575,0.334029,0.0,29373.627843,0.0,0
2026-09-09,16:19:15,0.342646,0.335198,0.0,29373.627843,0.0,0
2026-09-09,16:19:16,0.342646,0.333282,0.0,29373.627843,0.0,0
2026-09-09,16:19:17,0.310182,0.333282,0.0,29373.627843,0.0,0
2026-09-09,16:19:17,0.308574,0.331463,0.0,29373.627843,0.0,0
2026-09-09,16:19:18,0.349396,0.3349,0.0,29373.627843,0.0,0
2026-09-09,16:19:19,0.313074,0.331878,0.0,29373.627843,0.0,0
2026-09-09,16:19:19,0.313074,0.332438,0.0,29373.627843,0.0,0
2026-09-09,16:19:20,0.348243,0.332438,0.0,29373.627843,0.0,0
2026-09-09,16:19:21,0.334824,0.331624,0.0,29373.627843,0.0,0
2026-09-09,16:19:21,0.348897,0.332056,0.0,29373.627843,0.0,0
2026-09-09,16:19:22,0.309363,0.330978,0.0,29373.627843,0.0,0
2026-09-09,16:19:23,0.309363,0.330978,0.0,29373.627843,0.0,0
2026-09-09,16:19:23,0.341589,0.330679,0.0,29373.627843,0.0,0
2026-09-09,16:19:24,0.334499,0.329864,0.0,29373.627843,0.0,0
2026-09-09,16:19:25,0.323865,0.331233,0.0,29373.627843,0.0,0
2026-09-09,16:19:25,0.323865,0.331569,0.0,29373.627843,0.0,0
2026-09-09,16:19:26,0.311942,0.331569,0.0,29373.627843,0.0,0
2026-09-09,16:19:27,0.343845,0.331014,0.0,29373.627843,0.0,0
2026-09-09,16:19:27,0.336133,0.33332,0.0,29373.627843,0.0,0
2026-09-09,16:19:28,0.314204,0.329916,0.0,29373.627843,0.0,0
2026-09-09,16:19:29,0.314204,0.328337,0.0,29373.627843,0.0,0
2026-09-09,16:19:29,0.319031,0.328337,0.0,29373.627843,0.0,0
2026-09-09,16:19:30,0.312586,0.324706,0.0,29373.627843,0.0,0
2026-09-09,16:19:31,0.309363,0.324706,0.0,29373.627843,0.0,0
2026-09-09,16:19:31,0.309363,0.321483,0.0,29373.627843,0.0,0
2026-09-09,16:19:32,0.309363,0.321483,0.0,29373.627843,0.0,0
2026-09-09,16:19:33,0.309363,0.31897,0.0,29373.627843,0.0,0
2026-09-09,16:19:33,0.309363,0.317519,0.0,29373.627843,0.0,0
2026-09-09,16:19:34,0.341589,0.320484,0.0,29373.627843,0.0,0
2026-09-09,16:19:35,0.341589,0.320877,0.0,29373.627843,0.0,0
2026-09-09,16:19:35,0.347774,0.320877,0.0,29373.627843,0.0,0
2026-09-09,16:19:36,0.33525,0.320789,0.0,29373.627843,0.0,0
2026-09-09,16:19:37,0.331363,0.322505,0.0,29373.627843,0.0,0
2026-09-09,16:19:37,0.326181,0.32322,0.0,29373.627843,0.0,0
2026-09-09,16:19:38,0.326181,0.324288,0.0,29373.627843,0.0,0
2026-09-09,16:19:39,0.323265,0.324288,0.0,29373.627843,0.0,0
2026-09-09,16:19:39,0.343996,0.327751,0.0,29373.627843,0.0,0
2026-09-09,16:19:40,0.310957,0.32791,0.0,29373.627843,0.0,0
2026-09-09,16:19:41,0.310957,0.328069,0.0,29373.627843,0.0,0
2026-09-09,16:19:41,0.310957,0.328069,0.0,29373.627843,0.0,0
2026-09-09,16:19:42,0.3427,0.331403,0.0,29373.627843,0.0,0
2026-09-09,16:19:43,0.332659,0.33051,0.0,29373.627843,0.0,0
2026-09-09,16:19:43,0.347235,0.330456,0.0,29373.627843,0.0,0
2026-09-09,16:19:44,0.347235,0.331525,0.0,29373.627843,0.0,0
2026-09-09,16:19:45,0.345939,0.331525,0.0,29373.627843,0.0,0
2026-09-09,16:19:45,0.333307,0.331719,0.0,29373.627843,0.0,0
2026-09-09,16:19:46,0.316787,0.33078,0.0,29373.627843,0.0,0
2026-09-09,16:19:47,0.343996,0.332853,0.0,29373.627843,0.0,0
2026-09-09,16:19:47,0.343996,0.331331,0.0,29373.627843,0.0,0
2026-09-09,16:19:48,0.328772,0.331331,0.0,29373.627843,0.0,0
2026-09-09,16:19:49,0.315167,0.331752,0.0,29373.627843,0.0,0
2026-09-09,16:19:49,0.344967,0.335153,0.0,29373.627843,0.0,0
2026-09-09,16:19:50,0.338489,0.334732,0.0,29373.627843,0.0,0
2026-09-09,16:19:51,0.338489,0.334732,0.0,29373.627843,0.0,0
2026-09-09,16:19:51,0.329096,0.334376,0.0,29373.627843,0.0,0
2026-09-09,16:19:52,0.32197,0.331849,0.0,29373.627843,0.0,0
2026-09-09,16:19:53,0.310957,0.328351,0.0,29373.627843,0.0,0
2026-09-09,16:19:53,0.310957,0.329193,0.0,29373.627843,0.0,0
2026-09-09,16:19:54,0.341728,0.329193,0.0,29373.627843,0.0,0
2026-09-09,16:19:55,0.332335,0.330748,0.0,29373.627843,0.0,0
2026-09-09,16:19:55,0.323589,0.328707,0.0,29373.627843,0.0,0
2026-09-09,16:19:56,0.342052,0.330035,0.0,29373.627843,0.0,0
2026-09-09,16:19:57,0.342052,0.329614,0.0,29373.627843,0.0,0
2026-09-09,16:19:57,0.310957,0.329614,0.0,29373.627843,0.0,0
2026-09-09,16:19:58,0.310957,0.326213,0.0,29373.627843,0.0,0
2026-09-09,16:19:59,0.311928,0.323557,0.0,29373.627843,0.0,0
2026-09-09,16:19:59,0.326504,0.323298,0.0,29373.627843,0.0,0
2026-09-09,16:20:00,0.326504,0.323298,0.0,29373.627843,0.0,0
2026-09-09,16:20:01,0.309337,0.322034,0.0,29373.627843,0.0,0
2026-09-09,16:20:01,0.326334,0.323572,0.0,29373.627843,0.0,0
2026-09-09,16:20:02,0.318997,0.321299,0.0,29373.627843,0.0,0
2026-09-09,16:20:03,0.293257,0.317391,0.0,29373.627843,0.0,0
2026-09-09,16:20:03,0.293257,0.317391,0.0,29373.627843,0.0,0
2026-09-09,16:20:04,0.318786,0.316911,0.0,29373.627843,0.0,0
2026-09-09,16:20:05,0.317253,0.314431,0.0,29373.627843,0.0,0
2026-09-09,16:20:05,0.317253,0.315061,0.0,29373.627843,0.0,0
2026-09-09,16:20:06,0.317253,0.315305,0.0,29373.627843,0.0,0
2026-09-09,16:20:07,0.313396,0.315305,0.0,29373.627843,0.0,0
2026-09-09,16:20:07,0.308574,0.314969,0.0,29373.627843,0.0,0
2026-09-09,16:20:08,0.315029,0.313822,0.0,29373.627843,0.0,0
2026-09-09,16:20:09,0.338569,0.316745,0.0,29373.627843,0.0,0
2026-09-09,16:20:09,0.338569,0.31643,0.0,29373.627843,0.0,0
2026-09-09,16:20:10,0.32318,0.31643,0.0,29373.627843,0.0,0
2026-09-09,16:20:11,0.340493,0.318579,0.0,29373.627843,0.0,0
2026-09-09,16:20:11,0.30779,0.320032,0.0,29373.627843,0.0,0
2026-09-09,16:20:12,0.341455,0.322299,0.0,29373.627843,0.0,0
2026-09-09,16:20:13,0.341455,0.322299,0.0,29373.627843,0.0,0
2026-09-09,16:20:13,0.331195,0.323694,0.0,29373.627843,0.0,0
2026-09-09,16:20:14,0.328483,0.324817,0.0,29373.627843,0.0,0
2026-09-09,16:20:15,0.310035,0.32448,0.0,29373.627843,0.0,0
2026-09-09,16:20:15,0.310035,0.324402,0.0,29373.627843,0.0,0
2026-09-09,16:20:16,0.30779,0.324402,0.0,29373.627843,0.0,0
2026-09-09,16:20:17,0.342096,0.327109,0.0,29373.627843,0.0,0
2026-09-09,16:20:17,0.342096,0.327461,0.0,29373.627843,0.0,0
2026-09-09,16:20:18,0.344643,0.329608,0.0,29373.627843,0.0,0
2026-09-09,16:20:19,0.344643,0.329608,0.0,29373.627843,0.0,0
2026-09-09,16:20:19,0.334309,0.328989,0.0,29373.627843,0.0,0
2026-09-09,16:20:20,0.346749,0.332885,0.0,29373.627843,0.0,0
2026-09-09,16:20:21,0.346749,0.333415,0.0,29373.627843,0.0,0
2026-09-09,16:20:21,0.340479,0.334343,0.0,29373.627843,0.0,0
2026-09-09,16:20:22,0.340479,0.334343,0.0,29373.627843,0.0,0
2026-09-09,16:20:23,0.325136,0.334008,0.0,29373.627843,0.0,0
2026-09-09,16:20:23,0.312079,0.334213,0.0,29373.627843,0.0,0
2026-09-09,16:20:24,0.292492,0.332683,0.0,29373.627843,0.0,0
2026-09-09,16:20:25,0.292492,0.329191,0.0,29373.627843,0.0,0
2026-09-09,16:20:25,0.307182,0.329191,0.0,29373.627843,0.0,0
2026-09-09,16:20:26,0.328825,0.327864,0.0,29373.627843,0.0,0
2026-09-09,16:20:27,0.322075,0.325607,0.0,29373.627843,0.0,0
2026-09-09,16:20:27,0.288003,0.320977,0.0,29373.627843,0.0,0
2026-09-09,16:20:28,0.288003,0.320977,0.0,29373.627843,0.0,0
2026-09-09,16:20:29,0.325932,0.318895,0.0,29373.627843,0.0,0
2026-09-09,16:20:29,0.30986,0.315206,0.0,29373.627843,0.0,0
2026-09-09,16:20:30,0.31886,0.313044,0.0,29373.627843,0.0,0
2026-09-09,16:20:31,0.342325,0.314763,0.0,29373.627843,0.0,0
2026-09-09,16:20:31,0.342325,0.314763,0.0,29373.627843,0.0,0
2026-09-09,16:20:32,0.308574,0.314413,0.0,29373.627843,0.0,0
2026-09-09,16:20:33,0.340396,0.319203,0.0,29373.627843,0.0,0
2026-09-09,16:20:33,0.340718,0.322557,0.0,29373.627843,0.0,0
2026-09-09,16:20:34,0.340718,0.323746,0.0,29373.627843,0.0,0
2026-09-09,16:20:35,0.340718,0.323746,0.0,29373.627843,0.0,0
2026-09-09,16:20:35,0.349396,0.326478,0.0,29373.627843,0.0,0
2026-09-09,16:20:36,0.349396,0.332618,0.0,29373.627843,0.0,0
2026-09-09,16:20:37,0.331396,0.333164,0.0,29373.627843,0.0,0
2026-09-09,16:20:37,0.331396,0.333164,0.0,29373.627843,0.0,0
2026-09-09,16:20:38,0.349396,0.337118,0.0,29373.627843,0.0,0
2026-09-09,16:20:39,0.349396,0.340171,0.0,29373.627843,0.0,0
2026-09-09,16:20:39,0.349396,0.340878,0.0,29373.627843,0.0,0
2026-09-09,16:20:40,0.349396,0.344961,0.0,29373.627843,0.0,0
2026-09-09,16:20:41,0.349396,0.344961,0.0,29373.627843,0.0,0
2026-09-09,16:20:41,0.331396,0.344061,0.0,29373.627843,0.0,0
2026-09-09,16:20:42,0.329146,0.342903,0.0,29373.627843,0.0,0
2026-09-09,16:20:43,0.328825,0.341714,0.0,29373.627843,0.0,0
2026-09-09,16:20:43,0.328825,0.339014,0.0,29373.627843,0.0,0
2026-09-09,16:20:44,0.322396,0.339014,0.0,29373.627843,0.0,0
2026-09-09,16:20:45,0.323039,0.336378,0.0,29373.627843,0.0,0
2026-09-09,16:20:45,0.313384,0.334577,0.0,29373.627843,0.0,0
2026-09-09,16:20:46,0.308896,0.330527,0.0,29373.627843,0.0,0
2026-09-09,16:20:47,0.308896,0.330527,0.0,29373.627843,0.0,0
2026-09-09,16:20:47,0.32786,0.328373,0.0,29373.627843,0.0,0
2026-09-09,16:20:48,0.33011,0.326445,0.0,29373.627843,0.0,0
2026-09-09,16:20:49,0.332682,0.324773,0.0,29373.627843,0.0,0
2026-09-09,16:20:49,0.332682,0.326573,0.0,29373.627843,0.0,0
2026-09-09,16:20:50,0.349396,0.326573,0.0,29373.627843,0.0,0
2026-09-09,16:20:51,0.322396,0.325898,0.0,29373.627843,0.0,0
2026-09-09,16:20:51,0.295582,0.322574,0.0,29373.627843,0.0,0
2026-09-09,16:20:52,0.290977,0.319432,0.0,29373.627843,0.0,0
2026-09-09,16:20:53,0.290977,0.317622,0.0,29373.627843,0.0,0
2026-09-09,16:20:53,0.304941,0.317622,0.0,29373.627843,0.0,0
2026-09-09,16:20:54,0.321179,0.318402,0.0,29373.627843,0.0,0
2026-09-09,16:20:55,0.284389,0.315951,0.0,29373.627843,0.0,0
2026-09-09,16:20:55,0.302727,0.313438,0.0,29373.627843,0.0,0
2026-09-09,16:20:56,0.302727,0.313438,0.0,29373.627843,0.0,0
2026-09-09,16:20:57,0.330512,0.313478,0.0,29373.627843,0.0,0
2026-09-09,16:20:57,0.28948,0.309158,0.0,29373.627843,0.0,0
2026-09-09,16:20:58,0.31145,0.305363,0.0,29373.627843,0.0,0
2026-09-09,16:20:59,0.31145,0.307338,0.0,29373.627843,0.0,0
2026-09-09,16:20:59,0.342143,0.307338,0.0,29373.627843,0.0,0
2026-09-09,16:21:00,0.31145,0.308925,0.0,29373.627843,0.0,0
2026-09-09,16:21:01,0.341173,0.313944,0.0,29373.627843,0.0,0
2026-09-09,16:21:01,0.310158,0.314466,0.0,29373.627843,0.0,0
2026-09-09,16:21:02,0.310158,0.313364,0.0,29373.627843,0.0,0
2026-09-09,16:21:03,0.310158,0.313364,0.0,29373.627843,0.0,0
2026-09-09,16:21:03,0.335681,0.318493,0.0,29373.627843,0.0,0
2026-09-09,16:21:04,0.342789,0.322499,0.0,29373.627843,0.0,0
2026-09-09,16:21:05,0.343435,0.323792,0.0,29373.627843,0.0,0
2026-09-09,16:21:05,0.343435,0.323792,0.0,29373.627843,0.0,0
2026-09-09,16:21:06,0.324696,0.327313,0.0,29373.627843,0.0,0
2026-09-09,16:21:07,0.310158,0.327184,0.0,29373.627843,0.0,0
2026-09-09,16:21:07,0.351189,0.328089,0.0,29373.627843,0.0,0
2026-09-09,16:21:08,0.351189,0.329445,0.0,29373.627843,0.0,0
2026-09-09,16:21:09,0.325019,0.329445,0.0,29373.627843,0.0,0
2026-09-09,16:21:09,0.310158,0.326344,0.0,29373.627843,0.0,0
2026-09-09,16:21:10,0.327604,0.328088,0.0,29373.627843,0.0,0
2026-09-09,16:21:11,0.340527,0.331125,0.0,29373.627843,0.0,0
2026-09-09,16:21:11,0.340527,0.331319,0.0,29373.627843,0.0,0
2026-09-09,16:21:12,0.337619,0.331319,0.0,29373.627843,0.0,0
2026-09-09,16:21:13,0.336973,0.330738,0.0,29373.627843,0.0,0
2026-09-09,16:21:13,0.338589,0.330253,0.0,29373.627843,0.0,0
2026-09-09,16:21:14,0.340204,0.331804,0.0,29373.627843,0.0,0
2026-09-09,16:21:15,0.340204,0.331804,0.0,29373.627843,0.0,0
2026-09-09,16:21:15,0.342466,0.335035,0.0,29373.627843,0.0,0
2026-09-09,16:21:16,0.343112,0.334227,0.0,29373.627843,0.0,0
2026-09-09,16:21:17,0.348829,0.336608,0.0,29373.627843,0.0,0
2026-09-09,16:21:17,0.348829,0.338852,0.0,29373.627843,0.0,0
2026-09-09,16:21:18,0.332595,0.338852,0.0,29373.627843,0.0,0
2026-09-09,16:21:19,0.328438,0.338935,0.0,29373.627843,0.0,0
2026-09-09,16:21:19,0.307011,0.335584,0.0,29373.627843,0.0,0
2026-09-09,16:21:20,0.342829,0.336105,0.0,29373.627843,0.0,0
2026-09-09,16:21:21,0.342829,0.333108,0.0,29373.627843,0.0,0
2026-09-09,16:21:21,0.307011,0.333108,0.0,29373.627843,0.0,0
2026-09-09,16:21:22,0.338672,0.333117,0.0,29373.627843,0.0,0
2026-09-09,16:21:23,0.323321,0.331428,0.0,29373.627843,0.0,0
2026-09-09,16:21:23,0.307331,0.327915,0.0,29373.627843,0.0,0
2026-09-09,16:21:24,0.307331,0.327915,0.0,29373.627843,0.0,0
2026-09-09,16:21:25,0.344723,0.328076,0.0,29373.627843,0.0,0
2026-09-09,16:21:26,0.332318,0.326425,0.0,29373.627843,0.0,0
2026-09-09,16:21:26,0.30893,0.324058,0.0,29373.627843,0.0,0
2026-09-09,16:21:27,0.30893,0.321916,0.0,29373.627843,0.0,0
2026-09-09,16:21:28,0.307011,0.321916,0.0,29373.627843,0.0,0
2026-09-09,16:21:28,0.32588,0.323803,0.0,29373.627843,0.0,0
2026-09-09,16:21:29,0.346184,0.324138,0.0,29373.627843,0.0,0
2026-09-09,16:21:30,0.346509,0.328088,0.0,29373.627843,0.0,0
2026-09-09,16:21:30,0.346509,0.325397,0.0,29373.627843,0.0,0
2026-09-09,16:21:31,0.311761,0.325397,0.0,29373.627843,0.0,0
2026-09-09,16:21:32,0.290977,0.322162,0.0,29373.627843,0.0,0
2026-09-09,16:21:32,0.325076,0.323937,0.0,29373.627843,0.0,0
2026-09-09,16:21:33,0.324101,0.321875,0.0,29373.627843,0.0,0
2026-09-09,16:21:34,0.324101,0.321875,0.0,29373.627843,0.0,0
2026-09-09,16:21:34,0.312086,0.319851,0.0,29373.627843,0.0,0
2026-09-09,16:21:35,0.348458,0.323804,0.0,29373.627843,0.0,0
2026-09-09,16:21:36,0.340151,0.327118,0.0,29373.627843,0.0,0
2026-09-09,16:21:36,0.340151,0.326063,0.0,29373.627843,0.0,0
2026-09-09,16:21:37,0.315327,0.326063,0.0,29373.627843,0.0,0
2026-09-09,16:21:38,0.310158,0.32246,0.0,29373.627843,0.0,0
2026-09-09,16:21:38,0.310158,0.318825,0.0,29373.627843,0.0,0
2026-09-09,16:21:39,0.343435,0.321992,0.0,29373.627843,0.0,0
2026-09-09,16:21:40,0.343435,0.328565,0.0,29373.627843,0.0,0
2026-09-09,16:21:40,0.356705,0.328565,0.0,29373.627843,0.0,0
2026-09-09,16:21:41,0.333406,0.329398,0.0,29373.627843,0.0,0
2026-09-09,16:21:42,0.35047,0.332035,0.0,29373.627843,0.0,0
2026-09-09,16:21:42,0.315029,0.332329,0.0,29373.627843,0.0,0
2026-09-09,16:21:43,0.315029,0.332329,0.0,29373.627843,0.0,0
2026-09-09,16:21:44,0.341819,0.331666,0.0,29373.627843,0.0,0
2026-09-09,16:21:44,0.336973,0.331348,0.0,29373.627843,0.0,0
2026-09-09,16:21:45,0.332127,0.333028,0.0,29373.627843,0.0,0
2026-09-09,16:21:46,0.332127,0.334676,0.0,29373.627843,0.0,0
2026-09-09,16:21:46,0.326635,0.334676,0.0,29373.627843,0.0,0
2026-09-09,16:21:47,0.323404,0.336,0.0,29373.627843,0.0,0
2026-09-09,16:21:48,0.344404,0.336097,0.0,29373.627843,0.0,0
2026-09-09,16:21:48,0.316942,0.332121,0.0,29373.627843,0.0,0
2026-09-09,16:21:49,0.316942,0.330216,0.0,29373.627843,0.0,0
2026-09-09,16:21:50,0.314358,0.330216,0.0,29373.627843,0.0,0
2026-09-09,16:21:50,0.316619,0.326831,0.0,29373.627843,0.0,0
2026-09-09,16:21:51,0.344727,0.329801,0.0,29373.627843,0.0,0
2026-09-09,16:21:52,0.31145,0.326764,0.0,29373.627843,0.0,0
2026-09-09,16:21:52,0.31145,0.326764,0.0,29373.627843,0.0,0
2026-09-09,16:21:53,0.313065,0.324373,0.0,29373.627843,0.0,0
2026-09-09,16:21:54,0.311127,0.322273,0.0,29373.627843,0.0,0
2026-09-09,16:21:54,0.310158,0.320625,0.0,29373.627843,0.0,0
2026-09-09,16:21:55,0.310158,0.319301,0.0,29373.627843,0.0,0
2026-09-09,16:21:56,0.310158,0.319301,0.0,29373.627843,0.0,0
2026-09-09,16:21:56,0.310158,0.315876,0.0,29373.627843,0.0,0
2026-09-09,16:21:57,0.310158,0.315198,0.0,29373.627843,0.0,0
2026-09-09,16:21:58,0.343435,0.318105,0.0,29373.627843,0.0,0
2026-09-09,16:21:58,0.343435,0.320561,0.0,29373.627843,0.0,0
2026-09-09,16:21:59,0.341173,0.320561,0.0,29373.627843,0.0,0
2026-09-09,16:22:00,0.33665,0.319753,0.0,29373.627843,0.0,0
2026-09-09,16:22:00,0.323404,0.320948,0.0,29373.627843,0.0,0
2026-09-09,16:22:01,0.312419,0.320884,0.0,29373.627843,0.0,0
2026-09-09,16:22:02,0.312419,0.320884,0.0,29373.627843,0.0,0
2026-09-09,16:22:02,0.344404,0.324212,0.0,29373.627843,0.0,0
2026-09-09,16:22:03,0.333096,0.326505,0.0,29373.627843,0.0,0
2026-09-09,16:22:04,0.318235,0.327313,0.0,29373.627843,0.0,0
2026-09-09,16:22:04,0.343435,0.330641,0.0,29373.627843,0.0,0
2026-09-09,16:22:05,0.343435,0.330641,0.0,29373.627843,0.0,0
2026-09-09,16:22:06,0.32405,0.33203,0.0,29373.627843,0.0,0
2026-09-09,16:22:06,0.329865,0.330673,0.0,29373.627843,0.0,0
2026-09-09,16:22:07,0.310158,0.327572,0.0,29373.627843,0.0,0
2026-09-09,16:22:08,0.310158,0.324922,0.0,29373.627843,0.0,0
2026-09-09,16:22:08,0.310158,0.324922,0.0,29373.627843,0.0,0
2026-09-09,16:22:09,0.326635,0.325245,0.0,29373.627843,0.0,0
2026-09-09,16:22:10,0.310158,0.325019,0.0,29373.627843,0.0,0
2026-09-09,16:22:10,0.336327,0.324212,0.0,29373.627843,0.0,0
2026-09-09,16:22:11,0.336327,0.324212,0.0,29373.627843,0.0,0
2026-09-09,16:22:12,0.344081,0.32531,0.0,29373.627843,0.0,0
2026-09-09,16:22:12,0.344081,0.327895,0.0,29373.627843,0.0,0
2026-09-09,16:22:13,0.327423,0.326293,0.0,29373.627843,0.0,0
2026-09-09,16:22:14,0.327423,0.325517,0.0,29373.627843,0.0,0
2026-09-09,16:22:14,0.316286,0.325517,0.0,29373.627843,0.0,0
2026-09-09,16:22:15,0.31257,0.323788,0.0,29373.627843,0.0,0
2026-09-09,16:22:16,0.31257,0.324029,0.0,29373.627843,0.0,0
2026-09-09,16:22:16,0.337641,0.326777,0.0,29373.627843,0.0,0
2026-09-09,16:22:17,0.337641,0.328464,0.0,29373.627843,0.0,0
2026-09-09,16:22:18,0.343501,0.328464,0.0,29373.627843,0.0,0
2026-09-09,16:22:18,0.347734,0.332221,0.0,29373.627843,0.0,0
2026-09-09,16:22:19,0.326653,0.331254,0.0,29373.627843,0.0,0
2026-09-09,16:22:20,0.343586,0.331205,0.0,29373.627843,0.0,0
2026-09-09,16:22:20,0.343586,0.331205,0.0,29373.627843,0.0,0
2026-09-09,16:22:21,0.311761,0.327973,0.0,29373.627843,0.0,0
2026-09-09,16:22:22,0.353004,0.330531,0.0,29373.627843,0.0,0
2026-09-09,16:22:22,0.334493,0.332351,0.0,29373.627843,0.0,0
2026-09-09,16:22:23,0.334493,0.333927,0.0,29373.627843,0.0,0
2026-09-09,16:22:24,0.328323,0.333927,0.0,29373.627843,0.0,0
2026-09-09,16:22:24,0.32605,0.335275,0.0,29373.627843,0.0,0
2026-09-09,16:22:25,0.325725,0.334083,0.0,29373.627843,0.0,0
2026-09-09,16:22:26,0.348782,0.334611,0.0,29373.627843,0.0,0
2026-09-09,16:22:26,0.348782,0.33254,0.0,29373.627843,0.0,0
2026-09-09,16:22:27,0.327024,0.33254,0.0,29373.627843,0.0,0
2026-09-09,16:22:28,0.33222,0.333097,0.0,29373.627843,0.0,0
2026-09-09,16:22:28,0.335792,0.332318,0.0,29373.627843,0.0,0
2026-09-09,16:22:29,0.353004,0.336442,0.0,29373.627843,0.0,0
2026-09-09,16:22:30,0.353004,0.336442,0.0,29373.627843,0.0,0
2026-09-09,16:22:30,0.338715,0.335013,0.0,29373.627843,0.0,0
2026-09-09,16:22:31,0.353004,0.336864,0.0,29373.627843,0.0,0
2026-09-09,16:22:32,0.32761,0.336793,0.0,29373.627843,0.0,0
2026-09-09,16:22:32,0.32761,0.335806,0.0,29373.627843,0.0,0
2026-09-09,16:22:33,0.316188,0.335806,0.0,29373.627843,0.0,0
2026-09-09,16:22:34,0.329678,0.336202,0.0,29373.627843,0.0,0
2026-09-09,16:22:34,0.318491,0.333173,0.0,29373.627843,0.0,0
2026-09-09,16:22:35,0.308574,0.331328,0.0,29373.627843,0.0,0
2026-09-09,16:22:36,0.308574,0.328963,0.0,29373.627843,0.0,0
2026-09-09,16:22:36,0.308574,0.328963,0.0,29373.627843,0.0,0
2026-09-09,16:22:37,0.337182,0.329102,0.0,29373.627843,0.0,0
2026-09-09,16:22:38,0.324003,0.326202,0.0,29373.627843,0.0,0
2026-09-09,16:22:38,0.308574,0.323188,0.0,29373.627843,0.0,0
2026-09-09,16:22:39,0.308574,0.323188,0.0,29373.627843,0.0,0
2026-09-09,16:22:40,0.331718,0.321059,0.0,29373.627843,0.0,0
2026-09-09,16:22:40,0.308896,0.319188,0.0,29373.627843,0.0,0
2026-09-09,16:22:41,0.33236,0.320805,0.0,29373.627843,0.0,0
2026-09-09,16:22:42,0.33236,0.318695,0.0,29373.627843,0.0,0
2026-09-09,16:22:42,0.308574,0.318695,0.0,29373.627843,0.0,0
2026-09-09,16:22:43,0.322717,0.319117,0.0,29373.627843,0.0,0
2026-09-09,16:22:44,0.342325,0.322492,0.0,29373.627843,0.0,0
2026-09-09,16:22:44,0.324646,0.3241,0.0,29373.627843,0.0,0
2026-09-09,16:22:45,0.324646,0.321239,0.0,29373.627843,0.0,0
2026-09-09,16:22:46,0.308574,0.321239,0.0,29373.627843,0.0,0
2026-09-09,16:22:46,0.340718,0.32291,0.0,29373.627843,0.0,0
2026-09-09,16:22:47,0.33011,0.325064,0.0,29373.627843,0.0,0
2026-09-09,16:22:48,0.330007,0.324893,0.0,29373.627843,0.0,0
2026-09-09,16:22:48,0.330007,0.327754,0.0,29373.627843,0.0,0
2026-09-09,16:22:49,0.337503,0.327754,0.0,29373.627843,0.0,0
2026-09-09,16:22:50,0.310824,0.3256,0.0,29373.627843,0.0,0
2026-09-09,16:22:50,0.308574,0.3256,0.0,29373.627843,0.0,0
2026-09-09,16:22:51,0.349396,0.328268,0.0,29373.627843,0.0,0
2026-09-09,16:22:52,0.349396,0.328268,0.0,29373.627843,0.0,0
2026-09-09,16:22:52,0.326896,0.326725,0.0,29373.627843,0.0,0
2026-09-09,16:22:53,0.31886,0.326146,0.0,29373.627843,0.0,0
2026-09-09,16:22:54,0.308574,0.326146,0.0,29373.627843,0.0,0
2026-09-09,16:22:54,0.308574,0.322932,0.0,29373.627843,0.0,0
2026-09-09,16:22:55,0.308574,0.322932,0.0,29373.627843,0.0,0
2026-09-09,16:22:56,0.337825,0.323704,0.0,29373.627843,0.0,0
2026-09-09,16:22:56,0.331075,0.32381,0.0,29373.627843,0.0,0
2026-09-09,16:22:57,0.323682,0.322428,0.0,29373.627843,0.0,0
2026-09-09,16:22:58,0.323682,0.326308,0.0,29373.627843,0.0,0
2026-09-09,16:22:58,0.34962,0.326308,0.0,29373.627843,0.0,0
2026-09-09,16:22:59,0.317955,0.327246,0.0,29373.627843,0.0,0
2026-09-09,16:23:00,0.34864,0.32717,0.0,29373.627843,0.0,0
2026-09-09,16:23:00,0.354843,0.329965,0.0,29373.627843,0.0,0
2026-09-09,16:23:01,0.354843,0.329965,0.0,29373.627843,0.0,0
2026-09-09,16:23:02,0.321256,0.330204,0.0,29373.627843,0.0,0
2026-09-09,16:23:02,0.30779,0.330126,0.0,29373.627843,0.0,0
2026-09-09,16:23:03,0.348509,0.334119,0.0,29373.627843,0.0,0
2026-09-09,16:23:04,0.348509,0.334514,0.0,29373.627843,0.0,0
2026-09-09,16:23:04,0.341776,0.334514,0.0,29373.627843,0.0,0
2026-09-09,16:23:05,0.341776,0.335584,0.0,29373.627843,0.0,0
2026-09-09,16:23:06,0.327027,0.335919,0.0,29373.627843,0.0,0
2026-09-09,16:23:06,0.311638,0.332121,0.0,29373.627843,0.0,0
2026-09-09,16:23:07,0.311638,0.334246,0.0,29373.627843,0.0,0
2026-09-09,16:23:08,0.339211,0.334246,0.0,29373.627843,0.0,0
2026-09-09,16:23:08,0.30779,0.330161,0.0,29373.627843,0.0,0
2026-09-09,16:23:09,0.322714,0.326949,0.0,29373.627843,0.0,0
2026-09-09,16:23:10,0.312432,0.326066,0.0,29373.627843,0.0,0
2026-09-09,16:23:10,0.312432,0.326066,0.0,29373.627843,0.0,0
2026-09-09,16:23:11,0.309539,0.326241,0.0,29373.627843,0.0,0
2026-09-09,16:23:12,0.308574,0.322248,0.0,29373.627843,0.0,0
2026-09-09,16:23:12,0.308574,0.318927,0.0,29373.627843,0.0,0
2026-09-09,16:23:13,0.308574,0.315607,0.0,29373.627843,0.0,0
2026-09-09,16:23:14,0.308574,0.315607,0.0,29373.627843,0.0,0
2026-09-09,16:23:14,0.336539,0.316559,0.0,29373.627843,0.0,0
2026-09-09,16:23:15,0.309217,0.316317,0.0,29373.627843,0.0,0
2026-09-09,16:23:16,0.315513,0.313947,0.0,29373.627843,0.0,0
2026-09-09,16:23:16,0.315513,0.316392,0.0,29373.627843,0.0,0
2026-09-09,16:23:17,0.332244,0.316392,0.0,29373.627843,0.0,0
2026-09-09,16:23:18,0.311297,0.31525,0.0,29373.627843,0.0,0
2026-09-09,16:23:18,0.35029,0.319036,0.0,29373.627843,0.0,0
2026-09-09,16:23:19,0.342233,0.322306,0.0,29373.627843,0.0,0
2026-09-09,16:23:20,0.342233,0.322306,0.0,29373.627843,0.0,0
2026-09-09,16:23:20,0.341589,0.325607,0.0,29373.627843,0.0,0
2026-09-09,16:23:21,0.3461,0.32936,0.0,29373.627843,0.0,0
2026-09-09,16:23:22,0.341911,0.332693,0.0,29373.627843,0.0,0
2026-09-09,16:23:22,0.341911,0.331442,0.0,29373.627843,0.0,0
2026-09-09,16:23:23,0.324023,0.331442,0.0,29373.627843,0.0,0
2026-09-09,16:23:24,0.334834,0.334003,0.0,29373.627843,0.0,0
2026-09-09,16:23:24,0.307011,0.333153,0.0,29373.627843,0.0,0
2026-09-09,16:23:25,0.342829,0.334212,0.0,29373.627843,0.0,0
2026-09-09,16:23:26,0.342829,0.336693,0.0,29373.627843,0.0,0
2026-09-09,16:23:26,0.336113,0.336693,0.0,29373.627843,0.0,0
2026-09-09,16:23:27,0.316168,0.333281,0.0,29373.627843,0.0,0
2026-09-09,16:23:28,0.332076,0.332265,0.0,29373.627843,0.0,0
2026-09-09,16:23:28,0.34497,0.332604,0.0,29373.627843,0.0,0
2026-09-09,16:23:29,0.34497,0.332604,0.0,29373.627843,0.0,0
2026-09-09,16:23:30,0.338146,0.331808,0.0,29373.627843,0.0,0
2026-09-09,16:23:30,0.320146,0.329632,0.0,29373.627843,0.0,0
2026-09-09,16:23:31,0.308574,0.328087,0.0,29373.627843,0.0,0
2026-09-09,16:23:32,0.308574,0.328289,0.0,29373.627843,0.0,0
2026-09-09,16:23:32,0.33686,0.328289,0.0,29373.627843,0.0,0
2026-09-09,16:23:33,0.308574,0.328446,0.0,29373.627843,0.0,0
2026-09-09,16:23:34,0.349293,0.329092,0.0,29373.627843,0.0,0
2026-09-09,16:23:34,0.335583,0.329039,0.0,29373.627843,0.0,0
2026-09-09,16:23:35,0.335583,0.328795,0.0,29373.627843,0.0,0
2026-09-09,16:23:36,0.313727,0.328795,0.0,29373.627843,0.0,0
2026-09-09,16:23:36,0.339311,0.329519,0.0,29373.627843,0.0,0
2026-09-09,16:23:37,0.32605,0.327627,0.0,29373.627843,0.0,0
2026-09-09,16:23:38,0.305467,0.324359,0.0,29373.627843,0.0,0
2026-09-09,16:23:38,0.305467,0.324359,0.0,29373.627843,0.0,0
2026-09-09,16:23:39,0.336014,0.325945,0.0,29373.627843,0.0,0
2026-09-09,16:23:40,0.325832,0.327671,0.0,29373.627843,0.0,0
2026-09-09,16:23:40,0.32605,0.32659,0.0,29373.627843,0.0,0
2026-09-09,16:23:41,0.32605,0.330384,0.0,29373.627843,0.0,0
2026-09-09,16:23:42,0.346509,0.330384,0.0,29373.627843,0.0,0
2026-09-09,16:23:42,0.311761,0.32663,0.0,29373.627843,0.0,0
2026-09-09,16:23:43,0.311761,0.324248,0.0,29373.627843,0.0,0
2026-09-09,16:23:44,0.342612,0.327137,0.0,29373.627843,0.0,0
2026-09-09,16:23:44,0.342612,0.326265,0.0,29373.627843,0.0,0
2026-09-09,16:23:45,0.330596,0.326265,0.0,29373.627843,0.0,0
2026-09-09,16:23:46,0.316632,0.325323,0.0,29373.627843,0.0,0
2026-09-09,16:23:46,0.33718,0.328495,0.0,29373.627843,0.0,0
2026-09-09,16:23:47,0.318997,0.326793,0.0,29373.627843,0.0,0
2026-09-09,16:23:48,0.318997,0.326793,0.0,29373.627843,0.0,0
2026-09-09,16:23:48,0.306237,0.324833,0.0,29373.627843,0.0,0
2026-09-09,16:23:49,0.334493,0.325678,0.0,29373.627843,0.0,0
2026-09-09,16:23:50,0.344561,0.325483,0.0,29373.627843,0.0,0
2026-09-09,16:23:50,0.344561,0.329242,0.0,29373.627843,0.0,0
2026-09-09,16:23:51,0.349354,0.329242,0.0,29373.627843,0.0,0
2026-09-09,16:23:52,0.329096,0.330976,0.0,29373.627843,0.0,0
2026-09-09,16:23:52,0.318407,0.328555,0.0,29373.627843,0.0,0
2026-09-09,16:23:53,0.310957,0.326591,0.0,29373.627843,0.0,0
2026-09-09,16:23:54,0.310957,0.328291,0.0,29373.627843,0.0,0
2026-09-09,16:23:54,0.333631,0.328291,0.0,29373.627843,0.0,0
2026-09-09,16:23:55,0.342052,0.328778,0.0,29373.627843,0.0,0
2026-09-09,16:23:56,0.343024,0.331181,0.0,29373.627843,0.0,0
2026-09-09,16:23:56,0.328124,0.33337,0.0,29373.627843,0.0,0
2026-09-09,16:23:57,0.328124,0.33337,0.0,29373.627843,0.0,0
2026-09-09,16:23:58,0.316139,0.331534,0.0,29373.627843,0.0,0
2026-09-09,16:23:58,0.310957,0.328174,0.0,29373.627843,0.0,0
2026-09-09,16:23:59,0.339137,0.327152,0.0,29373.627843,0.0,0
2026-09-09,16:24:00,0.339137,0.327735,0.0,29373.627843,0.0,0
2026-09-09,16:24:00,0.334926,0.327735,0.0,29373.627843,0.0,0
2026-09-09,16:24:01,0.332011,0.329096,0.0,29373.627843,0.0,0
2026-09-09,16:24:02,0.328448,0.330845,0.0,29373.627843,0.0,0
2026-09-09,16:24:02,0.323589,0.329841,0.0,29373.627843,0.0,0
2026-09-09,16:24:03,0.323589,0.326893,0.0,29373.627843,0.0,0
2026-09-09,16:24:04,0.312576,0.326893,0.0,29373.627843,0.0,0
2026-09-09,16:24:04,0.344967,0.327087,0.0,29373.627843,0.0,0
2026-09-09,16:24:05,0.310957,0.325371,0.0,29373.627843,0.0,0
2026-09-09,16:24:06,0.310957,0.324852,0.0,29373.627843,0.0,0
2026-09-09,16:24:06,0.310957,0.324852,0.0,29373.627843,0.0,0
2026-09-09,16:24:07,0.339549,0.327712,0.0,29373.627843,0.0,0
2026-09-09,16:24:08,0.308574,0.324655,0.0,29373.627843,0.0,0
2026-09-09,16:24:08,0.338789,0.325042,0.0,29373.627843,0.0,0
2026-09-09,16:24:09,0.338789,0.324241,0.0,29373.627843,0.0,0
2026-09-09,16:24:10,0.324003,0.324241,0.0,29373.627843,0.0,0
2026-09-09,16:24:10,0.308574,0.322254,0.0,29373.627843,0.0,0
2026-09-09,16:24:11,0.340075,0.323902,0.0,29373.627843,0.0,0
2026-09-09,16:24:12,0.335397,0.326184,0.0,29373.627843,0.0,0
