# 펌프 2개, 설치 높이 2300mm, 파이프 200A, 파이프내 수위 82mm
# Level 설정 : Range 5.000m, Low Level 1.350m, Distance Migration 0.00m, Empty Height 1.309m
# Flow 설정 : U-Shape, Canal Width 0.200m, Height 0.200m, Installation Height 2.000m
# Flow Direction:Downstream
# 순서: date, time, Real-time velocity, Avg. velocity, Instant. flow rate, Cumulative flow, Water level, 펌프
2026-09-09,17:45:12,0.159193,0.134479,0.00052,29374.339113,0.042,2
2026-09-09,17:45:13,0.106988,0.134479,0.00052,29374.339633,0.042,2
2026-09-09,17:45:13,0.103121,0.134479,0.00052,29374.340153,0.042,2
2026-09-09,17:45:14,0.103121,0.134479,0.00052,29374.340153,0.042,2
2026-09-09,17:45:15,0.123745,0.134479,0.00052,29374.340673,0.042,2
2026-09-09,17:45:15,0.164672,0.138508,0.00054,29374.341213,0.042,2
2026-09-09,17:45:16,0.103121,0.138508,0.00054,29374.341213,0.042,2
2026-09-09,17:45:17,0.103121,0.138508,0.00054,29374.341753,0.042,2
2026-09-09,17:45:17,0.195608,0.138508,0.00054,29374.342293,0.041,2
2026-09-09,17:45:18,0.082497,0.138508,0.00052,29374.342293,0.041,2
2026-09-09,17:45:19,0.123745,0.140649,0.00052,29374.342813,0.04,2
2026-09-09,17:45:19,0.123423,0.140711,0.0005,29374.343313,0.04,2
2026-09-09,17:45:20,0.123423,0.140711,0.0005,29374.343313,0.04,2
2026-09-09,17:45:21,0.15017,0.1414,0.00051,29374.343823,0.039,2
2026-09-09,17:45:21,0.160805,0.1452,0.0005,29374.344323,0.039,2
2026-09-09,17:45:22,0.142436,0.145117,0.0005,29374.344323,0.039,2
2026-09-09,17:45:23,0.142436,0.145117,0.0005,29374.344823,0.04,2
2026-09-09,17:45:23,0.234278,0.145117,0.00052,29374.345343,0.04,2
2026-09-09,17:45:24,0.168015,0.145117,0.00052,29374.345343,0.04,2
2026-09-09,17:45:25,0.222489,0.145117,0.00052,29374.345863,0.04,2
2026-09-09,17:45:25,0.102858,0.140404,0.00052,29374.346383,0.041,2
2026-09-09,17:45:26,0.102858,0.139951,0.00052,29374.346383,0.041,2
2026-09-09,17:45:27,0.117644,0.139951,0.00052,29374.346903,0.041,2
2026-09-09,17:45:27,0.092572,0.133752,0.0005,29374.347403,0.041,2
2026-09-09,17:45:28,0.102858,0.128118,0.0005,29374.347403,0.04,2
2026-09-09,17:45:29,0.12343,0.123994,0.00046,29374.347863,0.04,2
2026-09-09,17:45:29,0.12343,0.123994,0.00044,29374.348303,0.04,2
2026-09-09,17:45:30,0.164573,0.123994,0.00044,29374.348303,0.04,2
2026-09-09,17:45:31,0.12343,0.123994,0.00044,29374.348743,0.04,2
2026-09-09,17:45:31,0.12343,0.123994,0.00044,29374.349183,0.04,2
2026-09-09,17:45:32,0.12343,0.123994,0.00044,29374.349183,0.04,2
2026-09-09,17:45:33,0.185145,0.123994,0.00044,29374.349623,0.041,2
2026-09-09,17:45:33,0.082287,0.123994,0.00046,29374.350083,0.041,2
2026-09-09,17:45:34,0.082287,0.123994,0.00046,29374.350083,0.041,2
2026-09-09,17:45:35,0.152359,0.126856,0.00047,29374.350543,0.041,2
2026-09-09,17:45:35,0.152359,0.125731,0.00047,29374.351013,0.041,2
2026-09-09,17:45:36,0.11218,0.125731,0.00047,29374.351013,0.041,2
2026-09-09,17:45:37,0.16843,0.125731,0.00047,29374.351483,0.041,2
2026-09-09,17:45:37,0.225967,0.125731,0.00047,29374.351953,0.04,2
2026-09-09,17:45:38,0.123108,0.123025,0.00045,29374.351953,0.04,2
2026-09-09,17:45:39,0.123108,0.123025,0.00044,29374.352403,0.039,2
2026-09-09,17:45:39,0.119251,0.11887,0.00044,29374.352843,0.039,2
2026-09-09,17:45:40,0.134358,0.118062,0.0004,29374.352843,0.038,2
2026-09-09,17:45:41,0.115073,0.119283,0.00039,29374.353243,0.038,2
2026-09-09,17:45:41,0.115073,0.120153,0.00039,29374.353633,0.037,2
2026-09-09,17:45:42,0.126344,0.120153,0.00038,29374.353633,0.037,2
2026-09-09,17:45:43,0.082922,0.120153,0.00038,29374.354013,0.037,2
2026-09-09,17:45:43,0.18625,0.120153,0.00038,29374.354393,0.037,2
2026-09-09,17:45:44,0.082922,0.120153,0.00038,29374.354393,0.037,2
2026-09-09,17:45:45,0.082922,0.120153,0.00038,29374.354773,0.037,2
2026-09-09,17:45:45,0.082922,0.120153,0.00038,29374.355153,0.038,2
2026-09-09,17:45:46,0.103652,0.120153,0.00039,29374.355153,0.038,2
2026-09-09,17:45:47,0.150296,0.125926,0.00041,29374.355543,0.038,2
2026-09-09,17:45:47,0.103652,0.125926,0.00041,29374.355953,0.039,2
2026-09-09,17:45:48,0.103652,0.125926,0.00043,29374.355953,0.039,2
2026-09-09,17:45:49,0.153859,0.131026,0.00045,29374.356383,0.039,2
2026-09-09,17:45:49,0.124059,0.131089,0.00045,29374.356833,0.039,2
2026-09-09,17:45:50,0.18625,0.131089,0.00045,29374.356833,0.039,2
2026-09-09,17:45:51,0.18625,0.131089,0.00045,29374.357283,0.039,2
2026-09-09,17:45:51,0.139122,0.131089,0.00045,29374.357733,0.038,2
2026-09-09,17:45:52,0.123116,0.131089,0.00043,29374.357733,0.038,2
2026-09-09,17:45:53,0.143636,0.131089,0.00043,29374.358163,0.038,2
2026-09-09,17:45:53,0.143636,0.131089,0.00043,29374.358593,0.038,2
2026-09-09,17:45:54,0.143636,0.131089,0.00043,29374.358593,0.037,2
2026-09-09,17:45:55,0.123116,0.131089,0.00043,29374.359023,0.037,2
2026-09-09,17:45:55,0.125681,0.131089,0.00041,29374.359433,0.038,2
2026-09-09,17:45:56,0.108368,0.131089,0.00043,29374.359433,0.038,2
2026-09-09,17:45:57,0.108368,0.131089,0.00043,29374.359863,0.039,2
2026-09-09,17:45:57,0.102597,0.131089,0.00045,29374.360313,0.039,2
2026-09-09,17:45:58,0.143636,0.130216,0.00045,29374.360313,0.039,2
2026-09-09,17:45:59,0.122796,0.131278,0.00045,29374.360763,0.04,2
2026-09-09,17:45:59,0.205194,0.131278,0.00047,29374.361233,0.04,2
2026-09-09,17:46:00,0.205194,0.131278,0.00047,29374.361233,0.04,2
2026-09-09,17:46:01,0.179865,0.131278,0.00047,29374.361703,0.04,2
2026-09-09,17:46:01,0.102597,0.129227,0.00046,29374.361703,0.04,2
2026-09-09,17:46:02,0.143636,0.129227,0.00046,29374.362163,0.04,2
2026-09-09,17:46:03,0.143636,0.129227,0.00046,29374.362623,0.04,2
2026-09-09,17:46:03,0.102597,0.129227,0.00046,29374.362623,0.041,2
2026-09-09,17:46:04,0.082077,0.129227,0.00048,29374.363083,0.041,2
2026-09-09,17:46:05,0.196537,0.129227,0.00048,29374.363563,0.041,2
2026-09-09,17:46:05,0.102597,0.127561,0.00047,29374.363563,0.042,2
2026-09-09,17:46:06,0.102597,0.124385,0.00047,29374.364033,0.042,2
2026-09-09,17:46:07,0.102597,0.124385,0.00048,29374.364513,0.043,2
2026-09-09,17:46:07,0.084676,0.121345,0.00049,29374.364513,0.043,2
2026-09-09,17:46:08,0.123423,0.121345,0.00049,29374.365003,0.044,2
2026-09-09,17:46:09,0.110211,0.121345,0.00051,29374.365513,0.044,2
2026-09-09,17:46:09,0.110211,0.121345,0.00051,29374.365513,0.044,2
2026-09-09,17:46:10,0.107633,0.121345,0.00051,29374.366023,0.044,2
2026-09-09,17:46:11,0.125682,0.121345,0.00051,29374.366533,0.044,2
2026-09-09,17:46:11,0.104735,0.121345,0.00049,29374.366533,0.043,2
2026-09-09,17:46:12,0.104735,0.123374,0.00049,29374.367023,0.043,2
2026-09-09,17:46:13,0.146629,0.123374,0.0005,29374.367523,0.042,2
2026-09-09,17:46:13,0.122804,0.120625,0.00047,29374.367523,0.042,2
2026-09-09,17:46:14,0.102337,0.115473,0.00047,29374.367993,0.042,2
2026-09-09,17:46:15,0.163739,0.115473,0.00045,29374.368443,0.042,2
2026-09-09,17:46:15,0.163739,0.115473,0.00045,29374.368443,0.042,2
2026-09-09,17:46:16,0.122485,0.115473,0.00045,29374.368893,0.041,2
2026-09-09,17:46:17,0.102337,0.115473,0.00043,29374.369323,0.041,2
2026-09-09,17:46:17,0.145488,0.117616,0.00044,29374.369323,0.041,2
2026-09-09,17:46:18,0.145488,0.117616,0.00044,29374.369763,0.041,2
2026-09-09,17:46:19,0.088982,0.117616,0.00044,29374.370203,0.041,2
2026-09-09,17:46:19,0.10392,0.117616,0.00044,29374.370203,0.041,2
2026-09-09,17:46:20,0.114928,0.117616,0.00044,29374.370643,0.041,2
2026-09-09,17:46:21,0.082497,0.117616,0.00044,29374.371083,0.041,2
2026-09-09,17:46:21,0.082497,0.117616,0.00044,29374.371083,0.041,2
2026-09-09,17:46:22,0.206242,0.117616,0.00044,29374.371523,0.041,2
2026-09-09,17:46:23,0.10501,0.113753,0.00042,29374.371943,0.041,2
2026-09-09,17:46:23,0.183767,0.113753,0.00042,29374.371943,0.041,2
2026-09-09,17:46:24,0.226288,0.113753,0.00042,29374.372363,0.041,2
2026-09-09,17:46:25,0.226288,0.113753,0.00042,29374.372783,0.041,2
2026-09-09,17:46:25,0.12343,0.113816,0.00042,29374.372783,0.041,2
2026-09-09,17:46:26,0.205716,0.113816,0.00042,29374.373203,0.041,2
2026-09-09,17:46:26,0.114198,0.114977,0.00043,29374.373633,0.041,2
2026-09-09,17:46:27,0.114198,0.115218,0.00043,29374.373633,0.041,2
2026-09-09,17:46:28,0.10501,0.115218,0.00043,29374.374063,0.041,2
2026-09-09,17:46:28,0.151608,0.115218,0.00043,29374.374493,0.041,2
2026-09-09,17:46:29,0.149086,0.115218,0.00043,29374.374493,0.041,2
2026-09-09,17:46:30,0.143636,0.115218,0.00043,29374.374923,0.04,2
2026-09-09,17:46:30,0.143636,0.115218,0.00041,29374.375333,0.04,2
2026-09-09,17:46:31,0.143636,0.115218,0.00041,29374.375333,0.04,2
2026-09-09,17:46:32,0.166704,0.115218,0.00041,29374.375743,0.04,2
2026-09-09,17:46:32,0.145866,0.115218,0.00041,29374.376153,0.04,2
2026-09-09,17:46:33,0.145866,0.113125,0.00041,29374.376153,0.04,2
2026-09-09,17:46:34,0.081663,0.113125,0.0004,29374.376553,0.04,2
2026-09-09,17:46:34,0.125047,0.113125,0.0004,29374.376953,0.04,2
2026-09-09,17:46:35,0.142911,0.113125,0.0004,29374.376953,0.04,2
2026-09-09,17:46:36,0.083136,0.11297,0.0004,29374.377353,0.04,2
2026-09-09,17:46:36,0.083136,0.11297,0.0004,29374.377753,0.04,2
2026-09-09,17:46:37,0.165948,0.11297,0.0004,29374.377753,0.04,2
2026-09-09,17:46:38,0.083136,0.106621,0.00038,29374.378153,0.04,2
2026-09-09,17:46:38,0.116586,0.106621,0.00038,29374.378533,0.04,2
2026-09-09,17:46:39,0.116586,0.106621,0.00038,29374.378533,0.04,2
2026-09-09,17:46:40,0.10392,0.106621,0.00038,29374.378913,0.04,2
2026-09-09,17:46:40,0.086384,0.106621,0.00038,29374.379293,0.04,2
2026-09-09,17:46:41,0.183423,0.106621,0.00038,29374.379293,0.04,2
2026-09-09,17:46:42,0.166378,0.106621,0.00038,29374.379673,0.04,2
2026-09-09,17:46:42,0.166378,0.106621,0.00038,29374.380053,0.04,2
2026-09-09,17:46:43,0.187542,0.106621,0.00038,29374.380053,0.04,2
2026-09-09,17:46:44,0.124702,0.106811,0.00038,29374.380433,0.04,2
2026-09-09,17:46:44,0.184207,0.106811,0.00038,29374.380813,0.04,2
2026-09-09,17:46:45,0.10419,0.106996,0.00038,29374.380813,0.04,2
2026-09-09,17:46:46,0.10419,0.106996,0.00038,29374.381193,0.04,2
2026-09-09,17:46:46,0.145866,0.106996,0.00038,29374.381573,0.04,2
2026-09-09,17:46:47,0.164155,0.106996,0.00037,29374.381573,0.039,2
2026-09-09,17:46:48,0.12536,0.106996,0.00037,29374.381943,0.039,2
2026-09-09,17:46:48,0.12536,0.100783,0.00037,29374.382313,0.038,2
2026-09-09,17:46:49,0.083352,0.100783,0.00033,29374.382313,0.038,2
2026-09-09,17:46:50,0.143315,0.100783,0.00033,29374.382643,0.038,2
2026-09-09,17:46:50,0.123116,0.100783,0.00033,29374.382973,0.038,2
2026-09-09,17:46:51,0.161911,0.100783,0.00033,29374.382973,0.038,2
2026-09-09,17:46:52,0.161911,0.100783,0.00033,29374.383303,0.038,2
2026-09-09,17:46:52,0.231021,0.100783,0.00033,29374.383633,0.039,2
2026-09-09,17:46:53,0.103386,0.10062,0.00034,29374.383633,0.039,2
2026-09-09,17:46:54,0.103386,0.098616,0.00034,29374.383973,0.04,2
2026-09-09,17:46:54,0.103386,0.095467,0.00035,29374.383973,0.041,2
2026-09-09,17:46:55,0.082709,0.095467,0.00035,29374.384323,0.041,2
2026-09-09,17:46:56,0.14474,0.095467,0.00035,29374.384673,0.041,2
2026-09-09,17:46:56,0.129878,0.095467,0.00035,29374.384673,0.04,2
2026-09-09,17:46:57,0.103386,0.095467,0.00034,29374.385023,0.04,2
2026-09-09,17:46:58,0.103386,0.095467,0.00034,29374.385363,0.04,2
2026-09-09,17:46:58,0.221431,0.095467,0.00034,29374.385363,0.04,2
2026-09-09,17:46:59,0.084229,0.093389,0.00033,29374.385703,0.04,2
2026-09-09,17:47:00,0.105944,0.095817,0.00033,29374.386033,0.04,2
2026-09-09,17:47:00,0.084229,0.095926,0.00034,29374.386033,0.04,2
2026-09-09,17:47:01,0.084229,0.095926,0.00034,29374.386373,0.04,2
2026-09-09,17:47:02,0.089493,0.096562,0.00034,29374.386713,0.04,2
2026-09-09,17:47:02,0.164155,0.096562,0.00036,29374.386713,0.041,2
2026-09-09,17:47:03,0.122796,0.096562,0.00036,29374.387073,0.041,2
2026-09-09,17:47:04,0.122796,0.096562,0.00036,29374.387433,0.04,2
2026-09-09,17:47:04,0.184674,0.096562,0.00034,29374.387433,0.04,2
2026-09-09,17:47:05,0.102597,0.094352,0.00034,29374.387773,0.04,2
2026-09-09,17:47:06,0.102597,0.094192,0.00034,29374.388113,0.04,2
2026-09-09,17:47:06,0.168332,0.094192,0.00034,29374.388113,0.04,2
2026-09-09,17:47:07,0.168332,0.094192,0.00034,29374.388453,0.04,2
2026-09-09,17:47:08,0.208054,0.094192,0.00034,29374.388793,0.04,2
2026-09-09,17:47:08,0.083352,0.094192,0.00034,29374.388793,0.04,2
2026-09-09,17:47:09,0.105167,0.09437,0.00034,29374.389133,0.04,2
2026-09-09,17:47:10,0.105167,0.092367,0.00034,29374.389473,0.04,2
2026-09-09,17:47:10,0.083352,0.092367,0.00033,29374.389473,0.041,2
2026-09-09,17:47:11,0.14554,0.092367,0.00033,29374.389803,0.041,2
2026-09-09,17:47:12,0.125028,0.092367,0.00034,29374.390143,0.041,2
2026-09-09,17:47:12,0.14554,0.092367,0.00034,29374.390143,0.041,2
2026-09-09,17:47:13,0.14554,0.092367,0.00034,29374.390483,0.041,2
2026-09-09,17:47:14,0.125681,0.092367,0.00034,29374.390823,0.042,2
2026-09-09,17:47:14,0.143636,0.092367,0.00036,29374.390823,0.042,2
2026-09-09,17:47:15,0.102597,0.092367,0.00036,29374.391183,0.042,2
2026-09-09,17:47:16,0.124702,0.092367,0.00036,29374.391543,0.041,2
2026-09-09,17:47:16,0.124702,0.092367,0.00034,29374.391543,0.041,2
2026-09-09,17:47:17,0.10419,0.092367,0.00034,29374.391883,0.041,2
2026-09-09,17:47:18,0.125028,0.092367,0.00034,29374.392223,0.041,2
2026-09-09,17:47:18,0.196333,0.092367,0.00034,29374.392223,0.041,2
2026-09-09,17:47:19,0.196333,0.094515,0.00034,29374.392563,0.04,2
2026-09-09,17:47:20,0.10419,0.094515,0.00034,29374.392903,0.04,2
2026-09-09,17:47:20,0.166378,0.094515,0.00034,29374.392903,0.04,2
2026-09-09,17:47:21,0.157587,0.094515,0.00034,29374.393243,0.04,2
2026-09-09,17:47:22,0.187542,0.094515,0.00034,29374.393583,0.041,2
2026-09-09,17:47:22,0.187542,0.094515,0.00034,29374.393583,0.041,2
2026-09-09,17:47:23,0.125028,0.094515,0.00035,29374.393933,0.041,2
2026-09-09,17:47:24,0.143261,0.094515,0.00035,29374.394283,0.041,2
2026-09-09,17:47:24,0.125028,0.094515,0.00035,29374.394283,0.04,2
2026-09-09,17:47:25,0.125028,0.094515,0.00034,29374.394623,0.04,2
2026-09-09,17:47:26,0.125028,0.094515,0.00034,29374.394963,0.039,2
2026-09-09,17:47:26,0.125028,0.094515,0.00034,29374.394963,0.039,2
2026-09-09,17:47:27,0.102597,0.094515,0.00032,29374.395283,0.038,2
2026-09-09,17:47:28,0.143636,0.094515,0.00031,29374.395593,0.038,2
2026-09-09,17:47:28,0.143636,0.0943,0.00031,29374.395593,0.038,2
2026-09-09,17:47:29,0.082077,0.0943,0.00031,29374.395903,0.039,2
2026-09-09,17:47:30,0.082077,0.091913,0.00031,29374.396213,0.039,2
2026-09-09,17:47:30,0.082077,0.091698,0.00031,29374.396213,0.039,2
2026-09-09,17:47:31,0.164155,0.091698,0.00031,29374.396523,0.039,2
2026-09-09,17:47:32,0.164155,0.091698,0.00032,29374.396843,0.039,2
2026-09-09,17:47:32,0.102597,0.093008,0.00032,29374.396843,0.039,2
2026-09-09,17:47:33,0.164155,0.093008,0.00032,29374.397163,0.039,2
2026-09-09,17:47:34,0.082077,0.090956,0.00031,29374.397473,0.039,2
2026-09-09,17:47:34,0.092017,0.089898,0.00031,29374.397473,0.039,2
2026-09-09,17:47:35,0.092017,0.089898,0.00031,29374.397783,0.038,2
2026-09-09,17:47:36,0.09173,0.090736,0.0003,29374.398083,0.038,2
2026-09-09,17:47:36,0.125354,0.090736,0.0003,29374.398083,0.038,2
2026-09-09,17:47:37,0.125354,0.090736,0.0003,29374.398383,0.038,2
2026-09-09,17:47:38,0.125354,0.090736,0.0003,29374.398683,0.038,2
2026-09-09,17:47:38,0.125354,0.090736,0.0003,29374.398683,0.038,2
2026-09-09,17:47:39,0.204158,0.090736,0.0003,29374.398983,0.038,2
2026-09-09,17:47:40,0.102079,0.090427,0.0003,29374.399283,0.038,2
2026-09-09,17:47:40,0.081663,0.090259,0.0003,29374.399283,0.039,2
2026-09-09,17:47:41,0.081663,0.090259,0.00031,29374.399583,0.039,2
2026-09-09,17:47:42,0.153437,0.090259,0.00031,29374.399893,0.039,2
2026-09-09,17:47:42,0.157265,0.090259,0.00031,29374.399893,0.039,2
2026-09-09,17:47:43,0.122495,0.090259,0.00032,29374.400203,0.04,2
2026-09-09,17:47:44,0.122495,0.088153,0.00032,29374.400523,0.04,2
2026-09-09,17:47:44,0.083136,0.088153,0.00031,29374.400523,0.04,2
2026-09-09,17:47:45,0.200371,0.088153,0.00031,29374.400833,0.04,2
2026-09-09,17:47:46,0.163674,0.088153,0.00031,29374.401143,0.04,2
2026-09-09,17:47:46,0.162103,0.088153,0.00031,29374.401143,0.041,2
2026-09-09,17:47:47,0.162103,0.08856,0.00033,29374.401453,0.041,2
2026-09-09,17:47:48,0.086144,0.08856,0.00033,29374.401783,0.041,2
2026-09-09,17:47:48,0.082287,0.088581,0.00033,29374.401783,0.041,2
2026-09-09,17:47:49,0.144001,0.088581,0.00034,29374.402113,0.042,2
2026-09-09,17:47:50,0.123108,0.088581,0.00034,29374.402453,0.042,2
2026-09-09,17:47:50,0.123108,0.088581,0.00034,29374.402453,0.042,2
2026-09-09,17:47:51,0.164573,0.088581,0.00034,29374.402793,0.042,2
2026-09-09,17:47:51,0.153966,0.088581,0.00034,29374.403133,0.042,2
2026-09-09,17:47:52,0.144001,0.088581,0.00034,29374.403133,0.042,2
2026-09-09,17:47:53,0.144001,0.088581,0.00034,29374.403473,0.042,2
2026-09-09,17:47:53,0.123108,0.088581,0.00034,29374.403813,0.042,2
2026-09-09,17:47:54,0.12343,0.088581,0.00034,29374.403813,0.042,2
2026-09-09,17:47:55,0.146301,0.088581,0.00034,29374.404153,0.043,2
2026-09-09,17:47:55,0.122485,0.088581,0.00035,29374.404503,0.043,2
2026-09-09,17:47:56,0.122485,0.088581,0.00035,29374.404503,0.044,2
2026-09-09,17:47:57,0.124704,0.088581,0.00035,29374.404853,0.044,2
2026-09-09,17:47:57,0.160427,0.088581,0.00037,29374.405223,0.044,2
2026-09-09,17:47:58,0.083136,0.088687,0.00037,29374.405223,0.044,2
2026-09-09,17:47:59,0.083136,0.088687,0.00037,29374.405593,0.044,2
2026-09-09,17:47:59,0.145164,0.088687,0.00037,29374.405963,0.043,2
2026-09-09,17:48:00,0.085129,0.08694,0.00035,29374.405963,0.043,2
2026-09-09,17:48:01,0.103121,0.089044,0.00035,29374.406313,0.042,2
2026-09-09,17:48:01,0.121812,0.092024,0.00034,29374.406653,0.042,2
2026-09-09,17:48:02,0.121812,0.094323,0.00036,29374.406653,0.041,2
2026-09-09,17:48:03,0.114722,0.094323,0.00036,29374.407013,0.041,2
2026-09-09,17:48:03,0.123745,0.09649,0.00036,29374.407373,0.041,2
2026-09-09,17:48:04,0.147401,0.103063,0.00037,29374.407373,0.04,2
2026-09-09,17:48:05,0.101314,0.103063,0.00037,29374.407743,0.04,2
2026-09-09,17:48:05,0.101314,0.103063,0.00037,29374.408113,0.04,2
2026-09-09,17:48:06,0.141523,0.103063,0.00037,29374.408113,0.04,2
2026-09-09,17:48:07,0.163674,0.103063,0.00037,29374.408483,0.04,2
2026-09-09,17:48:07,0.083136,0.103063,0.00037,29374.408853,0.04,2
2026-09-09,17:48:08,0.083136,0.103063,0.00037,29374.408853,0.04,2
2026-09-09,17:48:09,0.124704,0.103063,0.00037,29374.409223,0.04,2
2026-09-09,17:48:09,0.145488,0.103063,0.00037,29374.409593,0.04,2
2026-09-09,17:48:10,0.083136,0.102763,0.00037,29374.409593,0.04,2
2026-09-09,17:48:11,0.166272,0.102763,0.00037,29374.409963,0.04,2
2026-09-09,17:48:11,0.166272,0.102763,0.00037,29374.410333,0.04,2
2026-09-09,17:48:12,0.203327,0.102763,0.00037,29374.410333,0.04,2
2026-09-09,17:48:13,0.150944,0.102763,0.00037,29374.410703,0.04,2
2026-09-09,17:48:13,0.082922,0.102826,0.00037,29374.411073,0.04,2
2026-09-09,17:48:14,0.114114,0.102826,0.00037,29374.411073,0.041,2
2026-09-09,17:48:15,0.114114,0.102826,0.00038,29374.411453,0.041,2
2026-09-09,17:48:15,0.123108,0.102826,0.00038,29374.411833,0.041,2
2026-09-09,17:48:16,0.12343,0.102826,0.00038,29374.411833,0.04,2
2026-09-09,17:48:17,0.126001,0.102826,0.00037,29374.412203,0.04,2
2026-09-09,17:48:17,0.126001,0.102826,0.00037,29374.412203,0.04,2
2026-09-09,17:48:18,0.185145,0.102826,0.00037,29374.412573,0.04,2
2026-09-09,17:48:19,0.161786,0.102826,0.00037,29374.412943,0.04,2
2026-09-09,17:48:19,0.103121,0.104825,0.00037,29374.412943,0.04,2
2026-09-09,17:48:20,0.082497,0.104561,0.00037,29374.413313,0.039,2
2026-09-09,17:48:21,0.082497,0.104561,0.00036,29374.413673,0.04,2
2026-09-09,17:48:21,0.133091,0.104561,0.00037,29374.413673,0.04,2
2026-09-09,17:48:22,0.144047,0.104561,0.00037,29374.414043,0.04,2
2026-09-09,17:48:23,0.185618,0.104561,0.00037,29374.414413,0.04,2
2026-09-09,17:48:23,0.185618,0.102499,0.00037,29374.414413,0.04,2
2026-09-09,17:48:24,0.082497,0.102499,0.00037,29374.414783,0.041,2
2026-09-09,17:48:25,0.144047,0.102499,0.00038,29374.415163,0.041,2
2026-09-09,17:48:25,0.166605,0.102499,0.00038,29374.415163,0.041,2
2026-09-09,17:48:26,0.103121,0.10063,0.00038,29374.415543,0.041,2
2026-09-09,17:48:27,0.103121,0.09947,0.00037,29374.415913,0.041,2
2026-09-09,17:48:27,0.103121,0.09947,0.00037,29374.415913,0.041,2
2026-09-09,17:48:28,0.115045,0.0986,0.00037,29374.416283,0.041,2
2026-09-09,17:48:29,0.082497,0.092109,0.00033,29374.416613,0.04,2
2026-09-09,17:48:29,0.164994,0.092109,0.00033,29374.416613,0.04,2
2026-09-09,17:48:30,0.164994,0.092109,0.00033,29374.416943,0.04,2
2026-09-09,17:48:31,0.126323,0.092109,0.00033,29374.417273,0.04,2
2026-09-09,17:48:31,0.123423,0.092109,0.00033,29374.417273,0.04,2
2026-09-09,17:48:32,0.14437,0.092109,0.00033,29374.417603,0.04,2
2026-09-09,17:48:33,0.14437,0.092109,0.00033,29374.417933,0.042,2
2026-09-09,17:48:33,0.104735,0.092109,0.00033,29374.417933,0.042,2
2026-09-09,17:48:34,0.185145,0.092109,0.00036,29374.418293,0.042,2
2026-09-09,17:48:35,0.14368,0.092109,0.00036,29374.418653,0.042,2
2026-09-09,17:48:35,0.114751,0.092109,0.00036,29374.418653,0.042,2
2026-09-09,17:48:36,0.114751,0.092109,0.00036,29374.419013,0.042,2
2026-09-09,17:48:37,0.082287,0.092109,0.00036,29374.419373,0.042,2
2026-09-09,17:48:37,0.14368,0.092109,0.00036,29374.419373,0.042,2
2026-09-09,17:48:38,0.082287,0.092024,0.00035,29374.419733,0.042,2
2026-09-09,17:48:39,0.12343,0.092024,0.00035,29374.420083,0.042,2
2026-09-09,17:48:39,0.12343,0.092024,0.00035,29374.420083,0.042,2
2026-09-09,17:48:40,0.12343,0.092024,0.00035,29374.420433,0.042,2
2026-09-09,17:48:41,0.082287,0.091939,0.00035,29374.420783,0.042,2
2026-09-09,17:48:41,0.129858,0.091939,0.00035,29374.420783,0.041,2
2026-09-09,17:48:42,0.129858,0.091939,0.00034,29374.421133,0.041,2
2026-09-09,17:48:43,0.102858,0.091939,0.00034,29374.421473,0.041,2
2026-09-09,17:48:43,0.164252,0.091939,0.00034,29374.421473,0.041,2
2026-09-09,17:48:44,0.164252,0.091939,0.00034,29374.421813,0.041,2
2026-09-09,17:48:45,0.12343,0.091939,0.00034,29374.422153,0.04,2
2026-09-09,17:48:45,0.12343,0.091939,0.00033,29374.422153,0.04,2
2026-09-09,17:48:46,0.144001,0.091939,0.00033,29374.422483,0.041,2
2026-09-09,17:48:47,0.082287,0.091876,0.00033,29374.422813,0.041,2
2026-09-09,17:48:47,0.082287,0.089792,0.00034,29374.422813,0.042,2
2026-09-09,17:48:48,0.082287,0.089792,0.00035,29374.423153,0.042,2
2026-09-09,17:48:49,0.151003,0.089792,0.00035,29374.423503,0.044,2
2026-09-09,17:48:49,0.146246,0.089792,0.00035,29374.423503,0.044,2
2026-09-09,17:48:50,0.146246,0.089792,0.00037,29374.423853,0.044,2
2026-09-09,17:48:51,0.08187,0.08973,0.00037,29374.424223,0.044,2
2026-09-09,17:48:51,0.08187,0.092033,0.00037,29374.424223,0.043,2
2026-09-09,17:48:52,0.105535,0.092033,0.00037,29374.424593,0.043,2
2026-09-09,17:48:53,0.10501,0.092222,0.00037,29374.424963,0.043,2
2026-09-09,17:48:53,0.200831,0.092222,0.00037,29374.424963,0.043,2
2026-09-09,17:48:54,0.084008,0.090311,0.00035,29374.425333,0.042,2
2026-09-09,17:48:55,0.084008,0.090311,0.00035,29374.425683,0.042,2
2026-09-09,17:48:55,0.12374,0.090311,0.00035,29374.425683,0.041,2
2026-09-09,17:48:56,0.082709,0.087077,0.00032,29374.426033,0.041,2
2026-09-09,17:48:57,0.082709,0.087099,0.00032,29374.426353,0.04,2
2026-09-09,17:48:57,0.082709,0.087099,0.00031,29374.426353,0.04,2
2026-09-09,17:48:58,0.12374,0.087099,0.00031,29374.426663,0.039,2
2026-09-09,17:48:59,0.126015,0.087099,0.00031,29374.426973,0.039,2
2026-09-09,17:48:59,0.082709,0.087141,0.0003,29374.426973,0.039,2
2026-09-09,17:49:00,0.23488,0.087141,0.00029,29374.427273,0.038,2
2026-09-09,17:49:01,0.23488,0.087058,0.00029,29374.427563,0.038,2
2026-09-09,17:49:01,0.081458,0.087058,0.00028,29374.427563,0.038,2
2026-09-09,17:49:02,0.103652,0.089194,0.00029,29374.427843,0.038,2
2026-09-09,17:49:03,0.082922,0.089258,0.00029,29374.428133,0.038,2
2026-09-09,17:49:03,0.124059,0.089258,0.00029,29374.428133,0.038,2
2026-09-09,17:49:04,0.124059,0.089258,0.00029,29374.428423,0.038,2
2026-09-09,17:49:05,0.121881,0.089258,0.00029,29374.428713,0.038,2
2026-09-09,17:49:05,0.207304,0.089258,0.00029,29374.428713,0.038,2
2026-09-09,17:49:06,0.108835,0.091955,0.00029,29374.429003,0.039,2
2026-09-09,17:49:07,0.108835,0.090438,0.00031,29374.429313,0.039,2
2026-09-09,17:49:07,0.090372,0.090438,0.00031,29374.429313,0.04,2
2026-09-09,17:49:08,0.124059,0.090438,0.00031,29374.429623,0.04,2
2026-09-09,17:49:09,0.18625,0.090438,0.00032,29374.429943,0.04,2
2026-09-09,17:49:09,0.12665,0.090438,0.00034,29374.429943,0.041,2
2026-09-09,17:49:10,0.12665,0.090438,0.00034,29374.430283,0.041,2
2026-09-09,17:49:11,0.124383,0.090438,0.00034,29374.430623,0.041,2
2026-09-09,17:49:11,0.124383,0.090438,0.00034,29374.430623,0.041,2
2026-09-09,17:49:12,0.159041,0.090438,0.00034,29374.430963,0.042,2
2026-09-09,17:49:13,0.18625,0.090438,0.00035,29374.431313,0.042,2
2026-09-09,17:49:13,0.18625,0.090438,0.00035,29374.431313,0.042,2
2026-09-09,17:49:14,0.124383,0.090438,0.00035,29374.431663,0.042,2
2026-09-09,17:49:15,0.082922,0.088229,0.00034,29374.432003,0.042,2
2026-09-09,17:49:15,0.082922,0.088121,0.00033,29374.432003,0.041,2
2026-09-09,17:49:16,0.082922,0.088121,0.00033,29374.432333,0.041,2
2026-09-09,17:49:17,0.111102,0.088121,0.00033,29374.432663,0.04,2
2026-09-09,17:49:17,0.124383,0.088121,0.00031,29374.432663,0.04,2
2026-09-09,17:49:18,0.124383,0.088121,0.00031,29374.432973,0.039,2
2026-09-09,17:49:19,0.145113,0.088121,0.0003,29374.433273,0.039,2
2026-09-09,17:49:19,0.145113,0.088121,0.0003,29374.433273,0.039,2
2026-09-09,17:49:20,0.124059,0.088121,0.0003,29374.433573,0.039,2
2026-09-09,17:49:21,0.127361,0.088121,0.0003,29374.433873,0.039,2
2026-09-09,17:49:21,0.12374,0.088121,0.0003,29374.433873,0.039,2
2026-09-09,17:49:22,0.12374,0.088121,0.0003,29374.434173,0.038,2
2026-09-09,17:49:23,0.082709,0.088121,0.00029,29374.434463,0.037,2
2026-09-09,17:49:23,0.103386,0.090189,0.00029,29374.434463,0.037,2
2026-09-09,17:49:24,0.084324,0.09035,0.00028,29374.434743,0.036,2
2026-09-09,17:49:25,0.103386,0.092543,0.00028,29374.435023,0.036,2
2026-09-09,17:49:25,0.103386,0.092543,0.00028,29374.435023,0.035,2
2026-09-09,17:49:26,0.165094,0.092543,0.00026,29374.435283,0.035,2
2026-09-09,17:49:27,0.14474,0.092543,0.00026,29374.435543,0.035,2
2026-09-09,17:49:27,0.082709,0.090448,0.00026,29374.435543,0.035,2
2026-09-09,17:49:28,0.103386,0.092495,0.00026,29374.435803,0.036,2
2026-09-09,17:49:29,0.103386,0.092495,0.00027,29374.436073,0.037,2
2026-09-09,17:49:29,0.082709,0.089882,0.00027,29374.436073,0.038,2
2026-09-09,17:49:30,0.121564,0.089882,0.00029,29374.436363,0.038,2
2026-09-09,17:49:31,0.094585,0.089882,0.00031,29374.436673,0.039,2
2026-09-09,17:49:31,0.094585,0.089882,0.00031,29374.436673,0.04,2
2026-09-09,17:49:32,0.228892,0.089882,0.00032,29374.436993,0.041,2
2026-09-09,17:49:33,0.122796,0.089882,0.00033,29374.437323,0.041,2
2026-09-09,17:49:33,0.102597,0.089882,0.00033,29374.437323,0.041,2
2026-09-09,17:49:34,0.200384,0.089882,0.00033,29374.437653,0.041,2
2026-09-09,17:49:35,0.200384,0.091105,0.00033,29374.437993,0.041,2
2026-09-09,17:49:35,0.102597,0.091105,0.00034,29374.437993,0.041,2
2026-09-09,17:49:36,0.143636,0.091105,0.00034,29374.438333,0.041,2
2026-09-09,17:49:37,0.143636,0.091105,0.00034,29374.438673,0.041,2
2026-09-09,17:49:37,0.089772,0.09179,0.00034,29374.438673,0.041,2
2026-09-09,17:49:38,0.089772,0.09179,0.00034,29374.439013,0.041,2
2026-09-09,17:49:39,0.112215,0.094719,0.00034,29374.439353,0.041,2
2026-09-09,17:49:39,0.083569,0.094805,0.00035,29374.439353,0.041,2
2026-09-09,17:49:40,0.104461,0.094913,0.00035,29374.439703,0.041,2
2026-09-09,17:49:41,0.104461,0.094913,0.00035,29374.440053,0.041,2
2026-09-09,17:49:41,0.226288,0.094913,0.00035,29374.440053,0.041,2
2026-09-09,17:49:42,0.118287,0.098309,0.00036,29374.440403,0.041,2
2026-09-09,17:49:43,0.261324,0.098309,0.00036,29374.440763,0.04,2
2026-09-09,17:49:43,0.120215,0.099992,0.00035,29374.440763,0.039,2
2026-09-09,17:49:44,0.120215,0.099992,0.00034,29374.441113,0.039,2
2026-09-09,17:49:45,0.167466,0.099992,0.00034,29374.441453,0.038,2
2026-09-09,17:49:45,0.102858,0.102007,0.00033,29374.441453,0.038,2
2026-09-09,17:49:46,0.119251,0.103594,0.00034,29374.441783,0.038,2
2026-09-09,17:49:47,0.119251,0.107633,0.00034,29374.442123,0.039,2
2026-09-09,17:49:47,0.123108,0.107633,0.00037,29374.442123,0.039,2
2026-09-09,17:49:48,0.212145,0.107633,0.00037,29374.442493,0.039,2
2026-09-09,17:49:49,0.102858,0.10766,0.00037,29374.442493,0.039,2
2026-09-09,17:49:49,0.123108,0.110993,0.00038,29374.442863,0.039,2
2026-09-09,17:49:50,0.123108,0.110058,0.00038,29374.443243,0.039,2
2026-09-09,17:49:51,0.102858,0.110058,0.00038,29374.443243,0.039,2
2026-09-09,17:49:51,0.164573,0.110058,0.00038,29374.443623,0.039,2
2026-09-09,17:49:52,0.082287,0.109929,0.00038,29374.444003,0.039,2
2026-09-09,17:49:52,0.102858,0.109769,0.00038,29374.444003,0.039,2
2026-09-09,17:49:53,0.102858,0.109769,0.00038,29374.444383,0.039,2
2026-09-09,17:49:54,0.083569,0.106297,0.00038,29374.444763,0.039,2
2026-09-09,17:49:55,0.104461,0.104722,0.00036,29374.444763,0.04,2
2026-09-09,17:49:55,0.110011,0.105437,0.00038,29374.445123,0.041,2
2026-09-09,17:49:56,0.110011,0.105437,0.00038,29374.445503,0.041,2
2026-09-09,17:49:57,0.218063,0.105437,0.00039,29374.445503,0.041,2
2026-09-09,17:49:57,0.08187,0.101699,0.00038,29374.445893,0.041,2
2026-09-09,17:49:58,0.142952,0.101699,0.00038,29374.446273,0.041,2
2026-09-09,17:49:59,0.10392,0.101699,0.00038,29374.446273,0.041,2
2026-09-09,17:49:59,0.10392,0.101699,0.00038,29374.446653,0.041,2
2026-09-09,17:50:00,0.10392,0.101699,0.00038,29374.447033,0.042,2
2026-09-09,17:50:00,0.140617,0.101699,0.00039,29374.447033,0.042,2
2026-09-09,17:50:01,0.10392,0.101699,0.00041,29374.447423,0.043,2
2026-09-09,17:50:02,0.132823,0.101699,0.00041,29374.447833,0.044,2
2026-09-09,17:50:02,0.132823,0.101699,0.00042,29374.447833,0.044,2
2026-09-09,17:50:03,0.145164,0.101699,0.00042,29374.448253,0.044,2
2026-09-09,17:50:04,0.122505,0.101699,0.00042,29374.448673,0.044,2
2026-09-09,17:50:04,0.166272,0.101699,0.00042,29374.448673,0.044,2
2026-09-09,17:50:05,0.166272,0.101699,0.00041,29374.449093,0.043,2
2026-09-09,17:50:06,0.124704,0.101699,0.00041,29374.449503,0.042,2
2026-09-09,17:50:06,0.124704,0.101699,0.00039,29374.449503,0.042,2
2026-09-09,17:50:07,0.174716,0.101699,0.00038,29374.449893,0.041,2
2026-09-09,17:50:08,0.127952,0.101699,0.00038,29374.450273,0.04,2
2026-09-09,17:50:08,0.127952,0.101699,0.00036,29374.450273,0.039,2
2026-09-09,17:50:09,0.10392,0.101699,0.00036,29374.450633,0.039,2
2026-09-09,17:50:10,0.166272,0.101699,0.00035,29374.450983,0.039,2
2026-09-09,17:50:10,0.124704,0.101699,0.00035,29374.450983,0.039,2
2026-09-09,17:50:11,0.102297,0.101699,0.00035,29374.451333,0.039,2
2026-09-09,17:50:12,0.102297,0.101699,0.00035,29374.451683,0.04,2
2026-09-09,17:50:12,0.089956,0.101699,0.00036,29374.451683,0.04,2
2026-09-09,17:50:13,0.143865,0.101699,0.00036,29374.452043,0.04,2
2026-09-09,17:50:14,0.132823,0.101699,0.00036,29374.452403,0.041,2
2026-09-09,17:50:14,0.132823,0.101699,0.00038,29374.452403,0.041,2
2026-09-09,17:50:15,0.124704,0.101699,0.00038,29374.452783,0.041,2
2026-09-09,17:50:16,0.121782,0.101699,0.00038,29374.453163,0.041,2
2026-09-09,17:50:16,0.086053,0.101699,0.00038,29374.453163,0.041,2
2026-09-09,17:50:17,0.082709,0.101699,0.00038,29374.453543,0.041,2
2026-09-09,17:50:18,0.082709,0.101699,0.00038,29374.453923,0.042,2
2026-09-09,17:50:18,0.082709,0.101699,0.00039,29374.453923,0.042,2
2026-09-09,17:50:19,0.12374,0.101762,0.00039,29374.454313,0.042,2
2026-09-09,17:50:20,0.082709,0.101762,0.00039,29374.454703,0.042,2
2026-09-09,17:50:20,0.121869,0.103663,0.00042,29374.454703,0.043,2
2026-09-09,17:50:21,0.121869,0.103663,0.00042,29374.455123,0.043,2
2026-09-09,17:50:22,0.16552,0.103663,0.00042,29374.455543,0.043,2
2026-09-09,17:50:22,0.135396,0.103663,0.00042,29374.455543,0.043,2
2026-09-09,17:50:23,0.124059,0.103663,0.00042,29374.455963,0.043,2
2026-09-09,17:50:24,0.124059,0.099644,0.00042,29374.456383,0.043,2
2026-09-09,17:50:24,0.082922,0.099644,0.00042,29374.456383,0.042,2
2026-09-09,17:50:25,0.103652,0.099724,0.0004,29374.456783,0.042,2
2026-09-09,17:50:26,0.124059,0.103901,0.00039,29374.457173,0.041,2
2026-09-09,17:50:26,0.136691,0.107284,0.00039,29374.457173,0.041,2
2026-09-09,17:50:27,0.136691,0.113439,0.0004,29374.457573,0.041,2
2026-09-09,17:50:28,0.145113,0.113439,0.00042,29374.457993,0.04,2
2026-09-09,17:50:28,0.171639,0.120157,0.00042,29374.457993,0.04,2
2026-09-09,17:50:29,0.124704,0.121626,0.00043,29374.458423,0.04,2
2026-09-09,17:50:30,0.124704,0.125909,0.00045,29374.458873,0.041,2
2026-09-09,17:50:30,0.124704,0.125909,0.00045,29374.458873,0.04,2
2026-09-09,17:50:31,0.101647,0.1237,0.00044,29374.459313,0.04,2
2026-09-09,17:50:32,0.10392,0.121905,0.00044,29374.459753,0.04,2
2026-09-09,17:50:32,0.186732,0.121905,0.00044,29374.459753,0.04,2
2026-09-09,17:50:33,0.186732,0.121905,0.00044,29374.460193,0.04,2
2026-09-09,17:50:34,0.083136,0.121905,0.00044,29374.460633,0.04,2
2026-09-09,17:50:34,0.080253,0.121905,0.00044,29374.460633,0.04,2
2026-09-09,17:50:35,0.124702,0.126083,0.00045,29374.461083,0.04,2
2026-09-09,17:50:36,0.083352,0.126083,0.00045,29374.461533,0.04,2
2026-09-09,17:50:36,0.083352,0.126083,0.00045,29374.461533,0.04,2
2026-09-09,17:50:37,0.082077,0.126083,0.00045,29374.461983,0.04,2
2026-09-09,17:50:38,0.108688,0.126587,0.00045,29374.462433,0.04,2
2026-09-09,17:50:38,0.102597,0.124441,0.00045,29374.462433,0.04,2
2026-09-09,17:50:39,0.102597,0.124441,0.00044,29374.462873,0.039,2
2026-09-09,17:50:40,0.184354,0.124441,0.00044,29374.463313,0.039,2
2026-09-09,17:50:40,0.115421,0.122314,0.00042,29374.463313,0.039,2
2026-09-09,17:50:41,0.082077,0.11601,0.00038,29374.463733,0.038,2
2026-09-09,17:50:42,0.126012,0.11601,0.00038,29374.464113,0.038,2
2026-09-09,17:50:42,0.126012,0.11601,0.00038,29374.464113,0.037,2
2026-09-09,17:50:43,0.101822,0.11601,0.00036,29374.464493,0.037,2
2026-09-09,17:50:44,0.117885,0.11601,0.00036,29374.464853,0.038,2
2026-09-09,17:50:44,0.122804,0.11601,0.00038,29374.464853,0.038,2
2026-09-09,17:50:45,0.122804,0.11601,0.00038,29374.465233,0.04,2
2026-09-09,17:50:46,0.204354,0.11601,0.00038,29374.465613,0.041,2
2026-09-09,17:50:46,0.169496,0.11601,0.00043,29374.465613,0.041,2
2026-09-09,17:50:47,0.08187,0.107033,0.0004,29374.466043,0.041,2
2026-09-09,17:50:48,0.131119,0.107033,0.0004,29374.466443,0.041,2
2026-09-09,17:50:48,0.131119,0.107033,0.0004,29374.466443,0.041,2
2026-09-09,17:50:49,0.102337,0.107033,0.0004,29374.466843,0.041,2
2026-09-09,17:50:50,0.08187,0.107033,0.0004,29374.467243,0.041,2
2026-09-09,17:50:50,0.183887,0.107033,0.0004,29374.467243,0.041,2
2026-09-09,17:50:51,0.183887,0.107033,0.0004,29374.467643,0.041,2
2026-09-09,17:50:52,0.145866,0.107033,0.0004,29374.468043,0.04,2
2026-09-09,17:50:52,0.116237,0.107033,0.00038,29374.468043,0.04,2
2026-09-09,17:50:53,0.206101,0.107033,0.00038,29374.468423,0.04,2
2026-09-09,17:50:54,0.164155,0.107033,0.00038,29374.468803,0.04,2
2026-09-09,17:50:54,0.164155,0.107033,0.00038,29374.468803,0.039,2
2026-09-09,17:50:55,0.143636,0.107033,0.00038,29374.469183,0.039,2
2026-09-09,17:50:56,0.104841,0.107033,0.00037,29374.469553,0.039,2
2026-09-09,17:50:56,0.166704,0.107033,0.00037,29374.469553,0.039,2
2026-09-09,17:50:57,0.10419,0.104982,0.00037,29374.469923,0.039,2
2026-09-09,17:50:58,0.10419,0.104982,0.00036,29374.470283,0.039,2
2026-09-09,17:50:58,0.14554,0.104982,0.00036,29374.470283,0.039,2
2026-09-09,17:50:59,0.154006,0.104982,0.00036,29374.470643,0.038,2
2026-09-09,17:51:00,0.187542,0.104982,0.00034,29374.470983,0.038,2
2026-09-09,17:51:00,0.187542,0.100678,0.00033,29374.470983,0.038,2
2026-09-09,17:51:01,0.081663,0.100678,0.00033,29374.471313,0.039,2
2026-09-09,17:51:02,0.122176,0.100678,0.00033,29374.471643,0.039,2
2026-09-09,17:51:02,0.15807,0.100678,0.00034,29374.471643,0.039,2
2026-09-09,17:51:03,0.103652,0.100878,0.00034,29374.471983,0.04,2
2026-09-09,17:51:04,0.103652,0.100878,0.00036,29374.472343,0.041,2
2026-09-09,17:51:04,0.16552,0.100878,0.00037,29374.472343,0.042,2
2026-09-09,17:51:05,0.210544,0.100878,0.00037,29374.472713,0.042,2
2026-09-09,17:51:06,0.122844,0.102771,0.0004,29374.472713,0.043,2
2026-09-09,17:51:06,0.201731,0.102771,0.00041,29374.473113,0.043,2
2026-09-09,17:51:07,0.201731,0.102771,0.00041,29374.473523,0.043,2
2026-09-09,17:51:08,0.185618,0.102771,0.00041,29374.473523,0.043,2
2026-09-09,17:51:08,0.186585,0.102771,0.0004,29374.473933,0.042,2
2026-09-09,17:51:09,0.139214,0.102771,0.0004,29374.474333,0.042,2
2026-09-09,17:51:10,0.139214,0.102771,0.0004,29374.474333,0.041,2
2026-09-09,17:51:10,0.18126,0.102771,0.0004,29374.474733,0.04,2
2026-09-09,17:51:11,0.084676,0.098768,0.00037,29374.475103,0.04,2
2026-09-09,17:51:12,0.082497,0.096149,0.00034,29374.475103,0.04,2
2026-09-09,17:51:12,0.237823,0.096149,0.00034,29374.475443,0.04,2
2026-09-09,17:51:13,0.237823,0.096149,0.00034,29374.475783,0.039,2
2026-09-09,17:51:14,0.187229,0.096149,0.00033,29374.475783,0.039,2
2026-09-09,17:51:14,0.082497,0.094139,0.00033,29374.476113,0.039,2
2026-09-09,17:51:15,0.082497,0.090846,0.00032,29374.476433,0.039,2
2026-09-09,17:51:16,0.082497,0.092951,0.00032,29374.476433,0.039,2
2026-09-09,17:51:16,0.103121,0.092951,0.00032,29374.476753,0.039,2
2026-09-09,17:51:17,0.082497,0.093013,0.00032,29374.477073,0.039,2
2026-09-09,17:51:18,0.16016,0.093013,0.00032,29374.477073,0.039,2
2026-09-09,17:51:18,0.104628,0.093057,0.00032,29374.477393,0.04,2
2026-09-09,17:51:19,0.104628,0.093057,0.00033,29374.477723,0.041,2
2026-09-09,17:51:20,0.126344,0.097525,0.00036,29374.477723,0.041,2
2026-09-09,17:51:20,0.082497,0.097525,0.00036,29374.478083,0.041,2
2026-09-09,17:51:21,0.082497,0.097525,0.00036,29374.478443,0.041,2
2026-09-09,17:51:21,0.082497,0.097525,0.00035,29374.478443,0.04,2
2026-09-09,17:51:22,0.103121,0.097525,0.00035,29374.478793,0.04,2
2026-09-09,17:51:23,0.111822,0.097525,0.00035,29374.479143,0.04,2
2026-09-09,17:51:23,0.10501,0.097525,0.00033,29374.479143,0.039,2
2026-09-09,17:51:24,0.102858,0.097525,0.00033,29374.479473,0.039,2
2026-09-09,17:51:25,0.102858,0.097525,0.00033,29374.479803,0.039,2
2026-09-09,17:51:25,0.084229,0.097525,0.00033,29374.479803,0.039,2
2026-09-09,17:51:26,0.105286,0.097525,0.00033,29374.480133,0.039,2
2026-09-09,17:51:27,0.189516,0.097525,0.00035,29374.480483,0.04,2
2026-09-09,17:51:27,0.152007,0.097525,0.00035,29374.480483,0.04,2
2026-09-09,17:51:28,0.152007,0.097525,0.00035,29374.480833,0.04,2
2026-09-09,17:51:29,0.103386,0.097499,0.00035,29374.481183,0.04,2
2026-09-09,17:51:29,0.081254,0.09334,0.00035,29374.481183,0.04,2
2026-09-09,17:51:30,0.104735,0.095346,0.00033,29374.481513,0.04,2
2026-09-09,17:51:31,0.104735,0.095304,0.00034,29374.481853,0.04,2
2026-09-09,17:51:31,0.082077,0.095304,0.00034,29374.481853,0.04,2
2026-09-09,17:51:32,0.143315,0.095304,0.00034,29374.482193,0.04,2
2026-09-09,17:51:33,0.206797,0.095304,0.00034,29374.482533,0.04,2
2026-09-09,17:51:33,0.133376,0.095304,0.00034,29374.482533,0.039,2
2026-09-09,17:51:34,0.133376,0.095304,0.00033,29374.482863,0.039,2
2026-09-09,17:51:35,0.082077,0.095262,0.00033,29374.483193,0.039,2
2026-09-09,17:51:35,0.187542,0.095262,0.00033,29374.483193,0.039,2
2026-09-09,17:51:36,0.083352,0.095347,0.00033,29374.483523,0.038,2
2026-09-09,17:51:37,0.083352,0.095347,0.00031,29374.483833,0.038,2
2026-09-09,17:51:37,0.14554,0.095347,0.00031,29374.483833,0.038,2
2026-09-09,17:51:38,0.145866,0.095347,0.00031,29374.484143,0.038,2
2026-09-09,17:51:39,0.166704,0.095347,0.00031,29374.484453,0.038,2
2026-09-09,17:51:39,0.14554,0.095347,0.00031,29374.484453,0.038,2
2026-09-09,17:51:40,0.14554,0.09337,0.00031,29374.484763,0.038,2
2026-09-09,17:51:41,0.083352,0.09337,0.00031,29374.485073,0.038,2
2026-09-09,17:51:41,0.083352,0.093456,0.00031,29374.485073,0.038,2
2026-09-09,17:51:42,0.145866,0.093456,0.00032,29374.485383,0.039,2
2026-09-09,17:51:43,0.081663,0.091159,0.00032,29374.485703,0.039,2
2026-09-09,17:51:43,0.081663,0.091159,0.00031,29374.485703,0.04,2
2026-09-09,17:51:44,0.122176,0.091159,0.00032,29374.486013,0.04,2
2026-09-09,17:51:45,0.081663,0.086691,0.00032,29374.486333,0.04,2
2026-09-09,17:51:45,0.127918,0.086691,0.00031,29374.486333,0.04,2
2026-09-09,17:51:46,0.127918,0.086691,0.00031,29374.486643,0.04,2
2026-09-09,17:51:47,0.147401,0.086691,0.00031,29374.486953,0.04,2
2026-09-09,17:51:47,0.126344,0.086691,0.00031,29374.486953,0.04,2
2026-09-09,17:51:48,0.102858,0.086691,0.00032,29374.487263,0.041,2
2026-09-09,17:51:49,0.082287,0.086691,0.00032,29374.487583,0.041,2
2026-09-09,17:51:49,0.082287,0.086691,0.00032,29374.487583,0.042,2
2026-09-09,17:51:50,0.107358,0.087088,0.00034,29374.487903,0.043,2
2026-09-09,17:51:51,0.102858,0.089249,0.00034,29374.488243,0.043,2
2026-09-09,17:51:51,0.14143,0.089249,0.00036,29374.488243,0.043,2
2026-09-09,17:51:52,0.14143,0.089249,0.00036,29374.488603,0.043,2
2026-09-09,17:51:53,0.133394,0.089249,0.00036,29374.488963,0.043,2
2026-09-09,17:51:53,0.185145,0.089249,0.00036,29374.488963,0.043,2
2026-09-09,17:51:54,0.14368,0.089249,0.00036,29374.489323,0.043,2
2026-09-09,17:51:55,0.117519,0.089249,0.00036,29374.489683,0.043,2
2026-09-09,17:51:55,0.117519,0.089249,0.00036,29374.489683,0.043,2
2026-09-09,17:51:56,0.119804,0.089249,0.00036,29374.490043,0.043,2
2026-09-09,17:51:57,0.208597,0.089249,0.00036,29374.490403,0.043,2
2026-09-09,17:51:57,0.106094,0.089385,0.00036,29374.490403,0.043,2
2026-09-09,17:51:58,0.085387,0.089716,0.00036,29374.490763,0.043,2
2026-09-09,17:51:59,0.085387,0.089716,0.00036,29374.490763,0.043,2
2026-09-09,17:51:59,0.104461,0.091954,0.00037,29374.491123,0.043,2
2026-09-09,17:52:00,0.125027,0.096122,0.00037,29374.491493,0.042,2
2026-09-09,17:52:01,0.151796,0.102966,0.00037,29374.491493,0.042,2
2026-09-09,17:52:01,0.151796,0.110365,0.00043,29374.491863,0.042,2
2026-09-09,17:52:02,0.157345,0.110365,0.00043,29374.492293,0.041,2
2026-09-09,17:52:03,0.167138,0.118913,0.00044,29374.492293,0.041,2
2026-09-09,17:52:03,0.122804,0.123027,0.00046,29374.492733,0.041,2
2026-09-09,17:52:04,0.08187,0.123027,0.00046,29374.493193,0.041,2
2026-09-09,17:52:05,0.08187,0.123027,0.00046,29374.493193,0.04,2
2026-09-09,17:52:05,0.14554,0.126845,0.00045,29374.493653,0.04,2
2026-09-09,17:52:06,0.083352,0.126845,0.00045,29374.494103,0.04,2
2026-09-09,17:52:07,0.163739,0.132933,0.00048,29374.494103,0.04,2
2026-09-09,17:52:07,0.163739,0.132933,0.00049,29374.494583,0.041,2
2026-09-09,17:52:08,0.08187,0.132933,0.00049,29374.495073,0.041,2
2026-09-09,17:52:09,0.118967,0.134221,0.0005,29374.495073,0.041,2
2026-09-09,17:52:09,0.10392,0.136074,0.00049,29374.495573,0.04,2
2026-09-09,17:52:10,0.10392,0.13602,0.00049,29374.496063,0.04,2
2026-09-09,17:52:11,0.10392,0.133909,0.00049,29374.496063,0.04,2
2026-09-09,17:52:11,0.10392,0.133909,0.00049,29374.496553,0.041,2
2026-09-09,17:52:12,0.119508,0.13068,0.00047,29374.497023,0.041,2
2026-09-09,17:52:13,0.12438,0.127384,0.00047,29374.497023,0.041,2
2026-09-09,17:52:13,0.109766,0.121647,0.00047,29374.497493,0.041,2
2026-09-09,17:52:14,0.109766,0.121647,0.00045,29374.497943,0.041,2
2026-09-09,17:52:15,0.180886,0.121647,0.00045,29374.497943,0.041,2
2026-09-09,17:52:15,0.207516,0.121647,0.00045,29374.498393,0.041,2
2026-09-09,17:52:16,0.083136,0.121647,0.00045,29374.498843,0.041,2
2026-09-09,17:52:17,0.083136,0.121804,0.00045,29374.498843,0.042,2
2026-09-09,17:52:17,0.12438,0.121804,0.00045,29374.499293,0.042,2
2026-09-09,17:52:18,0.145488,0.121799,0.00047,29374.499763,0.042,2
2026-09-09,17:52:19,0.083136,0.121799,0.00047,29374.499763,0.042,2
2026-09-09,17:52:19,0.207841,0.121799,0.00047,29374.500233,0.043,2
2026-09-09,17:52:20,0.207841,0.115817,0.00049,29374.500723,0.043,2
2026-09-09,17:52:21,0.10392,0.115817,0.00047,29374.500723,0.043,2
2026-09-09,17:52:21,0.10392,0.114312,0.00047,29374.501193,0.043,2
2026-09-09,17:52:22,0.158803,0.114312,0.00046,29374.501653,0.044,2
2026-09-09,17:52:23,0.083136,0.112234,0.00047,29374.501653,0.044,2
2026-09-09,17:52:23,0.083136,0.112234,0.00047,29374.502123,0.044,2
2026-09-09,17:52:24,0.083136,0.110155,0.00046,29374.502583,0.044,2
2026-09-09,17:52:25,0.100298,0.109793,0.00047,29374.502583,0.045,2
2026-09-09,17:52:25,0.146629,0.109793,0.00047,29374.503053,0.045,2
2026-09-09,17:52:26,0.146629,0.106221,0.00047,29374.503523,0.045,2
2026-09-09,17:52:27,0.083788,0.106221,0.00046,29374.503523,0.045,2
2026-09-09,17:52:27,0.142551,0.106221,0.00046,29374.503983,0.045,2
2026-09-09,17:52:28,0.124702,0.106221,0.00044,29374.504423,0.044,2
2026-09-09,17:52:29,0.143636,0.106221,0.00043,29374.504423,0.043,2
2026-09-09,17:52:29,0.143636,0.106221,0.00043,29374.504853,0.043,2
2026-09-09,17:52:30,0.102597,0.106221,0.00043,29374.505283,0.042,2
2026-09-09,17:52:31,0.165117,0.106221,0.00041,29374.505283,0.042,2
2026-09-09,17:52:31,0.204873,0.106221,0.00041,29374.505693,0.042,2
2026-09-09,17:52:32,0.103559,0.104139,0.0004,29374.506093,0.042,2
2026-09-09,17:52:33,0.103559,0.104139,0.0004,29374.506093,0.042,2
2026-09-09,17:52:33,0.126012,0.105764,0.00041,29374.506503,0.042,2
2026-09-09,17:52:34,0.169294,0.105764,0.00041,29374.506913,0.042,2
2026-09-09,17:52:35,0.111786,0.104504,0.00041,29374.506913,0.043,2
2026-09-09,17:52:35,0.111786,0.098226,0.00042,29374.507333,0.043,2
2026-09-09,17:52:36,0.082709,0.098226,0.00039,29374.507723,0.042,2
2026-09-09,17:52:37,0.082709,0.096105,0.00039,29374.507723,0.042,2
2026-09-09,17:52:37,0.126012,0.096105,0.00037,29374.508093,0.042,2
2026-09-09,17:52:38,0.103386,0.096105,0.00037,29374.508463,0.042,2
2026-09-09,17:52:39,0.103386,0.096105,0.00037,29374.508463,0.041,2
2026-09-09,17:52:39,0.082709,0.096105,0.00036,29374.508823,0.041,2
2026-09-09,17:52:40,0.14474,0.096105,0.00036,29374.509183,0.041,2
2026-09-09,17:52:41,0.082709,0.093984,0.00036,29374.509183,0.04,2
2026-09-09,17:52:41,0.165417,0.093984,0.00033,29374.509513,0.04,2
2026-09-09,17:52:42,0.165417,0.093984,0.00033,29374.509843,0.04,2
2026-09-09,17:52:43,0.12374,0.093984,0.00033,29374.509843,0.041,2
2026-09-09,17:52:43,0.082709,0.093941,0.00035,29374.510173,0.041,2
2026-09-09,17:52:44,0.105286,0.096156,0.00036,29374.510523,0.041,2
2026-09-09,17:52:45,0.105286,0.096156,0.00036,29374.510523,0.041,2
2026-09-09,17:52:45,0.142233,0.096156,0.00036,29374.510883,0.041,2
2026-09-09,17:52:46,0.142233,0.096156,0.00036,29374.511243,0.041,2
2026-09-09,17:52:47,0.14474,0.096156,0.00036,29374.511243,0.041,2
2026-09-09,17:52:47,0.12374,0.096156,0.00036,29374.511603,0.041,2
2026-09-09,17:52:48,0.12374,0.096156,0.00036,29374.511963,0.041,2
2026-09-09,17:52:49,0.123094,0.096156,0.00036,29374.511963,0.041,2
2026-09-09,17:52:49,0.082709,0.094397,0.00035,29374.512323,0.041,2
2026-09-09,17:52:50,0.082709,0.094289,0.00034,29374.512673,0.04,2
2026-09-09,17:52:51,0.130202,0.094289,0.00034,29374.512673,0.04,2
2026-09-09,17:52:51,0.130202,0.094289,0.00034,29374.513013,0.04,2
2026-09-09,17:52:52,0.12374,0.094289,0.00034,29374.513353,0.04,2
2026-09-09,17:52:53,0.14474,0.094289,0.00034,29374.513353,0.04,2
2026-09-09,17:52:53,0.084008,0.092334,0.00033,29374.513693,0.04,2
2026-09-09,17:52:54,0.137223,0.092334,0.00033,29374.514023,0.04,2
2026-09-09,17:52:55,0.137223,0.092334,0.00033,29374.514023,0.04,2
2026-09-09,17:52:55,0.082077,0.087941,0.00031,29374.514353,0.04,2
2026-09-09,17:52:56,0.083352,0.085098,0.00031,29374.514663,0.04,2
2026-09-09,17:52:57,0.124702,0.085098,0.0003,29374.514663,0.04,2
2026-09-09,17:52:57,0.124702,0.085098,0.0003,29374.514963,0.04,2
2026-09-09,17:52:58,0.10419,0.085098,0.0003,29374.515263,0.04,2
2026-09-09,17:52:59,0.203645,0.085098,0.0003,29374.515263,0.04,2
2026-09-09,17:52:59,0.20698,0.085098,0.0003,29374.515563,0.04,2
2026-09-09,17:53:00,0.081051,0.084932,0.0003,29374.515863,0.04,2
2026-09-09,17:53:01,0.081051,0.084932,0.0003,29374.515863,0.04,2
2026-09-09,17:53:01,0.186574,0.084932,0.0003,29374.516163,0.04,2
2026-09-09,17:53:02,0.103652,0.087026,0.0003,29374.516463,0.04,2
2026-09-09,17:53:03,0.149972,0.087026,0.00031,29374.516463,0.04,2
2026-09-09,17:53:03,0.082922,0.087048,0.0003,29374.516773,0.039,2
2026-09-09,17:53:04,0.082922,0.087048,0.0003,29374.517073,0.039,2
2026-09-09,17:53:05,0.117904,0.087048,0.0003,29374.517073,0.039,2
2026-09-09,17:53:05,0.144789,0.087048,0.0003,29374.517373,0.039,2
2026-09-09,17:53:06,0.114665,0.087048,0.0003,29374.517673,0.039,2
2026-09-09,17:53:07,0.114665,0.087048,0.0003,29374.517673,0.04,2
2026-09-09,17:53:07,0.237455,0.087048,0.00031,29374.517973,0.04,2
2026-09-09,17:53:08,0.151983,0.087048,0.00031,29374.518283,0.04,2
2026-09-09,17:53:09,0.186732,0.087048,0.00031,29374.518283,0.04,2
2026-09-09,17:53:09,0.08411,0.087188,0.00031,29374.518593,0.04,2
2026-09-09,17:53:10,0.08411,0.084973,0.00031,29374.518903,0.04,2
2026-09-09,17:53:11,0.083136,0.084973,0.0003,29374.518903,0.04,2
2026-09-09,17:53:11,0.145488,0.084973,0.0003,29374.519203,0.04,2
2026-09-09,17:53:12,0.145488,0.084973,0.0003,29374.519503,0.04,2
2026-09-09,17:53:13,0.145488,0.084973,0.0003,29374.519503,0.04,2
2026-09-09,17:53:13,0.145488,0.084973,0.0003,29374.519803,0.04,2
2026-09-09,17:53:14,0.083136,0.085015,0.0003,29374.520103,0.04,2
2026-09-09,17:53:15,0.145488,0.085015,0.0003,29374.520103,0.04,2
2026-09-09,17:53:15,0.12438,0.085015,0.0003,29374.520403,0.04,2
2026-09-09,17:53:16,0.145488,0.085015,0.0003,29374.520703,0.04,2
2026-09-09,17:53:17,0.145488,0.085015,0.0003,29374.520703,0.039,2
2026-09-09,17:53:17,0.10392,0.085015,0.0003,29374.521003,0.039,2
2026-09-09,17:53:18,0.228625,0.085015,0.00029,29374.521293,0.039,2
2026-09-09,17:53:19,0.163419,0.085015,0.00029,29374.521293,0.039,2
2026-09-09,17:53:19,0.163419,0.085015,0.00029,29374.521583,0.039,2
2026-09-09,17:53:20,0.142952,0.085015,0.00029,29374.521873,0.039,2
2026-09-09,17:53:21,0.08187,0.084932,0.00029,29374.521873,0.039,2
2026-09-09,17:53:21,0.125027,0.084932,0.00029,29374.522163,0.039,2
2026-09-09,17:53:22,0.08187,0.084718,0.00029,29374.522453,0.04,2
2026-09-09,17:53:23,0.08187,0.084718,0.0003,29374.522453,0.04,2
2026-09-09,17:53:23,0.179077,0.084718,0.0003,29374.522753,0.04,2
2026-09-09,17:53:24,0.125028,0.084718,0.0003,29374.523053,0.04,2
2026-09-09,17:53:25,0.124702,0.084718,0.0003,29374.523053,0.04,2
2026-09-09,17:53:25,0.111353,0.084718,0.0003,29374.523353,0.04,2
2026-09-09,17:53:26,0.111353,0.084718,0.0003,29374.523653,0.041,2
2026-09-09,17:53:27,0.124702,0.084718,0.00031,29374.523653,0.041,2
2026-09-09,17:53:27,0.14554,0.084718,0.00031,29374.523963,0.041,2
2026-09-09,17:53:28,0.166378,0.084718,0.00031,29374.524273,0.041,2
2026-09-09,17:53:29,0.166378,0.084846,0.00031,29374.524273,0.041,2
2026-09-09,17:53:29,0.08336,0.084846,0.00031,29374.524583,0.041,2
2026-09-09,17:53:30,0.082077,0.084718,0.00031,29374.524893,0.041,2
2026-09-09,17:53:31,0.102597,0.086873,0.00032,29374.524893,0.041,2
2026-09-09,17:53:31,0.082077,0.084716,0.00032,29374.525213,0.042,2
2026-09-09,17:53:32,0.082077,0.084716,0.00033,29374.525543,0.042,2
2026-09-09,17:53:33,0.123116,0.084716,0.00033,29374.525543,0.042,2
2026-09-09,17:53:33,0.123116,0.084716,0.00033,29374.525873,0.042,2
2026-09-09,17:53:34,0.226034,0.084716,0.00033,29374.526203,0.042,2
2026-09-09,17:53:35,0.125354,0.084716,0.00033,29374.526203,0.042,2
2026-09-09,17:53:35,0.125354,0.084716,0.00033,29374.526533,0.041,2
2026-09-09,17:53:36,0.110011,0.084716,0.00031,29374.526843,0.041,2
2026-09-09,17:53:37,0.14592,0.084716,0.00031,29374.526843,0.041,2
2026-09-09,17:53:37,0.125027,0.084716,0.00031,29374.527153,0.04,2
2026-09-09,17:53:38,0.125027,0.084716,0.0003,29374.527453,0.04,2
2026-09-09,17:53:39,0.181502,0.084716,0.0003,29374.527453,0.04,2
2026-09-09,17:53:39,0.167791,0.084716,0.0003,29374.527753,0.04,2
2026-09-09,17:53:40,0.122495,0.084716,0.0003,29374.528053,0.04,2
2026-09-09,17:53:41,0.122495,0.084716,0.0003,29374.528053,0.039,2
2026-09-09,17:53:41,0.122495,0.084737,0.00029,29374.528343,0.039,2
2026-09-09,17:53:42,0.083136,0.084737,0.00029,29374.528633,0.04,2
2026-09-09,17:53:43,0.083136,0.08464,0.00029,29374.528633,0.04,2
2026-09-09,17:53:43,0.145488,0.08464,0.0003,29374.528923,0.04,2
2026-09-09,17:53:44,0.122431,0.08464,0.0003,29374.529223,0.04,2
2026-09-09,17:53:45,0.122431,0.08464,0.0003,29374.529223,0.041,2
2026-09-09,17:53:45,0.103847,0.08464,0.00031,29374.529523,0.042,2
2026-09-09,17:53:46,0.10419,0.08464,0.00033,29374.529833,0.042,2
2026-09-09,17:53:47,0.098329,0.08464,0.00033,29374.529833,0.043,2
2026-09-09,17:53:47,0.125028,0.08464,0.00034,29374.530163,0.043,2
2026-09-09,17:53:48,0.125028,0.08464,0.00034,29374.530503,0.044,2
2026-09-09,17:53:49,0.123116,0.08464,0.00034,29374.530503,0.044,2
2026-09-09,17:53:49,0.166399,0.08464,0.00035,29374.530843,0.044,2
2026-09-09,17:53:50,0.156453,0.08464,0.00035,29374.531193,0.044,2
2026-09-09,17:53:51,0.156453,0.08464,0.00035,29374.531193,0.044,2
2026-09-09,17:53:51,0.14554,0.08464,0.00035,29374.531543,0.043,2
2026-09-09,17:53:52,0.094982,0.085824,0.00034,29374.531893,0.043,2
2026-09-09,17:53:53,0.08187,0.085697,0.00034,29374.531893,0.043,2
2026-09-09,17:53:53,0.091784,0.086689,0.00035,29374.532233,0.043,2
2026-09-09,17:53:54,0.091784,0.087552,0.00035,29374.532583,0.042,2
2026-09-09,17:53:55,0.090504,0.087552,0.00034,29374.532583,0.042,2
2026-09-09,17:53:55,0.083569,0.087573,0.00034,29374.532923,0.042,2
2026-09-09,17:53:56,0.083569,0.087722,0.00034,29374.533263,0.042,2
2026-09-09,17:53:57,0.104461,0.087909,0.00034,29374.533263,0.042,2
2026-09-09,17:53:57,0.104461,0.087909,0.00034,29374.533603,0.041,2
2026-09-09,17:53:58,0.082077,0.087909,0.00034,29374.533943,0.041,2
2026-09-09,17:53:59,0.102597,0.089855,0.00033,29374.533943,0.041,2
2026-09-09,17:53:59,0.125027,0.094044,0.00035,29374.534273,0.041,2
2026-09-09,17:54:00,0.125027,0.098256,0.00035,29374.534623,0.041,2
2026-09-09,17:54:01,0.137106,0.098256,0.00036,29374.534623,0.041,2
2026-09-09,17:54:01,0.102337,0.100303,0.00037,29374.534983,0.041,2
2026-09-09,17:54:02,0.142952,0.100303,0.00037,29374.535353,0.041,2
2026-09-09,17:54:03,0.122485,0.100303,0.00037,29374.535353,0.04,2
2026-09-09,17:54:03,0.122485,0.099312,0.00035,29374.535723,0.04,2
2026-09-09,17:54:04,0.08187,0.099312,0.00035,29374.536073,0.04,2
2026-09-09,17:54:05,0.122804,0.099312,0.00035,29374.536073,0.04,2
2026-09-09,17:54:05,0.08187,0.098448,0.00035,29374.536423,0.04,2
2026-09-09,17:54:06,0.132191,0.098448,0.00035,29374.536773,0.04,2
2026-09-09,17:54:07,0.132191,0.098448,0.00035,29374.536773,0.04,2
2026-09-09,17:54:07,0.082077,0.098299,0.00035,29374.537123,0.039,2
2026-09-09,17:54:08,0.146246,0.098299,0.00035,29374.537473,0.039,2
2026-09-09,17:54:09,0.104461,0.098299,0.00034,29374.537473,0.039,2
2026-09-09,17:54:09,0.104461,0.098299,0.00034,29374.537813,0.039,2
2026-09-09,17:54:10,0.19913,0.098299,0.00034,29374.538153,0.039,2
2026-09-09,17:54:11,0.083569,0.098299,0.00034,29374.538153,0.039,2
2026-09-09,17:54:11,0.193254,0.098299,0.00034,29374.538493,0.039,2
2026-09-09,17:54:12,0.125354,0.100388,0.00034,29374.538833,0.04,2
2026-09-09,17:54:13,0.125354,0.100388,0.00036,29374.538833,0.04,2
2026-09-09,17:54:13,0.083569,0.100388,0.00036,29374.539193,0.04,2
2026-09-09,17:54:14,0.14299,0.100388,0.00036,29374.539553,0.04,2
2026-09-09,17:54:15,0.083136,0.100494,0.00036,29374.539553,0.04,2
2026-09-09,17:54:15,0.083136,0.098548,0.00036,29374.539913,0.04,2
2026-09-09,17:54:16,0.083136,0.098548,0.00035,29374.540263,0.04,2
2026-09-09,17:54:17,0.083136,0.094359,0.00034,29374.540263,0.04,2
2026-09-09,17:54:17,0.083136,0.088962,0.00034,29374.540603,0.04,2
2026-09-09,17:54:18,0.12937,0.088962,0.00032,29374.540923,0.04,2
2026-09-09,17:54:19,0.136876,0.088962,0.00032,29374.540923,0.04,2
2026-09-09,17:54:19,0.136876,0.088962,0.00032,29374.541243,0.04,2
2026-09-09,17:54:20,0.083352,0.087064,0.00031,29374.541553,0.04,2
2026-09-09,17:54:21,0.082077,0.087084,0.00031,29374.541553,0.04,2
2026-09-09,17:54:21,0.225713,0.087084,0.00031,29374.541863,0.04,2
2026-09-09,17:54:22,0.225713,0.087084,0.00031,29374.542173,0.04,2
2026-09-09,17:54:23,0.14588,0.087084,0.00031,29374.542173,0.04,2
2026-09-09,17:54:23,0.143315,0.087084,0.00031,29374.542483,0.04,2
2026-09-09,17:54:24,0.143636,0.087084,0.00031,29374.542793,0.04,2
2026-09-09,17:54:25,0.120959,0.087084,0.00031,29374.542793,0.04,2
2026-09-09,17:54:25,0.120959,0.087276,0.00031,29374.543103,0.04,2
2026-09-09,17:54:26,0.083788,0.087276,0.00031,29374.543413,0.04,2
2026-09-09,17:54:27,0.125682,0.087276,0.00031,29374.543413,0.04,2
2026-09-09,17:54:27,0.146629,0.087276,0.00031,29374.543723,0.04,2
2026-09-09,17:54:28,0.182958,0.087276,0.00031,29374.544033,0.04,2
2026-09-09,17:54:29,0.182958,0.087276,0.00031,29374.544033,0.04,2
2026-09-09,17:54:29,0.162916,0.087276,0.00031,29374.544343,0.04,2
2026-09-09,17:54:30,0.101524,0.089221,0.00032,29374.544663,0.04,2
2026-09-09,17:54:31,0.122804,0.093144,0.00033,29374.544663,0.04,2
2026-09-09,17:54:31,0.122804,0.093243,0.00033,29374.544993,0.04,2
2026-09-09,17:54:32,0.126344,0.093243,0.00033,29374.545323,0.04,2
2026-09-09,17:54:33,0.206242,0.093243,0.00033,29374.545323,0.04,2
2026-09-09,17:54:33,0.123745,0.093243,0.00033,29374.545653,0.04,2
2026-09-09,17:54:34,0.082497,0.093179,0.00033,29374.545983,0.04,2
2026-09-09,17:54:35,0.082497,0.093179,0.00033,29374.545983,0.04,2
2026-09-09,17:54:35,0.123745,0.093179,0.00033,29374.546313,0.04,2
2026-09-09,17:54:36,0.178206,0.093179,0.00033,29374.546643,0.04,2
2026-09-09,17:54:37,0.123745,0.093179,0.00033,29374.546643,0.04,2
2026-09-09,17:54:37,0.105565,0.093179,0.00033,29374.546973,0.04,2
2026-09-09,17:54:38,0.105565,0.093179,0.00033,29374.547303,0.04,2
2026-09-09,17:54:39,0.083136,0.093179,0.00033,29374.547303,0.04,2
2026-09-09,17:54:39,0.10392,0.093179,0.00033,29374.547633,0.04,2
2026-09-09,17:54:40,0.12438,0.093179,0.00033,29374.547963,0.04,2
2026-09-09,17:54:41,0.12438,0.093179,0.00033,29374.547963,0.04,2
2026-09-09,17:54:41,0.145164,0.093179,0.00033,29374.548293,0.04,2
2026-09-09,17:54:42,0.10392,0.093179,0.00033,29374.548623,0.04,2
2026-09-09,17:54:43,0.10392,0.093179,0.00033,29374.548623,0.04,2
2026-09-09,17:54:43,0.145488,0.093179,0.00033,29374.548953,0.04,2
2026-09-09,17:54:44,0.145488,0.093179,0.00033,29374.549283,0.04,2
2026-09-09,17:54:45,0.10392,0.093179,0.00033,29374.549283,0.039,2
2026-09-09,17:54:45,0.081458,0.093179,0.00032,29374.549613,0.039,2
2026-09-09,17:54:46,0.142551,0.093179,0.00032,29374.549933,0.039,2
2026-09-09,17:54:47,0.12374,0.093179,0.00032,29374.549933,0.039,2
2026-09-09,17:54:47,0.12374,0.093179,0.00032,29374.550253,0.039,2
2026-09-09,17:54:48,0.12374,0.093179,0.00032,29374.550573,0.039,2
2026-09-09,17:54:49,0.185771,0.093179,0.00032,29374.550573,0.039,2
2026-09-09,17:54:49,0.103386,0.095204,0.00033,29374.550893,0.039,2
2026-09-09,17:54:50,0.103386,0.097229,0.00033,29374.551223,0.039,2
2026-09-09,17:54:51,0.103386,0.097229,0.00033,29374.551223,0.039,2
2026-09-09,17:54:51,0.081051,0.097021,0.00033,29374.551553,0.039,2
2026-09-09,17:54:52,0.113662,0.097021,0.00033,29374.551883,0.039,2
2026-09-09,17:54:53,0.081051,0.097021,0.00033,29374.551883,0.04,2
2026-09-09,17:54:53,0.081051,0.097021,0.00035,29374.552213,0.04,2
2026-09-09,17:54:54,0.081051,0.097021,0.00035,29374.552563,0.04,2
2026-09-09,17:54:55,0.109608,0.099647,0.00036,29374.552563,0.04,2
2026-09-09,17:54:55,0.082287,0.099667,0.00036,29374.552923,0.04,2
2026-09-09,17:54:56,0.144001,0.099667,0.00036,29374.553283,0.04,2
2026-09-09,17:54:57,0.144001,0.099667,0.00036,29374.553283,0.04,2
2026-09-09,17:54:57,0.105108,0.099667,0.00036,29374.553643,0.04,2
2026-09-09,17:54:58,0.119763,0.099667,0.00036,29374.554003,0.04,2
2026-09-09,17:54:59,0.146625,0.099667,0.00036,29374.554003,0.041,2
2026-09-09,17:54:59,0.146625,0.099667,0.00037,29374.554363,0.041,2
2026-09-09,17:55:00,0.123423,0.099667,0.00037,29374.554733,0.041,2
2026-09-09,17:55:01,0.164994,0.099667,0.00037,29374.554733,0.041,2
2026-09-09,17:55:01,0.103121,0.101601,0.00038,29374.555103,0.041,2
2026-09-09,17:55:02,0.123745,0.103823,0.00038,29374.555483,0.041,2
2026-09-09,17:55:03,0.123745,0.103917,0.00039,29374.555483,0.041,2
2026-09-09,17:55:03,0.123745,0.103917,0.00039,29374.555873,0.041,2
2026-09-09,17:55:04,0.206242,0.103917,0.00039,29374.556263,0.041,2
2026-09-09,17:55:05,0.082497,0.099532,0.00037,29374.556263,0.041,2
2026-09-09,17:55:05,0.101314,0.101414,0.00038,29374.556633,0.041,2
2026-09-09,17:55:06,0.101314,0.101414,0.00038,29374.557013,0.04,2
2026-09-09,17:55:07,0.2631,0.101414,0.00036,29374.557013,0.04,2
2026-09-09,17:55:07,0.102537,0.101329,0.00036,29374.557373,0.04,2
2026-09-09,17:55:08,0.144001,0.101329,0.00036,29374.557733,0.039,2
2026-09-09,17:55:09,0.144001,0.101329,0.00035,29374.557733,0.039,2
2026-09-09,17:55:09,0.133394,0.101329,0.00034,29374.558083,0.039,2
2026-09-09,17:55:10,0.082287,0.099219,0.00034,29374.558423,0.039,2
2026-09-09,17:55:11,0.104461,0.10156,0.00035,29374.558423,0.039,2
2026-09-09,17:55:11,0.101251,0.100725,0.00034,29374.558773,0.039,2
2026-09-09,17:55:12,0.101251,0.100725,0.00034,29374.559113,0.039,2
2026-09-09,17:55:13,0.161786,0.100725,0.00034,29374.559113,0.039,2
2026-09-09,17:55:13,0.124059,0.100725,0.00034,29374.559453,0.039,2
2026-09-09,17:55:14,0.165844,0.100725,0.00034,29374.559793,0.039,2
2026-09-09,17:55:15,0.126344,0.100725,0.00034,29374.559793,0.039,2
2026-09-09,17:55:15,0.126344,0.100725,0.00034,29374.560133,0.039,2
2026-09-09,17:55:16,0.165417,0.100725,0.00034,29374.560473,0.039,2
2026-09-09,17:55:17,0.160894,0.100725,0.00034,29374.560473,0.039,2
2026-09-09,17:55:17,0.088847,0.101381,0.00034,29374.560813,0.039,2
2026-09-09,17:55:18,0.168574,0.101381,0.00035,29374.561163,0.039,2
2026-09-09,17:55:19,0.168574,0.101381,0.00035,29374.561163,0.039,2
2026-09-09,17:55:19,0.189687,0.101381,0.00035,29374.561513,0.039,2
2026-09-09,17:55:20,0.123116,0.10338,0.00035,29374.561863,0.039,2
2026-09-09,17:55:21,0.082077,0.10338,0.00035,29374.561863,0.039,2
2026-09-09,17:55:21,0.082077,0.10338,0.00035,29374.562213,0.039,2
2026-09-09,17:55:22,0.102597,0.10338,0.00035,29374.562563,0.04,2
2026-09-09,17:55:23,0.082077,0.10338,0.00037,29374.562563,0.04,2
2026-09-09,17:55:23,0.143315,0.10338,0.00037,29374.562933,0.04,2
2026-09-09,17:55:24,0.141712,0.10338,0.00037,29374.563303,0.04,2
2026-09-09,17:55:25,0.141712,0.10338,0.00037,29374.563303,0.04,2
2026-09-09,17:55:25,0.123116,0.10338,0.00037,29374.563673,0.04,2
2026-09-09,17:55:26,0.122796,0.10338,0.00037,29374.564043,0.04,2
2026-09-09,17:55:27,0.184354,0.10338,0.00037,29374.564043,0.04,2
2026-09-09,17:55:27,0.082077,0.099213,0.00037,29374.564413,0.04,2
2026-09-09,17:55:28,0.082077,0.099213,0.00035,29374.564763,0.04,2
2026-09-09,17:55:29,0.132093,0.099213,0.00035,29374.564763,0.04,2
2026-09-09,17:55:29,0.143636,0.099213,0.00035,29374.565113,0.04,2
2026-09-09,17:55:30,0.145866,0.099213,0.00035,29374.565463,0.04,2
2026-09-09,17:55:31,0.145866,0.099213,0.00035,29374.565463,0.04,2
2026-09-09,17:55:32,0.123116,0.099213,0.00035,29374.565813,0.04,2
2026-09-09,17:55:32,0.082077,0.095047,0.00034,29374.566153,0.04,2
2026-09-09,17:55:33,0.134658,0.095047,0.00032,29374.566153,0.039,2
2026-09-09,17:55:34,0.151865,0.095047,0.00032,29374.566473,0.039,2
2026-09-09,17:55:34,0.151865,0.095047,0.00032,29374.566793,0.039,2
2026-09-09,17:55:35,0.125682,0.095047,0.00032,29374.566793,0.039,2
2026-09-09,17:55:36,0.147859,0.095047,0.00032,29374.567113,0.039,2
2026-09-09,17:55:36,0.171323,0.095047,0.00031,29374.567423,0.038,2
2026-09-09,17:55:37,0.082287,0.095025,0.00031,29374.567423,0.038,2
2026-09-09,17:55:38,0.082287,0.095025,0.00031,29374.567733,0.037,2
2026-09-09,17:55:38,0.164252,0.095025,0.0003,29374.568033,0.037,2
2026-09-09,17:55:39,0.167465,0.095025,0.0003,29374.568033,0.037,2
2026-09-09,17:55:39,0.125027,0.095025,0.0003,29374.568333,0.037,2
2026-09-09,17:55:40,0.125027,0.095025,0.0003,29374.568633,0.037,2
2026-09-09,17:55:41,0.159098,0.095025,0.0003,29374.568633,0.037,2
2026-09-09,17:55:41,0.182962,0.095025,0.0003,29374.568933,0.037,2
2026-09-09,17:55:42,0.147014,0.095025,0.00031,29374.569243,0.038,2
2026-09-09,17:55:43,0.223691,0.095025,0.00031,29374.569243,0.038,2
2026-09-09,17:55:43,0.223691,0.095025,0.00031,29374.569553,0.038,2
2026-09-09,17:55:44,0.142284,0.095025,0.00031,29374.569863,0.038,2
2026-09-09,17:55:45,0.124702,0.095025,0.00031,29374.569863,0.038,2
2026-09-09,17:55:45,0.122423,0.095025,0.00031,29374.570173,0.038,2
2026-09-09,17:55:46,0.147494,0.095025,0.00031,29374.570483,0.038,2
2026-09-09,17:55:47,0.147494,0.095025,0.00031,29374.570483,0.038,2
2026-09-09,17:55:48,0.142952,0.095025,0.00031,29374.570793,0.037,2
2026-09-09,17:55:48,0.126003,0.095025,0.0003,29374.571103,0.037,2
2026-09-09,17:55:49,0.106518,0.095025,0.0003,29374.571103,0.037,2
2026-09-09,17:55:50,0.083136,0.095025,0.0003,29374.571403,0.038,2
2026-09-09,17:55:50,0.083136,0.095025,0.00031,29374.571703,0.038,2
2026-09-09,17:55:51,0.109441,0.095838,0.00031,29374.571703,0.038,2
2026-09-09,17:55:52,0.21531,0.095838,0.00033,29374.572013,0.039,2
2026-09-09,17:55:52,0.145488,0.095838,0.00033,29374.572343,0.039,2
2026-09-09,17:55:53,0.145488,0.095838,0.00033,29374.572343,0.04,2
2026-09-09,17:55:54,0.122176,0.095838,0.00034,29374.572673,0.04,2
2026-09-09,17:55:54,0.196984,0.095838,0.00034,29374.573013,0.04,2
2026-09-09,17:55:55,0.081458,0.09373,0.00034,29374.573013,0.04,2
2026-09-09,17:55:56,0.082709,0.093772,0.00033,29374.573353,0.04,2
2026-09-09,17:55:56,0.082709,0.091597,0.00033,29374.573683,0.04,2
2026-09-09,17:55:57,0.082709,0.091597,0.00033,29374.573683,0.04,2
2026-09-09,17:55:58,0.186095,0.091597,0.00033,29374.574013,0.04,2
2026-09-09,17:55:58,0.14474,0.091597,0.00033,29374.574343,0.04,2
2026-09-09,17:55:59,0.124063,0.091597,0.00033,29374.574343,0.04,2
2026-09-09,17:56:00,0.124063,0.091597,0.00033,29374.574673,0.04,2
2026-09-09,17:56:00,0.129232,0.091597,0.00033,29374.575003,0.04,2
2026-09-09,17:56:01,0.144417,0.091597,0.00033,29374.575003,0.04,2
2026-09-09,17:56:02,0.12374,0.091597,0.00033,29374.575333,0.04,2
2026-09-09,17:56:02,0.12374,0.091597,0.00033,29374.575663,0.041,2
2026-09-09,17:56:03,0.181571,0.091597,0.00034,29374.575663,0.041,2
2026-09-09,17:56:04,0.14474,0.091597,0.00034,29374.576003,0.041,2
2026-09-09,17:56:04,0.10501,0.091597,0.00034,29374.576343,0.041,2
2026-09-09,17:56:05,0.122485,0.091597,0.00034,29374.576343,0.041,2
2026-09-09,17:56:06,0.122485,0.091597,0.00034,29374.576683,0.04,2
2026-09-09,17:56:06,0.187056,0.091597,0.00034,29374.577023,0.04,2
2026-09-09,17:56:07,0.083136,0.089786,0.00032,29374.577023,0.04,2
2026-09-09,17:56:08,0.102297,0.091131,0.00032,29374.577343,0.04,2
2026-09-09,17:56:08,0.145164,0.091131,0.00032,29374.577663,0.04,2
2026-09-09,17:56:09,0.145164,0.091131,0.00032,29374.577663,0.039,2
2026-09-09,17:56:10,0.195175,0.091131,0.00031,29374.577983,0.039,2
2026-09-09,17:56:10,0.083136,0.087133,0.00031,29374.578293,0.039,2
2026-09-09,17:56:11,0.124704,0.087133,0.0003,29374.578293,0.039,2
2026-09-09,17:56:12,0.124704,0.087239,0.0003,29374.578593,0.039,2
2026-09-09,17:56:12,0.083136,0.087239,0.0003,29374.578893,0.039,2
2026-09-09,17:56:13,0.12438,0.087239,0.0003,29374.578893,0.039,2
2026-09-09,17:56:14,0.184458,0.087239,0.0003,29374.579193,0.039,2
2026-09-09,17:56:14,0.145488,0.087239,0.0003,29374.579493,0.039,2
2026-09-09,17:56:15,0.145488,0.087239,0.0003,29374.579493,0.038,2
2026-09-09,17:56:16,0.10392,0.087239,0.0003,29374.579793,0.038,2
2026-09-09,17:56:16,0.083136,0.087239,0.00029,29374.580083,0.038,2
2026-09-09,17:56:17,0.081458,0.087239,0.00027,29374.580083,0.037,2
2026-09-09,17:56:18,0.083569,0.087239,0.00027,29374.580353,0.037,2
2026-09-09,17:56:18,0.083569,0.087239,0.00027,29374.580623,0.036,2
2026-09-09,17:56:19,0.144001,0.087239,0.00026,29374.580623,0.036,2
2026-09-09,17:56:20,0.104735,0.087239,0.00026,29374.580883,0.036,2
2026-09-09,17:56:20,0.146301,0.087239,0.00026,29374.581143,0.036,2
2026-09-09,17:56:21,0.146301,0.087239,0.00026,29374.581143,0.036,2
2026-09-09,17:56:22,0.103121,0.087239,0.00026,29374.581403,0.036,2
2026-09-09,17:56:22,0.082497,0.087239,0.00026,29374.581663,0.036,2
2026-09-09,17:56:23,0.14437,0.087239,0.00027,29374.581663,0.037,2
2026-09-09,17:56:24,0.123423,0.087239,0.00027,29374.581933,0.037,2
2026-09-09,17:56:24,0.123423,0.087239,0.00027,29374.582203,0.038,2
2026-09-09,17:56:25,0.123745,0.087239,0.00029,29374.582203,0.039,2
2026-09-09,17:56:26,0.103121,0.087239,0.00029,29374.582493,0.039,2
2026-09-09,17:56:26,0.206242,0.087239,0.0003,29374.582793,0.039,2
2026-09-09,17:56:27,0.206242,0.087239,0.00031,29374.582793,0.04,2
2026-09-09,17:56:28,0.206242,0.087239,0.00031,29374.583103,0.04,2
2026-09-09,17:56:28,0.144047,0.087239,0.00031,29374.583413,0.04,2
2026-09-09,17:56:29,0.103121,0.087239,0.00031,29374.583413,0.04,2
2026-09-09,17:56:30,0.158549,0.087239,0.00031,29374.583723,0.04,2
2026-09-09,17:56:30,0.158549,0.087239,0.00031,29374.584033,0.041,2
2026-09-09,17:56:31,0.15017,0.087239,0.00031,29374.584033,0.041,2
2026-09-09,17:56:32,0.107633,0.087239,0.00032,29374.584353,0.041,2
2026-09-09,17:56:32,0.14437,0.087239,0.00032,29374.584673,0.041,2
2026-09-09,17:56:33,0.123745,0.087239,0.00032,29374.584673,0.04,2
2026-09-09,17:56:34,0.123745,0.08728,0.00031,29374.584983,0.04,2
2026-09-09,17:56:34,0.082497,0.08728,0.00031,29374.585293,0.04,2
2026-09-09,17:56:35,0.123745,0.08728,0.00031,29374.585293,0.04,2
2026-09-09,17:56:36,0.103121,0.08728,0.00031,29374.585603,0.039,2
2026-09-09,17:56:36,0.103121,0.08728,0.0003,29374.585903,0.039,2
2026-09-09,17:56:37,0.103121,0.08728,0.0003,29374.585903,0.038,2
2026-09-09,17:56:38,0.144047,0.08728,0.00029,29374.586193,0.038,2
2026-09-09,17:56:38,0.1173,0.08728,0.00029,29374.586483,0.038,2
2026-09-09,17:56:39,0.227511,0.08728,0.00029,29374.586483,0.039,2
2026-09-09,17:56:40,0.227511,0.08728,0.0003,29374.586783,0.039,2
2026-09-09,17:56:40,0.123745,0.08728,0.0003,29374.587083,0.04,2
2026-09-09,17:56:41,0.082497,0.087302,0.0003,29374.587083,0.04,2
2026-09-09,17:56:42,0.084676,0.084825,0.0003,29374.587383,0.04,2
2026-09-09,17:56:42,0.128257,0.084825,0.00031,29374.587693,0.041,2
2026-09-09,17:56:43,0.128257,0.084825,0.00031,29374.587693,0.042,2
2026-09-09,17:56:44,0.194963,0.084825,0.00033,29374.588023,0.042,2
2026-09-09,17:56:44,0.095065,0.086186,0.00033,29374.588353,0.042,2
2026-09-09,17:56:45,0.264242,0.086186,0.00033,29374.588353,0.042,2
2026-09-09,17:56:46,0.12794,0.086186,0.00033,29374.588683,0.041,2
2026-09-09,17:56:46,0.12794,0.086186,0.00032,29374.589013,0.041,2
2026-09-09,17:56:47,0.206449,0.086186,0.00032,29374.589013,0.041,2
2026-09-09,17:56:48,0.124063,0.086186,0.00032,29374.589333,0.041,2
2026-09-09,17:56:48,0.165094,0.086186,0.00032,29374.589653,0.041,2
2026-09-09,17:56:49,0.165094,0.086186,0.00032,29374.589653,0.041,2
2026-09-09,17:56:50,0.120399,0.086186,0.00032,29374.589973,0.041,2
2026-09-09,17:56:50,0.190191,0.086186,0.00032,29374.590293,0.041,2
2026-09-09,17:56:51,0.135644,0.086186,0.00032,29374.590293,0.041,2
2026-09-09,17:56:52,0.082287,0.086144,0.00032,29374.590613,0.041,2
2026-09-09,17:56:52,0.082287,0.086144,0.00032,29374.590933,0.041,2
2026-09-09,17:56:53,0.14368,0.086144,0.00032,29374.590933,0.041,2
2026-09-09,17:56:54,0.123108,0.086144,0.00032,29374.591253,0.041,2
2026-09-09,17:56:54,0.123108,0.086144,0.00032,29374.591573,0.041,2
2026-09-09,17:56:55,0.123108,0.086144,0.00032,29374.591573,0.041,2
2026-09-09,17:56:56,0.123108,0.086144,0.00032,29374.591893,0.04,2
2026-09-09,17:56:56,0.102858,0.086144,0.00032,29374.592213,0.039,2
2026-09-09,17:56:57,0.083894,0.086144,0.00031,29374.592213,0.039,2
2026-09-09,17:56:58,0.24686,0.086144,0.00029,29374.592523,0.039,2
2026-09-09,17:56:58,0.24686,0.086144,0.00029,29374.592813,0.038,2
2026-09-09,17:56:59,0.114472,0.086144,0.00028,29374.592813,0.037,2
2026-09-09,17:57:00,0.371236,0.086144,0.00027,29374.593093,0.037,2
2026-09-09,17:57:00,0.082497,0.086122,0.00027,29374.593363,0.037,2
2026-09-09,17:57:01,0.094743,0.087283,0.00027,29374.593363,0.037,2
2026-09-09,17:57:02,0.094743,0.087283,0.00027,29374.593633,0.037,2
2026-09-09,17:57:02,0.181751,0.087283,0.00027,29374.593903,0.037,2
2026-09-09,17:57:03,0.109888,0.088042,0.00028,29374.593903,0.037,2
2026-09-09,17:57:04,0.082497,0.087978,0.00028,29374.594183,0.037,2
2026-09-09,17:57:04,0.082497,0.087914,0.00028,29374.594463,0.037,2
2026-09-09,17:57:05,0.082497,0.087914,0.00028,29374.594463,0.037,2
2026-09-09,17:57:06,0.123745,0.087914,0.00028,29374.594743,0.037,2
2026-09-09,17:57:06,0.123745,0.087914,0.00028,29374.595023,0.037,2
2026-09-09,17:57:07,0.325798,0.087914,0.00028,29374.595023,0.037,2
2026-09-09,17:57:08,0.325798,0.089977,0.00029,29374.595303,0.038,2
2026-09-09,17:57:08,0.103121,0.089977,0.00029,29374.595593,0.038,2
2026-09-09,17:57:09,0.123423,0.094069,0.00031,29374.595593,0.038,2
2026-09-09,17:57:10,0.082497,0.094069,0.00031,29374.595903,0.038,2
2026-09-09,17:57:10,0.25574,0.094069,0.00031,29374.596213,0.039,2
2026-09-09,17:57:11,0.25574,0.095967,0.00032,29374.596213,0.039,2
2026-09-09,17:57:12,0.103652,0.095967,0.00032,29374.596533,0.04,2
2026-09-09,17:57:12,0.165844,0.095967,0.00033,29374.596863,0.04,2
2026-09-09,17:57:13,0.186574,0.095967,0.00034,29374.596863,0.04,2
2026-09-09,17:57:14,0.126348,0.095967,0.00034,29374.597203,0.041,2
2026-09-09,17:57:14,0.126348,0.095967,0.00036,29374.597563,0.041,2
2026-09-09,17:57:15,0.144047,0.095967,0.00036,29374.597563,0.041,2
2026-09-09,17:57:16,0.123745,0.095967,0.00036,29374.597923,0.041,2
2026-09-09,17:57:16,0.14437,0.095967,0.00036,29374.598283,0.041,2
2026-09-09,17:57:17,0.164672,0.095967,0.00036,29374.598283,0.041,2
2026-09-09,17:57:18,0.164672,0.095967,0.00036,29374.598643,0.042,2
2026-09-09,17:57:18,0.192385,0.095967,0.00037,29374.599013,0.042,2
2026-09-09,17:57:19,0.140907,0.095967,0.00036,29374.599013,0.041,2
2026-09-09,17:57:20,0.144047,0.095967,0.00036,29374.599373,0.041,2
2026-09-09,17:57:20,0.144047,0.095967,0.00036,29374.599733,0.041,2
2026-09-09,17:57:21,0.126678,0.095967,0.00036,29374.599733,0.041,2
2026-09-09,17:57:22,0.138019,0.144522,0.00036,29374.600093,0.041,2
2026-09-09,17:57:22,0.113988,0.143286,0.00053,29374.600623,0.042,2
2026-09-09,17:57:23,0.166272,0.143286,0.00056,29374.600623,0.042,2
2026-09-09,17:57:24,0.166272,0.143286,0.00056,29374.601183,0.042,2
2026-09-09,17:57:24,0.133148,0.143286,0.00056,29374.601743,0.042,2
2026-09-09,17:57:25,0.12438,0.143286,0.00056,29374.601743,0.042,2
2026-09-09,17:57:26,0.10392,0.143286,0.00056,29374.602303,0.042,2
2026-09-09,17:57:26,0.197773,0.143286,0.00056,29374.602863,0.042,2
2026-09-09,17:57:27,0.197773,0.143286,0.00055,29374.602863,0.043,2
2026-09-09,17:57:28,0.125354,0.141416,0.00055,29374.603413,0.043,2
2026-09-09,17:57:28,0.115936,0.140636,0.00057,29374.603983,0.043,2
2026-09-09,17:57:29,0.10392,0.136591,0.00055,29374.603983,0.043,2
2026-09-09,17:57:30,0.10392,0.136591,0.00055,29374.604533,0.043,2
2026-09-09,17:57:30,0.163419,0.136591,0.00055,29374.605083,0.042,2
2026-09-09,17:57:31,0.160221,0.136591,0.00053,29374.605083,0.042,2
2026-09-09,17:57:32,0.122804,0.136591,0.00053,29374.605613,0.042,2
2026-09-09,17:57:32,0.125027,0.136591,0.00053,29374.606143,0.041,2
2026-09-09,17:57:33,0.125027,0.136591,0.00053,29374.606143,0.041,2
2026-09-09,17:57:34,0.109358,0.136591,0.00051,29374.606653,0.04,2
2026-09-09,17:57:34,0.187704,0.136591,0.00049,29374.607143,0.04,2
2026-09-09,17:57:35,0.083569,0.136591,0.00049,29374.607143,0.04,2
2026-09-09,17:57:36,0.104461,0.136591,0.00049,29374.607633,0.04,2
2026-09-09,17:57:36,0.104461,0.136591,0.00049,29374.608123,0.04,2
2026-09-09,17:57:37,0.104461,0.136591,0.00049,29374.608123,0.04,2
2026-09-09,17:57:38,0.104461,0.136591,0.00049,29374.608613,0.04,2
2026-09-09,17:57:38,0.082077,0.136591,0.00049,29374.609103,0.04,2
2026-09-09,17:57:39,0.082077,0.136591,0.00049,29374.609103,0.04,2
2026-09-09,17:57:40,0.260339,0.136591,0.00049,29374.609593,0.039,2
2026-09-09,17:57:40,0.297851,0.136591,0.00047,29374.610063,0.039,2
2026-09-09,17:57:41,0.10501,0.130624,0.00047,29374.610063,0.039,2
2026-09-09,17:57:42,0.139138,0.130624,0.00045,29374.610513,0.04,2
2026-09-09,17:57:42,0.139138,0.130624,0.00047,29374.610983,0.04,2
2026-09-09,17:57:43,0.082709,0.130624,0.00047,29374.610983,0.04,2
2026-09-09,17:57:44,0.084008,0.130624,0.00047,29374.611453,0.04,2
2026-09-09,17:57:44,0.12343,0.123729,0.00046,29374.611913,0.041,2
2026-09-09,17:57:45,0.123108,0.121949,0.00046,29374.611913,0.042,2
2026-09-09,17:57:46,0.123108,0.121949,0.00047,29374.612383,0.042,2
2026-09-09,17:57:46,0.102858,0.11783,0.00046,29374.612843,0.042,2
2026-09-09,17:57:47,0.083569,0.113519,0.00046,29374.612843,0.042,2
2026-09-09,17:57:48,0.162598,0.113519,0.00044,29374.613303,0.042,2
2026-09-09,17:57:48,0.162598,0.113519,0.00044,29374.613743,0.042,2
2026-09-09,17:57:49,0.1319,0.113519,0.00044,29374.613743,0.042,2
2026-09-09,17:57:50,0.167576,0.113519,0.00044,29374.614183,0.042,2
2026-09-09,17:57:50,0.088681,0.108585,0.0004,29374.614623,0.041,2
2026-09-09,17:57:51,0.142911,0.108585,0.0004,29374.614623,0.041,2
2026-09-09,17:57:52,0.142911,0.108585,0.0004,29374.615023,0.041,2
2026-09-09,17:57:52,0.12438,0.108585,0.0004,29374.615423,0.04,2
2026-09-09,17:57:53,0.131849,0.108585,0.0004,29374.615423,0.04,2
2026-09-09,17:57:54,0.191336,0.108585,0.00039,29374.615823,0.039,2
2026-09-09,17:57:54,0.126348,0.109821,0.00039,29374.616213,0.039,2
2026-09-09,17:57:55,0.126348,0.109821,0.00038,29374.616213,0.039,2
2026-09-09,17:57:56,0.123745,0.109661,0.00038,29374.616593,0.039,2
2026-09-09,17:57:56,0.144047,0.112472,0.00038,29374.616973,0.039,2
2026-09-09,17:57:57,0.083786,0.112472,0.00039,29374.616973,0.039,2
2026-09-09,17:57:58,0.083786,0.115969,0.0004,29374.617363,0.039,2
2026-09-09,17:57:58,0.138891,0.115969,0.0004,29374.617763,0.039,2
2026-09-09,17:57:59,0.148976,0.120365,0.00041,29374.617763,0.039,2
2026-09-09,17:58:00,0.102079,0.120365,0.00041,29374.618173,0.039,2
2026-09-09,17:58:00,0.122495,0.120365,0.00041,29374.618583,0.039,2
2026-09-09,17:58:01,0.122495,0.120365,0.00041,29374.618583,0.04,2
2026-09-09,17:58:02,0.134617,0.120365,0.00043,29374.618993,0.04,2
2026-09-09,17:58:02,0.163007,0.120365,0.00043,29374.619423,0.04,2
2026-09-09,17:58:03,0.122495,0.120365,0.00043,29374.619423,0.039,2
2026-09-09,17:58:04,0.122176,0.120365,0.00041,29374.619853,0.039,2
2026-09-09,17:58:04,0.122176,0.120365,0.00041,29374.620263,0.039,2
2026-09-09,17:58:05,0.10759,0.120365,0.00041,29374.620263,0.039,2
2026-09-09,17:58:06,0.109287,0.120365,0.00041,29374.620673,0.039,2
2026-09-09,17:58:06,0.082287,0.120365,0.00041,29374.621083,0.039,2
2026-09-09,17:58:07,0.082287,0.120365,0.00041,29374.621083,0.04,2
2026-09-09,17:58:08,0.187704,0.120365,0.00043,29374.621493,0.04,2
2026-09-09,17:58:08,0.146246,0.120365,0.00043,29374.621923,0.04,2
2026-09-09,17:58:09,0.082287,0.120365,0.00043,29374.621923,0.04,2
2026-09-09,17:58:10,0.14368,0.12239,0.00046,29374.622353,0.041,2
2026-09-09,17:58:10,0.14368,0.12239,0.00046,29374.622813,0.042,2
2026-09-09,17:58:11,0.082287,0.12239,0.00047,29374.622813,0.043,2
2026-09-09,17:58:12,0.104465,0.12239,0.00049,29374.623283,0.043,2
2026-09-09,17:58:12,0.082287,0.12239,0.00049,29374.623773,0.043,2
2026-09-09,17:58:13,0.082287,0.12239,0.00049,29374.623773,0.043,2
2026-09-09,17:58:14,0.082287,0.12239,0.00049,29374.624263,0.043,2
2026-09-09,17:58:14,0.082287,0.12239,0.00049,29374.624753,0.043,2
2026-09-09,17:58:15,0.082287,0.12239,0.00049,29374.624753,0.043,2
2026-09-09,17:58:16,0.102858,0.12239,0.00049,29374.625243,0.042,2
2026-09-09,17:58:16,0.126015,0.12239,0.00047,29374.625713,0.041,2
2026-09-09,17:58:17,0.126015,0.12239,0.00046,29374.625713,0.041,2
2026-09-09,17:58:18,0.135669,0.12239,0.00046,29374.626173,0.041,2
2026-09-09,17:58:18,0.082497,0.12239,0.00046,29374.626633,0.04,2
2026-09-09,17:58:19,0.123745,0.122454,0.00044,29374.626633,0.04,2
2026-09-09,17:58:20,0.123745,0.126251,0.00044,29374.627073,0.04,2
2026-09-09,17:58:20,0.140825,0.126251,0.00045,29374.627523,0.04,2
2026-09-09,17:58:21,0.084008,0.126251,0.00045,29374.627523,0.04,2
2026-09-09,17:58:22,0.146685,0.132562,0.00045,29374.627973,0.04,2
2026-09-09,17:58:22,0.082287,0.132562,0.00047,29374.628443,0.039,2
2026-09-09,17:58:23,0.082287,0.138737,0.00048,29374.628443,0.039,2
2026-09-09,17:58:24,0.15043,0.138737,0.00048,29374.628923,0.04,2
2026-09-09,17:58:24,0.082287,0.138737,0.0005,29374.629423,0.04,2
2026-09-09,17:58:25,0.185145,0.138737,0.0005,29374.629423,0.04,2
2026-09-09,17:58:26,0.095144,0.138737,0.0005,29374.629923,0.04,2
2026-09-09,17:58:26,0.095144,0.138737,0.0005,29374.630423,0.04,2
2026-09-09,17:58:27,0.128573,0.13896,0.0005,29374.630423,0.04,2
2026-09-09,17:58:28,0.119251,0.13851,0.0005,29374.630923,0.04,2
2026-09-09,17:58:28,0.144001,0.138506,0.0005,29374.631423,0.04,2
2026-09-09,17:58:29,0.144001,0.136928,0.00047,29374.631423,0.039,2
2026-09-09,17:58:30,0.123108,0.136928,0.00047,29374.631893,0.039,2
2026-09-09,17:58:30,0.164252,0.136928,0.00047,29374.632363,0.039,2
2026-09-09,17:58:31,0.088715,0.136928,0.00047,29374.632363,0.039,2
2026-09-09,17:58:32,0.082287,0.136928,0.00047,29374.632833,0.039,2
2026-09-09,17:58:32,0.082287,0.136928,0.00047,29374.633303,0.039,2
2026-09-09,17:58:33,0.185145,0.136928,0.00047,29374.633303,0.039,2
2026-09-09,17:58:34,0.102858,0.132316,0.00045,29374.633753,0.039,2
2026-09-09,17:58:34,0.210244,0.132316,0.00045,29374.634203,0.039,2
2026-09-09,17:58:35,0.084229,0.132316,0.00045,29374.634203,0.039,2
2026-09-09,17:58:36,0.084229,0.132316,0.00045,29374.634653,0.039,2
2026-09-09,17:58:36,0.081663,0.132316,0.00045,29374.635103,0.039,2
2026-09-09,17:58:37,0.084008,0.132316,0.00045,29374.635103,0.039,2
2026-09-09,17:58:38,0.175433,0.132316,0.00045,29374.635553,0.039,2
2026-09-09,17:58:38,0.175433,0.132316,0.00045,29374.636003,0.039,2
2026-09-09,17:58:39,0.082709,0.132316,0.00045,29374.636003,0.038,2
2026-09-09,17:58:40,0.124709,0.130419,0.00043,29374.636433,0.038,2
2026-09-09,17:58:40,0.14474,0.132518,0.00044,29374.636873,0.038,2
2026-09-09,17:58:41,0.103386,0.128774,0.00044,29374.636873,0.038,2
2026-09-09,17:58:42,0.103386,0.124444,0.00042,29374.637293,0.038,2
2026-09-09,17:58:42,0.103386,0.124444,0.00041,29374.637703,0.039,2
2026-09-09,17:58:43,0.165417,0.124444,0.00041,29374.637703,0.039,2
2026-09-09,17:58:44,0.082709,0.124444,0.00043,29374.638133,0.039,2
2026-09-09,17:58:44,0.082709,0.124444,0.00041,29374.638543,0.038,2
2026-09-09,17:58:45,0.082709,0.124444,0.00041,29374.638543,0.038,2
2026-09-09,17:58:46,0.081254,0.124444,0.00041,29374.638953,0.038,2
2026-09-09,17:58:46,0.145488,0.12395,0.00041,29374.639363,0.038,2
2026-09-09,17:58:47,0.083136,0.12395,0.00041,29374.639363,0.039,2
2026-09-09,17:58:48,0.095152,0.12395,0.00043,29374.639793,0.039,2
2026-09-09,17:58:48,0.095152,0.12395,0.00043,29374.640223,0.039,2
2026-09-09,17:58:49,0.0971,0.12395,0.00043,29374.640223,0.039,2
2026-09-09,17:58:50,0.143272,0.12542,0.00043,29374.640653,0.039,2
2026-09-09,17:58:50,0.102337,0.123729,0.00042,29374.641083,0.039,2
2026-09-09,17:58:51,0.102337,0.117515,0.00042,29374.641083,0.04,2
2026-09-09,17:58:52,0.08187,0.117515,0.00042,29374.641503,0.04,2
2026-09-09,17:58:52,0.118327,0.117515,0.00042,29374.641923,0.04,2
2026-09-09,17:58:53,0.122804,0.117515,0.00042,29374.641923,0.04,2
2026-09-09,17:58:54,0.515126,0.117515,0.00042,29374.642343,0.04,2
2026-09-09,17:58:54,0.515126,0.113433,0.00042,29374.642763,0.04,2
2026-09-09,17:58:55,0.082287,0.113433,0.00041,29374.642763,0.04,2
2026-09-09,17:58:56,0.203047,0.113433,0.00041,29374.643173,0.04,2
2026-09-09,17:58:56,0.106697,0.113817,0.00041,29374.643583,0.04,2
2026-09-09,17:58:57,0.164994,0.113817,0.00041,29374.643583,0.04,2
2026-09-09,17:58:58,0.164994,0.113817,0.00041,29374.643993,0.04,2
2026-09-09,17:58:58,0.098287,0.111175,0.00041,29374.644403,0.04,2
2026-09-09,17:58:59,0.103121,0.107013,0.00038,29374.644403,0.041,2
2026-09-09,17:59:00,0.082819,0.104956,0.00039,29374.644783,0.042,2
2026-09-09,17:59:00,0.082819,0.103673,0.00039,29374.645173,0.042,2
2026-09-09,17:59:01,0.090553,0.103673,0.0004,29374.645173,0.042,2
2026-09-09,17:59:02,0.146685,0.103673,0.0004,29374.645573,0.042,2
2026-09-09,17:59:02,0.143636,0.103673,0.0004,29374.645973,0.042,2
2026-09-09,17:59:03,0.124702,0.103673,0.0004,29374.645973,0.041,2
2026-09-09,17:59:04,0.124702,0.103673,0.00038,29374.646373,0.041,2
2026-09-09,17:59:04,0.143315,0.103673,0.00038,29374.646753,0.041,2
2026-09-09,17:59:05,0.082077,0.097332,0.00036,29374.646753,0.041,2
2026-09-09,17:59:06,0.123116,0.097332,0.00036,29374.647113,0.041,2
2026-09-09,17:59:06,0.082077,0.091213,0.00036,29374.647473,0.041,2
2026-09-09,17:59:07,0.082077,0.091213,0.00034,29374.647473,0.041,2
2026-09-09,17:59:08,0.207291,0.091213,0.00034,29374.647813,0.041,2
2026-09-09,17:59:08,0.125354,0.091213,0.00034,29374.648153,0.041,2
2026-09-09,17:59:09,0.205716,0.091213,0.00034,29374.648153,0.041,2
2026-09-09,17:59:10,0.205716,0.090204,0.00033,29374.648493,0.041,2
2026-09-09,17:59:10,0.092251,0.090204,0.00033,29374.648823,0.041,2
2026-09-09,17:59:11,0.102858,0.092303,0.00034,29374.648823,0.041,2
2026-09-09,17:59:12,0.144001,0.092303,0.00036,29374.649163,0.042,2
2026-09-09,17:59:12,0.082287,0.092303,0.00036,29374.649523,0.043,2
2026-09-09,17:59:13,0.082287,0.092303,0.00037,29374.649523,0.044,2
2026-09-09,17:59:14,0.113602,0.092303,0.00037,29374.649893,0.045,2
2026-09-09,17:59:14,0.083569,0.092303,0.00038,29374.650273,0.045,2
2026-09-09,17:59:15,0.11805,0.093438,0.0004,29374.650273,0.045,2
2026-09-09,17:59:16,0.101822,0.093792,0.0004,29374.650673,0.045,2
2026-09-09,17:59:16,0.101822,0.093818,0.0004,29374.651073,0.045,2
2026-09-09,17:59:17,0.103386,0.093818,0.0004,29374.651073,0.044,2
2026-09-09,17:59:18,0.12374,0.09791,0.0004,29374.651473,0.044,2
2026-09-09,17:59:18,0.082709,0.09791,0.00041,29374.651883,0.044,2
2026-09-09,17:59:19,0.186095,0.09791,0.00041,29374.651883,0.044,2
2026-09-09,17:59:20,0.186095,0.09791,0.00041,29374.652293,0.043,2
2026-09-09,17:59:20,0.082709,0.097126,0.00039,29374.652683,0.043,2
2026-09-09,17:59:21,0.082709,0.097189,0.00039,29374.652683,0.043,2
2026-09-09,17:59:22,0.084008,0.097382,0.00039,29374.653073,0.042,2
2026-09-09,17:59:22,0.084008,0.097382,0.00038,29374.653453,0.042,2
2026-09-09,17:59:23,0.164994,0.097382,0.00038,29374.653453,0.041,2
2026-09-09,17:59:24,0.14437,0.097382,0.00038,29374.653833,0.041,2
2026-09-09,17:59:24,0.123745,0.097382,0.00036,29374.654193,0.041,2
2026-09-09,17:59:25,0.142114,0.097382,0.00036,29374.654193,0.041,2
2026-09-09,17:59:26,0.142114,0.097382,0.00036,29374.654553,0.041,2
2026-09-09,17:59:26,0.288739,0.097382,0.00036,29374.654913,0.041,2
2026-09-09,17:59:27,0.123423,0.100499,0.00037,29374.654913,0.041,2
2026-09-09,17:59:28,0.081051,0.100499,0.00037,29374.655283,0.042,2
2026-09-09,17:59:28,0.103652,0.100499,0.00039,29374.655673,0.042,2
2026-09-09,17:59:29,0.103652,0.100499,0.00039,29374.655673,0.041,2
2026-09-09,17:59:30,0.131185,0.100499,0.00039,29374.656063,0.041,2
2026-09-09,17:59:30,0.165844,0.100499,0.00037,29374.656433,0.041,2
2026-09-09,17:59:31,0.082922,0.098506,0.00037,29374.656433,0.041,2
2026-09-09,17:59:32,0.082922,0.100642,0.00037,29374.656803,0.04,2
2026-09-09,17:59:32,0.103652,0.100642,0.00036,29374.657163,0.04,2
2026-09-09,17:59:33,0.082922,0.097129,0.00035,29374.657163,0.04,2
2026-09-09,17:59:34,0.124383,0.097129,0.00035,29374.657513,0.039,2
2026-09-09,17:59:34,0.125678,0.097129,0.00033,29374.657843,0.039,2
2026-09-09,17:59:35,0.125678,0.095239,0.00033,29374.657843,0.04,2
2026-09-09,17:59:36,0.082922,0.095239,0.00034,29374.658183,0.04,2
2026-09-09,17:59:36,0.249737,0.095239,0.00034,29374.658523,0.04,2
2026-09-09,17:59:37,0.082922,0.093193,0.00034,29374.658523,0.04,2
2026-09-09,17:59:38,0.145113,0.093193,0.00033,29374.658853,0.041,2
2026-09-09,17:59:38,0.145113,0.093193,0.00035,29374.659203,0.041,2
2026-09-09,17:59:39,0.103652,0.093193,0.00035,29374.659203,0.041,2
2026-09-09,17:59:40,0.082922,0.093193,0.00035,29374.659553,0.041,2
2026-09-09,17:59:40,0.165844,0.093193,0.00035,29374.659903,0.041,2
2026-09-09,17:59:41,0.165844,0.091184,0.00035,29374.659903,0.041,2
2026-09-09,17:59:42,0.103652,0.091184,0.00034,29374.660243,0.041,2
2026-09-09,17:59:42,0.212163,0.091184,0.00034,29374.660583,0.041,2
2026-09-09,17:59:43,0.16552,0.091184,0.00034,29374.660583,0.041,2
2026-09-09,17:59:44,0.14184,0.091184,0.00034,29374.660923,0.041,2
2026-09-09,17:59:44,0.14184,0.091184,0.00034,29374.661263,0.041,2
2026-09-09,17:59:45,0.145113,0.091184,0.00034,29374.661263,0.041,2
2026-09-09,17:59:46,0.126344,0.091184,0.00034,29374.661603,0.041,2
2026-09-09,17:59:46,0.082709,0.091184,0.00034,29374.661943,0.041,2
2026-09-09,17:59:47,0.081458,0.091059,0.00034,29374.661943,0.041,2
2026-09-09,17:59:48,0.081458,0.091059,0.00034,29374.662283,0.041,2
2026-09-09,17:59:48,0.187542,0.091059,0.00034,29374.662623,0.041,2
2026-09-09,17:59:49,0.124702,0.091059,0.00034,29374.662623,0.041,2
2026-09-09,17:59:50,0.122176,0.091059,0.00034,29374.662963,0.041,2
2026-09-09,17:59:50,0.122176,0.091037,0.00034,29374.663303,0.041,2
2026-09-09,17:59:51,0.083788,0.091037,0.00034,29374.663303,0.04,2
2026-09-09,17:59:52,0.122796,0.091037,0.00032,29374.663643,0.04,2
2026-09-09,17:59:52,0.10419,0.091037,0.00032,29374.663963,0.04,2
2026-09-09,17:59:53,0.104841,0.091037,0.00032,29374.663963,0.04,2
2026-09-09,17:59:54,0.104841,0.091037,0.00032,29374.664283,0.04,2
2026-09-09,17:59:54,0.083352,0.091037,0.00032,29374.664603,0.04,2
2026-09-09,17:59:55,0.219776,0.091037,0.00032,29374.664603,0.04,2
2026-09-09,17:59:56,0.14554,0.091037,0.00032,29374.664923,0.04,2
2026-09-09,17:59:56,0.083352,0.08703,0.00032,29374.665243,0.04,2
2026-09-09,17:59:57,0.083352,0.08703,0.00031,29374.665243,0.04,2
2026-09-09,17:59:58,0.083352,0.087073,0.00031,29374.665553,0.04,2
2026-09-09,17:59:58,0.083352,0.085043,0.00031,29374.665863,0.04,2
2026-09-09,17:59:59,0.10419,0.08717,0.0003,29374.665863,0.04,2
2026-09-09,18:00:00,0.083352,0.087213,0.00031,29374.666163,0.04,2
2026-09-09,18:00:00,0.083352,0.087213,0.00031,29374.666473,0.04,2
2026-09-09,18:00:01,0.14554,0.087213,0.00031,29374.666473,0.04,2
2026-09-09,18:00:02,0.10419,0.087213,0.00032,29374.666783,0.041,2
2026-09-09,18:00:02,0.132517,0.087213,0.00032,29374.667103,0.041,2
2026-09-09,18:00:03,0.132517,0.087213,0.00032,29374.667103,0.042,2
2026-09-09,18:00:04,0.166378,0.087213,0.00034,29374.667423,0.043,2
2026-09-09,18:00:04,0.083352,0.087256,0.00034,29374.667763,0.043,2
2026-09-09,18:00:05,0.083352,0.085226,0.00034,29374.667763,0.043,2
2026-09-09,18:00:06,0.120144,0.085226,0.00034,29374.668103,0.043,2
2026-09-09,18:00:06,0.120144,0.085226,0.00034,29374.668443,0.043,2
2026-09-09,18:00:07,0.083352,0.08529,0.00034,29374.668443,0.042,2
2026-09-09,18:00:08,0.20838,0.08529,0.00033,29374.668783,0.042,2
2026-09-09,18:00:08,0.397876,0.08529,0.00033,29374.669113,0.042,2
2026-09-09,18:00:09,0.397876,0.08529,0.00033,29374.669113,0.042,2
2026-09-09,18:00:10,0.125028,0.08529,0.00033,29374.669443,0.041,2
2026-09-09,18:00:10,0.111027,0.08529,0.00033,29374.669773,0.041,2
2026-09-09,18:00:11,0.120144,0.08529,0.00032,29374.669773,0.041,2
2026-09-09,18:00:12,0.123116,0.08529,0.00032,29374.670093,0.041,2
2026-09-09,18:00:12,0.123116,0.08529,0.00032,29374.670413,0.041,2
2026-09-09,18:00:13,0.137864,0.08529,0.00032,29374.670413,0.041,2
2026-09-09,18:00:14,0.102597,0.08529,0.00032,29374.670733,0.041,2
2026-09-09,18:00:14,0.102597,0.08529,0.00032,29374.671053,0.041,2
2026-09-09,18:00:15,0.082077,0.08529,0.00032,29374.671053,0.04,2
2026-09-09,18:00:16,0.082077,0.08529,0.00032,29374.671373,0.04,2
2026-09-09,18:00:16,0.132191,0.08529,0.0003,29374.671673,0.039,2
2026-09-09,18:00:17,0.210985,0.08529,0.00029,29374.671673,0.039,2
2026-09-09,18:00:18,0.142551,0.08529,0.00029,29374.671963,0.039,2
2026-09-09,18:00:18,0.081458,0.08529,0.00029,29374.672253,0.039,2
2026-09-09,18:00:19,0.081458,0.08529,0.00029,29374.672253,0.039,2
2026-09-09,18:00:20,0.136986,0.08529,0.00029,29374.672543,0.039,2
2026-09-09,18:00:20,0.16251,0.08529,0.00029,29374.672833,0.039,2
2026-09-09,18:00:21,0.082709,0.085182,0.0003,29374.672833,0.04,2
2026-09-09,18:00:22,0.082709,0.085182,0.0003,29374.673133,0.04,2
2026-09-09,18:00:22,0.156694,0.085182,0.0003,29374.673433,0.04,2
2026-09-09,18:00:23,0.12374,0.085182,0.0003,29374.673433,0.04,2
2026-09-09,18:00:24,0.100801,0.085182,0.0003,29374.673733,0.04,2
2026-09-09,18:00:24,0.101314,0.085182,0.0003,29374.674033,0.041,2
2026-09-09,18:00:25,0.101314,0.085182,0.00032,29374.674033,0.041,2
2026-09-09,18:00:26,0.12343,0.085182,0.00032,29374.674353,0.041,2
2026-09-09,18:00:26,0.113465,0.085182,0.00032,29374.674673,0.041,2
2026-09-09,18:00:27,0.139176,0.085182,0.00032,29374.674673,0.041,2
2026-09-09,18:00:28,0.126015,0.085182,0.00032,29374.674993,0.04,2
2026-09-09,18:00:28,0.126015,0.085182,0.0003,29374.675293,0.04,2
2026-09-09,18:00:29,0.143315,0.085182,0.0003,29374.675293,0.04,2
2026-09-09,18:00:30,0.124702,0.125265,0.0003,29374.675593,0.04,2
2026-09-09,18:00:30,0.083352,0.125265,0.00045,29374.676043,0.04,2
2026-09-09,18:00:31,0.083352,0.125265,0.00045,29374.676043,0.04,2
2026-09-09,18:00:32,0.10419,0.125265,0.00045,29374.676493,0.039,2
2026-09-09,18:00:32,0.083352,0.125265,0.00043,29374.676923,0.039,2
2026-09-09,18:00:33,0.082077,0.125265,0.00043,29374.676923,0.039,2
2026-09-09,18:00:34,0.082077,0.125265,0.00043,29374.677353,0.039,2
2026-09-09,18:00:34,0.102597,0.125265,0.00043,29374.677783,0.039,2
2026-09-09,18:00:35,0.124399,0.125265,0.00043,29374.677783,0.039,2
2026-09-09,18:00:36,0.125354,0.125265,0.00043,29374.678213,0.039,2
2026-09-09,18:00:36,0.125682,0.125265,0.00043,29374.678643,0.039,2
2026-09-09,18:00:37,0.125682,0.125265,0.00043,29374.678643,0.04,2
2026-09-09,18:00:38,0.125682,0.125265,0.00045,29374.679093,0.04,2
2026-09-09,18:00:38,0.081458,0.125265,0.00045,29374.679543,0.04,2
2026-09-09,18:00:39,0.082709,0.125265,0.00045,29374.679543,0.04,2
2026-09-09,18:00:40,0.082709,0.125265,0.00045,29374.679993,0.04,2
2026-09-09,18:00:40,0.082709,0.125265,0.00045,29374.680443,0.04,2
2026-09-09,18:00:41,0.103386,0.125265,0.00045,29374.680443,0.04,2
2026-09-09,18:00:42,0.08065,0.125265,0.00045,29374.680893,0.04,2
2026-09-09,18:00:42,0.123063,0.121902,0.00044,29374.681333,0.04,2
2026-09-09,18:00:43,0.123063,0.121902,0.00044,29374.681333,0.04,2
2026-09-09,18:00:44,0.19408,0.121902,0.00044,29374.681773,0.04,2
2026-09-09,18:00:44,0.103652,0.119893,0.00043,29374.682203,0.04,2
2026-09-09,18:00:45,0.165196,0.119893,0.00043,29374.682203,0.04,2
2026-09-09,18:00:46,0.149648,0.119893,0.00043,29374.682633,0.04,2
2026-09-09,18:00:46,0.149648,0.118236,0.00042,29374.683053,0.04,2
2026-09-09,18:00:47,0.084229,0.118236,0.00042,29374.683053,0.041,2
2026-09-09,18:00:48,0.084229,0.116528,0.00043,29374.683483,0.041,2
2026-09-09,18:00:48,0.131466,0.116528,0.00043,29374.683913,0.041,2
2026-09-09,18:00:49,0.250381,0.116528,0.00043,29374.683913,0.041,2
2026-09-09,18:00:50,0.250381,0.116528,0.00043,29374.684343,0.041,2
2026-09-09,18:00:50,0.133022,0.117487,0.00044,29374.684783,0.041,2
2026-09-09,18:00:51,0.183742,0.117487,0.00044,29374.684783,0.041,2
2026-09-09,18:00:52,0.168458,0.117487,0.00044,29374.685223,0.04,2
2026-09-09,18:00:52,0.168458,0.114369,0.00039,29374.685663,0.039,2
2026-09-09,18:00:53,0.082287,0.114369,0.00039,29374.685663,0.039,2
2026-09-09,18:00:54,0.105845,0.111036,0.00038,29374.686053,0.039,2
2026-09-09,18:00:54,0.099576,0.108392,0.00036,29374.686433,0.038,2
2026-09-09,18:00:55,0.123423,0.106403,0.00036,29374.686433,0.039,2
2026-09-09,18:00:56,0.123423,0.104434,0.00036,29374.686793,0.039,2
2026-09-09,18:00:56,0.10501,0.104434,0.00036,29374.687153,0.039,2
2026-09-09,18:00:57,0.084008,0.100528,0.00034,29374.687153,0.039,2
2026-09-09,18:00:58,0.10501,0.100664,0.00034,29374.687493,0.039,2
2026-09-09,18:00:58,0.125683,0.104809,0.00034,29374.687833,0.039,2
2026-09-09,18:00:59,0.125683,0.104809,0.00036,29374.687833,0.039,2
2026-09-09,18:01:00,0.082709,0.104809,0.00036,29374.688193,0.039,2
2026-09-09,18:01:00,0.117924,0.108179,0.00036,29374.688553,0.039,2
2026-09-09,18:01:01,0.082709,0.103148,0.00037,29374.688553,0.039,2
2026-09-09,18:01:02,0.144417,0.103148,0.00035,29374.688923,0.039,2
2026-09-09,18:01:02,0.144417,0.103148,0.00035,29374.689273,0.039,2
2026-09-09,18:01:03,0.12374,0.103148,0.00035,29374.689273,0.039,2
2026-09-09,18:01:04,0.165094,0.103148,0.00035,29374.689623,0.039,2
2026-09-09,18:01:04,0.082709,0.10319,0.00035,29374.689973,0.039,2
2026-09-09,18:01:05,0.082709,0.10319,0.00035,29374.689973,0.039,2
2026-09-09,18:01:06,0.124063,0.10319,0.00035,29374.690323,0.039,2
2026-09-09,18:01:06,0.165417,0.10319,0.00035,29374.690673,0.039,2
2026-09-09,18:01:07,0.124063,0.10319,0.00035,29374.690673,0.04,2
2026-09-09,18:01:08,0.144417,0.10319,0.00037,29374.691023,0.04,2
2026-09-09,18:01:08,0.144417,0.10319,0.00037,29374.691393,0.039,2
2026-09-09,18:01:09,0.124063,0.10319,0.00035,29374.691393,0.039,2
2026-09-09,18:01:10,0.082709,0.100876,0.00035,29374.691743,0.039,2
2026-09-09,18:01:10,0.124063,0.100876,0.00035,29374.692093,0.038,2
2026-09-09,18:01:11,0.082709,0.099189,0.00033,29374.692093,0.038,2
2026-09-09,18:01:12,0.082709,0.099189,0.00032,29374.692423,0.038,2
2026-09-09,18:01:12,0.103386,0.097186,0.00032,29374.692743,0.039,2
2026-09-09,18:01:13,0.103386,0.097023,0.00033,29374.692743,0.039,2
2026-09-09,18:01:14,0.152817,0.097023,0.00033,29374.693073,0.039,2
2026-09-09,18:01:14,0.152817,0.097023,0.00033,29374.693403,0.04,2
2026-09-09,18:01:15,0.148617,0.097023,0.00035,29374.693403,0.04,2
2026-09-09,18:01:16,0.082709,0.096893,0.00035,29374.693753,0.04,2
2026-09-09,18:01:16,0.14474,0.096893,0.00035,29374.694103,0.04,2
2026-09-09,18:01:17,0.082709,0.094663,0.00034,29374.694103,0.04,2
2026-09-09,18:01:18,0.082709,0.094663,0.00032,29374.694443,0.039,2
2026-09-09,18:01:18,0.124063,0.094663,0.00032,29374.694763,0.039,2
2026-09-09,18:01:19,0.12374,0.094663,0.00032,29374.694763,0.039,2
2026-09-09,18:01:20,0.140863,0.094663,0.00032,29374.695083,0.039,2
2026-09-09,18:01:20,0.122187,0.094663,0.00032,29374.695403,0.039,2
2026-09-09,18:01:21,0.122187,0.094663,0.00032,29374.695403,0.039,2
2026-09-09,18:01:22,0.142551,0.094663,0.00032,29374.695723,0.039,2
2026-09-09,18:01:22,0.101822,0.094663,0.00032,29374.696043,0.039,2
2026-09-09,18:01:23,0.142551,0.094663,0.00034,29374.696043,0.04,2
2026-09-09,18:01:24,0.142551,0.094663,0.00034,29374.696383,0.041,2
2026-09-09,18:01:24,0.180705,0.094663,0.00035,29374.696733,0.041,2
2026-09-09,18:01:25,0.160192,0.094663,0.00035,29374.696733,0.041,2
2026-09-09,18:01:26,0.14554,0.094663,0.00035,29374.697083,0.042,2
2026-09-09,18:01:26,0.225461,0.094663,0.00037,29374.697453,0.042,2
2026-09-09,18:01:27,0.225461,0.092392,0.00036,29374.697453,0.042,2
2026-09-09,18:01:28,0.102977,0.092392,0.00036,29374.697813,0.042,2
2026-09-09,18:01:28,0.143124,0.092392,0.00036,29374.698173,0.042,2
2026-09-09,18:01:29,0.105286,0.092392,0.00036,29374.698173,0.042,2
2026-09-09,18:01:30,0.081254,0.092392,0.00036,29374.698533,0.043,2
2026-09-09,18:01:30,0.081254,0.092392,0.00037,29374.698903,0.043,2
2026-09-09,18:01:31,0.103386,0.092392,0.00037,29374.698903,0.044,2
2026-09-09,18:01:32,0.114048,0.092392,0.00037,29374.699273,0.044,2
2026-09-09,18:01:32,0.082709,0.092392,0.00038,29374.699653,0.044,2
2026-09-09,18:01:33,0.103386,0.092392,0.00038,29374.699653,0.044,2
2026-09-09,18:01:34,0.103386,0.092392,0.00038,29374.700033,0.044,2
2026-09-09,18:01:34,0.124063,0.092392,0.00038,29374.700413,0.044,2
2026-09-09,18:01:35,0.124063,0.092392,0.00037,29374.700413,0.043,2
2026-09-09,18:01:36,0.164125,0.092392,0.00037,29374.700783,0.043,2
2026-09-09,18:01:36,0.164125,0.092392,0.00037,29374.701153,0.043,2
2026-09-09,18:01:37,0.144417,0.092392,0.00037,29374.701153,0.043,2
2026-09-09,18:01:38,0.126015,0.092392,0.00037,29374.701523,0.043,2
2026-09-09,18:01:38,0.124383,0.092392,0.00037,29374.701893,0.043,2
2026-09-09,18:01:39,0.103652,0.092392,0.00037,29374.701893,0.042,2
2026-09-09,18:01:40,0.103652,0.092392,0.00036,29374.702253,0.042,2
2026-09-09,18:01:40,0.145113,0.092392,0.00036,29374.702613,0.042,2
2026-09-09,18:01:41,0.103652,0.092392,0.00036,29374.702613,0.042,2
2026-09-09,18:01:42,0.20698,0.092392,0.00036,29374.702973,0.041,2
2026-09-09,18:01:42,0.124383,0.092392,0.00034,29374.703313,0.041,2
2026-09-09,18:01:43,0.124383,0.092392,0.00034,29374.703313,0.041,2
2026-09-09,18:01:44,0.20698,0.092392,0.00034,29374.703653,0.041,2
2026-09-09,18:01:44,0.103652,0.090965,0.00032,29374.703973,0.04,2
2026-09-09,18:01:45,0.145113,0.090965,0.00032,29374.703973,0.04,2
2026-09-09,18:01:46,0.145113,0.090965,0.00032,29374.704293,0.039,2
2026-09-09,18:01:46,0.124383,0.090965,0.00031,29374.704603,0.039,2
2026-09-09,18:01:47,0.136691,0.090965,0.00031,29374.704603,0.039,2
2026-09-09,18:01:48,0.082922,0.090987,0.00031,29374.704913,0.039,2
2026-09-09,18:01:48,0.129194,0.090987,0.00031,29374.705223,0.039,2
2026-09-09,18:01:49,0.129194,0.090987,0.00031,29374.705223,0.039,2
2026-09-09,18:01:50,0.122176,0.090987,0.00031,29374.705533,0.039,2
2026-09-09,18:01:50,0.122176,0.090987,0.00031,29374.705843,0.039,2
2026-09-09,18:01:51,0.102079,0.090987,0.00031,29374.705843,0.039,2
2026-09-09,18:01:52,0.083788,0.090987,0.00031,29374.706153,0.039,2
2026-09-09,18:01:52,0.083788,0.090987,0.00031,29374.706463,0.039,2
2026-09-09,18:01:53,0.125682,0.090987,0.00031,29374.706463,0.039,2
2026-09-09,18:01:54,0.104735,0.090987,0.00031,29374.706773,0.039,2
2026-09-09,18:01:54,0.209469,0.090987,0.00031,29374.707083,0.039,2
2026-09-09,18:01:55,0.209469,0.090987,0.00031,29374.707083,0.039,2
2026-09-09,18:01:56,0.125354,0.090987,0.00031,29374.707393,0.039,2
2026-09-09,18:01:57,0.135916,0.090987,0.00031,29374.707703,0.039,2
2026-09-09,18:01:57,0.08187,0.090903,0.00031,29374.707703,0.039,2
2026-09-09,18:01:58,0.08187,0.090819,0.00031,29374.708013,0.039,2
2026-09-09,18:01:59,0.08187,0.090735,0.00031,29374.708323,0.039,2
2026-09-09,18:01:59,0.08187,0.090735,0.00031,29374.708323,0.039,2
2026-09-09,18:02:00,0.102337,0.09063,0.00031,29374.708633,0.039,2
2026-09-09,18:02:01,0.102337,0.090525,0.00031,29374.708943,0.039,2
2026-09-09,18:02:01,0.228892,0.090525,0.00031,29374.708943,0.039,2
2026-09-09,18:02:02,0.228892,0.090525,0.00031,29374.709253,0.04,2
2026-09-09,18:02:03,0.125028,0.090525,0.00031,29374.709563,0.04,2
2026-09-09,18:02:03,0.145866,0.090525,0.00032,29374.709563,0.04,2
2026-09-09,18:02:04,0.083352,0.090589,0.00032,29374.709883,0.04,2
2026-09-09,18:02:05,0.083352,0.090654,0.00032,29374.710203,0.04,2
2026-09-09,18:02:05,0.083352,0.090654,0.00032,29374.710203,0.04,2
2026-09-09,18:02:06,0.142911,0.090654,0.00032,29374.710523,0.04,2
2026-09-09,18:02:07,0.122176,0.090654,0.00032,29374.710843,0.04,2
2026-09-09,18:02:07,0.081663,0.088522,0.00032,29374.710843,0.04,2
2026-09-09,18:02:08,0.081663,0.088522,0.00031,29374.711163,0.04,2
2026-09-09,18:02:08,0.142911,0.088522,0.00031,29374.711473,0.041,2
2026-09-09,18:02:09,0.14323,0.088522,0.00033,29374.711473,0.041,2
2026-09-09,18:02:10,0.102079,0.088522,0.00033,29374.711803,0.041,2
2026-09-09,18:02:10,0.122495,0.088522,0.00033,29374.712133,0.042,2
2026-09-09,18:02:11,0.122495,0.088522,0.00034,29374.712133,0.042,2
2026-09-09,18:02:12,0.093466,0.088522,0.00034,29374.712473,0.042,2
2026-09-09,18:02:12,0.124728,0.088522,0.00034,29374.712813,0.042,2
2026-09-09,18:02:13,0.163326,0.088522,0.00034,29374.712813,0.041,2
2026-09-09,18:02:14,0.163326,0.086324,0.00032,29374.713153,0.041,2
2026-09-09,18:02:14,0.081663,0.086324,0.00032,29374.713473,0.04,2
2026-09-09,18:02:15,0.142592,0.086324,0.00031,29374.713473,0.04,2
2026-09-09,18:02:16,0.10501,0.086324,0.00031,29374.713783,0.04,2
2026-09-09,18:02:16,0.248126,0.086324,0.00031,29374.714093,0.041,2
2026-09-09,18:02:17,0.248126,0.086324,0.00032,29374.714093,0.041,2
2026-09-09,18:02:18,0.166952,0.086324,0.00032,29374.714413,0.041,2
2026-09-09,18:02:18,0.082922,0.086324,0.00032,29374.714733,0.041,2
2026-09-09,18:02:19,0.082922,0.086429,0.00032,29374.714733,0.041,2
2026-09-09,18:02:20,0.082922,0.086429,0.00032,29374.715053,0.042,2
2026-09-09,18:02:20,0.165844,0.086429,0.00033,29374.715383,0.041,2
2026-09-09,18:02:21,0.085129,0.086755,0.00032,29374.715383,0.041,2
2026-09-09,18:02:22,0.185419,0.086755,0.00032,29374.715703,0.041,2
2026-09-09,18:02:22,0.104461,0.089014,0.00032,29374.716023,0.041,2
2026-09-09,18:02:23,0.104461,0.089014,0.00033,29374.716023,0.041,2
2026-09-09,18:02:24,0.167138,0.089014,0.00033,29374.716353,0.041,2
2026-09-09,18:02:24,0.094342,0.088214,0.00033,29374.716683,0.041,2
2026-09-09,18:02:25,0.082287,0.086209,0.00032,29374.716683,0.041,2
2026-09-09,18:02:26,0.102858,0.08816,0.00032,29374.717003,0.041,2
2026-09-09,18:02:26,0.102858,0.08816,0.00033,29374.717333,0.042,2
2026-09-09,18:02:27,0.084229,0.088248,0.00034,29374.717333,0.042,2
2026-09-09,18:02:28,0.090152,0.089096,0.00034,29374.717673,0.042,2
2026-09-09,18:02:28,0.165417,0.089096,0.00034,29374.718013,0.042,2
2026-09-09,18:02:29,0.165417,0.089331,0.00033,29374.718013,0.041,2
2026-09-09,18:02:30,0.084008,0.089331,0.00033,29374.718343,0.041,2
2026-09-09,18:02:30,0.126012,0.089331,0.00033,29374.718673,0.041,2
2026-09-09,18:02:31,0.142911,0.089331,0.00033,29374.718673,0.04,2
2026-09-09,18:02:32,0.081663,0.089205,0.00032,29374.718993,0.039,2
2026-09-09,18:02:32,0.081663,0.089205,0.0003,29374.719293,0.039,2
2026-09-09,18:02:33,0.159365,0.089205,0.0003,29374.719293,0.039,2
2026-09-09,18:02:34,0.103652,0.091278,0.00031,29374.719603,0.039,2
2026-09-09,18:02:34,0.159365,0.091278,0.00031,29374.719913,0.039,2
2026-09-09,18:02:35,0.159365,0.091278,0.00031,29374.719913,0.039,2
2026-09-09,18:02:36,0.18463,0.091278,0.00031,29374.720223,0.039,2
2026-09-09,18:02:36,0.127298,0.091278,0.00031,29374.720533,0.039,2
2026-09-09,18:02:37,0.082922,0.091057,0.00031,29374.720533,0.039,2
2026-09-09,18:02:38,0.082922,0.088903,0.00031,29374.720843,0.039,2
2026-09-09,18:02:38,0.082922,0.088903,0.0003,29374.721143,0.04,2
2026-09-09,18:02:39,0.207304,0.088903,0.0003,29374.721143,0.04,2
2026-09-09,18:02:40,0.082922,0.087761,0.00031,29374.721453,0.04,2
2026-09-09,18:02:40,0.124383,0.087761,0.00031,29374.721763,0.04,2
2026-09-09,18:02:41,0.180552,0.087761,0.00031,29374.721763,0.04,2
2026-09-09,18:02:42,0.180552,0.087761,0.00031,29374.722073,0.04,2
2026-09-09,18:02:42,0.081663,0.087699,0.00031,29374.722383,0.04,2
2026-09-09,18:02:43,0.092509,0.086664,0.00031,29374.722383,0.04,2
2026-09-09,18:02:44,0.142911,0.086664,0.00031,29374.722693,0.04,2
2026-09-09,18:02:44,0.142911,0.086664,0.00031,29374.722693,0.04,2
2026-09-09,18:02:45,0.163007,0.086664,0.00031,29374.723003,0.04,2
2026-09-09,18:02:46,0.083569,0.086598,0.00031,29374.723313,0.04,2
2026-09-09,18:02:46,0.146246,0.086598,0.00031,29374.723313,0.04,2
2026-09-09,18:02:47,0.102597,0.086598,0.00031,29374.723623,0.041,2
2026-09-09,18:02:48,0.102597,0.086598,0.00032,29374.723943,0.041,2
2026-09-09,18:02:48,0.164155,0.086598,0.00032,29374.723943,0.041,2
2026-09-09,18:02:49,0.128567,0.086598,0.00032,29374.724263,0.041,2
2026-09-09,18:02:50,0.138506,0.086598,0.00032,29374.724583,0.041,2
2026-09-09,18:02:50,0.138506,0.086598,0.00032,29374.724583,0.041,2
2026-09-09,18:02:51,0.123116,0.086598,0.00032,29374.724903,0.041,2
2026-09-09,18:02:52,0.102597,0.086598,0.00032,29374.725223,0.041,2
2026-09-09,18:02:52,0.163834,0.086598,0.00032,29374.725223,0.04,2
2026-09-09,18:02:53,0.112215,0.088804,0.00031,29374.725533,0.04,2
2026-09-09,18:02:54,0.112215,0.088804,0.00032,29374.725843,0.039,2
2026-09-09,18:02:54,0.184354,0.088804,0.00032,29374.725843,0.039,2
2026-09-09,18:02:55,0.082077,0.088611,0.0003,29374.726163,0.039,2
2026-09-09,18:02:56,0.146246,0.088611,0.0003,29374.726463,0.039,2
2026-09-09,18:02:56,0.146246,0.088611,0.0003,29374.726463,0.038,2
2026-09-09,18:02:57,0.163419,0.088611,0.00029,29374.726763,0.038,2
2026-09-09,18:02:58,0.163419,0.088611,0.00029,29374.727053,0.038,2
2026-09-09,18:02:58,0.084008,0.088846,0.00029,29374.727053,0.037,2
2026-09-09,18:02:59,0.144001,0.088846,0.00028,29374.727343,0.037,2
2026-09-09,18:03:00,0.144001,0.088846,0.00028,29374.727623,0.037,2
2026-09-09,18:03:00,0.102858,0.088846,0.00028,29374.727623,0.037,2
2026-09-09,18:03:01,0.12343,0.088846,0.00028,29374.727903,0.037,2
2026-09-09,18:03:02,0.082287,0.086709,0.00028,29374.728183,0.038,2
2026-09-09,18:03:02,0.102858,0.088703,0.00028,29374.728183,0.038,2
2026-09-09,18:03:03,0.102858,0.088703,0.00029,29374.728463,0.039,2
2026-09-09,18:03:04,0.095465,0.089957,0.00029,29374.728753,0.039,2
2026-09-09,18:03:04,0.125027,0.089957,0.00031,29374.728753,0.04,2
2026-09-09,18:03:05,0.091404,0.089957,0.00032,29374.729063,0.04,2
2026-09-09,18:03:06,0.091404,0.089957,0.00032,29374.729383,0.04,2
2026-09-09,18:03:06,0.189165,0.089957,0.00032,29374.729383,0.04,2
2026-09-09,18:03:07,0.104461,0.092111,0.00033,29374.729703,0.04,2
2026-09-09,18:03:08,0.082077,0.092153,0.00033,29374.730033,0.04,2
2026-09-09,18:03:08,0.184354,0.092153,0.00033,29374.730033,0.04,2
2026-09-09,18:03:09,0.184354,0.092153,0.00033,29374.730363,0.04,2
2026-09-09,18:03:10,0.127605,0.092153,0.00033,29374.730693,0.04,2
2026-09-09,18:03:10,0.163193,0.092153,0.00033,29374.730693,0.04,2
2026-09-09,18:03:11,0.122796,0.092153,0.00033,29374.731023,0.04,2
2026-09-09,18:03:12,0.123116,0.092153,0.00033,29374.731353,0.04,2
2026-09-09,18:03:12,0.123116,0.092153,0.00033,29374.731353,0.04,2
2026-09-09,18:03:13,0.123116,0.092153,0.00033,29374.731683,0.04,2
2026-09-09,18:03:14,0.110376,0.092153,0.00033,29374.732013,0.039,2
2026-09-09,18:03:14,0.129586,0.092153,0.00031,29374.732013,0.039,2
2026-09-09,18:03:15,0.129586,0.091237,0.0003,29374.732323,0.038,2
2026-09-09,18:03:16,0.083352,0.091237,0.0003,29374.732623,0.037,2
2026-09-09,18:03:16,0.143636,0.091237,0.00029,29374.732623,0.037,2
2026-09-09,18:03:17,0.122796,0.091237,0.00029,29374.732913,0.037,2
2026-09-09,18:03:18,0.102597,0.091237,0.00029,29374.733203,0.037,2
2026-09-09,18:03:18,0.102597,0.091237,0.00029,29374.733203,0.037,2
2026-09-09,18:03:19,0.124702,0.091237,0.00029,29374.733493,0.037,2
2026-09-09,18:03:19,0.125028,0.091237,0.00029,29374.733783,0.037,2
2026-09-09,18:03:20,0.125028,0.091237,0.00029,29374.733783,0.037,2
2026-09-09,18:03:21,0.125028,0.091006,0.00029,29374.734073,0.038,2
2026-09-09,18:03:21,0.081254,0.091006,0.0003,29374.734373,0.038,2
2026-09-09,18:03:22,0.082922,0.088076,0.00029,29374.734373,0.038,2
2026-09-09,18:03:23,0.124383,0.088076,0.00029,29374.734663,0.038,2
2026-09-09,18:03:23,0.16552,0.088076,0.00029,29374.734953,0.039,2
2026-09-09,18:03:24,0.16552,0.088161,0.0003,29374.734953,0.039,2
2026-09-09,18:03:25,0.082922,0.088161,0.0003,29374.735253,0.039,2
2026-09-09,18:03:25,0.128917,0.088161,0.0003,29374.735553,0.039,2
2026-09-09,18:03:26,0.235033,0.088161,0.0003,29374.735553,0.039,2
2026-09-09,18:03:27,0.159155,0.088161,0.0003,29374.735853,0.039,2
2026-09-09,18:03:27,0.159155,0.088161,0.0003,29374.736153,0.039,2
2026-09-09,18:03:28,0.103121,0.090072,0.00031,29374.736153,0.039,2
2026-09-09,18:03:29,0.14018,0.090072,0.00031,29374.736463,0.039,2
2026-09-09,18:03:29,0.103121,0.090072,0.00031,29374.736773,0.039,2
2026-09-09,18:03:30,0.103121,0.090072,0.00031,29374.736773,0.039,2
2026-09-09,18:03:31,0.123423,0.090072,0.00031,29374.737083,0.039,2
2026-09-09,18:03:31,0.082497,0.090093,0.00031,29374.737393,0.039,2
2026-09-09,18:03:32,0.133413,0.090093,0.00031,29374.737393,0.039,2
2026-09-09,18:03:33,0.14437,0.090093,0.00031,29374.737703,0.039,2
2026-09-09,18:03:33,0.14437,0.088057,0.00031,29374.738013,0.039,2
2026-09-09,18:03:34,0.082497,0.088057,0.00031,29374.738013,0.039,2
2026-09-09,18:03:35,0.123745,0.088057,0.0003,29374.738313,0.039,2
2026-09-09,18:03:35,0.14437,0.088057,0.00031,29374.738623,0.04,2
2026-09-09,18:03:36,0.225578,0.088057,0.00031,29374.738623,0.04,2
2026-09-09,18:03:37,0.225578,0.088057,0.00031,29374.738933,0.041,2
2026-09-09,18:03:37,0.121881,0.088057,0.00033,29374.739263,0.041,2
2026-09-09,18:03:38,0.165844,0.088057,0.00033,29374.739263,0.042,2
2026-09-09,18:03:39,0.133128,0.088057,0.00034,29374.739603,0.042,2
2026-09-09,18:03:39,0.133128,0.088057,0.00034,29374.739943,0.042,2
2026-09-09,18:03:40,0.196615,0.088057,0.00034,29374.739943,0.042,2
2026-09-09,18:03:41,0.141877,0.088057,0.00034,29374.740283,0.042,2
2026-09-09,18:03:41,0.180282,0.088057,0.00034,29374.740623,0.042,2
2026-09-09,18:03:42,0.101568,0.088667,0.00034,29374.740623,0.042,2
2026-09-09,18:03:43,0.101568,0.088667,0.00034,29374.740963,0.042,2
2026-09-09,18:03:43,0.168658,0.088667,0.00034,29374.741303,0.042,2
2026-09-09,18:03:44,0.083352,0.086556,0.00034,29374.741303,0.042,2
2026-09-09,18:03:45,0.124702,0.086556,0.00033,29374.741633,0.041,2
2026-09-09,18:03:45,0.124702,0.086556,0.00032,29374.741953,0.041,2
2026-09-09,18:03:46,0.10419,0.086556,0.00032,29374.741953,0.041,2
2026-09-09,18:03:47,0.10419,0.086556,0.00032,29374.742273,0.041,2
2026-09-09,18:03:47,0.14554,0.086556,0.00032,29374.742273,0.041,2
2026-09-09,18:03:48,0.083352,0.086684,0.00032,29374.742593,0.041,2
2026-09-09,18:03:49,0.083352,0.086684,0.00032,29374.742913,0.041,2
2026-09-09,18:03:49,0.083352,0.086684,0.00032,29374.742913,0.041,2
2026-09-09,18:03:50,0.10419,0.088977,0.00033,29374.743243,0.041,2
2026-09-09,18:03:51,0.14554,0.088977,0.00033,29374.743573,0.041,2
2026-09-09,18:03:51,0.14554,0.088977,0.00033,29374.743573,0.04,2
2026-09-09,18:03:52,0.166378,0.088977,0.00032,29374.743893,0.04,2
2026-09-09,18:03:53,0.166704,0.088977,0.00032,29374.744213,0.04,2
2026-09-09,18:03:53,0.111679,0.091853,0.00032,29374.744213,0.039,2
2026-09-09,18:03:54,0.083352,0.091896,0.00031,29374.744523,0.039,2
2026-09-09,18:03:55,0.083352,0.091896,0.00031,29374.744833,0.038,2
2026-09-09,18:03:55,0.166053,0.091896,0.00031,29374.744833,0.038,2
2026-09-09,18:03:56,0.10419,0.092003,0.0003,29374.745143,0.038,2
2026-09-09,18:03:57,0.125028,0.096256,0.00032,29374.745443,0.038,2
2026-09-09,18:03:57,0.10419,0.098425,0.00032,29374.745443,0.038,2
2026-09-09,18:03:58,0.10419,0.100739,0.00032,29374.745763,0.038,2
2026-09-09,18:03:59,0.124702,0.100739,0.00033,29374.746083,0.038,2
2026-09-09,18:03:59,0.135121,0.105916,0.00033,29374.746083,0.038,2
2026-09-09,18:04:00,0.103936,0.107974,0.00035,29374.746413,0.038,2
2026-09-09,18:04:01,0.142952,0.107974,0.00035,29374.746763,0.038,2
2026-09-09,18:04:01,0.142952,0.107974,0.00035,29374.746763,0.038,2
2026-09-09,18:04:02,0.126344,0.107974,0.00035,29374.747113,0.038,2
2026-09-09,18:04:03,0.171998,0.107974,0.00035,29374.747463,0.038,2
2026-09-09,18:04:03,0.101822,0.109821,0.00035,29374.747463,0.039,2
2026-09-09,18:04:04,0.101822,0.111776,0.00038,29374.747813,0.039,2
2026-09-09,18:04:05,0.12374,0.111776,0.00038,29374.748193,0.039,2
2026-09-09,18:04:05,0.082709,0.111776,0.00038,29374.748193,0.039,2
2026-09-09,18:04:06,0.124063,0.113015,0.00039,29374.748573,0.039,2
2026-09-09,18:04:07,0.082709,0.113015,0.00039,29374.748963,0.039,2
2026-09-09,18:04:07,0.082709,0.113015,0.00039,29374.748963,0.039,2
2026-09-09,18:04:08,0.09854,0.113015,0.00039,29374.749353,0.039,2
2026-09-09,18:04:09,0.114048,0.113015,0.00039,29374.749743,0.039,2
2026-09-09,18:04:09,0.087555,0.113015,0.00039,29374.749743,0.04,2
2026-09-09,18:04:10,0.121801,0.116859,0.00042,29374.750133,0.04,2
2026-09-09,18:04:11,0.121801,0.116859,0.00042,29374.750553,0.04,2
2026-09-09,18:04:11,0.124063,0.118847,0.00042,29374.750553,0.04,2
2026-09-09,18:04:12,0.335808,0.118847,0.00042,29374.750973,0.04,2
2026-09-09,18:04:13,0.081254,0.118847,0.00042,29374.751393,0.04,2
2026-09-09,18:04:13,0.081254,0.11875,0.00042,29374.751393,0.04,2
2026-09-09,18:04:14,0.124063,0.11875,0.00042,29374.751813,0.04,2
2026-09-09,18:04:15,0.165417,0.11875,0.00042,29374.752233,0.04,2
2026-09-09,18:04:15,0.101314,0.118463,0.00042,29374.752233,0.04,2
2026-09-09,18:04:16,0.102858,0.116278,0.00043,29374.752653,0.041,2
2026-09-09,18:04:17,0.102858,0.113695,0.00043,29374.753083,0.041,2
2026-09-09,18:04:17,0.109287,0.113695,0.00042,29374.753083,0.042,2
2026-09-09,18:04:18,0.14368,0.113695,0.00044,29374.753503,0.042,2
2026-09-09,18:04:19,0.14368,0.113695,0.00044,29374.753943,0.043,2
2026-09-09,18:04:19,0.125037,0.113695,0.00046,29374.753943,0.044,2
2026-09-09,18:04:20,0.125037,0.113695,0.00047,29374.754403,0.044,2
2026-09-09,18:04:21,0.120457,0.113695,0.00047,29374.754873,0.044,2
2026-09-09,18:04:21,0.083569,0.111658,0.00047,29374.754873,0.044,2
2026-09-09,18:04:22,0.167138,0.111658,0.00047,29374.755343,0.044,2
2026-09-09,18:04:23,0.167138,0.112151,0.00047,29374.755813,0.043,2
2026-09-09,18:04:23,0.106747,0.112151,0.00045,29374.755813,0.043,2
2026-09-09,18:04:24,0.224822,0.112151,0.00045,29374.756263,0.043,2
2026-09-09,18:04:25,0.122165,0.111993,0.00045,29374.756713,0.043,2
2026-09-09,18:04:25,0.102337,0.10982,0.00044,29374.756713,0.042,2
2026-09-09,18:04:26,0.102337,0.10982,0.00042,29374.757153,0.042,2
2026-09-09,18:04:27,0.218426,0.10982,0.00042,29374.757573,0.042,2
2026-09-09,18:04:27,0.08187,0.105827,0.00041,29374.757573,0.042,2
2026-09-09,18:04:28,0.147791,0.105827,0.00039,29374.757983,0.041,2
2026-09-09,18:04:29,0.231913,0.105827,0.00039,29374.758373,0.041,2
2026-09-09,18:04:29,0.231913,0.105827,0.00039,29374.758373,0.041,2
2026-09-09,18:04:30,0.124704,0.105891,0.00039,29374.758763,0.041,2
2026-09-09,18:04:31,0.165948,0.105891,0.00039,29374.759153,0.041,2
2026-09-09,18:04:31,0.148643,0.105891,0.00038,29374.759153,0.04,2
2026-09-09,18:04:32,0.148643,0.105891,0.00038,29374.759533,0.04,2
2026-09-09,18:04:33,0.217645,0.105891,0.00038,29374.759913,0.04,2
2026-09-09,18:04:33,0.124704,0.105956,0.00038,29374.759913,0.04,2
2026-09-09,18:04:34,0.145488,0.110373,0.00038,29374.760293,0.04,2
2026-09-09,18:04:35,0.10392,0.110479,0.00039,29374.760683,0.04,2
2026-09-09,18:04:35,0.10392,0.110479,0.00039,29374.760683,0.04,2
2026-09-09,18:04:36,0.207516,0.110479,0.00039,29374.761073,0.04,2
2026-09-09,18:04:37,0.136071,0.113158,0.0004,29374.761473,0.04,2
2026-09-09,18:04:37,0.10392,0.115193,0.00041,29374.761473,0.04,2
2026-09-09,18:04:38,0.084676,0.112986,0.00041,29374.761883,0.039,2
2026-09-09,18:04:39,0.084676,0.112986,0.00039,29374.762273,0.039,2
2026-09-09,18:04:39,0.104245,0.111194,0.00038,29374.762273,0.039,2
2026-09-09,18:04:40,0.083136,0.109274,0.00038,29374.762653,0.039,2
2026-09-09,18:04:41,0.105845,0.111671,0.00038,29374.763033,0.038,2
2026-09-09,18:04:41,0.109159,0.110117,0.00036,29374.763033,0.038,2
2026-09-09,18:04:42,0.109159,0.110117,0.00036,29374.763393,0.037,2
2026-09-09,18:04:43,0.145113,0.110117,0.00035,29374.763743,0.037,2
2026-09-09,18:04:43,0.103652,0.110117,0.00035,29374.764093,0.037,2
2026-09-09,18:04:44,0.082922,0.110117,0.00035,29374.764093,0.037,2
2026-09-09,18:04:45,0.082922,0.110117,0.00035,29374.764443,0.038,2
2026-09-09,18:04:45,0.165844,0.110117,0.00036,29374.764803,0.038,2
2026-09-09,18:04:46,0.193376,0.110117,0.00036,29374.764803,0.038,2
2026-09-09,18:04:47,0.144789,0.110117,0.00036,29374.765163,0.038,2
2026-09-09,18:04:47,0.16552,0.110117,0.00038,29374.765543,0.039,2
2026-09-09,18:04:48,0.16552,0.108011,0.00038,29374.765543,0.039,2
2026-09-09,18:04:49,0.103652,0.108011,0.00037,29374.765913,0.039,2
2026-09-09,18:04:49,0.181715,0.108011,0.00037,29374.766283,0.039,2
2026-09-09,18:04:50,0.165844,0.108011,0.00037,29374.766283,0.039,2
2026-09-09,18:04:51,0.106411,0.104104,0.00036,29374.766643,0.039,2
2026-09-09,18:04:51,0.106411,0.104104,0.00036,29374.766993,0.039,2
2026-09-09,18:04:52,0.082497,0.101961,0.00035,29374.766993,0.038,2
2026-09-09,18:04:53,0.082497,0.096604,0.00032,29374.767313,0.038,2
2026-09-09,18:04:53,0.123101,0.096604,0.00032,29374.767313,0.038,2
2026-09-09,18:04:54,0.123101,0.096604,0.00032,29374.767633,0.038,2
2026-09-09,18:04:55,0.119234,0.096604,0.00032,29374.767953,0.038,2
2026-09-09,18:04:55,0.103121,0.096604,0.00032,29374.768273,0.038,2
2026-09-09,18:04:56,0.123745,0.096604,0.00032,29374.768273,0.038,2
2026-09-09,18:04:57,0.164672,0.096604,0.00032,29374.768593,0.038,2
2026-09-09,18:04:57,0.164672,0.096604,0.00032,29374.768913,0.038,2
2026-09-09,18:04:58,0.123745,0.096604,0.00032,29374.768913,0.038,2
2026-09-09,18:04:59,0.082497,0.094462,0.00031,29374.769233,0.038,2
2026-09-09,18:04:59,0.144047,0.094462,0.00031,29374.769543,0.038,2
2026-09-09,18:05:00,0.126001,0.094462,0.00031,29374.769543,0.039,2
2026-09-09,18:05:01,0.126001,0.094462,0.00032,29374.769853,0.039,2
2026-09-09,18:05:01,0.103121,0.094462,0.00032,29374.770173,0.039,2
2026-09-09,18:05:02,0.118267,0.094462,0.00032,29374.770173,0.039,2
2026-09-09,18:05:03,0.082497,0.094244,0.00034,29374.770493,0.04,2
2026-09-09,18:05:03,0.109888,0.094244,0.00034,29374.770833,0.04,2
2026-09-09,18:05:04,0.109888,0.094244,0.00034,29374.770833,0.04,2
2026-09-09,18:05:05,0.20592,0.094244,0.00034,29374.771173,0.04,2
2026-09-09,18:05:05,0.082497,0.092069,0.00034,29374.771513,0.04,2
2026-09-09,18:05:06,0.082497,0.092005,0.00033,29374.771513,0.04,2
2026-09-09,18:05:07,0.082497,0.091977,0.00034,29374.771843,0.041,2
2026-09-09,18:05:07,0.105565,0.091977,0.00034,29374.772183,0.041,2
2026-09-09,18:05:08,0.202054,0.091977,0.00034,29374.772183,0.041,2
2026-09-09,18:05:09,0.10392,0.091453,0.00033,29374.772523,0.04,2
2026-09-09,18:05:09,0.083136,0.089401,0.00033,29374.772853,0.04,2
2026-09-09,18:05:10,0.083136,0.089152,0.00032,29374.772853,0.039,2
2026-09-09,18:05:11,0.10392,0.089152,0.00032,29374.773173,0.039,2
2026-09-09,18:05:11,0.127361,0.093639,0.00032,29374.773493,0.039,2
2026-09-09,18:05:12,0.144001,0.099789,0.00034,29374.773493,0.039,2
2026-09-09,18:05:13,0.082287,0.099789,0.00034,29374.773833,0.039,2
2026-09-09,18:05:13,0.082287,0.099789,0.00034,29374.774173,0.039,2
2026-09-09,18:05:14,0.12343,0.103882,0.00036,29374.774173,0.039,2
2026-09-09,18:05:15,0.164252,0.103882,0.00036,29374.774533,0.039,2
2026-09-09,18:05:15,0.192859,0.103882,0.00036,29374.774893,0.04,2
2026-09-09,18:05:16,0.192859,0.103882,0.00037,29374.774893,0.04,2
2026-09-09,18:05:17,0.14368,0.103882,0.00037,29374.775263,0.041,2
2026-09-09,18:05:17,0.144001,0.103882,0.00039,29374.775653,0.041,2
2026-09-09,18:05:18,0.082287,0.103861,0.00039,29374.775653,0.041,2
2026-09-09,18:05:19,0.184823,0.103861,0.00039,29374.776043,0.042,2
2026-09-09,18:05:19,0.184823,0.107955,0.0004,29374.776443,0.043,2
2026-09-09,18:05:20,0.12343,0.107955,0.00043,29374.776443,0.043,2
2026-09-09,18:05:21,0.082287,0.107955,0.00043,29374.776873,0.043,2
2026-09-09,18:05:21,0.102858,0.107955,0.00043,29374.777303,0.043,2
2026-09-09,18:05:22,0.12343,0.107955,0.00043,29374.777303,0.043,2
2026-09-09,18:05:23,0.12343,0.107955,0.00043,29374.777733,0.043,2
2026-09-09,18:05:23,0.14368,0.107955,0.00043,29374.778163,0.043,2
2026-09-09,18:05:24,0.097715,0.109477,0.00042,29374.778163,0.042,2
2026-09-09,18:05:25,0.082287,0.107149,0.00042,29374.778583,0.042,2
2026-09-09,18:05:25,0.082287,0.104985,0.00041,29374.778993,0.041,2
2026-09-09,18:05:26,0.082287,0.104985,0.00039,29374.778993,0.04,2
2026-09-09,18:05:27,0.17518,0.104985,0.00039,29374.779383,0.04,2
2026-09-09,18:05:27,0.102858,0.106958,0.00038,29374.779763,0.04,2
2026-09-09,18:05:28,0.113465,0.107912,0.00037,29374.779763,0.039,2
2026-09-09,18:05:29,0.113465,0.105462,0.00037,29374.780133,0.039,2
2026-09-09,18:05:29,0.102858,0.105462,0.00036,29374.780493,0.039,2
2026-09-09,18:05:30,0.123108,0.103372,0.00035,29374.780493,0.039,2
2026-09-09,18:05:31,0.082287,0.103372,0.00035,29374.780843,0.039,2
2026-09-09,18:05:31,0.104465,0.103372,0.00035,29374.781193,0.039,2
2026-09-09,18:05:32,0.104465,0.103372,0.00035,29374.781193,0.04,2
2026-09-09,18:05:33,0.12343,0.103372,0.00037,29374.781563,0.04,2
2026-09-09,18:05:33,0.123108,0.103372,0.00037,29374.781933,0.04,2
2026-09-09,18:05:34,0.187073,0.103372,0.00037,29374.781933,0.04,2
2026-09-09,18:05:35,0.187073,0.101315,0.00037,29374.782303,0.04,2
2026-09-09,18:05:35,0.102858,0.101315,0.00036,29374.782663,0.039,2
2026-09-09,18:05:36,0.125354,0.105622,0.00036,29374.782663,0.039,2
2026-09-09,18:05:37,0.123116,0.105591,0.00036,29374.783023,0.039,2
2026-09-09,18:05:37,0.143636,0.110183,0.00039,29374.783023,0.04,2
2026-09-09,18:05:38,0.143636,0.114266,0.00039,29374.783413,0.04,2
2026-09-09,18:05:39,0.123116,0.114266,0.00041,29374.783823,0.04,2
2026-09-09,18:05:39,0.082077,0.114266,0.00041,29374.783823,0.04,2
2026-09-09,18:05:40,0.104735,0.114266,0.00041,29374.784233,0.041,2
2026-09-09,18:05:41,0.144001,0.120437,0.00042,29374.784653,0.041,2
2026-09-09,18:05:41,0.144001,0.120437,0.00046,29374.784653,0.041,2
2026-09-09,18:05:42,0.144001,0.124552,0.00046,29374.785113,0.041,2
2026-09-09,18:05:43,0.14368,0.127573,0.00047,29374.785583,0.041,2
2026-09-09,18:05:43,0.123108,0.129598,0.00048,29374.785583,0.041,2
2026-09-09,18:05:44,0.123108,0.128152,0.00048,29374.786063,0.04,2
2026-09-09,18:05:45,0.108644,0.128152,0.00046,29374.786523,0.04,2
2026-09-09,18:05:45,0.147216,0.128152,0.00046,29374.786523,0.04,2
2026-09-09,18:05:46,0.164573,0.128152,0.00046,29374.786983,0.039,2
2026-09-09,18:05:47,0.082287,0.128152,0.00044,29374.787423,0.039,2
2026-09-09,18:05:47,0.082287,0.132266,0.00044,29374.787423,0.039,2
2026-09-09,18:05:48,0.144001,0.132266,0.00045,29374.787873,0.04,2
2026-09-09,18:05:49,0.084008,0.132266,0.00047,29374.788343,0.04,2
2026-09-09,18:05:49,0.147014,0.134432,0.00047,29374.788343,0.04,2
2026-09-09,18:05:50,0.088458,0.134432,0.00048,29374.788823,0.041,2
2026-09-09,18:05:51,0.088458,0.134432,0.0005,29374.789323,0.042,2
2026-09-09,18:05:51,0.089413,0.134432,0.0005,29374.789323,0.042,2
2026-09-09,18:05:52,0.123417,0.134462,0.00052,29374.789843,0.042,2
2026-09-09,18:05:53,0.14474,0.134572,0.00052,29374.790363,0.042,2
2026-09-09,18:05:53,0.14474,0.132599,0.00052,29374.790363,0.042,2
2026-09-09,18:05:54,0.103386,0.132599,0.00051,29374.790873,0.042,2
2026-09-09,18:05:55,0.082709,0.12647,0.00049,29374.791363,0.042,2
2026-09-09,18:05:55,0.082709,0.120341,0.00049,29374.791363,0.042,2
2026-09-09,18:05:56,0.103386,0.116311,0.00047,29374.791833,0.042,2
2026-09-09,18:05:57,0.103386,0.115567,0.00045,29374.792303,0.042,2
2026-09-09,18:05:57,0.115663,0.115567,0.00045,29374.792303,0.042,2
2026-09-09,18:05:58,0.089586,0.113661,0.00044,29374.792753,0.042,2
2026-09-09,18:05:59,0.126012,0.113661,0.00044,29374.793193,0.042,2
2026-09-09,18:05:59,0.163326,0.113661,0.00044,29374.793193,0.042,2
2026-09-09,18:06:00,0.163326,0.113661,0.00044,29374.793633,0.041,2
2026-09-09,18:06:01,0.118348,0.113661,0.00042,29374.794073,0.041,2
2026-09-09,18:06:01,0.165948,0.113661,0.00042,29374.794073,0.041,2
2026-09-09,18:06:02,0.10392,0.109653,0.00041,29374.794493,0.041,2
2026-09-09,18:06:03,0.10392,0.103265,0.00038,29374.794903,0.041,2
2026-09-09,18:06:03,0.083136,0.103265,0.00038,29374.794903,0.041,2
2026-09-09,18:06:04,0.124704,0.103265,0.00038,29374.795283,0.041,2
2026-09-09,18:06:05,0.124704,0.103265,0.00038,29374.795663,0.041,2
2026-09-09,18:06:05,0.10392,0.103265,0.00038,29374.795663,0.04,2
2026-09-09,18:06:06,0.10392,0.103265,0.00037,29374.796043,0.039,2
2026-09-09,18:06:07,0.106864,0.103265,0.00037,29374.796413,0.039,2
2026-09-09,18:06:07,0.10392,0.103265,0.00035,29374.796413,0.039,2
2026-09-09,18:06:08,0.142233,0.103265,0.00035,29374.796763,0.039,2
2026-09-09,18:06:09,0.122187,0.103265,0.00035,29374.797113,0.039,2
2026-09-09,18:06:09,0.122187,0.103265,0.00035,29374.797113,0.039,2
2026-09-09,18:06:10,0.101822,0.103265,0.00035,29374.797463,0.04,2
2026-09-09,18:06:11,0.142551,0.103265,0.00035,29374.797813,0.04,2
2026-09-09,18:06:11,0.082709,0.099194,0.00037,29374.797813,0.04,2
2026-09-09,18:06:12,0.082709,0.092991,0.00033,29374.798183,0.041,2
2026-09-09,18:06:13,0.082709,0.092991,0.00033,29374.798513,0.04,2
2026-09-09,18:06:13,0.103386,0.092991,0.00033,29374.798513,0.04,2
2026-09-09,18:06:14,0.14474,0.092991,0.00033,29374.798843,0.04,2
2026-09-09,18:06:15,0.144417,0.092991,0.00033,29374.799173,0.04,2
2026-09-09,18:06:15,0.144417,0.092991,0.00033,29374.799173,0.039,2
2026-09-09,18:06:16,0.103386,0.092991,0.00032,29374.799503,0.039,2
2026-09-09,18:06:17,0.082709,0.092991,0.00032,29374.799823,0.039,2
2026-09-09,18:06:18,0.082709,0.092991,0.00032,29374.799823,0.039,2
2026-09-09,18:06:18,0.165417,0.092991,0.00033,29374.800143,0.04,2
2026-09-09,18:06:19,0.165417,0.092991,0.00033,29374.800473,0.04,2
2026-09-09,18:06:20,0.119217,0.092991,0.00033,29374.800473,0.04,2
2026-09-09,18:06:20,0.165417,0.092991,0.00033,29374.800803,0.04,2
2026-09-09,18:06:21,0.118248,0.092991,0.00033,29374.801133,0.04,2
2026-09-09,18:06:22,0.14474,0.092991,0.00033,29374.801133,0.04,2
2026-09-09,18:06:22,0.14474,0.092991,0.00033,29374.801463,0.04,2
2026-09-09,18:06:23,0.185771,0.092991,0.00033,29374.801793,0.04,2
2026-09-09,18:06:24,0.11534,0.096254,0.00034,29374.801793,0.04,2
2026-09-09,18:06:24,0.126648,0.100648,0.00034,29374.802133,0.039,2
2026-09-09,18:06:25,0.126648,0.104784,0.00034,29374.802473,0.039,2
2026-09-09,18:06:26,0.14474,0.104784,0.00036,29374.802473,0.039,2
2026-09-09,18:06:26,0.160248,0.109242,0.00037,29374.802833,0.039,2
2026-09-09,18:06:27,0.107909,0.109242,0.00037,29374.803203,0.039,2
2026-09-09,18:06:28,0.14474,0.109242,0.00037,29374.803203,0.039,2
2026-09-09,18:06:28,0.14474,0.109242,0.00037,29374.803573,0.039,2
2026-09-09,18:06:29,0.126344,0.109242,0.00037,29374.803943,0.039,2
2026-09-09,18:06:30,0.084229,0.108706,0.00037,29374.803943,0.039,2
2026-09-09,18:06:30,0.164672,0.108706,0.00037,29374.804313,0.039,2
2026-09-09,18:06:31,0.144047,0.108706,0.00037,29374.804683,0.039,2
2026-09-09,18:06:32,0.144047,0.108706,0.00037,29374.804683,0.039,2
2026-09-09,18:06:32,0.142758,0.108706,0.00037,29374.805053,0.039,2
2026-09-09,18:06:33,0.164672,0.108706,0.00037,29374.805423,0.039,2
2026-09-09,18:06:34,0.123423,0.108706,0.00039,29374.805423,0.04,2
2026-09-09,18:06:34,0.084008,0.106715,0.00039,29374.805813,0.04,2
2026-09-09,18:06:35,0.084008,0.106715,0.00038,29374.806193,0.04,2
2026-09-09,18:06:36,0.126012,0.106715,0.00038,29374.806193,0.04,2
2026-09-09,18:06:36,0.199847,0.106715,0.00038,29374.806573,0.039,2
2026-09-09,18:06:37,0.177532,0.106715,0.00037,29374.806943,0.039,2
2026-09-09,18:06:38,0.177532,0.106802,0.00037,29374.807313,0.038,2
2026-09-09,18:06:38,0.084008,0.106802,0.00037,29374.807313,0.037,2
2026-09-09,18:06:39,0.12343,0.106802,0.00034,29374.807653,0.037,2
2026-09-09,18:06:40,0.187395,0.106802,0.00032,29374.807973,0.036,2
2026-09-09,18:06:40,0.185145,0.106802,0.00032,29374.807973,0.036,2
2026-09-09,18:06:41,0.185145,0.108174,0.00032,29374.808293,0.036,2
2026-09-09,18:06:42,0.09643,0.108174,0.00032,29374.808613,0.036,2
2026-09-09,18:06:42,0.115394,0.111443,0.00032,29374.808613,0.036,2
2026-09-09,18:06:43,0.102858,0.11139,0.00033,29374.808943,0.037,2
2026-09-09,18:06:44,0.184823,0.11139,0.00035,29374.809293,0.037,2
2026-09-09,18:06:44,0.184823,0.11139,0.00035,29374.809293,0.038,2
2026-09-09,18:06:45,0.135644,0.11139,0.00037,29374.809663,0.039,2
2026-09-09,18:06:46,0.144001,0.11139,0.00038,29374.810043,0.039,2
2026-09-09,18:06:46,0.12343,0.11139,0.00038,29374.810043,0.039,2
2026-09-09,18:06:47,0.12343,0.108085,0.00038,29374.810423,0.04,2
2026-09-09,18:06:48,0.082287,0.108085,0.00039,29374.810813,0.04,2
2026-09-09,18:06:48,0.121577,0.108085,0.00039,29374.810813,0.04,2
2026-09-09,18:06:49,0.082497,0.10367,0.00037,29374.811183,0.04,2
2026-09-09,18:06:50,0.103121,0.099508,0.00035,29374.811533,0.04,2
2026-09-09,18:06:50,0.103121,0.093795,0.00035,29374.811533,0.04,2
2026-09-09,18:06:51,0.103121,0.093795,0.00033,29374.811863,0.04,2
2026-09-09,18:06:52,0.164994,0.093795,0.00033,29374.812193,0.04,2
2026-09-09,18:06:52,0.169828,0.093795,0.00033,29374.812193,0.039,2
2026-09-09,18:06:53,0.155971,0.093795,0.00032,29374.812513,0.039,2
2026-09-09,18:06:54,0.155971,0.093795,0.00032,29374.812833,0.039,2
2026-09-09,18:06:54,0.111178,0.093795,0.00032,29374.812833,0.04,2
2026-09-09,18:06:55,0.082497,0.093795,0.00033,29374.813163,0.04,2
2026-09-09,18:06:56,0.144047,0.093795,0.00033,29374.813493,0.04,2
2026-09-09,18:06:56,0.144047,0.093795,0.00033,29374.813493,0.041,2
2026-09-09,18:06:57,0.144047,0.093795,0.00035,29374.813843,0.041,2
2026-09-09,18:06:58,0.149526,0.093795,0.00035,29374.814193,0.041,2
2026-09-09,18:06:58,0.164994,0.093795,0.00035,29374.814193,0.041,2
2026-09-09,18:06:59,0.116978,0.093795,0.00035,29374.814543,0.041,2
2026-09-09,18:07:00,0.116978,0.093795,0.00035,29374.814893,0.041,2
2026-09-09,18:07:00,0.14437,0.093795,0.00035,29374.814893,0.041,2
2026-09-09,18:07:01,0.125683,0.093795,0.00035,29374.815243,0.041,2
2026-09-09,18:07:02,0.103121,0.093795,0.00035,29374.815593,0.041,2
2026-09-09,18:07:02,0.082497,0.093795,0.00035,29374.815593,0.04,2
2026-09-09,18:07:03,0.082497,0.125776,0.00045,29374.815943,0.04,2
2026-09-09,18:07:04,0.082497,0.125776,0.00045,29374.816393,0.039,2
2026-09-09,18:07:04,0.247491,0.125776,0.00043,29374.816393,0.039,2
2026-09-09,18:07:05,0.164672,0.125776,0.00043,29374.816823,0.039,2
2026-09-09,18:07:06,0.082497,0.125776,0.00043,29374.817253,0.039,2
2026-09-09,18:07:06,0.082497,0.125776,0.00043,29374.817253,0.039,2
2026-09-09,18:07:07,0.089587,0.125776,0.00043,29374.817683,0.039,2
2026-09-09,18:07:08,0.082497,0.125776,0.00043,29374.818113,0.039,2
2026-09-09,18:07:08,0.135347,0.124906,0.00043,29374.818113,0.039,2
2026-09-09,18:07:09,0.135347,0.127001,0.00044,29374.818543,0.039,2
2026-09-09,18:07:10,0.164994,0.127001,0.00044,29374.818983,0.039,2
2026-09-09,18:07:10,0.14727,0.126775,0.00043,29374.818983,0.039,2
2026-09-09,18:07:11,0.103121,0.120588,0.00041,29374.819413,0.039,2
2026-09-09,18:07:12,0.14437,0.120588,0.00041,29374.819823,0.039,2
2026-09-09,18:07:12,0.14437,0.120588,0.00041,29374.819823,0.039,2
2026-09-09,18:07:13,0.082497,0.120588,0.00041,29374.820233,0.04,2
2026-09-09,18:07:14,0.125683,0.121458,0.00042,29374.820653,0.04,2
2026-09-09,18:07:14,0.165094,0.121458,0.00043,29374.820653,0.04,2
2026-09-09,18:07:15,0.153052,0.121458,0.00043,29374.821083,0.04,2
2026-09-09,18:07:16,0.153052,0.121458,0.00043,29374.821513,0.04,2
2026-09-09,18:07:16,0.082709,0.121458,0.00043,29374.821513,0.039,2
2026-09-09,18:07:17,0.121801,0.119201,0.00043,29374.821943,0.039,2
2026-09-09,18:07:18,0.12374,0.119007,0.00041,29374.822353,0.039,2
2026-09-09,18:07:18,0.10177,0.118872,0.00041,29374.822353,0.038,2
2026-09-09,18:07:19,0.10177,0.118872,0.00041,29374.822763,0.038,2
2026-09-09,18:07:20,0.124063,0.123029,0.0004,29374.823163,0.038,2
2026-09-09,18:07:20,0.098217,0.124601,0.00041,29374.823163,0.038,2
2026-09-09,18:07:21,0.142479,0.124601,0.00041,29374.823573,0.038,2
2026-09-09,18:07:22,0.142479,0.124601,0.00041,29374.823983,0.038,2
2026-09-09,18:07:22,0.116632,0.124601,0.00041,29374.823983,0.038,2
2026-09-09,18:07:23,0.13634,0.124601,0.00041,29374.824393,0.038,2
2026-09-09,18:07:24,0.144417,0.124601,0.00041,29374.824803,0.038,2
2026-09-09,18:07:24,0.124063,0.124601,0.00041,29374.824803,0.038,2
2026-09-09,18:07:25,0.124063,0.124601,0.00041,29374.825213,0.038,2
2026-09-09,18:07:26,0.143125,0.124601,0.00041,29374.825623,0.038,2
2026-09-09,18:07:26,0.103386,0.124601,0.00041,29374.825623,0.038,2
2026-09-09,18:07:27,0.124063,0.124601,0.00041,29374.826033,0.039,2
2026-09-09,18:07:28,0.124063,0.124601,0.00043,29374.826463,0.04,2
2026-09-09,18:07:28,0.124063,0.124601,0.00045,29374.826463,0.041,2
2026-09-09,18:07:29,0.186095,0.124601,0.00045,29374.826913,0.041,2
2026-09-09,18:07:30,0.131494,0.124601,0.00048,29374.827393,0.042,2
2026-09-09,18:07:30,0.084008,0.124601,0.00048,29374.827393,0.042,2
2026-09-09,18:07:31,0.084008,0.124601,0.00048,29374.827873,0.041,2
2026-09-09,18:07:32,0.082709,0.124601,0.00046,29374.828333,0.04,2
2026-09-09,18:07:32,0.165094,0.124601,0.00045,29374.828333,0.04,2
2026-09-09,18:07:33,0.136663,0.124601,0.00045,29374.828783,0.04,2
2026-09-09,18:07:34,0.082709,0.124601,0.00045,29374.829233,0.039,2
2026-09-09,18:07:34,0.082709,0.12344,0.00045,29374.829233,0.039,2
2026-09-09,18:07:35,0.12374,0.12344,0.00042,29374.829653,0.038,2
2026-09-09,18:07:36,0.17628,0.12344,0.00041,29374.830063,0.038,2
2026-09-09,18:07:36,0.083136,0.12344,0.00041,29374.830063,0.038,2
2026-09-09,18:07:37,0.200968,0.12344,0.00041,29374.830473,0.037,2
2026-09-09,18:07:38,0.200968,0.12344,0.00039,29374.830863,0.037,2
2026-09-09,18:07:38,0.081663,0.12344,0.00039,29374.830863,0.037,2
2026-09-09,18:07:39,0.081663,0.12344,0.00039,29374.831253,0.037,2
2026-09-09,18:07:40,0.085358,0.12344,0.00039,29374.831643,0.037,2
2026-09-09,18:07:40,0.085358,0.12344,0.00039,29374.831643,0.036,2
2026-09-09,18:07:41,0.082709,0.12344,0.00037,29374.832013,0.036,2
2026-09-09,18:07:42,0.105001,0.12344,0.00037,29374.832383,0.036,2
2026-09-09,18:07:42,0.211295,0.12344,0.00037,29374.832383,0.035,2
2026-09-09,18:07:43,0.181571,0.12344,0.00035,29374.832733,0.035,2
2026-09-09,18:07:44,0.181571,0.117279,0.00034,29374.833073,0.036,2
2026-09-09,18:07:44,0.103386,0.117279,0.00034,29374.833073,0.037,2
2026-09-09,18:07:45,0.12374,0.114926,0.00036,29374.833433,0.037,2
2026-09-09,18:07:46,0.121155,0.11673,0.00038,29374.833813,0.038,2
2026-09-09,18:07:46,0.124063,0.116568,0.00038,29374.833813,0.039,2
2026-09-09,18:07:47,0.124063,0.116568,0.0004,29374.834213,0.04,2
2026-09-09,18:07:48,0.144417,0.118829,0.00042,29374.834633,0.041,2
2026-09-09,18:07:48,0.14474,0.120929,0.00042,29374.834633,0.041,2
2026-09-09,18:07:49,0.289157,0.120929,0.00045,29374.835083,0.042,2
2026-09-09,18:07:50,0.110732,0.121825,0.00047,29374.835553,0.042,2
2026-09-09,18:07:50,0.110732,0.121825,0.00047,29374.835553,0.042,2
2026-09-09,18:07:51,0.19953,0.121825,0.00047,29374.836023,0.042,2
2026-09-09,18:07:52,0.082922,0.121825,0.00047,29374.836493,0.042,2
2026-09-09,18:07:52,0.16552,0.121825,0.00047,29374.836493,0.042,2
2026-09-09,18:07:53,0.16552,0.121825,0.00047,29374.836963,0.042,2
2026-09-09,18:07:54,0.082922,0.121825,0.00047,29374.837433,0.042,2
2026-09-09,18:07:54,0.163326,0.121825,0.00047,29374.837433,0.042,2
2026-09-09,18:07:55,0.14592,0.121825,0.00047,29374.837903,0.042,2
2026-09-09,18:07:56,0.125354,0.121825,0.00047,29374.838373,0.042,2
2026-09-09,18:07:56,0.125354,0.121825,0.00047,29374.838373,0.042,2
2026-09-09,18:07:57,0.093689,0.121825,0.00047,29374.838843,0.042,2
2026-09-09,18:07:58,0.142911,0.12371,0.00048,29374.839323,0.042,2
2026-09-09,18:07:58,0.082922,0.12371,0.00048,29374.839323,0.043,2
2026-09-09,18:07:59,0.18625,0.12371,0.0005,29374.839803,0.043,2
2026-09-09,18:08:00,0.18625,0.12371,0.0005,29374.840303,0.042,2
2026-09-09,18:08:00,0.137987,0.12371,0.00048,29374.840303,0.042,2
2026-09-09,18:08:01,0.165844,0.12371,0.00048,29374.840783,0.042,2
2026-09-09,18:08:02,0.141172,0.12371,0.00048,29374.841263,0.041,2
2026-09-09,18:08:02,0.141172,0.123257,0.00046,29374.841263,0.041,2
2026-09-09,18:08:03,0.093689,0.123257,0.00046,29374.841723,0.041,2
2026-09-09,18:08:04,0.082287,0.119112,0.00046,29374.842183,0.041,2
2026-09-09,18:08:04,0.102858,0.119059,0.00044,29374.842183,0.041,2
2026-09-09,18:08:05,0.208923,0.119059,0.00046,29374.842623,0.042,2
2026-09-09,18:08:06,0.208923,0.119221,0.00046,29374.843083,0.042,2
2026-09-09,18:08:06,0.125354,0.119221,0.00046,29374.843083,0.042,2
2026-09-09,18:08:07,0.158324,0.122937,0.00048,29374.843543,0.042,2
2026-09-09,18:08:08,0.21741,0.122937,0.00048,29374.844023,0.042,2
2026-09-09,18:08:08,0.146246,0.125156,0.00048,29374.844023,0.042,2
2026-09-09,18:08:09,0.146246,0.125156,0.0005,29374.844503,0.042,2
2026-09-09,18:08:10,0.172688,0.127983,0.0005,29374.845003,0.041,2
2026-09-09,18:08:10,0.170403,0.130549,0.00049,29374.845003,0.041,2
2026-09-09,18:08:11,0.120215,0.131497,0.00049,29374.845493,0.041,2
2026-09-09,18:08:12,0.120215,0.131607,0.00049,29374.845983,0.042,2
2026-09-09,18:08:12,0.144001,0.131607,0.00051,29374.845983,0.041,2
2026-09-09,18:08:13,0.12343,0.134581,0.0005,29374.846493,0.041,2
2026-09-09,18:08:14,0.135323,0.139884,0.0005,29374.846993,0.041,2
2026-09-09,18:08:14,0.14368,0.143966,0.00054,29374.846993,0.041,2
2026-09-09,18:08:15,0.14368,0.143613,0.00054,29374.847533,0.041,2
2026-09-09,18:08:16,0.121823,0.143613,0.00054,29374.848073,0.04,2
2026-09-09,18:08:16,0.082287,0.143613,0.00051,29374.848073,0.04,2
2026-09-09,18:08:17,0.123108,0.140092,0.0005,29374.848583,0.04,2
2026-09-09,18:08:18,0.151971,0.140664,0.0005,29374.849083,0.04,2
2026-09-09,18:08:18,0.151971,0.140664,0.0005,29374.849083,0.04,2
2026-09-09,18:08:19,0.188689,0.142264,0.0005,29374.849583,0.04,2
2026-09-09,18:08:20,0.123745,0.142264,0.00051,29374.850093,0.04,2
2026-09-09,18:08:20,0.123423,0.142264,0.00051,29374.850093,0.04,2
2026-09-09,18:08:21,0.164672,0.141691,0.00051,29374.850603,0.04,2
2026-09-09,18:08:22,0.164672,0.141691,0.00051,29374.851113,0.041,2
2026-09-09,18:08:22,0.082497,0.141691,0.00053,29374.851113,0.041,2
2026-09-09,18:08:23,0.175628,0.147233,0.00053,29374.851643,0.041,2
2026-09-09,18:08:24,0.164994,0.149332,0.00055,29374.852193,0.041,2
2026-09-09,18:08:24,0.164994,0.149332,0.00056,29374.852193,0.041,2
2026-09-09,18:08:25,0.082497,0.149332,0.00056,29374.852753,0.042,2
2026-09-09,18:08:26,0.185296,0.155518,0.0006,29374.853353,0.042,2
2026-09-09,18:08:26,0.167576,0.158744,0.00059,29374.853353,0.041,2
2026-09-09,18:08:27,0.125682,0.156944,0.00059,29374.853943,0.041,2
2026-09-09,18:08:28,0.125682,0.15733,0.00059,29374.854533,0.041,2
2026-09-09,18:08:28,0.125682,0.15733,0.00059,29374.854533,0.041,2
2026-09-09,18:08:29,0.08187,0.15733,0.00059,29374.855123,0.041,2
2026-09-09,18:08:30,0.08187,0.15733,0.00059,29374.855713,0.04,2
2026-09-09,18:08:30,0.102337,0.15733,0.00056,29374.855713,0.04,2
2026-09-09,18:08:31,0.102337,0.15733,0.00056,29374.856273,0.039,2
2026-09-09,18:08:32,0.170634,0.162082,0.00056,29374.856833,0.039,2
2026-09-09,18:08:32,0.082497,0.162082,0.00056,29374.856833,0.039,2
2026-09-09,18:08:33,0.123745,0.15926,0.00056,29374.857393,0.039,2
2026-09-09,18:08:34,0.123745,0.15926,0.00055,29374.857943,0.039,2
2026-09-09,18:08:34,0.164994,0.15926,0.00055,29374.857943,0.039,2
2026-09-09,18:08:35,0.158171,0.15926,0.00055,29374.858493,0.039,2
2026-09-09,18:08:36,0.168015,0.15926,0.00057,29374.859063,0.04,2
2026-09-09,18:08:36,0.252023,0.15926,0.00057,29374.859063,0.04,2
2026-09-09,18:08:37,0.252023,0.153189,0.00057,29374.859633,0.041,2
2026-09-09,18:08:38,0.127981,0.153189,0.00057,29374.860203,0.041,2
2026-09-09,18:08:38,0.188033,0.153189,0.00057,29374.860203,0.041,2
2026-09-09,18:08:39,0.13881,0.153189,0.00057,29374.860773,0.041,2
2026-09-09,18:08:40,0.184823,0.155204,0.00058,29374.861353,0.041,2
2026-09-09,18:08:40,0.184823,0.155204,0.00058,29374.861353,0.041,2
2026-09-09,18:08:41,0.12343,0.155204,0.00058,29374.861933,0.041,2
2026-09-09,18:08:42,0.12343,0.155204,0.00058,29374.862513,0.041,2
2026-09-09,18:08:42,0.082287,0.155204,0.00058,29374.862513,0.041,2
2026-09-09,18:08:43,0.082287,0.155204,0.00058,29374.863093,0.042,2
2026-09-09,18:08:44,0.082287,0.155204,0.0006,29374.863693,0.042,2
2026-09-09,18:08:44,0.102858,0.155204,0.0006,29374.863693,0.042,2
2026-09-09,18:08:45,0.126015,0.155204,0.0006,29374.864293,0.042,2
2026-09-09,18:08:46,0.107909,0.155204,0.0006,29374.864893,0.042,2
2026-09-09,18:08:46,0.107909,0.155204,0.0006,29374.864893,0.041,2
2026-09-09,18:08:47,0.082709,0.155204,0.00058,29374.865473,0.04,2
2026-09-09,18:08:48,0.144417,0.152083,0.00054,29374.866013,0.04,2
2026-09-09,18:08:48,0.115986,0.147182,0.00054,29374.866013,0.04,2
2026-09-09,18:08:49,0.14474,0.143126,0.00053,29374.866543,0.039,2
2026-09-09,18:08:50,0.14474,0.143126,0.00049,29374.867033,0.039,2
2026-09-09,18:08:50,0.230357,0.143126,0.00049,29374.867033,0.04,2
2026-09-09,18:08:51,0.150879,0.141457,0.00051,29374.867543,0.04,2
2026-09-09,18:08:52,0.124063,0.141295,0.00051,29374.868053,0.04,2
2026-09-09,18:08:52,0.082709,0.141295,0.00051,29374.868053,0.041,2
2026-09-09,18:08:53,0.082709,0.141295,0.00053,29374.868583,0.041,2
2026-09-09,18:08:54,0.185771,0.141295,0.00053,29374.869113,0.041,2
2026-09-09,18:08:54,0.138279,0.141295,0.00053,29374.869113,0.041,2
2026-09-09,18:08:55,0.116632,0.141295,0.00053,29374.869643,0.041,2
2026-09-09,18:08:56,0.116632,0.141295,0.00051,29374.870153,0.04,2
2026-09-09,18:08:56,0.082709,0.141295,0.00051,29374.870153,0.04,2
2026-09-09,18:08:57,0.124063,0.141133,0.00051,29374.870663,0.04,2
2026-09-09,18:08:58,0.124063,0.136476,0.00049,29374.871153,0.04,2
2026-09-09,18:08:58,0.103386,0.13444,0.00049,29374.871153,0.04,2
2026-09-09,18:08:59,0.103386,0.13444,0.00048,29374.871633,0.039,2
2026-09-09,18:09:00,0.247803,0.13444,0.00048,29374.872113,0.039,2
2026-09-09,18:09:01,0.090776,0.13444,0.00046,29374.872113,0.039,2
2026-09-09,18:09:01,0.081254,0.13444,0.00048,29374.872573,0.04,2
2026-09-09,18:09:02,0.124738,0.134116,0.00048,29374.873053,0.04,2
2026-09-09,18:09:03,0.124738,0.130075,0.00048,29374.873053,0.041,2
2026-09-09,18:09:03,0.144417,0.130075,0.00048,29374.873533,0.042,2
2026-09-09,18:09:04,0.124063,0.12804,0.00048,29374.874013,0.042,2
2026-09-09,18:09:05,0.21113,0.12804,0.0005,29374.874013,0.042,2
2026-09-09,18:09:05,0.126678,0.129109,0.0005,29374.874513,0.043,2
2026-09-09,18:09:06,0.126678,0.129109,0.0005,29374.875013,0.042,2
2026-09-09,18:09:07,0.082497,0.129109,0.00052,29374.875013,0.042,2
2026-09-09,18:09:07,0.164994,0.131134,0.00051,29374.875533,0.042,2
2026-09-09,18:09:08,0.156293,0.131676,0.00051,29374.876043,0.041,2
2026-09-09,18:09:09,0.156293,0.131676,0.00049,29374.876043,0.04,2
2026-09-09,18:09:09,0.103121,0.131676,0.00047,29374.876533,0.04,2
2026-09-09,18:09:10,0.123423,0.131676,0.00047,29374.877003,0.04,2
2026-09-09,18:09:11,0.123423,0.131676,0.00047,29374.877003,0.039,2
2026-09-09,18:09:11,0.082497,0.131676,0.00045,29374.877473,0.039,2
2026-09-09,18:09:12,0.082497,0.131676,0.00045,29374.877923,0.04,2
2026-09-09,18:09:13,0.17471,0.131676,0.00047,29374.877923,0.04,2
2026-09-09,18:09:13,0.163739,0.131676,0.00047,29374.878393,0.04,2
2026-09-09,18:09:14,0.131119,0.131676,0.00047,29374.878863,0.041,2
2026-09-09,18:09:15,0.183887,0.131676,0.00049,29374.878863,0.041,2
2026-09-09,18:09:15,0.183887,0.131676,0.00048,29374.879353,0.041,2
2026-09-09,18:09:16,0.10392,0.129661,0.00048,29374.879833,0.041,2
2026-09-09,18:09:17,0.083136,0.125569,0.00047,29374.879833,0.041,2
2026-09-09,18:09:17,0.083136,0.121476,0.00045,29374.880303,0.041,2
2026-09-09,18:09:18,0.083136,0.12153,0.00045,29374.880753,0.041,2
2026-09-09,18:09:19,0.10392,0.12153,0.00045,29374.880753,0.041,2
2026-09-09,18:09:19,0.154906,0.12153,0.00045,29374.881203,0.041,2
2026-09-09,18:09:20,0.14184,0.12153,0.00045,29374.881653,0.041,2
2026-09-09,18:09:21,0.083136,0.12153,0.00045,29374.881653,0.04,2
2026-09-09,18:09:21,0.083136,0.12153,0.00045,29374.882103,0.04,2
2026-09-09,18:09:22,0.085085,0.12153,0.00043,29374.882533,0.04,2
2026-09-09,18:09:23,0.10392,0.12153,0.00043,29374.882533,0.04,2
2026-09-09,18:09:23,0.081663,0.12153,0.00043,29374.882963,0.04,2
2026-09-09,18:09:24,0.188195,0.12153,0.00043,29374.883393,0.04,2
2026-09-09,18:09:25,0.188195,0.12153,0.00043,29374.883393,0.04,2
2026-09-09,18:09:25,0.199288,0.12153,0.00043,29374.883823,0.04,2
2026-09-09,18:09:26,0.102858,0.119342,0.00043,29374.884253,0.04,2
2026-09-09,18:09:27,0.102858,0.115186,0.00039,29374.884253,0.039,2
2026-09-09,18:09:27,0.102858,0.113065,0.00039,29374.884643,0.039,2
2026-09-09,18:09:28,0.102858,0.113065,0.00039,29374.885033,0.039,2
2026-09-09,18:09:29,0.12343,0.11274,0.00039,29374.885033,0.039,2
2026-09-09,18:09:29,0.123108,0.108552,0.00039,29374.885423,0.039,2
2026-09-09,18:09:30,0.12343,0.105266,0.00037,29374.885793,0.039,2
2026-09-09,18:09:31,0.12343,0.105266,0.00036,29374.885793,0.04,2
2026-09-09,18:09:31,0.084008,0.105266,0.00036,29374.886153,0.04,2
2026-09-09,18:09:32,0.103386,0.105266,0.00038,29374.886533,0.04,2
2026-09-09,18:09:33,0.11954,0.105266,0.00038,29374.886533,0.04,2
2026-09-09,18:09:33,0.158956,0.105266,0.00038,29374.886913,0.04,2
2026-09-09,18:09:34,0.158956,0.105266,0.00038,29374.887293,0.04,2
2026-09-09,18:09:35,0.082709,0.103144,0.00037,29374.887293,0.039,2
2026-09-09,18:09:35,0.144417,0.103144,0.00037,29374.887663,0.039,2
2026-09-09,18:09:36,0.144417,0.103144,0.00035,29374.888013,0.039,2
2026-09-09,18:09:37,0.082709,0.103102,0.00034,29374.888013,0.038,2
2026-09-09,18:09:37,0.082709,0.103102,0.00034,29374.888353,0.038,2
2026-09-09,18:09:38,0.230693,0.103102,0.00034,29374.888693,0.038,2
2026-09-09,18:09:39,0.082077,0.102996,0.00034,29374.888693,0.038,2
2026-09-09,18:09:39,0.082077,0.100811,0.00034,29374.889033,0.037,2
2026-09-09,18:09:40,0.082077,0.100811,0.00032,29374.889353,0.037,2
2026-09-09,18:09:41,0.156139,0.100811,0.00032,29374.889353,0.037,2
2026-09-09,18:09:41,0.102597,0.100785,0.00032,29374.889673,0.037,2
2026-09-09,18:09:42,0.122796,0.102779,0.00034,29374.890013,0.038,2
2026-09-09,18:09:43,0.120231,0.104516,0.00034,29374.890013,0.038,2
2026-09-09,18:09:43,0.120231,0.104516,0.00034,29374.890353,0.039,2
2026-09-09,18:09:44,0.298172,0.104516,0.00036,29374.890713,0.039,2
2026-09-09,18:09:45,0.102597,0.102433,0.00036,29374.890713,0.039,2
2026-09-09,18:09:45,0.105286,0.100651,0.00035,29374.891063,0.04,2
2026-09-09,18:09:46,0.084558,0.096764,0.00034,29374.891403,0.04,2
2026-09-09,18:09:47,0.084558,0.096764,0.00034,29374.891403,0.04,2
2026-09-09,18:09:47,0.124723,0.096764,0.00034,29374.891743,0.04,2
2026-09-09,18:09:48,0.177811,0.096764,0.00036,29374.892103,0.041,2
2026-09-09,18:09:49,0.08187,0.09668,0.00036,29374.892103,0.04,2
2026-09-09,18:09:49,0.08187,0.09668,0.00034,29374.892443,0.04,2
2026-09-09,18:09:50,0.14679,0.09668,0.00034,29374.892783,0.04,2
2026-09-09,18:09:51,0.08187,0.096596,0.00034,29374.892783,0.04,2
2026-09-09,18:09:51,0.12438,0.096596,0.00034,29374.893123,0.04,2
2026-09-09,18:09:52,0.124704,0.096596,0.00034,29374.893463,0.04,2
2026-09-09,18:09:53,0.124704,0.096596,0.00034,29374.893463,0.041,2
2026-09-09,18:09:53,0.207516,0.096596,0.00036,29374.893823,0.041,2
2026-09-09,18:09:54,0.198423,0.096596,0.00036,29374.894183,0.041,2
2026-09-09,18:09:55,0.124704,0.100859,0.00036,29374.894183,0.041,2
2026-09-09,18:09:55,0.163674,0.100859,0.00037,29374.894553,0.041,2
2026-09-09,18:09:56,0.163674,0.100859,0.00037,29374.894923,0.041,2
2026-09-09,18:09:57,0.124704,0.100859,0.00037,29374.894923,0.041,2
2026-09-09,18:09:57,0.083136,0.100964,0.00037,29374.895293,0.041,2
2026-09-09,18:09:58,0.106843,0.101389,0.00038,29374.895673,0.041,2
2026-09-09,18:09:59,0.106843,0.101389,0.00038,29374.895673,0.041,2
2026-09-09,18:09:59,0.151907,0.101389,0.00038,29374.896053,0.04,2
2026-09-09,18:10:00,0.394572,0.101389,0.00036,29374.896413,0.04,2
2026-09-09,18:10:01,0.083136,0.097423,0.00036,29374.896413,0.039,2
2026-09-09,18:10:01,0.083136,0.093714,0.00032,29374.896773,0.038,2
2026-09-09,18:10:02,0.083136,0.093714,0.00029,29374.897093,0.037,2
2026-09-09,18:10:03,0.145488,0.093714,0.00029,29374.897093,0.036,2
2026-09-09,18:10:03,0.124704,0.093714,0.00028,29374.897383,0.036,2
2026-09-09,18:10:04,0.124704,0.093714,0.00028,29374.897663,0.036,2
2026-09-09,18:10:05,0.10392,0.093714,0.00028,29374.897663,0.036,2
2026-09-09,18:10:05,0.10392,0.093714,0.00028,29374.897943,0.036,2
2026-09-09,18:10:06,0.10392,0.093714,0.00028,29374.898223,0.037,2
2026-09-09,18:10:07,0.124704,0.093714,0.00028,29374.898223,0.037,2
2026-09-09,18:10:07,0.118534,0.093714,0.00031,29374.898503,0.038,2
2026-09-09,18:10:08,0.10392,0.093714,0.00031,29374.898813,0.039,2
2026-09-09,18:10:09,0.10392,0.093714,0.00032,29374.898813,0.04,2
2026-09-09,18:10:09,0.094827,0.093714,0.00033,29374.899133,0.04,2
2026-09-09,18:10:10,0.204918,0.093714,0.00033,29374.899463,0.04,2
2026-09-09,18:10:11,0.10392,0.093846,0.00033,29374.899463,0.041,2
2026-09-09,18:10:11,0.10392,0.093709,0.00035,29374.899793,0.042,2
2026-09-09,18:10:12,0.10392,0.093709,0.00035,29374.900143,0.042,2
2026-09-09,18:10:13,0.245512,0.093709,0.00036,29374.900143,0.042,2
2026-09-09,18:10:13,0.145164,0.093709,0.00036,29374.900503,0.042,2
2026-09-09,18:10:14,0.09775,0.095029,0.00036,29374.900863,0.042,2
2026-09-09,18:10:15,0.09775,0.095029,0.00037,29374.900863,0.042,2
2026-09-09,18:10:15,0.142911,0.095029,0.00037,29374.901233,0.042,2
2026-09-09,18:10:16,0.081663,0.095008,0.00037,29374.901603,0.042,2
2026-09-09,18:10:17,0.081663,0.094987,0.00037,29374.901603,0.042,2
2026-09-09,18:10:17,0.126653,0.094987,0.00037,29374.901973,0.042,2
2026-09-09,18:10:18,0.126653,0.094987,0.00037,29374.902343,0.042,2
2026-09-09,18:10:19,0.083136,0.09083,0.00035,29374.902343,0.042,2
2026-09-09,18:10:19,0.083136,0.09083,0.00035,29374.902693,0.042,2
2026-09-09,18:10:20,0.129576,0.09083,0.00035,29374.903043,0.041,2
2026-09-09,18:10:21,0.129576,0.09083,0.00034,29374.903043,0.041,2
2026-09-09,18:10:21,0.10392,0.09083,0.00034,29374.903383,0.042,2
2026-09-09,18:10:22,0.10392,0.09083,0.00034,29374.903723,0.042,2
2026-09-09,18:10:23,0.124704,0.09083,0.00035,29374.903723,0.042,2
2026-09-09,18:10:23,0.177171,0.09083,0.00035,29374.904073,0.042,2
2026-09-09,18:10:24,0.177171,0.09038,0.00035,29374.904423,0.042,2
2026-09-09,18:10:25,0.102337,0.09038,0.00035,29374.904423,0.042,2
2026-09-09,18:10:25,0.102337,0.0923,0.00036,29374.904773,0.042,2
2026-09-09,18:10:26,0.122804,0.096267,0.00036,29374.905133,0.042,2
2026-09-09,18:10:27,0.157913,0.101666,0.00039,29374.905133,0.042,2
2026-09-09,18:10:27,0.157913,0.101666,0.00039,29374.905523,0.041,2
2026-09-09,18:10:28,0.166704,0.107944,0.0004,29374.905923,0.041,2
2026-09-09,18:10:29,0.101568,0.107944,0.0004,29374.905923,0.041,2
2026-09-09,18:10:29,0.118172,0.107944,0.0004,29374.906323,0.041,2
2026-09-09,18:10:30,0.118172,0.107944,0.0004,29374.906723,0.041,2
2026-09-09,18:10:31,0.104465,0.107944,0.0004,29374.906723,0.042,2
2026-09-09,18:10:31,0.128573,0.107944,0.0004,29374.907123,0.042,2
2026-09-09,18:10:32,0.12343,0.107944,0.00042,29374.907543,0.042,2
2026-09-09,18:10:33,0.102858,0.107944,0.00042,29374.907543,0.042,2
2026-09-09,18:10:33,0.102858,0.107944,0.00042,29374.907963,0.042,2
2026-09-09,18:10:34,0.14592,0.107944,0.00042,29374.908383,0.042,2
2026-09-09,18:10:35,0.125027,0.107944,0.00042,29374.908383,0.042,2
2026-09-09,18:10:35,0.101568,0.107944,0.00042,29374.908803,0.042,2
2026-09-09,18:10:36,0.083569,0.107944,0.00042,29374.909223,0.041,2
2026-09-09,18:10:37,0.083569,0.107944,0.00041,29374.909223,0.041,2
2026-09-09,18:10:37,0.118307,0.11,0.00041,29374.909633,0.04,2
2026-09-09,18:10:38,0.12047,0.113881,0.00041,29374.910043,0.04,2
2026-09-09,18:10:39,0.152703,0.120985,0.00043,29374.910043,0.04,2
2026-09-09,18:10:39,0.14554,0.127225,0.00043,29374.910473,0.04,2
2026-09-09,18:10:40,0.14554,0.127225,0.00045,29374.910923,0.04,2
2026-09-09,18:10:41,0.10419,0.129331,0.00046,29374.910923,0.04,2
2026-09-09,18:10:41,0.124702,0.131567,0.00046,29374.911383,0.04,2
2026-09-09,18:10:42,0.125028,0.133836,0.00048,29374.911863,0.039,2
2026-09-09,18:10:43,0.125028,0.131975,0.00045,29374.911863,0.039,2
2026-09-09,18:10:43,0.10419,0.131975,0.00045,29374.912313,0.038,2
2026-09-09,18:10:44,0.10419,0.126603,0.00042,29374.912733,0.038,2
2026-09-09,18:10:45,0.141673,0.126603,0.00042,29374.912733,0.038,2
2026-09-09,18:10:45,0.083136,0.126603,0.00042,29374.913153,0.038,2
2026-09-09,18:10:46,0.083136,0.126603,0.00042,29374.913573,0.038,2
2026-09-09,18:10:47,0.100673,0.126603,0.00042,29374.913573,0.039,2
2026-09-09,18:10:47,0.183484,0.126603,0.00042,29374.913993,0.039,2
2026-09-09,18:10:48,0.081663,0.126603,0.00043,29374.914423,0.039,2
2026-09-09,18:10:49,0.083136,0.126603,0.00043,29374.914423,0.039,2
2026-09-09,18:10:49,0.083136,0.126603,0.00043,29374.914853,0.039,2
2026-09-09,18:10:50,0.141916,0.124124,0.00043,29374.915283,0.039,2
2026-09-09,18:10:51,0.083136,0.124124,0.00043,29374.915283,0.039,2
2026-09-09,18:10:51,0.165948,0.124124,0.00043,29374.915713,0.039,2
2026-09-09,18:10:52,0.165948,0.122685,0.00042,29374.916133,0.039,2
2026-09-09,18:10:53,0.10392,0.122685,0.00042,29374.916133,0.039,2
2026-09-09,18:10:53,0.168574,0.122685,0.00042,29374.916553,0.039,2
2026-09-09,18:10:54,0.14368,0.122685,0.00042,29374.916973,0.039,2
2026-09-09,18:10:55,0.123108,0.122685,0.00042,29374.916973,0.039,2
2026-09-09,18:10:55,0.123108,0.122685,0.00042,29374.917393,0.039,2
2026-09-09,18:10:56,0.102858,0.122685,0.00042,29374.917813,0.039,2
2026-09-09,18:10:57,0.164573,0.122685,0.00042,29374.917813,0.039,2
2026-09-09,18:10:57,0.117644,0.122685,0.00042,29374.918233,0.039,2
2026-09-09,18:10:58,0.144001,0.122685,0.00044,29374.918673,0.04,2
2026-09-09,18:10:59,0.144001,0.122685,0.00044,29374.918673,0.04,2
2026-09-09,18:10:59,0.082287,0.122685,0.00044,29374.919113,0.04,2
2026-09-09,18:11:00,0.127287,0.123367,0.00044,29374.919553,0.04,2
2026-09-09,18:11:01,0.103822,0.118479,0.00044,29374.919553,0.04,2
2026-09-09,18:11:01,0.164573,0.118479,0.00042,29374.919973,0.04,2
2026-09-09,18:11:02,0.164573,0.118479,0.00042,29374.920393,0.04,2
2026-09-09,18:11:03,0.125027,0.118479,0.00042,29374.920393,0.04,2
2026-09-09,18:11:03,0.14592,0.118479,0.00042,29374.920813,0.04,2
2026-09-09,18:11:04,0.143636,0.118479,0.00042,29374.921233,0.04,2
2026-09-09,18:11:05,0.143636,0.118479,0.00042,29374.921233,0.04,2
2026-09-09,18:11:05,0.140122,0.118479,0.00042,29374.921653,0.04,2
2026-09-09,18:11:06,0.084008,0.112325,0.0004,29374.922073,0.04,2
2026-09-09,18:11:07,0.084664,0.110373,0.0004,29374.922073,0.04,2
2026-09-09,18:11:07,0.15726,0.110373,0.00039,29374.922473,0.041,2
2026-09-09,18:11:08,0.15726,0.110373,0.00039,29374.922863,0.041,2
2026-09-09,18:11:09,0.118267,0.110373,0.00041,29374.922863,0.041,2
2026-09-09,18:11:09,0.082497,0.106152,0.00039,29374.923273,0.041,2
2026-09-09,18:11:10,0.164994,0.106152,0.00039,29374.923663,0.041,2
2026-09-09,18:11:11,0.112789,0.104928,0.00039,29374.923663,0.04,2
2026-09-09,18:11:11,0.112789,0.104928,0.00037,29374.924053,0.04,2
2026-09-09,18:11:12,0.144047,0.108914,0.00037,29374.924423,0.04,2
2026-09-09,18:11:13,0.082497,0.108914,0.00039,29374.924423,0.04,2
2026-09-09,18:11:13,0.120201,0.110515,0.00038,29374.924813,0.039,2
2026-09-09,18:11:14,0.120201,0.106636,0.00038,29374.925193,0.039,2
2026-09-09,18:11:15,0.103121,0.106636,0.00037,29374.925193,0.039,2
2026-09-09,18:11:15,0.123745,0.108618,0.00037,29374.925563,0.039,2
2026-09-09,18:11:16,0.146301,0.11052,0.00037,29374.925933,0.039,2
2026-09-09,18:11:17,0.081663,0.11052,0.00038,29374.925933,0.039,2
2026-09-09,18:11:17,0.081663,0.11052,0.00038,29374.926313,0.04,2
2026-09-09,18:11:18,0.145164,0.11052,0.00038,29374.926693,0.041,2
2026-09-09,18:11:19,0.207516,0.11052,0.00041,29374.926693,0.041,2
2026-09-09,18:11:19,0.081254,0.108263,0.0004,29374.927103,0.041,2
2026-09-09,18:11:20,0.08893,0.108755,0.0004,29374.927503,0.041,2
2026-09-09,18:11:21,0.08893,0.108755,0.0004,29374.927503,0.041,2
2026-09-09,18:11:21,0.147014,0.108755,0.0004,29374.927903,0.041,2
2026-09-09,18:11:22,0.082497,0.108538,0.0004,29374.928303,0.041,2
2026-09-09,18:11:23,0.103121,0.110601,0.00041,29374.928303,0.04,2
2026-09-09,18:11:23,0.097965,0.109118,0.00039,29374.928713,0.04,2
2026-09-09,18:11:24,0.097965,0.109118,0.00039,29374.929103,0.04,2
2026-09-09,18:11:25,0.144047,0.109118,0.00039,29374.929103,0.04,2
2026-09-09,18:11:25,0.095438,0.104257,0.00037,29374.929493,0.04,2
2026-09-09,18:11:26,0.10392,0.102629,0.00037,29374.929863,0.04,2
2026-09-09,18:11:27,0.10392,0.102709,0.00037,29374.929863,0.04,2
2026-09-09,18:11:27,0.10392,0.102709,0.00037,29374.930233,0.04,2
2026-09-09,18:11:28,0.266296,0.102709,0.00037,29374.930603,0.04,2
2026-09-09,18:11:29,0.145813,0.102709,0.00037,29374.930603,0.04,2
2026-09-09,18:11:29,0.081051,0.09844,0.00035,29374.930973,0.04,2
2026-09-09,18:11:30,0.081051,0.09844,0.00035,29374.931323,0.039,2
2026-09-09,18:11:31,0.165417,0.09844,0.00034,29374.931323,0.039,2
2026-09-09,18:11:31,0.125678,0.09844,0.00034,29374.931663,0.039,2
2026-09-09,18:11:32,0.150556,0.09844,0.00034,29374.932003,0.039,2
2026-09-09,18:11:33,0.14474,0.09844,0.00034,29374.932003,0.039,2
2026-09-09,18:11:33,0.14474,0.09844,0.00034,29374.932343,0.039,2
2026-09-09,18:11:34,0.124063,0.09844,0.00034,29374.932683,0.039,2
2026-09-09,18:11:35,0.124063,0.09844,0.00034,29374.932683,0.039,2
2026-09-09,18:11:35,0.116309,0.09844,0.00034,29374.933023,0.039,2
2026-09-09,18:11:36,0.082709,0.09844,0.00034,29374.933363,0.039,2
2026-09-09,18:11:37,0.082709,0.09844,0.00034,29374.933363,0.038,2
2026-09-09,18:11:37,0.103386,0.09844,0.00034,29374.933703,0.038,2
2026-09-09,18:11:38,0.14184,0.09844,0.00032,29374.934023,0.038,2
2026-09-09,18:11:39,0.142329,0.09844,0.00032,29374.934023,0.038,2
2026-09-09,18:11:39,0.142329,0.09844,0.00032,29374.934343,0.038,2
2026-09-09,18:11:40,0.125354,0.09844,0.00032,29374.934663,0.038,2
2026-09-09,18:11:41,0.084853,0.092295,0.0003,29374.934663,0.038,2
2026-09-09,18:11:41,0.188522,0.092295,0.0003,29374.934963,0.039,2
2026-09-09,18:11:42,0.164027,0.092295,0.00032,29374.935283,0.039,2
2026-09-09,18:11:43,0.164027,0.092295,0.00032,29374.935283,0.04,2
2026-09-09,18:11:43,0.226867,0.092295,0.00032,29374.935603,0.041,2
2026-09-09,18:11:44,0.103121,0.094482,0.00035,29374.935953,0.041,2
2026-09-09,18:11:45,0.14437,0.094482,0.00035,29374.935953,0.041,2
2026-09-09,18:11:45,0.110211,0.094482,0.00035,29374.936303,0.041,2
2026-09-09,18:11:46,0.110211,0.094482,0.00035,29374.936653,0.042,2
2026-09-09,18:11:47,0.146948,0.094482,0.00036,29374.936653,0.042,2
2026-09-09,18:11:47,0.086686,0.094257,0.00036,29374.937013,0.041,2
2026-09-09,18:11:48,0.127014,0.094257,0.00035,29374.937363,0.042,2
2026-09-09,18:11:49,0.127014,0.094257,0.00036,29374.937363,0.042,2
2026-09-09,18:11:49,0.123108,0.094257,0.00036,29374.937723,0.043,2
2026-09-09,18:11:50,0.125027,0.094257,0.00038,29374.938103,0.043,2
2026-09-09,18:11:51,0.120784,0.094257,0.00039,29374.938103,0.044,2
2026-09-09,18:11:51,0.101568,0.094257,0.00039,29374.938493,0.044,2
2026-09-09,18:11:52,0.101568,0.094257,0.00039,29374.938883,0.043,2
2026-09-09,18:11:53,0.18625,0.094257,0.00039,29374.938883,0.043,2
2026-09-09,18:11:53,0.145113,0.094257,0.00038,29374.939263,0.043,2
2026-09-09,18:11:54,0.103652,0.094257,0.00036,29374.939623,0.042,2
2026-09-09,18:11:55,0.144789,0.094257,0.00036,29374.939623,0.041,2
2026-09-09,18:11:55,0.144789,0.094257,0.00035,29374.939973,0.041,2
2026-09-09,18:11:56,0.134748,0.094257,0.00035,29374.940323,0.041,2
2026-09-09,18:11:57,0.112398,0.094257,0.00035,29374.940323,0.041,2
2026-09-09,18:11:57,0.165844,0.094257,0.00035,29374.940673,0.04,2
2026-09-09,18:11:58,0.165844,0.09715,0.00035,29374.941023,0.04,2
2026-09-09,18:11:59,0.111426,0.09715,0.00035,29374.941023,0.04,2
2026-09-09,18:11:59,0.082922,0.09513,0.00034,29374.941363,0.04,2
2026-09-09,18:12:00,0.128917,0.09513,0.00034,29374.941703,0.04,2
2026-09-09,18:12:01,0.148781,0.09513,0.00034,29374.941703,0.04,2
2026-09-09,18:12:01,0.148781,0.09513,0.00034,29374.942043,0.04,2
2026-09-09,18:12:02,0.145164,0.09513,0.00034,29374.942383,0.04,2
2026-09-09,18:12:03,0.083136,0.093647,0.00034,29374.942383,0.04,2
2026-09-09,18:12:03,0.081458,0.092249,0.00033,29374.942723,0.041,2
2026-09-09,18:12:04,0.122187,0.092249,0.00034,29374.943053,0.041,2
2026-09-09,18:12:05,0.122187,0.092249,0.00034,29374.943053,0.041,2
2026-09-09,18:12:05,0.122187,0.092249,0.00034,29374.943393,0.041,2
2026-09-09,18:12:06,0.17135,0.092249,0.00034,29374.943733,0.041,2
2026-09-09,18:12:07,0.103652,0.092223,0.00034,29374.943733,0.041,2
2026-09-09,18:12:07,0.103652,0.092196,0.00034,29374.944073,0.041,2
2026-09-09,18:12:08,0.103652,0.092196,0.00036,29374.944413,0.041,2
2026-09-09,18:12:09,0.124383,0.096529,0.00036,29374.944413,0.041,2
2026-09-09,18:12:09,0.145113,0.102555,0.00037,29374.944773,0.04,2
2026-09-09,18:12:10,0.1043,0.102673,0.00037,29374.945143,0.04,2
2026-09-09,18:12:11,0.1043,0.102673,0.00037,29374.945143,0.04,2
2026-09-09,18:12:11,0.186574,0.102673,0.00037,29374.945513,0.04,2
2026-09-09,18:12:12,0.101314,0.104136,0.00037,29374.945883,0.04,2
2026-09-09,18:12:13,0.164672,0.104136,0.00037,29374.945883,0.04,2
2026-09-09,18:12:13,0.118267,0.104136,0.00037,29374.946253,0.04,2
2026-09-09,18:12:14,0.118267,0.104136,0.00037,29374.946623,0.04,2
2026-09-09,18:12:15,0.09152,0.104136,0.00037,29374.946623,0.04,2
2026-09-09,18:12:15,0.082497,0.104136,0.00036,29374.946993,0.039,2
2026-09-09,18:12:16,0.323756,0.104136,0.00036,29374.947353,0.039,2
2026-09-09,18:12:17,0.323756,0.101285,0.00036,29374.947353,0.039,2
2026-09-09,18:12:17,0.082922,0.101285,0.00035,29374.947713,0.039,2
2026-09-09,18:12:18,0.101822,0.103175,0.00035,29374.948063,0.039,2
2026-09-09,18:12:19,0.142233,0.103175,0.00035,29374.948063,0.04,2
2026-09-09,18:12:19,0.124383,0.103175,0.00037,29374.948413,0.04,2
2026-09-09,18:12:20,0.124383,0.103175,0.00037,29374.948783,0.04,2
2026-09-09,18:12:21,0.103652,0.103175,0.00037,29374.948783,0.041,2
2026-09-09,18:12:22,0.103652,0.103175,0.00038,29374.949153,0.041,2
2026-09-09,18:12:22,0.08582,0.103175,0.00038,29374.949533,0.041,2
2026-09-09,18:12:23,0.104088,0.103175,0.00038,29374.949533,0.042,2
2026-09-09,18:12:24,0.104088,0.103175,0.0004,29374.949913,0.042,2
2026-09-09,18:12:24,0.103121,0.103175,0.0004,29374.950313,0.042,2
2026-09-09,18:12:25,0.082497,0.103175,0.0004,29374.950313,0.042,2
2026-09-09,18:12:26,0.123745,0.107236,0.00041,29374.950713,0.042,2
2026-09-09,18:12:26,0.103121,0.109403,0.00041,29374.951123,0.042,2
2026-09-09,18:12:27,0.103121,0.109403,0.00042,29374.951123,0.042,2
2026-09-09,18:12:28,0.189516,0.109403,0.00042,29374.951543,0.042,2
2026-09-09,18:12:28,0.084229,0.10746,0.00042,29374.951963,0.042,2
2026-09-09,18:12:29,0.164672,0.10746,0.00042,29374.951963,0.042,2
2026-09-09,18:12:30,0.164672,0.105345,0.00041,29374.952383,0.042,2
2026-09-09,18:12:30,0.082497,0.105345,0.00041,29374.952793,0.042,2
2026-09-09,18:12:31,0.084229,0.101329,0.00039,29374.952793,0.042,2
2026-09-09,18:12:32,0.084229,0.095241,0.00035,29374.953183,0.041,2
2026-09-09,18:12:32,0.135529,0.095241,0.00035,29374.953533,0.041,2
2026-09-09,18:12:33,0.135529,0.095241,0.00035,29374.953533,0.041,2
2026-09-09,18:12:34,0.121564,0.095241,0.00035,29374.953883,0.041,2
2026-09-09,18:12:34,0.12374,0.095241,0.00035,29374.954233,0.041,2
2026-09-09,18:12:35,0.082709,0.093082,0.00035,29374.954233,0.041,2
2026-09-09,18:12:36,0.124063,0.093082,0.00035,29374.954583,0.041,2
2026-09-09,18:12:36,0.124063,0.093082,0.00035,29374.954933,0.041,2
2026-09-09,18:12:37,0.107263,0.093082,0.00035,29374.954933,0.041,2
2026-09-09,18:12:38,0.121881,0.093082,0.00035,29374.955283,0.041,2
2026-09-09,18:12:38,0.121881,0.093082,0.00035,29374.955633,0.041,2
2026-09-09,18:12:39,0.121881,0.091396,0.00034,29374.955633,0.042,2
2026-09-09,18:12:40,0.084452,0.091396,0.00034,29374.955973,0.042,2
2026-09-09,18:12:40,0.145164,0.091396,0.00035,29374.956323,0.042,2
2026-09-09,18:12:41,0.12438,0.091396,0.00037,29374.956323,0.043,2
2026-09-09,18:12:42,0.166272,0.091396,0.00037,29374.956693,0.043,2
2026-09-09,18:12:42,0.166272,0.091396,0.00037,29374.957063,0.042,2
2026-09-09,18:12:43,0.12438,0.091396,0.00035,29374.957063,0.042,2
2026-09-09,18:12:44,0.145488,0.091396,0.00035,29374.957413,0.042,2
2026-09-09,18:12:44,0.102337,0.091396,0.00035,29374.957763,0.042,2
2026-09-09,18:12:45,0.083352,0.091396,0.00034,29374.957763,0.041,2
2026-09-09,18:12:46,0.083352,0.091396,0.00034,29374.958103,0.041,2
2026-09-09,18:12:46,0.14554,0.091396,0.00034,29374.958443,0.04,2
2026-09-09,18:12:47,0.125028,0.091396,0.00033,29374.958443,0.04,2
2026-09-09,18:12:48,0.106765,0.091396,0.00033,29374.958773,0.039,2
2026-09-09,18:12:48,0.163834,0.091396,0.00031,29374.959083,0.039,2
2026-09-09,18:12:49,0.163834,0.091396,0.00031,29374.959083,0.038,2
2026-09-09,18:12:50,0.083788,0.091482,0.00031,29374.959393,0.038,2
2026-09-09,18:12:50,0.142592,0.091482,0.0003,29374.959693,0.038,2
2026-09-09,18:12:51,0.117885,0.091482,0.0003,29374.959693,0.038,2
2026-09-09,18:12:52,0.117885,0.091482,0.0003,29374.959993,0.038,2
2026-09-09,18:12:52,0.145488,0.091482,0.0003,29374.960293,0.039,2
2026-09-09,18:12:53,0.206542,0.091482,0.00031,29374.960293,0.039,2
2026-09-09,18:12:54,0.145164,0.091482,0.00031,29374.960603,0.039,2
2026-09-09,18:12:54,0.166272,0.091482,0.00031,29374.960913,0.04,2
2026-09-09,18:12:55,0.166272,0.091256,0.00031,29374.960913,0.04,2
2026-09-09,18:12:56,0.099561,0.091256,0.00032,29374.961233,0.04,2
2026-09-09,18:12:56,0.105845,0.089466,0.00032,29374.961553,0.04,2
2026-09-09,18:12:57,0.198287,0.089466,0.00032,29374.961553,0.041,2
2026-09-09,18:12:58,0.245912,0.089466,0.00033,29374.961883,0.04,2
2026-09-09,18:12:58,0.245912,0.089466,0.00032,29374.962203,0.04,2
2026-09-09,18:12:59,0.190125,0.089466,0.00032,29374.962203,0.04,2
2026-09-09,18:13:00,0.122796,0.089466,0.00032,29374.962523,0.04,2
2026-09-09,18:13:00,0.236293,0.089466,0.00032,29374.962843,0.04,2
2026-09-09,18:13:01,0.236293,0.089466,0.00032,29374.962843,0.041,2
2026-09-09,18:13:02,0.389446,0.089466,0.00033,29374.963173,0.041,2
2026-09-09,18:13:02,0.131452,0.089466,0.00033,29374.963503,0.041,2
2026-09-09,18:13:03,0.122796,0.089466,0.00033,29374.963503,0.041,2
2026-09-09,18:13:04,0.102597,0.089466,0.00033,29374.963833,0.042,2
2026-09-09,18:13:04,0.102597,0.089466,0.00034,29374.964163,0.041,2
2026-09-09,18:13:05,0.102597,0.089466,0.00034,29374.964163,0.041,2
2026-09-09,18:13:06,0.152933,0.089466,0.00033,29374.964503,0.041,2
2026-09-09,18:13:06,0.164155,0.089466,0.00032,29374.964833,0.04,2
2026-09-09,18:13:07,0.143315,0.089466,0.00032,29374.964833,0.04,2
2026-09-09,18:13:08,0.143315,0.089466,0.00032,29374.965153,0.04,2
2026-09-09,18:13:08,0.204552,0.089466,0.00032,29374.965473,0.04,2
2026-09-09,18:13:09,0.184674,0.089466,0.00032,29374.965473,0.041,2
2026-09-09,18:13:10,0.143636,0.089466,0.00033,29374.965793,0.041,2
2026-09-09,18:13:10,0.143636,0.089466,0.00033,29374.966123,0.041,2
2026-09-09,18:13:11,0.10185,0.089466,0.00033,29374.966123,0.041,2
2026-09-09,18:13:12,0.154407,0.089466,0.00033,29374.966453,0.041,2
2026-09-09,18:13:12,0.125354,0.089466,0.00033,29374.966783,0.041,2
2026-09-09,18:13:13,0.083569,0.087511,0.00033,29374.966783,0.041,2
2026-09-09,18:13:14,0.083569,0.087511,0.00032,29374.967113,0.041,2
2026-09-09,18:13:14,0.143636,0.087511,0.00032,29374.967433,0.041,2
2026-09-09,18:13:15,0.143636,0.087511,0.00032,29374.967433,0.041,2
2026-09-09,18:13:16,0.164155,0.087511,0.00032,29374.967753,0.041,2
2026-09-09,18:13:16,0.082077,0.087296,0.00032,29374.968073,0.041,2
2026-09-09,18:13:17,0.082077,0.087296,0.00032,29374.968073,0.041,2
2026-09-09,18:13:18,0.204873,0.087296,0.00032,29374.968393,0.041,2
2026-09-09,18:13:18,0.104841,0.08953,0.00032,29374.968713,0.041,2
2026-09-09,18:13:19,0.083788,0.089486,0.00033,29374.968713,0.041,2
2026-09-09,18:13:20,0.202596,0.089486,0.00033,29374.969043,0.042,2
2026-09-09,18:13:20,0.202596,0.089486,0.00033,29374.969373,0.042,2
2026-09-09,18:13:21,0.128048,0.089486,0.00034,29374.969373,0.042,2
2026-09-09,18:13:22,0.145164,0.089486,0.00034,29374.969713,0.042,2
2026-09-09,18:13:22,0.18144,0.089486,0.00034,29374.970053,0.042,2
2026-09-09,18:13:23,0.18144,0.091297,0.00034,29374.970053,0.042,2
2026-09-09,18:13:24,0.102337,0.091297,0.00035,29374.970393,0.042,2
2026-09-09,18:13:24,0.102337,0.09326,0.00035,29374.970743,0.042,2
2026-09-09,18:13:25,0.106411,0.095455,0.00037,29374.970743,0.042,2
2026-09-09,18:13:26,0.110664,0.098143,0.00038,29374.971113,0.042,2
2026-09-09,18:13:26,0.110664,0.098473,0.00038,29374.971493,0.042,2
2026-09-09,18:13:27,0.102858,0.098473,0.00038,29374.971493,0.042,2
2026-09-09,18:13:28,0.144001,0.098473,0.00038,29374.971873,0.042,2
2026-09-09,18:13:28,0.171645,0.098473,0.00038,29374.972253,0.042,2
2026-09-09,18:13:29,0.12793,0.098473,0.00038,29374.972253,0.042,2
2026-09-09,18:13:30,0.12793,0.098473,0.00038,29374.972633,0.042,2
2026-09-09,18:13:30,0.141349,0.098473,0.00038,29374.973013,0.042,2
2026-09-09,18:13:31,0.12343,0.098473,0.00037,29374.973013,0.041,2
2026-09-09,18:13:32,0.226288,0.098473,0.00037,29374.973383,0.041,2
2026-09-09,18:13:32,0.226288,0.100392,0.00037,29374.973753,0.04,2
2026-09-09,18:13:33,0.125037,0.100392,0.00036,29374.973753,0.04,2
2026-09-09,18:13:34,0.175039,0.100392,0.00036,29374.974113,0.04,2
2026-09-09,18:13:34,0.103386,0.102374,0.00036,29374.974473,0.039,2
2026-09-09,18:13:35,0.175433,0.102374,0.00035,29374.974473,0.039,2
2026-09-09,18:13:36,0.175433,0.106353,0.00035,29374.974823,0.038,2
2026-09-09,18:13:36,0.121869,0.106353,0.00035,29374.975173,0.038,2
2026-09-09,18:13:37,0.165461,0.106353,0.00035,29374.975523,0.038,2
2026-09-09,18:13:38,0.103386,0.106207,0.00035,29374.975523,0.038,2
2026-09-09,18:13:38,0.186095,0.106207,0.00035,29374.975873,0.038,2
2026-09-09,18:13:39,0.186095,0.106207,0.00035,29374.976223,0.038,2
2026-09-09,18:13:40,0.124063,0.110235,0.00035,29374.976223,0.038,2
2026-09-09,18:13:40,0.082709,0.110235,0.00036,29374.976583,0.038,2
2026-09-09,18:13:41,0.206449,0.110235,0.00036,29374.976943,0.038,2
2026-09-09,18:13:42,0.206449,0.113861,0.00036,29374.976943,0.038,2
2026-09-09,18:13:42,0.138602,0.113861,0.00037,29374.977313,0.038,2
2026-09-09,18:13:43,0.144417,0.118069,0.00039,29374.977703,0.038,2
2026-09-09,18:13:44,0.135551,0.120983,0.00039,29374.977703,0.038,2
2026-09-09,18:13:44,0.10392,0.120309,0.0004,29374.978103,0.039,2
2026-09-09,18:13:45,0.10392,0.11821,0.00041,29374.978513,0.039,2
2026-09-09,18:13:46,0.08187,0.11821,0.00041,29374.978513,0.04,2
2026-09-09,18:13:46,0.143272,0.11821,0.00041,29374.978923,0.04,2
2026-09-09,18:13:47,0.102337,0.11821,0.00046,29374.979383,0.042,2
2026-09-09,18:13:48,0.122485,0.11821,0.00046,29374.979383,0.043,2
2026-09-09,18:13:48,0.122485,0.11821,0.00047,29374.979853,0.044,2
2026-09-09,18:13:49,0.10419,0.11821,0.00049,29374.980343,0.045,2
2026-09-09,18:13:50,0.102917,0.11821,0.00049,29374.980343,0.045,2
2026-09-09,18:13:50,0.161269,0.11821,0.00051,29374.980853,0.046,2
2026-09-09,18:13:51,0.104735,0.11618,0.00052,29374.981373,0.046,2
2026-09-09,18:13:52,0.104735,0.11618,0.00052,29374.981373,0.045,2
2026-09-09,18:13:52,0.146301,0.11618,0.0005,29374.981873,0.045,2
2026-09-09,18:13:53,0.14368,0.11618,0.00048,29374.982353,0.044,2
2026-09-09,18:13:54,0.123108,0.11618,0.00048,29374.982353,0.043,2
2026-09-09,18:13:54,0.123108,0.11618,0.00047,29374.982823,0.042,2
2026-09-09,18:13:55,0.111732,0.11618,0.00045,29374.983273,0.042,2
2026-09-09,18:13:56,0.082497,0.11618,0.00045,29374.983273,0.042,2
2026-09-09,18:13:56,0.123745,0.118216,0.00044,29374.983713,0.041,2
2026-09-09,18:13:57,0.082497,0.118216,0.00044,29374.984153,0.041,2
2026-09-09,18:13:58,0.082497,0.118216,0.00044,29374.984153,0.041,2
2026-09-09,18:13:58,0.167248,0.118216,0.00044,29374.984593,0.042,2
2026-09-09,18:13:59,0.137251,0.118216,0.00046,29374.985053,0.042,2
2026-09-09,18:14:00,0.10993,0.118216,0.00046,29374.985053,0.043,2
2026-09-09,18:14:00,0.164252,0.118216,0.00047,29374.985523,0.043,2
2026-09-09,18:14:01,0.164252,0.118216,0.00047,29374.985993,0.043,2
2026-09-09,18:14:02,0.205716,0.118216,0.00047,29374.985993,0.043,2
2026-09-09,18:14:02,0.12343,0.118372,0.00048,29374.986473,0.043,2
2026-09-09,18:14:03,0.082287,0.118372,0.00048,29374.986953,0.043,2
2026-09-09,18:14:04,0.082287,0.118372,0.00048,29374.986953,0.043,2
2026-09-09,18:14:04,0.082287,0.118372,0.00048,29374.987433,0.043,2
2026-09-09,18:14:05,0.105286,0.118372,0.00048,29374.987913,0.043,2
2026-09-09,18:14:06,0.144417,0.122475,0.00049,29374.987913,0.043,2
2026-09-09,18:14:06,0.223131,0.122475,0.00047,29374.988403,0.042,2
2026-09-09,18:14:07,0.223131,0.122475,0.00047,29374.988873,0.042,2
2026-09-09,18:14:08,0.408809,0.122475,0.00047,29374.988873,0.041,2
2026-09-09,18:14:08,0.081254,0.122475,0.00046,29374.989343,0.041,2
2026-09-09,18:14:09,0.153621,0.125431,0.00046,29374.989803,0.041,2
2026-09-09,18:14:10,0.082497,0.125431,0.00047,29374.989803,0.041,2
2026-09-09,18:14:10,0.082497,0.125431,0.00047,29374.990273,0.04,2
2026-09-09,18:14:11,0.099899,0.125431,0.00047,29374.990743,0.04,2
2026-09-09,18:14:12,0.137602,0.125331,0.00045,29374.990743,0.04,2
2026-09-09,18:14:12,0.082497,0.125331,0.00045,29374.991193,0.04,2
2026-09-09,18:14:13,0.123745,0.123264,0.00045,29374.991643,0.04,2
2026-09-09,18:14:14,0.123745,0.123264,0.00044,29374.991643,0.04,2
2026-09-09,18:14:14,0.082497,0.123264,0.00044,29374.992083,0.04,2
2026-09-09,18:14:15,0.18014,0.123264,0.00044,29374.992523,0.04,2
2026-09-09,18:14:16,0.185296,0.123264,0.00044,29374.992523,0.04,2
2026-09-09,18:14:16,0.185296,0.120013,0.00043,29374.992963,0.04,2
2026-09-09,18:14:17,0.103041,0.120013,0.00043,29374.993393,0.04,2
2026-09-09,18:14:18,0.145701,0.120013,0.00043,29374.993393,0.04,2
2026-09-09,18:14:18,0.126996,0.120013,0.00043,29374.993823,0.04,2
2026-09-09,18:14:19,0.082709,0.120013,0.00043,29374.994253,0.04,2
2026-09-09,18:14:20,0.082709,0.120013,0.00043,29374.994253,0.04,2
2026-09-09,18:14:20,0.165417,0.120013,0.00043,29374.994683,0.04,2
2026-09-09,18:14:21,0.124063,0.120013,0.00043,29374.995113,0.04,2
2026-09-09,18:14:22,0.124063,0.120013,0.00041,29374.995113,0.039,2
2026-09-09,18:14:22,0.14054,0.120013,0.00041,29374.995523,0.039,2
2026-09-09,18:14:23,0.14054,0.120013,0.00041,29374.995933,0.039,2
2026-09-09,18:14:24,0.11954,0.120013,0.00041,29374.995933,0.039,2
2026-09-09,18:14:24,0.103386,0.120013,0.00041,29374.996343,0.039,2
2026-09-09,18:14:25,0.099297,0.120013,0.00041,29374.996753,0.039,2
2026-09-09,18:14:26,0.099297,0.123212,0.00042,29374.996753,0.039,2
2026-09-09,18:14:26,0.135915,0.123212,0.00042,29374.997173,0.039,2
2026-09-09,18:14:27,0.084452,0.123212,0.00042,29374.997593,0.039,2
2026-09-09,18:14:28,0.164155,0.123212,0.00042,29374.997593,0.039,2
2026-09-09,18:14:28,0.123116,0.123212,0.00042,29374.998013,0.039,2
2026-09-09,18:14:29,0.123116,0.123212,0.00042,29374.998433,0.039,2
2026-09-09,18:14:30,0.166812,0.123212,0.00042,29374.998433,0.039,2
2026-09-09,18:14:30,0.157345,0.123212,0.00042,29374.998853,0.039,2
2026-09-09,18:14:31,0.082077,0.123212,0.00042,29374.999273,0.04,2
2026-09-09,18:14:32,0.104841,0.123212,0.00044,29374.999273,0.04,2
2026-09-09,18:14:32,0.104841,0.123212,0.00044,29374.999713,0.04,2
2026-09-09,18:14:33,0.083788,0.123212,0.00044,29375.000153,0.041,2
2026-09-09,18:14:34,0.082077,0.123212,0.00046,29375.000153,0.041,2
2026-09-09,18:14:34,0.108688,0.125894,0.00046,29375.000613,0.041,2
2026-09-09,18:14:35,0.102597,0.12568,0.00047,29375.001083,0.041,2
2026-09-09,18:14:36,0.102597,0.12568,0.00047,29375.001083,0.04,2
2026-09-09,18:14:36,0.122796,0.125585,0.00047,29375.001553,0.04,2
2026-09-09,18:14:37,0.111895,0.124432,0.00044,29375.001993,0.04,2
2026-09-09,18:14:38,0.084229,0.118413,0.00042,29375.001993,0.04,2
2026-09-09,18:14:38,0.084229,0.118413,0.00042,29375.002413,0.04,2
2026-09-09,18:14:39,0.164155,0.118413,0.00042,29375.002833,0.04,2
2026-09-09,18:14:40,0.082077,0.118413,0.00042,29375.002833,0.04,2
2026-09-09,18:14:40,0.083352,0.118413,0.00042,29375.003253,0.04,2
2026-09-09,18:14:41,0.121564,0.115207,0.00041,29375.003663,0.04,2
2026-09-09,18:14:42,0.121564,0.115626,0.00041,29375.003663,0.04,2
2026-09-09,18:14:42,0.141792,0.115626,0.00041,29375.004073,0.04,2
2026-09-09,18:14:43,0.123745,0.115626,0.00041,29375.004483,0.04,2
2026-09-09,18:14:44,0.14437,0.119759,0.00043,29375.004483,0.04,2
2026-09-09,18:14:44,0.103121,0.11648,0.00043,29375.004913,0.04,2
2026-09-09,18:14:45,0.103121,0.11648,0.00042,29375.005333,0.04,2
2026-09-09,18:14:46,0.082497,0.11386,0.00042,29375.005333,0.04,2
2026-09-09,18:14:46,0.082497,0.11185,0.0004,29375.005733,0.04,2
2026-09-09,18:14:47,0.164994,0.11185,0.0004,29375.006133,0.04,2
2026-09-09,18:14:48,0.164994,0.109883,0.0004,29375.006133,0.039,2
2026-09-09,18:14:48,0.103121,0.109883,0.00038,29375.006513,0.039,2
2026-09-09,18:14:49,0.176273,0.109883,0.00038,29375.006893,0.039,2
2026-09-09,18:14:50,0.14437,0.109883,0.00038,29375.006893,0.038,2
2026-09-09,18:14:50,0.123745,0.109883,0.00036,29375.007253,0.038,2
2026-09-09,18:14:51,0.123745,0.109883,0.00036,29375.007613,0.039,2
2026-09-09,18:14:52,0.123423,0.109883,0.00036,29375.007613,0.039,2
2026-09-09,18:14:52,0.257803,0.109883,0.00038,29375.007993,0.039,2
2026-09-09,18:14:53,0.12149,0.110843,0.0004,29375.008393,0.04,2
2026-09-09,18:14:54,0.126684,0.115088,0.0004,29375.008393,0.04,2
2026-09-09,18:14:54,0.126684,0.115978,0.00041,29375.008803,0.041,2
2026-09-09,18:14:55,0.13046,0.115978,0.00043,29375.009233,0.041,2
2026-09-09,18:14:56,0.187216,0.115978,0.00043,29375.009233,0.041,2
2026-09-09,18:14:56,0.145866,0.115978,0.00043,29375.009663,0.042,2
2026-09-09,18:14:57,0.14107,0.115978,0.00045,29375.010113,0.042,2
2026-09-09,18:14:58,0.14107,0.115978,0.00045,29375.010113,0.042,2
2026-09-09,18:14:58,0.124383,0.115978,0.00045,29375.010563,0.042,2
2026-09-09,18:14:59,0.102357,0.115978,0.00045,29375.011013,0.042,2
2026-09-09,18:15:00,0.082922,0.115978,0.00045,29375.011013,0.041,2
2026-09-09,18:15:01,0.082922,0.113985,0.00043,29375.011443,0.041,2
2026-09-09,18:15:01,0.121869,0.113985,0.00042,29375.011863,0.04,2
2026-09-09,18:15:02,0.124383,0.114049,0.00042,29375.011863,0.04,2
2026-09-09,18:15:03,0.082922,0.114049,0.00041,29375.012273,0.04,2
2026-09-09,18:15:03,0.103652,0.114049,0.00041,29375.012683,0.04,2
2026-09-09,18:15:04,0.103652,0.114049,0.00041,29375.012683,0.04,2
2026-09-09,18:15:05,0.103652,0.114049,0.00041,29375.013093,0.039,2
2026-09-09,18:15:05,0.165844,0.114049,0.00039,29375.013483,0.039,2
2026-09-09,18:15:06,0.153535,0.114049,0.00039,29375.013483,0.039,2
2026-09-09,18:15:07,0.095878,0.1092,0.00037,29375.013873,0.039,2
2026-09-09,18:15:07,0.095878,0.1092,0.00037,29375.014243,0.039,2
2026-09-09,18:15:08,0.082922,0.10718,0.00037,29375.014243,0.039,2
2026-09-09,18:15:09,0.09847,0.108777,0.00039,29375.014613,0.04,2
2026-09-09,18:15:09,0.157746,0.108777,0.00039,29375.015003,0.04,2
2026-09-09,18:15:10,0.157746,0.111314,0.00039,29375.015003,0.04,2
2026-09-09,18:15:11,0.107863,0.111314,0.0004,29375.015393,0.041,2
2026-09-09,18:15:11,0.082922,0.109294,0.0004,29375.015793,0.041,2
2026-09-09,18:15:12,0.144789,0.109294,0.00041,29375.015793,0.041,2
2026-09-09,18:15:13,0.103652,0.109294,0.00041,29375.016203,0.041,2
2026-09-09,18:15:13,0.103652,0.109294,0.00041,29375.016613,0.04,2
2026-09-09,18:15:14,0.12126,0.109294,0.00039,29375.016613,0.04,2
2026-09-09,18:15:15,0.111446,0.109294,0.00039,29375.017003,0.04,2
2026-09-09,18:15:15,0.102858,0.109294,0.00039,29375.017393,0.04,2
2026-09-09,18:15:16,0.085822,0.109294,0.00039,29375.017393,0.039,2
2026-09-09,18:15:17,0.085822,0.109294,0.00037,29375.017783,0.039,2
2026-09-09,18:15:17,0.082287,0.109294,0.00037,29375.018153,0.039,2
2026-09-09,18:15:18,0.101314,0.109294,0.00037,29375.018153,0.039,2
2026-09-09,18:15:19,0.121577,0.109294,0.00037,29375.018523,0.039,2
2026-09-09,18:15:19,0.081051,0.10525,0.00037,29375.018893,0.039,2
2026-09-09,18:15:20,0.081051,0.10525,0.00036,29375.018893,0.038,2
2026-09-09,18:15:21,0.123108,0.10525,0.00035,29375.019253,0.038,2
2026-09-09,18:15:21,0.123108,0.10525,0.00035,29375.019603,0.038,2
2026-09-09,18:15:22,0.086787,0.10525,0.00035,29375.019603,0.039,2
2026-09-09,18:15:23,0.086787,0.10525,0.00036,29375.019953,0.039,2
2026-09-09,18:15:23,0.250074,0.10525,0.00036,29375.020313,0.039,2
2026-09-09,18:15:24,0.15972,0.10525,0.00036,29375.020313,0.039,2
2026-09-09,18:15:25,0.125682,0.10525,0.00038,29375.020673,0.04,2
2026-09-09,18:15:25,0.125354,0.10525,0.00038,29375.021053,0.04,2
2026-09-09,18:15:26,0.125354,0.10525,0.00038,29375.021053,0.04,2
2026-09-09,18:15:27,0.192063,0.10525,0.00038,29375.021433,0.04,2
2026-09-09,18:15:27,0.168539,0.10525,0.00038,29375.021813,0.04,2
2026-09-09,18:15:28,0.123745,0.10525,0.00039,29375.021813,0.041,2
2026-09-09,18:15:29,0.103121,0.10525,0.00039,29375.022203,0.04,2
2026-09-09,18:15:29,0.103121,0.10525,0.00038,29375.022583,0.04,2
2026-09-09,18:15:30,0.103121,0.10525,0.00038,29375.022583,0.04,2
2026-09-09,18:15:31,0.103121,0.10525,0.00038,29375.022963,0.04,2
2026-09-09,18:15:31,0.082497,0.10525,0.00038,29375.023343,0.04,2
2026-09-09,18:15:32,0.082497,0.10525,0.00038,29375.023343,0.04,2
2026-09-09,18:15:33,0.164672,0.10525,0.00038,29375.023723,0.04,2
2026-09-09,18:15:33,0.164672,0.10525,0.00038,29375.024103,0.04,2
2026-09-09,18:15:34,0.206242,0.10525,0.00038,29375.024103,0.04,2
2026-09-09,18:15:35,0.084008,0.100983,0.00038,29375.024483,0.039,2
2026-09-09,18:15:35,0.084008,0.100983,0.00035,29375.024833,0.039,2
2026-09-09,18:15:36,0.144417,0.100983,0.00035,29375.024833,0.039,2
2026-09-09,18:15:37,0.082709,0.096207,0.00035,29375.025183,0.039,2
2026-09-09,18:15:37,0.124063,0.096207,0.00033,29375.025513,0.039,2
2026-09-09,18:15:38,0.160248,0.096207,0.00033,29375.025513,0.039,2
2026-09-09,18:15:39,0.160248,0.096207,0.00033,29375.025843,0.04,2
2026-09-09,18:15:39,0.082709,0.092291,0.00033,29375.026173,0.04,2
2026-09-09,18:15:40,0.082709,0.088124,0.00031,29375.026173,0.04,2
2026-09-09,18:15:41,0.135048,0.088124,0.00031,29375.026483,0.041,2
2026-09-09,18:15:41,0.103386,0.088124,0.00033,29375.026813,0.041,2
2026-09-09,18:15:42,0.103386,0.088124,0.00033,29375.026813,0.041,2
2026-09-09,18:15:43,0.165417,0.088124,0.00033,29375.027143,0.041,2
2026-09-09,18:15:43,0.082709,0.086807,0.00032,29375.027463,0.041,2
2026-09-09,18:15:44,0.082709,0.086786,0.00032,29375.027463,0.041,2
2026-09-09,18:15:45,0.082709,0.086786,0.00032,29375.027783,0.041,2
2026-09-09,18:15:45,0.206449,0.086786,0.00032,29375.028103,0.041,2
2026-09-09,18:15:46,0.124063,0.086786,0.00032,29375.028103,0.041,2
2026-09-09,18:15:47,0.14474,0.086786,0.00032,29375.028423,0.04,2
2026-09-09,18:15:47,0.082709,0.08521,0.0003,29375.028723,0.04,2
2026-09-09,18:15:48,0.082709,0.08521,0.0003,29375.028723,0.04,2
2026-09-09,18:15:49,0.165417,0.08521,0.0003,29375.029023,0.04,2
2026-09-09,18:15:49,0.09014,0.083437,0.0003,29375.029323,0.04,2
2026-09-09,18:15:50,0.105001,0.085645,0.0003,29375.029323,0.039,2
2026-09-09,18:15:51,0.103386,0.087879,0.00029,29375.029613,0.039,2
2026-09-09,18:15:51,0.103386,0.087879,0.0003,29375.029913,0.039,2
2026-09-09,18:15:52,0.082709,0.087749,0.0003,29375.029913,0.04,2
2026-09-09,18:15:53,0.10501,0.089979,0.00031,29375.030223,0.04,2
2026-09-09,18:15:53,0.14437,0.089979,0.00032,29375.030543,0.04,2
2026-09-09,18:15:54,0.14437,0.089979,0.00032,29375.030543,0.039,2
2026-09-09,18:15:55,0.125354,0.089979,0.00031,29375.030853,0.039,2
2026-09-09,18:15:55,0.14892,0.089979,0.00031,29375.031163,0.039,2
2026-09-09,18:15:56,0.209142,0.089979,0.00031,29375.031163,0.039,2
2026-09-09,18:15:57,0.082287,0.089937,0.00031,29375.031473,0.039,2
2026-09-09,18:15:57,0.082287,0.089937,0.00031,29375.031783,0.039,2
2026-09-09,18:15:58,0.164573,0.089937,0.00031,29375.031783,0.04,2
2026-09-09,18:15:59,0.082287,0.089894,0.00032,29375.032103,0.04,2
2026-09-09,18:15:59,0.11668,0.089894,0.00032,29375.032423,0.04,2
2026-09-09,18:16:00,0.126966,0.089894,0.00032,29375.032423,0.04,2
2026-09-09,18:16:01,0.126966,0.089894,0.00032,29375.032743,0.04,2
2026-09-09,18:16:01,0.11197,0.089894,0.00032,29375.033063,0.04,2
2026-09-09,18:16:02,0.083569,0.089894,0.00032,29375.033063,0.04,2
2026-09-09,18:16:03,0.125354,0.089894,0.00032,29375.033383,0.039,2
2026-09-09,18:16:03,0.083569,0.08998,0.00031,29375.033693,0.039,2
2026-09-09,18:16:04,0.083569,0.08998,0.00031,29375.033693,0.039,2
2026-09-09,18:16:05,0.146246,0.08998,0.00031,29375.034003,0.039,2
2026-09-09,18:16:05,0.102337,0.091943,0.00031,29375.034313,0.039,2
2026-09-09,18:16:06,0.189516,0.091943,0.00031,29375.034313,0.038,2
2026-09-09,18:16:07,0.189516,0.091943,0.0003,29375.034613,0.038,2
2026-09-09,18:16:07,0.124059,0.091943,0.0003,29375.034913,0.039,2
2026-09-09,18:16:08,0.135396,0.091943,0.0003,29375.034913,0.039,2
2026-09-09,18:16:09,0.19208,0.091943,0.00031,29375.035213,0.039,2
2026-09-09,18:16:09,0.085513,0.092224,0.00032,29375.035523,0.039,2
2026-09-09,18:16:10,0.085513,0.092224,0.00032,29375.035523,0.04,2
2026-09-09,18:16:11,0.114989,0.092224,0.00033,29375.035843,0.04,2
2026-09-09,18:16:11,0.124383,0.092224,0.00033,29375.036173,0.04,2
2026-09-09,18:16:12,0.198399,0.092224,0.00033,29375.036173,0.041,2
2026-09-09,18:16:13,0.082287,0.091438,0.00034,29375.036503,0.041,2
2026-09-09,18:16:13,0.082287,0.091438,0.00034,29375.036843,0.041,2
2026-09-09,18:16:14,0.082287,0.089167,0.00033,29375.036843,0.041,2
2026-09-09,18:16:15,0.082287,0.087057,0.00034,29375.037173,0.042,2
2026-09-09,18:16:15,0.149144,0.087057,0.00034,29375.037513,0.042,2
2026-09-09,18:16:16,0.149144,0.087057,0.00034,29375.037513,0.043,2
2026-09-09,18:16:17,0.164252,0.087057,0.00035,29375.037853,0.042,2
2026-09-09,18:16:17,0.145287,0.087057,0.00035,29375.038203,0.042,2
2026-09-09,18:16:18,0.142046,0.087057,0.00034,29375.038203,0.042,2
2026-09-09,18:16:19,0.083788,0.087165,0.00032,29375.038543,0.041,2
2026-09-09,18:16:19,0.083788,0.087165,0.00032,29375.038863,0.04,2
2026-09-09,18:16:20,0.122495,0.087165,0.00031,29375.038863,0.039,2
2026-09-09,18:16:21,0.152814,0.087165,0.0003,29375.039173,0.039,2
2026-09-09,18:16:21,0.101822,0.086846,0.0003,29375.039473,0.039,2
2026-09-09,18:16:22,0.103386,0.088956,0.0003,29375.039473,0.039,2
2026-09-09,18:16:23,0.103386,0.088956,0.0003,29375.039773,0.038,2
2026-09-09,18:16:23,0.186095,0.088956,0.0003,29375.040073,0.038,2
2026-09-09,18:16:24,0.084008,0.089128,0.00029,29375.040073,0.038,2
2026-09-09,18:16:25,0.152546,0.089128,0.00029,29375.040363,0.038,2
2026-09-09,18:16:25,0.122485,0.089128,0.00029,29375.040653,0.038,2
2026-09-09,18:16:26,0.122485,0.089128,0.00029,29375.040653,0.038,2
2026-09-09,18:16:27,0.122485,0.089128,0.00029,29375.040943,0.038,2
2026-09-09,18:16:27,0.08187,0.088958,0.00029,29375.041233,0.039,2
2026-09-09,18:16:28,0.122485,0.088958,0.0003,29375.041233,0.039,2
2026-09-09,18:16:29,0.122485,0.088958,0.0003,29375.041533,0.039,2
2026-09-09,18:16:29,0.095399,0.088958,0.0003,29375.041833,0.039,2
2026-09-09,18:16:30,0.10419,0.088958,0.0003,29375.041833,0.039,2
2026-09-09,18:16:31,0.10965,0.088958,0.0003,29375.042133,0.039,2
2026-09-09,18:16:31,0.184354,0.088958,0.0003,29375.042433,0.04,2
2026-09-09,18:16:32,0.184354,0.088958,0.00032,29375.042433,0.04,2
2026-09-09,18:16:33,0.143315,0.088958,0.00032,29375.042753,0.039,2
2026-09-09,18:16:33,0.082077,0.086932,0.00031,29375.043063,0.039,2
2026-09-09,18:16:34,0.089772,0.087358,0.0003,29375.043063,0.039,2
2026-09-09,18:16:35,0.122796,0.087358,0.0003,29375.043363,0.039,2
2026-09-09,18:16:35,0.122796,0.087358,0.0003,29375.043663,0.039,2
2026-09-09,18:16:36,0.143636,0.087358,0.0003,29375.043663,0.039,2
2026-09-09,18:16:37,0.082077,0.087337,0.0003,29375.043963,0.039,2
2026-09-09,18:16:37,0.102597,0.089368,0.0003,29375.044263,0.039,2
2026-09-09,18:16:38,0.102597,0.093451,0.00032,29375.044263,0.039,2
2026-09-09,18:16:39,0.123116,0.093451,0.00032,29375.044583,0.039,2
2026-09-09,18:16:39,0.194934,0.093451,0.00032,29375.044903,0.039,2
2026-09-09,18:16:40,0.102597,0.095332,0.00033,29375.044903,0.039,2
2026-09-09,18:16:41,0.123116,0.097462,0.00033,29375.045233,0.039,2
2026-09-09,18:16:41,0.123116,0.097462,0.00033,29375.045563,0.04,2
2026-09-09,18:16:42,0.169867,0.097462,0.00035,29375.045563,0.04,2
2026-09-09,18:16:43,0.083788,0.095502,0.00035,29375.045913,0.04,2
2026-09-09,18:16:43,0.104735,0.097575,0.00035,29375.046263,0.04,2
2026-09-09,18:16:44,0.103121,0.0997,0.00036,29375.046263,0.04,2
2026-09-09,18:16:45,0.103121,0.0997,0.00036,29375.046623,0.04,2
2026-09-09,18:16:45,0.103121,0.101804,0.00036,29375.046983,0.04,2
2026-09-09,18:16:46,0.123745,0.105201,0.00038,29375.046983,0.04,2
2026-09-09,18:16:47,0.123423,0.109336,0.00038,29375.047363,0.04,2
2026-09-09,18:16:47,0.103443,0.109421,0.00039,29375.047753,0.04,2
2026-09-09,18:16:48,0.103443,0.109421,0.00039,29375.047753,0.04,2
2026-09-09,18:16:49,0.185296,0.109421,0.00039,29375.048143,0.04,2
2026-09-09,18:16:49,0.226867,0.109421,0.00039,29375.048533,0.04,2
2026-09-09,18:16:50,0.123745,0.109484,0.00039,29375.048533,0.04,2
2026-09-09,18:16:51,0.123745,0.111566,0.00039,29375.048923,0.04,2
2026-09-09,18:16:51,0.123423,0.111566,0.0004,29375.049323,0.04,2
2026-09-09,18:16:52,0.112467,0.110501,0.00039,29375.049323,0.04,2
2026-09-09,18:16:53,0.082497,0.110372,0.00039,29375.049713,0.04,2
2026-09-09,18:16:53,0.173695,0.110372,0.00039,29375.050103,0.04,2
2026-09-09,18:16:54,0.173695,0.110372,0.00039,29375.050103,0.041,2
2026-09-09,18:16:55,0.14437,0.110372,0.00041,29375.050513,0.041,2
2026-09-09,18:16:55,0.103121,0.110372,0.00041,29375.050923,0.041,2
2026-09-09,18:16:56,0.103121,0.110372,0.00041,29375.050923,0.041,2
2026-09-09,18:16:57,0.2108,0.110372,0.00041,29375.051333,0.04,2
2026-09-09,18:16:57,0.2108,0.110372,0.00039,29375.051723,0.041,2
2026-09-09,18:16:58,0.147461,0.110372,0.00039,29375.051723,0.041,2
2026-09-09,18:16:59,0.082287,0.108127,0.0004,29375.052123,0.041,2
2026-09-09,18:16:59,0.164573,0.108127,0.0004,29375.052523,0.041,2
2026-09-09,18:17:00,0.164573,0.108422,0.0004,29375.052523,0.041,2
2026-09-09,18:17:01,0.106072,0.108422,0.0004,29375.052923,0.042,2
2026-09-09,18:17:01,0.102858,0.108396,0.00042,29375.053343,0.042,2
2026-09-09,18:17:02,0.17968,0.108396,0.00042,29375.053343,0.042,2
2026-09-09,18:17:03,0.123108,0.108332,0.00042,29375.053763,0.042,2
2026-09-09,18:17:03,0.123108,0.108332,0.00042,29375.054183,0.042,2
2026-09-09,18:17:04,0.082287,0.108332,0.00042,29375.054183,0.042,2
2026-09-09,18:17:05,0.123108,0.108301,0.00042,29375.054603,0.042,2
2026-09-09,18:17:05,0.12343,0.1103,0.00043,29375.055033,0.042,2
2026-09-09,18:17:06,0.12343,0.110268,0.00043,29375.055033,0.042,2
2026-09-09,18:17:07,0.12343,0.110268,0.00043,29375.055463,0.042,2
2026-09-09,18:17:07,0.102858,0.108212,0.00042,29375.055883,0.041,2
2026-09-09,18:17:08,0.137497,0.108212,0.00042,29375.055883,0.041,2
2026-09-09,18:17:09,0.102858,0.108212,0.0004,29375.056303,0.041,2
2026-09-09,18:17:09,0.102858,0.108212,0.0004,29375.056703,0.041,2
2026-09-09,18:17:10,0.084858,0.108212,0.0004,29375.056703,0.041,2
2026-09-09,18:17:11,0.125027,0.109468,0.00041,29375.057103,0.041,2
2026-09-09,18:17:11,0.104461,0.111664,0.00041,29375.057513,0.041,2
2026-09-09,18:17:12,0.102858,0.113721,0.00041,29375.057513,0.041,2
2026-09-09,18:17:13,0.102858,0.111343,0.00042,29375.057923,0.041,2
2026-09-09,18:17:13,0.082287,0.111343,0.00042,29375.058343,0.041,2
2026-09-09,18:17:14,0.164252,0.111343,0.00041,29375.058343,0.041,2
2026-09-09,18:17:15,0.082287,0.109285,0.00041,29375.058753,0.041,2
2026-09-09,18:17:15,0.102858,0.10726,0.00041,29375.059163,0.041,2
2026-09-09,18:17:16,0.102858,0.10726,0.0004,29375.059163,0.041,2
2026-09-09,18:17:17,0.138859,0.10726,0.0004,29375.059563,0.041,2
2026-09-09,18:17:17,0.187704,0.10726,0.0004,29375.059963,0.041,2
2026-09-09,18:17:18,0.146246,0.10726,0.0004,29375.059963,0.042,2
2026-09-09,18:17:19,0.104461,0.10726,0.00041,29375.060363,0.042,2
2026-09-09,18:17:19,0.104461,0.10726,0.00041,29375.060773,0.042,2
2026-09-09,18:17:20,0.254951,0.10726,0.00041,29375.060773,0.042,2
2026-09-09,18:17:21,0.115477,0.106497,0.0004,29375.061183,0.041,2
2026-09-09,18:17:21,0.203839,0.106497,0.0004,29375.061583,0.041,2
2026-09-09,18:17:22,0.203839,0.106497,0.0004,29375.061583,0.041,2
2026-09-09,18:17:23,0.142911,0.106497,0.0004,29375.061983,0.042,2
2026-09-09,18:17:23,0.145164,0.106497,0.0004,29375.062383,0.042,2
2026-09-09,18:17:24,0.103596,0.106497,0.00041,29375.062383,0.042,2
2026-09-09,18:17:25,0.102297,0.106497,0.00041,29375.062793,0.042,2
2026-09-09,18:17:25,0.102297,0.106497,0.00041,29375.063203,0.043,2
2026-09-09,18:17:26,0.102337,0.106497,0.00043,29375.063203,0.043,2
2026-09-09,18:17:27,0.152226,0.106497,0.00043,29375.063633,0.043,2
2026-09-09,18:17:27,0.130903,0.106497,0.00043,29375.064063,0.043,2
2026-09-09,18:17:28,0.107726,0.106497,0.00043,29375.064063,0.042,2
2026-09-09,18:17:29,0.107726,0.106497,0.00041,29375.064493,0.042,2
2026-09-09,18:17:29,0.125027,0.106497,0.00041,29375.064903,0.042,2
2026-09-09,18:17:30,0.143636,0.106497,0.00041,29375.064903,0.042,2
2026-09-09,18:17:31,0.109317,0.106497,0.00041,29375.065313,0.042,2
2026-09-09,18:17:31,0.109317,0.106497,0.00041,29375.065723,0.041,2
2026-09-09,18:17:32,0.083788,0.106497,0.0004,29375.065723,0.041,2
2026-09-09,18:17:33,0.144665,0.106497,0.0004,29375.066123,0.041,2
2026-09-09,18:17:33,0.081663,0.102321,0.0004,29375.066523,0.04,2
2026-09-09,18:17:34,0.122495,0.102321,0.00036,29375.066523,0.04,2
2026-09-09,18:17:35,0.122495,0.098144,0.00035,29375.066883,0.04,2
2026-09-09,18:17:35,0.081663,0.098144,0.00035,29375.067233,0.041,2
2026-09-09,18:17:36,0.081663,0.096024,0.00036,29375.067233,0.041,2
2026-09-09,18:17:37,0.122495,0.096024,0.00036,29375.067593,0.041,2
2026-09-09,18:17:37,0.124383,0.096024,0.00036,29375.067953,0.041,2
2026-09-09,18:17:38,0.124383,0.096024,0.00036,29375.067953,0.041,2
2026-09-09,18:17:39,0.088362,0.096024,0.00036,29375.068313,0.041,2
2026-09-09,18:17:39,0.122495,0.095771,0.00036,29375.068673,0.041,2
2026-09-09,18:17:40,0.102079,0.095533,0.00035,29375.068673,0.041,2
2026-09-09,18:17:41,0.142911,0.095533,0.00035,29375.069023,0.04,2
2026-09-09,18:17:41,0.142911,0.095533,0.00034,29375.069363,0.04,2
2026-09-09,18:17:42,0.163007,0.095533,0.00034,29375.069363,0.04,2
2026-09-09,18:17:43,0.124704,0.095533,0.00034,29375.069703,0.04,2
2026-09-09,18:17:43,0.12438,0.095533,0.00034,29375.070043,0.04,2
2026-09-09,18:17:44,0.12438,0.095533,0.00034,29375.070043,0.04,2
2026-09-09,18:17:45,0.190128,0.095533,0.00034,29375.070383,0.04,2
2026-09-09,18:17:45,0.16393,0.095533,0.00034,29375.070723,0.04,2
2026-09-09,18:17:46,0.145098,0.095533,0.00034,29375.070723,0.04,2
2026-09-09,18:17:47,0.081254,0.093373,0.00034,29375.071063,0.04,2
2026-09-09,18:17:48,0.081254,0.093269,0.00033,29375.071393,0.04,2
2026-09-09,18:17:48,0.081254,0.093269,0.00033,29375.071393,0.041,2
2026-09-09,18:17:49,0.083569,0.093398,0.00033,29375.071723,0.041,2
2026-09-09,18:17:50,0.125354,0.093398,0.00035,29375.072073,0.041,2
2026-09-09,18:17:50,0.081458,0.091258,0.00034,29375.072073,0.041,2
2026-09-09,18:17:51,0.081458,0.091258,0.00034,29375.072413,0.041,2
2026-09-09,18:17:52,0.104461,0.090156,0.00033,29375.072743,0.041,2
2026-09-09,18:17:52,0.101197,0.092109,0.00034,29375.072743,0.041,2
2026-09-09,18:17:53,0.083569,0.0923,0.00034,29375.073083,0.041,2
2026-09-09,18:17:54,0.083569,0.0923,0.00034,29375.073423,0.041,2
2026-09-09,18:17:54,0.166812,0.0923,0.00035,29375.073423,0.041,2
2026-09-09,18:17:55,0.104461,0.09458,0.00035,29375.073773,0.041,2
2026-09-09,18:17:56,0.104461,0.092776,0.00033,29375.074103,0.04,2
2026-09-09,18:17:56,0.119478,0.094516,0.00034,29375.074103,0.04,2
2026-09-09,18:17:57,0.119478,0.096837,0.00034,29375.074443,0.039,2
2026-09-09,18:17:58,0.104461,0.096837,0.00033,29375.074773,0.039,2
2026-09-09,18:17:58,0.083569,0.097069,0.00033,29375.074773,0.039,2
2026-09-09,18:17:59,0.118172,0.097069,0.00033,29375.075103,0.039,2
2026-09-09,18:18:00,0.143272,0.097069,0.00033,29375.075433,0.04,2
2026-09-09,18:18:00,0.143272,0.097069,0.00033,29375.075433,0.04,2
2026-09-09,18:18:01,0.08187,0.096899,0.00035,29375.075783,0.04,2
2026-09-09,18:18:02,0.172374,0.096899,0.00035,29375.076133,0.04,2
2026-09-09,18:18:02,0.10501,0.099254,0.00035,29375.076133,0.04,2
2026-09-09,18:18:03,0.126012,0.101409,0.00035,29375.076483,0.04,2
2026-09-09,18:18:04,0.126012,0.101409,0.00036,29375.076843,0.04,2
2026-09-09,18:18:04,0.162191,0.107508,0.00036,29375.076843,0.04,2
2026-09-09,18:18:05,0.14437,0.113588,0.00041,29375.077253,0.04,2
2026-09-09,18:18:06,0.116334,0.114775,0.00041,29375.077663,0.04,2
2026-09-09,18:18:06,0.116334,0.114641,0.00041,29375.077663,0.04,2
2026-09-09,18:18:07,0.103121,0.114641,0.00041,29375.078073,0.039,2
2026-09-09,18:18:08,0.082497,0.110943,0.00038,29375.078453,0.039,2
2026-09-09,18:18:08,0.20592,0.110943,0.00038,29375.078453,0.039,2
2026-09-09,18:18:09,0.123745,0.112872,0.00038,29375.078833,0.038,2
2026-09-09,18:18:10,0.123745,0.112872,0.00037,29375.079213,0.037,2
2026-09-09,18:18:10,0.082497,0.112872,0.00037,29375.079213,0.037,2
2026-09-09,18:18:11,0.123423,0.116857,0.00037,29375.079583,0.037,2
2026-09-09,18:18:12,0.123745,0.121045,0.0004,29375.079953,0.038,2
2026-09-09,18:18:12,0.103121,0.120856,0.0004,29375.079953,0.038,2
2026-09-09,18:18:13,0.103121,0.120856,0.0004,29375.080353,0.039,2
2026-09-09,18:18:14,0.103121,0.118567,0.00041,29375.080753,0.04,2
2026-09-09,18:18:14,0.152748,0.118567,0.00041,29375.080753,0.04,2
2026-09-09,18:18:15,0.082497,0.118567,0.00042,29375.081163,0.04,2
2026-09-09,18:18:16,0.082497,0.117236,0.0004,29375.081583,0.039,2
2026-09-09,18:18:16,0.148881,0.117236,0.0004,29375.081583,0.039,2
2026-09-09,18:18:17,0.185296,0.121328,0.00042,29375.081983,0.039,2
2026-09-09,18:18:18,0.232243,0.132919,0.00046,29375.082403,0.039,2
2026-09-09,18:18:18,0.147791,0.132919,0.00046,29375.082403,0.039,2
2026-09-09,18:18:19,0.147791,0.132919,0.00046,29375.082863,0.039,2
2026-09-09,18:18:20,0.082077,0.132919,0.00046,29375.083323,0.039,2
2026-09-09,18:18:20,0.102597,0.132919,0.00046,29375.083323,0.039,2
2026-09-09,18:18:21,0.082077,0.132919,0.00046,29375.083783,0.039,2
2026-09-09,18:18:22,0.123116,0.134919,0.00046,29375.084243,0.039,2
2026-09-09,18:18:22,0.123116,0.141001,0.00046,29375.084703,0.039,2
2026-09-09,18:18:23,0.143315,0.141001,0.00048,29375.084703,0.04,2
2026-09-09,18:18:24,0.126322,0.141258,0.00048,29375.085183,0.04,2
2026-09-09,18:18:24,0.108688,0.139785,0.00051,29375.085693,0.041,2
2026-09-09,18:18:25,0.100222,0.137433,0.00051,29375.085693,0.042,2
2026-09-09,18:18:26,0.100222,0.137433,0.00051,29375.086203,0.042,2
2026-09-09,18:18:26,0.142911,0.137433,0.00053,29375.086733,0.042,2
2026-09-09,18:18:27,0.170258,0.137433,0.00055,29375.086733,0.043,2
2026-09-09,18:18:28,0.083569,0.137433,0.00055,29375.087283,0.044,2
2026-09-09,18:18:28,0.083569,0.137433,0.00057,29375.087853,0.044,2
2026-09-09,18:18:29,0.083569,0.137433,0.00057,29375.087853,0.044,2
2026-09-09,18:18:30,0.107275,0.137433,0.00057,29375.088423,0.044,2
2026-09-09,18:18:30,0.125354,0.137433,0.00057,29375.088993,0.044,2
2026-09-09,18:18:31,0.083569,0.137433,0.00057,29375.088993,0.044,2
2026-09-09,18:18:32,0.083569,0.141452,0.00057,29375.089563,0.044,2
2026-09-09,18:18:32,0.143315,0.141452,0.00059,29375.090153,0.043,2
2026-09-09,18:18:33,0.138185,0.144958,0.00058,29375.090153,0.043,2
2026-09-09,18:18:34,0.102597,0.14033,0.00058,29375.090733,0.043,2
2026-09-09,18:18:34,0.102597,0.13206,0.00056,29375.091293,0.042,2
2026-09-09,18:18:35,0.102597,0.13206,0.00045,29375.091293,0.041,2
2026-09-09,18:18:36,0.082077,0.117044,0.00045,29375.091743,0.041,2
2026-09-09,18:18:36,0.134979,0.117044,0.00044,29375.092183,0.041,2
2026-09-09,18:18:37,0.082077,0.11294,0.00042,29375.092183,0.041,2
2026-09-09,18:18:38,0.082077,0.11294,0.00042,29375.092603,0.041,2
2026-09-09,18:18:38,0.145866,0.11294,0.00042,29375.093023,0.041,2
2026-09-09,18:18:39,0.100283,0.108636,0.0004,29375.093023,0.041,2
2026-09-09,18:18:40,0.125028,0.108507,0.0004,29375.093423,0.041,2
2026-09-09,18:18:40,0.10419,0.108057,0.0004,29375.093823,0.04,2
2026-09-09,18:18:41,0.10419,0.108057,0.00039,29375.093823,0.04,2
2026-09-09,18:18:42,0.14554,0.108057,0.00039,29375.094213,0.039,2
2026-09-09,18:18:42,0.153355,0.108057,0.00037,29375.094583,0.039,2
2026-09-09,18:18:43,0.083352,0.10637,0.00036,29375.094583,0.039,2
2026-09-09,18:18:44,0.155308,0.10637,0.00036,29375.094943,0.039,2
2026-09-09,18:18:44,0.155308,0.101253,0.00036,29375.095303,0.039,2
2026-09-09,18:18:45,0.092143,0.101253,0.00036,29375.095303,0.039,2
2026-09-09,18:18:46,0.10419,0.097853,0.00033,29375.095633,0.039,2
2026-09-09,18:18:46,0.187216,0.097853,0.00035,29375.095983,0.04,2
2026-09-09,18:18:47,0.14554,0.097853,0.00035,29375.095983,0.04,2
2026-09-09,18:18:48,0.14554,0.097853,0.00035,29375.096333,0.04,2
2026-09-09,18:18:48,0.135447,0.097853,0.00035,29375.096683,0.04,2
2026-09-09,18:18:49,0.113632,0.097853,0.00035,29375.096683,0.041,2
2026-09-09,18:18:50,0.152703,0.097853,0.00036,29375.097043,0.041,2
2026-09-09,18:18:50,0.152703,0.097853,0.00036,29375.097403,0.041,2
2026-09-09,18:18:51,0.119167,0.097853,0.00036,29375.097403,0.041,2
2026-09-09,18:18:52,0.103864,0.097853,0.00036,29375.097763,0.041,2
2026-09-09,18:18:52,0.103732,0.097853,0.00036,29375.098123,0.041,2
2026-09-09,18:18:53,0.154325,0.097853,0.00036,29375.098123,0.041,2
2026-09-09,18:18:54,0.154325,0.095907,0.00036,29375.098483,0.041,2
2026-09-09,18:18:54,0.083136,0.095907,0.00036,29375.098843,0.041,2
2026-09-09,18:18:55,0.124704,0.095907,0.00036,29375.098843,0.041,2
2026-09-09,18:18:56,0.083136,0.093961,0.00035,29375.099193,0.041,2
2026-09-09,18:18:56,0.124704,0.093961,0.00035,29375.099543,0.041,2
2026-09-09,18:18:57,0.124704,0.093961,0.00035,29375.099543,0.041,2
2026-09-09,18:18:58,0.083136,0.094067,0.00035,29375.099893,0.041,2
2026-09-09,18:18:58,0.086708,0.09453,0.00035,29375.100243,0.041,2
2026-09-09,18:18:59,0.10392,0.094894,0.00035,29375.100243,0.041,2
2026-09-09,18:19:00,0.10392,0.09464,0.00035,29375.100593,0.042,2
2026-09-09,18:19:00,0.122485,0.09464,0.00036,29375.100953,0.042,2
2026-09-09,18:19:01,0.10419,0.09464,0.00036,29375.100953,0.042,2
2026-09-09,18:19:02,0.083352,0.09464,0.00036,29375.101313,0.042,2
2026-09-09,18:19:02,0.082077,0.093633,0.00036,29375.101673,0.042,2
2026-09-09,18:19:03,0.082077,0.093633,0.00036,29375.101673,0.042,2
2026-09-09,18:19:04,0.152292,0.093633,0.00036,29375.102033,0.042,2
2026-09-09,18:19:04,0.084322,0.091646,0.00035,29375.102383,0.042,2
2026-09-09,18:19:05,0.143315,0.091646,0.00035,29375.102383,0.041,2
2026-09-09,18:19:06,0.193651,0.091646,0.00034,29375.102723,0.041,2
2026-09-09,18:19:06,0.193651,0.091646,0.00034,29375.103073,0.042,2
2026-09-09,18:19:07,0.143636,0.091646,0.00035,29375.103073,0.042,2
2026-09-09,18:19:08,0.102597,0.091646,0.00035,29375.103423,0.042,2
2026-09-09,18:19:08,0.118948,0.091646,0.00035,29375.103773,0.042,2
2026-09-09,18:19:09,0.100352,0.091646,0.00035,29375.103773,0.042,2
2026-09-09,18:19:10,0.100352,0.091646,0.00035,29375.104123,0.042,2
2026-09-09,18:19:10,0.17289,0.091646,0.00035,29375.104473,0.042,2
2026-09-09,18:19:11,0.124702,0.091646,0.00035,29375.104473,0.042,2
2026-09-09,18:19:12,0.14554,0.091646,0.00035,29375.104823,0.042,2
2026-09-09,18:19:12,0.14554,0.09154,0.00035,29375.105173,0.042,2
2026-09-09,18:19:13,0.082077,0.09154,0.00035,29375.105173,0.042,2
2026-09-09,18:19:14,0.102597,0.093487,0.00036,29375.105523,0.042,2
2026-09-09,18:19:14,0.082077,0.093381,0.00036,29375.105883,0.041,2
2026-09-09,18:19:15,0.082077,0.092918,0.00035,29375.105883,0.041,2
2026-09-09,18:19:16,0.082077,0.092918,0.00034,29375.106233,0.04,2
2026-09-09,18:19:16,0.195896,0.092918,0.00034,29375.106573,0.039,2
2026-09-09,18:19:17,0.102597,0.092785,0.00032,29375.106573,0.039,2
2026-09-09,18:19:18,0.104461,0.090983,0.00031,29375.106893,0.039,2
2026-09-09,18:19:18,0.113602,0.091924,0.00031,29375.107203,0.039,2
2026-09-09,18:19:19,0.113602,0.091924,0.00031,29375.107203,0.039,2
2026-09-09,18:19:20,0.125027,0.096092,0.00033,29375.107513,0.039,2
2026-09-09,18:19:20,0.102597,0.098144,0.00033,29375.107843,0.04,2
2026-09-09,18:19:21,0.184354,0.098144,0.00035,29375.107843,0.041,2
2026-09-09,18:19:22,0.184354,0.098144,0.00036,29375.108193,0.041,2
2026-09-09,18:19:22,0.163834,0.098144,0.00036,29375.108553,0.042,2
2026-09-09,18:19:23,0.124702,0.098144,0.00038,29375.108553,0.042,2
2026-09-09,18:19:24,0.11233,0.098144,0.00038,29375.108933,0.042,2
2026-09-09,18:19:24,0.180379,0.098144,0.00038,29375.109313,0.043,2
2026-09-09,18:19:25,0.180379,0.10013,0.00039,29375.109313,0.043,2
2026-09-09,18:19:26,0.10419,0.10013,0.00039,29375.109703,0.044,2
2026-09-09,18:19:26,0.125028,0.104425,0.00042,29375.110123,0.044,2
2026-09-09,18:19:27,0.122187,0.106384,0.00044,29375.110123,0.044,2
2026-09-09,18:19:28,0.102141,0.108391,0.00044,29375.110563,0.043,2
2026-09-09,18:19:28,0.102141,0.108391,0.00043,29375.110993,0.043,2
2026-09-09,18:19:29,0.175007,0.108391,0.00043,29375.110993,0.043,2
2026-09-09,18:19:30,0.081458,0.108329,0.00043,29375.111423,0.043,2
2026-09-09,18:19:30,0.10392,0.108461,0.00043,29375.111853,0.042,2
2026-09-09,18:19:31,0.10392,0.108461,0.00042,29375.111853,0.042,2
2026-09-09,18:19:32,0.156234,0.108461,0.00042,29375.112273,0.041,2
2026-09-09,18:19:32,0.223691,0.108461,0.0004,29375.112673,0.041,2
2026-09-09,18:19:33,0.144417,0.108461,0.00039,29375.112673,0.04,2
2026-09-09,18:19:34,0.13753,0.108461,0.00039,29375.113063,0.04,2
2026-09-09,18:19:34,0.13753,0.108461,0.00039,29375.113453,0.041,2
2026-09-09,18:19:35,0.143315,0.108461,0.0004,29375.113453,0.041,2
2026-09-09,18:19:36,0.102597,0.108461,0.0004,29375.113853,0.041,2
2026-09-09,18:19:36,0.083788,0.108461,0.0004,29375.114253,0.042,2
2026-09-09,18:19:37,0.089025,0.108461,0.00042,29375.114253,0.042,2
2026-09-09,18:19:38,0.089025,0.110583,0.00042,29375.114673,0.042,2
2026-09-09,18:19:38,0.125682,0.110583,0.00043,29375.115103,0.042,2
2026-09-09,18:19:39,0.101832,0.109406,0.00042,29375.115103,0.042,2
2026-09-09,18:19:40,0.082497,0.105153,0.00042,29375.115523,0.041,2
2026-09-09,18:19:40,0.144047,0.105153,0.00039,29375.115913,0.041,2
2026-09-09,18:19:41,0.144047,0.105153,0.00039,29375.115913,0.041,2
2026-09-09,18:19:42,0.123745,0.105153,0.00039,29375.116303,0.041,2
2026-09-09,18:19:42,0.084008,0.103294,0.00037,29375.116673,0.04,2
2026-09-09,18:19:43,0.122796,0.103294,0.00038,29375.116673,0.041,2
2026-09-09,18:19:44,0.122796,0.103294,0.00038,29375.117053,0.041,2
2026-09-09,18:19:44,0.141487,0.103294,0.00038,29375.117433,0.042,2
2026-09-09,18:19:45,0.09854,0.102729,0.0004,29375.117433,0.042,2
2026-09-09,18:19:46,0.195787,0.102729,0.0004,29375.117833,0.043,2
2026-09-09,18:19:46,0.124063,0.102633,0.00041,29375.118243,0.043,2
2026-09-09,18:19:47,0.124063,0.10097,0.0004,29375.118243,0.043,2
2026-09-09,18:19:48,0.105565,0.10097,0.0004,29375.118643,0.043,2
2026-09-09,18:19:48,0.123116,0.103068,0.00041,29375.119053,0.043,2
2026-09-09,18:19:49,0.163834,0.103068,0.00038,29375.119053,0.041,2
2026-09-09,18:19:50,0.102597,0.105182,0.00038,29375.119433,0.041,2
2026-09-09,18:19:50,0.102597,0.105182,0.00039,29375.119823,0.041,2
2026-09-09,18:19:51,0.124719,0.107262,0.00039,29375.119823,0.04,2
2026-09-09,18:19:52,0.102597,0.104953,0.00039,29375.120213,0.04,2
2026-09-09,18:19:52,0.166812,0.104953,0.00039,29375.120603,0.041,2
2026-09-09,18:19:53,0.166812,0.104953,0.00039,29375.120603,0.041,2
2026-09-09,18:19:54,0.118327,0.104953,0.00039,29375.120993,0.041,2
2026-09-09,18:19:54,0.143272,0.104953,0.00039,29375.121383,0.041,2
2026-09-09,18:19:55,0.08187,0.102957,0.00039,29375.121383,0.041,2
2026-09-09,18:19:56,0.102337,0.104941,0.00038,29375.121763,0.041,2
2026-09-09,18:19:56,0.102337,0.108085,0.0004,29375.122163,0.041,2
2026-09-09,18:19:57,0.115449,0.108085,0.0004,29375.122163,0.04,2
2026-09-09,18:19:58,0.102337,0.108465,0.00039,29375.122553,0.04,2
2026-09-09,18:19:58,0.224822,0.108465,0.00039,29375.122943,0.04,2
2026-09-09,18:19:59,0.122804,0.108339,0.00039,29375.122943,0.039,2
2026-09-09,18:20:00,0.122804,0.108339,0.00037,29375.123313,0.039,2
2026-09-09,18:20:00,0.183887,0.108339,0.00037,29375.123683,0.039,2
2026-09-09,18:20:01,0.102337,0.108016,0.00037,29375.123683,0.039,2
2026-09-09,18:20:02,0.102337,0.105938,0.00036,29375.124043,0.039,2
2026-09-09,18:20:02,0.125028,0.108182,0.00037,29375.124413,0.039,2
2026-09-09,18:20:03,0.125028,0.108182,0.00037,29375.124413,0.039,2
2026-09-09,18:20:04,0.12047,0.107757,0.00037,29375.124783,0.039,2
2026-09-09,18:20:04,0.204674,0.107757,0.00037,29375.125153,0.039,2
2026-09-09,18:20:05,0.102337,0.107731,0.00037,29375.125153,0.039,2
2026-09-09,18:20:06,0.102337,0.107731,0.00037,29375.125523,0.038,2
2026-09-09,18:20:06,0.143272,0.107731,0.00036,29375.125883,0.038,2
2026-09-09,18:20:07,0.090185,0.108562,0.00036,29375.125883,0.038,2
2026-09-09,18:20:08,0.163419,0.108562,0.00037,29375.126253,0.039,2
2026-09-09,18:20:08,0.10392,0.10872,0.00037,29375.126623,0.039,2
2026-09-09,18:20:09,0.10392,0.109613,0.00037,29375.126623,0.039,2
2026-09-09,18:20:10,0.12438,0.109613,0.00038,29375.127003,0.039,2
2026-09-09,18:20:10,0.10392,0.109772,0.00038,29375.127383,0.039,2
2026-09-09,18:20:11,0.162103,0.109772,0.00038,29375.127383,0.039,2
2026-09-09,18:20:12,0.121577,0.109772,0.00038,29375.127763,0.039,2
2026-09-09,18:20:12,0.121577,0.109772,0.00038,29375.128143,0.039,2
2026-09-09,18:20:13,0.082709,0.105762,0.00036,29375.128143,0.039,2
2026-09-09,18:20:14,0.144417,0.105762,0.00036,29375.128503,0.039,2
2026-09-09,18:20:14,0.103386,0.105762,0.00036,29375.128863,0.039,2
2026-09-09,18:20:15,0.103386,0.105762,0.00036,29375.128863,0.04,2
2026-09-09,18:20:16,0.166387,0.105762,0.00038,29375.129223,0.04,2
2026-09-09,18:20:16,0.12374,0.105762,0.00038,29375.129603,0.04,2
2026-09-09,18:20:17,0.206449,0.105762,0.00038,29375.129603,0.04,2
2026-09-09,18:20:18,0.102868,0.105815,0.00038,29375.129983,0.04,2
2026-09-09,18:20:18,0.102868,0.107988,0.00038,29375.130363,0.04,2
2026-09-09,18:20:19,0.124063,0.107988,0.00039,29375.130363,0.04,2
2026-09-09,18:20:20,0.106411,0.106126,0.00038,29375.130753,0.04,2
2026-09-09,18:20:20,0.141591,0.106126,0.00038,29375.131133,0.041,2
2026-09-09,18:20:21,0.249084,0.106126,0.00039,29375.131133,0.041,2
2026-09-09,18:20:22,0.249084,0.106517,0.0004,29375.131523,0.041,2
2026-09-09,18:20:22,0.12438,0.106517,0.0004,29375.131923,0.041,2
2026-09-09,18:20:23,0.10392,0.106676,0.0004,29375.131923,0.041,2
2026-09-09,18:20:24,0.228625,0.106676,0.00038,29375.132323,0.04,2
2026-09-09,18:20:25,0.083136,0.105971,0.00038,29375.132703,0.04,2
2026-09-09,18:20:25,0.083136,0.105971,0.00038,29375.132703,0.039,2
2026-09-09,18:20:26,0.124704,0.105971,0.00036,29375.133083,0.039,2
2026-09-09,18:20:27,0.083136,0.103892,0.00036,29375.133443,0.038,2
2026-09-09,18:20:27,0.142551,0.103892,0.00034,29375.133443,0.038,2
2026-09-09,18:20:28,0.142551,0.103892,0.00036,29375.133783,0.039,2
2026-09-09,18:20:29,0.121869,0.103892,0.00036,29375.134143,0.039,2
2026-09-09,18:20:29,0.081458,0.0996,0.00034,29375.134143,0.039,2
2026-09-09,18:20:30,0.121869,0.0996,0.00036,29375.134483,0.04,2
2026-09-09,18:20:31,0.114232,0.0996,0.00036,29375.134843,0.041,2
2026-09-09,18:20:31,0.114232,0.0996,0.00037,29375.134843,0.041,2
2026-09-09,18:20:32,0.084452,0.0996,0.00037,29375.135213,0.042,2
2026-09-09,18:20:33,0.126678,0.101876,0.00038,29375.135593,0.042,2
2026-09-09,18:20:33,0.102858,0.103891,0.0004,29375.135593,0.042,2
2026-09-09,18:20:34,0.102858,0.10389,0.0004,29375.135993,0.042,2
2026-09-09,18:20:35,0.102858,0.10389,0.0004,29375.136393,0.043,2
2026-09-09,18:20:35,0.102858,0.101769,0.00041,29375.136393,0.043,2
2026-09-09,18:20:36,0.12343,0.103471,0.00041,29375.136803,0.043,2
2026-09-09,18:20:37,0.191573,0.103471,0.00041,29375.137213,0.043,2
2026-09-09,18:20:37,0.191573,0.103471,0.00041,29375.137213,0.043,2
2026-09-09,18:20:38,0.179037,0.103471,0.00041,29375.137623,0.043,2
2026-09-09,18:20:39,0.191573,0.103471,0.00041,29375.138033,0.043,2
2026-09-09,18:20:39,0.108001,0.101833,0.00039,29375.138033,0.042,2
2026-09-09,18:20:40,0.172287,0.101833,0.00039,29375.138423,0.042,2
2026-09-09,18:20:41,0.172287,0.101833,0.00039,29375.138813,0.041,2
2026-09-09,18:20:41,0.14368,0.101833,0.00038,29375.138813,0.041,2
2026-09-09,18:20:42,0.106715,0.101833,0.00038,29375.139193,0.041,2
2026-09-09,18:20:43,0.084452,0.101833,0.00038,29375.139573,0.041,2
2026-09-09,18:20:43,0.084452,0.103753,0.00039,29375.139573,0.041,2
2026-09-09,18:20:44,0.123116,0.103753,0.00039,29375.139963,0.041,2
2026-09-09,18:20:44,0.123116,0.107751,0.0004,29375.140363,0.041,2
2026-09-09,18:20:45,0.10419,0.109856,0.00041,29375.140363,0.041,2
2026-09-09,18:20:46,0.145866,0.109856,0.00041,29375.140773,0.04,2
2026-09-09,18:20:46,0.145866,0.109856,0.00039,29375.141163,0.04,2
2026-09-09,18:20:47,0.166378,0.109856,0.00039,29375.141163,0.04,2
2026-09-09,18:20:48,0.145866,0.109856,0.00039,29375.141553,0.04,2
2026-09-09,18:20:48,0.14554,0.109856,0.00039,29375.141943,0.039,2
2026-09-09,18:20:49,0.14554,0.109856,0.00038,29375.141943,0.039,2
2026-09-09,18:20:50,0.125028,0.109856,0.00038,29375.142323,0.039,2
2026-09-09,18:20:50,0.081051,0.109816,0.00038,29375.142703,0.039,2
2026-09-09,18:20:51,0.166272,0.109816,0.00038,29375.142703,0.039,2
2026-09-09,18:20:52,0.10392,0.10754,0.00038,29375.143083,0.039,2
2026-09-09,18:20:52,0.10392,0.109725,0.00037,29375.143453,0.039,2
2026-09-09,18:20:53,0.124704,0.109725,0.00037,29375.143453,0.039,2
2026-09-09,18:20:54,0.083136,0.109725,0.00038,29375.143833,0.039,2
2026-09-09,18:20:54,0.131439,0.112583,0.00039,29375.144223,0.039,2
2026-09-09,18:20:55,0.122804,0.114577,0.00039,29375.144223,0.039,2
2026-09-09,18:20:56,0.122804,0.114577,0.00039,29375.144613,0.039,2
2026-09-09,18:20:56,0.127921,0.115026,0.00039,29375.145003,0.039,2
2026-09-09,18:20:57,0.184207,0.115026,0.00039,29375.145003,0.039,2
2026-09-09,18:20:58,0.165948,0.115026,0.00039,29375.145393,0.04,2
2026-09-09,18:20:58,0.165948,0.115026,0.00041,29375.145803,0.04,2
2026-09-09,18:20:59,0.199397,0.115026,0.00041,29375.145803,0.041,2
2026-09-09,18:21:00,0.189963,0.115026,0.00043,29375.146233,0.041,2
2026-09-09,18:21:00,0.081458,0.112372,0.00042,29375.146653,0.041,2
2026-09-09,18:21:01,0.142551,0.112372,0.00042,29375.146653,0.042,2
2026-09-09,18:21:02,0.142551,0.112372,0.00043,29375.147083,0.042,2
2026-09-09,18:21:02,0.182962,0.112372,0.00043,29375.147513,0.042,2
2026-09-09,18:21:03,0.163576,0.112372,0.00043,29375.147513,0.042,2
2026-09-09,18:21:04,0.103652,0.110426,0.00043,29375.147943,0.042,2
2026-09-09,18:21:04,0.103652,0.110426,0.00041,29375.147943,0.041,2
2026-09-09,18:21:05,0.145113,0.110426,0.00041,29375.148353,0.041,2
2026-09-09,18:21:06,0.207304,0.110426,0.00041,29375.148763,0.041,2
2026-09-09,18:21:06,0.082922,0.106406,0.0004,29375.148763,0.041,2
2026-09-09,18:21:07,0.19532,0.106406,0.0004,29375.149163,0.041,2
2026-09-09,18:21:08,0.19532,0.104279,0.0004,29375.149563,0.041,2
2026-09-09,18:21:08,0.082922,0.104279,0.0004,29375.149563,0.04,2
2026-09-09,18:21:09,0.18625,0.104279,0.00039,29375.149953,0.04,2
2026-09-09,18:21:10,0.159041,0.104279,0.00036,29375.150313,0.039,2
2026-09-09,18:21:10,0.159041,0.104279,0.00036,29375.150313,0.039,2
2026-09-09,18:21:11,0.137663,0.104279,0.00036,29375.150673,0.039,2
2026-09-09,18:21:12,0.12665,0.104279,0.00036,29375.151033,0.039,2
2026-09-09,18:21:12,0.119524,0.104279,0.00036,29375.151033,0.039,2
2026-09-09,18:21:13,0.103652,0.104279,0.00036,29375.151393,0.039,2
2026-09-09,18:21:14,0.103652,0.104279,0.00036,29375.151753,0.038,2
2026-09-09,18:21:14,0.124707,0.104279,0.00036,29375.151753,0.038,2
2026-09-09,18:21:15,0.103652,0.104279,0.00034,29375.152113,0.038,2
2026-09-09,18:21:16,0.103652,0.104279,0.00034,29375.152453,0.038,2
2026-09-09,18:21:16,0.142911,0.104279,0.00034,29375.152453,0.038,2
2026-09-09,18:21:17,0.142911,0.104279,0.00034,29375.152793,0.038,2
2026-09-09,18:21:18,0.125027,0.104279,0.00034,29375.153133,0.038,2
2026-09-09,18:21:18,0.083569,0.104531,0.00034,29375.153133,0.039,2
2026-09-09,18:21:19,0.142551,0.104531,0.00036,29375.153473,0.039,2
2026-09-09,18:21:20,0.142551,0.104531,0.00036,29375.153833,0.039,2
2026-09-09,18:21:20,0.12374,0.104531,0.00036,29375.153833,0.04,2
2026-09-09,18:21:21,0.103386,0.104531,0.00037,29375.154193,0.04,2
2026-09-09,18:21:22,0.210019,0.104531,0.00037,29375.154563,0.04,2
2026-09-09,18:21:22,0.102858,0.104425,0.00037,29375.154563,0.041,2
2026-09-09,18:21:23,0.102858,0.104425,0.00039,29375.154933,0.041,2
2026-09-09,18:21:24,0.15963,0.104425,0.00039,29375.155323,0.041,2
2026-09-09,18:21:24,0.184207,0.104425,0.00039,29375.155323,0.041,2
2026-09-09,18:21:25,0.204354,0.104425,0.0004,29375.155713,0.042,2
2026-09-09,18:21:26,0.204354,0.102188,0.0004,29375.156113,0.042,2
2026-09-09,18:21:26,0.102337,0.102188,0.00039,29375.156113,0.042,2
2026-09-09,18:21:27,0.08187,0.097231,0.00038,29375.156503,0.042,2
2026-09-09,18:21:28,0.145866,0.097231,0.00038,29375.156883,0.042,2
2026-09-09,18:21:28,0.145866,0.097231,0.00038,29375.156883,0.042,2
2026-09-09,18:21:29,0.145866,0.093159,0.00036,29375.157263,0.042,2
2026-09-09,18:21:30,0.082077,0.093159,0.00036,29375.157623,0.042,2
2026-09-09,18:21:30,0.16159,0.093159,0.00036,29375.157623,0.042,2
2026-09-09,18:21:31,0.123116,0.093159,0.00035,29375.157983,0.041,2
2026-09-09,18:21:32,0.133055,0.093159,0.00035,29375.158333,0.041,2
2026-09-09,18:21:32,0.133055,0.093159,0.00035,29375.158333,0.04,2
2026-09-09,18:21:33,0.125682,0.093159,0.00033,29375.158683,0.04,2
2026-09-09,18:21:34,0.083788,0.088745,0.00033,29375.159013,0.039,2
2026-09-09,18:21:34,0.081663,0.088766,0.0003,29375.159013,0.039,2
2026-09-09,18:21:35,0.081663,0.088608,0.0003,29375.159313,0.039,2
2026-09-09,18:21:36,0.102079,0.088608,0.0003,29375.159613,0.038,2
2026-09-09,18:21:36,0.139665,0.088608,0.00029,29375.159613,0.038,2
2026-09-09,18:21:37,0.110894,0.088608,0.00029,29375.159903,0.038,2
2026-09-09,18:21:38,0.239788,0.088608,0.00029,29375.160193,0.039,2
2026-09-09,18:21:38,0.239788,0.088608,0.0003,29375.160193,0.039,2
2026-09-09,18:21:39,0.082287,0.088545,0.0003,29375.160493,0.038,2
2026-09-09,18:21:40,0.123108,0.088545,0.0003,29375.160793,0.038,2
2026-09-09,18:21:40,0.147401,0.088545,0.00029,29375.160793,0.038,2
2026-09-09,18:21:41,0.231301,0.088545,0.00029,29375.161083,0.038,2
2026-09-09,18:21:42,0.231301,0.088545,0.00029,29375.161373,0.038,2
2026-09-09,18:21:42,0.084229,0.088676,0.00029,29375.161373,0.038,2
2026-09-09,18:21:43,0.082497,0.088568,0.00029,29375.161663,0.038,2
2026-09-09,18:21:44,0.14892,0.088568,0.00029,29375.161953,0.038,2
2026-09-09,18:21:44,0.14892,0.088568,0.00029,29375.161953,0.039,2
2026-09-09,18:21:45,0.102858,0.088568,0.00029,29375.162243,0.039,2
2026-09-09,18:21:46,0.12343,0.090678,0.00031,29375.162553,0.039,2
2026-09-09,18:21:46,0.102858,0.092777,0.00032,29375.162553,0.039,2
2026-09-09,18:21:47,0.082287,0.092798,0.00032,29375.162873,0.039,2
2026-09-09,18:21:48,0.082287,0.092798,0.00032,29375.163193,0.04,2
2026-09-09,18:21:48,0.082287,0.092647,0.00033,29375.163193,0.04,2
2026-09-09,18:21:49,0.082287,0.09271,0.00033,29375.163523,0.041,2
2026-09-09,18:21:50,0.123108,0.09271,0.00034,29375.163863,0.041,2
2026-09-09,18:21:50,0.123108,0.09271,0.00036,29375.163863,0.042,2
2026-09-09,18:21:51,0.205395,0.09271,0.00036,29375.164223,0.042,2
2026-09-09,18:21:52,0.082287,0.09073,0.00035,29375.164573,0.042,2
2026-09-09,18:21:52,0.082287,0.09073,0.00035,29375.164573,0.042,2
2026-09-09,18:21:53,0.14368,0.09073,0.00035,29375.164923,0.042,2
2026-09-09,18:21:54,0.14368,0.09073,0.00035,29375.165273,0.042,2
2026-09-09,18:21:54,0.12343,0.09073,0.00035,29375.165273,0.042,2
2026-09-09,18:21:55,0.123108,0.09073,0.00035,29375.165623,0.042,2
2026-09-09,18:21:56,0.102858,0.09073,0.00036,29375.165983,0.043,2
2026-09-09,18:21:56,0.210019,0.09073,0.00036,29375.165983,0.043,2
2026-09-09,18:21:57,0.210019,0.09073,0.00036,29375.166343,0.043,2
2026-09-09,18:21:58,0.082497,0.090557,0.00036,29375.166703,0.043,2
2026-09-09,18:21:58,0.168129,0.090557,0.00036,29375.166703,0.042,2
2026-09-09,18:21:59,0.119848,0.090557,0.00035,29375.167053,0.042,2
2026-09-09,18:22:00,0.119848,0.090474,0.00035,29375.167403,0.041,2
2026-09-09,18:22:00,0.081663,0.090474,0.00035,29375.167403,0.04,2
2026-09-09,18:22:01,0.15248,0.090474,0.00032,29375.167723,0.04,2
2026-09-09,18:22:01,0.082922,0.08848,0.00031,29375.168033,0.04,2
2026-09-09,18:22:02,0.082922,0.084429,0.00031,29375.168033,0.039,2
2026-09-09,18:22:03,0.082922,0.084429,0.00029,29375.168323,0.038,2
2026-09-09,18:22:03,0.082922,0.082436,0.00027,29375.168593,0.038,2
2026-09-09,18:22:04,0.170702,0.082436,0.00027,29375.168593,0.038,2
2026-09-09,18:22:05,0.148976,0.082436,0.00027,29375.168863,0.038,2
2026-09-09,18:22:05,0.148976,0.084546,0.00029,29375.169153,0.039,2
2026-09-09,18:22:06,0.103386,0.084546,0.00029,29375.169153,0.039,2
2026-09-09,18:22:07,0.082709,0.084588,0.00029,29375.169443,0.039,2
2026-09-09,18:22:07,0.082709,0.08463,0.00029,29375.169443,0.039,2
2026-09-09,18:22:08,0.134725,0.08463,0.00029,29375.169733,0.04,2
2026-09-09,18:22:09,0.134725,0.08463,0.0003,29375.170033,0.04,2
2026-09-09,18:22:09,0.207463,0.08463,0.0003,29375.170033,0.04,2
2026-09-09,18:22:10,0.083569,0.084758,0.0003,29375.170333,0.04,2
2026-09-09,18:22:11,0.156366,0.084758,0.0003,29375.170633,0.04,2
2026-09-09,18:22:11,0.184823,0.084758,0.0003,29375.170633,0.039,2
2026-09-09,18:22:12,0.184823,0.084758,0.00029,29375.170923,0.039,2
2026-09-09,18:22:13,0.105845,0.087114,0.0003,29375.171223,0.039,2
2026-09-09,18:22:13,0.165094,0.087114,0.0003,29375.171223,0.04,2
2026-09-09,18:22:14,0.220018,0.087114,0.00031,29375.171533,0.04,2
2026-09-09,18:22:15,0.220018,0.087135,0.00031,29375.171843,0.04,2
2026-09-09,18:22:15,0.082709,0.087135,0.00031,29375.171843,0.04,2
2026-09-09,18:22:16,0.103386,0.089308,0.00032,29375.172153,0.04,2
2026-09-09,18:22:17,0.082709,0.089286,0.00032,29375.172473,0.04,2
2026-09-09,18:22:17,0.165417,0.089286,0.00032,29375.172473,0.04,2
2026-09-09,18:22:18,0.165417,0.089286,0.00032,29375.172793,0.04,2
2026-09-09,18:22:19,0.11088,0.092082,0.00033,29375.173113,0.04,2
2026-09-09,18:22:19,0.126015,0.096392,0.00033,29375.173113,0.04,2
2026-09-09,18:22:20,0.258125,0.096392,0.00034,29375.173443,0.04,2
2026-09-09,18:22:21,0.258125,0.096392,0.00034,29375.173783,0.04,2
2026-09-09,18:22:21,0.144047,0.096392,0.00034,29375.173783,0.04,2
2026-09-09,18:22:22,0.123423,0.096392,0.00034,29375.174123,0.04,2
2026-09-09,18:22:23,0.105699,0.096392,0.00034,29375.174463,0.04,2
2026-09-09,18:22:23,0.099171,0.096392,0.00034,29375.174463,0.04,2
2026-09-09,18:22:24,0.099171,0.096392,0.00034,29375.174803,0.04,2
2026-09-09,18:22:25,0.164994,0.096392,0.00034,29375.175143,0.04,2
2026-09-09,18:22:25,0.103121,0.096365,0.00034,29375.175143,0.04,2
2026-09-09,18:22:26,0.101832,0.098277,0.00035,29375.175483,0.04,2
2026-09-09,18:22:27,0.123423,0.102349,0.00035,29375.175833,0.04,2
2026-09-09,18:22:27,0.123423,0.102349,0.00036,29375.175833,0.04,2
2026-09-09,18:22:28,0.082497,0.102349,0.00036,29375.176193,0.04,2
2026-09-09,18:22:29,0.082497,0.102349,0.00036,29375.176553,0.04,2
2026-09-09,18:22:29,0.128579,0.10685,0.00036,29375.176553,0.04,2
2026-09-09,18:22:30,0.128579,0.112732,0.0004,29375.176913,0.04,2
2026-09-09,18:22:31,0.164672,0.112732,0.0004,29375.177313,0.039,2
2026-09-09,18:22:31,0.146625,0.119124,0.00041,29375.177313,0.039,2
2026-09-09,18:22:32,0.171761,0.125962,0.00043,29375.177723,0.039,2
2026-09-09,18:22:33,0.123745,0.130065,0.00043,29375.178153,0.04,2
2026-09-09,18:22:33,0.123745,0.130065,0.00047,29375.178153,0.04,2
2026-09-09,18:22:34,0.103121,0.12929,0.00046,29375.178623,0.04,2
2026-09-09,18:22:35,0.10501,0.127189,0.00046,29375.179083,0.04,2
2026-09-09,18:22:35,0.08085,0.124962,0.00045,29375.179083,0.04,2
2026-09-09,18:22:36,0.08085,0.123071,0.00044,29375.179533,0.04,2
2026-09-09,18:22:37,0.082922,0.123071,0.00044,29375.179973,0.04,2
2026-09-09,18:22:37,0.107215,0.12145,0.00043,29375.179973,0.04,2
2026-09-09,18:22:38,0.103652,0.118957,0.00042,29375.180403,0.04,2
2026-09-09,18:22:39,0.082922,0.110782,0.00042,29375.180823,0.04,2
2026-09-09,18:22:39,0.082922,0.104412,0.0004,29375.180823,0.04,2
2026-09-09,18:22:40,0.082922,0.104412,0.0004,29375.181223,0.04,2
2026-09-09,18:22:41,0.124059,0.104412,0.00037,29375.181593,0.04,2
2026-09-09,18:22:41,0.124059,0.104412,0.00037,29375.181593,0.04,2
2026-09-09,18:22:42,0.145113,0.104412,0.00037,29375.181963,0.04,2
2026-09-09,18:22:43,0.145113,0.104412,0.00037,29375.182333,0.041,2
2026-09-09,18:22:43,0.161083,0.104412,0.00039,29375.182333,0.041,2
2026-09-09,18:22:44,0.084676,0.095704,0.00039,29375.182723,0.041,2
2026-09-09,18:22:45,0.121869,0.095704,0.00035,29375.183073,0.041,2
2026-09-09,18:22:45,0.121869,0.095704,0.00035,29375.183073,0.041,2
2026-09-09,18:22:46,0.101822,0.095704,0.00035,29375.183423,0.041,2
2026-09-09,18:22:47,0.091958,0.095704,0.00035,29375.183773,0.041,2
2026-09-09,18:22:47,0.153211,0.095704,0.00035,29375.183773,0.041,2
2026-09-09,18:22:48,0.145113,0.095704,0.00035,29375.184123,0.04,2
2026-09-09,18:22:49,0.145113,0.095704,0.00034,29375.184463,0.04,2
2026-09-09,18:22:49,0.144789,0.095704,0.00034,29375.184463,0.04,2
2026-09-09,18:22:50,0.114017,0.095704,0.00034,29375.184803,0.04,2
2026-09-09,18:22:51,0.082922,0.095704,0.00034,29375.185143,0.04,2
2026-09-09,18:22:51,0.082922,0.095704,0.00033,29375.185143,0.039,2
2026-09-09,18:22:52,0.103652,0.095704,0.00033,29375.185473,0.039,2
2026-09-09,18:22:53,0.148028,0.095704,0.00033,29375.185803,0.039,2
2026-09-09,18:22:53,0.145113,0.095704,0.00033,29375.185803,0.039,2
2026-09-09,18:22:54,0.103652,0.095704,0.00033,29375.186133,0.039,2
2026-09-09,18:22:55,0.103652,0.095704,0.00033,29375.186463,0.039,2
2026-09-09,18:22:55,0.124383,0.095704,0.00033,29375.186463,0.039,2
2026-09-09,18:22:56,0.122187,0.095704,0.00033,29375.186793,0.039,2
2026-09-09,18:22:57,0.094907,0.095704,0.00033,29375.187123,0.039,2
2026-09-09,18:22:57,0.103652,0.095704,0.00033,29375.187123,0.039,2
2026-09-09,18:22:58,0.103652,0.095704,0.00033,29375.187453,0.039,2
2026-09-09,18:22:59,0.103652,0.095704,0.00033,29375.187783,0.039,2
2026-09-09,18:22:59,0.082922,0.095704,0.00033,29375.187783,0.039,2
2026-09-09,18:23:00,0.082922,0.111142,0.00033,29375.188113,0.039,2
2026-09-09,18:23:01,0.082922,0.104631,0.00036,29375.188473,0.039,2
2026-09-09,18:23:01,0.082922,0.104631,0.00036,29375.188473,0.039,2
2026-09-09,18:23:02,0.091816,0.099301,0.00034,29375.188813,0.039,2
2026-09-09,18:23:03,0.103652,0.099301,0.00034,29375.189153,0.039,2
2026-09-09,18:23:03,0.082922,0.095155,0.00034,29375.189153,0.039,2
2026-09-09,18:23:04,0.082922,0.095155,0.00033,29375.189483,0.039,2
2026-09-09,18:23:05,0.103652,0.093302,0.00032,29375.189483,0.039,2
2026-09-09,18:23:05,0.082922,0.092103,0.00032,29375.189803,0.039,2
2026-09-09,18:23:06,0.101709,0.091909,0.00031,29375.190113,0.04,2
2026-09-09,18:23:07,0.101709,0.089836,0.00032,29375.190113,0.04,2
2026-09-09,18:23:07,0.082922,0.089836,0.00032,29375.190433,0.04,2
2026-09-09,18:23:08,0.145113,0.089836,0.00032,29375.190753,0.04,2
2026-09-09,18:23:08,0.082922,0.089836,0.00032,29375.190753,0.04,2
2026-09-09,18:23:09,0.142551,0.089836,0.00032,29375.191073,0.04,2
2026-09-09,18:23:10,0.142551,0.089836,0.00032,29375.191393,0.04,2
2026-09-09,18:23:11,0.101822,0.089836,0.00032,29375.191393,0.04,2
2026-09-09,18:23:11,0.081458,0.089836,0.00032,29375.191713,0.04,2
2026-09-09,18:23:12,0.126012,0.089836,0.00032,29375.192033,0.04,2
2026-09-09,18:23:12,0.183774,0.089836,0.00032,29375.192033,0.04,2
2026-09-09,18:23:13,0.183774,0.089836,0.00032,29375.192353,0.04,2
2026-09-09,18:23:14,0.202818,0.089836,0.00032,29375.192673,0.04,2
2026-09-09,18:23:14,0.112364,0.09278,0.00032,29375.192673,0.04,2
2026-09-09,18:23:15,0.10392,0.09488,0.00033,29375.193003,0.04,2
2026-09-09,18:23:16,0.10392,0.09488,0.00034,29375.193343,0.04,2
2026-09-09,18:23:16,0.145488,0.09488,0.00034,29375.193343,0.04,2
2026-09-09,18:23:17,0.083136,0.094012,0.00033,29375.193673,0.04,2
2026-09-09,18:23:18,0.106518,0.094299,0.00032,29375.193993,0.039,2
2026-09-09,18:23:18,0.10392,0.096398,0.00032,29375.193993,0.039,2
2026-09-09,18:23:19,0.10392,0.096398,0.00033,29375.194323,0.038,2
2026-09-09,18:23:20,0.13299,0.099332,0.00033,29375.194653,0.038,2
2026-09-09,18:23:20,0.145866,0.105627,0.00033,29375.194653,0.038,2
2026-09-09,18:23:21,0.142911,0.109747,0.00036,29375.194983,0.038,2
2026-09-09,18:23:22,0.142911,0.111663,0.00038,29375.195343,0.039,2
2026-09-09,18:23:22,0.102079,0.111663,0.00038,29375.195343,0.04,2
2026-09-09,18:23:23,0.122495,0.11562,0.00041,29375.195723,0.04,2
2026-09-09,18:23:24,0.109483,0.115332,0.00043,29375.196133,0.041,2
2026-09-09,18:23:24,0.106567,0.115597,0.00043,29375.196133,0.042,2
2026-09-09,18:23:25,0.106567,0.115597,0.00045,29375.196563,0.042,2
2026-09-09,18:23:26,0.103652,0.117648,0.00045,29375.197013,0.043,2
2026-09-09,18:23:26,0.103652,0.117362,0.00045,29375.197013,0.043,2
2026-09-09,18:23:27,0.147401,0.117362,0.00045,29375.197463,0.042,2
2026-09-09,18:23:28,0.147401,0.117088,0.00045,29375.197913,0.042,2
2026-09-09,18:23:28,0.101188,0.117088,0.00045,29375.197913,0.041,2
2026-09-09,18:23:29,0.082497,0.112039,0.00042,29375.198363,0.041,2
2026-09-09,18:23:30,0.082497,0.105702,0.00042,29375.198783,0.04,2
2026-09-09,18:23:30,0.102154,0.101626,0.00038,29375.198783,0.039,2
2026-09-09,18:23:31,0.102154,0.103761,0.00036,29375.199163,0.038,2
2026-09-09,18:23:32,0.123423,0.103761,0.00036,29375.199523,0.038,2
2026-09-09,18:23:32,0.147072,0.106219,0.00035,29375.199523,0.038,2
2026-09-09,18:23:33,0.168129,0.112083,0.00035,29375.199873,0.037,2
2026-09-09,18:23:34,0.124059,0.113832,0.00035,29375.200223,0.037,2
2026-09-09,18:23:34,0.124059,0.113832,0.00036,29375.200223,0.037,2
2026-09-09,18:23:35,0.11013,0.11448,0.00036,29375.200583,0.037,2
2026-09-09,18:23:36,0.123087,0.116424,0.00036,29375.200943,0.038,2
2026-09-09,18:23:36,0.124059,0.118711,0.00039,29375.200943,0.038,2
2026-09-09,18:23:37,0.124059,0.122867,0.00042,29375.201333,0.039,2
2026-09-09,18:23:38,0.124059,0.122867,0.00042,29375.201753,0.04,2
2026-09-09,18:23:38,0.126344,0.127252,0.00045,29375.201753,0.04,2
2026-09-09,18:23:39,0.147072,0.131743,0.00047,29375.202203,0.04,2
2026-09-09,18:23:40,0.082287,0.131743,0.00047,29375.202673,0.04,2
2026-09-09,18:23:40,0.082287,0.131712,0.00047,29375.202673,0.04,2
2026-09-09,18:23:41,0.123108,0.131712,0.00047,29375.203143,0.04,2
2026-09-09,18:23:42,0.184823,0.131712,0.00047,29375.203613,0.04,2
2026-09-09,18:23:42,0.133394,0.131712,0.00047,29375.203613,0.04,2
2026-09-09,18:23:43,0.102858,0.131712,0.00047,29375.204083,0.04,2
2026-09-09,18:23:44,0.102858,0.131712,0.00047,29375.204553,0.04,2
2026-09-09,18:23:44,0.125027,0.131712,0.00047,29375.204553,0.04,2
2026-09-09,18:23:45,0.187704,0.131712,0.00047,29375.205023,0.039,2
2026-09-09,18:23:46,0.187704,0.131712,0.00045,29375.205473,0.039,2
2026-09-09,18:23:46,0.187704,0.131712,0.00045,29375.205473,0.039,2
2026-09-09,18:23:47,0.188031,0.131712,0.00045,29375.205923,0.039,2
2026-09-09,18:23:48,0.081663,0.131712,0.00045,29375.206373,0.039,2
2026-09-09,18:23:48,0.163326,0.133337,0.00046,29375.206373,0.039,2
2026-09-09,18:23:49,0.113563,0.133337,0.00046,29375.206833,0.039,2
2026-09-09,18:23:50,0.113563,0.133337,0.00046,29375.207293,0.04,2
2026-09-09,18:23:50,0.084008,0.133337,0.00048,29375.207293,0.04,2
2026-09-09,18:23:51,0.102337,0.133337,0.00048,29375.207773,0.04,2
2026-09-09,18:23:52,0.122804,0.133337,0.00048,29375.208253,0.04,2
2026-09-09,18:23:52,0.143308,0.133337,0.00048,29375.208253,0.04,2
2026-09-09,18:23:53,0.143308,0.133337,0.00048,29375.208733,0.04,2
2026-09-09,18:23:54,0.125354,0.133337,0.00048,29375.209213,0.04,2
2026-09-09,18:23:54,0.083569,0.133337,0.00048,29375.209213,0.04,2
2026-09-09,18:23:55,0.083569,0.133337,0.00048,29375.209693,0.04,2
2026-09-09,18:23:56,0.083569,0.12906,0.00048,29375.210173,0.04,2
2026-09-09,18:23:56,0.125354,0.12906,0.00048,29375.210173,0.041,2
2026-09-09,18:23:57,0.142073,0.130861,0.00047,29375.210643,0.041,2
2026-09-09,18:23:58,0.102858,0.130134,0.0005,29375.211143,0.042,2
2026-09-09,18:23:58,0.082287,0.126054,0.0005,29375.211143,0.042,2
2026-09-09,18:23:59,0.082287,0.126054,0.00049,29375.211633,0.043,2
2026-09-09,18:24:00,0.17068,0.126054,0.00051,29375.212143,0.043,2
2026-09-09,18:24:00,0.082287,0.126054,0.00051,29375.212143,0.043,2
2026-09-09,18:24:01,0.12343,0.125991,0.00051,29375.212653,0.043,2
2026-09-09,18:24:02,0.12343,0.125991,0.00051,29375.213163,0.043,2
2026-09-09,18:24:02,0.237538,0.125991,0.00051,29375.213163,0.043,2
2026-09-09,18:24:03,0.11417,0.125002,0.0005,29375.213663,0.043,2
2026-09-09,18:24:04,0.082077,0.120576,0.00047,29375.214133,0.042,2
2026-09-09,18:24:04,0.082077,0.114076,0.00047,29375.214133,0.042,2
2026-09-09,18:24:05,0.082077,0.112089,0.00044,29375.214573,0.041,2
2026-09-09,18:24:06,0.103238,0.112089,0.00042,29375.214993,0.041,2
2026-09-09,18:24:06,0.083352,0.104092,0.00042,29375.214993,0.041,2
2026-09-09,18:24:07,0.166378,0.104092,0.00039,29375.215383,0.04,2
2026-09-09,18:24:08,0.143272,0.104092,0.00037,29375.215753,0.04,2
2026-09-09,18:24:08,0.143272,0.104092,0.00037,29375.215753,0.04,2
2026-09-09,18:24:09,0.138155,0.104092,0.00037,29375.216123,0.039,2
2026-09-09,18:24:10,0.115449,0.104092,0.00036,29375.216483,0.039,2
2026-09-09,18:24:10,0.163739,0.104092,0.00036,29375.216483,0.039,2
2026-09-09,18:24:11,0.166704,0.104092,0.00036,29375.216843,0.04,2
2026-09-09,18:24:12,0.166704,0.104092,0.00036,29375.217203,0.04,2
2026-09-09,18:24:12,0.10419,0.101975,0.00036,29375.217203,0.04,2
2026-09-09,18:24:13,0.141877,0.101975,0.00038,29375.217583,0.041,2
2026-09-09,18:24:14,0.183139,0.101975,0.00039,29375.217973,0.042,2
2026-09-09,18:24:14,0.183139,0.099956,0.00039,29375.217973,0.043,2
2026-09-09,18:24:15,0.121881,0.099956,0.0004,29375.218373,0.043,2
2026-09-09,18:24:16,0.124383,0.102108,0.00041,29375.218783,0.043,2
2026-09-09,18:24:16,0.081458,0.102108,0.00041,29375.218783,0.043,2
2026-09-09,18:24:17,0.162916,0.102108,0.00041,29375.219193,0.043,2
2026-09-09,18:24:18,0.162916,0.102108,0.00041,29375.219603,0.043,2
2026-09-09,18:24:18,0.095459,0.103426,0.00041,29375.219603,0.042,2
2026-09-09,18:24:19,0.142551,0.103426,0.0004,29375.220013,0.042,2
2026-09-09,18:24:20,0.081458,0.099229,0.0004,29375.220413,0.042,2
2026-09-09,18:24:20,0.082922,0.096104,0.00038,29375.220413,0.042,2
2026-09-09,18:24:21,0.082922,0.096104,0.00037,29375.220793,0.043,2
2026-09-09,18:24:22,0.137339,0.096104,0.00037,29375.221163,0.043,2
2026-09-09,18:24:22,0.145113,0.096104,0.00039,29375.221163,0.043,2
2026-09-09,18:24:23,0.228035,0.096104,0.00039,29375.221553,0.043,2
2026-09-09,18:24:24,0.228035,0.099654,0.00039,29375.221943,0.043,2
2026-09-09,18:24:24,0.11758,0.099654,0.0004,29375.221943,0.043,2
2026-09-09,18:24:25,0.103652,0.101811,0.00041,29375.222343,0.043,2
2026-09-09,18:24:26,0.16552,0.101811,0.00041,29375.222753,0.043,2
2026-09-09,18:24:26,0.124383,0.101811,0.00041,29375.222753,0.042,2
2026-09-09,18:24:27,0.124383,0.101811,0.00039,29375.223163,0.042,2
2026-09-09,18:24:28,0.145113,0.101811,0.00039,29375.223553,0.042,2
2026-09-09,18:24:28,0.140359,0.101811,0.00039,29375.223553,0.042,2
2026-09-09,18:24:29,0.187704,0.101811,0.00038,29375.223943,0.041,2
2026-09-09,18:24:30,0.150816,0.101811,0.00038,29375.224323,0.041,2
2026-09-09,18:24:30,0.150816,0.101811,0.00038,29375.224323,0.041,2
2026-09-09,18:24:31,0.119772,0.101811,0.00038,29375.224703,0.041,2
2026-09-09,18:24:32,0.264672,0.101811,0.00038,29375.225083,0.041,2
2026-09-09,18:24:32,0.083136,0.099801,0.00037,29375.225083,0.041,2
2026-09-09,18:24:33,0.083136,0.101858,0.00038,29375.225453,0.041,2
2026-09-09,18:24:34,0.10392,0.101858,0.00038,29375.225833,0.041,2
2026-09-09,18:24:34,0.125029,0.103942,0.00039,29375.225833,0.041,2
2026-09-09,18:24:35,0.12438,0.104192,0.00039,29375.226223,0.041,2
2026-09-09,18:24:36,0.12438,0.104192,0.00039,29375.226613,0.041,2
2026-09-09,18:24:36,0.12438,0.108318,0.00039,29375.226613,0.041,2
2026-09-09,18:24:37,0.13672,0.108318,0.00039,29375.227003,0.041,2
2026-09-09,18:24:38,0.083136,0.108318,0.0004,29375.227403,0.041,2
2026-09-09,18:24:38,0.12438,0.11261,0.00042,29375.227403,0.041,2
2026-09-09,18:24:39,0.093203,0.113638,0.00042,29375.227823,0.041,2
2026-09-09,18:24:40,0.093203,0.113638,0.00042,29375.228243,0.041,2
2026-09-09,18:24:40,0.109116,0.112792,0.00042,29375.228243,0.041,2
2026-09-09,18:24:41,0.245187,0.112792,0.00042,29375.228663,0.041,2
2026-09-09,18:24:42,0.200046,0.112792,0.00042,29375.229083,0.04,2
2026-09-09,18:24:42,0.200046,0.112818,0.0004,29375.229083,0.04,2
2026-09-09,18:24:43,0.10392,0.112818,0.0004,29375.229483,0.04,2
2026-09-09,18:24:44,0.083136,0.112818,0.0004,29375.229883,0.04,2
2026-09-09,18:24:44,0.121869,0.112818,0.0004,29375.229883,0.04,2
2026-09-09,18:24:45,0.103386,0.112818,0.0004,29375.230283,0.04,2
2026-09-09,18:24:46,0.103386,0.112818,0.0004,29375.230683,0.04,2
2026-09-09,18:24:46,0.102141,0.112818,0.0004,29375.230683,0.04,2
2026-09-09,18:24:47,0.116778,0.112818,0.0004,29375.231083,0.04,2
2026-09-09,18:24:48,0.144417,0.112818,0.0004,29375.231483,0.04,2
2026-09-09,18:24:48,0.124063,0.112818,0.00042,29375.231483,0.041,2
2026-09-09,18:24:49,0.124063,0.112818,0.00042,29375.231903,0.041,2
2026-09-09,18:24:50,0.126348,0.112818,0.00042,29375.232323,0.041,2
2026-09-09,18:24:50,0.168904,0.112818,0.00042,29375.232323,0.041,2
2026-09-09,18:24:51,0.084452,0.110872,0.00042,29375.232743,0.041,2
2026-09-09,18:24:52,0.084452,0.110872,0.00041,29375.233153,0.041,2
2026-09-09,18:24:52,0.152563,0.110872,0.00041,29375.233153,0.041,2
2026-09-09,18:24:53,0.124383,0.110872,0.00041,29375.233563,0.041,2
2026-09-09,18:24:54,0.165844,0.110872,0.00041,29375.233973,0.041,2
2026-09-09,18:24:54,0.082922,0.106661,0.00041,29375.233973,0.041,2
2026-09-09,18:24:55,0.082922,0.106661,0.0004,29375.234373,0.041,2
2026-09-09,18:24:56,0.167037,0.106661,0.0004,29375.234773,0.041,2
2026-09-09,18:24:56,0.119407,0.106661,0.0004,29375.234773,0.041,2
2026-09-09,18:24:57,0.175237,0.106661,0.0004,29375.235173,0.041,2
2026-09-09,18:24:58,0.166815,0.106661,0.0004,29375.235573,0.041,2
2026-09-09,18:24:58,0.166815,0.106661,0.0004,29375.235573,0.041,2
2026-09-09,18:24:59,0.146409,0.106661,0.0004,29375.235973,0.041,2
2026-09-09,18:25:00,0.082922,0.102515,0.00038,29375.236353,0.041,2
2026-09-09,18:25:00,0.18625,0.102515,0.00038,29375.236353,0.042,2
2026-09-09,18:25:01,0.18625,0.102515,0.0004,29375.236753,0.042,2
2026-09-09,18:25:02,0.124383,0.102515,0.0004,29375.236753,0.042,2
2026-09-09,18:25:02,0.186574,0.102515,0.0004,29375.237153,0.042,2
2026-09-09,18:25:03,0.175885,0.102515,0.0004,29375.237553,0.042,2
2026-09-09,18:25:04,0.08065,0.096908,0.00037,29375.237553,0.042,2
2026-09-09,18:25:04,0.08065,0.096908,0.00037,29375.237923,0.041,2
2026-09-09,18:25:05,0.143272,0.096908,0.00036,29375.238283,0.041,2
2026-09-09,18:25:06,0.188044,0.096908,0.00036,29375.238283,0.041,2
2026-09-09,18:25:06,0.126348,0.096908,0.00036,29375.238643,0.041,2
2026-09-09,18:25:07,0.126348,0.096908,0.00036,29375.239003,0.041,2
2026-09-09,18:25:08,0.126348,0.096908,0.00036,29375.239003,0.04,2
2026-09-09,18:25:08,0.103386,0.096908,0.00036,29375.239363,0.04,2
2026-09-09,18:25:09,0.082709,0.096908,0.00035,29375.239713,0.04,2
2026-09-09,18:25:10,0.165094,0.096908,0.00035,29375.239713,0.04,2
2026-09-09,18:25:10,0.165094,0.092741,0.00035,29375.240063,0.039,2
2026-09-09,18:25:11,0.082709,0.092741,0.00032,29375.240383,0.039,2
2026-09-09,18:25:12,0.144417,0.092741,0.00032,29375.240383,0.039,2
2026-09-09,18:25:12,0.082709,0.091692,0.00032,29375.240703,0.039,2
2026-09-09,18:25:13,0.082709,0.089051,0.0003,29375.241003,0.04,2
2026-09-09,18:25:14,0.082709,0.089051,0.0003,29375.241003,0.04,2
2026-09-09,18:25:14,0.082709,0.08693,0.00031,29375.241313,0.04,2
2026-09-09,18:25:15,0.103386,0.088955,0.00032,29375.241633,0.04,2
2026-09-09,18:25:16,0.103386,0.090848,0.00032,29375.241633,0.041,2
2026-09-09,18:25:16,0.103386,0.092184,0.00034,29375.241973,0.042,2
2026-09-09,18:25:17,0.096278,0.092184,0.00036,29375.242333,0.042,2
2026-09-09,18:25:18,0.103386,0.09423,0.00036,29375.242333,0.042,2
2026-09-09,18:25:18,0.133109,0.095103,0.00037,29375.242693,0.042,2
2026-09-09,18:25:19,0.124063,0.099444,0.00038,29375.243063,0.042,2
2026-09-09,18:25:20,0.124063,0.10358,0.00038,29375.243063,0.042,2
2026-09-09,18:25:20,0.124063,0.10358,0.0004,29375.243443,0.041,2
2026-09-09,18:25:21,0.082709,0.10358,0.00038,29375.243843,0.041,2
2026-09-09,18:25:22,0.206449,0.10358,0.00038,29375.243843,0.041,2
2026-09-09,18:25:22,0.082709,0.10358,0.00038,29375.244223,0.04,2
2026-09-09,18:25:23,0.082709,0.10358,0.00037,29375.244603,0.04,2
2026-09-09,18:25:24,0.151202,0.10358,0.00037,29375.244603,0.04,2
2026-09-09,18:25:24,0.103386,0.105647,0.00036,29375.244973,0.039,2
2026-09-09,18:25:25,0.103386,0.107715,0.00035,29375.245333,0.038,2
2026-09-09,18:25:26,0.103386,0.107715,0.00035,29375.245333,0.038,2
2026-09-09,18:25:26,0.103386,0.107715,0.00035,29375.245683,0.037,2
2026-09-09,18:25:27,0.118248,0.109201,0.00034,29375.246033,0.037,2
2026-09-09,18:25:28,0.14474,0.114048,0.00034,29375.246033,0.037,2
2026-09-09,18:25:28,0.165417,0.120251,0.00038,29375.246373,0.037,2
2026-09-09,18:25:29,0.165417,0.121414,0.00038,29375.246753,0.037,2
2026-09-09,18:25:30,0.14474,0.121414,0.00038,29375.246753,0.037,2
2026-09-09,18:25:30,0.103386,0.119346,0.00038,29375.247133,0.037,2
2026-09-09,18:25:31,0.124063,0.119346,0.00038,29375.247513,0.037,2
2026-09-09,18:25:32,0.206449,0.119346,0.00038,29375.247513,0.038,2
2026-09-09,18:25:32,0.206449,0.119346,0.00039,29375.247893,0.038,2
2026-09-09,18:25:33,0.124709,0.123546,0.00039,29375.248283,0.038,2
2026-09-09,18:25:34,0.103386,0.123546,0.00041,29375.248283,0.039,2
2026-09-09,18:25:34,0.186095,0.123546,0.00042,29375.248693,0.039,2
2026-09-09,18:25:35,0.186095,0.123546,0.00042,29375.249113,0.039,2
2026-09-09,18:25:36,0.162191,0.123546,0.00042,29375.249113,0.038,2
2026-09-09,18:25:36,0.082497,0.123546,0.00041,29375.249533,0.038,2
2026-09-09,18:25:37,0.123745,0.125582,0.00041,29375.249943,0.038,2
2026-09-09,18:25:38,0.116656,0.126909,0.00041,29375.249943,0.038,2
2026-09-09,18:25:38,0.116656,0.126492,0.00042,29375.250353,0.038,2
2026-09-09,18:25:39,0.114078,0.126492,0.00042,29375.250773,0.038,2
2026-09-09,18:25:40,0.164994,0.126492,0.00042,29375.250773,0.038,2
2026-09-09,18:25:40,0.153715,0.126492,0.00043,29375.251193,0.039,2
2026-09-09,18:25:41,0.168015,0.126492,0.00043,29375.251623,0.039,2
2026-09-09,18:25:42,0.168015,0.126492,0.00043,29375.251623,0.04,2
2026-09-09,18:25:42,0.168015,0.126492,0.00045,29375.252053,0.04,2
2026-09-09,18:25:43,0.082287,0.126492,0.00045,29375.252503,0.04,2
2026-09-09,18:25:44,0.09868,0.126492,0.00045,29375.252503,0.041,2
2026-09-09,18:25:44,0.09868,0.126492,0.00047,29375.252953,0.041,2
2026-09-09,18:25:45,0.164573,0.126492,0.00047,29375.253423,0.042,2
2026-09-09,18:25:46,0.102858,0.122304,0.00047,29375.253423,0.042,2
2026-09-09,18:25:46,0.122787,0.118041,0.00047,29375.253893,0.043,2
2026-09-09,18:25:47,0.084452,0.118041,0.00047,29375.254363,0.043,2
2026-09-09,18:25:48,0.084452,0.118041,0.00047,29375.254363,0.043,2
2026-09-09,18:25:48,0.082709,0.118041,0.00047,29375.254833,0.043,2
2026-09-09,18:25:49,0.206449,0.118041,0.00047,29375.255303,0.043,2
2026-09-09,18:25:50,0.133432,0.11691,0.00047,29375.255303,0.043,2
2026-09-09,18:25:50,0.144417,0.121013,0.00047,29375.255773,0.043,2
2026-09-09,18:25:51,0.144417,0.121013,0.00049,29375.256263,0.043,2
2026-09-09,18:25:52,0.082709,0.121013,0.00049,29375.256263,0.043,2
2026-09-09,18:25:52,0.145063,0.123113,0.00049,29375.256753,0.042,2
2026-09-09,18:25:53,0.097247,0.123113,0.00048,29375.257233,0.041,2
2026-09-09,18:25:54,0.097247,0.123113,0.00046,29375.257233,0.04,2
2026-09-09,18:25:54,0.082709,0.123113,0.00046,29375.257693,0.039,2
2026-09-09,18:25:55,0.122187,0.122861,0.00042,29375.258113,0.039,2
2026-09-09,18:25:56,0.186732,0.122861,0.0004,29375.258113,0.038,2
2026-09-09,18:25:56,0.126322,0.125155,0.0004,29375.258513,0.037,2
2026-09-09,18:25:57,0.126322,0.125155,0.00039,29375.258903,0.037,2
2026-09-09,18:25:58,0.084115,0.125155,0.00039,29375.258903,0.038,2
2026-09-09,18:25:58,0.104735,0.125155,0.00039,29375.259293,0.038,2
2026-09-09,18:25:59,0.125682,0.125155,0.00041,29375.259703,0.038,2
2026-09-09,18:26:00,0.266752,0.125155,0.00043,29375.259703,0.039,2
2026-09-09,18:26:00,0.266752,0.125155,0.00043,29375.260133,0.039,2
2026-09-09,18:26:01,0.143636,0.127144,0.00044,29375.260573,0.039,2
2026-09-09,18:26:02,0.123116,0.12779,0.00044,29375.260573,0.039,2
2026-09-09,18:26:02,0.15133,0.131515,0.00044,29375.261013,0.04,2
2026-09-09,18:26:03,0.15133,0.13399,0.00047,29375.261483,0.04,2
2026-09-09,18:26:04,0.127605,0.13399,0.00048,29375.261483,0.04,2
2026-09-09,18:26:04,0.082077,0.13399,0.00048,29375.261963,0.04,2
2026-09-09,18:26:05,0.169926,0.138703,0.00052,29375.262483,0.041,2
2026-09-09,18:26:06,0.135675,0.138928,0.00054,29375.262483,0.042,2
2026-09-09,18:26:06,0.135675,0.140901,0.00054,29375.263023,0.043,2
2026-09-09,18:26:07,0.164155,0.140901,0.00057,29375.263593,0.043,2
2026-09-09,18:26:08,0.164155,0.142811,0.00057,29375.263593,0.043,2
2026-09-09,18:26:08,0.102597,0.142811,0.00057,29375.264163,0.044,2
2026-09-09,18:26:09,0.082077,0.142811,0.0006,29375.264763,0.044,2
2026-09-09,18:26:10,0.082077,0.142811,0.0006,29375.264763,0.044,2
2026-09-09,18:26:10,0.143636,0.144955,0.00061,29375.265373,0.044,2
2026-09-09,18:26:11,0.225713,0.144955,0.00061,29375.265983,0.044,2
2026-09-09,18:26:12,0.102597,0.142583,0.00061,29375.265983,0.044,2
2026-09-09,18:26:12,0.102597,0.142583,0.0006,29375.266583,0.043,2
2026-09-09,18:26:13,0.205194,0.142583,0.00057,29375.267153,0.043,2
2026-09-09,18:26:14,0.151491,0.142583,0.00057,29375.267153,0.043,2
2026-09-09,18:26:14,0.153575,0.142583,0.00057,29375.267723,0.042,2
2026-09-09,18:26:15,0.188689,0.142583,0.00053,29375.268253,0.041,2
2026-09-09,18:26:16,0.188689,0.142583,0.00053,29375.268253,0.04,2
2026-09-09,18:26:16,0.084008,0.142583,0.00051,29375.268763,0.04,2
2026-09-09,18:26:17,0.102337,0.142583,0.00051,29375.269273,0.04,2
2026-09-09,18:26:18,0.163739,0.144593,0.00051,29375.269273,0.04,2
2026-09-09,18:26:18,0.142632,0.146545,0.00052,29375.269793,0.04,2
2026-09-09,18:26:19,0.142632,0.146545,0.00054,29375.270313,0.04,2
2026-09-09,18:26:20,0.183887,0.149801,0.00054,29375.270313,0.04,2
2026-09-09,18:26:20,0.104256,0.149801,0.00054,29375.270853,0.04,2
2026-09-09,18:26:21,0.145866,0.151627,0.00057,29375.271393,0.041,2
2026-09-09,18:26:22,0.145866,0.145053,0.00057,29375.271393,0.041,2
2026-09-09,18:26:22,0.10419,0.145053,0.00054,29375.271963,0.041,2
2026-09-09,18:26:23,0.124702,0.143956,0.00054,29375.272503,0.041,2
2026-09-09,18:26:24,0.102597,0.1378,0.00054,29375.272503,0.042,2
2026-09-09,18:26:24,0.116237,0.133008,0.00051,29375.273043,0.041,2
2026-09-09,18:26:25,0.116237,0.129227,0.00046,29375.273553,0.04,2
2026-09-09,18:26:26,0.105818,0.129227,0.00046,29375.273553,0.04,2
2026-09-09,18:26:26,0.125028,0.13147,0.00047,29375.274013,0.04,2
2026-09-09,18:26:27,0.101585,0.125254,0.00043,29375.274483,0.039,2
2026-09-09,18:26:28,0.10419,0.12141,0.00043,29375.274483,0.038,2
2026-09-09,18:26:28,0.10419,0.11527,0.0004,29375.274913,0.038,2
2026-09-09,18:26:29,0.122485,0.11527,0.0004,29375.275313,0.038,2
2026-09-09,18:26:30,0.08187,0.11527,0.00038,29375.275313,0.038,2
2026-09-09,18:26:30,0.106814,0.111365,0.00037,29375.275693,0.038,2
2026-09-09,18:26:31,0.143272,0.111365,0.00037,29375.276063,0.038,2
2026-09-09,18:26:32,0.143272,0.111365,0.00037,29375.276063,0.038,2
2026-09-09,18:26:32,0.126684,0.111365,0.00037,29375.276433,0.038,2
2026-09-09,18:26:33,0.137015,0.111365,0.00037,29375.276803,0.038,2
2026-09-09,18:26:34,0.103652,0.111365,0.00037,29375.276803,0.038,2
2026-09-09,18:26:34,0.103652,0.111365,0.00037,29375.277173,0.038,2
2026-09-09,18:26:35,0.18625,0.111365,0.00037,29375.277543,0.038,2
2026-09-09,18:26:36,0.124383,0.113384,0.00037,29375.277543,0.038,2
2026-09-09,18:26:36,0.082922,0.113384,0.00037,29375.277913,0.038,2
2026-09-09,18:26:37,0.124383,0.113352,0.00037,29375.278283,0.038,2
2026-09-09,18:26:38,0.124383,0.113457,0.00037,29375.278283,0.038,2
2026-09-09,18:26:38,0.103652,0.113457,0.00037,29375.278653,0.038,2
2026-09-09,18:26:39,0.178476,0.113457,0.00037,29375.279023,0.038,2
2026-09-09,18:26:40,0.11337,0.113171,0.00037,29375.279023,0.039,2
2026-09-09,18:26:40,0.103652,0.112954,0.00039,29375.279393,0.039,2
2026-09-09,18:26:41,0.103652,0.112954,0.00039,29375.279783,0.039,2
2026-09-09,18:26:42,0.124059,0.112857,0.00039,29375.279783,0.039,2
2026-09-09,18:26:42,0.103652,0.113064,0.00039,29375.280173,0.039,2
2026-09-09,18:26:43,0.144789,0.113064,0.00039,29375.280563,0.039,2
2026-09-09,18:26:44,0.144789,0.113064,0.00039,29375.280563,0.04,2
2026-09-09,18:26:44,0.12827,0.113064,0.0004,29375.280953,0.04,2
2026-09-09,18:26:45,0.124059,0.113064,0.0004,29375.281353,0.04,2
2026-09-09,18:26:46,0.156774,0.113064,0.0004,29375.281353,0.04,2
2026-09-09,18:26:46,0.091344,0.111779,0.0004,29375.281753,0.04,2
2026-09-09,18:26:47,0.091344,0.111779,0.0004,29375.282153,0.04,2
2026-09-09,18:26:48,0.165844,0.111779,0.0004,29375.282153,0.04,2
2026-09-09,18:26:48,0.145113,0.111779,0.0004,29375.282553,0.04,2
2026-09-09,18:26:49,0.082922,0.107823,0.0004,29375.282953,0.04,2
2026-09-09,18:26:50,0.142198,0.107823,0.00038,29375.282953,0.04,2
2026-09-09,18:26:50,0.142198,0.107823,0.00038,29375.283333,0.04,2
2026-09-09,18:26:51,0.124059,0.107823,0.00038,29375.283713,0.04,2
2026-09-09,18:26:52,0.124059,0.107823,0.00038,29375.283713,0.04,2
2026-09-09,18:26:52,0.124383,0.107823,0.00038,29375.284093,0.04,2
2026-09-09,18:26:53,0.103328,0.107823,0.00038,29375.284473,0.04,2
2026-09-09,18:26:54,0.103328,0.107823,0.00038,29375.284473,0.04,2
2026-09-09,18:26:54,0.144789,0.107823,0.00038,29375.284853,0.04,2
2026-09-09,18:26:55,0.144789,0.107823,0.00038,29375.285233,0.041,2
2026-09-09,18:26:56,0.145113,0.107823,0.0004,29375.285233,0.041,2
2026-09-09,18:26:56,0.145113,0.107823,0.0004,29375.285633,0.041,2
2026-09-09,18:26:57,0.21767,0.107823,0.0004,29375.286033,0.041,2
2026-09-09,18:26:58,0.227711,0.107823,0.0004,29375.286033,0.041,2
2026-09-09,18:26:58,0.082922,0.105434,0.0004,29375.286433,0.041,2
2026-09-09,18:26:59,0.082922,0.101288,0.00039,29375.286823,0.041,2
2026-09-09,18:27:00,0.082922,0.101288,0.00038,29375.286823,0.041,2
2026-09-09,18:27:00,0.124383,0.101288,0.00038,29375.287203,0.04,2
2026-09-09,18:27:01,0.112398,0.101288,0.00036,29375.287563,0.04,2
2026-09-09,18:27:02,0.09523,0.101288,0.00035,29375.287563,0.039,2
2026-09-09,18:27:02,0.082922,0.101288,0.00035,29375.287913,0.039,2
2026-09-09,18:27:03,0.082922,0.101288,0.00035,29375.288263,0.039,2
2026-09-09,18:27:04,0.086161,0.101288,0.00035,29375.288263,0.039,2
2026-09-09,18:27:04,0.100165,0.101288,0.00035,29375.288613,0.039,2
2026-09-09,18:27:05,0.103652,0.101288,0.00035,29375.288963,0.04,2
2026-09-09,18:27:06,0.103652,0.101288,0.00036,29375.288963,0.04,2
2026-09-09,18:27:06,0.082922,0.101288,0.00036,29375.289323,0.04,2
2026-09-09,18:27:07,0.082922,0.101288,0.00036,29375.289683,0.04,2
2026-09-09,18:27:08,0.124383,0.101288,0.00036,29375.289683,0.04,2
2026-09-09,18:27:08,0.103652,0.101288,0.00036,29375.290043,0.04,2
2026-09-09,18:27:09,0.103652,0.100316,0.00036,29375.290403,0.04,2
2026-09-09,18:27:10,0.103652,0.100316,0.00036,29375.290403,0.039,2
2026-09-09,18:27:10,0.124383,0.102389,0.00037,29375.290773,0.039,2
2026-09-09,18:27:11,0.082922,0.102389,0.00035,29375.291123,0.039,2
2026-09-09,18:27:12,0.082922,0.102389,0.00035,29375.291123,0.039,2
2026-09-09,18:27:12,0.082922,0.102389,0.00035,29375.291473,0.04,2
2026-09-09,18:27:13,0.102079,0.102389,0.00037,29375.291843,0.04,2
2026-09-09,18:27:14,0.102079,0.102389,0.00037,29375.291843,0.04,2
2026-09-09,18:27:14,0.103652,0.102389,0.00037,29375.292213,0.04,2
2026-09-09,18:27:15,0.103652,0.102389,0.00037,29375.292583,0.041,2
2026-09-09,18:27:16,0.211691,0.102389,0.00037,29375.292583,0.041,2
2026-09-09,18:27:16,0.14474,0.102389,0.00038,29375.292963,0.041,2
2026-09-09,18:27:17,0.152171,0.102389,0.0004,29375.293363,0.042,2
2026-09-09,18:27:18,0.120509,0.102389,0.0004,29375.293363,0.042,2
2026-09-09,18:27:18,0.120509,0.102389,0.0004,29375.293763,0.042,2
2026-09-09,18:27:19,0.101822,0.102389,0.0004,29375.294163,0.042,2
2026-09-09,18:27:20,0.101822,0.102389,0.0004,29375.294163,0.042,2
2026-09-09,18:27:20,0.081458,0.102389,0.0004,29375.294563,0.042,2
2026-09-09,18:27:21,0.122187,0.102202,0.00039,29375.294963,0.042,2
2026-09-09,18:27:22,0.122187,0.102202,0.00039,29375.294963,0.042,2
2026-09-09,18:27:22,0.14474,0.106311,0.00041,29375.295353,0.042,2
2026-09-09,18:27:23,0.103386,0.107515,0.0004,29375.295763,0.041,2
2026-09-09,18:27:24,0.103386,0.109561,0.0004,29375.295763,0.04,2
2026-09-09,18:27:24,0.103386,0.10967,0.00039,29375.296163,0.04,2
2026-09-09,18:27:25,0.084008,0.10967,0.0004,29375.296553,0.039,2
2026-09-09,18:27:26,0.103121,0.11169,0.0004,29375.296553,0.039,2
2026-09-09,18:27:26,0.164672,0.11169,0.00037,29375.296953,0.038,2
2026-09-09,18:27:27,0.118094,0.11169,0.00037,29375.297323,0.038,2
2026-09-09,18:27:28,0.118094,0.11169,0.00037,29375.297323,0.038,2
2026-09-09,18:27:28,0.102858,0.11169,0.00037,29375.297693,0.038,2
2026-09-09,18:27:29,0.082287,0.11169,0.00037,29375.298063,0.038,2
2026-09-09,18:27:30,0.082287,0.11169,0.00037,29375.298063,0.038,2
2026-09-09,18:27:30,0.124073,0.111659,0.00037,29375.298433,0.038,2
2026-09-09,18:27:31,0.124073,0.111659,0.00037,29375.298803,0.038,2
2026-09-09,18:27:32,0.123108,0.113604,0.00037,29375.298803,0.038,2
2026-09-09,18:27:32,0.164252,0.113604,0.00037,29375.299173,0.038,2
2026-09-09,18:27:33,0.102858,0.113525,0.00037,29375.299543,0.038,2
2026-09-09,18:27:34,0.102858,0.11118,0.00037,29375.299543,0.038,2
2026-09-09,18:27:34,0.10093,0.11118,0.00037,29375.299913,0.037,2
2026-09-09,18:27:35,0.131787,0.11118,0.00037,29375.300283,0.037,2
2026-09-09,18:27:36,0.123108,0.11118,0.00035,29375.300283,0.037,2
2026-09-09,18:27:36,0.125354,0.11118,0.00037,29375.300633,0.038,2
2026-09-09,18:27:37,0.125354,0.11118,0.00037,29375.301003,0.038,2
2026-09-09,18:27:38,0.188195,0.11118,0.00037,29375.301003,0.039,2
2026-09-09,18:27:38,0.123745,0.111335,0.00038,29375.301373,0.039,2
2026-09-09,18:27:39,0.230416,0.111335,0.00038,29375.301753,0.04,2
2026-09-09,18:27:40,0.167248,0.111335,0.0004,29375.301753,0.04,2
2026-09-09,18:27:40,0.167248,0.111335,0.00037,29375.302153,0.04,2
2026-09-09,18:27:41,0.081663,0.105028,0.00037,29375.302523,0.04,2
2026-09-09,18:27:42,0.149928,0.105028,0.00037,29375.302523,0.04,2
2026-09-09,18:27:42,0.124702,0.105028,0.00037,29375.302893,0.04,2
2026-09-09,18:27:43,0.185588,0.105028,0.00037,29375.303263,0.04,2
2026-09-09,18:27:44,0.185588,0.105028,0.00037,29375.303263,0.04,2
2026-09-09,18:27:44,0.145866,0.105028,0.00037,29375.303633,0.04,2
2026-09-09,18:27:45,0.208054,0.105028,0.00037,29375.304003,0.039,2
2026-09-09,18:27:46,0.119167,0.106606,0.00036,29375.304003,0.039,2
2026-09-09,18:27:46,0.119167,0.110821,0.00038,29375.304363,0.039,2
2026-09-09,18:27:47,0.14554,0.110821,0.00038,29375.304743,0.039,2
2026-09-09,18:27:48,0.145866,0.117007,0.0004,29375.304743,0.039,2
2026-09-09,18:27:48,0.10419,0.117114,0.0004,29375.305143,0.039,2
2026-09-09,18:27:49,0.083352,0.113042,0.0004,29375.305543,0.039,2
2026-09-09,18:27:50,0.083352,0.113042,0.00039,29375.305543,0.039,2
2026-09-09,18:27:50,0.083352,0.109066,0.00039,29375.305933,0.04,2
2026-09-09,18:27:51,0.145866,0.109066,0.00037,29375.306303,0.04,2
2026-09-09,18:27:52,0.229218,0.109066,0.00039,29375.306303,0.04,2
2026-09-09,18:27:52,0.166704,0.109066,0.00039,29375.306693,0.04,2
2026-09-09,18:27:53,0.166704,0.109066,0.00039,29375.307083,0.04,2
2026-09-09,18:27:54,0.083352,0.107116,0.00038,29375.307083,0.04,2
2026-09-09,18:27:54,0.141633,0.107116,0.00038,29375.307463,0.041,2
2026-09-09,18:27:55,0.22738,0.107116,0.0004,29375.307863,0.04,2
2026-09-09,18:27:56,0.22738,0.107116,0.00038,29375.307863,0.04,2
2026-09-09,18:27:56,0.143272,0.107116,0.00038,29375.308243,0.04,2
2026-09-09,18:27:57,0.083136,0.105336,0.00038,29375.308623,0.04,2
2026-09-09,18:27:58,0.084676,0.10143,0.00035,29375.308623,0.039,2
2026-09-09,18:27:58,0.223691,0.10143,0.00035,29375.308973,0.039,2
2026-09-09,18:27:59,0.223691,0.10143,0.00035,29375.309323,0.038,2
2026-09-09,18:28:00,0.118369,0.1051,0.00034,29375.309323,0.038,2
2026-09-09,18:28:00,0.081458,0.1051,0.00034,29375.309663,0.038,2
2026-09-09,18:28:01,0.125028,0.105686,0.00035,29375.310013,0.038,2
2026-09-09,18:28:02,0.083352,0.105686,0.00035,29375.310013,0.039,2
2026-09-09,18:28:02,0.083352,0.105686,0.00035,29375.310363,0.039,2
2026-09-09,18:28:03,0.125028,0.103635,0.00035,29375.310713,0.039,2
2026-09-09,18:28:04,0.166704,0.103635,0.00037,29375.310713,0.04,2
2026-09-09,18:28:04,0.10419,0.099467,0.00037,29375.311083,0.04,2
2026-09-09,18:28:05,0.10419,0.099467,0.00035,29375.311433,0.04,2
2026-09-09,18:28:06,0.18917,0.099467,0.00035,29375.311433,0.04,2
2026-09-09,18:28:06,0.083352,0.097384,0.00035,29375.311783,0.04,2
2026-09-09,18:28:07,0.189821,0.097384,0.00036,29375.312143,0.041,2
2026-09-09,18:28:08,0.368413,0.097384,0.00036,29375.312143,0.041,2
2026-09-09,18:28:08,0.368413,0.10077,0.00036,29375.312503,0.041,2
2026-09-09,18:28:09,0.117214,0.10077,0.00037,29375.312873,0.041,2
2026-09-09,18:28:10,0.123116,0.104746,0.00039,29375.312873,0.041,2
2026-09-09,18:28:10,0.164155,0.104746,0.00039,29375.313263,0.041,2
2026-09-09,18:28:11,0.149086,0.104746,0.00039,29375.313653,0.04,2
2026-09-09,18:28:12,0.149086,0.104746,0.00039,29375.313653,0.04,2
2026-09-09,18:28:12,0.104461,0.104746,0.00037,29375.314023,0.04,2
2026-09-09,18:28:13,0.125354,0.104746,0.00037,29375.314393,0.04,2
2026-09-09,18:28:14,0.102337,0.104746,0.00037,29375.314393,0.04,2
2026-09-09,18:28:14,0.102337,0.104746,0.00037,29375.314763,0.04,2
2026-09-09,18:28:15,0.118534,0.104746,0.00037,29375.315133,0.041,2
2026-09-09,18:28:16,0.122485,0.104746,0.00037,29375.315133,0.041,2
2026-09-09,18:28:16,0.126344,0.104746,0.00039,29375.315523,0.041,2
2026-09-09,18:28:17,0.164155,0.104746,0.00039,29375.315913,0.041,2
2026-09-09,18:28:18,0.164155,0.10683,0.00039,29375.315913,0.042,2
2026-09-09,18:28:18,0.10419,0.10683,0.00041,29375.316323,0.041,2
2026-09-09,18:28:19,0.083352,0.106851,0.0004,29375.316723,0.041,2
2026-09-09,18:28:20,0.166704,0.106851,0.0004,29375.316723,0.04,2
2026-09-09,18:28:20,0.124702,0.106851,0.00038,29375.317103,0.039,2
2026-09-09,18:28:21,0.124702,0.106851,0.00037,29375.317483,0.038,2
2026-09-09,18:28:22,0.10419,0.106851,0.00037,29375.317483,0.038,2
2026-09-09,18:28:22,0.136749,0.112059,0.00035,29375.317853,0.037,2
2026-09-09,18:28:23,0.14554,0.114776,0.00034,29375.318203,0.036,2
2026-09-09,18:28:24,0.14554,0.11686,0.00034,29375.318203,0.037,2
2026-09-09,18:28:24,0.145866,0.11686,0.00037,29375.318543,0.037,2
2026-09-09,18:28:25,0.084322,0.11686,0.00037,29375.318913,0.037,2
2026-09-09,18:28:26,0.102597,0.11686,0.00037,29375.318913,0.038,2
2026-09-09,18:28:26,0.082077,0.11686,0.00038,29375.319283,0.038,2
2026-09-09,18:28:27,0.082077,0.11686,0.00038,29375.319663,0.04,2
2026-09-09,18:28:28,0.101062,0.11686,0.00042,29375.319663,0.041,2
2026-09-09,18:28:28,0.144001,0.118757,0.00044,29375.320083,0.041,2
2026-09-09,18:28:29,0.146301,0.122968,0.00044,29375.320523,0.042,2
2026-09-09,18:28:30,0.146629,0.129296,0.00048,29375.320523,0.043,2
2026-09-09,18:28:30,0.146629,0.129296,0.00052,29375.321003,0.043,2
2026-09-09,18:28:31,0.102858,0.12786,0.00052,29375.321523,0.043,2
2026-09-09,18:28:32,0.102858,0.125835,0.00051,29375.321523,0.043,2
2026-09-09,18:28:32,0.12118,0.127534,0.00051,29375.322033,0.043,2
2026-09-09,18:28:33,0.12118,0.127534,0.00051,29375.322543,0.043,2
2026-09-09,18:28:34,0.199288,0.127534,0.00051,29375.322543,0.043,2
2026-09-09,18:28:34,0.102858,0.129484,0.00052,29375.323053,0.043,2
2026-09-09,18:28:35,0.101572,0.125966,0.00052,29375.323573,0.042,2
2026-09-09,18:28:36,0.205716,0.125966,0.00049,29375.323573,0.042,2
2026-09-09,18:28:36,0.205716,0.125966,0.00049,29375.324063,0.041,2
2026-09-09,18:28:37,0.144001,0.125966,0.00049,29375.324553,0.041,2
2026-09-09,18:28:38,0.12343,0.125966,0.00047,29375.324553,0.041,2
2026-09-09,18:28:38,0.144001,0.125966,0.00047,29375.325023,0.041,2
2026-09-09,18:28:39,0.212466,0.125966,0.00047,29375.325493,0.04,2
2026-09-09,18:28:40,0.212466,0.125966,0.00045,29375.325493,0.04,2
2026-09-09,18:28:40,0.082287,0.125966,0.00045,29375.325943,0.04,2
2026-09-09,18:28:41,0.144001,0.125813,0.00045,29375.326393,0.04,2
2026-09-09,18:28:42,0.082287,0.125813,0.00045,29375.326393,0.04,2
2026-09-09,18:28:42,0.082287,0.125813,0.00045,29375.326843,0.04,2
2026-09-09,18:28:43,0.101314,0.125813,0.00045,29375.327293,0.04,2
2026-09-09,18:28:44,0.165948,0.125813,0.00045,29375.327293,0.04,2
2026-09-09,18:28:44,0.148086,0.125813,0.00045,29375.327743,0.04,2
2026-09-09,18:28:45,0.145164,0.125813,0.00045,29375.328193,0.04,2
2026-09-09,18:28:46,0.145164,0.125813,0.00045,29375.328193,0.039,2
2026-09-09,18:28:46,0.124704,0.125813,0.00045,29375.328643,0.039,2
2026-09-09,18:28:47,0.081254,0.125813,0.00043,29375.329073,0.039,2
2026-09-09,18:28:48,0.099028,0.125813,0.00041,29375.329073,0.038,2
2026-09-09,18:28:48,0.12438,0.125813,0.00041,29375.329483,0.038,2
2026-09-09,18:28:49,0.12438,0.125813,0.00041,29375.329893,0.038,2
2026-09-09,18:28:50,0.160102,0.125813,0.00041,29375.329893,0.038,2
2026-09-09,18:28:50,0.202969,0.125813,0.00041,29375.330303,0.039,2
2026-09-09,18:28:51,0.10457,0.121683,0.00043,29375.330733,0.039,2
2026-09-09,18:28:52,0.10457,0.121683,0.00042,29375.330733,0.04,2
2026-09-09,18:28:52,0.187056,0.121683,0.00042,29375.331153,0.04,2
2026-09-09,18:28:53,0.081458,0.121683,0.00043,29375.331583,0.04,2
2026-09-09,18:28:54,0.101822,0.121683,0.00043,29375.331583,0.04,2
2026-09-09,18:28:54,0.121869,0.121683,0.00043,29375.332013,0.04,2
2026-09-09,18:28:55,0.121869,0.121683,0.00043,29375.332443,0.04,2
2026-09-09,18:28:56,0.122187,0.121683,0.00043,29375.332443,0.039,2
2026-09-09,18:28:56,0.152817,0.121683,0.00043,29375.332873,0.039,2
2026-09-09,18:28:57,0.169352,0.121683,0.00042,29375.333293,0.039,2
2026-09-09,18:28:58,0.123745,0.121683,0.00042,29375.333293,0.039,2
2026-09-09,18:28:58,0.123745,0.121683,0.00042,29375.333713,0.039,2
2026-09-09,18:28:59,0.123745,0.121683,0.00042,29375.334133,0.039,2
2026-09-09,18:29:00,0.172083,0.121683,0.00042,29375.334133,0.039,2
2026-09-09,18:29:00,0.247491,0.121683,0.00042,29375.334553,0.04,2
2026-09-09,18:29:01,0.247491,0.12172,0.00043,29375.334983,0.04,2
2026-09-09,18:29:02,0.14437,0.12172,0.00044,29375.334983,0.04,2
2026-09-09,18:29:02,0.164672,0.123557,0.00044,29375.335423,0.04,2
2026-09-09,18:29:03,0.164672,0.125361,0.00045,29375.335873,0.04,2
2026-09-09,18:29:04,0.123423,0.127418,0.00045,29375.335873,0.04,2
2026-09-09,18:29:04,0.123423,0.127444,0.00046,29375.336333,0.04,2
2026-09-09,18:29:05,0.103121,0.127444,0.00046,29375.336793,0.04,2
2026-09-09,18:29:06,0.098287,0.125155,0.00046,29375.336793,0.04,2
2026-09-09,18:29:06,0.185296,0.125155,0.00045,29375.337243,0.04,2
2026-09-09,18:29:07,0.082497,0.125155,0.00045,29375.337693,0.04,2
2026-09-09,18:29:08,0.082497,0.125155,0.00045,29375.337693,0.04,2
2026-09-09,18:29:08,0.103121,0.125155,0.00045,29375.338143,0.04,2
2026-09-09,18:29:09,0.123745,0.125155,0.00045,29375.338593,0.04,2
2026-09-09,18:29:10,0.185296,0.125155,0.00045,29375.338593,0.039,2
2026-09-09,18:29:10,0.185296,0.125155,0.00043,29375.339023,0.039,2
2026-09-09,18:29:11,0.20592,0.125155,0.00043,29375.339453,0.039,2
2026-09-09,18:29:12,0.210779,0.125155,0.00043,29375.339453,0.039,2
2026-09-09,18:29:12,0.213061,0.125155,0.00043,29375.339883,0.039,2
2026-09-09,18:29:13,0.082077,0.125155,0.00043,29375.340313,0.039,2
2026-09-09,18:29:14,0.082077,0.125155,0.00043,29375.340313,0.039,2
2026-09-09,18:29:14,0.102597,0.125155,0.00043,29375.340743,0.039,2
2026-09-09,18:29:15,0.143636,0.129232,0.00044,29375.341183,0.039,2
2026-09-09,18:29:16,0.164155,0.135491,0.00044,29375.341183,0.04,2
2026-09-09,18:29:16,0.164155,0.135165,0.00048,29375.341663,0.04,2
2026-09-09,18:29:17,0.14075,0.135165,0.00049,29375.342153,0.041,2
2026-09-09,18:29:18,0.125354,0.137244,0.00049,29375.342153,0.041,2
2026-09-09,18:29:18,0.209469,0.137244,0.00051,29375.342663,0.041,2
2026-09-09,18:29:19,0.198014,0.137244,0.00051,29375.343173,0.041,2
2026-09-09,18:29:20,0.198014,0.137244,0.00051,29375.343173,0.041,2
2026-09-09,18:29:20,0.082287,0.137244,0.00051,29375.343683,0.041,2
2026-09-09,18:29:21,0.17518,0.140325,0.00051,29375.344203,0.041,2
2026-09-09,18:29:22,0.102858,0.140325,0.00052,29375.344203,0.041,2
2026-09-09,18:29:22,0.164573,0.140315,0.00052,29375.344723,0.042,2
2026-09-09,18:29:23,0.164573,0.140315,0.00052,29375.345243,0.042,2
2026-09-09,18:29:24,0.123108,0.136159,0.00053,29375.345243,0.042,2
2026-09-09,18:29:24,0.082287,0.136159,0.00053,29375.345773,0.042,2
2026-09-09,18:29:25,0.184823,0.136159,0.00053,29375.346303,0.042,2
2026-09-09,18:29:26,0.184823,0.134102,0.00053,29375.346303,0.042,2
2026-09-09,18:29:26,0.102858,0.134102,0.00052,29375.346833,0.042,2
2026-09-09,18:29:27,0.11893,0.135683,0.00052,29375.347353,0.042,2
2026-09-09,18:29:28,0.082287,0.135683,0.00053,29375.347353,0.042,2
2026-09-09,18:29:28,0.10501,0.135683,0.00053,29375.347883,0.042,2
2026-09-09,18:29:29,0.10501,0.135683,0.00053,29375.348413,0.042,2
2026-09-09,18:29:30,0.101568,0.135683,0.00053,29375.348413,0.042,2
2026-09-09,18:29:30,0.125028,0.135683,0.00053,29375.348943,0.042,2
2026-09-09,18:29:31,0.10419,0.135683,0.00053,29375.349473,0.042,2
2026-09-09,18:29:32,0.10419,0.139432,0.00053,29375.349473,0.041,2
2026-09-09,18:29:32,0.135773,0.139432,0.00052,29375.350003,0.041,2
2026-09-09,18:29:33,0.083352,0.139432,0.00052,29375.350003,0.041,2
2026-09-09,18:29:34,0.151267,0.140195,0.00052,29375.350523,0.041,2
2026-09-09,18:29:34,0.118327,0.135612,0.00051,29375.351043,0.041,2
2026-09-09,18:29:35,0.118327,0.129872,0.00051,29375.351043,0.041,2
2026-09-09,18:29:36,0.083352,0.129872,0.00048,29375.351553,0.041,2
2026-09-09,18:29:36,0.125028,0.129872,0.00048,29375.352033,0.041,2
2026-09-09,18:29:37,0.184937,0.129872,0.00048,29375.352033,0.041,2
2026-09-09,18:29:38,0.122187,0.129556,0.00048,29375.352513,0.041,2
2026-09-09,18:29:38,0.122187,0.129556,0.00048,29375.352993,0.041,2
