2026-08-10,15:14:42,0.582297,0.560144,0.000000,43706893951675379220480.000000,0.000000
2026-08-10,15:14:43,0.582297,0.560555,0.000000,43706893951675379220480.000000,0.000000
2026-08-10,15:14:43,0.549841,0.560555,0.000000,43706893951675379220480.000000,0.000000
2026-08-10,15:14:44,0.590252,0.562732,0.000000,43706893951675379220480.000000,0.000000
2026-08-10,15:14:45,0.500521,0.556758,0.000000,43706893951675379220480.000000,0.000000
2026-08-10,15:14:45,0.553341,0.557923,0.000000,43706893951675379220480.000000,0.000000
2026-08-10,15:14:46,0.553341,0.557923,0.000000,43706893951675379220480.000000,0.000000
2026-08-10,15:14:47,0.552705,0.560978,0.000000,43706893951675379220480.000000,0.000000
2026-08-10,15:14:47,0.553341,0.561328,0.000000,43706893951675379220480.000000,0.000000
2026-08-10,15:14:48,0.549841,0.557733,0.000000,43706893951675379220480.000000,0.000000
2026-08-10,15:14:49,0.549841,0.556345,0.000000,43706893951675379220480.000000,0.000000
2026-08-10,15:14:49,0.576376,0.556345,0.000000,43706893951675379220480.000000,0.000000
2026-08-10,15:14:50,0.549841,0.555836,0.000000,43706893951675379220480.000000,0.000000
2026-08-10,15:14:51,0.549841,0.552590,0.000000,43706893951675379220480.000000,0.000000
2026-08-10,15:14:51,0.549841,0.553704,0.000000,43706893951675379220480.000000,0.000000
2026-08-10,15:14:52,0.560978,0.553704,0.000000,43706893951675379220480.000000,0.000000
2026-08-10,15:14:53,0.549841,0.549663,0.000000,43706893951675379220480.000000,0.000000
2026-08-10,15:14:53,1.077091,0.549663,0.000000,43706893951675379220480.000000,0.000000
2026-08-10,15:14:54,0.511340,0.550745,0.000000,43706893951675379220480.000000,0.000000
2026-08-10,15:14:55,0.511340,0.550745,0.000000,43706893951675379220480.000000,0.000000
2026-08-10,15:14:55,0.567978,0.552208,0.000000,43706893951675379220480.000000,0.000000
2026-08-10,15:14:56,0.582615,0.555199,0.000000,43706893951675379220480.000000,0.000000
2026-08-10,15:14:57,0.531068,0.552972,0.000000,43706893951675379220480.000000,0.000000
2026-08-10,15:14:57,0.531068,0.552972,0.000000,43706893951675379220480.000000,0.000000
2026-08-10,15:14:58,0.549841,0.552972,0.000000,43706893951675379220480.000000,0.000000
2026-08-10,15:14:59,0.491930,0.544527,0.000000,43706893951675379220480.000000,0.000000
2026-08-10,15:14:59,0.583888,0.547932,0.000000,43706893951675379220480.000000,0.000000
2026-08-10,15:15:00,0.583888,0.549778,0.000000,43706893951675379220480.000000,0.000000
2026-08-10,15:15:01,0.568297,0.549778,0.000000,43706893951675379220480.000000,0.000000
2026-08-10,15:15:01,0.579115,0.551591,0.000000,43706893951675379220480.000000,0.000000
2026-08-10,15:15:02,0.533613,0.549969,0.000000,43706893951675379220480.000000,0.000000
2026-08-10,15:15:03,0.533613,0.552821,0.000000,43706893951675379220480.000000,0.000000
2026-08-10,15:15:03,0.539868,0.552821,0.000000,43706893951675379220480.000000,0.000000
2026-08-10,15:15:04,0.558930,0.551916,0.000000,43706893951675379220480.000000,0.000000
2026-08-10,15:15:05,0.580657,0.551721,0.000000,43706893951675379220480.000000,0.000000
2026-08-10,15:15:05,0.596256,0.558239,0.000000,43706893951675379220480.000000,0.000000
2026-08-10,15:15:06,0.596256,0.558239,0.000000,43706893951675379220480.000000,0.000000
2026-08-10,15:15:07,0.577613,0.561017,0.000000,43706893951675379220480.000000,0.000000
2026-08-10,15:15:07,0.555434,0.567367,0.000000,43706893951675379220480.000000,0.000000
2026-08-10,15:15:08,0.555434,0.564522,0.000000,43706893951675379220480.000000,0.000000
2026-08-10,15:15:09,0.555434,0.564522,0.000000,43706893951675379220480.000000,0.000000
2026-08-10,15:15:09,0.549630,0.562655,0.000000,43706893951675379220480.000000,0.000000
2026-08-10,15:15:10,0.581290,0.562873,0.000000,43706893951675379220480.000000,0.000000
2026-08-10,15:15:11,0.580657,0.567577,0.000000,43706893951675379220480.000000,0.000000
2026-08-10,15:15:11,0.580657,0.570864,0.000000,43706893951675379220480.000000,0.000000
2026-08-10,15:15:12,0.572742,0.570864,0.000000,43706893951675379220480.000000,0.000000
2026-08-10,15:15:13,0.569259,0.571897,0.000000,43706893951675379220480.000000,0.000000
2026-08-10,15:15:13,0.563791,0.570211,0.000000,43706893951675379220480.000000,0.000000
2026-08-10,15:15:14,0.563791,0.564889,0.000000,43706893951675379220480.000000,0.000000
2026-08-10,15:15:15,0.543044,0.564889,0.000000,43706893951675379220480.000000,0.000000
2026-08-10,15:15:15,0.547443,0.561873,0.000000,43706893951675379220480.000000,0.000000
2026-08-10,15:15:16,0.588438,0.565173,0.000000,43706893951675379220480.000000,0.000000
2026-08-10,15:15:17,0.556778,0.565307,0.000000,43706893951675379220480.000000,0.000000
2026-08-10,15:15:17,0.556778,0.565307,0.000000,43706893951675379220480.000000,0.000000
2026-08-10,15:15:18,0.540468,0.564391,0.000000,43706893951675379220480.000000,0.000000
2026-08-10,15:15:19,0.552940,0.561556,0.000000,43706893951675379220480.000000,0.000000
2026-08-10,15:15:19,0.546224,0.558113,0.000000,43706893951675379220480.000000,0.000000
2026-08-10,15:15:20,0.546224,0.558113,0.000000,43706893951675379220480.000000,0.000000
2026-08-10,15:15:21,0.558696,0.556708,0.000000,43706893951675379220480.000000,0.000000
2026-08-10,15:15:21,0.511685,0.550951,0.000000,43706893951675379220480.000000,0.000000
2026-08-10,15:15:22,0.511685,0.545740,0.000000,43706893951675379220480.000000,0.000000
2026-08-10,15:15:23,0.511685,0.547401,0.000000,43706893951675379220480.000000,0.000000
2026-08-10,15:15:23,0.559656,0.547401,0.000000,43706893951675379220480.000000,0.000000
2026-08-10,15:15:24,0.514564,0.544113,0.000000,43706893951675379220480.000000,0.000000
2026-08-10,15:15:25,0.549742,0.540244,0.000000,43706893951675379220480.000000,0.000000
2026-08-10,15:15:25,0.549742,0.540436,0.000000,43706893951675379220480.000000,0.000000
2026-08-10,15:15:26,0.558696,0.540436,0.000000,43706893951675379220480.000000,0.000000
2026-08-10,15:15:27,0.572768,0.543666,0.000000,43706893951675379220480.000000,0.000000
2026-08-10,15:15:27,0.567011,0.545073,0.000000,43706893951675379220480.000000,0.000000
2026-08-10,15:15:28,0.535351,0.543985,0.000000,43706893951675379220480.000000,0.000000
2026-08-10,15:15:29,0.535351,0.543985,0.000000,43706893951675379220480.000000,0.000000
2026-08-10,15:15:29,0.552620,0.543378,0.000000,43706893951675379220480.000000,0.000000
2026-08-10,15:15:30,0.548143,0.547024,0.000000,43706893951675379220480.000000,0.000000
2026-08-10,15:15:31,0.560935,0.551948,0.000000,43706893951675379220480.000000,0.000000
2026-08-10,15:15:31,0.560935,0.551948,0.000000,43706893951675379220480.000000,0.000000
2026-08-10,15:15:32,0.574687,0.553452,0.000000,43706893951675379220480.000000,0.000000
2026-08-10,15:15:33,0.560615,0.558057,0.000000,43706893951675379220480.000000,0.000000
2026-08-10,15:15:33,0.575326,0.560615,0.000000,43706893951675379220480.000000,0.000000
2026-08-10,15:15:34,0.575326,0.563781,0.000000,43706893951675379220480.000000,0.000000
2026-08-10,15:15:35,0.590357,0.563781,0.000000,43706893951675379220480.000000,0.000000
2026-08-10,15:15:35,0.521599,0.558664,0.000000,43706893951675379220480.000000,0.000000
2026-08-10,15:15:36,0.567651,0.558728,0.000000,43706893951675379220480.000000,0.000000
2026-08-10,15:15:37,0.567651,0.563877,0.000000,43706893951675379220480.000000,0.000000
2026-08-10,15:15:38,0.586839,0.563877,0.000000,43706893951675379220480.000000,0.000000
2026-08-10,15:15:38,0.532472,0.561862,0.000000,43706893951675379220480.000000,0.000000
2026-08-10,15:15:39,0.593235,0.566372,0.000000,43706893951675379220480.000000,0.000000
2026-08-10,15:15:40,0.552620,0.565540,0.000000,43706893951675379220480.000000,0.000000
2026-08-10,15:15:40,0.552620,0.565540,0.000000,43706893951675379220480.000000,0.000000
2026-08-10,15:15:41,0.563813,0.564453,0.000000,43706893951675379220480.000000,0.000000
2026-08-10,15:15:42,0.554219,0.563813,0.000000,43706893951675379220480.000000,0.000000
2026-08-10,15:15:42,0.552300,0.561511,0.000000,43706893951675379220480.000000,0.000000
2026-08-10,15:15:43,0.552300,0.561511,0.000000,43706893951675379220480.000000,0.000000
2026-08-10,15:15:44,0.542706,0.556746,0.000000,43706893951675379220480.000000,0.000000
2026-08-10,15:15:44,1.093408,0.556746,0.000000,43706893951675379220480.000000,0.000000
2026-08-10,15:15:45,0.520000,0.556586,0.000000,43706893951675379220480.000000,0.000000
2026-08-10,15:15:46,0.520000,0.556586,0.000000,43706893951675379220480.000000,0.000000
2026-08-10,15:15:46,1.069422,0.556586,0.000000,43706893951675379220480.000000,0.000000
2026-08-10,15:15:47,0.563493,0.556170,0.000000,43706893951675379220480.000000,0.000000
2026-08-10,15:15:48,1.065585,0.556170,0.000000,43706893951675379220480.000000,0.000000
2026-08-10,15:15:48,1.090849,0.556170,0.000000,43706893951675379220480.000000,0.000000
2026-08-10,15:15:49,1.090849,0.556170,0.000000,43706893951675379220480.000000,0.000000
2026-08-10,15:15:50,0.551341,0.552620,0.000000,43706893951675379220480.000000,0.000000
2026-08-10,15:15:50,0.591956,0.558568,0.000000,43706893951675379220480.000000,0.000000
2026-08-10,15:15:51,0.560295,0.555274,0.000000,43706893951675379220480.000000,0.000000
2026-08-10,15:15:52,0.560295,0.555274,0.000000,43706893951675379220480.000000,0.000000
2026-08-10,15:15:52,1.044158,0.555274,0.000000,43706893951675379220480.000000,0.000000
2026-08-10,15:15:53,0.593235,0.559336,0.000000,43706893951675379220480.000000,0.000000
2026-08-10,15:15:54,0.216827,0.559336,0.000000,43706893951675379220480.000000,0.000000
2026-08-10,15:15:54,0.206273,0.559336,0.000000,43706893951675379220480.000000,0.000000
2026-08-10,15:15:55,0.206273,0.561575,0.000000,43706893951675379220480.000000,0.000000
2026-08-10,15:15:56,0.586199,0.561575,0.000000,43706893951675379220480.000000,0.000000
2026-08-10,15:15:56,0.552620,0.561415,0.000000,43706893951675379220480.000000,0.000000
2026-08-10,15:15:57,0.572128,0.563397,0.000000,43706893951675379220480.000000,0.000000
2026-08-10,15:15:58,0.582362,0.567363,0.000000,43706893951675379220480.000000,0.000000
2026-08-10,15:15:58,0.582362,0.567363,0.000000,43706893951675379220480.000000,0.000000
2026-08-10,15:15:59,0.565412,0.571904,0.000000,43706893951675379220480.000000,0.000000
2026-08-10,15:16:00,0.513284,0.566883,0.000000,43706893951675379220480.000000,0.000000
2026-08-10,15:16:00,0.573088,0.569058,0.000000,43706893951675379220480.000000,0.000000
2026-08-10,15:16:01,0.573088,0.565380,0.000000,43706893951675379220480.000000,0.000000
2026-08-10,15:16:02,0.555179,0.565380,0.000000,43706893951675379220480.000000,0.000000
2026-08-10,15:16:02,0.519680,0.561319,0.000000,43706893951675379220480.000000,0.000000
2026-08-10,15:16:03,0.491218,0.551117,0.000000,43706893951675379220480.000000,0.000000
2026-08-10,15:16:04,0.552620,0.547759,0.000000,43706893951675379220480.000000,0.000000
2026-08-10,15:16:04,0.552620,0.547759,0.000000,43706893951675379220480.000000,0.000000
2026-08-10,15:16:05,0.588438,0.551341,0.000000,43706893951675379220480.000000,0.000000
2026-08-10,15:16:06,0.547184,0.548846,0.000000,43706893951675379220480.000000,0.000000
2026-08-10,15:16:06,0.557097,0.546320,0.000000,43706893951675379220480.000000,0.000000
2026-08-10,15:16:07,0.557097,0.546320,0.000000,43706893951675379220480.000000,0.000000
2026-08-10,15:16:08,0.593235,0.549102,0.000000,43706893951675379220480.000000,0.000000
2026-08-10,15:16:08,0.572768,0.555051,0.000000,43706893951675379220480.000000,0.000000
2026-08-10,15:16:09,0.593235,0.557065,0.000000,43706893951675379220480.000000,0.000000
2026-08-10,15:16:10,0.593235,0.558600,0.000000,43706893951675379220480.000000,0.000000
2026-08-10,15:16:10,0.570529,0.558600,0.000000,43706893951675379220480.000000,0.000000
2026-08-10,15:16:11,0.555179,0.562150,0.000000,43706893951675379220480.000000,0.000000
2026-08-10,15:16:12,0.560615,0.569090,0.000000,43706893951675379220480.000000,0.000000
2026-08-10,15:16:12,0.560615,0.571776,0.000000,43706893951675379220480.000000,0.000000
2026-08-10,15:16:13,0.579484,0.571776,0.000000,43706893951675379220480.000000,0.000000
2026-08-10,15:16:14,0.587799,0.571712,0.000000,43706893951675379220480.000000,0.000000
2026-08-10,15:16:14,0.561255,0.573120,0.000000,43706893951675379220480.000000,0.000000
2026-08-10,15:16:15,0.559976,0.573407,0.000000,43706893951675379220480.000000,0.000000
2026-08-10,15:16:16,0.559976,0.573407,0.000000,43706893951675379220480.000000,0.000000
2026-08-10,15:16:16,0.589078,0.572992,0.000000,43706893951675379220480.000000,0.000000
2026-08-10,15:16:17,0.552620,0.570977,0.000000,43706893951675379220480.000000,0.000000
2026-08-10,15:16:18,0.583961,0.570049,0.000000,43706893951675379220480.000000,0.000000
2026-08-10,15:16:18,0.583961,0.568546,0.000000,43706893951675379220480.000000,0.000000
2026-08-10,15:16:19,0.555498,0.568546,0.000000,43706893951675379220480.000000,0.000000
2026-08-10,15:16:20,0.557417,0.568770,0.000000,43706893951675379220480.000000,0.000000
2026-08-10,15:16:20,0.538549,0.566563,0.000000,43706893951675379220480.000000,0.000000
2026-08-10,15:16:21,0.538549,0.559880,0.000000,43706893951675379220480.000000,0.000000
2026-08-10,15:16:22,0.512645,0.559880,0.000000,43706893951675379220480.000000,0.000000
2026-08-10,15:16:22,0.572448,0.558345,0.000000,43706893951675379220480.000000,0.000000
2026-08-10,15:16:23,0.552300,0.557449,0.000000,43706893951675379220480.000000,0.000000
2026-08-10,15:16:24,0.558377,0.557289,0.000000,43706893951675379220480.000000,0.000000
2026-08-10,15:16:24,0.558377,0.557289,0.000000,43706893951675379220480.000000,0.000000
2026-08-10,15:16:25,0.557737,0.554155,0.000000,43706893951675379220480.000000,0.000000
2026-08-10,15:16:26,0.512645,0.550158,0.000000,43706893951675379220480.000000,0.000000
2026-08-10,15:16:26,0.560935,0.547855,0.000000,43706893951675379220480.000000,0.000000
2026-08-10,15:16:27,0.560935,0.547855,0.000000,43706893951675379220480.000000,0.000000
2026-08-10,15:16:28,0.511685,0.543474,0.000000,43706893951675379220480.000000,0.000000
2026-08-10,15:16:28,0.593235,0.547056,0.000000,43706893951675379220480.000000,0.000000
2026-08-10,15:16:29,0.552620,0.548463,0.000000,43706893951675379220480.000000,0.000000
2026-08-10,15:16:30,0.552620,0.552492,0.000000,43706893951675379220480.000000,0.000000
2026-08-10,15:16:30,0.552940,0.552492,0.000000,43706893951675379220480.000000,0.000000
2026-08-10,15:16:31,0.536950,0.548942,0.000000,43706893951675379220480.000000,0.000000
2026-08-10,15:16:32,0.511685,0.544881,0.000000,43706893951675379220480.000000,0.000000
2026-08-10,15:16:32,0.511685,0.543797,0.000000,43706893951675379220480.000000,0.000000
2026-08-10,15:16:33,0.547537,0.543797,0.000000,43706893951675379220480.000000,0.000000
2026-08-10,15:16:34,0.594741,0.547497,0.000000,43706893951675379220480.000000,0.000000
2026-08-10,15:16:34,0.556908,0.551924,0.000000,43706893951675379220480.000000,0.000000
2026-08-10,15:16:35,0.592817,0.555112,0.000000,43706893951675379220480.000000,0.000000
2026-08-10,15:16:36,0.592817,0.555112,0.000000,43706893951675379220480.000000,0.000000
2026-08-10,15:16:36,0.586725,0.562616,0.000000,43706893951675379220480.000000,0.000000
2026-08-10,15:16:37,0.554664,0.558759,0.000000,43706893951675379220480.000000,0.000000
2026-08-10,15:16:38,0.533183,0.556815,0.000000,43706893951675379220480.000000,0.000000
2026-08-10,15:16:38,0.533183,0.556815,0.000000,43706893951675379220480.000000,0.000000
2026-08-10,15:16:39,0.556267,0.557148,0.000000,43706893951675379220480.000000,0.000000
2026-08-10,15:16:40,0.511381,0.554591,0.000000,43706893951675379220480.000000,0.000000
2026-08-10,15:16:40,0.499839,0.553406,0.000000,43706893951675379220480.000000,0.000000
2026-08-10,15:16:41,0.499839,0.553406,0.000000,43706893951675379220480.000000,0.000000
2026-08-10,15:16:42,0.676818,0.553406,0.000000,43706893951675379220480.000000,0.000000
2026-08-10,15:16:42,0.358768,0.553406,0.000000,43706893951675379220480.000000,0.000000
2026-08-10,15:16:43,0.388585,0.553406,0.000000,43706893951675379220480.000000,0.000000
2026-08-10,15:16:44,0.388585,0.553406,0.000000,43706893951675379220480.000000,0.000000
2026-08-10,15:16:44,0.238217,0.553406,0.000000,43706893951675379220480.000000,0.000000
2026-08-10,15:16:45,0.410067,0.539659,0.000000,43706893951675379220480.000000,0.000000
2026-08-10,15:16:46,0.328310,0.513016,0.000000,43706893951675379220480.000000,0.000000
2026-08-10,15:16:46,0.205194,0.513016,0.000000,43706893951675379220480.000000,0.000000
2026-08-10,15:16:47,0.205194,0.513016,0.000000,43706893951675379220480.000000,0.000000
2026-08-10,15:16:48,0.287271,0.513016,0.000000,43706893951675379220480.000000,0.000000
2026-08-10,15:16:48,0.286950,0.513016,0.000000,43706893951675379220480.000000,0.000000
2026-08-10,15:16:49,0.143315,0.513016,0.000000,43706893951675379220480.000000,0.000000
2026-08-10,15:16:50,0.237255,0.513016,0.000000,43706893951675379220480.000000,0.000000
2026-08-10,15:16:50,0.237255,0.513016,0.000000,43706893951675379220480.000000,0.000000
2026-08-10,15:16:51,0.327989,0.513016,0.000000,43706893951675379220480.000000,0.000000
2026-08-10,15:16:52,0.205194,0.513016,0.000000,43706893951675379220480.000000,0.000000
2026-08-10,15:16:52,0.451426,0.502468,0.000000,43706893951675379220480.000000,0.000000
2026-08-10,15:16:53,0.451426,0.502468,0.000000,43706893951675379220480.000000,0.000000
2026-08-10,15:16:54,0.245912,0.502468,0.000000,43706893951675379220480.000000,0.000000
2026-08-10,15:16:54,0.245912,0.502468,0.000000,43706893951675379220480.000000,0.000000
2026-08-10,15:16:55,0.225713,0.502468,0.000000,43706893951675379220480.000000,0.000000
2026-08-10,15:16:56,0.225392,0.502468,0.000000,43706893951675379220480.000000,0.000000
2026-08-10,15:16:56,0.225392,0.498556,0.000000,43706893951675379220480.000000,0.000000
2026-08-10,15:16:57,0.553702,0.498556,0.000000,43706893951675379220480.000000,0.000000
2026-08-10,15:16:58,0.287271,0.498556,0.000000,43706893951675379220480.000000,0.000000
2026-08-10,15:16:58,0.327989,0.498556,0.000000,43706893951675379220480.000000,0.000000
2026-08-10,15:16:59,0.615581,0.501442,0.000000,43706893951675379220480.000000,0.000000
2026-08-10,15:17:00,0.615581,0.507501,0.000000,43706893951675379220480.000000,0.000000
2026-08-10,15:17:00,0.615260,0.507501,0.000000,43706893951675379220480.000000,0.000000
2026-08-10,15:17:01,0.164155,0.507501,0.000000,43706893951675379220480.000000,0.000000
2026-08-10,15:17:02,0.574221,0.511605,0.000000,43706893951675379220480.000000,0.000000
2026-08-10,15:17:02,0.574221,0.507277,0.000000,43706893951675379220480.000000,0.000000
2026-08-10,15:17:03,0.512984,0.507277,0.000000,43706893951675379220480.000000,0.000000
2026-08-10,15:17:04,0.656299,0.521769,0.000000,43706893951675379220480.000000,0.000000
2026-08-10,15:17:04,0.595061,0.531291,0.000000,43706893951675379220480.000000,0.000000
2026-08-10,15:17:05,0.656299,0.555914,0.000000,43706893951675379220480.000000,0.000000
2026-08-10,15:17:06,0.656299,0.555914,0.000000,43706893951675379220480.000000,0.000000
2026-08-10,15:17:07,0.538474,0.576931,0.000000,43706893951675379220480.000000,0.000000
2026-08-10,15:17:07,0.485100,0.580298,0.000000,43706893951675379220480.000000,0.000000
2026-08-10,15:17:08,0.424147,0.567343,0.000000,43706893951675379220480.000000,0.000000
2026-08-10,15:17:08,0.424147,0.567343,0.000000,43706893951675379220480.000000,0.000000
2026-08-10,15:17:09,0.575684,0.567343,0.000000,43706893951675379220480.000000,0.000000
2026-08-10,15:17:10,0.636435,0.567343,0.000000,43706893951675379220480.000000,0.000000
2026-08-10,15:17:10,0.164252,0.567343,0.000000,43706893951675379220480.000000,0.000000
2026-08-10,15:17:11,0.164252,0.554384,0.000000,43706893951675379220480.000000,0.000000
2026-08-10,15:17:12,0.485992,0.554384,0.000000,43706893951675379220480.000000,0.000000
2026-08-10,15:17:12,0.465729,0.539431,0.000000,43706893951675379220480.000000,0.000000
2026-08-10,15:17:13,0.040526,0.539431,0.000000,43706893951675379220480.000000,0.000000
2026-08-10,15:17:14,0.040526,0.539431,0.000000,43706893951675379220480.000000,0.000000
2026-08-10,15:17:15,0.040526,0.539431,0.000000,43706893951675379220480.000000,0.000000
2026-08-10,15:17:15,0.062688,0.539431,0.000000,43706893951675379220480.000000,0.000000
2026-08-10,15:17:16,0.020263,0.539431,0.000000,43706893951675379220480.000000,0.000000
2026-08-10,15:17:17,0.222575,0.539431,0.000000,43706893951675379220480.000000,0.000000
2026-08-10,15:17:17,0.072503,0.539431,0.000000,43706893951675379220480.000000,0.000000
2026-08-10,15:17:18,0.072503,0.539431,0.000000,43706893951675379220480.000000,0.000000
2026-08-10,15:17:19,0.041143,0.539431,0.000000,43706893951675379220480.000000,0.000000
2026-08-10,15:17:19,0.020572,0.539431,0.000000,43706893951675379220480.000000,0.000000
2026-08-10,15:17:20,0.123108,0.539431,0.000000,43706893951675379220480.000000,0.000000
2026-08-10,15:17:21,0.123108,0.539431,0.000000,43706893951675379220480.000000,0.000000
2026-08-10,15:17:21,0.112079,0.539431,0.000000,43706893951675379220480.000000,0.000000
2026-08-10,15:17:22,0.081051,0.539431,0.000000,43706893951675379220480.000000,0.000000
2026-08-10,15:17:23,0.549327,0.536941,0.000000,43706893951675379220480.000000,0.000000
2026-08-10,15:17:23,0.591113,0.544754,0.000000,43706893951675379220480.000000,0.000000
2026-08-10,15:17:24,0.591113,0.535150,0.000000,43706893951675379220480.000000,0.000000
2026-08-10,15:17:25,0.560256,0.535150,0.000000,43706893951675379220480.000000,0.000000
2026-08-10,15:17:25,0.560256,0.531669,0.000000,43706893951675379220480.000000,0.000000
2026-08-10,15:17:26,0.060637,0.531669,0.000000,43706893951675379220480.000000,0.000000
2026-08-10,15:17:27,0.073902,0.531669,0.000000,43706893951675379220480.000000,0.000000
2026-08-10,15:17:27,0.073902,0.531669,0.000000,43706893951675379220480.000000,0.000000
2026-08-10,15:17:28,0.585847,0.524624,0.000000,43706893951675379220480.000000,0.000000
2026-08-10,15:17:29,0.591013,0.529878,0.000000,43706893951675379220480.000000,0.000000
2026-08-10,15:17:29,0.549100,0.536278,0.000000,43706893951675379220480.000000,0.000000
2026-08-10,15:17:30,0.549100,0.536278,0.000000,43706893951675379220480.000000,0.000000
2026-08-10,15:17:31,0.230431,0.536278,0.000000,43706893951675379220480.000000,0.000000
2026-08-10,15:17:31,0.548465,0.548710,0.000000,43706893951675379220480.000000,0.000000
2026-08-10,15:17:32,0.587187,0.558829,0.000000,43706893951675379220480.000000,0.000000
2026-08-10,15:17:33,0.587187,0.568658,0.000000,43706893951675379220480.000000,0.000000
2026-08-10,15:17:33,0.564017,0.568658,0.000000,43706893951675379220480.000000,0.000000
2026-08-10,15:17:34,0.589945,0.572720,0.000000,43706893951675379220480.000000,0.000000
2026-08-10,15:17:35,0.563776,0.569986,0.000000,43706893951675379220480.000000,0.000000
2026-08-10,15:17:35,0.563776,0.568892,0.000000,43706893951675379220480.000000,0.000000
2026-08-10,15:17:36,0.549313,0.568892,0.000000,43706893951675379220480.000000,0.000000
2026-08-10,15:17:37,0.574958,0.570362,0.000000,43706893951675379220480.000000,0.000000
2026-08-10,15:17:37,0.547097,0.566487,0.000000,43706893951675379220480.000000,0.000000
2026-08-10,15:17:38,0.572425,0.564628,0.000000,43706893951675379220480.000000,0.000000
2026-08-10,15:17:39,0.572425,0.564628,0.000000,43706893951675379220480.000000,0.000000
2026-08-10,15:17:39,0.570711,0.566790,0.000000,43706893951675379220480.000000,0.000000
2026-08-10,15:17:40,0.571000,0.569043,0.000000,43706893951675379220480.000000,0.000000
2026-08-10,15:17:41,0.551956,0.565520,0.000000,43706893951675379220480.000000,0.000000
2026-08-10,15:17:41,0.551956,0.565520,0.000000,43706893951675379220480.000000,0.000000
2026-08-10,15:17:42,0.548465,0.563965,0.000000,43706893951675379220480.000000,0.000000
2026-08-10,15:17:43,0.577031,0.562673,0.000000,43706893951675379220480.000000,0.000000
2026-08-10,15:17:43,0.548465,0.561142,0.000000,43706893951675379220480.000000,0.000000
2026-08-10,15:17:44,0.548465,0.561026,0.000000,43706893951675379220480.000000,0.000000
2026-08-10,15:17:45,0.548147,0.561026,0.000000,43706893951675379220480.000000,0.000000
2026-08-10,15:17:45,0.556717,0.559201,0.000000,43706893951675379220480.000000,0.000000
2026-08-10,15:17:46,0.548465,0.559338,0.000000,43706893951675379220480.000000,0.000000
2026-08-10,15:17:47,0.548465,0.553387,0.000000,43706893951675379220480.000000,0.000000
2026-08-10,15:17:47,0.512916,0.553387,0.000000,43706893951675379220480.000000,0.000000
2026-08-10,15:17:48,0.568143,0.553131,0.000000,43706893951675379220480.000000,0.000000
2026-08-10,15:17:49,0.550687,0.551099,0.000000,43706893951675379220480.000000,0.000000
2026-08-10,15:17:49,0.567191,0.552623,0.000000,43706893951675379220480.000000,0.000000
2026-08-10,15:17:50,0.567191,0.552623,0.000000,43706893951675379220480.000000,0.000000
2026-08-10,15:17:51,0.588140,0.556590,0.000000,43706893951675379220480.000000,0.000000
2026-08-10,15:17:51,0.559574,0.554844,0.000000,43706893951675379220480.000000,0.000000
2026-08-10,15:17:52,0.579570,0.557955,0.000000,43706893951675379220480.000000,0.000000
2026-08-10,15:17:53,0.579570,0.560938,0.000000,43706893951675379220480.000000,0.000000
2026-08-10,15:17:53,0.577983,0.560938,0.000000,43706893951675379220480.000000,0.000000
2026-08-10,15:17:54,0.582744,0.563541,0.000000,43706893951675379220480.000000,0.000000
2026-08-10,15:17:55,0.558622,0.564557,0.000000,43706893951675379220480.000000,0.000000
2026-08-10,15:17:55,0.558622,0.570968,0.000000,43706893951675379220480.000000,0.000000
2026-08-10,15:17:56,0.577031,0.570968,0.000000,43706893951675379220480.000000,0.000000
2026-08-10,15:17:57,0.556854,0.569839,0.000000,43706893951675379220480.000000,0.000000
2026-08-10,15:17:57,0.561366,0.570907,0.000000,43706893951675379220480.000000,0.000000
2026-08-10,15:17:58,0.590046,0.573193,0.000000,43706893951675379220480.000000,0.000000
2026-08-10,15:17:59,0.590046,0.573193,0.000000,43706893951675379220480.000000,0.000000
2026-08-10,15:17:59,0.559110,0.570290,0.000000,43706893951675379220480.000000,0.000000
2026-08-10,15:18:00,0.546053,0.568938,0.000000,43706893951675379220480.000000,0.000000
2026-08-10,15:18:01,0.554664,0.566447,0.000000,43706893951675379220480.000000,0.000000
2026-08-10,15:18:01,0.554664,0.566447,0.000000,43706893951675379220480.000000,0.000000
2026-08-10,15:18:02,0.576145,0.566263,0.000000,43706893951675379220480.000000,0.000000
2026-08-10,15:18:03,0.564282,0.564417,0.000000,43706893951675379220480.000000,0.000000
2026-08-10,15:18:03,0.562679,0.564823,0.000000,43706893951675379220480.000000,0.000000
2026-08-10,15:18:04,0.562679,0.563676,0.000000,43706893951675379220480.000000,0.000000
2026-08-10,15:18:05,0.565565,0.563676,0.000000,43706893951675379220480.000000,0.000000
2026-08-10,15:18:05,0.561397,0.564131,0.000000,43706893951675379220480.000000,0.000000
2026-08-10,15:18:06,0.556908,0.563685,0.000000,43706893951675379220480.000000,0.000000
2026-08-10,15:18:07,0.556908,0.563545,0.000000,43706893951675379220480.000000,0.000000
2026-08-10,15:18:07,0.588649,0.563545,0.000000,43706893951675379220480.000000,0.000000
2026-08-10,15:18:08,0.554343,0.563069,0.000000,43706893951675379220480.000000,0.000000
2026-08-10,15:18:09,0.586405,0.567104,0.000000,43706893951675379220480.000000,0.000000
2026-08-10,15:18:09,0.586725,0.570310,0.000000,43706893951675379220480.000000,0.000000
2026-08-10,15:18:10,0.586725,0.570310,0.000000,43706893951675379220480.000000,0.000000
2026-08-10,15:18:11,0.554023,0.568098,0.000000,43706893951675379220480.000000,0.000000
2026-08-10,15:18:11,0.592176,0.570887,0.000000,43706893951675379220480.000000,0.000000
2026-08-10,15:18:12,0.512984,0.565917,0.000000,43706893951675379220480.000000,0.000000
2026-08-10,15:18:13,0.512984,0.567873,0.000000,43706893951675379220480.000000,0.000000
2026-08-10,15:18:13,0.585122,0.567873,0.000000,43706893951675379220480.000000,0.000000
2026-08-10,15:18:14,0.583840,0.570118,0.000000,43706893951675379220480.000000,0.000000
2026-08-10,15:18:15,0.565244,0.570951,0.000000,43706893951675379220480.000000,0.000000
2026-08-10,15:18:15,0.565244,0.569220,0.000000,43706893951675379220480.000000,0.000000
2026-08-10,15:18:16,0.571336,0.569220,0.000000,43706893951675379220480.000000,0.000000
2026-08-10,15:18:17,0.577748,0.571560,0.000000,43706893951675379220480.000000,0.000000
2026-08-10,15:18:17,0.575183,0.570438,0.000000,43706893951675379220480.000000,0.000000
2026-08-10,15:18:18,0.565565,0.568322,0.000000,43706893951675379220480.000000,0.000000
2026-08-10,15:18:19,0.565565,0.568322,0.000000,43706893951675379220480.000000,0.000000
2026-08-10,15:18:19,0.531259,0.566046,0.000000,43706893951675379220480.000000,0.000000
2026-08-10,15:18:20,0.555305,0.562359,0.000000,43706893951675379220480.000000,0.000000
2026-08-10,15:18:21,0.554023,0.566463,0.000000,43706893951675379220480.000000,0.000000
2026-08-10,15:18:21,0.554023,0.566463,0.000000,43706893951675379220480.000000,0.000000
2026-08-10,15:18:22,0.556267,0.563577,0.000000,43706893951675379220480.000000,0.000000
2026-08-10,15:18:23,0.543126,0.559506,0.000000,43706893951675379220480.000000,0.000000
2026-08-10,15:18:23,0.532415,0.556223,0.000000,43706893951675379220480.000000,0.000000
2026-08-10,15:18:24,0.532415,0.552709,0.000000,43706893951675379220480.000000,0.000000
2026-08-10,15:18:25,0.536195,0.552709,0.000000,43706893951675379220480.000000,0.000000
2026-08-10,15:18:25,0.549534,0.549887,0.000000,43706893951675379220480.000000,0.000000
2026-08-10,15:18:26,0.560435,0.548412,0.000000,43706893951675379220480.000000,0.000000
2026-08-10,15:18:27,0.560435,0.548220,0.000000,43706893951675379220480.000000,0.000000
2026-08-10,15:18:27,0.563641,0.548220,0.000000,43706893951675379220480.000000,0.000000
2026-08-10,15:18:28,0.559473,0.551041,0.000000,43706893951675379220480.000000,0.000000
2026-08-10,15:18:29,0.589932,0.554504,0.000000,43706893951675379220480.000000,0.000000
2026-08-10,15:18:29,0.554023,0.554504,0.000000,43706893951675379220480.000000,0.000000
2026-08-10,15:18:30,0.554023,0.554504,0.000000,43706893951675379220480.000000,0.000000
2026-08-10,15:18:31,0.532862,0.552164,0.000000,43706893951675379220480.000000,0.000000
2026-08-10,15:18:31,0.565565,0.554407,0.000000,43706893951675379220480.000000,0.000000
2026-08-10,15:18:32,0.573580,0.558524,0.000000,43706893951675379220480.000000,0.000000
2026-08-10,15:18:33,0.573580,0.558524,0.000000,43706893951675379220480.000000,0.000000
2026-08-10,15:18:33,0.492048,0.554109,0.000000,43706893951675379220480.000000,0.000000
2026-08-10,15:18:34,0.577635,0.556919,0.000000,43706893951675379220480.000000,0.000000
2026-08-10,15:18:35,0.522367,0.553113,0.000000,43706893951675379220480.000000,0.000000
2026-08-10,15:18:35,0.522367,0.548227,0.000000,43706893951675379220480.000000,0.000000
2026-08-10,15:18:36,0.514787,0.548227,0.000000,43706893951675379220480.000000,0.000000
2026-08-10,15:18:37,0.541519,0.546432,0.000000,43706893951675379220480.000000,0.000000
2026-08-10,15:18:37,0.524526,0.539891,0.000000,43706893951675379220480.000000,0.000000
2026-08-10,15:18:38,0.524526,0.539859,0.000000,43706893951675379220480.000000,0.000000
2026-08-10,15:18:39,0.553702,0.539859,0.000000,43706893951675379220480.000000,0.000000
2026-08-10,15:18:39,0.571336,0.543706,0.000000,43706893951675379220480.000000,0.000000
2026-08-10,15:18:40,0.594741,0.546624,0.000000,43706893951675379220480.000000,0.000000
2026-08-10,15:18:41,0.554023,0.544668,0.000000,43706893951675379220480.000000,0.000000
2026-08-10,15:18:41,0.554023,0.544668,0.000000,43706893951675379220480.000000,0.000000
2026-08-10,15:18:42,1.060209,0.544668,0.000000,43706893951675379220480.000000,0.000000
2026-08-10,15:18:43,0.526157,0.548079,0.000000,43706893951675379220480.000000,0.000000
2026-08-10,15:18:43,0.559949,0.546311,0.000000,43706893951675379220480.000000,0.000000
2026-08-10,15:18:44,0.559949,0.547732,0.000000,43706893951675379220480.000000,0.000000
2026-08-10,15:18:45,0.536579,0.547732,0.000000,43706893951675379220480.000000,0.000000
2026-08-10,15:18:45,0.517945,0.548048,0.000000,43706893951675379220480.000000,0.000000
2026-08-10,15:18:46,0.582688,0.552164,0.000000,43706893951675379220480.000000,0.000000
2026-08-10,15:18:47,0.582688,0.554934,0.000000,43706893951675379220480.000000,0.000000
2026-08-10,15:18:47,0.552220,0.554934,0.000000,43706893951675379220480.000000,0.000000
2026-08-10,15:18:48,0.576327,0.557196,0.000000,43706893951675379220480.000000,0.000000
2026-08-10,15:18:49,0.530362,0.553099,0.000000,43706893951675379220480.000000,0.000000
2026-08-10,15:18:49,0.530362,0.545054,0.000000,43706893951675379220480.000000,0.000000
2026-08-10,15:18:50,0.514291,0.545054,0.000000,43706893951675379220480.000000,0.000000
2026-08-10,15:18:51,0.509104,0.540562,0.000000,43706893951675379220480.000000,0.000000
2026-08-10,15:18:51,0.534862,0.541433,0.000000,43706893951675379220480.000000,0.000000
2026-08-10,15:18:52,0.569577,0.542396,0.000000,43706893951675379220480.000000,0.000000
2026-08-10,15:18:53,0.569577,0.542396,0.000000,43706893951675379220480.000000,0.000000
2026-08-10,15:18:53,0.535699,0.542308,0.000000,43706893951675379220480.000000,0.000000
2026-08-10,15:18:54,0.547097,0.545223,0.000000,43706893951675379220480.000000,0.000000
2026-08-10,15:18:55,0.555645,0.542518,0.000000,43706893951675379220480.000000,0.000000
2026-08-10,15:18:56,0.555645,0.542449,0.000000,43706893951675379220480.000000,0.000000
2026-08-10,15:18:56,0.551529,0.542449,0.000000,43706893951675379220480.000000,0.000000
2026-08-10,15:18:57,0.494540,0.534271,0.000000,43706893951675379220480.000000,0.000000
2026-08-10,15:18:58,0.547097,0.535944,0.000000,43706893951675379220480.000000,0.000000
2026-08-10,15:18:58,0.547097,0.533526,0.000000,43706893951675379220480.000000,0.000000
2026-08-10,15:18:59,0.490108,0.533526,0.000000,43706893951675379220480.000000,0.000000
2026-08-10,15:19:00,0.487575,0.531373,0.000000,43706893951675379220480.000000,0.000000
2026-08-10,15:19:00,0.493719,0.527259,0.000000,43706893951675379220480.000000,0.000000
2026-08-10,15:19:01,0.555113,0.525812,0.000000,43706893951675379220480.000000,0.000000
2026-08-10,15:19:02,0.555113,0.525812,0.000000,43706893951675379220480.000000,0.000000
2026-08-10,15:19:02,0.555113,0.527753,0.000000,43706893951675379220480.000000,0.000000
2026-08-10,15:19:03,0.555113,0.528555,0.000000,43706893951675379220480.000000,0.000000
2026-08-10,15:19:04,0.554470,0.528437,0.000000,43706893951675379220480.000000,0.000000
2026-08-10,15:19:04,0.554470,0.528437,0.000000,43706893951675379220480.000000,0.000000
2026-08-10,15:19:05,0.557684,0.529053,0.000000,43706893951675379220480.000000,0.000000
2026-08-10,15:19:06,0.563877,0.535987,0.000000,43706893951675379220480.000000,0.000000
2026-08-10,15:19:06,0.511320,0.532409,0.000000,43706893951675379220480.000000,0.000000
2026-08-10,15:19:07,0.511320,0.540672,0.000000,43706893951675379220480.000000,0.000000
2026-08-10,15:19:08,0.572742,0.540672,0.000000,43706893951675379220480.000000,0.000000
2026-08-10,15:19:08,0.530633,0.544978,0.000000,43706893951675379220480.000000,0.000000
2026-08-10,15:19:09,0.526834,0.548290,0.000000,43706893951675379220480.000000,0.000000
2026-08-10,15:19:10,0.526834,0.545430,0.000000,43706893951675379220480.000000,0.000000
2026-08-10,15:19:10,0.526517,0.545430,0.000000,43706893951675379220480.000000,0.000000
2026-08-10,15:19:11,0.556278,0.545547,0.000000,43706893951675379220480.000000,0.000000
2026-08-10,15:19:12,0.548047,0.544840,0.000000,43706893951675379220480.000000,0.000000
2026-08-10,15:19:12,0.518919,0.541285,0.000000,43706893951675379220480.000000,0.000000
2026-08-10,15:19:13,0.518919,0.541285,0.000000,43706893951675379220480.000000,0.000000
2026-08-10,15:19:14,0.547097,0.540226,0.000000,43706893951675379220480.000000,0.000000
2026-08-10,15:19:14,0.512587,0.535097,0.000000,43706893951675379220480.000000,0.000000
2026-08-10,15:19:15,0.530633,0.537029,0.000000,43706893951675379220480.000000,0.000000
2026-08-10,15:19:16,0.530633,0.537029,0.000000,43706893951675379220480.000000,0.000000
2026-08-10,15:19:16,0.538548,0.533609,0.000000,43706893951675379220480.000000,0.000000
2026-08-10,15:19:17,0.538865,0.534433,0.000000,43706893951675379220480.000000,0.000000
2026-08-10,15:19:18,0.555645,0.537314,0.000000,43706893951675379220480.000000,0.000000
2026-08-10,15:19:18,0.555645,0.537570,0.000000,43706893951675379220480.000000,0.000000
2026-08-10,15:19:19,0.529077,0.537570,0.000000,43706893951675379220480.000000,0.000000
2026-08-10,15:19:20,0.558970,0.537839,0.000000,43706893951675379220480.000000,0.000000
2026-08-10,15:19:20,0.555434,0.538577,0.000000,43706893951675379220480.000000,0.000000
2026-08-10,15:19:21,0.555434,0.538577,0.000000,43706893951675379220480.000000,0.000000
2026-08-10,15:19:22,1.055260,0.538577,0.000000,43706893951675379220480.000000,0.000000
2026-08-10,15:19:22,0.567648,0.543450,0.000000,43706893951675379220480.000000,0.000000
2026-08-10,15:19:23,0.530684,0.541809,0.000000,43706893951675379220480.000000,0.000000
2026-08-10,15:19:24,0.501755,0.540726,0.000000,43706893951675379220480.000000,0.000000
2026-08-10,15:19:24,0.501755,0.540726,0.000000,43706893951675379220480.000000,0.000000
2026-08-10,15:19:25,1.621623,0.540726,0.000000,43706893951675379220480.000000,0.000000
2026-08-10,15:19:26,0.557684,0.543431,0.000000,43706893951675379220480.000000,0.000000
2026-08-10,15:19:26,0.595613,0.549137,0.000000,43706893951675379220480.000000,0.000000
2026-08-10,15:19:27,0.595613,0.549137,0.000000,43706893951675379220480.000000,0.000000
2026-08-10,15:19:28,1.082904,0.549137,0.000000,43706893951675379220480.000000,0.000000
2026-08-10,15:19:28,0.543220,0.549573,0.000000,43706893951675379220480.000000,0.000000
2026-08-10,15:19:29,1.132404,0.549573,0.000000,43706893951675379220480.000000,0.000000
2026-08-10,15:19:30,0.572148,0.551223,0.000000,43706893951675379220480.000000,0.000000
2026-08-10,15:19:30,0.572148,0.551223,0.000000,43706893951675379220480.000000,0.000000
2026-08-10,15:19:31,0.532216,0.551537,0.000000,43706893951675379220480.000000,0.000000
2026-08-10,15:19:32,0.510370,0.546677,0.000000,43706893951675379220480.000000,0.000000
2026-08-10,15:19:32,0.554379,0.546572,0.000000,43706893951675379220480.000000,0.000000
2026-08-10,15:19:33,0.554379,0.542459,0.000000,43706893951675379220480.000000,0.000000
2026-08-10,15:19:34,0.526517,0.542459,0.000000,43706893951675379220480.000000,0.000000
2026-08-10,15:19:34,1.048286,0.542459,0.000000,43706893951675379220480.000000,0.000000
2026-08-10,15:19:35,0.521768,0.541567,0.000000,43706893951675379220480.000000,0.000000
2026-08-10,15:19:36,0.521768,0.542270,0.000000,43706893951675379220480.000000,0.000000
2026-08-10,15:19:36,0.508787,0.542270,0.000000,43706893951675379220480.000000,0.000000
2026-08-10,15:19:37,0.524934,0.538995,0.000000,43706893951675379220480.000000,0.000000
2026-08-10,15:19:38,0.514486,0.530883,0.000000,43706893951675379220480.000000,0.000000
2026-08-10,15:19:38,0.514803,0.528041,0.000000,43706893951675379220480.000000,0.000000
2026-08-10,15:19:39,0.514803,0.528041,0.000000,43706893951675379220480.000000,0.000000
2026-08-10,15:19:40,0.537599,0.524586,0.000000,43706893951675379220480.000000,0.000000
2026-08-10,15:19:40,0.530950,0.524459,0.000000,43706893951675379220480.000000,0.000000
2026-08-10,15:19:41,0.546780,0.528100,0.000000,43706893951675379220480.000000,0.000000
2026-08-10,15:19:42,0.546780,0.528100,0.000000,43706893951675379220480.000000,0.000000
2026-08-10,15:19:42,0.531583,0.525821,0.000000,43706893951675379220480.000000,0.000000
2026-08-10,15:19:43,0.551529,0.528322,0.000000,43706893951675379220480.000000,0.000000
2026-08-10,15:19:44,0.560394,0.532185,0.000000,43706893951675379220480.000000,0.000000
2026-08-10,15:19:44,0.560394,0.536269,0.000000,43706893951675379220480.000000,0.000000
2026-08-10,15:19:45,0.549630,0.536269,0.000000,43706893951675379220480.000000,0.000000
2026-08-10,15:19:46,0.550896,0.538865,0.000000,43706893951675379220480.000000,0.000000
2026-08-10,15:19:46,0.566093,0.544026,0.000000,43706893951675379220480.000000,0.000000
2026-08-10,15:19:47,0.566093,0.547540,0.000000,43706893951675379220480.000000,0.000000
2026-08-10,15:19:48,0.549946,0.547540,0.000000,43706893951675379220480.000000,0.000000
2026-08-10,15:19:48,0.562927,0.550073,0.000000,43706893951675379220480.000000,0.000000
2026-08-10,15:19:49,0.584456,0.555424,0.000000,43706893951675379220480.000000,0.000000
2026-08-10,15:19:50,0.549313,0.555677,0.000000,43706893951675379220480.000000,0.000000
2026-08-10,15:19:50,0.549313,0.555677,0.000000,43706893951675379220480.000000,0.000000
2026-08-10,15:19:51,0.570526,0.559571,0.000000,43706893951675379220480.000000,0.000000
2026-08-10,15:19:52,0.542031,0.558621,0.000000,43706893951675379220480.000000,0.000000
2026-08-10,15:19:52,0.551213,0.557703,0.000000,43706893951675379220480.000000,0.000000
2026-08-10,15:19:53,0.551213,0.558273,0.000000,43706893951675379220480.000000,0.000000
2026-08-10,15:19:54,0.555329,0.558273,0.000000,43706893951675379220480.000000,0.000000
2026-08-10,15:19:54,0.477443,0.550928,0.000000,43706893951675379220480.000000,0.000000
2026-08-10,15:19:55,0.576858,0.552004,0.000000,43706893951675379220480.000000,0.000000
2026-08-10,15:19:56,0.576858,0.551783,0.000000,43706893951675379220480.000000,0.000000
2026-08-10,15:19:56,0.547730,0.551783,0.000000,43706893951675379220480.000000,0.000000
2026-08-10,15:19:57,0.515928,0.547083,0.000000,43706893951675379220480.000000,0.000000
2026-08-10,15:19:58,1.051836,0.547083,0.000000,43706893951675379220480.000000,0.000000
2026-08-10,15:19:58,0.554276,0.544065,0.000000,43706893951675379220480.000000,0.000000
2026-08-10,15:19:59,0.554276,0.544065,0.000000,43706893951675379220480.000000,0.000000
2026-08-10,15:20:00,0.581990,0.547332,0.000000,43706893951675379220480.000000,0.000000
2026-08-10,15:20:00,0.516250,0.541905,0.000000,43706893951675379220480.000000,0.000000
2026-08-10,15:20:01,0.507838,0.538485,0.000000,43706893951675379220480.000000,0.000000
2026-08-10,15:20:02,0.507838,0.538485,0.000000,43706893951675379220480.000000,0.000000
2026-08-10,15:20:02,0.548465,0.538211,0.000000,43706893951675379220480.000000,0.000000
2026-08-10,15:20:03,0.488159,0.531494,0.000000,43706893951675379220480.000000,0.000000
2026-08-10,15:20:04,0.527199,0.536469,0.000000,43706893951675379220480.000000,0.000000
2026-08-10,15:20:04,0.527199,0.536469,0.000000,43706893951675379220480.000000,0.000000
2026-08-10,15:20:05,1.053446,0.536469,0.000000,43706893951675379220480.000000,0.000000
2026-08-10,15:20:06,1.039798,0.536469,0.000000,43706893951675379220480.000000,0.000000
2026-08-10,15:20:06,0.520160,0.530800,0.000000,43706893951675379220480.000000,0.000000
2026-08-10,15:20:07,0.517652,0.527792,0.000000,43706893951675379220480.000000,0.000000
2026-08-10,15:20:08,0.517652,0.527792,0.000000,43706893951675379220480.000000,0.000000
2026-08-10,15:20:08,1.053668,0.527792,0.000000,43706893951675379220480.000000,0.000000
2026-08-10,15:20:09,0.587306,0.534930,0.000000,43706893951675379220480.000000,0.000000
2026-08-10,15:20:10,0.563877,0.535890,0.000000,43706893951675379220480.000000,0.000000
2026-08-10,15:20:10,0.563877,0.535890,0.000000,43706893951675379220480.000000,0.000000
2026-08-10,15:20:11,1.071081,0.535890,0.000000,43706893951675379220480.000000,0.000000
2026-08-10,15:20:12,1.047336,0.535890,0.000000,43706893951675379220480.000000,0.000000
2026-08-10,15:20:12,1.024857,0.535890,0.000000,43706893951675379220480.000000,0.000000
2026-08-10,15:20:13,0.544881,0.532179,0.000000,43706893951675379220480.000000,0.000000
2026-08-10,15:20:14,0.544881,0.532179,0.000000,43706893951675379220480.000000,0.000000
2026-08-10,15:20:14,0.579707,0.538524,0.000000,43706893951675379220480.000000,0.000000
2026-08-10,15:20:15,0.581290,0.545870,0.000000,43706893951675379220480.000000,0.000000
2026-08-10,15:20:16,0.509104,0.541934,0.000000,43706893951675379220480.000000,0.000000
2026-08-10,15:20:16,0.509104,0.541934,0.000000,43706893951675379220480.000000,0.000000
2026-08-10,15:20:17,0.554695,0.548587,0.000000,43706893951675379220480.000000,0.000000
2026-08-10,15:20:18,0.576541,0.553522,0.000000,43706893951675379220480.000000,0.000000
2026-08-10,15:20:18,0.546864,0.556192,0.000000,43706893951675379220480.000000,0.000000
2026-08-10,15:20:19,0.546864,0.558243,0.000000,43706893951675379220480.000000,0.000000
2026-08-10,15:20:20,0.538164,0.558243,0.000000,43706893951675379220480.000000,0.000000
2026-08-10,15:20:20,0.563299,0.555842,0.000000,43706893951675379220480.000000,0.000000
2026-08-10,15:20:21,0.572000,0.556655,0.000000,43706893951675379220480.000000,0.000000
2026-08-10,15:20:22,0.572000,0.556080,0.000000,43706893951675379220480.000000,0.000000
2026-08-10,15:20:22,0.539130,0.556080,0.000000,43706893951675379220480.000000,0.000000
2026-08-10,15:20:23,1.081694,0.556080,0.000000,43706893951675379220480.000000,0.000000
2026-08-10,15:20:24,0.550687,0.553178,0.000000,43706893951675379220480.000000,0.000000
2026-08-10,15:20:24,0.522121,0.547261,0.000000,43706893951675379220480.000000,0.000000
2026-08-10,15:20:25,0.522121,0.547261,0.000000,43706893951675379220480.000000,0.000000
2026-08-10,15:20:26,0.513234,0.547674,0.000000,43706893951675379220480.000000,0.000000
2026-08-10,15:20:27,0.548465,0.547051,0.000000,43706893951675379220480.000000,0.000000
2026-08-10,15:20:27,0.584966,0.547893,0.000000,43706893951675379220480.000000,0.000000
2026-08-10,15:20:28,0.584966,0.545419,0.000000,43706893951675379220480.000000,0.000000
2026-08-10,15:20:29,0.522121,0.545419,0.000000,43706893951675379220480.000000,0.000000
2026-08-10,15:20:29,0.522438,0.543846,0.000000,43706893951675379220480.000000,0.000000
2026-08-10,15:20:30,0.507838,0.538300,0.000000,43706893951675379220480.000000,0.000000
2026-08-10,15:20:31,0.507838,0.531884,0.000000,43706893951675379220480.000000,0.000000
2026-08-10,15:20:31,0.507838,0.531884,0.000000,43706893951675379220480.000000,0.000000
2026-08-10,15:20:32,0.535134,0.531484,0.000000,43706893951675379220480.000000,0.000000
2026-08-10,15:20:33,0.539895,0.530405,0.000000,43706893951675379220480.000000,0.000000
2026-08-10,15:20:33,0.569413,0.535134,0.000000,43706893951675379220480.000000,0.000000
2026-08-10,15:20:34,0.569413,0.535134,0.000000,43706893951675379220480.000000,0.000000
2026-08-10,15:20:35,0.564652,0.540276,0.000000,43706893951675379220480.000000,0.000000
2026-08-10,15:20:35,0.575444,0.542974,0.000000,43706893951675379220480.000000,0.000000
2026-08-10,15:20:36,1.065190,0.542974,0.000000,43706893951675379220480.000000,0.000000
2026-08-10,15:20:37,1.065190,0.542974,0.000000,43706893951675379220480.000000,0.000000
2026-08-10,15:20:37,0.548465,0.539324,0.000000,43706893951675379220480.000000,0.000000
2026-08-10,15:20:38,0.588774,0.545989,0.000000,43706893951675379220480.000000,0.000000
2026-08-10,15:20:39,0.511012,0.544846,0.000000,43706893951675379220480.000000,0.000000
2026-08-10,15:20:39,0.511012,0.546529,0.000000,43706893951675379220480.000000,0.000000
2026-08-10,15:20:40,0.524660,0.546529,0.000000,43706893951675379220480.000000,0.000000
2026-08-10,15:20:41,0.573539,0.553099,0.000000,43706893951675379220480.000000,0.000000
2026-08-10,15:20:41,0.523708,0.551956,0.000000,43706893951675379220480.000000,0.000000
2026-08-10,15:20:42,0.523708,0.552813,0.000000,43706893951675379220480.000000,0.000000
2026-08-10,15:20:43,0.548465,0.552813,0.000000,43706893951675379220480.000000,0.000000
2026-08-10,15:20:43,0.579570,0.553829,0.000000,43706893951675379220480.000000,0.000000
2026-08-10,15:20:44,0.530690,0.550433,0.000000,43706893951675379220480.000000,0.000000
2026-08-10,15:20:45,0.526247,0.545513,0.000000,43706893951675379220480.000000,0.000000
2026-08-10,15:20:45,0.526247,0.545513,0.000000,43706893951675379220480.000000,0.000000
2026-08-10,15:20:46,0.565922,0.547259,0.000000,43706893951675379220480.000000,0.000000
2026-08-10,15:20:47,0.549100,0.543291,0.000000,43706893951675379220480.000000,0.000000
2026-08-10,15:20:47,0.581157,0.550306,0.000000,43706893951675379220480.000000,0.000000
2026-08-10,15:20:48,0.581157,0.550306,0.000000,43706893951675379220480.000000,0.000000
2026-08-10,15:20:49,1.092803,0.550306,0.000000,43706893951675379220480.000000,0.000000
2026-08-10,15:20:49,0.553543,0.553194,0.000000,43706893951675379220480.000000,0.000000
2026-08-10,15:20:50,1.066142,0.553194,0.000000,43706893951675379220480.000000,0.000000
2026-08-10,15:20:51,1.066142,0.550687,0.000000,43706893951675379220480.000000,0.000000
2026-08-10,15:20:51,0.548465,0.550687,0.000000,43706893951675379220480.000000,0.000000
2026-08-10,15:20:52,0.552274,0.553543,0.000000,43706893951675379220480.000000,0.000000
2026-08-10,15:20:53,0.509425,0.549639,0.000000,43706893951675379220480.000000,0.000000
2026-08-10,15:20:53,1.598419,0.549639,0.000000,43706893951675379220480.000000,0.000000
2026-08-10,15:20:54,1.598419,0.549639,0.000000,43706893951675379220480.000000,0.000000
2026-08-10,15:20:55,0.567826,0.548465,0.000000,43706893951675379220480.000000,0.000000
2026-08-10,15:20:55,0.548147,0.550210,0.000000,43706893951675379220480.000000,0.000000
2026-08-10,15:20:56,1.036624,0.550210,0.000000,43706893951675379220480.000000,0.000000
2026-08-10,15:20:57,1.036624,0.552400,0.000000,43706893951675379220480.000000,0.000000
2026-08-10,15:20:57,0.548147,0.552400,0.000000,43706893951675379220480.000000,0.000000
2026-08-10,15:20:58,0.544656,0.550274,0.000000,43706893951675379220480.000000,0.000000
2026-08-10,15:20:59,0.551956,0.550560,0.000000,43706893951675379220480.000000,0.000000
2026-08-10,15:20:59,0.586235,0.551067,0.000000,43706893951675379220480.000000,0.000000
2026-08-10,15:21:00,0.586235,0.551067,0.000000,43706893951675379220480.000000,0.000000
2026-08-10,15:21:01,0.553543,0.551067,0.000000,43706893951675379220480.000000,0.000000
2026-08-10,15:21:01,0.586502,0.554871,0.000000,43706893951675379220480.000000,0.000000
2026-08-10,15:21:02,0.555888,0.555232,0.000000,43706893951675379220480.000000,0.000000
2026-08-10,15:21:03,0.555888,0.555232,0.000000,43706893951675379220480.000000,0.000000
2026-08-10,15:21:03,0.562010,0.560491,0.000000,43706893951675379220480.000000,0.000000
2026-08-10,15:21:04,0.556854,0.559394,0.000000,43706893951675379220480.000000,0.000000
2026-08-10,15:21:05,0.549313,0.559510,0.000000,43706893951675379220480.000000,0.000000
2026-08-10,15:21:05,0.549313,0.561147,0.000000,43706893951675379220480.000000,0.000000
2026-08-10,15:21:06,0.564510,0.561147,0.000000,43706893951675379220480.000000,0.000000
2026-08-10,15:21:07,0.519552,0.558636,0.000000,43706893951675379220480.000000,0.000000
2026-08-10,15:21:07,0.574761,0.560917,0.000000,43706893951675379220480.000000,0.000000
2026-08-10,15:21:08,0.574761,0.557795,0.000000,43706893951675379220480.000000,0.000000
2026-08-10,15:21:09,0.555012,0.557795,0.000000,43706893951675379220480.000000,0.000000
2026-08-10,15:21:09,0.548680,0.557308,0.000000,43706893951675379220480.000000,0.000000
2026-08-10,15:21:10,0.526517,0.551310,0.000000,43706893951675379220480.000000,0.000000
2026-08-10,15:21:11,0.524934,0.548214,0.000000,43706893951675379220480.000000,0.000000
2026-08-10,15:21:11,0.524934,0.548214,0.000000,43706893951675379220480.000000,0.000000
2026-08-10,15:21:12,0.569576,0.548971,0.000000,43706893951675379220480.000000,0.000000
2026-08-10,15:21:13,0.531900,0.546476,0.000000,43706893951675379220480.000000,0.000000
2026-08-10,15:21:13,0.547097,0.546254,0.000000,43706893951675379220480.000000,0.000000
2026-08-10,15:21:14,0.547097,0.545761,0.000000,43706893951675379220480.000000,0.000000
2026-08-10,15:21:15,0.559576,0.545761,0.000000,43706893951675379220480.000000,0.000000
2026-08-10,15:21:15,1.073597,0.545761,0.000000,43706893951675379220480.000000,0.000000
2026-08-10,15:21:16,0.519191,0.545724,0.000000,43706893951675379220480.000000,0.000000
2026-08-10,15:21:17,0.519191,0.544077,0.000000,43706893951675379220480.000000,0.000000
2026-08-10,15:21:17,0.558284,0.544077,0.000000,43706893951675379220480.000000,0.000000
2026-08-10,15:21:18,0.558284,0.544404,0.000000,43706893951675379220480.000000,0.000000
2026-08-10,15:21:19,0.553429,0.544879,0.000000,43706893951675379220480.000000,0.000000
2026-08-10,15:21:19,0.550896,0.547317,0.000000,43706893951675379220480.000000,0.000000
2026-08-10,15:21:20,0.550896,0.547317,0.000000,43706893951675379220480.000000,0.000000
2026-08-10,15:21:21,0.546780,0.549501,0.000000,43706893951675379220480.000000,0.000000
2026-08-10,15:21:21,0.556077,0.548151,0.000000,43706893951675379220480.000000,0.000000
2026-08-10,15:21:22,0.541934,0.549155,0.000000,43706893951675379220480.000000,0.000000
2026-08-10,15:21:23,0.541934,0.549155,0.000000,43706893951675379220480.000000,0.000000
2026-08-10,15:21:23,0.558648,0.550310,0.000000,43706893951675379220480.000000,0.000000
2026-08-10,15:21:24,0.555434,0.549896,0.000000,43706893951675379220480.000000,0.000000
2026-08-10,15:21:25,0.541612,0.552138,0.000000,43706893951675379220480.000000,0.000000
2026-08-10,15:21:25,0.541612,0.549249,0.000000,43706893951675379220480.000000,0.000000
2026-08-10,15:21:26,0.529398,0.549249,0.000000,43706893951675379220480.000000,0.000000
2026-08-10,15:21:27,0.543541,0.547775,0.000000,43706893951675379220480.000000,0.000000
2026-08-10,15:21:27,0.541612,0.546593,0.000000,43706893951675379220480.000000,0.000000
2026-08-10,15:21:28,0.541612,0.543608,0.000000,43706893951675379220480.000000,0.000000
2026-08-10,15:21:29,0.521041,0.543608,0.000000,43706893951675379220480.000000,0.000000
2026-08-10,15:21:29,0.548684,0.543798,0.000000,43706893951675379220480.000000,0.000000
2026-08-10,15:21:30,0.483755,0.536566,0.000000,43706893951675379220480.000000,0.000000
2026-08-10,15:21:31,0.558648,0.538237,0.000000,43706893951675379220480.000000,0.000000
2026-08-10,15:21:31,0.558648,0.538237,0.000000,43706893951675379220480.000000,0.000000
2026-08-10,15:21:32,0.507862,0.533159,0.000000,43706893951675379220480.000000,0.000000
2026-08-10,15:21:33,0.575363,0.535152,0.000000,43706893951675379220480.000000,0.000000
2026-08-10,15:21:33,0.555434,0.536534,0.000000,43706893951675379220480.000000,0.000000
2026-08-10,15:21:34,0.555434,0.536534,0.000000,43706893951675379220480.000000,0.000000
2026-08-10,15:21:35,0.518286,0.535423,0.000000,43706893951675379220480.000000,0.000000
2026-08-10,15:21:35,0.539498,0.535018,0.000000,43706893951675379220480.000000,0.000000
2026-08-10,15:21:36,0.546780,0.535535,0.000000,43706893951675379220480.000000,0.000000
2026-08-10,15:21:37,0.546780,0.541655,0.000000,43706893951675379220480.000000,0.000000
2026-08-10,15:21:37,0.582240,0.541655,0.000000,43706893951675379220480.000000,0.000000
2026-08-10,15:21:38,0.567043,0.543491,0.000000,43706893951675379220480.000000,0.000000
2026-08-10,15:21:39,0.556854,0.550801,0.000000,43706893951675379220480.000000,0.000000
2026-08-10,15:21:39,0.556854,0.553071,0.000000,43706893951675379220480.000000,0.000000
2026-08-10,15:21:40,0.581346,0.553071,0.000000,43706893951675379220480.000000,0.000000
2026-08-10,15:21:41,1.071171,0.553071,0.000000,43706893951675379220480.000000,0.000000
2026-08-10,15:21:41,0.577031,0.559987,0.000000,43706893951675379220480.000000,0.000000
2026-08-10,15:21:42,0.588774,0.561329,0.000000,43706893951675379220480.000000,0.000000
2026-08-10,15:21:43,0.588774,0.561329,0.000000,43706893951675379220480.000000,0.000000
2026-08-10,15:21:43,0.525295,0.558315,0.000000,43706893951675379220480.000000,0.000000
2026-08-10,15:21:44,1.018215,0.558315,0.000000,43706893951675379220480.000000,0.000000
2026-08-10,15:21:45,0.548465,0.561333,0.000000,43706893951675379220480.000000,0.000000
2026-08-10,15:21:45,0.548465,0.562261,0.000000,43706893951675379220480.000000,0.000000
2026-08-10,15:21:46,0.548782,0.562261,0.000000,43706893951675379220480.000000,0.000000
2026-08-10,15:21:47,1.604450,0.562261,0.000000,43706893951675379220480.000000,0.000000
2026-08-10,15:21:47,0.582426,0.565826,0.000000,43706893951675379220480.000000,0.000000
2026-08-10,15:21:48,0.573857,0.564987,0.000000,43706893951675379220480.000000,0.000000
2026-08-10,15:21:49,0.573857,0.564987,0.000000,43706893951675379220480.000000,0.000000
2026-08-10,15:21:49,0.585283,0.566811,0.000000,43706893951675379220480.000000,0.000000
2026-08-10,15:21:50,0.578618,0.568988,0.000000,43706893951675379220480.000000,0.000000
2026-08-10,15:21:51,0.512916,0.562145,0.000000,43706893951675379220480.000000,0.000000
2026-08-10,15:21:52,0.512916,0.562145,0.000000,43706893951675379220480.000000,0.000000
2026-08-10,15:21:52,1.070903,0.562145,0.000000,43706893951675379220480.000000,0.000000
2026-08-10,15:21:53,0.548147,0.559256,0.000000,43706893951675379220480.000000,0.000000
2026-08-10,15:21:54,1.066659,0.559256,0.000000,43706893951675379220480.000000,0.000000
2026-08-10,15:21:54,1.066659,0.559738,0.000000,43706893951675379220480.000000,0.000000
2026-08-10,15:21:55,0.593591,0.559738,0.000000,43706893951675379220480.000000,0.000000
2026-08-10,15:21:56,0.515606,0.558769,0.000000,43706893951675379220480.000000,0.000000
2026-08-10,15:21:56,0.563299,0.560253,0.000000,43706893951675379220480.000000,0.000000
2026-08-10,15:21:57,0.493907,0.554765,0.000000,43706893951675379220480.000000,0.000000
2026-08-10,15:21:58,0.493907,0.554765,0.000000,43706893951675379220480.000000,0.000000
2026-08-10,15:21:58,0.516069,0.548129,0.000000,43706893951675379220480.000000,0.000000
2026-08-10,15:21:59,0.540514,0.544795,0.000000,43706893951675379220480.000000,0.000000
2026-08-10,15:22:00,0.544750,0.540742,0.000000,43706893951675379220480.000000,0.000000
2026-08-10,15:22:00,0.544750,0.537100,0.000000,43706893951675379220480.000000,0.000000
2026-08-10,15:22:01,0.542205,0.537100,0.000000,43706893951675379220480.000000,0.000000
2026-08-10,15:22:02,0.510703,0.536879,0.000000,43706893951675379220480.000000,0.000000
2026-08-10,15:22:02,0.549841,0.537049,0.000000,43706893951675379220480.000000,0.000000
2026-08-10,15:22:03,0.549841,0.536397,0.000000,43706893951675379220480.000000,0.000000
2026-08-10,15:22:04,0.587070,0.536397,0.000000,43706893951675379220480.000000,0.000000
2026-08-10,15:22:04,0.580070,0.542843,0.000000,43706893951675379220480.000000,0.000000
2026-08-10,15:22:05,0.557796,0.542293,0.000000,43706893951675379220480.000000,0.000000
2026-08-10,15:22:06,0.550478,0.547950,0.000000,43706893951675379220480.000000,0.000000
2026-08-10,15:22:06,0.550478,0.547950,0.000000,43706893951675379220480.000000,0.000000
2026-08-10,15:22:07,1.043362,0.547950,0.000000,43706893951675379220480.000000,0.000000
2026-08-10,15:22:08,0.554296,0.551772,0.000000,43706893951675379220480.000000,0.000000
2026-08-10,15:22:08,0.555251,0.553246,0.000000,43706893951675379220480.000000,0.000000
2026-08-10,15:22:09,0.555251,0.558573,0.000000,43706893951675379220480.000000,0.000000
2026-08-10,15:22:10,0.598022,0.558573,0.000000,43706893951675379220480.000000,0.000000
2026-08-10,15:22:10,0.569756,0.561328,0.000000,43706893951675379220480.000000,0.000000
2026-08-10,15:22:11,0.561575,0.566415,0.000000,43706893951675379220480.000000,0.000000
2026-08-10,15:22:12,1.054072,0.566415,0.000000,43706893951675379220480.000000,0.000000
2026-08-10,15:22:12,1.054072,0.566415,0.000000,43706893951675379220480.000000,0.000000
2026-08-10,15:22:13,0.553260,0.566757,0.000000,43706893951675379220480.000000,0.000000
2026-08-10,15:22:14,0.534072,0.561457,0.000000,43706893951675379220480.000000,0.000000
2026-08-10,15:22:14,0.560935,0.559544,0.000000,43706893951675379220480.000000,0.000000
2026-08-10,15:22:15,0.560935,0.557555,0.000000,43706893951675379220480.000000,0.000000
2026-08-10,15:22:16,0.537909,0.557555,0.000000,43706893951675379220480.000000,0.000000
2026-08-10,15:22:16,0.524158,0.554923,0.000000,43706893951675379220480.000000,0.000000
2026-08-10,15:22:17,0.563813,0.555875,0.000000,43706893951675379220480.000000,0.000000
2026-08-10,15:22:18,0.563813,0.556603,0.000000,43706893951675379220480.000000,0.000000
2026-08-10,15:22:18,0.562534,0.556603,0.000000,43706893951675379220480.000000,0.000000
2026-08-10,15:22:19,0.493137,0.546115,0.000000,43706893951675379220480.000000,0.000000
2026-08-10,15:22:20,0.559016,0.545041,0.000000,43706893951675379220480.000000,0.000000
2026-08-10,15:22:20,0.559016,0.542834,0.000000,43706893951675379220480.000000,0.000000
2026-08-10,15:22:21,0.539508,0.542834,0.000000,43706893951675379220480.000000,0.000000
2026-08-10,15:22:22,0.501452,0.537653,0.000000,43706893951675379220480.000000,0.000000
2026-08-10,15:22:22,0.553260,0.539572,0.000000,43706893951675379220480.000000,0.000000
2026-08-10,15:22:23,0.531833,0.536662,0.000000,43706893951675379220480.000000,0.000000
2026-08-10,15:22:24,0.531833,0.536662,0.000000,43706893951675379220480.000000,0.000000
2026-08-10,15:22:24,0.545904,0.537461,0.000000,43706893951675379220480.000000,0.000000
2026-08-10,15:22:25,0.511685,0.536214,0.000000,43706893951675379220480.000000,0.000000
2026-08-10,15:22:26,0.539188,0.533752,0.000000,43706893951675379220480.000000,0.000000
2026-08-10,15:22:26,0.539188,0.530969,0.000000,43706893951675379220480.000000,0.000000
2026-08-10,15:22:27,0.534711,0.530969,0.000000,43706893951675379220480.000000,0.000000
2026-08-10,15:22:28,0.588118,0.540468,0.000000,43706893951675379220480.000000,0.000000
2026-08-10,15:22:28,0.587159,0.543282,0.000000,43706893951675379220480.000000,0.000000
2026-08-10,15:22:29,0.587159,0.545489,0.000000,43706893951675379220480.000000,0.000000
2026-08-10,15:22:30,0.561575,0.545489,0.000000,43706893951675379220480.000000,0.000000
2026-08-10,15:22:30,0.574367,0.552780,0.000000,43706893951675379220480.000000,0.000000
2026-08-10,15:22:31,0.553899,0.552844,0.000000,43706893951675379220480.000000,0.000000
2026-08-10,15:22:32,1.063346,0.552844,0.000000,43706893951675379220480.000000,0.000000
2026-08-10,15:22:32,1.063346,0.552844,0.000000,43706893951675379220480.000000,0.000000
2026-08-10,15:22:33,0.511685,0.550829,0.000000,43706893951675379220480.000000,0.000000
2026-08-10,15:22:34,0.587479,0.554987,0.000000,43706893951675379220480.000000,0.000000
2026-08-10,15:22:34,0.552620,0.559080,0.000000,43706893951675379220480.000000,0.000000
2026-08-10,15:22:35,0.552620,0.559080,0.000000,43706893951675379220480.000000,0.000000
2026-08-10,15:22:36,0.508787,0.556040,0.000000,43706893951675379220480.000000,0.000000
2026-08-10,15:22:36,0.556908,0.558260,0.000000,43706893951675379220480.000000,0.000000
2026-08-10,15:22:37,0.588649,0.558313,0.000000,43706893951675379220480.000000,0.000000
2026-08-10,15:22:38,0.588649,0.558558,0.000000,43706893951675379220480.000000,0.000000
2026-08-10,15:22:38,0.589611,0.558558,0.000000,43706893951675379220480.000000,0.000000
2026-08-10,15:22:39,0.540557,0.556456,0.000000,43706893951675379220480.000000,0.000000
2026-08-10,15:22:40,0.553702,0.554390,0.000000,43706893951675379220480.000000,0.000000
2026-08-10,15:22:40,0.553702,0.556903,0.000000,43706893951675379220480.000000,0.000000
2026-08-10,15:22:41,0.579031,0.556903,0.000000,43706893951675379220480.000000,0.000000
2026-08-10,15:22:42,0.553702,0.561105,0.000000,43706893951675379220480.000000,0.000000
2026-08-10,15:22:42,1.103236,0.561105,0.000000,43706893951675379220480.000000,0.000000
2026-08-10,15:22:43,0.577748,0.560131,0.000000,43706893951675379220480.000000,0.000000
2026-08-10,15:22:44,0.577748,0.560131,0.000000,43706893951675379220480.000000,0.000000
2026-08-10,15:22:44,0.554343,0.560304,0.000000,43706893951675379220480.000000,0.000000
2026-08-10,15:22:45,0.564282,0.565853,0.000000,43706893951675379220480.000000,0.000000
2026-08-10,15:22:46,0.558191,0.565982,0.000000,43706893951675379220480.000000,0.000000
2026-08-10,15:22:46,0.558191,0.565982,0.000000,43706893951675379220480.000000,0.000000
2026-08-10,15:22:47,0.548252,0.561942,0.000000,43706893951675379220480.000000,0.000000
2026-08-10,15:22:48,0.554023,0.558383,0.000000,43706893951675379220480.000000,0.000000
2026-08-10,15:22:48,0.529335,0.557261,0.000000,43706893951675379220480.000000,0.000000
2026-08-10,15:22:49,0.529335,0.555209,0.000000,43706893951675379220480.000000,0.000000
2026-08-10,15:22:50,0.533183,0.555209,0.000000,43706893951675379220480.000000,0.000000
2026-08-10,15:22:50,0.564282,0.553734,0.000000,43706893951675379220480.000000,0.000000
2026-08-10,15:22:51,0.553702,0.553734,0.000000,43706893951675379220480.000000,0.000000
2026-08-10,15:22:52,0.553702,0.550624,0.000000,43706893951675379220480.000000,0.000000
2026-08-10,15:22:52,0.546649,0.550624,0.000000,43706893951675379220480.000000,0.000000
2026-08-10,15:22:53,0.594741,0.554664,0.000000,43706893951675379220480.000000,0.000000
2026-08-10,15:22:54,0.554023,0.553638,0.000000,43706893951675379220480.000000,0.000000
2026-08-10,15:22:54,0.561397,0.553959,0.000000,43706893951675379220480.000000,0.000000
2026-08-10,15:22:55,0.561397,0.553959,0.000000,43706893951675379220480.000000,0.000000
2026-08-10,15:22:56,0.555946,0.554728,0.000000,43706893951675379220480.000000,0.000000
2026-08-10,15:22:56,0.554023,0.554728,0.000000,43706893951675379220480.000000,0.000000
2026-08-10,15:22:57,0.554985,0.557293,0.000000,43706893951675379220480.000000,0.000000
2026-08-10,15:22:58,0.554985,0.563000,0.000000,43706893951675379220480.000000,0.000000
2026-08-10,15:22:58,0.590252,0.563000,0.000000,43706893951675379220480.000000,0.000000
2026-08-10,15:22:59,0.492465,0.555818,0.000000,43706893951675379220480.000000,0.000000
2026-08-10,15:23:00,0.554023,0.555850,0.000000,43706893951675379220480.000000,0.000000
2026-08-10,15:23:00,0.554023,0.552804,0.000000,43706893951675379220480.000000,0.000000
2026-08-10,15:23:01,0.516190,0.552804,0.000000,43706893951675379220480.000000,0.000000
2026-08-10,15:23:02,0.561717,0.549502,0.000000,43706893951675379220480.000000,0.000000
2026-08-10,15:23:02,0.554023,0.549502,0.000000,43706893951675379220480.000000,0.000000
2026-08-10,15:23:03,0.561397,0.549502,0.000000,43706893951675379220480.000000,0.000000
2026-08-10,15:23:04,0.561397,0.549502,0.000000,43706893951675379220480.000000,0.000000
2026-08-10,15:23:04,0.537671,0.547675,0.000000,43706893951675379220480.000000,0.000000
2026-08-10,15:23:05,0.535427,0.545815,0.000000,43706893951675379220480.000000,0.000000
2026-08-10,15:23:06,0.529335,0.543250,0.000000,43706893951675379220480.000000,0.000000
2026-08-10,15:23:06,0.529335,0.543250,0.000000,43706893951675379220480.000000,0.000000
2026-08-10,15:23:07,0.539274,0.538152,0.000000,43706893951675379220480.000000,0.000000
2026-08-10,15:23:08,1.103557,0.538152,0.000000,43706893951675379220480.000000,0.000000
2026-08-10,15:23:08,1.065083,0.538152,0.000000,43706893951675379220480.000000,0.000000
2026-08-10,15:23:09,1.065083,0.538152,0.000000,43706893951675379220480.000000,0.000000
2026-08-10,15:23:10,1.074701,0.538152,0.000000,43706893951675379220480.000000,0.000000
2026-08-10,15:23:10,0.579672,0.546873,0.000000,43706893951675379220480.000000,0.000000
2026-08-10,15:23:11,0.557549,0.547226,0.000000,43706893951675379220480.000000,0.000000
2026-08-10,15:23:12,0.532221,0.548829,0.000000,43706893951675379220480.000000,0.000000
2026-08-10,15:23:12,0.532221,0.548829,0.000000,43706893951675379220480.000000,0.000000
2026-08-10,15:23:13,1.054823,0.548829,0.000000,43706893951675379220480.000000,0.000000
2026-08-10,15:23:14,1.641228,0.548829,0.000000,43706893951675379220480.000000,0.000000
2026-08-10,15:23:14,1.572357,0.548829,0.000000,43706893951675379220480.000000,0.000000
2026-08-10,15:23:15,1.572357,0.551897,0.000000,43706893951675379220480.000000,0.000000
2026-08-10,15:23:16,0.592399,0.551897,0.000000,43706893951675379220480.000000,0.000000
2026-08-10,15:23:16,0.548041,0.551299,0.000000,43706893951675379220480.000000,0.000000
2026-08-10,15:23:17,0.538720,0.549031,0.000000,43706893951675379220480.000000,0.000000
2026-08-10,15:23:18,0.538720,0.554182,0.000000,43706893951675379220480.000000,0.000000
2026-08-10,15:23:18,0.589184,0.554182,0.000000,43706893951675379220480.000000,0.000000
2026-08-10,15:23:19,0.544881,0.555128,0.000000,43706893951675379220480.000000,0.000000
2026-08-10,15:23:20,0.531327,0.555327,0.000000,43706893951675379220480.000000,0.000000
2026-08-10,15:23:20,0.565720,0.557971,0.000000,43706893951675379220480.000000,0.000000
2026-08-10,15:23:21,0.565720,0.557971,0.000000,43706893951675379220480.000000,0.000000
2026-08-10,15:23:22,0.505312,0.550535,0.000000,43706893951675379220480.000000,0.000000
2026-08-10,15:23:22,0.549211,0.549702,0.000000,43706893951675379220480.000000,0.000000
2026-08-10,15:23:23,0.510681,0.547548,0.000000,43706893951675379220480.000000,0.000000
2026-08-10,15:23:24,0.510681,0.541997,0.000000,43706893951675379220480.000000,0.000000
2026-08-10,15:23:24,0.536894,0.541997,0.000000,43706893951675379220480.000000,0.000000
2026-08-10,15:23:25,0.547316,0.541925,0.000000,43706893951675379220480.000000,0.000000
2026-08-10,15:23:26,0.506260,0.538679,0.000000,43706893951675379220480.000000,0.000000
2026-08-10,15:23:26,0.506260,0.530544,0.000000,43706893951675379220480.000000,0.000000
2026-08-10,15:23:27,0.507839,0.530544,0.000000,43706893951675379220480.000000,0.000000
2026-08-10,15:23:28,0.571506,0.533207,0.000000,43706893951675379220480.000000,0.000000
2026-08-10,15:23:29,0.552541,0.535328,0.000000,43706893951675379220480.000000,0.000000
2026-08-10,15:23:29,0.515255,0.530282,0.000000,43706893951675379220480.000000,0.000000
2026-08-10,15:23:30,0.515255,0.530282,0.000000,43706893951675379220480.000000,0.000000
2026-08-10,15:23:31,0.536894,0.533440,0.000000,43706893951675379220480.000000,0.000000
2026-08-10,15:23:31,0.567845,0.535303,0.000000,43706893951675379220480.000000,0.000000
2026-08-10,15:23:32,0.541934,0.538428,0.000000,43706893951675379220480.000000,0.000000
2026-08-10,15:23:33,0.541934,0.538428,0.000000,43706893951675379220480.000000,0.000000
2026-08-10,15:23:33,0.578256,0.542565,0.000000,43706893951675379220480.000000,0.000000
2026-08-10,15:23:34,0.561220,0.543955,0.000000,43706893951675379220480.000000,0.000000
2026-08-10,15:23:35,0.595934,0.552922,0.000000,43706893951675379220480.000000,0.000000
2026-08-10,15:23:35,0.595934,0.560350,0.000000,43706893951675379220480.000000,0.000000
2026-08-10,15:23:36,0.582113,0.560350,0.000000,43706893951675379220480.000000,0.000000
2026-08-10,15:23:37,0.495326,0.552732,0.000000,43706893951675379220480.000000,0.000000
2026-08-10,15:23:37,0.527148,0.550192,0.000000,43706893951675379220480.000000,0.000000
2026-08-10,15:23:38,0.527148,0.554210,0.000000,43706893951675379220480.000000,0.000000
2026-08-10,15:23:39,0.555434,0.554210,0.000000,43706893951675379220480.000000,0.000000
2026-08-10,15:23:39,0.565398,0.557061,0.000000,43706893951675379220480.000000,0.000000
2026-08-10,15:23:40,0.509104,0.551187,0.000000,43706893951675379220480.000000,0.000000
2026-08-10,15:23:41,0.554062,0.552400,0.000000,43706893951675379220480.000000,0.000000
2026-08-10,15:23:41,0.554062,0.552400,0.000000,43706893951675379220480.000000,0.000000
2026-08-10,15:23:42,0.523351,0.546909,0.000000,43706893951675379220480.000000,0.000000
2026-08-10,15:23:43,0.587306,0.549518,0.000000,43706893951675379220480.000000,0.000000
2026-08-10,15:23:43,0.547097,0.544634,0.000000,43706893951675379220480.000000,0.000000
2026-08-10,15:23:44,0.547097,0.544634,0.000000,43706893951675379220480.000000,0.000000
2026-08-10,15:23:45,0.528417,0.539264,0.000000,43706893951675379220480.000000,0.000000
2026-08-10,15:23:45,0.548997,0.544631,0.000000,43706893951675379220480.000000,0.000000
2026-08-10,15:23:46,0.584773,0.550394,0.000000,43706893951675379220480.000000,0.000000
2026-08-10,15:23:47,0.584773,0.545571,0.000000,43706893951675379220480.000000,0.000000
2026-08-10,15:23:47,0.507204,0.545571,0.000000,43706893951675379220480.000000,0.000000
2026-08-10,15:23:48,1.014092,0.545571,0.000000,43706893951675379220480.000000,0.000000
2026-08-10,15:23:49,0.523984,0.541430,0.000000,43706893951675379220480.000000,0.000000
2026-08-10,15:23:49,0.523984,0.543171,0.000000,43706893951675379220480.000000,0.000000
2026-08-10,15:23:50,0.526517,0.543171,0.000000,43706893951675379220480.000000,0.000000
2026-08-10,15:23:51,0.596256,0.547390,0.000000,43706893951675379220480.000000,0.000000
2026-08-10,15:23:51,0.532612,0.548316,0.000000,43706893951675379220480.000000,0.000000
2026-08-10,15:23:52,0.566041,0.546190,0.000000,43706893951675379220480.000000,0.000000
2026-08-10,15:23:53,0.566041,0.546190,0.000000,43706893951675379220480.000000,0.000000
2026-08-10,15:23:53,0.591113,0.550592,0.000000,43706893951675379220480.000000,0.000000
2026-08-10,15:23:54,0.521362,0.549886,0.000000,43706893951675379220480.000000,0.000000
2026-08-10,15:23:55,0.521768,0.547163,0.000000,43706893951675379220480.000000,0.000000
2026-08-10,15:23:55,0.521768,0.542794,0.000000,43706893951675379220480.000000,0.000000
2026-08-10,15:23:56,0.541081,0.542794,0.000000,43706893951675379220480.000000,0.000000
2026-08-10,15:23:57,0.547097,0.546783,0.000000,43706893951675379220480.000000,0.000000
2026-08-10,15:23:57,0.548047,0.549190,0.000000,43706893951675379220480.000000,0.000000
2026-08-10,15:23:58,0.548047,0.555268,0.000000,43706893951675379220480.000000,0.000000
2026-08-10,15:23:59,0.587306,0.555268,0.000000,43706893951675379220480.000000,0.000000
2026-08-10,15:23:59,0.555434,0.551186,0.000000,43706893951675379220480.000000,0.000000
2026-08-10,15:24:00,1.050439,0.551186,0.000000,43706893951675379220480.000000,0.000000
2026-08-10,15:24:01,0.551529,0.553078,0.000000,43706893951675379220480.000000,0.000000
2026-08-10,15:24:01,0.551529,0.553078,0.000000,43706893951675379220480.000000,0.000000
2026-08-10,15:24:02,0.564756,0.552949,0.000000,43706893951675379220480.000000,0.000000
2026-08-10,15:24:03,0.590792,0.552917,0.000000,43706893951675379220480.000000,0.000000
2026-08-10,15:24:03,1.048189,0.552917,0.000000,43706893951675379220480.000000,0.000000
2026-08-10,15:24:04,1.048189,0.552917,0.000000,43706893951675379220480.000000,0.000000
2026-08-10,15:24:05,1.096082,0.552917,0.000000,43706893951675379220480.000000,0.000000
2026-08-10,15:24:05,0.581791,0.558960,0.000000,43706893951675379220480.000000,0.000000
2026-08-10,15:24:06,1.067153,0.558960,0.000000,43706893951675379220480.000000,0.000000
2026-08-10,15:24:07,0.594649,0.566248,0.000000,43706893951675379220480.000000,0.000000
2026-08-10,15:24:07,0.594649,0.566248,0.000000,43706893951675379220480.000000,0.000000
2026-08-10,15:24:08,0.567006,0.568841,0.000000,43706893951675379220480.000000,0.000000
2026-08-10,15:24:09,0.595613,0.573692,0.000000,43706893951675379220480.000000,0.000000
2026-08-10,15:24:09,0.555434,0.574431,0.000000,43706893951675379220480.000000,0.000000
2026-08-10,15:24:10,0.555434,0.571629,0.000000,43706893951675379220480.000000,0.000000
2026-08-10,15:24:11,0.559291,0.571629,0.000000,43706893951675379220480.000000,0.000000
2026-08-10,15:24:11,0.579863,0.574072,0.000000,43706893951675379220480.000000,0.000000
2026-08-10,15:24:12,0.563791,0.575299,0.000000,43706893951675379220480.000000,0.000000
2026-08-10,15:24:13,0.563791,0.575299,0.000000,43706893951675379220480.000000,0.000000
2026-08-10,15:24:13,1.086761,0.575299,0.000000,43706893951675379220480.000000,0.000000
2026-08-10,15:24:14,0.558970,0.574720,0.000000,43706893951675379220480.000000,0.000000
2026-08-10,15:24:15,0.547077,0.570349,0.000000,43706893951675379220480.000000,0.000000
2026-08-10,15:24:15,0.578256,0.569995,0.000000,43706893951675379220480.000000,0.000000
2026-08-10,15:24:16,0.578256,0.569995,0.000000,43706893951675379220480.000000,0.000000
2026-08-10,15:24:17,0.506576,0.561188,0.000000,43706893951675379220480.000000,0.000000
2026-08-10,15:24:17,0.527467,0.557234,0.000000,43706893951675379220480.000000,0.000000
2026-08-10,15:24:18,0.548680,0.552541,0.000000,43706893951675379220480.000000,0.000000
2026-08-10,15:24:19,0.548680,0.552541,0.000000,43706893951675379220480.000000,0.000000
2026-08-10,15:24:19,0.549313,0.551928,0.000000,43706893951675379220480.000000,0.000000
2026-08-10,15:24:20,0.532216,0.549221,0.000000,43706893951675379220480.000000,0.000000
2026-08-10,15:24:21,0.542348,0.545469,0.000000,43706893951675379220480.000000,0.000000
2026-08-10,15:24:21,0.542348,0.544307,0.000000,43706893951675379220480.000000,0.000000
2026-08-10,15:24:22,0.552163,0.544307,0.000000,43706893951675379220480.000000,0.000000
2026-08-10,15:24:23,0.559934,0.544403,0.000000,43706893951675379220480.000000,0.000000
2026-08-10,15:24:23,0.573113,0.547007,0.000000,43706893951675379220480.000000,0.000000
2026-08-10,15:24:24,0.563148,0.545496,0.000000,43706893951675379220480.000000,0.000000
2026-08-10,15:24:25,0.563148,0.545496,0.000000,43706893951675379220480.000000,0.000000
2026-08-10,15:24:25,0.559934,0.550832,0.000000,43706893951675379220480.000000,0.000000
2026-08-10,15:24:26,0.589184,0.557003,0.000000,43706893951675379220480.000000,0.000000
2026-08-10,15:24:27,0.525862,0.554722,0.000000,43706893951675379220480.000000,0.000000
2026-08-10,15:24:27,0.525862,0.554722,0.000000,43706893951675379220480.000000,0.000000
2026-08-10,15:24:28,0.587256,0.558516,0.000000,43706893951675379220480.000000,0.000000
2026-08-10,15:24:29,0.554265,0.560721,0.000000,43706893951675379220480.000000,0.000000
2026-08-10,15:24:29,0.564282,0.562914,0.000000,43706893951675379220480.000000,0.000000
2026-08-10,15:24:30,0.564282,0.563100,0.000000,43706893951675379220480.000000,0.000000
2026-08-10,15:24:31,0.554023,0.563100,0.000000,43706893951675379220480.000000,0.000000
2026-08-10,15:24:31,0.590893,0.566196,0.000000,43706893951675379220480.000000,0.000000
2026-08-10,15:24:32,0.571336,0.566018,0.000000,43706893951675379220480.000000,0.000000
2026-08-10,15:24:33,0.571336,0.563054,0.000000,43706893951675379220480.000000,0.000000
2026-08-10,15:24:33,0.533503,0.563054,0.000000,43706893951675379220480.000000,0.000000
2026-08-10,15:24:34,0.569092,0.563970,0.000000,43706893951675379220480.000000,0.000000
2026-08-10,15:24:35,0.574221,0.562473,0.000000,43706893951675379220480.000000,0.000000
2026-08-10,15:24:35,0.545045,0.564392,0.000000,43706893951675379220480.000000,0.000000
2026-08-10,15:24:36,0.545045,0.564392,0.000000,43706893951675379220480.000000,0.000000
2026-08-10,15:24:37,0.558191,0.561485,0.000000,43706893951675379220480.000000,0.000000
2026-08-10,15:24:37,0.543763,0.560435,0.000000,43706893951675379220480.000000,0.000000
2026-08-10,15:24:38,0.496953,0.553702,0.000000,43706893951675379220480.000000,0.000000
2026-08-10,15:24:39,0.496953,0.553702,0.000000,43706893951675379220480.000000,0.000000
2026-08-10,15:24:39,0.556908,0.553991,0.000000,43706893951675379220480.000000,0.000000
2026-08-10,15:24:40,0.561076,0.551009,0.000000,43706893951675379220480.000000,0.000000
2026-08-10,15:24:41,0.555946,0.549470,0.000000,43706893951675379220480.000000,0.000000
2026-08-10,15:24:42,0.555946,0.545494,0.000000,43706893951675379220480.000000,0.000000
2026-08-10,15:24:42,0.493747,0.545494,0.000000,43706893951675379220480.000000,0.000000
2026-08-10,15:24:43,0.541839,0.542769,0.000000,43706893951675379220480.000000,0.000000
2026-08-10,15:24:44,0.547290,0.540076,0.000000,43706893951675379220480.000000,0.000000
2026-08-10,15:24:44,0.547290,0.538120,0.000000,43706893951675379220480.000000,0.000000
2026-08-10,15:24:45,0.525488,0.538120,0.000000,43706893951675379220480.000000,0.000000
2026-08-10,15:24:46,0.546328,0.536934,0.000000,43706893951675379220480.000000,0.000000
2026-08-10,15:24:46,0.521641,0.534722,0.000000,43706893951675379220480.000000,0.000000
2026-08-10,15:24:47,0.563962,0.541423,0.000000,43706893951675379220480.000000,0.000000
2026-08-10,15:24:48,0.563962,0.541423,0.000000,43706893951675379220480.000000,0.000000
2026-08-10,15:24:48,0.536389,0.539371,0.000000,43706893951675379220480.000000,0.000000
2026-08-10,15:24:49,0.592496,0.542513,0.000000,43706893951675379220480.000000,0.000000
2026-08-10,15:24:50,0.570053,0.543923,0.000000,43706893951675379220480.000000,0.000000
2026-08-10,15:24:50,0.570053,0.550592,0.000000,43706893951675379220480.000000,0.000000
2026-08-10,15:24:51,0.560435,0.550592,0.000000,43706893951675379220480.000000,0.000000
2026-08-10,15:24:52,0.559473,0.552355,0.000000,43706893951675379220480.000000,0.000000
2026-08-10,15:24:52,0.530297,0.550656,0.000000,43706893951675379220480.000000,0.000000
2026-08-10,15:24:53,0.530297,0.557453,0.000000,43706893951675379220480.000000,0.000000
2026-08-10,15:24:54,0.593458,0.557453,0.000000,43706893951675379220480.000000,0.000000
2026-08-10,15:24:54,0.550372,0.557858,0.000000,43706893951675379220480.000000,0.000000
2026-08-10,15:24:55,0.550057,0.560699,0.000000,43706893951675379220480.000000,0.000000
2026-08-10,15:24:56,0.549742,0.559277,0.000000,43706893951675379220480.000000,0.000000
2026-08-10,15:24:56,0.549742,0.559277,0.000000,43706893951675379220480.000000,0.000000
2026-08-10,15:24:57,0.582237,0.563862,0.000000,43706893951675379220480.000000,0.000000
2026-08-10,15:24:58,0.553702,0.559983,0.000000,43706893951675379220480.000000,0.000000
2026-08-10,15:24:58,0.539916,0.556969,0.000000,43706893951675379220480.000000,0.000000
2026-08-10,15:24:59,0.539916,0.557426,0.000000,43706893951675379220480.000000,0.000000
2026-08-10,15:25:00,0.565002,0.557426,0.000000,43706893951675379220480.000000,0.000000
2026-08-10,15:25:00,0.556475,0.557126,0.000000,43706893951675379220480.000000,0.000000
2026-08-10,15:25:01,0.568291,0.560925,0.000000,43706893951675379220480.000000,0.000000
2026-08-10,15:25:02,0.568291,0.560925,0.000000,43706893951675379220480.000000,0.000000
2026-08-10,15:25:02,1.085153,0.560925,0.000000,43706893951675379220480.000000,0.000000
2026-08-10,15:25:03,0.545422,0.556122,0.000000,43706893951675379220480.000000,0.000000
2026-08-10,15:25:04,1.055787,0.556122,0.000000,43706893951675379220480.000000,0.000000
2026-08-10,15:25:04,0.565634,0.557648,0.000000,43706893951675379220480.000000,0.000000
2026-08-10,15:25:05,0.565634,0.557648,0.000000,43706893951675379220480.000000,0.000000
2026-08-10,15:25:06,0.555626,0.558205,0.000000,43706893951675379220480.000000,0.000000
2026-08-10,15:25:06,0.556267,0.558857,0.000000,43706893951675379220480.000000,0.000000
2026-08-10,15:25:07,0.494068,0.550040,0.000000,43706893951675379220480.000000,0.000000
2026-08-10,15:25:08,0.494068,0.550040,0.000000,43706893951675379220480.000000,0.000000
2026-08-10,15:25:08,0.543122,0.548982,0.000000,43706893951675379220480.000000,0.000000
2026-08-10,15:25:09,0.551458,0.550136,0.000000,43706893951675379220480.000000,0.000000
2026-08-10,15:25:10,0.518114,0.545448,0.000000,43706893951675379220480.000000,0.000000
2026-08-10,15:25:10,0.518114,0.541836,0.000000,43706893951675379220480.000000,0.000000
2026-08-10,15:25:11,0.520358,0.541836,0.000000,43706893951675379220480.000000,0.000000
2026-08-10,15:25:12,0.539901,0.538997,0.000000,43706893951675379220480.000000,0.000000
2026-08-10,15:25:12,0.543044,0.538759,0.000000,43706893951675379220480.000000,0.000000
2026-08-10,15:25:13,0.543044,0.537964,0.000000,43706893951675379220480.000000,0.000000
2026-08-10,15:25:14,0.557684,0.537964,0.000000,43706893951675379220480.000000,0.000000
2026-08-10,15:25:14,0.558648,0.538266,0.000000,43706893951675379220480.000000,0.000000
2026-08-10,15:25:15,0.585649,0.541204,0.000000,43706893951675379220480.000000,0.000000
2026-08-10,15:25:16,0.562658,0.548064,0.000000,43706893951675379220480.000000,0.000000
2026-08-10,15:25:16,0.562658,0.548064,0.000000,43706893951675379220480.000000,0.000000
2026-08-10,15:25:17,0.598191,0.553570,0.000000,43706893951675379220480.000000,0.000000
2026-08-10,15:25:18,0.538386,0.552263,0.000000,43706893951675379220480.000000,0.000000
2026-08-10,15:25:18,0.520885,0.552540,0.000000,43706893951675379220480.000000,0.000000
2026-08-10,15:25:19,0.520885,0.554439,0.000000,43706893951675379220480.000000,0.000000
2026-08-10,15:25:20,0.539341,0.554439,0.000000,43706893951675379220480.000000,0.000000
2026-08-10,15:25:20,0.521522,0.552601,0.000000,43706893951675379220480.000000,0.000000
2026-08-10,15:25:21,0.584453,0.556742,0.000000,43706893951675379220480.000000,0.000000
2026-08-10,15:25:22,0.584453,0.557119,0.000000,43706893951675379220480.000000,0.000000
2026-08-10,15:25:22,0.561459,0.557119,0.000000,43706893951675379220480.000000,0.000000
2026-08-10,15:25:23,0.546649,0.555919,0.000000,43706893951675379220480.000000,0.000000
2026-08-10,15:25:24,0.512984,0.548653,0.000000,43706893951675379220480.000000,0.000000
2026-08-10,15:25:24,0.571657,0.549553,0.000000,43706893951675379220480.000000,0.000000
2026-08-10,15:25:25,0.571657,0.549553,0.000000,43706893951675379220480.000000,0.000000
2026-08-10,15:25:26,0.546007,0.544334,0.000000,43706893951675379220480.000000,0.000000
2026-08-10,15:25:26,0.580634,0.548559,0.000000,43706893951675379220480.000000,0.000000
2026-08-10,15:25:27,1.067327,0.548559,0.000000,43706893951675379220480.000000,0.000000
2026-08-10,15:25:28,1.067327,0.548559,0.000000,43706893951675379220480.000000,0.000000
2026-08-10,15:25:28,0.573260,0.553796,0.000000,43706893951675379220480.000000,0.000000
2026-08-10,15:25:29,1.087205,0.553796,0.000000,43706893951675379220480.000000,0.000000
2026-08-10,15:25:30,0.559794,0.555842,0.000000,43706893951675379220480.000000,0.000000
2026-08-10,15:25:30,0.559794,0.560831,0.000000,43706893951675379220480.000000,0.000000
2026-08-10,15:25:31,0.571417,0.560831,0.000000,43706893951675379220480.000000,0.000000
2026-08-10,15:25:32,0.580534,0.560439,0.000000,43706893951675379220480.000000,0.000000
2026-08-10,15:25:32,0.568161,0.561109,0.000000,43706893951675379220480.000000,0.000000
2026-08-10,15:25:33,0.523984,0.558843,0.000000,43706893951675379220480.000000,0.000000
2026-08-10,15:25:34,0.523984,0.558843,0.000000,43706893951675379220480.000000,0.000000
2026-08-10,15:25:34,0.531583,0.560703,0.000000,43706893951675379220480.000000,0.000000
2026-08-10,15:25:35,0.553112,0.558849,0.000000,43706893951675379220480.000000,0.000000
2026-08-10,15:25:36,0.587306,0.562978,0.000000,43706893951675379220480.000000,0.000000
2026-08-10,15:25:36,0.587306,0.559435,0.000000,43706893951675379220480.000000,0.000000
2026-08-10,15:25:37,0.545197,0.559435,0.000000,43706893951675379220480.000000,0.000000
2026-08-10,15:25:38,0.560394,0.558148,0.000000,43706893951675379220480.000000,0.000000
2026-08-10,15:25:38,0.549946,0.557164,0.000000,43706893951675379220480.000000,0.000000
2026-08-10,15:25:39,0.549946,0.555016,0.000000,43706893951675379220480.000000,0.000000
2026-08-10,15:25:40,0.549946,0.555016,0.000000,43706893951675379220480.000000,0.000000
2026-08-10,15:25:40,0.575730,0.554536,0.000000,43706893951675379220480.000000,0.000000
2026-08-10,15:25:41,0.590592,0.556779,0.000000,43706893951675379220480.000000,0.000000
2026-08-10,15:25:42,0.559576,0.560338,0.000000,43706893951675379220480.000000,0.000000
2026-08-10,15:25:42,0.559576,0.560338,0.000000,43706893951675379220480.000000,0.000000
2026-08-10,15:25:43,0.525329,0.559713,0.000000,43706893951675379220480.000000,0.000000
2026-08-10,15:25:44,0.577668,0.562168,0.000000,43706893951675379220480.000000,0.000000
2026-08-10,15:25:44,0.583379,0.561776,0.000000,43706893951675379220480.000000,0.000000
2026-08-10,15:25:45,0.583379,0.559024,0.000000,43706893951675379220480.000000,0.000000
2026-08-10,15:25:46,0.517677,0.559024,0.000000,43706893951675379220480.000000,0.000000
2026-08-10,15:25:46,0.551956,0.558180,0.000000,43706893951675379220480.000000,0.000000
2026-08-10,15:25:47,0.548465,0.558032,0.000000,43706893951675379220480.000000,0.000000
2026-08-10,15:25:48,0.548465,0.558074,0.000000,43706893951675379220480.000000,0.000000
2026-08-10,15:25:48,0.550369,0.558074,0.000000,43706893951675379220480.000000,0.000000
2026-08-10,15:25:49,0.544973,0.554998,0.000000,43706893951675379220480.000000,0.000000
2026-08-10,15:25:50,0.558304,0.551770,0.000000,43706893951675379220480.000000,0.000000
2026-08-10,15:25:50,0.537991,0.549611,0.000000,43706893951675379220480.000000,0.000000
2026-08-10,15:25:51,0.537991,0.549611,0.000000,43706893951675379220480.000000,0.000000
2026-08-10,15:25:52,0.588774,0.555956,0.000000,43706893951675379220480.000000,0.000000
2026-08-10,15:25:52,0.548465,0.553035,0.000000,43706893951675379220480.000000,0.000000
2026-08-10,15:25:53,0.584648,0.553162,0.000000,43706893951675379220480.000000,0.000000
2026-08-10,15:25:54,0.584648,0.557035,0.000000,43706893951675379220480.000000,0.000000
2026-08-10,15:25:54,0.556400,0.557035,0.000000,43706893951675379220480.000000,0.000000
2026-08-10,15:25:55,0.583379,0.560177,0.000000,43706893951675379220480.000000,0.000000
2026-08-10,15:25:56,0.566239,0.561954,0.000000,43706893951675379220480.000000,0.000000
2026-08-10,15:25:57,0.566239,0.558399,0.000000,43706893951675379220480.000000,0.000000
2026-08-10,15:25:57,0.514821,0.558399,0.000000,43706893951675379220480.000000,0.000000
2026-08-10,15:25:58,0.564335,0.560336,0.000000,43706893951675379220480.000000,0.000000
2026-08-10,15:25:59,0.527834,0.557288,0.000000,43706893951675379220480.000000,0.000000
2026-08-10,15:25:59,0.527834,0.558304,0.000000,43706893951675379220480.000000,0.000000
2026-08-10,15:26:00,0.548147,0.558304,0.000000,43706893951675379220480.000000,0.000000
2026-08-10,15:26:01,0.548465,0.554273,0.000000,43706893951675379220480.000000,0.000000
2026-08-10,15:26:01,0.582813,0.557708,0.000000,43706893951675379220480.000000,0.000000
2026-08-10,15:26:02,0.577703,0.557013,0.000000,43706893951675379220480.000000,0.000000
2026-08-10,15:26:03,0.577703,0.557013,0.000000,43706893951675379220480.000000,0.000000
2026-08-10,15:26:03,0.563029,0.557676,0.000000,43706893951675379220480.000000,0.000000
2026-08-10,15:26:04,0.586316,0.557970,0.000000,43706893951675379220480.000000,0.000000
2026-08-10,15:26:05,0.551226,0.556469,0.000000,43706893951675379220480.000000,0.000000
2026-08-10,15:26:05,0.551226,0.562311,0.000000,43706893951675379220480.000000,0.000000
2026-08-10,15:26:06,0.573237,0.562311,0.000000,43706893951675379220480.000000,0.000000
2026-08-10,15:26:07,0.552821,0.561159,0.000000,43706893951675379220480.000000,0.000000
2026-08-10,15:26:07,0.562391,0.564615,0.000000,43706893951675379220480.000000,0.000000
2026-08-10,15:26:08,0.562391,0.561191,0.000000,43706893951675379220480.000000,0.000000
2026-08-10,15:26:09,0.513904,0.561191,0.000000,43706893951675379220480.000000,0.000000
2026-08-10,15:26:09,0.529854,0.559329,0.000000,43706893951675379220480.000000,0.000000
2026-08-10,15:26:10,0.582488,0.559297,0.000000,43706893951675379220480.000000,0.000000
2026-08-10,15:26:11,0.520284,0.553555,0.000000,43706893951675379220480.000000,0.000000
2026-08-10,15:26:11,0.520284,0.553555,0.000000,43706893951675379220480.000000,0.000000
2026-08-10,15:26:12,0.551226,0.552375,0.000000,43706893951675379220480.000000,0.000000
2026-08-10,15:26:13,0.553778,0.549121,0.000000,43706893951675379220480.000000,0.000000
2026-08-10,15:26:13,0.568840,0.550882,0.000000,43706893951675379220480.000000,0.000000
2026-08-10,15:26:14,0.568840,0.550882,0.000000,43706893951675379220480.000000,0.000000
2026-08-10,15:26:15,0.546760,0.548235,0.000000,43706893951675379220480.000000,0.000000
2026-08-10,15:26:15,0.516456,0.544598,0.000000,43706893951675379220480.000000,0.000000
2026-08-10,15:26:16,0.566219,0.544981,0.000000,43706893951675379220480.000000,0.000000
2026-08-10,15:26:17,0.566219,0.548426,0.000000,43706893951675379220480.000000,0.000000
2026-08-10,15:26:17,0.548355,0.548426,0.000000,43706893951675379220480.000000,0.000000
2026-08-10,15:26:18,0.554097,0.550851,0.000000,43706893951675379220480.000000,0.000000
2026-08-10,15:26:19,0.584083,0.551010,0.000000,43706893951675379220480.000000,0.000000
2026-08-10,15:26:19,0.584083,0.554200,0.000000,43706893951675379220480.000000,0.000000
2026-08-10,15:26:20,0.552183,0.554200,0.000000,43706893951675379220480.000000,0.000000
2026-08-10,15:26:21,0.582169,0.557294,0.000000,43706893951675379220480.000000,0.000000
2026-08-10,15:26:21,0.551864,0.557103,0.000000,43706893951675379220480.000000,0.000000
2026-08-10,15:26:22,0.566857,0.556904,0.000000,43706893951675379220480.000000,0.000000
2026-08-10,15:26:23,0.566857,0.556904,0.000000,43706893951675379220480.000000,0.000000
2026-08-10,15:26:23,0.570685,0.559297,0.000000,43706893951675379220480.000000,0.000000
2026-08-10,15:26:24,0.564305,0.564082,0.000000,43706893951675379220480.000000,0.000000
2026-08-10,15:26:25,0.511671,0.558627,0.000000,43706893951675379220480.000000,0.000000
2026-08-10,15:26:25,0.511671,0.558627,0.000000,43706893951675379220480.000000,0.000000
2026-08-10,15:26:26,0.559201,0.559712,0.000000,43706893951675379220480.000000,0.000000
2026-08-10,15:26:27,0.572918,0.561594,0.000000,43706893951675379220480.000000,0.000000
2026-08-10,15:26:27,0.550588,0.558244,0.000000,43706893951675379220480.000000,0.000000
2026-08-10,15:26:28,0.550588,0.562200,0.000000,43706893951675379220480.000000,0.000000
2026-08-10,15:26:29,0.591739,0.562200,0.000000,43706893951675379220480.000000,0.000000
2026-08-10,15:26:29,0.538466,0.557829,0.000000,43706893951675379220480.000000,0.000000
2026-08-10,15:26:30,0.551226,0.557766,0.000000,43706893951675379220480.000000,0.000000
2026-08-10,15:26:31,0.551226,0.557223,0.000000,43706893951675379220480.000000,0.000000
2026-08-10,15:26:31,0.561434,0.557223,0.000000,43706893951675379220480.000000,0.000000
2026-08-10,15:26:32,0.543889,0.554544,0.000000,43706893951675379220480.000000,0.000000
2026-08-10,15:26:33,0.574513,0.555565,0.000000,43706893951675379220480.000000,0.000000
2026-08-10,15:26:33,0.543251,0.558723,0.000000,43706893951675379220480.000000,0.000000
2026-08-10,15:26:34,0.543251,0.558723,0.000000,43706893951675379220480.000000,0.000000
2026-08-10,15:26:35,0.569090,0.559712,0.000000,43706893951675379220480.000000,0.000000
2026-08-10,15:26:35,0.574832,0.559903,0.000000,43706893951675379220480.000000,0.000000
2026-08-10,15:26:36,0.546441,0.559488,0.000000,43706893951675379220480.000000,0.000000
2026-08-10,15:26:37,0.546441,0.559488,0.000000,43706893951675379220480.000000,0.000000
2026-08-10,15:26:37,0.571004,0.557415,0.000000,43706893951675379220480.000000,0.000000
2026-08-10,15:26:38,0.574622,0.561030,0.000000,43706893951675379220480.000000,0.000000
2026-08-10,15:26:39,0.554215,0.561329,0.000000,43706893951675379220480.000000,0.000000
2026-08-10,15:26:39,0.554215,0.559470,0.000000,43706893951675379220480.000000,0.000000
2026-08-10,15:26:40,0.542841,0.559470,0.000000,43706893951675379220480.000000,0.000000
2026-08-10,15:26:41,0.531068,0.558188,0.000000,43706893951675379220480.000000,0.000000
2026-08-10,15:26:41,0.559705,0.556707,0.000000,43706893951675379220480.000000,0.000000
2026-08-10,15:26:42,0.543796,0.556761,0.000000,43706893951675379220480.000000,0.000000
2026-08-10,15:26:43,0.543796,0.556761,0.000000,43706893951675379220480.000000,0.000000
2026-08-10,15:26:43,0.590252,0.558878,0.000000,43706893951675379220480.000000,0.000000
2026-08-10,15:26:44,0.581024,0.559497,0.000000,43706893951675379220480.000000,0.000000
2026-08-10,15:26:45,1.038589,0.559497,0.000000,43706893951675379220480.000000,0.000000
2026-08-10,15:26:45,1.038589,0.559497,0.000000,43706893951675379220480.000000,0.000000
2026-08-10,15:26:46,0.585161,0.563369,0.000000,43706893951675379220480.000000,0.000000
2026-08-10,15:26:47,0.556257,0.561894,0.000000,43706893951675379220480.000000,0.000000
2026-08-10,15:26:47,0.525612,0.556993,0.000000,43706893951675379220480.000000,0.000000
2026-08-10,15:26:48,0.525612,0.560100,0.000000,43706893951675379220480.000000,0.000000
2026-08-10,15:26:49,0.585283,0.560100,0.000000,43706893951675379220480.000000,0.000000
2026-08-10,15:26:49,0.588457,0.564662,0.000000,43706893951675379220480.000000,0.000000
2026-08-10,15:26:50,0.551321,0.566687,0.000000,43706893951675379220480.000000,0.000000
2026-08-10,15:26:51,0.551321,0.569594,0.000000,43706893951675379220480.000000,0.000000
2026-08-10,15:26:51,0.588774,0.569594,0.000000,43706893951675379220480.000000,0.000000
2026-08-10,15:26:52,0.580839,0.573298,0.000000,43706893951675379220480.000000,0.000000
2026-08-10,15:26:53,0.566874,0.570960,0.000000,43706893951675379220480.000000,0.000000
2026-08-10,15:26:53,0.571635,0.570022,0.000000,43706893951675379220480.000000,0.000000
2026-08-10,15:26:54,0.571635,0.570022,0.000000,43706893951675379220480.000000,0.000000
2026-08-10,15:26:55,0.514503,0.562956,0.000000,43706893951675379220480.000000,0.000000
2026-08-10,15:26:55,0.554495,0.562780,0.000000,43706893951675379220480.000000,0.000000
2026-08-10,15:26:56,0.575761,0.567794,0.000000,43706893951675379220480.000000,0.000000
2026-08-10,15:26:57,0.575761,0.567826,0.000000,43706893951675379220480.000000,0.000000
2026-08-10,15:26:57,0.585600,0.567826,0.000000,43706893951675379220480.000000,0.000000
2026-08-10,15:26:58,0.548465,0.563827,0.000000,43706893951675379220480.000000,0.000000
2026-08-10,15:26:59,0.548147,0.563510,0.000000,43706893951675379220480.000000,0.000000
2026-08-10,15:26:59,0.548147,0.558780,0.000000,43706893951675379220480.000000,0.000000
2026-08-10,15:27:00,0.541482,0.558780,0.000000,43706893951675379220480.000000,0.000000
2026-08-10,15:27:01,0.548465,0.555543,0.000000,43706893951675379220480.000000,0.000000
2026-08-10,15:27:01,0.522756,0.551131,0.000000,43706893951675379220480.000000,0.000000
2026-08-10,15:27:02,0.539895,0.547957,0.000000,43706893951675379220480.000000,0.000000
2026-08-10,15:27:03,0.539895,0.547957,0.000000,43706893951675379220480.000000,0.000000
2026-08-10,15:27:03,0.573539,0.553861,0.000000,43706893951675379220480.000000,0.000000
2026-08-10,15:27:04,0.516090,0.550020,0.000000,43706893951675379220480.000000,0.000000
2026-08-10,15:27:05,0.507838,0.543228,0.000000,43706893951675379220480.000000,0.000000
2026-08-10,15:27:05,0.507838,0.543228,0.000000,43706893951675379220480.000000,0.000000
2026-08-10,15:27:06,0.548147,0.539482,0.000000,43706893951675379220480.000000,0.000000
2026-08-10,15:27:07,0.579252,0.542561,0.000000,43706893951675379220480.000000,0.000000
2026-08-10,15:27:07,0.534499,0.541196,0.000000,43706893951675379220480.000000,0.000000
2026-08-10,15:27:08,0.534499,0.543640,0.000000,43706893951675379220480.000000,0.000000
2026-08-10,15:27:09,0.565922,0.543640,0.000000,43706893951675379220480.000000,0.000000
2026-08-10,15:27:09,0.549734,0.543767,0.000000,43706893951675379220480.000000,0.000000
2026-08-10,15:27:10,0.568461,0.548338,0.000000,43706893951675379220480.000000,0.000000
2026-08-10,15:27:11,0.568461,0.549449,0.000000,43706893951675379220480.000000,0.000000
2026-08-10,15:27:11,0.551004,0.549449,0.000000,43706893951675379220480.000000,0.000000
2026-08-10,15:27:12,0.513234,0.543418,0.000000,43706893951675379220480.000000,0.000000
2026-08-10,15:27:13,0.503077,0.542117,0.000000,43706893951675379220480.000000,0.000000
2026-08-10,15:27:13,0.554813,0.546814,0.000000,43706893951675379220480.000000,0.000000
2026-08-10,15:27:14,0.554813,0.546814,0.000000,43706893951675379220480.000000,0.000000
2026-08-10,15:27:15,0.548465,0.546846,0.000000,43706893951675379220480.000000,0.000000
2026-08-10,15:27:15,0.526564,0.541577,0.000000,43706893951675379220480.000000,0.000000
2026-08-10,15:27:16,0.572905,0.545418,0.000000,43706893951675379220480.000000,0.000000
2026-08-10,15:27:17,0.572905,0.544370,0.000000,43706893951675379220480.000000,0.000000
2026-08-10,15:27:17,0.555448,0.544370,0.000000,43706893951675379220480.000000,0.000000
2026-08-10,15:27:18,0.551321,0.544529,0.000000,43706893951675379220480.000000,0.000000
2026-08-10,15:27:19,0.553543,0.543037,0.000000,43706893951675379220480.000000,0.000000
2026-08-10,15:27:19,0.553543,0.540752,0.000000,43706893951675379220480.000000,0.000000
2026-08-10,15:27:20,0.528151,0.540752,0.000000,43706893951675379220480.000000,0.000000
2026-08-10,15:27:21,0.516407,0.541069,0.000000,43706893951675379220480.000000,0.000000
2026-08-10,15:27:22,0.530373,0.543799,0.000000,43706893951675379220480.000000,0.000000
2026-08-10,15:27:22,0.537356,0.542053,0.000000,43706893951675379220480.000000,0.000000
2026-08-10,15:27:23,0.537356,0.542053,0.000000,43706893951675379220480.000000,0.000000
2026-08-10,15:27:24,0.588774,0.546084,0.000000,43706893951675379220480.000000,0.000000
2026-08-10,15:27:24,0.558304,0.549258,0.000000,43706893951675379220480.000000,0.000000
2026-08-10,15:27:25,0.581792,0.550147,0.000000,43706893951675379220480.000000,0.000000
2026-08-10,15:27:26,0.581792,0.550147,0.000000,43706893951675379220480.000000,0.000000
2026-08-10,15:27:26,0.557177,0.550320,0.000000,43706893951675379220480.000000,0.000000
2026-08-10,15:27:27,0.524307,0.547618,0.000000,43706893951675379220480.000000,0.000000
2026-08-10,15:27:28,0.494507,0.541715,0.000000,43706893951675379220480.000000,0.000000
2026-08-10,15:27:28,0.494507,0.543746,0.000000,43706893951675379220480.000000,0.000000
2026-08-10,15:27:29,0.548465,0.543746,0.000000,43706893951675379220480.000000,0.000000
2026-08-10,15:27:30,0.532277,0.545333,0.000000,43706893951675379220480.000000,0.000000
2026-08-10,15:27:30,0.530690,0.545365,0.000000,43706893951675379220480.000000,0.000000
2026-08-10,15:27:31,0.530690,0.545809,0.000000,43706893951675379220480.000000,0.000000
2026-08-10,15:27:32,0.541799,0.545809,0.000000,43706893951675379220480.000000,0.000000
2026-08-10,15:27:32,0.548465,0.541778,0.000000,43706893951675379220480.000000,0.000000
2026-08-10,15:27:33,0.562113,0.542159,0.000000,43706893951675379220480.000000,0.000000
2026-08-10,15:27:34,0.560209,0.540001,0.000000,43706893951675379220480.000000,0.000000
2026-08-10,15:27:34,0.560209,0.540001,0.000000,43706893951675379220480.000000,0.000000
2026-08-10,15:27:35,0.552591,0.539542,0.000000,43706893951675379220480.000000,0.000000
2026-08-10,15:27:36,0.549417,0.542053,0.000000,43706893951675379220480.000000,0.000000
2026-08-10,15:27:36,0.549734,0.547576,0.000000,43706893951675379220480.000000,0.000000
2026-08-10,15:27:37,0.549734,0.547576,0.000000,43706893951675379220480.000000,0.000000
2026-08-10,15:27:38,0.548465,0.547576,0.000000,43706893951675379220480.000000,0.000000
2026-08-10,15:27:38,0.587822,0.553131,0.000000,43706893951675379220480.000000,0.000000
2026-08-10,15:27:39,0.582109,0.558272,0.000000,43706893951675379220480.000000,0.000000
2026-08-10,15:27:40,0.582109,0.560526,0.000000,43706893951675379220480.000000,0.000000
2026-08-10,15:27:40,0.564335,0.560526,0.000000,43706893951675379220480.000000,0.000000
2026-08-10,15:27:41,0.548147,0.560494,0.000000,43706893951675379220480.000000,0.000000
2026-08-10,15:27:42,0.554813,0.559764,0.000000,43706893951675379220480.000000,0.000000
2026-08-10,15:27:42,0.554813,0.557891,0.000000,43706893951675379220480.000000,0.000000
2026-08-10,15:27:43,0.541482,0.557891,0.000000,43706893951675379220480.000000,0.000000
2026-08-10,15:27:44,0.555130,0.558145,0.000000,43706893951675379220480.000000,0.000000
2026-08-10,15:27:44,0.572270,0.560431,0.000000,43706893951675379220480.000000,0.000000
2026-08-10,15:27:45,0.561169,0.561574,0.000000,43706893951675379220480.000000,0.000000
2026-08-10,15:27:46,0.561169,0.561574,0.000000,43706893951675379220480.000000,0.000000
2026-08-10,15:27:46,0.549631,0.561691,0.000000,43706893951675379220480.000000,0.000000
2026-08-10,15:27:47,1.061621,0.561691,0.000000,43706893951675379220480.000000,0.000000
2026-08-10,15:27:48,0.584876,0.561396,0.000000,43706893951675379220480.000000,0.000000
2026-08-10,15:27:48,0.584876,0.561396,0.000000,43706893951675379220480.000000,0.000000
2026-08-10,15:27:49,1.071353,0.561396,0.000000,43706893951675379220480.000000,0.000000
2026-08-10,15:27:50,1.076933,0.561396,0.000000,43706893951675379220480.000000,0.000000
2026-08-10,15:27:50,0.547398,0.557925,0.000000,43706893951675379220480.000000,0.000000
2026-08-10,15:27:51,0.559520,0.557444,0.000000,43706893951675379220480.000000,0.000000
2026-08-10,15:27:52,0.559520,0.557444,0.000000,43706893951675379220480.000000,0.000000
2026-08-10,15:27:52,0.516456,0.554275,0.000000,43706893951675379220480.000000,0.000000
2026-08-10,15:27:53,0.512947,0.550088,0.000000,43706893951675379220480.000000,0.000000
2026-08-10,15:27:54,1.063854,0.550088,0.000000,43706893951675379220480.000000,0.000000
2026-08-10,15:27:54,1.063854,0.550088,0.000000,43706893951675379220480.000000,0.000000
2026-08-10,15:27:55,1.052689,0.550088,0.000000,43706893951675379220480.000000,0.000000
2026-08-10,15:27:56,0.541018,0.550042,0.000000,43706893951675379220480.000000,0.000000
2026-08-10,15:27:56,0.529216,0.547450,0.000000,43706893951675379220480.000000,0.000000
2026-08-10,15:27:57,0.529216,0.546654,0.000000,43706893951675379220480.000000,0.000000
2026-08-10,15:27:58,0.564305,0.546654,0.000000,43706893951675379220480.000000,0.000000
2026-08-10,15:27:58,0.554097,0.545946,0.000000,43706893951675379220480.000000,0.000000
2026-08-10,15:27:59,0.572280,0.548211,0.000000,43706893951675379220480.000000,0.000000
2026-08-10,15:28:00,0.587273,0.548451,0.000000,43706893951675379220480.000000,0.000000
2026-08-10,15:28:00,0.587273,0.548451,0.000000,43706893951675379220480.000000,0.000000
2026-08-10,15:28:01,0.560477,0.549759,0.000000,43706893951675379220480.000000,0.000000
2026-08-10,15:28:02,0.578341,0.551641,0.000000,43706893951675379220480.000000,0.000000
2026-08-10,15:28:02,0.521879,0.552183,0.000000,43706893951675379220480.000000,0.000000
2026-08-10,15:28:03,0.521879,0.553108,0.000000,43706893951675379220480.000000,0.000000
2026-08-10,15:28:04,0.522198,0.553108,0.000000,43706893951675379220480.000000,0.000000
2026-08-10,15:28:04,0.553778,0.554384,0.000000,43706893951675379220480.000000,0.000000
2026-08-10,15:28:05,0.530173,0.554480,0.000000,43706893951675379220480.000000,0.000000
2026-08-10,15:28:06,0.530173,0.549759,0.000000,43706893951675379220480.000000,0.000000
2026-08-10,15:28:06,0.517094,0.549759,0.000000,43706893951675379220480.000000,0.000000
2026-08-10,15:28:07,0.578660,0.552215,0.000000,43706893951675379220480.000000,0.000000
2026-08-10,15:28:08,0.550907,0.550078,0.000000,43706893951675379220480.000000,0.000000
2026-08-10,15:28:08,0.561434,0.547494,0.000000,43706893951675379220480.000000,0.000000
2026-08-10,15:28:09,0.561434,0.547494,0.000000,43706893951675379220480.000000,0.000000
2026-08-10,15:28:10,0.588549,0.550301,0.000000,43706893951675379220480.000000,0.000000
2026-08-10,15:28:10,0.551226,0.547590,0.000000,43706893951675379220480.000000,0.000000
2026-08-10,15:28:11,0.528897,0.548292,0.000000,43706893951675379220480.000000,0.000000
2026-08-10,15:28:12,0.528897,0.548292,0.000000,43706893951675379220480.000000,0.000000
2026-08-10,15:28:12,0.566538,0.552726,0.000000,43706893951675379220480.000000,0.000000
2026-08-10,15:28:13,0.550907,0.552438,0.000000,43706893951675379220480.000000,0.000000
2026-08-10,15:28:14,0.498911,0.549312,0.000000,43706893951675379220480.000000,0.000000
2026-08-10,15:28:14,0.498911,0.553396,0.000000,43706893951675379220480.000000,0.000000
2026-08-10,15:28:15,0.557925,0.553396,0.000000,43706893951675379220480.000000,0.000000
2026-08-10,15:28:16,0.545165,0.550046,0.000000,43706893951675379220480.000000,0.000000
2026-08-10,15:28:16,0.551226,0.550078,0.000000,43706893951675379220480.000000,0.000000
2026-08-10,15:28:17,0.551226,0.546122,0.000000,43706893951675379220480.000000,0.000000
2026-08-10,15:28:18,0.521879,0.546122,0.000000,43706893951675379220480.000000,0.000000
2026-08-10,15:28:18,0.489979,0.536265,0.000000,43706893951675379220480.000000,0.000000
2026-08-10,15:28:19,0.510395,0.532182,0.000000,43706893951675379220480.000000,0.000000
2026-08-10,15:28:20,0.550269,0.534320,0.000000,43706893951675379220480.000000,0.000000
2026-08-10,15:28:20,0.550269,0.534320,0.000000,43706893951675379220480.000000,0.000000
2026-08-10,15:28:21,0.550907,0.532756,0.000000,43706893951675379220480.000000,0.000000
2026-08-10,15:28:22,0.510395,0.528705,0.000000,43706893951675379220480.000000,0.000000
2026-08-10,15:28:22,0.551226,0.533937,0.000000,43706893951675379220480.000000,0.000000
2026-08-10,15:28:23,0.551226,0.533267,0.000000,43706893951675379220480.000000,0.000000
2026-08-10,15:28:24,0.551226,0.533267,0.000000,43706893951675379220480.000000,0.000000
2026-08-10,15:28:24,0.591739,0.537924,0.000000,43706893951675379220480.000000,0.000000
2026-08-10,15:28:25,0.551226,0.537924,0.000000,43706893951675379220480.000000,0.000000
2026-08-10,15:28:26,0.551226,0.541816,0.000000,43706893951675379220480.000000,0.000000
2026-08-10,15:28:26,0.560796,0.541816,0.000000,43706893951675379220480.000000,0.000000
2026-08-10,15:28:27,0.586635,0.551481,0.000000,43706893951675379220480.000000,0.000000
2026-08-10,15:28:28,0.507524,0.551194,0.000000,43706893951675379220480.000000,0.000000
2026-08-10,15:28:28,0.517094,0.547877,0.000000,43706893951675379220480.000000,0.000000
2026-08-10,15:28:29,0.517094,0.547877,0.000000,43706893951675379220480.000000,0.000000
2026-08-10,15:28:30,0.554416,0.548228,0.000000,43706893951675379220480.000000,0.000000
2026-08-10,15:28:30,0.561115,0.553300,0.000000,43706893951675379220480.000000,0.000000
2026-08-10,15:28:31,0.576427,0.555820,0.000000,43706893951675379220480.000000,0.000000
2026-08-10,15:28:32,0.576427,0.555820,0.000000,43706893951675379220480.000000,0.000000
2026-08-10,15:28:32,0.551226,0.555820,0.000000,43706893951675379220480.000000,0.000000
2026-08-10,15:28:33,0.534001,0.550046,0.000000,43706893951675379220480.000000,0.000000
2026-08-10,15:28:34,0.539104,0.548834,0.000000,43706893951675379220480.000000,0.000000
2026-08-10,15:28:35,0.539104,0.549185,0.000000,43706893951675379220480.000000,0.000000
2026-08-10,15:28:35,0.564305,0.549185,0.000000,43706893951675379220480.000000,0.000000
2026-08-10,15:28:36,0.562072,0.546728,0.000000,43706893951675379220480.000000,0.000000
2026-08-10,15:28:37,0.520284,0.548004,0.000000,43706893951675379220480.000000,0.000000
2026-08-10,15:28:37,0.557925,0.552088,0.000000,43706893951675379220480.000000,0.000000
2026-08-10,15:28:38,0.557925,0.552088,0.000000,43706893951675379220480.000000,0.000000
2026-08-10,15:28:39,0.577612,0.554407,0.000000,43706893951675379220480.000000,0.000000
2026-08-10,15:28:39,1.056225,0.554407,0.000000,43706893951675379220480.000000,0.000000
2026-08-10,15:28:40,0.561863,0.554482,0.000000,43706893951675379220480.000000,0.000000
2026-08-10,15:28:41,0.561863,0.554482,0.000000,43706893951675379220480.000000,0.000000
2026-08-10,15:28:41,1.065868,0.554482,0.000000,43706893951675379220480.000000,0.000000
2026-08-10,15:28:42,0.555434,0.552383,0.000000,43706893951675379220480.000000,0.000000
2026-08-10,15:28:43,1.614230,0.552383,0.000000,43706893951675379220480.000000,0.000000
2026-08-10,15:28:43,1.614230,0.550264,0.000000,43706893951675379220480.000000,0.000000
2026-08-10,15:28:44,0.530041,0.550264,0.000000,43706893951675379220480.000000,0.000000
2026-08-10,15:28:45,0.521684,0.549032,0.000000,43706893951675379220480.000000,0.000000
2026-08-10,15:28:45,1.033722,0.549032,0.000000,43706893951675379220480.000000,0.000000
2026-08-10,15:28:46,1.072348,0.549032,0.000000,43706893951675379220480.000000,0.000000
2026-08-10,15:28:47,1.072348,0.553536,0.000000,43706893951675379220480.000000,0.000000
2026-08-10,15:28:47,0.584140,0.553536,0.000000,43706893951675379220480.000000,0.000000
2026-08-10,15:28:48,0.587306,0.555836,0.000000,43706893951675379220480.000000,0.000000
2026-08-10,15:28:49,0.580024,0.557631,0.000000,43706893951675379220480.000000,0.000000
2026-08-10,15:28:49,0.580024,0.560313,0.000000,43706893951675379220480.000000,0.000000
2026-08-10,15:28:50,0.547097,0.560313,0.000000,43706893951675379220480.000000,0.000000
2026-08-10,15:28:51,0.569914,0.561511,0.000000,43706893951675379220480.000000,0.000000
2026-08-10,15:28:51,0.549841,0.558734,0.000000,43706893951675379220480.000000,0.000000
2026-08-10,15:28:52,0.549841,0.559919,0.000000,43706893951675379220480.000000,0.000000
2026-08-10,15:28:53,0.573706,0.559919,0.000000,43706893951675379220480.000000,0.000000
2026-08-10,15:28:53,0.553341,0.559709,0.000000,43706893951675379220480.000000,0.000000
2026-08-10,15:28:54,0.549841,0.561689,0.000000,43706893951675379220480.000000,0.000000
2026-08-10,15:28:55,0.551432,0.564664,0.000000,43706893951675379220480.000000,0.000000
2026-08-10,15:28:55,0.551432,0.564664,0.000000,43706893951675379220480.000000,0.000000
2026-08-10,15:28:56,0.542523,0.560503,0.000000,43706893951675379220480.000000,0.000000
2026-08-10,15:28:57,0.549841,0.556756,0.000000,43706893951675379220480.000000,0.000000
2026-08-10,15:28:57,0.574660,0.556220,0.000000,43706893951675379220480.000000,0.000000
2026-08-10,15:28:58,0.574660,0.552612,0.000000,43706893951675379220480.000000,0.000000
2026-08-10,15:28:59,0.511021,0.552612,0.000000,43706893951675379220480.000000,0.000000
2026-08-10,15:28:59,0.517704,0.547391,0.000000,43706893951675379220480.000000,0.000000
2026-08-10,15:29:00,0.529477,0.545355,0.000000,43706893951675379220480.000000,0.000000
2026-08-10,15:29:01,0.529477,0.540932,0.000000,43706893951675379220480.000000,0.000000
2026-08-10,15:29:01,0.529477,0.540932,0.000000,43706893951675379220480.000000,0.000000
2026-08-10,15:29:02,0.569888,0.542586,0.000000,43706893951675379220480.000000,0.000000
2026-08-10,15:29:03,0.549841,0.542586,0.000000,43706893951675379220480.000000,0.000000
2026-08-10,15:29:03,0.588661,0.546309,0.000000,43706893951675379220480.000000,0.000000
2026-08-10,15:29:04,0.588661,0.546309,0.000000,43706893951675379220480.000000,0.000000
2026-08-10,15:29:05,1.067545,0.546309,0.000000,43706893951675379220480.000000,0.000000
2026-08-10,15:29:05,0.590252,0.551082,0.000000,43706893951675379220480.000000,0.000000
2026-08-10,15:29:06,0.509749,0.547073,0.000000,43706893951675379220480.000000,0.000000
2026-08-10,15:29:07,0.509749,0.547073,0.000000,43706893951675379220480.000000,0.000000
2026-08-10,15:29:07,0.495748,0.539182,0.000000,43706893951675379220480.000000,0.000000
2026-08-10,15:29:08,0.554296,0.543509,0.000000,43706893951675379220480.000000,0.000000
2026-08-10,15:29:09,0.524067,0.544146,0.000000,43706893951675379220480.000000,0.000000
2026-08-10,15:29:09,0.524067,0.547105,0.000000,43706893951675379220480.000000,0.000000
2026-08-10,15:29:10,0.559069,0.547105,0.000000,43706893951675379220480.000000,0.000000
2026-08-10,15:29:11,0.569251,0.551082,0.000000,43706893951675379220480.000000,0.000000
2026-08-10,15:29:11,0.549523,0.549046,0.000000,43706893951675379220480.000000,0.000000
2026-08-10,15:29:12,0.549523,0.551082,0.000000,43706893951675379220480.000000,0.000000
2026-08-10,15:29:13,0.570206,0.551082,0.000000,43706893951675379220480.000000,0.000000
2026-08-10,15:29:13,0.546023,0.546818,0.000000,43706893951675379220480.000000,0.000000
2026-08-10,15:29:14,0.560660,0.543859,0.000000,43706893951675379220480.000000,0.000000
2026-08-10,15:29:15,0.563524,0.549237,0.000000,43706893951675379220480.000000,0.000000
2026-08-10,15:29:15,0.563524,0.549237,0.000000,43706893951675379220480.000000,0.000000
2026-08-10,15:29:16,0.569888,0.556651,0.000000,43706893951675379220480.000000,0.000000
2026-08-10,15:29:17,0.532341,0.554455,0.000000,43706893951675379220480.000000,0.000000
2026-08-10,15:29:17,0.568615,0.558910,0.000000,43706893951675379220480.000000,0.000000
2026-08-10,15:29:18,0.568615,0.558910,0.000000,43706893951675379220480.000000,0.000000
2026-08-10,15:29:19,0.547932,0.557796,0.000000,43706893951675379220480.000000,0.000000
2026-08-10,15:29:19,0.600859,0.560957,0.000000,43706893951675379220480.000000,0.000000
2026-08-10,15:29:20,0.575908,0.563595,0.000000,43706893951675379220480.000000,0.000000
2026-08-10,15:29:21,0.575908,0.558401,0.000000,43706893951675379220480.000000,0.000000
2026-08-10,15:29:21,0.518261,0.558401,0.000000,43706893951675379220480.000000,0.000000
2026-08-10,15:29:22,0.224255,0.558401,0.000000,43706893951675379220480.000000,0.000000
2026-08-10,15:29:23,0.578979,0.561697,0.000000,43706893951675379220480.000000,0.000000
2026-08-10,15:29:23,0.578979,0.560051,0.000000,43706893951675379220480.000000,0.000000
2026-08-10,15:29:24,0.544208,0.560051,0.000000,43706893951675379220480.000000,0.000000
2026-08-10,15:29:25,0.543889,0.558088,0.000000,43706893951675379220480.000000,0.000000
2026-08-10,15:29:25,0.551545,0.556254,0.000000,43706893951675379220480.000000,0.000000
2026-08-10,15:29:26,0.542496,0.557269,0.000000,43706893951675379220480.000000,0.000000
2026-08-10,15:29:27,0.542496,0.557269,0.000000,43706893951675379220480.000000,0.000000
2026-08-10,15:29:27,0.528151,0.553223,0.000000,43706893951675379220480.000000,0.000000
2026-08-10,15:29:28,0.557987,0.554228,0.000000,43706893951675379220480.000000,0.000000
2026-08-10,15:29:29,0.553543,0.549497,0.000000,43706893951675379220480.000000,0.000000
2026-08-10,15:29:29,0.553543,0.549497,0.000000,43706893951675379220480.000000,0.000000
2026-08-10,15:29:30,0.563065,0.548213,0.000000,43706893951675379220480.000000,0.000000
2026-08-10,15:29:31,0.259949,0.548213,0.000000,43706893951675379220480.000000,0.000000
2026-08-10,15:29:31,0.549417,0.551328,0.000000,43706893951675379220480.000000,0.000000
2026-08-10,15:29:32,0.549417,0.548277,0.000000,43706893951675379220480.000000,0.000000
2026-08-10,15:29:33,0.548465,0.548277,0.000000,43706893951675379220480.000000,0.000000
2026-08-10,15:29:33,0.548465,0.548702,0.000000,43706893951675379220480.000000,0.000000
2026-08-10,15:29:34,0.588774,0.553191,0.000000,43706893951675379220480.000000,0.000000
2026-08-10,15:29:35,0.588774,0.551486,0.000000,43706893951675379220480.000000,0.000000
2026-08-10,15:29:35,0.534499,0.551486,0.000000,43706893951675379220480.000000,0.000000
2026-08-10,15:29:36,0.548147,0.552051,0.000000,43706893951675379220480.000000,0.000000
2026-08-10,15:29:37,0.365326,0.552051,0.000000,43706893951675379220480.000000,0.000000
2026-08-10,15:29:37,0.559398,0.555176,0.000000,43706893951675379220480.000000,0.000000
2026-08-10,15:29:38,0.559398,0.555176,0.000000,43706893951675379220480.000000,0.000000
2026-08-10,15:29:39,0.507520,0.550129,0.000000,43706893951675379220480.000000,0.000000
2026-08-10,15:29:39,0.574809,0.552256,0.000000,43706893951675379220480.000000,0.000000
2026-08-10,15:29:40,0.552274,0.551177,0.000000,43706893951675379220480.000000,0.000000
2026-08-10,15:29:41,0.552274,0.551177,0.000000,43706893951675379220480.000000,0.000000
2026-08-10,15:29:41,0.588774,0.555113,0.000000,43706893951675379220480.000000,0.000000
2026-08-10,15:29:42,0.511329,0.551399,0.000000,43706893951675379220480.000000,0.000000
2026-08-10,15:29:43,1.032498,0.551399,0.000000,43706893951675379220480.000000,0.000000
2026-08-10,15:29:43,1.032498,0.549368,0.000000,43706893951675379220480.000000,0.000000
2026-08-10,15:29:44,0.528151,0.549368,0.000000,43706893951675379220480.000000,0.000000
2026-08-10,15:29:45,0.521169,0.542607,0.000000,43706893951675379220480.000000,0.000000
2026-08-10,15:29:45,0.564017,0.545559,0.000000,43706893951675379220480.000000,0.000000
2026-08-10,15:29:46,0.564017,0.545559,0.000000,43706893951675379220480.000000,0.000000
2026-08-10,15:29:47,0.548147,0.545559,0.000000,43706893951675379220480.000000,0.000000
2026-08-10,15:29:47,0.568461,0.546465,0.000000,43706893951675379220480.000000,0.000000
2026-08-10,15:29:48,0.548465,0.550560,0.000000,43706893951675379220480.000000,0.000000
2026-08-10,15:29:49,0.552020,0.548281,0.000000,43706893951675379220480.000000,0.000000
2026-08-10,15:29:49,0.552020,0.548281,0.000000,43706893951675379220480.000000,0.000000
2026-08-10,15:29:50,0.556532,0.548707,0.000000,43706893951675379220480.000000,0.000000
2026-08-10,15:29:51,0.561044,0.545934,0.000000,43706893951675379220480.000000,0.000000
2026-08-10,15:29:51,0.562748,0.551075,0.000000,43706893951675379220480.000000,0.000000
2026-08-10,15:29:52,0.562748,0.554249,0.000000,43706893951675379220480.000000,0.000000
2026-08-10,15:29:53,0.559891,0.554249,0.000000,43706893951675379220480.000000,0.000000
2026-08-10,15:29:53,0.553226,0.557455,0.000000,43706893951675379220480.000000,0.000000
2026-08-10,15:29:54,0.592624,0.560316,0.000000,43706893951675379220480.000000,0.000000
2026-08-10,15:29:55,0.592624,0.561251,0.000000,43706893951675379220480.000000,0.000000
2026-08-10,15:29:55,0.557499,0.561251,0.000000,43706893951675379220480.000000,0.000000
2026-08-10,15:29:56,0.597780,0.564183,0.000000,43706893951675379220480.000000,0.000000
2026-08-10,15:29:57,0.559574,0.565294,0.000000,43706893951675379220480.000000,0.000000
2026-08-10,15:29:57,0.520851,0.562177,0.000000,43706893951675379220480.000000,0.000000
2026-08-10,15:29:58,0.520851,0.562177,0.000000,43706893951675379220480.000000,0.000000
2026-08-10,15:29:59,0.552274,0.561751,0.000000,43706893951675379220480.000000,0.000000
2026-08-10,15:29:59,0.561796,0.561826,0.000000,43706893951675379220480.000000,0.000000
2026-08-10,15:30:00,0.509107,0.556462,0.000000,43706893951675379220480.000000,0.000000
2026-08-10,15:30:01,0.509107,0.556462,0.000000,43706893951675379220480.000000,0.000000
2026-08-10,15:30:01,0.553543,0.555827,0.000000,43706893951675379220480.000000,0.000000
2026-08-10,15:30:02,0.538308,0.554336,0.000000,43706893951675379220480.000000,0.000000
2026-08-10,15:30:03,0.586870,0.553760,0.000000,43706893951675379220480.000000,0.000000
2026-08-10,15:30:03,0.586870,0.556221,0.000000,43706893951675379220480.000000,0.000000
2026-08-10,15:30:04,0.582109,0.556221,0.000000,43706893951675379220480.000000,0.000000
2026-08-10,15:30:05,0.566874,0.553131,0.000000,43706893951675379220480.000000,0.000000
2026-08-10,15:30:05,0.552908,0.552464,0.000000,43706893951675379220480.000000,0.000000
2026-08-10,15:30:06,0.552908,0.552464,0.000000,43706893951675379220480.000000,0.000000
2026-08-10,15:30:07,1.060429,0.552464,0.000000,43706893951675379220480.000000,0.000000
2026-08-10,15:30:07,0.554495,0.555828,0.000000,43706893951675379220480.000000,0.000000
2026-08-10,15:30:08,1.045511,0.555828,0.000000,43706893951675379220480.000000,0.000000
2026-08-10,15:30:09,0.567509,0.557352,0.000000,43706893951675379220480.000000,0.000000
2026-08-10,15:30:09,0.567509,0.557352,0.000000,43706893951675379220480.000000,0.000000
2026-08-10,15:30:10,1.040750,0.557352,0.000000,43706893951675379220480.000000,0.000000
2026-08-10,15:30:11,0.556082,0.556781,0.000000,43706893951675379220480.000000,0.000000
2026-08-10,15:30:11,1.055985,0.556781,0.000000,43706893951675379220480.000000,0.000000
2026-08-10,15:30:12,1.055985,0.561065,0.000000,43706893951675379220480.000000,0.000000
2026-08-10,15:30:13,0.551956,0.561065,0.000000,43706893951675379220480.000000,0.000000
2026-08-10,15:30:13,1.065190,0.561065,0.000000,43706893951675379220480.000000,0.000000
2026-08-10,15:30:14,0.571317,0.562843,0.000000,43706893951675379220480.000000,0.000000
2026-08-10,15:30:15,0.519581,0.560970,0.000000,43706893951675379220480.000000,0.000000
2026-08-10,15:30:16,0.519581,0.560970,0.000000,43706893951675379220480.000000,0.000000
2026-08-10,15:30:16,0.541482,0.556431,0.000000,43706893951675379220480.000000,0.000000
2026-08-10,15:30:17,0.546243,0.552845,0.000000,43706893951675379220480.000000,0.000000
2026-08-10,15:30:18,0.549100,0.551067,0.000000,43706893951675379220480.000000,0.000000
2026-08-10,15:30:18,0.549100,0.553099,0.000000,43706893951675379220480.000000,0.000000
2026-08-10,15:30:19,0.573222,0.553099,0.000000,43706893951675379220480.000000,0.000000
2026-08-10,15:30:20,0.548465,0.552496,0.000000,43706893951675379220480.000000,0.000000
2026-08-10,15:30:20,0.586870,0.554432,0.000000,43706893951675379220480.000000,0.000000
2026-08-10,15:30:21,0.586870,0.554051,0.000000,43706893951675379220480.000000,0.000000
2026-08-10,15:30:22,0.552274,0.554051,0.000000,43706893951675379220480.000000,0.000000
2026-08-10,15:30:22,0.569413,0.555797,0.000000,43706893951675379220480.000000,0.000000
2026-08-10,15:30:23,0.487524,0.547417,0.000000,43706893951675379220480.000000,0.000000
2026-08-10,15:30:24,0.548465,0.550306,0.000000,43706893951675379220480.000000,0.000000
2026-08-10,15:30:24,0.548465,0.550306,0.000000,43706893951675379220480.000000,0.000000
2026-08-10,15:30:25,0.588774,0.555035,0.000000,43706893951675379220480.000000,0.000000
2026-08-10,15:30:26,0.555376,0.555948,0.000000,43706893951675379220480.000000,0.000000
2026-08-10,15:30:26,0.549841,0.556022,0.000000,43706893951675379220480.000000,0.000000
2026-08-10,15:30:27,0.549841,0.556022,0.000000,43706893951675379220480.000000,0.000000
2026-08-10,15:30:28,0.549841,0.553684,0.000000,43706893951675379220480.000000,0.000000
2026-08-10,15:30:28,0.590252,0.557863,0.000000,43706893951675379220480.000000,0.000000
2026-08-10,15:30:29,0.588661,0.558042,0.000000,43706893951675379220480.000000,0.000000
2026-08-10,15:30:30,0.588661,0.555826,0.000000,43706893951675379220480.000000,0.000000
2026-08-10,15:30:30,0.530113,0.555826,0.000000,43706893951675379220480.000000,0.000000
2026-08-10,15:30:31,0.509112,0.549796,0.000000,43706893951675379220480.000000,0.000000
2026-08-10,15:30:32,1.077727,0.549796,0.000000,43706893951675379220480.000000,0.000000
2026-08-10,15:30:32,1.077727,0.554914,0.000000,43706893951675379220480.000000,0.000000
2026-08-10,15:30:33,0.538704,0.554914,0.000000,43706893951675379220480.000000,0.000000
2026-08-10,15:30:34,0.518022,0.551870,0.000000,43706893951675379220480.000000,0.000000
2026-08-10,15:30:34,0.549841,0.547976,0.000000,43706893951675379220480.000000,0.000000
2026-08-10,15:30:35,0.537432,0.546182,0.000000,43706893951675379220480.000000,0.000000
2026-08-10,15:30:36,0.537432,0.546182,0.000000,43706893951675379220480.000000,0.000000
2026-08-10,15:30:36,0.549841,0.546182,0.000000,43706893951675379220480.000000,0.000000
2026-08-10,15:30:37,0.519295,0.543127,0.000000,43706893951675379220480.000000,0.000000
2026-08-10,15:30:38,0.497339,0.533836,0.000000,43706893951675379220480.000000,0.000000
2026-08-10,15:30:38,0.497339,0.535211,0.000000,43706893951675379220480.000000,0.000000
2026-08-10,15:30:39,0.602413,0.535211,0.000000,43706893951675379220480.000000,0.000000
2026-08-10,15:30:40,0.587306,0.540930,0.000000,43706893951675379220480.000000,0.000000
2026-08-10,15:30:40,0.538548,0.543874,0.000000,43706893951675379220480.000000,0.000000
2026-08-10,15:30:41,0.538548,0.542043,0.000000,43706893951675379220480.000000,0.000000
2026-08-10,15:30:42,0.520398,0.542043,0.000000,43706893951675379220480.000000,0.000000
2026-08-10,15:30:42,0.535505,0.543792,0.000000,43706893951675379220480.000000,0.000000
2026-08-10,15:30:43,0.566363,0.545444,0.000000,43706893951675379220480.000000,0.000000
2026-08-10,15:30:44,0.584684,0.550169,0.000000,43706893951675379220480.000000,0.000000
2026-08-10,15:30:44,0.584684,0.550169,0.000000,43706893951675379220480.000000,0.000000
2026-08-10,15:30:45,0.577613,0.552946,0.000000,43706893951675379220480.000000,0.000000
2026-08-10,15:30:46,0.556077,0.556625,0.000000,43706893951675379220480.000000,0.000000
2026-08-10,15:30:46,0.592720,0.566163,0.000000,43706893951675379220480.000000,0.000000
2026-08-10,15:30:47,0.592720,0.566163,0.000000,43706893951675379220480.000000,0.000000
2026-08-10,15:30:48,0.555434,0.561465,0.000000,43706893951675379220480.000000,0.000000
2026-08-10,15:30:48,0.546053,0.557340,0.000000,43706893951675379220480.000000,0.000000
2026-08-10,15:30:49,0.583636,0.561848,0.000000,43706893951675379220480.000000,0.000000
2026-08-10,15:30:50,0.583636,0.561848,0.000000,43706893951675379220480.000000,0.000000
2026-08-10,15:30:50,0.343297,0.561848,0.000000,43706893951675379220480.000000,0.000000
2026-08-10,15:30:51,0.505312,0.560340,0.000000,43706893951675379220480.000000,0.000000
2026-08-10,15:30:52,0.538158,0.560605,0.000000,43706893951675379220480.000000,0.000000
2026-08-10,15:30:52,0.538158,0.558764,0.000000,43706893951675379220480.000000,0.000000
2026-08-10,15:30:53,0.547948,0.558764,0.000000,43706893951675379220480.000000,0.000000
2026-08-10,15:30:54,0.534999,0.553795,0.000000,43706893951675379220480.000000,0.000000
2026-08-10,15:30:54,0.580478,0.554082,0.000000,43706893951675379220480.000000,0.000000
2026-08-10,15:30:55,0.580478,0.553206,0.000000,43706893951675379220480.000000,0.000000
2026-08-10,15:30:56,0.547316,0.553206,0.000000,43706893951675379220480.000000,0.000000
2026-08-10,15:30:56,0.533503,0.547284,0.000000,43706893951675379220480.000000,0.000000
2026-08-10,15:30:57,0.554985,0.547239,0.000000,43706893951675379220480.000000,0.000000
2026-08-10,15:30:58,0.594741,0.552108,0.000000,43706893951675379220480.000000,0.000000
2026-08-10,15:30:58,0.594741,0.552108,0.000000,43706893951675379220480.000000,0.000000
2026-08-10,15:30:59,1.045612,0.552108,0.000000,43706893951675379220480.000000,0.000000
2026-08-10,15:31:00,0.572768,0.551021,0.000000,43706893951675379220480.000000,0.000000
2026-08-10,15:31:00,0.581083,0.558598,0.000000,43706893951675379220480.000000,0.000000
2026-08-10,15:31:01,0.581083,0.563882,0.000000,43706893951675379220480.000000,0.000000
2026-08-10,15:31:02,0.590997,0.563882,0.000000,43706893951675379220480.000000,0.000000
2026-08-10,15:31:02,0.495056,0.558592,0.000000,43706893951675379220480.000000,0.000000
2026-08-10,15:31:03,0.555179,0.560610,0.000000,43706893951675379220480.000000,0.000000
2026-08-10,15:31:04,0.552620,0.557825,0.000000,43706893951675379220480.000000,0.000000
2026-08-10,15:31:04,0.552620,0.557825,0.000000,43706893951675379220480.000000,0.000000
2026-08-10,15:31:05,0.552620,0.558355,0.000000,43706893951675379220480.000000,0.000000
2026-08-10,15:31:06,0.556458,0.560650,0.000000,43706893951675379220480.000000,0.000000
2026-08-10,15:31:06,0.583961,0.563548,0.000000,43706893951675379220480.000000,0.000000
2026-08-10,15:31:07,0.583961,0.563398,0.000000,43706893951675379220480.000000,0.000000
2026-08-10,15:31:08,0.593235,0.563398,0.000000,43706893951675379220480.000000,0.000000
2026-08-10,15:31:08,0.572448,0.563366,0.000000,43706893951675379220480.000000,0.000000
2026-08-10,15:31:09,0.553580,0.560615,0.000000,43706893951675379220480.000000,0.000000
2026-08-10,15:31:10,0.553580,0.557865,0.000000,43706893951675379220480.000000,0.000000
2026-08-10,15:31:10,0.563493,0.557865,0.000000,43706893951675379220480.000000,0.000000
2026-08-10,15:31:11,0.559016,0.564261,0.000000,43706893951675379220480.000000,0.000000
2026-08-10,15:31:12,0.586519,0.567395,0.000000,43706893951675379220480.000000,0.000000
2026-08-10,15:31:12,0.592276,0.571361,0.000000,43706893951675379220480.000000,0.000000
2026-08-10,15:31:13,0.592276,0.571361,0.000000,43706893951675379220480.000000,0.000000
2026-08-10,15:31:14,0.581722,0.574271,0.000000,43706893951675379220480.000000,0.000000
2026-08-10,15:31:14,0.573407,0.575966,0.000000,43706893951675379220480.000000,0.000000
2026-08-10,15:31:15,0.520640,0.569634,0.000000,43706893951675379220480.000000,0.000000
2026-08-10,15:31:16,0.520640,0.565572,0.000000,43706893951675379220480.000000,0.000000
2026-08-10,15:31:16,0.552620,0.565572,0.000000,43706893951675379220480.000000,0.000000
2026-08-10,15:31:17,0.544305,0.562758,0.000000,43706893951675379220480.000000,0.000000
2026-08-10,15:31:18,0.544945,0.561894,0.000000,43706893951675379220480.000000,0.000000
2026-08-10,15:31:18,0.544945,0.557609,0.000000,43706893951675379220480.000000,0.000000
2026-08-10,15:31:19,0.520640,0.557609,0.000000,43706893951675379220480.000000,0.000000
2026-08-10,15:31:20,0.568291,0.558536,0.000000,43706893951675379220480.000000,0.000000
2026-08-10,15:31:20,0.548167,0.554701,0.000000,43706893951675379220480.000000,0.000000
2026-08-10,15:31:21,0.552300,0.550704,0.000000,43706893951675379220480.000000,0.000000
2026-08-10,15:31:22,0.552300,0.550704,0.000000,43706893951675379220480.000000,0.000000
2026-08-10,15:31:22,0.556458,0.548177,0.000000,43706893951675379220480.000000,0.000000
2026-08-10,15:31:23,0.583961,0.549233,0.000000,43706893951675379220480.000000,0.000000
2026-08-10,15:31:24,0.525437,0.549712,0.000000,43706893951675379220480.000000,0.000000
2026-08-10,15:31:24,0.525437,0.549712,0.000000,43706893951675379220480.000000,0.000000
2026-08-10,15:31:25,0.554859,0.549936,0.000000,43706893951675379220480.000000,0.000000
2026-08-10,15:31:26,0.556458,0.551151,0.000000,43706893951675379220480.000000,0.000000
2026-08-10,15:31:26,0.586519,0.555309,0.000000,43706893951675379220480.000000,0.000000
2026-08-10,15:31:27,0.586519,0.553742,0.000000,43706893951675379220480.000000,0.000000
2026-08-10,15:31:28,0.504969,0.553742,0.000000,43706893951675379220480.000000,0.000000
2026-08-10,15:31:28,0.491218,0.546035,0.000000,43706893951675379220480.000000,0.000000
2026-08-10,15:31:29,0.573088,0.548527,0.000000,43706893951675379220480.000000,0.000000
2026-08-10,15:31:30,0.573088,0.551821,0.000000,43706893951675379220480.000000,0.000000
2026-08-10,15:31:30,0.585240,0.551821,0.000000,43706893951675379220480.000000,0.000000
2026-08-10,15:31:31,0.552620,0.551437,0.000000,43706893951675379220480.000000,0.000000
2026-08-10,15:31:32,0.544945,0.547535,0.000000,43706893951675379220480.000000,0.000000
2026-08-10,15:31:32,0.586839,0.553675,0.000000,43706893951675379220480.000000,0.000000
2026-08-10,15:31:33,0.586839,0.553675,0.000000,43706893951675379220480.000000,0.000000
2026-08-10,15:31:34,0.588758,0.557065,0.000000,43706893951675379220480.000000,0.000000
2026-08-10,15:31:34,0.592276,0.560647,0.000000,43706893951675379220480.000000,0.000000
2026-08-10,15:31:35,0.552620,0.557257,0.000000,43706893951675379220480.000000,0.000000
2026-08-10,15:31:36,0.552620,0.559272,0.000000,43706893951675379220480.000000,0.000000
2026-08-10,15:31:36,0.525117,0.559272,0.000000,43706893951675379220480.000000,0.000000
2026-08-10,15:31:37,0.536630,0.563813,0.000000,43706893951675379220480.000000,0.000000
2026-08-10,15:31:38,0.511685,0.557673,0.000000,43706893951675379220480.000000,0.000000
2026-08-10,15:31:38,0.511685,0.557673,0.000000,43706893951675379220480.000000,0.000000
2026-08-10,15:31:39,0.341550,0.557673,0.000000,43706893951675379220480.000000,0.000000
2026-08-10,15:31:40,0.470431,0.546192,0.000000,43706893951675379220480.000000,0.000000
2026-08-10,15:31:40,0.283666,0.546192,0.000000,43706893951675379220480.000000,0.000000
2026-08-10,15:31:41,0.552620,0.546192,0.000000,43706893951675379220480.000000,0.000000
2026-08-10,15:31:42,0.552620,0.546192,0.000000,43706893951675379220480.000000,0.000000
2026-08-10,15:31:42,0.122485,0.546192,0.000000,43706893951675379220480.000000,0.000000
2026-08-10,15:31:43,0.276950,0.546192,0.000000,43706893951675379220480.000000,0.000000
2026-08-10,15:31:44,0.184207,0.546192,0.000000,43706893951675379220480.000000,0.000000
2026-08-10,15:31:44,0.184207,0.532632,0.000000,43706893951675379220480.000000,0.000000
2026-08-10,15:31:45,0.409348,0.532632,0.000000,43706893951675379220480.000000,0.000000
2026-08-10,15:31:46,0.112571,0.532632,0.000000,43706893951675379220480.000000,0.000000
2026-08-10,15:31:46,0.266076,0.532632,0.000000,43706893951675379220480.000000,0.000000
2026-08-10,15:31:47,0.163739,0.532632,0.000000,43706893951675379220480.000000,0.000000
2026-08-10,15:31:48,0.163739,0.532632,0.000000,43706893951675379220480.000000,0.000000
2026-08-10,15:31:48,0.061082,0.532632,0.000000,43706893951675379220480.000000,0.000000
2026-08-10,15:31:49,0.143272,0.532632,0.000000,43706893951675379220480.000000,0.000000
2026-08-10,15:31:50,0.102017,0.532632,0.000000,43706893951675379220480.000000,0.000000
2026-08-10,15:31:51,0.081870,0.532632,0.000000,43706893951675379220480.000000,0.000000
2026-08-10,15:31:51,0.081870,0.532632,0.000000,43706893951675379220480.000000,0.000000
2026-08-10,15:31:52,0.081870,0.532632,0.000000,43706893951675379220480.000000,0.000000
2026-08-10,15:31:53,0.102017,0.532632,0.000000,43706893951675379220480.000000,0.000000
2026-08-10,15:31:53,0.040935,0.532632,0.000000,43706893951675379220480.000000,0.000000
2026-08-10,15:31:54,0.040935,0.532632,0.000000,43706893951675379220480.000000,0.000000
2026-08-10,15:31:55,0.081550,0.532632,0.000000,43706893951675379220480.000000,0.000000
2026-08-10,15:31:55,0.046052,0.532632,0.000000,43706893951675379220480.000000,0.000000
2026-08-10,15:31:56,0.040935,0.532632,0.000000,43706893951675379220480.000000,0.000000
2026-08-10,15:31:57,0.142952,0.532632,0.000000,43706893951675379220480.000000,0.000000
2026-08-10,15:31:57,0.142952,0.532632,0.000000,43706893951675379220480.000000,0.000000
2026-08-10,15:31:58,0.040935,0.532632,0.000000,43706893951675379220480.000000,0.000000
2026-08-10,15:31:59,0.061082,0.000000,0.000000,43706893951675379220480.000000,0.000000
2026-08-10,15:31:59,0.102337,0.000000,0.000000,43706893951675379220480.000000,0.000000
2026-08-10,15:32:00,0.038696,0.000000,0.000000,43706893951675379220480.000000,0.000000
2026-08-10,15:32:01,0.038696,0.000000,0.000000,43706893951675379220480.000000,0.000000
2026-08-10,15:32:01,0.265757,0.000000,0.000000,43706893951675379220480.000000,0.000000
2026-08-10,15:32:02,0.491218,0.000000,0.000000,43706893951675379220480.000000,0.000000
2026-08-10,15:32:03,0.100812,0.000000,0.000000,43706893951675379220480.000000,0.000000
2026-08-10,15:32:03,0.073719,0.000000,0.000000,43706893951675379220480.000000,0.000000
2026-08-10,15:32:04,0.073719,0.000000,0.000000,43706893951675379220480.000000,0.000000
2026-08-10,15:32:05,0.020162,0.000000,0.000000,43706893951675379220480.000000,0.000000
2026-08-10,15:32:05,0.021423,0.000000,0.000000,43706893951675379220480.000000,0.000000
2026-08-10,15:32:06,0.584396,0.000000,0.000000,43706893951675379220480.000000,0.000000
2026-08-10,15:32:07,0.584396,0.000000,0.000000,43706893951675379220480.000000,0.000000
2026-08-10,15:32:07,0.040935,0.000000,0.000000,43706893951675379220480.000000,0.000000
2026-08-10,15:32:08,0.081550,0.000000,0.000000,43706893951675379220480.000000,0.000000
2026-08-10,15:32:09,0.061402,0.000000,0.000000,43706893951675379220480.000000,0.000000
2026-08-10,15:32:09,0.054686,0.000000,0.000000,43706893951675379220480.000000,0.000000
2026-08-10,15:32:10,0.054686,0.000000,0.000000,43706893951675379220480.000000,0.000000
2026-08-10,15:32:11,0.061082,0.000000,0.000000,43706893951675379220480.000000,0.000000
2026-08-10,15:32:11,0.143272,0.000000,0.000000,43706893951675379220480.000000,0.000000
2026-08-10,15:32:12,0.081550,0.000000,0.000000,43706893951675379220480.000000,0.000000
2026-08-10,15:32:13,0.062042,0.000000,0.000000,43706893951675379220480.000000,0.000000
2026-08-10,15:32:13,0.062042,0.000000,0.000000,43706893951675379220480.000000,0.000000
2026-08-10,15:32:14,0.525117,0.000000,0.000000,43706893951675379220480.000000,0.000000
2026-08-10,15:32:15,0.327159,0.000000,0.000000,43706893951675379220480.000000,0.000000
2026-08-10,15:32:15,0.736507,0.000000,0.000000,43706893951675379220480.000000,0.000000
2026-08-10,15:32:16,0.204674,0.000000,0.000000,43706893951675379220480.000000,0.000000
2026-08-10,15:32:17,0.204674,0.000000,0.000000,43706893951675379220480.000000,0.000000
2026-08-10,15:32:17,0.125043,0.000000,0.000000,43706893951675379220480.000000,0.000000
2026-08-10,15:32:18,0.102017,0.000000,0.000000,43706893951675379220480.000000,0.000000
2026-08-10,15:32:19,0.163419,0.000000,0.000000,43706893951675379220480.000000,0.000000
2026-08-10,15:32:19,0.163419,0.000000,0.000000,43706893951675379220480.000000,0.000000
2026-08-10,15:32:20,0.142952,0.000000,0.000000,43706893951675379220480.000000,0.000000
2026-08-10,15:32:21,0.239852,0.000000,0.000000,43706893951675379220480.000000,0.000000
2026-08-10,15:32:21,0.286544,0.000000,0.000000,43706893951675379220480.000000,0.000000
2026-08-10,15:32:22,0.347626,0.000000,0.000000,43706893951675379220480.000000,0.000000
2026-08-10,15:32:23,0.347626,0.000000,0.000000,43706893951675379220480.000000,0.000000
2026-08-10,15:32:23,0.616261,0.000000,0.000000,43706893951675379220480.000000,0.000000
2026-08-10,15:32:24,0.102337,0.000000,0.000000,43706893951675379220480.000000,0.000000
2026-08-10,15:32:25,0.593235,0.000000,0.000000,43706893951675379220480.000000,0.000000
2026-08-10,15:32:25,0.593235,0.000000,0.000000,43706893951675379220480.000000,0.000000
2026-08-10,15:32:26,0.552300,0.000000,0.000000,43706893951675379220480.000000,0.000000
2026-08-10,15:32:27,0.573407,0.000000,0.000000,43706893951675379220480.000000,0.000000
2026-08-10,15:32:27,0.558057,0.000000,0.000000,43706893951675379220480.000000,0.000000
2026-08-10,15:32:28,0.552620,0.000000,0.000000,43706893951675379220480.000000,0.000000
2026-08-10,15:32:29,0.552620,0.000000,0.000000,43706893951675379220480.000000,0.000000
2026-08-10,15:32:29,0.559336,0.000000,0.000000,43706893951675379220480.000000,0.000000
2026-08-10,15:32:30,0.204674,0.000000,0.000000,43706893951675379220480.000000,0.000000
2026-08-10,15:32:31,0.584396,0.000000,0.000000,43706893951675379220480.000000,0.000000
2026-08-10,15:32:31,0.584396,0.000000,0.000000,43706893951675379220480.000000,0.000000
2026-08-10,15:32:32,0.557229,0.000000,0.000000,43706893951675379220480.000000,0.000000
2026-08-10,15:32:33,0.554023,0.000000,0.000000,43706893951675379220480.000000,0.000000
2026-08-10,15:32:33,2.029172,0.000000,0.000000,43706893951675379220480.000000,0.000000
2026-08-10,15:32:34,2.029172,0.000000,0.000000,43706893951675379220480.000000,0.000000
2026-08-10,15:32:35,2.182426,0.000000,0.000000,43706893951675379220480.000000,0.000000
2026-08-10,15:32:35,2.462003,0.000000,0.000000,43706893951675379220480.000000,0.000000
2026-08-10,15:32:36,2.257129,0.000000,0.000000,43706893951675379220480.000000,0.000000
2026-08-10,15:32:37,2.278290,0.000000,0.000000,43706893951675379220480.000000,0.000000
2026-08-10,15:32:37,2.278290,0.000000,0.000000,43706893951675379220480.000000,0.000000
2026-08-10,15:32:38,1.764344,0.000000,0.000000,43706893951675379220480.000000,0.000000
2026-08-10,15:32:39,2.061675,0.000000,0.000000,43706893951675379220480.000000,0.000000
2026-08-10,15:32:39,1.840600,0.000000,0.000000,43706893951675379220480.000000,0.000000
2026-08-10,15:32:40,1.920187,0.000000,0.000000,43706893951675379220480.000000,0.000000
2026-08-10,15:32:41,1.920187,0.000000,0.000000,43706893951675379220480.000000,0.000000
2026-08-10,15:32:41,1.648650,0.000000,0.000000,43706893951675379220480.000000,0.000000
2026-08-10,15:32:42,1.051836,0.000000,0.000000,43706893951675379220480.000000,0.000000
2026-08-10,15:32:43,0.370914,0.000000,0.000000,43706893951675379220480.000000,0.000000
2026-08-10,15:32:43,0.370914,0.000000,0.000000,43706893951675379220480.000000,0.000000
2026-08-10,15:32:44,0.226544,0.000000,0.000000,43706893951675379220480.000000,0.000000
2026-08-10,15:32:45,0.193674,0.000000,0.000000,43706893951675379220480.000000,0.000000
2026-08-10,15:32:45,0.520534,0.000000,0.000000,43706893951675379220480.000000,0.000000
2026-08-10,15:32:46,0.520534,0.000000,0.000000,43706893951675379220480.000000,0.000000
2026-08-10,15:32:47,0.244080,0.000000,0.000000,43706893951675379220480.000000,0.000000
2026-08-10,15:32:47,0.196787,0.000000,0.000000,43706893951675379220480.000000,0.000000
2026-08-10,15:32:48,0.241223,0.000000,0.000000,43706893951675379220480.000000,0.000000
2026-08-10,15:32:49,0.123423,0.000000,0.000000,43706893951675379220480.000000,0.000000
2026-08-10,15:32:49,0.123423,0.000000,0.000000,43706893951675379220480.000000,0.000000
2026-08-10,15:32:50,0.082497,0.000000,0.000000,43706893951675379220480.000000,0.000000
2026-08-10,15:32:51,0.100998,0.000000,0.000000,43706893951675379220480.000000,0.000000
2026-08-10,15:32:51,0.138674,0.000000,0.000000,43706893951675379220480.000000,0.000000
2026-08-10,15:32:52,0.138674,0.000000,0.000000,43706893951675379220480.000000,0.000000
2026-08-10,15:32:53,0.101314,0.000000,0.000000,43706893951675379220480.000000,0.000000
2026-08-10,15:32:53,0.141840,0.000000,0.000000,43706893951675379220480.000000,0.000000
2026-08-10,15:32:54,0.101314,0.000000,0.000000,43706893951675379220480.000000,0.000000
2026-08-10,15:32:55,0.193447,0.000000,0.000000,43706893951675379220480.000000,0.000000
2026-08-10,15:32:55,0.193447,0.000000,0.000000,43706893951675379220480.000000,0.000000
2026-08-10,15:32:56,0.242204,0.000000,0.000000,43706893951675379220480.000000,0.000000
2026-08-10,15:32:57,0.222891,0.000000,0.000000,43706893951675379220480.000000,0.000000
2026-08-10,15:32:57,0.102537,0.000000,0.000000,43706893951675379220480.000000,0.000000
2026-08-10,15:32:58,0.123430,0.000000,0.000000,43706893951675379220480.000000,0.000000
2026-08-10,15:32:59,0.123430,0.000000,0.000000,43706893951675379220480.000000,0.000000
2026-08-10,15:32:59,0.041143,0.000000,0.000000,43706893951675379220480.000000,0.000000
2026-08-10,15:33:00,0.000000,0.000000,0.000000,43706893951675379220480.000000,0.000000
2026-08-10,15:33:01,0.144001,0.000000,0.000000,43706893951675379220480.000000,0.000000
2026-08-10,15:33:01,0.144001,0.000000,0.000000,43706893951675379220480.000000,0.000000
2026-08-10,15:33:02,0.246860,0.000000,0.000000,43706893951675379220480.000000,0.000000
2026-08-10,15:33:03,0.041143,0.000000,0.000000,43706893951675379220480.000000,0.000000
2026-08-10,15:33:03,0.040425,0.000000,0.000000,43706893951675379220480.000000,0.000000
2026-08-10,15:33:04,0.523946,0.000000,0.000000,43706893951675379220480.000000,0.000000
2026-08-10,15:33:05,0.523946,0.000000,0.000000,43706893951675379220480.000000,0.000000
2026-08-10,15:33:05,0.505312,0.000000,0.000000,43706893951675379220480.000000,0.000000
2026-08-10,15:33:06,0.537519,0.000000,0.000000,43706893951675379220480.000000,0.000000
2026-08-10,15:33:07,0.556532,0.000000,0.000000,43706893951675379220480.000000,0.000000
2026-08-10,15:33:07,0.539260,0.000000,0.000000,43706893951675379220480.000000,0.000000
2026-08-10,15:33:08,0.539260,0.000000,0.000000,43706893951675379220480.000000,0.000000
2026-08-10,15:33:09,0.535451,0.000000,0.000000,43706893951675379220480.000000,0.000000
2026-08-10,15:33:09,0.195835,0.000000,0.000000,43706893951675379220480.000000,0.000000
2026-08-10,15:33:10,0.324699,0.000000,0.000000,43706893951675379220480.000000,0.000000
2026-08-10,15:33:11,0.324699,0.000000,0.000000,43706893951675379220480.000000,0.000000
2026-08-10,15:33:11,0.426266,0.000000,0.000000,43706893951675379220480.000000,0.000000
2026-08-10,15:33:12,0.507838,0.000000,0.000000,43706893951675379220480.000000,0.000000
2026-08-10,15:33:13,0.546243,0.000000,0.000000,43706893951675379220480.000000,0.000000
2026-08-10,15:33:13,0.546243,0.000000,0.000000,43706893951675379220480.000000,0.000000
2026-08-10,15:33:14,0.515455,0.000000,0.000000,43706893951675379220480.000000,0.000000
2026-08-10,15:33:15,0.523708,0.000000,0.000000,43706893951675379220480.000000,0.000000
2026-08-10,15:33:15,0.536404,0.000000,0.000000,43706893951675379220480.000000,0.000000
2026-08-10,15:33:16,0.536404,0.000000,0.000000,43706893951675379220480.000000,0.000000
2026-08-10,15:33:17,0.543704,0.000000,0.000000,43706893951675379220480.000000,0.000000
2026-08-10,15:33:17,0.507838,0.000000,0.000000,43706893951675379220480.000000,0.000000
2026-08-10,15:33:18,0.548147,0.000000,0.000000,43706893951675379220480.000000,0.000000
2026-08-10,15:33:19,0.519899,0.000000,0.000000,43706893951675379220480.000000,0.000000
2026-08-10,15:33:19,0.519899,0.000000,0.000000,43706893951675379220480.000000,0.000000
2026-08-10,15:33:20,0.507838,0.525707,0.000000,43706893951675379220480.000000,0.000000
2026-08-10,15:33:21,0.548147,0.529738,0.000000,43706893951675379220480.000000,0.000000
2026-08-10,15:33:21,0.541165,0.529230,0.000000,43706893951675379220480.000000,0.000000
2026-08-10,15:33:22,0.541165,0.529230,0.000000,43706893951675379220480.000000,0.000000
2026-08-10,15:33:23,0.194565,0.529230,0.000000,43706893951675379220480.000000,0.000000
2026-08-10,15:33:23,0.543386,0.532024,0.000000,43706893951675379220480.000000,0.000000
2026-08-10,15:33:24,0.508790,0.530532,0.000000,43706893951675379220480.000000,0.000000
2026-08-10,15:33:25,0.508790,0.530532,0.000000,43706893951675379220480.000000,0.000000
2026-08-10,15:33:25,0.023170,0.530532,0.000000,43706893951675379220480.000000,0.000000
2026-08-10,15:33:26,0.142195,0.530532,0.000000,43706893951675379220480.000000,0.000000
2026-08-10,15:33:27,0.142195,0.530532,0.000000,43706893951675379220480.000000,0.000000
2026-08-10,15:33:27,0.101250,0.530532,0.000000,43706893951675379220480.000000,0.000000
2026-08-10,15:33:28,0.101250,0.531103,0.000000,43706893951675379220480.000000,0.000000
2026-08-10,15:33:29,0.542117,0.531103,0.000000,43706893951675379220480.000000,0.000000
2026-08-10,15:33:29,0.062191,0.531103,0.000000,43706893951675379220480.000000,0.000000
2026-08-10,15:33:30,0.527331,0.529466,0.000000,43706893951675379220480.000000,0.000000
2026-08-10,15:33:31,0.062191,0.529466,0.000000,43706893951675379220480.000000,0.000000
2026-08-10,15:33:31,0.062191,0.529466,0.000000,43706893951675379220480.000000,0.000000
2026-08-10,15:33:32,0.407290,0.519411,0.000000,43706893951675379220480.000000,0.000000
2026-08-10,15:33:33,0.264420,0.519411,0.000000,43706893951675379220480.000000,0.000000
2026-08-10,15:33:33,0.264420,0.519411,0.000000,43706893951675379220480.000000,0.000000
2026-08-10,15:33:34,0.264420,0.519411,0.000000,43706893951675379220480.000000,0.000000
2026-08-10,15:33:35,0.162916,0.519411,0.000000,43706893951675379220480.000000,0.000000
2026-08-10,15:33:35,0.529159,0.517512,0.000000,43706893951675379220480.000000,0.000000
2026-08-10,15:33:36,0.144740,0.517512,0.000000,43706893951675379220480.000000,0.000000
2026-08-10,15:33:37,0.186095,0.517512,0.000000,43706893951675379220480.000000,0.000000
2026-08-10,15:33:37,0.186095,0.517512,0.000000,43706893951675379220480.000000,0.000000
2026-08-10,15:33:38,0.062032,0.517512,0.000000,43706893951675379220480.000000,0.000000
2026-08-10,15:33:39,0.103386,0.517512,0.000000,43706893951675379220480.000000,0.000000
2026-08-10,15:33:39,0.108913,0.517512,0.000000,43706893951675379220480.000000,0.000000
2026-08-10,15:33:40,0.031661,0.517512,0.000000,43706893951675379220480.000000,0.000000
2026-08-10,15:33:41,0.031661,0.517512,0.000000,43706893951675379220480.000000,0.000000
2026-08-10,15:33:42,0.040526,0.517512,0.000000,43706893951675379220480.000000,0.000000
2026-08-10,15:33:42,0.537282,0.519250,0.000000,43706893951675379220480.000000,0.000000
2026-08-10,15:33:43,0.578124,0.526279,0.000000,43706893951675379220480.000000,0.000000
2026-08-10,15:33:44,0.578124,0.525446,0.000000,43706893951675379220480.000000,0.000000
2026-08-10,15:33:44,0.539815,0.525446,0.000000,43706893951675379220480.000000,0.000000
2026-08-10,15:33:45,0.515898,0.522919,0.000000,43706893951675379220480.000000,0.000000
2026-08-10,15:33:46,0.519434,0.520524,0.000000,43706893951675379220480.000000,0.000000
2026-08-10,15:33:46,0.567648,0.526410,0.000000,43706893951675379220480.000000,0.000000
2026-08-10,15:33:47,0.567648,0.526410,0.000000,43706893951675379220480.000000,0.000000
2026-08-10,15:33:48,0.554470,0.527645,0.000000,43706893951675379220480.000000,0.000000
2026-08-10,15:33:48,0.541236,0.529036,0.000000,43706893951675379220480.000000,0.000000
2026-08-10,15:33:49,0.544071,0.542714,0.000000,43706893951675379220480.000000,0.000000
2026-08-10,15:33:50,0.544071,0.542714,0.000000,43706893951675379220480.000000,0.000000
2026-08-10,15:33:50,0.506897,0.540488,0.000000,43706893951675379220480.000000,0.000000
2026-08-10,15:33:51,0.514458,0.538205,0.000000,43706893951675379220480.000000,0.000000
2026-08-10,15:33:52,0.514291,0.531822,0.000000,43706893951675379220480.000000,0.000000
2026-08-10,15:33:52,0.514291,0.530492,0.000000,43706893951675379220480.000000,0.000000
2026-08-10,15:33:53,0.526517,0.530492,0.000000,43706893951675379220480.000000,0.000000
2026-08-10,15:33:54,0.506571,0.529559,0.000000,43706893951675379220480.000000,0.000000
2026-08-10,15:33:54,0.508154,0.528431,0.000000,43706893951675379220480.000000,0.000000
2026-08-10,15:33:55,0.508154,0.526344,0.000000,43706893951675379220480.000000,0.000000
2026-08-10,15:33:56,0.546780,0.526344,0.000000,43706893951675379220480.000000,0.000000
2026-08-10,15:33:56,0.508154,0.521713,0.000000,43706893951675379220480.000000,0.000000
2026-08-10,15:33:57,0.535699,0.521159,0.000000,43706893951675379220480.000000,0.000000
2026-08-10,15:33:58,0.535699,0.519119,0.000000,43706893951675379220480.000000,0.000000
2026-08-10,15:33:58,0.523668,0.519119,0.000000,43706893951675379220480.000000,0.000000
2026-08-10,15:33:59,0.507204,0.519150,0.000000,43706893951675379220480.000000,0.000000
2026-08-10,15:34:00,0.556210,0.523325,0.000000,43706893951675379220480.000000,0.000000
2026-08-10,15:34:00,0.523340,0.524230,0.000000,43706893951675379220480.000000,0.000000
2026-08-10,15:34:01,0.523340,0.524230,0.000000,43706893951675379220480.000000,0.000000
2026-08-10,15:34:02,0.546147,0.526193,0.000000,43706893951675379220480.000000,0.000000
2026-08-10,15:34:02,0.546780,0.530214,0.000000,43706893951675379220480.000000,0.000000
2026-08-10,15:34:03,0.540448,0.533443,0.000000,43706893951675379220480.000000,0.000000
2026-08-10,15:34:04,0.540448,0.533443,0.000000,43706893951675379220480.000000,0.000000
2026-08-10,15:34:04,0.538232,0.532588,0.000000,43706893951675379220480.000000,0.000000
2026-08-10,15:34:05,0.507521,0.532525,0.000000,43706893951675379220480.000000,0.000000
2026-08-10,15:34:06,0.549648,0.533920,0.000000,43706893951675379220480.000000,0.000000
2026-08-10,15:34:06,0.549648,0.537064,0.000000,43706893951675379220480.000000,0.000000
2026-08-10,15:34:07,0.555113,0.537064,0.000000,43706893951675379220480.000000,0.000000
2026-08-10,15:34:08,0.544184,0.540762,0.000000,43706893951675379220480.000000,0.000000
2026-08-10,15:34:08,0.555113,0.540653,0.000000,43706893951675379220480.000000,0.000000
2026-08-10,15:34:09,0.555113,0.540873,0.000000,43706893951675379220480.000000,0.000000
2026-08-10,15:34:10,0.525541,0.540873,0.000000,43706893951675379220480.000000,0.000000
2026-08-10,15:34:10,0.544827,0.540741,0.000000,43706893951675379220480.000000,0.000000
2026-08-10,15:34:11,0.526505,0.538713,0.000000,43706893951675379220480.000000,0.000000
2026-08-10,15:34:12,0.555113,0.540180,0.000000,43706893951675379220480.000000,0.000000
2026-08-10,15:34:12,0.555113,0.540180,0.000000,43706893951675379220480.000000,0.000000
2026-08-10,15:34:13,0.514291,0.537785,0.000000,43706893951675379220480.000000,0.000000
2026-08-10,15:34:14,0.549005,0.541934,0.000000,43706893951675379220480.000000,0.000000
2026-08-10,15:34:14,0.699435,0.556913,0.000000,43706893951675379220480.000000,0.000000
2026-08-10,15:34:15,0.699435,0.556913,0.000000,43706893951675379220480.000000,0.000000
2026-08-10,15:34:16,0.324003,0.556913,0.000000,43706893951675379220480.000000,0.000000
2026-08-10,15:34:16,0.514291,0.552830,0.000000,43706893951675379220480.000000,0.000000
2026-08-10,15:34:17,0.035111,0.552830,0.000000,43706893951675379220480.000000,0.000000
2026-08-10,15:34:18,0.035111,0.552830,0.000000,43706893951675379220480.000000,0.000000
2026-08-10,15:34:18,0.101822,0.552830,0.000000,43706893951675379220480.000000,0.000000
2026-08-10,15:34:19,0.056748,0.552830,0.000000,43706893951675379220480.000000,0.000000
2026-08-10,15:34:20,0.061708,0.552830,0.000000,43706893951675379220480.000000,0.000000
2026-08-10,15:34:20,0.042690,0.552830,0.000000,43706893951675379220480.000000,0.000000
2026-08-10,15:34:21,0.042690,0.552830,0.000000,43706893951675379220480.000000,0.000000
2026-08-10,15:34:22,0.061082,0.552830,0.000000,43706893951675379220480.000000,0.000000
2026-08-10,15:34:22,0.347626,0.552830,0.000000,43706893951675379220480.000000,0.000000
2026-08-10,15:34:23,0.204674,0.552830,0.000000,43706893951675379220480.000000,0.000000
2026-08-10,15:34:24,0.102977,0.552830,0.000000,43706893951675379220480.000000,0.000000
2026-08-10,15:34:24,0.102977,0.552830,0.000000,43706893951675379220480.000000,0.000000
2026-08-10,15:34:25,0.143272,0.552830,0.000000,43706893951675379220480.000000,0.000000
2026-08-10,15:34:26,0.040935,0.552830,0.000000,43706893951675379220480.000000,0.000000
2026-08-10,15:34:26,0.020467,0.000000,0.000000,43706893951675379220480.000000,0.000000
2026-08-10,15:34:27,0.225142,0.000000,0.000000,43706893951675379220480.000000,0.000000
2026-08-10,15:34:28,0.225142,0.000000,0.000000,43706893951675379220480.000000,0.000000
2026-08-10,15:34:28,0.202116,0.000000,0.000000,43706893951675379220480.000000,0.000000
2026-08-10,15:34:29,0.552620,0.000000,0.000000,43706893951675379220480.000000,0.000000
2026-08-10,15:34:30,0.204674,0.000000,0.000000,43706893951675379220480.000000,0.000000
2026-08-10,15:34:30,0.204674,0.000000,0.000000,43706893951675379220480.000000,0.000000
2026-08-10,15:34:31,0.531833,0.000000,0.000000,43706893951675379220480.000000,0.000000
2026-08-10,15:34:32,0.491218,0.000000,0.000000,43706893951675379220480.000000,0.000000
2026-08-10,15:34:32,0.388881,0.000000,0.000000,43706893951675379220480.000000,0.000000
2026-08-10,15:34:33,0.122485,0.000000,0.000000,43706893951675379220480.000000,0.000000
2026-08-10,15:34:34,0.122485,0.000000,0.000000,43706893951675379220480.000000,0.000000
2026-08-10,15:34:34,0.102017,0.000000,0.000000,43706893951675379220480.000000,0.000000
2026-08-10,15:34:35,0.061402,0.000000,0.000000,43706893951675379220480.000000,0.000000
2026-08-10,15:34:36,0.082509,0.000000,0.000000,43706893951675379220480.000000,0.000000
2026-08-10,15:34:36,0.023665,0.000000,0.000000,43706893951675379220480.000000,0.000000
2026-08-10,15:34:37,0.023665,0.000000,0.000000,43706893951675379220480.000000,0.000000
2026-08-10,15:34:38,0.040935,0.000000,0.000000,43706893951675379220480.000000,0.000000
2026-08-10,15:34:38,0.122804,0.000000,0.000000,43706893951675379220480.000000,0.000000
2026-08-10,15:34:39,0.102337,0.000000,0.000000,43706893951675379220480.000000,0.000000
2026-08-10,15:34:40,0.061402,0.000000,0.000000,43706893951675379220480.000000,0.000000
2026-08-10,15:34:40,0.061402,0.000000,0.000000,43706893951675379220480.000000,0.000000
2026-08-10,15:34:41,0.020467,0.000000,0.000000,43706893951675379220480.000000,0.000000
2026-08-10,15:34:42,0.102017,0.000000,0.000000,43706893951675379220480.000000,0.000000
2026-08-10,15:34:42,0.088905,0.000000,0.000000,43706893951675379220480.000000,0.000000
2026-08-10,15:34:43,0.088905,0.000000,0.000000,43706893951675379220480.000000,0.000000
2026-08-10,15:34:44,0.184207,0.000000,0.000000,43706893951675379220480.000000,0.000000
2026-08-10,15:34:44,0.061402,0.000000,0.000000,43706893951675379220480.000000,0.000000
2026-08-10,15:34:45,0.074514,0.000000,0.000000,43706893951675379220480.000000,0.000000
2026-08-10,15:34:46,0.005756,0.000000,0.000000,43706893951675379220480.000000,0.000000
2026-08-10,15:34:46,0.005756,0.000000,0.000000,43706893951675379220480.000000,0.000000
2026-08-10,15:34:47,0.040935,0.000000,0.000000,43706893951675379220480.000000,0.000000
2026-08-10,15:34:48,0.102337,0.000000,0.000000,43706893951675379220480.000000,0.000000
2026-08-10,15:34:48,0.307011,0.000000,0.000000,43706893951675379220480.000000,0.000000
2026-08-10,15:34:49,0.180700,0.000000,0.000000,43706893951675379220480.000000,0.000000
2026-08-10,15:34:50,0.180700,0.000000,0.000000,43706893951675379220480.000000,0.000000
2026-08-10,15:34:50,0.589187,0.000000,0.000000,43706893951675379220480.000000,0.000000
2026-08-10,15:34:51,0.290977,0.000000,0.000000,43706893951675379220480.000000,0.000000
2026-08-10,15:34:52,0.527516,0.000000,0.000000,43706893951675379220480.000000,0.000000
2026-08-10,15:34:52,0.527516,0.000000,0.000000,43706893951675379220480.000000,0.000000
2026-08-10,15:34:53,0.081254,0.000000,0.000000,43706893951675379220480.000000,0.000000
2026-08-10,15:34:54,0.264076,0.000000,0.000000,43706893951675379220480.000000,0.000000
2026-08-10,15:34:54,0.185361,0.000000,0.000000,43706893951675379220480.000000,0.000000
2026-08-10,15:34:55,0.507838,0.000000,0.000000,43706893951675379220480.000000,0.000000
2026-08-10,15:34:56,0.507838,0.000000,0.000000,43706893951675379220480.000000,0.000000
2026-08-10,15:34:56,0.081254,0.000000,0.000000,43706893951675379220480.000000,0.000000
2026-08-10,15:34:57,0.131403,0.000000,0.000000,43706893951675379220480.000000,0.000000
2026-08-10,15:34:58,0.142195,0.000000,0.000000,43706893951675379220480.000000,0.000000
2026-08-10,15:34:58,0.546243,0.000000,0.000000,43706893951675379220480.000000,0.000000
2026-08-10,15:34:59,0.546243,0.000000,0.000000,43706893951675379220480.000000,0.000000
2026-08-10,15:35:00,0.535451,0.000000,0.000000,43706893951675379220480.000000,0.000000
2026-08-10,15:35:00,0.527516,0.000000,0.000000,43706893951675379220480.000000,0.000000
2026-08-10,15:35:01,0.588140,0.000000,0.000000,43706893951675379220480.000000,0.000000
2026-08-10,15:35:02,0.588140,0.000000,0.000000,43706893951675379220480.000000,0.000000
2026-08-10,15:35:02,0.540530,0.000000,0.000000,43706893951675379220480.000000,0.000000
2026-08-10,15:35:03,0.548147,0.000000,0.000000,43706893951675379220480.000000,0.000000
2026-08-10,15:35:04,0.281215,0.000000,0.000000,43706893951675379220480.000000,0.000000
2026-08-10,15:35:04,0.281215,0.000000,0.000000,43706893951675379220480.000000,0.000000
2026-08-10,15:35:05,0.551004,0.000000,0.000000,43706893951675379220480.000000,0.000000
2026-08-10,15:35:06,1.056303,0.000000,0.000000,43706893951675379220480.000000,0.000000
2026-08-10,15:35:06,1.073105,0.000000,0.000000,43706893951675379220480.000000,0.000000
2026-08-10,15:35:07,1.073105,0.000000,0.000000,43706893951675379220480.000000,0.000000
2026-08-10,15:35:08,0.556854,0.000000,0.000000,43706893951675379220480.000000,0.000000
2026-08-10,15:35:08,0.059617,0.000000,0.000000,43706893951675379220480.000000,0.000000
2026-08-10,15:35:09,0.164994,0.000000,0.000000,43706893951675379220480.000000,0.000000
2026-08-10,15:35:10,0.060789,0.000000,0.000000,43706893951675379220480.000000,0.000000
2026-08-10,15:35:10,0.060789,0.000000,0.000000,43706893951675379220480.000000,0.000000
2026-08-10,15:35:11,0.506571,0.000000,0.000000,43706893951675379220480.000000,0.000000
2026-08-10,15:35:12,0.126966,0.000000,0.000000,43706893951675379220480.000000,0.000000
2026-08-10,15:35:12,0.164573,0.000000,0.000000,43706893951675379220480.000000,0.000000
2026-08-10,15:35:13,0.572470,0.000000,0.000000,43706893951675379220480.000000,0.000000
2026-08-10,15:35:14,0.572470,0.000000,0.000000,43706893951675379220480.000000,0.000000
2026-08-10,15:35:14,0.041143,0.000000,0.000000,43706893951675379220480.000000,0.000000
2026-08-10,15:35:15,0.082287,0.000000,0.000000,43706893951675379220480.000000,0.000000
2026-08-10,15:35:16,0.246860,0.000000,0.000000,43706893951675379220480.000000,0.000000
2026-08-10,15:35:16,0.246538,0.000000,0.000000,43706893951675379220480.000000,0.000000
2026-08-10,15:35:17,0.246538,0.000000,0.000000,43706893951675379220480.000000,0.000000
2026-08-10,15:35:18,0.329789,0.000000,0.000000,43706893951675379220480.000000,0.000000
2026-08-10,15:35:18,0.554470,0.000000,0.000000,43706893951675379220480.000000,0.000000
2026-08-10,15:35:19,0.120975,0.000000,0.000000,43706893951675379220480.000000,0.000000
2026-08-10,15:35:20,0.120975,0.000000,0.000000,43706893951675379220480.000000,0.000000
2026-08-10,15:35:20,0.504061,0.000000,0.000000,43706893951675379220480.000000,0.000000
2026-08-10,15:35:21,0.123745,0.000000,0.000000,43706893951675379220480.000000,0.000000
2026-08-10,15:35:22,0.243154,0.000000,0.000000,43706893951675379220480.000000,0.000000
2026-08-10,15:35:22,0.081051,0.000000,0.000000,43706893951675379220480.000000,0.000000
2026-08-10,15:35:23,0.081051,0.000000,0.000000,43706893951675379220480.000000,0.000000
2026-08-10,15:35:24,0.081051,0.000000,0.000000,43706893951675379220480.000000,0.000000
2026-08-10,15:35:24,0.578758,0.000000,0.000000,43706893951675379220480.000000,0.000000
2026-08-10,15:35:25,0.141840,0.000000,0.000000,43706893951675379220480.000000,0.000000
2026-08-10,15:35:26,0.148489,0.000000,0.000000,43706893951675379220480.000000,0.000000
2026-08-10,15:35:26,0.148489,0.000000,0.000000,43706893951675379220480.000000,0.000000
2026-08-10,15:35:27,0.547097,0.000000,0.000000,43706893951675379220480.000000,0.000000
2026-08-10,15:35:28,0.182366,0.000000,0.000000,43706893951675379220480.000000,0.000000
2026-08-10,15:35:28,0.020784,0.000000,0.000000,43706893951675379220480.000000,0.000000
2026-08-10,15:35:29,0.020784,0.000000,0.000000,43706893951675379220480.000000,0.000000
2026-08-10,15:35:30,0.103920,0.000000,0.000000,43706893951675379220480.000000,0.000000
2026-08-10,15:35:30,0.040729,0.000000,0.000000,43706893951675379220480.000000,0.000000
2026-08-10,15:35:31,0.040729,0.000000,0.000000,43706893951675379220480.000000,0.000000
2026-08-10,15:35:32,0.549841,0.000000,0.000000,43706893951675379220480.000000,0.000000
2026-08-10,15:35:32,0.549841,0.000000,0.000000,43706893951675379220480.000000,0.000000
2026-08-10,15:35:33,0.513885,0.000000,0.000000,43706893951675379220480.000000,0.000000
2026-08-10,15:35:34,1.048771,0.000000,0.000000,43706893951675379220480.000000,0.000000
2026-08-10,15:35:34,1.627887,0.000000,0.000000,43706893951675379220480.000000,0.000000
2026-08-10,15:35:35,1.066908,0.000000,0.000000,43706893951675379220480.000000,0.000000
2026-08-10,15:35:36,1.066908,0.000000,0.000000,43706893951675379220480.000000,0.000000
2026-08-10,15:35:36,1.064363,0.000000,0.000000,43706893951675379220480.000000,0.000000
2026-08-10,15:35:37,1.621841,0.000000,0.000000,43706893951675379220480.000000,0.000000
2026-08-10,15:35:38,1.627887,0.000000,0.000000,43706893951675379220480.000000,0.000000
2026-08-10,15:35:38,1.627887,0.000000,0.000000,43706893951675379220480.000000,0.000000
2026-08-10,15:35:39,1.590658,0.000000,0.000000,43706893951675379220480.000000,0.000000
2026-08-10,15:35:40,1.607204,0.000000,0.000000,43706893951675379220480.000000,0.000000
2026-08-10,15:35:40,1.588430,0.000000,0.000000,43706893951675379220480.000000,0.000000
2026-08-10,15:35:41,1.626296,0.000000,0.000000,43706893951675379220480.000000,0.000000
2026-08-10,15:35:42,1.626296,0.000000,0.000000,43706893951675379220480.000000,0.000000
2026-08-10,15:35:42,0.081458,0.000000,0.000000,43706893951675379220480.000000,0.000000
2026-08-10,15:35:43,0.584525,0.000000,0.000000,43706893951675379220480.000000,0.000000
2026-08-10,15:35:44,0.061093,0.000000,0.000000,43706893951675379220480.000000,0.000000
2026-08-10,15:35:44,0.061093,0.000000,0.000000,43706893951675379220480.000000,0.000000
2026-08-10,15:35:45,0.101504,0.000000,0.000000,43706893951675379220480.000000,0.000000
2026-08-10,15:35:46,0.548568,0.000000,0.000000,43706893951675379220480.000000,0.000000
2026-08-10,15:35:46,0.538704,0.000000,0.000000,43706893951675379220480.000000,0.000000
2026-08-10,15:35:47,0.020364,0.000000,0.000000,43706893951675379220480.000000,0.000000
2026-08-10,15:35:48,0.020364,0.000000,0.000000,43706893951675379220480.000000,0.000000
2026-08-10,15:35:48,0.104050,0.000000,0.000000,43706893951675379220480.000000,0.000000
2026-08-10,15:35:49,0.549205,0.000000,0.000000,43706893951675379220480.000000,0.000000
2026-08-10,15:35:50,0.061093,0.000000,0.000000,43706893951675379220480.000000,0.000000
2026-08-10,15:35:50,1.078045,0.000000,0.000000,43706893951675379220480.000000,0.000000
2026-08-10,15:35:51,1.078045,0.000000,0.000000,43706893951675379220480.000000,0.000000
2026-08-10,15:35:52,1.071045,0.000000,0.000000,43706893951675379220480.000000,0.000000
2026-08-10,15:35:52,1.593203,0.000000,0.000000,43706893951675379220480.000000,0.000000
2026-08-10,15:35:53,1.063408,0.000000,0.000000,43706893951675379220480.000000,0.000000
2026-08-10,15:35:54,1.063408,0.000000,0.000000,43706893951675379220480.000000,0.000000
2026-08-10,15:35:54,1.060544,0.000000,0.000000,43706893951675379220480.000000,0.000000
2026-08-10,15:35:55,1.062135,0.000000,0.000000,43706893951675379220480.000000,0.000000
2026-08-10,15:35:56,1.098728,0.000000,0.000000,43706893951675379220480.000000,0.000000
2026-08-10,15:35:56,1.058954,0.000000,0.000000,43706893951675379220480.000000,0.000000
2026-08-10,15:35:57,1.058954,0.000000,0.000000,43706893951675379220480.000000,0.000000
2026-08-10,15:35:58,1.060226,0.000000,0.000000,43706893951675379220480.000000,0.000000
2026-08-10,15:35:58,1.061181,0.000000,0.000000,43706893951675379220480.000000,0.000000
2026-08-10,15:35:59,0.124063,0.000000,0.000000,43706893951675379220480.000000,0.000000
2026-08-10,15:36:00,0.124063,0.000000,0.000000,43706893951675379220480.000000,0.000000
2026-08-10,15:36:00,0.549100,0.000000,0.000000,43706893951675379220480.000000,0.000000
2026-08-10,15:36:01,0.121881,0.000000,0.000000,43706893951675379220480.000000,0.000000
2026-08-10,15:36:02,0.078080,0.000000,0.000000,43706893951675379220480.000000,0.000000
2026-08-10,15:36:03,0.101568,0.000000,0.000000,43706893951675379220480.000000,0.000000
2026-08-10,15:36:03,0.101568,0.000000,0.000000,43706893951675379220480.000000,0.000000
2026-08-10,15:36:04,0.081254,0.000000,0.000000,43706893951675379220480.000000,0.000000
2026-08-10,15:36:05,0.548465,0.000000,0.000000,43706893951675379220480.000000,0.000000
2026-08-10,15:36:05,0.081254,0.000000,0.000000,43706893951675379220480.000000,0.000000
2026-08-10,15:36:06,0.584013,0.000000,0.000000,43706893951675379220480.000000,0.000000
2026-08-10,15:36:07,0.584013,0.000000,0.000000,43706893951675379220480.000000,0.000000
2026-08-10,15:36:07,0.062210,0.000000,0.000000,43706893951675379220480.000000,0.000000
2026-08-10,15:36:08,0.549734,0.000000,0.000000,43706893951675379220480.000000,0.000000
2026-08-10,15:36:09,0.583379,0.000000,0.000000,43706893951675379220480.000000,0.000000
2026-08-10,15:36:09,0.583379,0.000000,0.000000,43706893951675379220480.000000,0.000000
2026-08-10,15:36:10,0.577031,0.000000,0.000000,43706893951675379220480.000000,0.000000
2026-08-10,15:36:11,0.520216,0.000000,0.000000,43706893951675379220480.000000,0.000000
2026-08-10,15:36:11,0.520851,0.000000,0.000000,43706893951675379220480.000000,0.000000
2026-08-10,15:36:12,0.520851,0.000000,0.000000,43706893951675379220480.000000,0.000000
2026-08-10,15:36:13,0.541482,0.000000,0.000000,43706893951675379220480.000000,0.000000
2026-08-10,15:36:13,0.555448,0.000000,0.000000,43706893951675379220480.000000,0.000000
2026-08-10,15:36:14,0.548147,0.000000,0.000000,43706893951675379220480.000000,0.000000
2026-08-10,15:36:15,0.548147,0.000000,0.000000,43706893951675379220480.000000,0.000000
2026-08-10,15:36:15,0.548147,0.000000,0.000000,43706893951675379220480.000000,0.000000
2026-08-10,15:36:16,0.525295,0.000000,0.000000,43706893951675379220480.000000,0.000000
2026-08-10,15:36:17,2.825165,0.000000,0.000000,43706893951675379220480.000000,0.000000
2026-08-10,15:36:17,2.830244,0.000000,0.000000,43706893951675379220480.000000,0.000000
2026-08-10,15:36:18,2.830244,0.000000,0.000000,43706893951675379220480.000000,0.000000
2026-08-10,15:36:19,2.291223,0.000000,0.000000,43706893951675379220480.000000,0.000000
2026-08-10,15:36:19,2.840172,0.000000,0.000000,43706893951675379220480.000000,0.000000
2026-08-10,15:36:20,2.811432,0.000000,0.000000,43706893951675379220480.000000,0.000000
2026-08-10,15:36:21,2.845856,0.000000,0.000000,43706893951675379220480.000000,0.000000
2026-08-10,15:36:21,2.845856,0.000000,0.000000,43706893951675379220480.000000,0.000000
2026-08-10,15:36:22,2.809853,0.000000,0.000000,43706893951675379220480.000000,0.000000
2026-08-10,15:36:23,2.835119,0.000000,0.000000,43706893951675379220480.000000,0.000000
2026-08-10,15:36:23,2.849015,0.000000,0.000000,43706893951675379220480.000000,0.000000
2026-08-10,15:36:24,2.875418,0.000000,0.000000,43706893951675379220480.000000,0.000000
2026-08-10,15:36:25,2.875418,0.000000,0.000000,43706893951675379220480.000000,0.000000
2026-08-10,15:36:25,0.543422,0.000000,0.000000,43706893951675379220480.000000,0.000000
2026-08-10,15:36:26,0.522682,0.000000,0.000000,43706893951675379220480.000000,0.000000
2026-08-10,15:36:27,0.520852,0.000000,0.000000,43706893951675379220480.000000,0.000000
2026-08-10,15:36:27,0.520852,0.000000,0.000000,43706893951675379220480.000000,0.000000
2026-08-10,15:36:28,0.551300,0.000000,0.000000,43706893951675379220480.000000,0.000000
2026-08-10,15:36:29,0.531218,0.000000,0.000000,43706893951675379220480.000000,0.000000
2026-08-10,15:36:29,0.539742,0.000000,0.000000,43706893951675379220480.000000,0.000000
2026-08-10,15:36:30,0.539742,0.000000,0.000000,43706893951675379220480.000000,0.000000
2026-08-10,15:36:31,0.525069,0.000000,0.000000,43706893951675379220480.000000,0.000000
2026-08-10,15:36:31,1.096073,0.000000,0.000000,43706893951675379220480.000000,0.000000
2026-08-10,15:36:32,0.571961,0.000000,0.000000,43706893951675379220480.000000,0.000000
2026-08-10,15:36:33,0.571961,0.000000,0.000000,43706893951675379220480.000000,0.000000
2026-08-10,15:36:33,0.521241,0.000000,0.000000,43706893951675379220480.000000,0.000000
2026-08-10,15:36:34,0.547398,0.000000,0.000000,43706893951675379220480.000000,0.000000
2026-08-10,15:36:35,0.549631,0.000000,0.000000,43706893951675379220480.000000,0.000000
2026-08-10,15:36:35,0.517413,0.000000,0.000000,43706893951675379220480.000000,0.000000
2026-08-10,15:36:36,0.517413,0.000000,0.000000,43706893951675379220480.000000,0.000000
2026-08-10,15:36:37,0.514861,0.000000,0.000000,43706893951675379220480.000000,0.000000
2026-08-10,15:36:37,0.347068,0.000000,0.000000,43706893951675379220480.000000,0.000000
2026-08-10,15:36:38,0.448828,0.000000,0.000000,43706893951675379220480.000000,0.000000
2026-08-10,15:36:39,0.448828,0.000000,0.000000,43706893951675379220480.000000,0.000000
2026-08-10,15:36:39,0.551226,0.000000,0.000000,43706893951675379220480.000000,0.000000
2026-08-10,15:36:40,0.581850,0.000000,0.000000,43706893951675379220480.000000,0.000000
2026-08-10,15:36:41,0.512628,0.000000,0.000000,43706893951675379220480.000000,0.000000
2026-08-10,15:36:41,0.512628,0.000000,0.000000,43706893951675379220480.000000,0.000000
2026-08-10,15:36:42,0.359190,0.000000,0.000000,43706893951675379220480.000000,0.000000
2026-08-10,15:36:43,0.510395,0.000000,0.000000,43706893951675379220480.000000,0.000000
2026-08-10,15:36:43,0.567495,0.000000,0.000000,43706893951675379220480.000000,0.000000
2026-08-10,15:36:44,0.567495,0.000000,0.000000,43706893951675379220480.000000,0.000000
2026-08-10,15:36:45,0.183423,0.000000,0.000000,43706893951675379220480.000000,0.000000
2026-08-10,15:36:45,0.510395,0.000000,0.000000,43706893951675379220480.000000,0.000000
2026-08-10,15:36:46,0.540699,0.000000,0.000000,43706893951675379220480.000000,0.000000
2026-08-10,15:36:47,0.562710,0.000000,0.000000,43706893951675379220480.000000,0.000000
2026-08-10,15:36:47,0.562710,0.000000,0.000000,43706893951675379220480.000000,0.000000
2026-08-10,15:36:48,0.550907,0.000000,0.000000,43706893951675379220480.000000,0.000000
2026-08-10,15:36:49,0.550907,0.000000,0.000000,43706893951675379220480.000000,0.000000
2026-08-10,15:36:49,0.550907,0.000000,0.000000,43706893951675379220480.000000,0.000000
2026-08-10,15:36:50,0.550907,0.000000,0.000000,43706893951675379220480.000000,0.000000
2026-08-10,15:36:51,0.584721,0.000000,0.000000,43706893951675379220480.000000,0.000000
2026-08-10,15:36:51,0.142911,0.000000,0.000000,43706893951675379220480.000000,0.000000
2026-08-10,15:36:52,0.550907,0.000000,0.000000,43706893951675379220480.000000,0.000000
2026-08-10,15:36:53,0.543570,0.000000,0.000000,43706893951675379220480.000000,0.000000
2026-08-10,15:36:53,0.543570,0.000000,0.000000,43706893951675379220480.000000,0.000000
2026-08-10,15:36:54,0.530173,0.000000,0.000000,43706893951675379220480.000000,0.000000
2026-08-10,15:36:55,0.612474,0.000000,0.000000,43706893951675379220480.000000,0.000000
2026-08-10,15:36:55,0.518511,0.000000,0.000000,43706893951675379220480.000000,0.000000
2026-08-10,15:36:56,0.518511,0.000000,0.000000,43706893951675379220480.000000,0.000000
2026-08-10,15:36:57,0.284157,0.000000,0.000000,43706893951675379220480.000000,0.000000
2026-08-10,15:36:57,0.163739,0.000000,0.000000,43706893951675379220480.000000,0.000000
2026-08-10,15:36:58,0.202755,0.000000,0.000000,43706893951675379220480.000000,0.000000
2026-08-10,15:36:59,0.409348,0.000000,0.000000,43706893951675379220480.000000,0.000000
2026-08-10,15:36:59,0.409348,0.000000,0.000000,43706893951675379220480.000000,0.000000
2026-08-10,15:37:00,0.286224,0.000000,0.000000,43706893951675379220480.000000,0.000000
2026-08-10,15:37:01,0.409348,0.000000,0.000000,43706893951675379220480.000000,0.000000
2026-08-10,15:37:01,0.184207,0.000000,0.000000,43706893951675379220480.000000,0.000000
2026-08-10,15:37:02,0.245609,0.000000,0.000000,43706893951675379220480.000000,0.000000
2026-08-10,15:37:03,0.245609,0.000000,0.000000,43706893951675379220480.000000,0.000000
2026-08-10,15:37:03,0.141353,0.000000,0.000000,43706893951675379220480.000000,0.000000
2026-08-10,15:37:04,0.265757,0.000000,0.000000,43706893951675379220480.000000,0.000000
2026-08-10,15:37:05,0.262112,0.000000,0.000000,43706893951675379220480.000000,0.000000
2026-08-10,15:37:05,0.544386,0.000000,0.000000,43706893951675379220480.000000,0.000000
2026-08-10,15:37:06,0.544386,0.000000,0.000000,43706893951675379220480.000000,0.000000
2026-08-10,15:37:07,0.592272,0.000000,0.000000,43706893951675379220480.000000,0.000000
2026-08-10,15:37:07,0.504061,0.000000,0.000000,43706893951675379220480.000000,0.000000
2026-08-10,15:37:08,0.504061,0.000000,0.000000,43706893951675379220480.000000,0.000000
2026-08-10,15:37:09,0.504061,0.000000,0.000000,43706893951675379220480.000000,0.000000
2026-08-10,15:37:09,0.544071,0.000000,0.000000,43706893951675379220480.000000,0.000000
2026-08-10,15:37:10,0.531833,0.000000,0.000000,43706893951675379220480.000000,0.000000
2026-08-10,15:37:11,0.514564,0.000000,0.000000,43706893951675379220480.000000,0.000000
2026-08-10,15:37:11,0.514564,0.000000,0.000000,43706893951675379220480.000000,0.000000
2026-08-10,15:37:12,0.535351,0.000000,0.000000,43706893951675379220480.000000,0.000000
2026-08-10,15:37:13,0.552300,0.000000,0.000000,43706893951675379220480.000000,0.000000
2026-08-10,15:37:14,0.525437,0.000000,0.000000,43706893951675379220480.000000,0.000000
2026-08-10,15:37:14,0.517762,0.532171,0.000000,43706893951675379220480.000000,0.000000
2026-08-10,15:37:15,0.517762,0.532171,0.000000,43706893951675379220480.000000,0.000000
2026-08-10,15:37:16,0.517122,0.524656,0.000000,43706893951675379220480.000000,0.000000
2026-08-10,15:37:16,0.547503,0.529000,0.000000,43706893951675379220480.000000,0.000000
2026-08-10,15:37:17,1.598057,0.529000,0.000000,43706893951675379220480.000000,0.000000
2026-08-10,15:37:18,1.598057,0.529000,0.000000,43706893951675379220480.000000,0.000000
2026-08-10,15:37:18,1.600616,0.529000,0.000000,43706893951675379220480.000000,0.000000
2026-08-10,15:37:19,1.632596,0.529000,0.000000,43706893951675379220480.000000,0.000000
2026-08-10,15:37:20,1.629078,0.529000,0.000000,43706893951675379220480.000000,0.000000
2026-08-10,15:37:20,1.650505,0.529000,0.000000,43706893951675379220480.000000,0.000000
2026-08-10,15:37:21,1.650505,0.529000,0.000000,43706893951675379220480.000000,0.000000
2026-08-10,15:37:22,1.621723,0.529000,0.000000,43706893951675379220480.000000,0.000000
2026-08-10,15:37:22,1.596458,0.529000,0.000000,43706893951675379220480.000000,0.000000
2026-08-10,15:37:23,1.605413,0.529000,0.000000,43706893951675379220480.000000,0.000000
2026-08-10,15:37:24,1.613088,0.529000,0.000000,43706893951675379220480.000000,0.000000
2026-08-10,15:37:24,1.613088,0.529000,0.000000,43706893951675379220480.000000,0.000000
2026-08-10,15:37:25,1.605413,1.615295,0.000000,43706893951675379220480.000000,0.000000
2026-08-10,15:37:26,1.603814,1.615870,0.000000,43706893951675379220480.000000,0.000000
2026-08-10,15:37:26,1.599976,1.615806,0.000000,43706893951675379220480.000000,0.000000
2026-08-10,15:37:27,1.599976,1.612384,0.000000,43706893951675379220480.000000,0.000000
2026-08-10,15:37:28,1.598377,1.612384,0.000000,43706893951675379220480.000000,0.000000
2026-08-10,15:37:28,1.637073,1.613184,0.000000,43706893951675379220480.000000,0.000000
2026-08-10,15:37:29,1.605413,1.608675,0.000000,43706893951675379220480.000000,0.000000
2026-08-10,15:37:30,1.634195,1.609922,0.000000,43706893951675379220480.000000,0.000000
2026-08-10,15:37:30,1.634195,1.609922,0.000000,43706893951675379220480.000000,0.000000
2026-08-10,15:37:31,1.599336,1.610210,0.000000,43706893951675379220480.000000,0.000000
2026-08-10,15:37:32,1.636434,1.613312,0.000000,43706893951675379220480.000000,0.000000
2026-08-10,15:37:32,1.601895,1.612193,0.000000,43706893951675379220480.000000,0.000000
2026-08-10,15:37:33,1.597098,1.611361,0.000000,43706893951675379220480.000000,0.000000
2026-08-10,15:37:34,1.597098,1.611361,0.000000,43706893951675379220480.000000,0.000000
2026-08-10,15:37:34,0.061402,1.611361,0.000000,43706893951675379220480.000000,0.000000
2026-08-10,15:37:35,0.511685,1.611361,0.000000,43706893951675379220480.000000,0.000000
2026-08-10,15:37:36,0.511685,1.611361,0.000000,43706893951675379220480.000000,0.000000
2026-08-10,15:37:36,0.511685,1.611361,0.000000,43706893951675379220480.000000,0.000000
2026-08-10,15:37:37,0.204354,1.611361,0.000000,43706893951675379220480.000000,0.000000
2026-08-10,15:37:38,0.276310,1.611361,0.000000,43706893951675379220480.000000,0.000000
2026-08-10,15:37:38,0.183887,1.611361,0.000000,43706893951675379220480.000000,0.000000
2026-08-10,15:37:39,0.327159,1.611361,0.000000,43706893951675379220480.000000,0.000000
2026-08-10,15:37:40,0.327159,1.611361,0.000000,43706893951675379220480.000000,0.000000
2026-08-10,15:37:40,0.511685,1.611361,0.000000,43706893951675379220480.000000,0.000000
2026-08-10,15:37:41,0.550701,1.611361,0.000000,43706893951675379220480.000000,0.000000
2026-08-10,15:37:42,0.205634,1.611361,0.000000,43706893951675379220480.000000,0.000000
2026-08-10,15:37:42,0.205634,1.611361,0.000000,43706893951675379220480.000000,0.000000
2026-08-10,15:37:43,0.547184,1.611361,0.000000,43706893951675379220480.000000,0.000000
2026-08-10,15:37:44,0.522878,1.611361,0.000000,43706893951675379220480.000000,0.000000
2026-08-10,15:37:44,0.513924,1.611361,0.000000,43706893951675379220480.000000,0.000000
2026-08-10,15:37:45,0.513604,1.611361,0.000000,43706893951675379220480.000000,0.000000
2026-08-10,15:37:46,0.513604,1.611361,0.000000,43706893951675379220480.000000,0.000000
2026-08-10,15:37:46,0.551341,1.611361,0.000000,43706893951675379220480.000000,0.000000
2026-08-10,15:37:47,0.529274,1.611361,0.000000,43706893951675379220480.000000,0.000000
2026-08-10,15:37:48,0.552300,1.611361,0.000000,43706893951675379220480.000000,0.000000
2026-08-10,15:37:48,0.552300,1.611361,0.000000,43706893951675379220480.000000,0.000000
2026-08-10,15:37:49,0.517762,1.611361,0.000000,43706893951675379220480.000000,0.000000
2026-08-10,15:37:50,0.552300,1.611361,0.000000,43706893951675379220480.000000,0.000000
2026-08-10,15:37:50,0.512964,0.531353,0.000000,43706893951675379220480.000000,0.000000
2026-08-10,15:37:51,0.512964,0.531865,0.000000,43706893951675379220480.000000,0.000000
2026-08-10,15:37:52,0.552300,0.531865,0.000000,43706893951675379220480.000000,0.000000
2026-08-10,15:37:52,0.525437,0.532121,0.000000,43706893951675379220480.000000,0.000000
2026-08-10,15:37:53,0.547503,0.535479,0.000000,43706893951675379220480.000000,0.000000
2026-08-10,15:37:54,0.547503,0.536566,0.000000,43706893951675379220480.000000,0.000000
2026-08-10,15:37:54,0.524477,0.536566,0.000000,43706893951675379220480.000000,0.000000
2026-08-10,15:37:55,0.543346,0.535766,0.000000,43706893951675379220480.000000,0.000000
2026-08-10,15:37:56,0.550381,0.537877,0.000000,43706893951675379220480.000000,0.000000
2026-08-10,15:37:56,0.518721,0.534519,0.000000,43706893951675379220480.000000,0.000000
2026-08-10,15:37:57,0.518721,0.534519,0.000000,43706893951675379220480.000000,0.000000
2026-08-10,15:37:58,0.550701,0.537813,0.000000,43706893951675379220480.000000,0.000000
2026-08-10,15:37:58,0.546224,0.537206,0.000000,43706893951675379220480.000000,0.000000
2026-08-10,15:37:59,0.545584,0.540468,0.000000,43706893951675379220480.000000,0.000000
2026-08-10,15:38:00,0.545584,0.540468,0.000000,43706893951675379220480.000000,0.000000
2026-08-10,15:38:00,0.516802,0.536918,0.000000,43706893951675379220480.000000,0.000000
2026-08-10,15:38:01,0.541866,0.538561,0.000000,43706893951675379220480.000000,0.000000
2026-08-10,15:38:02,0.522239,0.536034,0.000000,43706893951675379220480.000000,0.000000
2026-08-10,15:38:02,0.522239,0.538849,0.000000,43706893951675379220480.000000,0.000000
2026-08-10,15:38:03,0.552620,0.538849,0.000000,43706893951675379220480.000000,0.000000
2026-08-10,15:38:04,0.542386,0.538753,0.000000,43706893951675379220480.000000,0.000000
2026-08-10,15:38:04,0.545265,0.538241,0.000000,43706893951675379220480.000000,0.000000
2026-08-10,15:38:05,0.545265,0.538241,0.000000,43706893951675379220480.000000,0.000000
2026-08-10,15:38:06,1.067823,0.538241,0.000000,43706893951675379220480.000000,0.000000
2026-08-10,15:38:06,1.067503,0.538241,0.000000,43706893951675379220480.000000,0.000000
2026-08-10,15:38:07,0.593235,0.545692,0.000000,43706893951675379220480.000000,0.000000
2026-08-10,15:38:08,1.064305,0.545692,0.000000,43706893951675379220480.000000,0.000000
2026-08-10,15:38:08,1.064305,0.545692,0.000000,43706893951675379220480.000000,0.000000
2026-08-10,15:38:09,1.099804,0.545692,0.000000,43706893951675379220480.000000,0.000000
2026-08-10,15:38:10,1.074539,0.545692,0.000000,43706893951675379220480.000000,0.000000
2026-08-10,15:38:10,1.064305,0.545692,0.000000,43706893951675379220480.000000,0.000000
2026-08-10,15:38:11,1.064305,0.545692,0.000000,43706893951675379220480.000000,0.000000
2026-08-10,15:38:12,1.081575,0.545692,0.000000,43706893951675379220480.000000,0.000000
2026-08-10,15:38:12,1.634835,0.545692,0.000000,43706893951675379220480.000000,0.000000
2026-08-10,15:38:13,1.617245,0.545692,0.000000,43706893951675379220480.000000,0.000000
2026-08-10,15:38:14,1.610849,0.545692,0.000000,43706893951675379220480.000000,0.000000
2026-08-10,15:38:14,1.610849,0.545692,0.000000,43706893951675379220480.000000,0.000000
2026-08-10,15:38:15,1.630997,0.545692,0.000000,43706893951675379220480.000000,0.000000
2026-08-10,15:38:16,1.635474,0.545692,0.000000,43706893951675379220480.000000,0.000000
2026-08-10,15:38:16,1.049275,0.545692,0.000000,43706893951675379220480.000000,0.000000
2026-08-10,15:38:17,1.049275,0.545692,0.000000,43706893951675379220480.000000,0.000000
2026-08-10,15:38:18,1.045117,0.545692,0.000000,43706893951675379220480.000000,0.000000
2026-08-10,15:38:18,1.081255,0.545692,0.000000,43706893951675379220480.000000,0.000000
2026-08-10,15:38:19,1.071661,0.545692,0.000000,43706893951675379220480.000000,0.000000
2026-08-10,15:38:20,1.617565,0.545692,0.000000,43706893951675379220480.000000,0.000000
2026-08-10,15:38:20,1.617565,0.545692,0.000000,43706893951675379220480.000000,0.000000
2026-08-10,15:38:21,1.596458,0.545692,0.000000,43706893951675379220480.000000,0.000000
2026-08-10,15:38:22,1.072940,0.545692,0.000000,43706893951675379220480.000000,0.000000
2026-08-10,15:38:22,1.100443,0.545692,0.000000,43706893951675379220480.000000,0.000000
2026-08-10,15:38:23,1.100443,0.545692,0.000000,43706893951675379220480.000000,0.000000
2026-08-10,15:38:24,1.088611,0.545692,0.000000,43706893951675379220480.000000,0.000000
2026-08-10,15:38:24,1.075818,0.545692,0.000000,43706893951675379220480.000000,0.000000
2026-08-10,15:38:25,1.066544,0.545692,0.000000,43706893951675379220480.000000,0.000000
2026-08-10,15:38:26,1.601895,0.545692,0.000000,43706893951675379220480.000000,0.000000
2026-08-10,15:38:26,1.601895,0.545692,0.000000,43706893951675379220480.000000,0.000000
2026-08-10,15:38:27,1.633555,0.545692,0.000000,43706893951675379220480.000000,0.000000
2026-08-10,15:38:28,1.629718,0.545692,0.000000,43706893951675379220480.000000,0.000000
2026-08-10,15:38:28,1.603814,0.545692,0.000000,43706893951675379220480.000000,0.000000
2026-08-10,15:38:29,1.603814,0.545692,0.000000,43706893951675379220480.000000,0.000000
2026-08-10,15:38:30,1.613408,0.545692,0.000000,43706893951675379220480.000000,0.000000
2026-08-10,15:38:30,1.602854,0.545692,0.000000,43706893951675379220480.000000,0.000000
2026-08-10,15:38:31,1.631956,0.545692,0.000000,43706893951675379220480.000000,0.000000
2026-08-10,15:38:32,1.625560,0.545692,0.000000,43706893951675379220480.000000,0.000000
2026-08-10,15:38:32,1.625560,0.545692,0.000000,43706893951675379220480.000000,0.000000
2026-08-10,15:38:33,1.634835,0.545692,0.000000,43706893951675379220480.000000,0.000000
2026-08-10,15:38:34,1.633555,1.621115,0.000000,43706893951675379220480.000000,0.000000
2026-08-10,15:38:34,1.614687,1.622394,0.000000,43706893951675379220480.000000,0.000000
2026-08-10,15:38:35,1.614687,1.620092,0.000000,43706893951675379220480.000000,0.000000
2026-08-10,15:38:36,1.610530,1.620092,0.000000,43706893951675379220480.000000,0.000000
2026-08-10,15:38:36,1.602535,1.617373,0.000000,43706893951675379220480.000000,0.000000
2026-08-10,15:38:37,1.625241,1.619516,0.000000,43706893951675379220480.000000,0.000000
2026-08-10,15:38:38,1.637073,1.621883,0.000000,43706893951675379220480.000000,0.000000
2026-08-10,15:38:38,1.637073,1.622582,0.000000,43706893951675379220480.000000,0.000000
2026-08-10,15:38:39,1.609846,1.622582,0.000000,43706893951675379220480.000000,0.000000
2026-08-10,15:38:40,1.613587,1.620745,0.000000,43706893951675379220480.000000,0.000000
2026-08-10,15:38:40,1.580502,1.616239,0.000000,43706893951675379220480.000000,0.000000
2026-08-10,15:38:41,1.580502,1.610806,0.000000,43706893951675379220480.000000,0.000000
2026-08-10,15:38:42,1.580502,1.610806,0.000000,43706893951675379220480.000000,0.000000
2026-08-10,15:38:42,1.604248,1.607875,0.000000,43706893951675379220480.000000,0.000000
2026-08-10,15:38:43,0.512903,1.607875,0.000000,43706893951675379220480.000000,0.000000
2026-08-10,15:38:44,0.521452,1.607875,0.000000,43706893951675379220480.000000,0.000000
2026-08-10,15:38:44,0.521452,1.607875,0.000000,43706893951675379220480.000000,0.000000
2026-08-10,15:38:45,0.541398,1.607875,0.000000,43706893951675379220480.000000,0.000000
2026-08-10,15:38:46,0.546780,1.607875,0.000000,43706893951675379220480.000000,0.000000
2026-08-10,15:38:47,0.529683,1.607875,0.000000,43706893951675379220480.000000,0.000000
2026-08-10,15:38:47,0.529683,1.607875,0.000000,43706893951675379220480.000000,0.000000
2026-08-10,15:38:48,0.519755,1.607875,0.000000,43706893951675379220480.000000,0.000000
2026-08-10,15:38:49,0.505312,1.607875,0.000000,43706893951675379220480.000000,0.000000
2026-08-10,15:38:49,0.553702,1.607875,0.000000,43706893951675379220480.000000,0.000000
2026-08-10,15:38:50,0.541519,1.607875,0.000000,43706893951675379220480.000000,0.000000
2026-08-10,15:38:51,0.541519,1.607875,0.000000,43706893951675379220480.000000,0.000000
2026-08-10,15:38:51,0.553702,0.532621,0.000000,43706893951675379220480.000000,0.000000
2026-08-10,15:38:52,1.617823,0.532621,0.000000,43706893951675379220480.000000,0.000000
2026-08-10,15:38:53,1.636419,0.532621,0.000000,43706893951675379220480.000000,0.000000
2026-08-10,15:38:53,1.636419,0.532621,0.000000,43706893951675379220480.000000,0.000000
2026-08-10,15:38:54,1.636739,0.532621,0.000000,43706893951675379220480.000000,0.000000
2026-08-10,15:38:55,1.638022,0.532621,0.000000,43706893951675379220480.000000,0.000000
2026-08-10,15:38:55,1.618465,0.532621,0.000000,43706893951675379220480.000000,0.000000
2026-08-10,15:38:56,1.640908,0.532621,0.000000,43706893951675379220480.000000,0.000000
2026-08-10,15:38:57,1.640908,0.532621,0.000000,43706893951675379220480.000000,0.000000
2026-08-10,15:38:57,1.627442,0.532621,0.000000,43706893951675379220480.000000,0.000000
2026-08-10,15:38:58,1.613976,0.532621,0.000000,43706893951675379220480.000000,0.000000
2026-08-10,15:38:59,1.638984,0.532621,0.000000,43706893951675379220480.000000,0.000000
2026-08-10,15:38:59,1.638984,1.630840,0.000000,43706893951675379220480.000000,0.000000
2026-08-10,15:39:00,1.639625,1.630840,0.000000,43706893951675379220480.000000,0.000000
2026-08-10,15:39:01,1.053541,1.630840,0.000000,43706893951675379220480.000000,0.000000
2026-08-10,15:39:01,1.084320,1.630840,0.000000,43706893951675379220480.000000,0.000000
2026-08-10,15:39:02,1.069892,1.630840,0.000000,43706893951675379220480.000000,0.000000
2026-08-10,15:39:03,1.069892,1.630840,0.000000,43706893951675379220480.000000,0.000000
2026-08-10,15:39:03,1.050014,1.630840,0.000000,43706893951675379220480.000000,0.000000
2026-08-10,15:39:04,1.070213,1.630840,0.000000,43706893951675379220480.000000,0.000000
2026-08-10,15:39:05,1.078228,1.630840,0.000000,43706893951675379220480.000000,0.000000
2026-08-10,15:39:05,1.078228,1.630840,0.000000,43706893951675379220480.000000,0.000000
2026-08-10,15:39:06,1.077587,1.630840,0.000000,43706893951675379220480.000000,0.000000
2026-08-10,15:39:07,1.076304,1.630840,0.000000,43706893951675379220480.000000,0.000000
2026-08-10,15:39:07,1.052579,1.630840,0.000000,43706893951675379220480.000000,0.000000
2026-08-10,15:39:08,1.081755,1.069443,0.000000,43706893951675379220480.000000,0.000000
2026-08-10,15:39:09,1.081755,1.069443,0.000000,43706893951675379220480.000000,0.000000
2026-08-10,15:39:09,0.521961,1.069443,0.000000,43706893951675379220480.000000,0.000000
2026-08-10,15:39:10,0.550175,1.069443,0.000000,43706893951675379220480.000000,0.000000
2026-08-10,15:39:11,0.519396,1.069443,0.000000,43706893951675379220480.000000,0.000000
2026-08-10,15:39:11,0.519396,1.069443,0.000000,43706893951675379220480.000000,0.000000
2026-08-10,15:39:12,0.553702,1.069443,0.000000,43706893951675379220480.000000,0.000000
2026-08-10,15:39:13,0.538313,1.069443,0.000000,43706893951675379220480.000000,0.000000
2026-08-10,15:39:13,0.544725,1.069443,0.000000,43706893951675379220480.000000,0.000000
2026-08-10,15:39:14,0.544725,1.069443,0.000000,43706893951675379220480.000000,0.000000
2026-08-10,15:39:15,0.532541,1.069443,0.000000,43706893951675379220480.000000,0.000000
2026-08-10,15:39:15,0.516511,1.069443,0.000000,43706893951675379220480.000000,0.000000
2026-08-10,15:39:16,0.529335,1.069443,0.000000,43706893951675379220480.000000,0.000000
2026-08-10,15:39:17,0.540557,0.534722,0.000000,43706893951675379220480.000000,0.000000
2026-08-10,15:39:17,0.540557,0.534722,0.000000,43706893951675379220480.000000,0.000000
2026-08-10,15:39:18,0.524847,0.535010,0.000000,43706893951675379220480.000000,0.000000
2026-08-10,15:39:19,0.549855,0.534978,0.000000,43706893951675379220480.000000,0.000000
2026-08-10,15:39:19,0.553702,0.538409,0.000000,43706893951675379220480.000000,0.000000
2026-08-10,15:39:20,0.553702,0.537832,0.000000,43706893951675379220480.000000,0.000000
2026-08-10,15:39:21,0.547931,0.537832,0.000000,43706893951675379220480.000000,0.000000
2026-08-10,15:39:21,0.512984,0.535299,0.000000,43706893951675379220480.000000,0.000000
2026-08-10,15:39:22,1.072137,0.535299,0.000000,43706893951675379220480.000000,0.000000
2026-08-10,15:39:23,1.072137,0.535299,0.000000,43706893951675379220480.000000,0.000000
2026-08-10,15:39:23,1.098106,0.535299,0.000000,43706893951675379220480.000000,0.000000
2026-08-10,15:39:24,0.526225,0.533449,0.000000,43706893951675379220480.000000,0.000000
2026-08-10,15:39:25,0.512984,0.531493,0.000000,43706893951675379220480.000000,0.000000
2026-08-10,15:39:25,0.551458,0.534988,0.000000,43706893951675379220480.000000,0.000000
2026-08-10,15:39:26,0.551458,0.534988,0.000000,43706893951675379220480.000000,0.000000
2026-08-10,15:39:27,0.549213,0.536976,0.000000,43706893951675379220480.000000,0.000000
2026-08-10,15:39:27,0.513305,0.534250,0.000000,43706893951675379220480.000000,0.000000
2026-08-10,15:39:28,0.546969,0.536463,0.000000,43706893951675379220480.000000,0.000000
2026-08-10,15:39:29,0.546969,0.536463,0.000000,43706893951675379220480.000000,0.000000
2026-08-10,15:39:29,0.553702,0.536847,0.000000,43706893951675379220480.000000,0.000000
2026-08-10,15:39:30,0.546649,0.536142,0.000000,43706893951675379220480.000000,0.000000
2026-08-10,15:39:31,0.542481,0.535597,0.000000,43706893951675379220480.000000,0.000000
2026-08-10,15:39:31,0.542481,0.536270,0.000000,43706893951675379220480.000000,0.000000
2026-08-10,15:39:32,0.519717,0.536270,0.000000,43706893951675379220480.000000,0.000000
2026-08-10,15:39:33,0.512984,0.534946,0.000000,43706893951675379220480.000000,0.000000
2026-08-10,15:39:33,0.553702,0.539018,0.000000,43706893951675379220480.000000,0.000000
2026-08-10,15:39:34,0.553702,0.539018,0.000000,43706893951675379220480.000000,0.000000
2026-08-10,15:39:35,1.067007,0.539018,0.000000,43706893951675379220480.000000,0.000000
2026-08-10,15:39:35,1.081114,0.539018,0.000000,43706893951675379220480.000000,0.000000
2026-08-10,15:39:36,1.088948,0.539018,0.000000,43706893951675379220480.000000,0.000000
2026-08-10,15:39:37,1.600577,0.539018,0.000000,43706893951675379220480.000000,0.000000
2026-08-10,15:39:37,1.600577,0.539018,0.000000,43706893951675379220480.000000,0.000000
2026-08-10,15:39:38,1.110424,0.539018,0.000000,43706893951675379220480.000000,0.000000
2026-08-10,15:39:39,1.071262,0.539018,0.000000,43706893951675379220480.000000,0.000000
2026-08-10,15:39:39,1.106689,0.539018,0.000000,43706893951675379220480.000000,0.000000
2026-08-10,15:39:40,1.106689,0.539018,0.000000,43706893951675379220480.000000,0.000000
2026-08-10,15:39:41,1.655221,0.539018,0.000000,43706893951675379220480.000000,0.000000
2026-08-10,15:39:41,1.089128,0.539018,0.000000,43706893951675379220480.000000,0.000000
2026-08-10,15:39:42,1.104958,0.539018,0.000000,43706893951675379220480.000000,0.000000
2026-08-10,15:39:43,1.683700,0.539018,0.000000,43706893951675379220480.000000,0.000000
2026-08-10,15:39:43,1.683700,0.539018,0.000000,43706893951675379220480.000000,0.000000
2026-08-10,15:39:44,1.083773,0.539018,0.000000,43706893951675379220480.000000,0.000000
2026-08-10,15:39:45,1.095546,0.539018,0.000000,43706893951675379220480.000000,0.000000
2026-08-10,15:39:45,1.105410,0.539018,0.000000,43706893951675379220480.000000,0.000000
2026-08-10,15:39:46,1.105410,0.539018,0.000000,43706893951675379220480.000000,0.000000
2026-08-10,15:39:47,1.102546,0.539018,0.000000,43706893951675379220480.000000,0.000000
2026-08-10,15:39:47,1.650059,0.539018,0.000000,43706893951675379220480.000000,0.000000
2026-08-10,15:39:48,1.680585,0.539018,0.000000,43706893951675379220480.000000,0.000000
2026-08-10,15:39:49,1.680585,0.539018,0.000000,43706893951675379220480.000000,0.000000
2026-08-10,15:39:49,1.084868,0.539018,0.000000,43706893951675379220480.000000,0.000000
2026-08-10,15:39:50,1.068046,0.539018,0.000000,43706893951675379220480.000000,0.000000
2026-08-10,15:39:51,1.085503,0.539018,0.000000,43706893951675379220480.000000,0.000000
2026-08-10,15:39:51,1.062333,0.539018,0.000000,43706893951675379220480.000000,0.000000
2026-08-10,15:39:52,1.062333,0.539018,0.000000,43706893951675379220480.000000,0.000000
2026-08-10,15:39:53,1.075346,0.539018,0.000000,43706893951675379220480.000000,0.000000
2026-08-10,15:39:53,1.609211,0.539018,0.000000,43706893951675379220480.000000,0.000000
2026-08-10,15:39:54,1.615242,0.539018,0.000000,43706893951675379220480.000000,0.000000
2026-08-10,15:39:55,1.615242,0.539018,0.000000,43706893951675379220480.000000,0.000000
2026-08-10,15:39:55,1.612819,0.539018,0.000000,43706893951675379220480.000000,0.000000
2026-08-10,15:39:56,1.651266,0.539018,0.000000,43706893951675379220480.000000,0.000000
2026-08-10,15:39:57,1.653850,0.539018,0.000000,43706893951675379220480.000000,0.000000
2026-08-10,15:39:57,1.059059,0.000000,0.000000,43706893951675379220480.000000,0.000000
2026-08-10,15:39:58,1.059059,0.000000,0.000000,43706893951675379220480.000000,0.000000
2026-08-10,15:39:59,1.041320,0.000000,0.000000,43706893951675379220480.000000,0.000000
2026-08-10,15:39:59,1.045436,0.000000,0.000000,43706893951675379220480.000000,0.000000
2026-08-10,15:40:00,1.061900,0.000000,0.000000,43706893951675379220480.000000,0.000000
2026-08-10,15:40:01,1.061900,0.000000,0.000000,43706893951675379220480.000000,0.000000
2026-08-10,15:40:01,0.546780,0.000000,0.000000,43706893951675379220480.000000,0.000000
2026-08-10,15:40:02,0.509104,0.000000,0.000000,43706893951675379220480.000000,0.000000
2026-08-10,15:40:03,0.518585,0.000000,0.000000,43706893951675379220480.000000,0.000000
2026-08-10,15:40:03,0.518585,0.000000,0.000000,43706893951675379220480.000000,0.000000
2026-08-10,15:40:04,0.540932,0.000000,0.000000,43706893951675379220480.000000,0.000000
2026-08-10,15:40:05,0.531068,0.000000,0.000000,43706893951675379220480.000000,0.000000
2026-08-10,15:40:05,0.535522,0.000000,0.000000,43706893951675379220480.000000,0.000000
2026-08-10,15:40:06,0.525977,0.000000,0.000000,43706893951675379220480.000000,0.000000
2026-08-10,15:40:07,0.525977,0.000000,0.000000,43706893951675379220480.000000,0.000000
2026-08-10,15:40:07,0.549523,0.000000,0.000000,43706893951675379220480.000000,0.000000
2026-08-10,15:40:08,0.547932,0.000000,0.000000,43706893951675379220480.000000,0.000000
2026-08-10,15:40:09,0.517898,0.000000,0.000000,43706893951675379220480.000000,0.000000
2026-08-10,15:40:09,0.517898,0.531415,0.000000,43706893951675379220480.000000,0.000000
2026-08-10,15:40:10,0.537606,0.531415,0.000000,43706893951675379220480.000000,0.000000
2026-08-10,15:40:11,0.538704,0.534375,0.000000,43706893951675379220480.000000,0.000000
2026-08-10,15:40:11,0.509112,0.533428,0.000000,43706893951675379220480.000000,0.000000
2026-08-10,15:40:12,0.509112,0.532632,0.000000,43706893951675379220480.000000,0.000000
2026-08-10,15:40:13,0.532977,0.532632,0.000000,43706893951675379220480.000000,0.000000
2026-08-10,15:40:13,0.545386,0.534064,0.000000,43706893951675379220480.000000,0.000000
2026-08-10,15:40:14,0.522476,0.532759,0.000000,43706893951675379220480.000000,0.000000
2026-08-10,15:40:15,0.511021,0.531264,0.000000,43706893951675379220480.000000,0.000000
2026-08-10,15:40:15,0.511021,0.531264,0.000000,43706893951675379220480.000000,0.000000
2026-08-10,15:40:16,0.548250,0.531137,0.000000,43706893951675379220480.000000,0.000000
2026-08-10,15:40:17,0.549523,0.531296,0.000000,43706893951675379220480.000000,0.000000
2026-08-10,15:40:17,0.523431,0.531849,0.000000,43706893951675379220480.000000,0.000000
2026-08-10,15:40:18,0.523431,0.532500,0.000000,43706893951675379220480.000000,0.000000
2026-08-10,15:40:19,0.544114,0.532500,0.000000,43706893951675379220480.000000,0.000000
2026-08-10,15:40:19,1.086000,0.532500,0.000000,43706893951675379220480.000000,0.000000
2026-08-10,15:40:20,0.516113,0.530240,0.000000,43706893951675379220480.000000,0.000000
2026-08-10,15:40:21,0.516113,0.532150,0.000000,43706893951675379220480.000000,0.000000
2026-08-10,15:40:21,0.528204,0.532150,0.000000,43706893951675379220480.000000,0.000000
2026-08-10,15:40:22,0.532341,0.532086,0.000000,43706893951675379220480.000000,0.000000
2026-08-10,15:40:23,0.539659,0.531513,0.000000,43706893951675379220480.000000,0.000000
2026-08-10,15:40:24,0.510703,0.530336,0.000000,43706893951675379220480.000000,0.000000
2026-08-10,15:40:24,0.510703,0.530336,0.000000,43706893951675379220480.000000,0.000000
2026-08-10,15:40:25,0.540932,0.533327,0.000000,43706893951675379220480.000000,0.000000
2026-08-10,15:40:26,0.545068,0.533009,0.000000,43706893951675379220480.000000,0.000000
2026-08-10,15:40:26,0.549523,0.533009,0.000000,43706893951675379220480.000000,0.000000
2026-08-10,15:40:27,0.549523,0.533009,0.000000,43706893951675379220480.000000,0.000000
2026-08-10,15:40:28,0.549523,0.535618,0.000000,43706893951675379220480.000000,0.000000
2026-08-10,15:40:28,0.549523,0.536159,0.000000,43706893951675379220480.000000,0.000000
2026-08-10,15:40:29,0.542205,0.538768,0.000000,43706893951675379220480.000000,0.000000
2026-08-10,15:40:30,0.542205,0.536859,0.000000,43706893951675379220480.000000,0.000000
2026-08-10,15:40:30,0.509112,0.536859,0.000000,43706893951675379220480.000000,0.000000
2026-08-10,15:40:31,0.514203,0.535045,0.000000,43706893951675379220480.000000,0.000000
2026-08-10,15:40:32,0.521204,0.533200,0.000000,43706893951675379220480.000000,0.000000
2026-08-10,15:40:32,0.521204,0.537082,0.000000,43706893951675379220480.000000,0.000000
2026-08-10,15:40:33,0.549523,0.537082,0.000000,43706893951675379220480.000000,0.000000
2026-08-10,15:40:34,0.511976,0.534186,0.000000,43706893951675379220480.000000,0.000000
2026-08-10,15:40:34,1.086637,0.534186,0.000000,43706893951675379220480.000000,0.000000
2026-08-10,15:40:35,1.086000,0.534186,0.000000,43706893951675379220480.000000,0.000000
2026-08-10,15:40:36,1.086000,0.534186,0.000000,43706893951675379220480.000000,0.000000
2026-08-10,15:40:36,1.060863,0.534186,0.000000,43706893951675379220480.000000,0.000000
2026-08-10,15:40:37,1.061499,0.534186,0.000000,43706893951675379220480.000000,0.000000
2026-08-10,15:40:38,1.090414,0.534186,0.000000,43706893951675379220480.000000,0.000000
2026-08-10,15:40:38,1.090414,0.534186,0.000000,43706893951675379220480.000000,0.000000
2026-08-10,15:40:39,1.084589,0.534186,0.000000,43706893951675379220480.000000,0.000000
2026-08-10,15:40:40,1.067363,0.534186,0.000000,43706893951675379220480.000000,0.000000
2026-08-10,15:40:40,1.061621,0.534186,0.000000,43706893951675379220480.000000,0.000000
2026-08-10,15:40:41,1.072148,0.534186,0.000000,43706893951675379220480.000000,0.000000
2026-08-10,15:40:42,1.072148,0.534186,0.000000,43706893951675379220480.000000,0.000000
2026-08-10,15:40:42,1.631349,0.534186,0.000000,43706893951675379220480.000000,0.000000
2026-08-10,15:40:43,1.628159,0.534186,0.000000,43706893951675379220480.000000,0.000000
2026-08-10,15:40:44,1.613166,0.534186,0.000000,43706893951675379220480.000000,0.000000
2026-08-10,15:40:44,1.613166,0.534186,0.000000,43706893951675379220480.000000,0.000000
2026-08-10,15:40:45,1.596579,0.534186,0.000000,43706893951675379220480.000000,0.000000
2026-08-10,15:40:46,1.094797,0.534186,0.000000,43706893951675379220480.000000,0.000000
2026-08-10,15:40:46,1.090012,0.534186,0.000000,43706893951675379220480.000000,0.000000
2026-08-10,15:40:47,1.084270,0.534186,0.000000,43706893951675379220480.000000,0.000000
2026-08-10,15:40:48,1.084270,0.534186,0.000000,43706893951675379220480.000000,0.000000
2026-08-10,15:40:48,1.074381,0.534186,0.000000,43706893951675379220480.000000,0.000000
2026-08-10,15:40:49,1.066725,0.534186,0.000000,43706893951675379220480.000000,0.000000
2026-08-10,15:40:50,1.063854,0.534186,0.000000,43706893951675379220480.000000,0.000000
2026-08-10,15:40:50,1.063854,0.534186,0.000000,43706893951675379220480.000000,0.000000
2026-08-10,15:40:51,1.075019,0.534186,0.000000,43706893951675379220480.000000,0.000000
2026-08-10,15:40:52,1.097668,0.534186,0.000000,43706893951675379220480.000000,0.000000
2026-08-10,15:40:52,1.061621,0.534186,0.000000,43706893951675379220480.000000,0.000000
2026-08-10,15:40:53,1.067044,1.077539,0.000000,43706893951675379220480.000000,0.000000
2026-08-10,15:40:54,1.067044,1.077539,0.000000,43706893951675379220480.000000,0.000000
2026-08-10,15:40:54,1.102134,1.078273,0.000000,43706893951675379220480.000000,0.000000
2026-08-10,15:40:55,1.099901,1.079262,0.000000,43706893951675379220480.000000,0.000000
2026-08-10,15:40:56,1.095754,1.080410,0.000000,43706893951675379220480.000000,0.000000
2026-08-10,15:40:56,1.095754,1.080410,0.000000,43706893951675379220480.000000,0.000000
2026-08-10,15:40:57,1.642514,1.080410,0.000000,43706893951675379220480.000000,0.000000
2026-08-10,15:40:58,1.078528,1.080825,0.000000,43706893951675379220480.000000,0.000000
2026-08-10,15:40:58,1.099901,1.084142,0.000000,43706893951675379220480.000000,0.000000
2026-08-10,15:40:59,1.061621,1.083919,0.000000,43706893951675379220480.000000,0.000000
2026-08-10,15:41:00,1.061621,1.083919,0.000000,43706893951675379220480.000000,0.000000
2026-08-10,15:41:00,1.099263,1.086343,0.000000,43706893951675379220480.000000,0.000000
2026-08-10,15:41:01,1.613485,1.086343,0.000000,43706893951675379220480.000000,0.000000
2026-08-10,15:41:02,1.612847,1.086343,0.000000,43706893951675379220480.000000,0.000000
2026-08-10,15:41:02,1.612847,1.086343,0.000000,43706893951675379220480.000000,0.000000
2026-08-10,15:41:03,1.614123,1.086343,0.000000,43706893951675379220480.000000,0.000000
2026-08-10,15:41:04,1.612847,1.086343,0.000000,43706893951675379220480.000000,0.000000
2026-08-10,15:41:04,1.631030,1.086343,0.000000,43706893951675379220480.000000,0.000000
2026-08-10,15:41:05,1.085227,1.085099,0.000000,43706893951675379220480.000000,0.000000
2026-08-10,15:41:06,1.085227,1.085099,0.000000,43706893951675379220480.000000,0.000000
2026-08-10,15:41:06,1.098944,1.088832,0.000000,43706893951675379220480.000000,0.000000
2026-08-10,15:41:07,1.073743,1.089501,0.000000,43706893951675379220480.000000,0.000000
2026-08-10,15:41:08,1.099901,1.089278,0.000000,43706893951675379220480.000000,0.000000
2026-08-10,15:41:08,1.099901,1.086056,0.000000,43706893951675379220480.000000,0.000000
2026-08-10,15:41:09,1.067682,1.086056,0.000000,43706893951675379220480.000000,0.000000
2026-08-10,15:41:10,1.061621,1.082643,0.000000,43706893951675379220480.000000,0.000000
2026-08-10,15:41:10,1.097668,1.084557,0.000000,43706893951675379220480.000000,0.000000
2026-08-10,15:41:11,1.617951,1.084557,0.000000,43706893951675379220480.000000,0.000000
2026-08-10,15:41:12,1.617951,1.084557,0.000000,43706893951675379220480.000000,0.000000
2026-08-10,15:41:12,1.612847,1.084557,0.000000,43706893951675379220480.000000,0.000000
2026-08-10,15:41:13,1.609766,1.084557,0.000000,43706893951675379220480.000000,0.000000
2026-08-10,15:41:14,1.044232,1.078990,0.000000,43706893951675379220480.000000,0.000000
2026-08-10,15:41:14,1.044232,1.081242,0.000000,43706893951675379220480.000000,0.000000
2026-08-10,15:41:15,1.084137,1.081242,0.000000,43706893951675379220480.000000,0.000000
2026-08-10,15:41:16,1.116529,1.082968,0.000000,43706893951675379220480.000000,0.000000
2026-08-10,15:41:16,1.099901,1.084436,0.000000,43706893951675379220480.000000,0.000000
2026-08-10,15:41:17,1.074700,1.082011,0.000000,43706893951675379220480.000000,0.000000
2026-08-10,15:41:18,1.074700,1.082011,0.000000,43706893951675379220480.000000,0.000000
2026-08-10,15:41:18,1.065449,1.081182,0.000000,43706893951675379220480.000000,0.000000
2026-08-10,15:41:19,1.062259,1.077418,0.000000,43706893951675379220480.000000,0.000000
2026-08-10,15:41:20,1.099582,1.080608,0.000000,43706893951675379220480.000000,0.000000
2026-08-10,15:41:20,1.099582,1.081756,0.000000,43706893951675379220480.000000,0.000000
2026-08-10,15:41:21,1.073105,1.081756,0.000000,43706893951675379220480.000000,0.000000
2026-08-10,15:41:22,1.097987,1.081788,0.000000,43706893951675379220480.000000,0.000000
2026-08-10,15:41:22,1.067044,1.084069,0.000000,43706893951675379220480.000000,0.000000
2026-08-10,15:41:23,1.645704,1.084069,0.000000,43706893951675379220480.000000,0.000000
2026-08-10,15:41:24,1.645704,1.084069,0.000000,43706893951675379220480.000000,0.000000
2026-08-10,15:41:24,1.647937,1.084069,0.000000,43706893951675379220480.000000,0.000000
2026-08-10,15:41:25,1.623374,1.084069,0.000000,43706893951675379220480.000000,0.000000
2026-08-10,15:41:26,1.651446,1.084069,0.000000,43706893951675379220480.000000,0.000000
2026-08-10,15:41:26,1.651446,1.084069,0.000000,43706893951675379220480.000000,0.000000
2026-08-10,15:41:27,1.622736,1.084069,0.000000,43706893951675379220480.000000,0.000000
2026-08-10,15:41:28,0.566857,1.084069,0.000000,43706893951675379220480.000000,0.000000
2026-08-10,15:41:28,0.554416,1.084069,0.000000,43706893951675379220480.000000,0.000000
2026-08-10,15:41:29,0.554416,1.084069,0.000000,43706893951675379220480.000000,0.000000
2026-08-10,15:41:30,0.530811,1.084069,0.000000,43706893951675379220480.000000,0.000000
2026-08-10,15:41:30,0.536233,1.084069,0.000000,43706893951675379220480.000000,0.000000
2026-08-10,15:41:31,0.559839,1.084069,0.000000,43706893951675379220480.000000,0.000000
2026-08-10,15:41:32,0.539104,1.084069,0.000000,43706893951675379220480.000000,0.000000
2026-08-10,15:41:32,0.539104,1.084069,0.000000,43706893951675379220480.000000,0.000000
2026-08-10,15:41:33,0.545803,1.084069,0.000000,43706893951675379220480.000000,0.000000
2026-08-10,15:41:34,0.546441,1.084069,0.000000,43706893951675379220480.000000,0.000000
2026-08-10,15:41:34,0.556011,1.084069,0.000000,43706893951675379220480.000000,0.000000
2026-08-10,15:41:35,0.556011,1.084069,0.000000,43706893951675379220480.000000,0.000000
2026-08-10,15:41:36,0.559839,0.549536,0.000000,43706893951675379220480.000000,0.000000
2026-08-10,15:41:36,1.100858,0.549536,0.000000,43706893951675379220480.000000,0.000000
2026-08-10,15:41:37,1.087460,0.549536,0.000000,43706893951675379220480.000000,0.000000
2026-08-10,15:41:38,1.087460,0.549536,0.000000,43706893951675379220480.000000,0.000000
2026-08-10,15:41:39,1.114894,0.549536,0.000000,43706893951675379220480.000000,0.000000
2026-08-10,15:41:39,1.086822,0.549536,0.000000,43706893951675379220480.000000,0.000000
2026-08-10,15:41:40,1.101496,0.549536,0.000000,43706893951675379220480.000000,0.000000
2026-08-10,15:41:41,1.670586,0.549536,0.000000,43706893951675379220480.000000,0.000000
2026-08-10,15:41:41,1.670586,0.549536,0.000000,43706893951675379220480.000000,0.000000
2026-08-10,15:41:42,1.100539,0.549536,0.000000,43706893951675379220480.000000,0.000000
2026-08-10,15:41:43,1.098625,0.549536,0.000000,43706893951675379220480.000000,0.000000
2026-08-10,15:41:43,1.649213,0.549536,0.000000,43706893951675379220480.000000,0.000000
2026-08-10,15:41:44,1.649213,0.549536,0.000000,43706893951675379220480.000000,0.000000
2026-08-10,15:41:45,1.646342,0.549536,0.000000,43706893951675379220480.000000,0.000000
2026-08-10,15:41:45,1.101815,0.549536,0.000000,43706893951675379220480.000000,0.000000
2026-08-10,15:41:46,1.076614,0.549536,0.000000,43706893951675379220480.000000,0.000000
2026-08-10,15:41:47,1.083632,0.549536,0.000000,43706893951675379220480.000000,0.000000
2026-08-10,15:41:47,1.083632,0.549536,0.000000,43706893951675379220480.000000,0.000000
2026-08-10,15:41:48,1.066725,0.549536,0.000000,43706893951675379220480.000000,0.000000
2026-08-10,15:41:49,1.073424,0.549536,0.000000,43706893951675379220480.000000,0.000000
2026-08-10,15:41:49,1.120390,0.549536,0.000000,43706893951675379220480.000000,0.000000
2026-08-10,15:41:50,1.120390,0.549536,0.000000,43706893951675379220480.000000,0.000000
2026-08-10,15:41:51,1.067363,0.549536,0.000000,43706893951675379220480.000000,0.000000
2026-08-10,15:41:51,1.061621,0.549536,0.000000,43706893951675379220480.000000,0.000000
2026-08-10,15:41:52,1.071829,0.549536,0.000000,43706893951675379220480.000000,0.000000
2026-08-10,15:41:53,1.062897,1.078631,0.000000,43706893951675379220480.000000,0.000000
2026-08-10,15:41:53,1.062897,1.078631,0.000000,43706893951675379220480.000000,0.000000
2026-08-10,15:41:54,1.593708,1.078631,0.000000,43706893951675379220480.000000,0.000000
2026-08-10,15:41:55,1.627840,1.078631,0.000000,43706893951675379220480.000000,0.000000
2026-08-10,15:41:55,1.631349,1.078631,0.000000,43706893951675379220480.000000,0.000000
2026-08-10,15:41:56,1.631349,1.078631,0.000000,43706893951675379220480.000000,0.000000
2026-08-10,15:41:57,1.600407,1.078631,0.000000,43706893951675379220480.000000,0.000000
2026-08-10,15:41:57,1.616995,1.078631,0.000000,43706893951675379220480.000000,0.000000
2026-08-10,15:41:58,1.631668,1.078631,0.000000,43706893951675379220480.000000,0.000000
2026-08-10,15:41:59,1.596260,1.078631,0.000000,43706893951675379220480.000000,0.000000
2026-08-10,15:41:59,1.596260,1.078631,0.000000,43706893951675379220480.000000,0.000000
2026-08-10,15:42:00,1.631987,1.078631,0.000000,43706893951675379220480.000000,0.000000
2026-08-10,15:42:01,1.606148,1.078631,0.000000,43706893951675379220480.000000,0.000000
2026-08-10,15:42:01,1.616037,1.615240,0.000000,43706893951675379220480.000000,0.000000
2026-08-10,15:42:02,1.085546,1.615240,0.000000,43706893951675379220480.000000,0.000000
2026-08-10,15:42:03,1.085546,1.615240,0.000000,43706893951675379220480.000000,0.000000
2026-08-10,15:42:03,1.070234,1.615240,0.000000,43706893951675379220480.000000,0.000000
2026-08-10,15:42:04,1.615080,1.617377,0.000000,43706893951675379220480.000000,0.000000
2026-08-10,15:42:05,1.080442,1.617377,0.000000,43706893951675379220480.000000,0.000000
2026-08-10,15:42:05,1.080442,1.617377,0.000000,43706893951675379220480.000000,0.000000
2026-08-10,15:42:06,1.074062,1.617377,0.000000,43706893951675379220480.000000,0.000000
2026-08-10,15:42:07,1.061621,1.617377,0.000000,43706893951675379220480.000000,0.000000
2026-08-10,15:42:07,1.101815,1.617377,0.000000,43706893951675379220480.000000,0.000000
2026-08-10,15:42:08,1.064173,1.617377,0.000000,43706893951675379220480.000000,0.000000
2026-08-10,15:42:09,1.064173,1.617377,0.000000,43706893951675379220480.000000,0.000000
2026-08-10,15:42:09,1.077252,1.617377,0.000000,43706893951675379220480.000000,0.000000
2026-08-10,15:42:10,1.088098,1.617377,0.000000,43706893951675379220480.000000,0.000000
2026-08-10,15:42:11,1.625288,1.617122,0.000000,43706893951675379220480.000000,0.000000
2026-08-10,15:42:11,1.625288,1.617154,0.000000,43706893951675379220480.000000,0.000000
2026-08-10,15:42:12,1.631668,1.617154,0.000000,43706893951675379220480.000000,0.000000
2026-08-10,15:42:13,1.631030,1.620216,0.000000,43706893951675379220480.000000,0.000000
2026-08-10,15:42:13,1.631349,1.621652,0.000000,43706893951675379220480.000000,0.000000
2026-08-10,15:42:14,1.595303,1.618015,0.000000,43706893951675379220480.000000,0.000000
2026-08-10,15:42:15,1.595303,1.621588,0.000000,43706893951675379220480.000000,0.000000
2026-08-10,15:42:15,1.631987,1.621588,0.000000,43706893951675379220480.000000,0.000000
2026-08-10,15:42:16,1.605829,1.618972,0.000000,43706893951675379220480.000000,0.000000
2026-08-10,15:42:17,1.610615,1.619419,0.000000,43706893951675379220480.000000,0.000000
2026-08-10,15:42:17,1.612209,1.619036,0.000000,43706893951675379220480.000000,0.000000
2026-08-10,15:42:18,1.612209,1.619036,0.000000,43706893951675379220480.000000,0.000000
2026-08-10,15:42:19,1.615080,1.619036,0.000000,43706893951675379220480.000000,0.000000
2026-08-10,15:42:19,1.088098,1.619036,0.000000,43706893951675379220480.000000,0.000000
2026-08-10,15:42:20,1.090969,1.619036,0.000000,43706893951675379220480.000000,0.000000
2026-08-10,15:42:21,1.090969,1.620310,0.000000,43706893951675379220480.000000,0.000000
2026-08-10,15:42:21,1.638029,1.620310,0.000000,43706893951675379220480.000000,0.000000
2026-08-10,15:42:22,1.668153,1.623959,0.000000,43706893951675379220480.000000,0.000000
2026-08-10,15:42:23,1.642563,1.625112,0.000000,43706893951675379220480.000000,0.000000
2026-08-10,15:42:23,1.103896,1.625112,0.000000,43706893951675379220480.000000,0.000000
2026-08-10,15:42:24,1.103896,1.625112,0.000000,43706893951675379220480.000000,0.000000
2026-08-10,15:42:25,1.083136,1.625112,0.000000,43706893951675379220480.000000,0.000000
2026-08-10,15:42:25,1.106046,1.625112,0.000000,43706893951675379220480.000000,0.000000
2026-08-10,15:42:26,1.083454,1.625112,0.000000,43706893951675379220480.000000,0.000000
2026-08-10,15:42:27,1.083454,1.625112,0.000000,43706893951675379220480.000000,0.000000
2026-08-10,15:42:27,1.079318,1.625112,0.000000,43706893951675379220480.000000,0.000000
2026-08-10,15:42:28,1.633296,1.625306,0.000000,43706893951675379220480.000000,0.000000
2026-08-10,15:42:29,1.648251,1.630601,0.000000,43706893951675379220480.000000,0.000000
2026-08-10,15:42:29,1.638705,1.631273,0.000000,43706893951675379220480.000000,0.000000
2026-08-10,15:42:30,1.638705,1.631273,0.000000,43706893951675379220480.000000,0.000000
2026-08-10,15:42:31,1.649206,1.635611,0.000000,43706893951675379220480.000000,0.000000
2026-08-10,15:42:31,1.628523,1.637401,0.000000,43706893951675379220480.000000,0.000000
2026-08-10,15:42:32,1.634569,1.639637,0.000000,43706893951675379220480.000000,0.000000
2026-08-10,15:42:33,1.634569,1.642763,0.000000,43706893951675379220480.000000,0.000000
2026-08-10,15:42:33,1.646342,1.642763,0.000000,43706893951675379220480.000000,0.000000
2026-08-10,15:42:34,1.649206,1.643881,0.000000,43706893951675379220480.000000,0.000000
2026-08-10,15:42:35,1.609431,1.638009,0.000000,43706893951675379220480.000000,0.000000
2026-08-10,15:42:35,1.645705,1.638323,0.000000,43706893951675379220480.000000,0.000000
2026-08-10,15:42:36,1.645705,1.635937,0.000000,43706893951675379220480.000000,0.000000
2026-08-10,15:42:37,1.609431,1.635937,0.000000,43706893951675379220480.000000,0.000000
2026-08-10,15:42:37,1.633932,1.634505,0.000000,43706893951675379220480.000000,0.000000
2026-08-10,15:42:38,1.613249,1.631959,0.000000,43706893951675379220480.000000,0.000000
2026-08-10,15:42:39,1.623432,1.629382,0.000000,43706893951675379220480.000000,0.000000
2026-08-10,15:42:39,1.623432,1.629382,0.000000,43706893951675379220480.000000,0.000000
2026-08-10,15:42:40,1.613249,1.627855,0.000000,43706893951675379220480.000000,0.000000
2026-08-10,15:42:41,1.620886,1.626487,0.000000,43706893951675379220480.000000,0.000000
2026-08-10,15:42:41,1.615477,1.623400,0.000000,43706893951675379220480.000000,0.000000
2026-08-10,15:42:42,1.615477,1.621045,0.000000,43706893951675379220480.000000,0.000000
2026-08-10,15:42:43,1.625659,1.621045,0.000000,43706893951675379220480.000000,0.000000
2026-08-10,15:42:43,1.609113,1.621014,0.000000,43706893951675379220480.000000,0.000000
2026-08-10,15:42:44,1.643160,1.620759,0.000000,43706893951675379220480.000000,0.000000
2026-08-10,15:42:45,1.058954,1.620759,0.000000,43706893951675379220480.000000,0.000000
2026-08-10,15:42:46,1.058954,1.620759,0.000000,43706893951675379220480.000000,0.000000
2026-08-10,15:42:46,1.081227,1.620759,0.000000,43706893951675379220480.000000,0.000000
2026-08-10,15:42:47,1.094273,1.620759,0.000000,43706893951675379220480.000000,0.000000
2026-08-10,15:42:48,1.644433,1.624259,0.000000,43706893951675379220480.000000,0.000000
2026-08-10,15:42:48,1.644433,1.625055,0.000000,43706893951675379220480.000000,0.000000
2026-08-10,15:42:49,1.641887,1.625055,0.000000,43706893951675379220480.000000,0.000000
2026-08-10,15:42:50,1.119729,1.625055,0.000000,43706893951675379220480.000000,0.000000
2026-08-10,15:42:50,1.085046,1.625055,0.000000,43706893951675379220480.000000,0.000000
2026-08-10,15:42:51,1.080273,1.625055,0.000000,43706893951675379220480.000000,0.000000
2026-08-10,15:42:52,1.080273,1.625055,0.000000,43706893951675379220480.000000,0.000000
2026-08-10,15:42:52,1.098092,1.625055,0.000000,43706893951675379220480.000000,0.000000
2026-08-10,15:42:53,1.095546,1.625055,0.000000,43706893951675379220480.000000,0.000000
2026-08-10,15:42:54,1.109547,1.625055,0.000000,43706893951675379220480.000000,0.000000
2026-08-10,15:42:54,1.109547,1.625055,0.000000,43706893951675379220480.000000,0.000000
2026-08-10,15:42:55,1.119729,1.625055,0.000000,43706893951675379220480.000000,0.000000
2026-08-10,15:42:56,1.115592,1.625055,0.000000,43706893951675379220480.000000,0.000000
2026-08-10,15:42:56,1.108274,1.625055,0.000000,43706893951675379220480.000000,0.000000
2026-08-10,15:42:57,1.116865,1.104869,0.000000,43706893951675379220480.000000,0.000000
2026-08-10,15:42:58,1.116865,1.104869,0.000000,43706893951675379220480.000000,0.000000
2026-08-10,15:42:58,1.086000,1.101496,0.000000,43706893951675379220480.000000,0.000000
2026-08-10,15:42:59,1.109228,1.103914,0.000000,43706893951675379220480.000000,0.000000
2026-08-10,15:43:00,1.118456,1.107733,0.000000,43706893951675379220480.000000,0.000000
2026-08-10,15:43:00,1.118456,1.108242,0.000000,43706893951675379220480.000000,0.000000
2026-08-10,15:43:01,1.103183,1.108242,0.000000,43706893951675379220480.000000,0.000000
2026-08-10,15:43:02,1.612613,1.108242,0.000000,43706893951675379220480.000000,0.000000
2026-08-10,15:43:02,0.536159,1.108242,0.000000,43706893951675379220480.000000,0.000000
2026-08-10,15:43:03,0.556842,1.108242,0.000000,43706893951675379220480.000000,0.000000
2026-08-10,15:43:04,0.556842,1.108242,0.000000,43706893951675379220480.000000,0.000000
2026-08-10,15:43:04,0.542205,1.108242,0.000000,43706893951675379220480.000000,0.000000
2026-08-10,15:43:05,0.560660,1.108242,0.000000,43706893951675379220480.000000,0.000000
2026-08-10,15:43:06,0.565433,1.108242,0.000000,43706893951675379220480.000000,0.000000
2026-08-10,15:43:06,0.565433,1.108242,0.000000,43706893951675379220480.000000,0.000000
2026-08-10,15:43:07,0.534886,1.108242,0.000000,43706893951675379220480.000000,0.000000
2026-08-10,15:43:08,1.086637,1.107351,0.000000,43706893951675379220480.000000,0.000000
2026-08-10,15:43:08,1.058954,1.102292,0.000000,43706893951675379220480.000000,0.000000
2026-08-10,15:43:09,1.058954,1.096214,0.000000,43706893951675379220480.000000,0.000000
2026-08-10,15:43:10,1.058954,1.096214,0.000000,43706893951675379220480.000000,0.000000
2026-08-10,15:43:10,1.064045,1.091059,0.000000,43706893951675379220480.000000,0.000000
2026-08-10,15:43:11,1.065954,1.086828,0.000000,43706893951675379220480.000000,0.000000
2026-08-10,15:43:12,1.078576,1.082999,0.000000,43706893951675379220480.000000,0.000000
2026-08-10,15:43:12,1.078576,1.082999,0.000000,43706893951675379220480.000000,0.000000
2026-08-10,15:43:13,1.100261,1.084425,0.000000,43706893951675379220480.000000,0.000000
2026-08-10,15:43:14,1.109904,1.084492,0.000000,43706893951675379220480.000000,0.000000
2026-08-10,15:43:14,1.073903,1.080037,0.000000,43706893951675379220480.000000,0.000000
2026-08-10,15:43:15,1.073903,1.078234,0.000000,43706893951675379220480.000000,0.000000
2026-08-10,15:43:16,1.085153,1.078234,0.000000,43706893951675379220480.000000,0.000000
2026-08-10,15:43:16,1.075511,1.077121,0.000000,43706893951675379220480.000000,0.000000
2026-08-10,15:43:17,1.626445,1.077121,0.000000,43706893951675379220480.000000,0.000000
2026-08-10,15:43:18,1.604587,1.077121,0.000000,43706893951675379220480.000000,0.000000
2026-08-10,15:43:18,1.604587,1.077121,0.000000,43706893951675379220480.000000,0.000000
2026-08-10,15:43:19,1.083868,1.079613,0.000000,43706893951675379220480.000000,0.000000
2026-08-10,15:43:20,0.515576,1.079613,0.000000,43706893951675379220480.000000,0.000000
2026-08-10,15:43:20,0.542729,1.079613,0.000000,43706893951675379220480.000000,0.000000
2026-08-10,15:43:21,0.542729,1.079613,0.000000,43706893951675379220480.000000,0.000000
2026-08-10,15:43:22,0.517184,1.079613,0.000000,43706893951675379220480.000000,0.000000
2026-08-10,15:43:22,0.530041,1.079613,0.000000,43706893951675379220480.000000,0.000000
2026-08-10,15:43:23,1.086118,1.082329,0.000000,43706893951675379220480.000000,0.000000
2026-08-10,15:43:24,1.086118,1.084665,0.000000,43706893951675379220480.000000,0.000000
2026-08-10,15:43:24,1.087404,1.084665,0.000000,43706893951675379220480.000000,0.000000
2026-08-10,15:43:25,1.088368,1.086906,0.000000,43706893951675379220480.000000,0.000000
2026-08-10,15:43:26,1.069725,1.086021,0.000000,43706893951675379220480.000000,0.000000
2026-08-10,15:43:26,1.069725,1.086021,0.000000,43706893951675379220480.000000,0.000000
2026-08-10,15:43:27,0.555113,1.086021,0.000000,43706893951675379220480.000000,0.000000
2026-08-10,15:43:28,1.069725,1.082968,0.000000,43706893951675379220480.000000,0.000000
2026-08-10,15:43:28,1.071010,1.079078,0.000000,43706893951675379220480.000000,0.000000
2026-08-10,15:43:29,1.108939,1.082582,0.000000,43706893951675379220480.000000,0.000000
2026-08-10,15:43:30,1.108939,1.082582,0.000000,43706893951675379220480.000000,0.000000
2026-08-10,15:43:30,1.100904,1.084157,0.000000,43706893951675379220480.000000,0.000000
2026-08-10,15:43:31,1.070368,1.083643,0.000000,43706893951675379220480.000000,0.000000
2026-08-10,15:43:32,1.105082,1.085764,0.000000,43706893951675379220480.000000,0.000000
2026-08-10,15:43:32,1.105082,1.085153,0.000000,43706893951675379220480.000000,0.000000
2026-08-10,15:43:33,1.080011,1.085153,0.000000,43706893951675379220480.000000,0.000000
2026-08-10,15:43:34,1.089011,1.085314,0.000000,43706893951675379220480.000000,0.000000
2026-08-10,15:43:34,1.057151,1.082193,0.000000,43706893951675379220480.000000,0.000000
2026-08-10,15:43:35,1.065699,1.081790,0.000000,43706893951675379220480.000000,0.000000
2026-08-10,15:43:36,1.065699,1.081790,0.000000,43706893951675379220480.000000,0.000000
2026-08-10,15:43:36,1.075514,1.082369,0.000000,43706893951675379220480.000000,0.000000
2026-08-10,15:43:37,1.060000,1.081268,0.000000,43706893951675379220480.000000,0.000000
2026-08-10,15:43:38,1.088178,1.079192,0.000000,43706893951675379220480.000000,0.000000
2026-08-10,15:43:38,1.088178,1.076273,0.000000,43706893951675379220480.000000,0.000000
2026-08-10,15:43:39,1.071715,1.076273,0.000000,43706893951675379220480.000000,0.000000
2026-08-10,15:43:40,1.091344,1.078370,0.000000,43706893951675379220480.000000,0.000000
2026-08-10,15:43:40,1.069498,1.074812,0.000000,43706893951675379220480.000000,0.000000
2026-08-10,15:43:41,1.089128,1.075724,0.000000,43706893951675379220480.000000,0.000000
2026-08-10,15:43:42,1.089128,1.075724,0.000000,43706893951675379220480.000000,0.000000
2026-08-10,15:43:42,1.053668,1.072189,0.000000,43706893951675379220480.000000,0.000000
2026-08-10,15:43:43,1.063800,1.072854,0.000000,43706893951675379220480.000000,0.000000
2026-08-10,15:43:44,1.108230,1.077108,0.000000,43706893951675379220480.000000,0.000000
2026-08-10,15:43:44,1.108230,1.077804,0.000000,43706893951675379220480.000000,0.000000
2026-08-10,15:43:45,1.082479,1.077804,0.000000,43706893951675379220480.000000,0.000000
2026-08-10,15:43:46,0.535699,1.077804,0.000000,43706893951675379220480.000000,0.000000
2026-08-10,15:43:46,0.544881,1.077804,0.000000,43706893951675379220480.000000,0.000000
2026-08-10,15:43:47,0.596256,1.077804,0.000000,43706893951675379220480.000000,0.000000
2026-08-10,15:43:48,0.596256,1.077804,0.000000,43706893951675379220480.000000,0.000000
2026-08-10,15:43:48,0.571184,1.077804,0.000000,43706893951675379220480.000000,0.000000
2026-08-10,15:43:49,0.534862,1.077804,0.000000,43706893951675379220480.000000,0.000000
2026-08-10,15:43:50,0.544158,1.077804,0.000000,43706893951675379220480.000000,0.000000
2026-08-10,15:43:50,0.544158,1.077804,0.000000,43706893951675379220480.000000,0.000000
2026-08-10,15:43:51,0.556159,1.077804,0.000000,43706893951675379220480.000000,0.000000
2026-08-10,15:43:52,0.525525,1.077804,0.000000,43706893951675379220480.000000,0.000000
2026-08-10,15:43:52,0.547290,1.077804,0.000000,43706893951675379220480.000000,0.000000
2026-08-10,15:43:53,0.533503,0.548952,0.000000,43706893951675379220480.000000,0.000000
2026-08-10,15:43:54,0.533503,0.548952,0.000000,43706893951675379220480.000000,0.000000
2026-08-10,15:43:54,0.567809,0.552163,0.000000,43706893951675379220480.000000,0.000000
2026-08-10,15:43:55,0.572618,0.554937,0.000000,43706893951675379220480.000000,0.000000
2026-08-10,15:43:56,1.100351,0.554937,0.000000,43706893951675379220480.000000,0.000000
2026-08-10,15:43:56,1.100351,0.554937,0.000000,43706893951675379220480.000000,0.000000
2026-08-10,15:43:57,1.090732,0.554937,0.000000,43706893951675379220480.000000,0.000000
2026-08-10,15:43:58,0.569412,0.552252,0.000000,43706893951675379220480.000000,0.000000
2026-08-10,15:43:58,0.534145,0.548548,0.000000,43706893951675379220480.000000,0.000000
2026-08-10,15:43:59,0.534145,0.550817,0.000000,43706893951675379220480.000000,0.000000
2026-08-10,15:44:00,0.557549,0.550817,0.000000,43706893951675379220480.000000,0.000000
2026-08-10,15:44:00,0.540557,0.550457,0.000000,43706893951675379220480.000000,0.000000
2026-08-10,15:44:01,0.574221,0.552263,0.000000,43706893951675379220480.000000,0.000000
2026-08-10,15:44:02,0.533503,0.553061,0.000000,43706893951675379220480.000000,0.000000
2026-08-10,15:44:02,0.533503,0.553061,0.000000,43706893951675379220480.000000,0.000000
2026-08-10,15:44:03,1.632251,0.553061,0.000000,43706893951675379220480.000000,0.000000
2026-08-10,15:44:04,1.657259,0.553061,0.000000,43706893951675379220480.000000,0.000000
2026-08-10,15:44:04,1.105801,0.553061,0.000000,43706893951675379220480.000000,0.000000
2026-08-10,15:44:05,1.105801,0.553061,0.000000,43706893951675379220480.000000,0.000000
2026-08-10,15:44:06,1.086564,0.553061,0.000000,43706893951675379220480.000000,0.000000
2026-08-10,15:44:06,1.101954,0.553061,0.000000,43706893951675379220480.000000,0.000000
2026-08-10,15:44:07,1.076625,0.553061,0.000000,43706893951675379220480.000000,0.000000
2026-08-10,15:44:08,1.081434,0.553061,0.000000,43706893951675379220480.000000,0.000000
2026-08-10,15:44:08,1.081434,0.553061,0.000000,43706893951675379220480.000000,0.000000
2026-08-10,15:44:09,1.089770,0.553061,0.000000,43706893951675379220480.000000,0.000000
2026-08-10,15:44:10,1.626480,0.553061,0.000000,43706893951675379220480.000000,0.000000
2026-08-10,15:44:10,1.108366,0.553061,0.000000,43706893951675379220480.000000,0.000000
2026-08-10,15:44:11,1.108366,0.553061,0.000000,43706893951675379220480.000000,0.000000
2026-08-10,15:44:12,1.631610,0.553061,0.000000,43706893951675379220480.000000,0.000000
2026-08-10,15:44:12,1.646678,0.553061,0.000000,43706893951675379220480.000000,0.000000
2026-08-10,15:44:13,1.654373,0.553061,0.000000,43706893951675379220480.000000,0.000000
2026-08-10,15:44:14,1.623594,0.553061,0.000000,43706893951675379220480.000000,0.000000
2026-08-10,15:44:14,1.623594,0.553061,0.000000,43706893951675379220480.000000,0.000000
2026-08-10,15:44:15,1.655335,0.553061,0.000000,43706893951675379220480.000000,0.000000
2026-08-10,15:44:16,1.659824,0.553061,0.000000,43706893951675379220480.000000,0.000000
2026-08-10,15:44:16,1.626159,0.553061,0.000000,43706893951675379220480.000000,0.000000
2026-08-10,15:44:17,1.626159,0.553061,0.000000,43706893951675379220480.000000,0.000000
2026-08-10,15:44:18,1.650847,0.553061,0.000000,43706893951675379220480.000000,0.000000
2026-08-10,15:44:18,1.622632,0.553061,0.000000,43706893951675379220480.000000,0.000000
2026-08-10,15:44:19,1.621029,1.639208,0.000000,43706893951675379220480.000000,0.000000
2026-08-10,15:44:20,1.067968,1.639208,0.000000,43706893951675379220480.000000,0.000000
2026-08-10,15:44:20,1.067968,1.639208,0.000000,43706893951675379220480.000000,0.000000
2026-08-10,15:44:21,1.080472,1.639208,0.000000,43706893951675379220480.000000,0.000000
2026-08-10,15:44:22,1.625518,1.638599,0.000000,43706893951675379220480.000000,0.000000
2026-08-10,15:44:22,1.127923,1.638599,0.000000,43706893951675379220480.000000,0.000000
2026-08-10,15:44:23,1.089129,1.638599,0.000000,43706893951675379220480.000000,0.000000
2026-08-10,15:44:24,1.089129,1.638599,0.000000,43706893951675379220480.000000,0.000000
2026-08-10,15:44:24,1.087526,1.638599,0.000000,43706893951675379220480.000000,0.000000
2026-08-10,15:44:25,1.098747,1.638599,0.000000,43706893951675379220480.000000,0.000000
2026-08-10,15:44:26,1.078526,1.638599,0.000000,43706893951675379220480.000000,0.000000
2026-08-10,15:44:26,1.078526,1.637621,0.000000,43706893951675379220480.000000,0.000000
2026-08-10,15:44:27,1.636896,1.637621,0.000000,43706893951675379220480.000000,0.000000
2026-08-10,15:44:28,1.072841,1.637621,0.000000,43706893951675379220480.000000,0.000000
2026-08-10,15:44:29,0.525525,1.637621,0.000000,43706893951675379220480.000000,0.000000
2026-08-10,15:44:29,0.525525,1.637621,0.000000,43706893951675379220480.000000,0.000000
2026-08-10,15:44:30,0.562160,1.637621,0.000000,43706893951675379220480.000000,0.000000
2026-08-10,15:44:31,0.554580,1.637621,0.000000,43706893951675379220480.000000,0.000000
2026-08-10,15:44:31,0.552370,1.637621,0.000000,43706893951675379220480.000000,0.000000
2026-08-10,15:44:32,0.542997,1.637621,0.000000,43706893951675379220480.000000,0.000000
2026-08-10,15:44:33,0.542997,1.637621,0.000000,43706893951675379220480.000000,0.000000
2026-08-10,15:44:33,0.555243,1.637621,0.000000,43706893951675379220480.000000,0.000000
2026-08-10,15:44:34,0.552343,1.637621,0.000000,43706893951675379220480.000000,0.000000
2026-08-10,15:44:35,0.577156,1.637621,0.000000,43706893951675379220480.000000,0.000000
2026-08-10,15:44:35,0.577156,1.637621,0.000000,43706893951675379220480.000000,0.000000
2026-08-10,15:44:36,0.543642,1.637621,0.000000,43706893951675379220480.000000,0.000000
2026-08-10,15:44:37,0.563299,0.552932,0.000000,43706893951675379220480.000000,0.000000
2026-08-10,15:44:37,1.652839,0.552932,0.000000,43706893951675379220480.000000,0.000000
2026-08-10,15:44:38,1.652839,0.552932,0.000000,43706893951675379220480.000000,0.000000
2026-08-10,15:44:39,1.631892,0.552932,0.000000,43706893951675379220480.000000,0.000000
2026-08-10,15:44:39,1.078261,0.552932,0.000000,43706893951675379220480.000000,0.000000
2026-08-10,15:44:40,1.083417,0.552932,0.000000,43706893951675379220480.000000,0.000000
2026-08-10,15:44:41,1.091344,0.552932,0.000000,43706893951675379220480.000000,0.000000
2026-08-10,15:44:41,1.091344,0.552932,0.000000,43706893951675379220480.000000,0.000000
2026-08-10,15:44:42,1.081213,0.552932,0.000000,43706893951675379220480.000000,0.000000
2026-08-10,15:44:43,1.062533,0.552932,0.000000,43706893951675379220480.000000,0.000000
2026-08-10,15:44:43,1.069182,0.552932,0.000000,43706893951675379220480.000000,0.000000
2026-08-10,15:44:44,1.069182,0.552932,0.000000,43706893951675379220480.000000,0.000000
2026-08-10,15:44:45,1.058417,0.552932,0.000000,43706893951675379220480.000000,0.000000
2026-08-10,15:44:45,1.075189,0.552932,0.000000,43706893951675379220480.000000,0.000000
2026-08-10,15:44:46,1.107332,0.552932,0.000000,43706893951675379220480.000000,0.000000
2026-08-10,15:44:47,1.107654,1.081454,0.000000,43706893951675379220480.000000,0.000000
2026-08-10,15:44:47,1.107654,1.081454,0.000000,43706893951675379220480.000000,0.000000
2026-08-10,15:44:48,1.097046,1.083333,0.000000,43706893951675379220480.000000,0.000000
2026-08-10,15:44:49,1.108618,1.085853,0.000000,43706893951675379220480.000000,0.000000
2026-08-10,15:44:49,1.076475,1.084366,0.000000,43706893951675379220480.000000,0.000000
2026-08-10,15:44:50,1.076475,1.087267,0.000000,43706893951675379220480.000000,0.000000
2026-08-10,15:44:51,1.110225,1.087267,0.000000,43706893951675379220480.000000,0.000000
2026-08-10,15:44:51,1.079630,1.088977,0.000000,43706893951675379220480.000000,0.000000
2026-08-10,15:44:52,1.091661,1.091225,0.000000,43706893951675379220480.000000,0.000000
2026-08-10,15:44:53,1.081846,1.093568,0.000000,43706893951675379220480.000000,0.000000
2026-08-10,15:44:53,1.081846,1.093568,0.000000,43706893951675379220480.000000,0.000000
2026-08-10,15:44:54,1.071398,1.093189,0.000000,43706893951675379220480.000000,0.000000
2026-08-10,15:44:55,1.060950,1.088550,0.000000,43706893951675379220480.000000,0.000000
2026-08-10,15:44:55,1.070132,1.084798,0.000000,43706893951675379220480.000000,0.000000
2026-08-10,15:44:56,1.070132,1.084798,0.000000,43706893951675379220480.000000,0.000000
2026-08-10,15:44:57,1.613113,1.084798,0.000000,43706893951675379220480.000000,0.000000
2026-08-10,15:44:57,1.631909,1.084798,0.000000,43706893951675379220480.000000,0.000000
2026-08-10,15:44:58,1.090618,1.084155,0.000000,43706893951675379220480.000000,0.000000
2026-08-10,15:44:59,1.109261,1.084219,0.000000,43706893951675379220480.000000,0.000000
2026-08-10,15:44:59,1.109261,1.084219,0.000000,43706893951675379220480.000000,0.000000
2026-08-10,15:45:00,1.104761,1.087048,0.000000,43706893951675379220480.000000,0.000000
2026-08-10,15:45:01,1.085153,1.084541,0.000000,43706893951675379220480.000000,0.000000
2026-08-10,15:45:01,1.101225,1.086700,0.000000,43706893951675379220480.000000,0.000000
2026-08-10,15:45:02,1.101225,1.087657,0.000000,43706893951675379220480.000000,0.000000
2026-08-10,15:45:03,1.101225,1.087657,0.000000,43706893951675379220480.000000,0.000000
2026-08-10,15:45:03,1.078889,1.087361,0.000000,43706893951675379220480.000000,0.000000
2026-08-10,15:45:04,1.102134,1.090435,0.000000,43706893951675379220480.000000,0.000000
2026-08-10,15:45:05,1.065449,1.090885,0.000000,43706893951675379220480.000000,0.000000
2026-08-10,15:45:05,1.065449,1.090885,0.000000,43706893951675379220480.000000,0.000000
2026-08-10,15:45:06,1.101815,1.094053,0.000000,43706893951675379220480.000000,0.000000
2026-08-10,15:45:07,1.061621,1.091153,0.000000,43706893951675379220480.000000,0.000000
2026-08-10,15:45:07,1.102134,1.090441,0.000000,43706893951675379220480.000000,0.000000
2026-08-10,15:45:08,1.102134,1.087115,0.000000,43706893951675379220480.000000,0.000000
2026-08-10,15:45:09,1.071510,1.087115,0.000000,43706893951675379220480.000000,0.000000
2026-08-10,15:45:09,1.101496,1.088750,0.000000,43706893951675379220480.000000,0.000000
2026-08-10,15:45:10,1.064173,1.085044,0.000000,43706893951675379220480.000000,0.000000
2026-08-10,15:45:11,1.628159,1.085044,0.000000,43706893951675379220480.000000,0.000000
2026-08-10,15:45:11,1.628159,1.085044,0.000000,43706893951675379220480.000000,0.000000
2026-08-10,15:45:12,1.592432,1.085044,0.000000,43706893951675379220480.000000,0.000000
2026-08-10,15:45:13,1.630392,1.085044,0.000000,43706893951675379220480.000000,0.000000
2026-08-10,15:45:13,1.630392,1.085044,0.000000,43706893951675379220480.000000,0.000000
2026-08-10,15:45:14,1.630392,1.085044,0.000000,43706893951675379220480.000000,0.000000
2026-08-10,15:45:15,1.634539,1.085044,0.000000,43706893951675379220480.000000,0.000000
2026-08-10,15:45:15,1.649213,1.085044,0.000000,43706893951675379220480.000000,0.000000
2026-08-10,15:45:16,1.632625,1.085044,0.000000,43706893951675379220480.000000,0.000000
2026-08-10,15:45:17,1.662611,1.085044,0.000000,43706893951675379220480.000000,0.000000
2026-08-10,15:45:17,1.662611,1.085044,0.000000,43706893951675379220480.000000,0.000000
2026-08-10,15:45:18,1.664206,1.085044,0.000000,43706893951675379220480.000000,0.000000
2026-08-10,15:45:19,1.638686,1.636326,0.000000,43706893951675379220480.000000,0.000000
2026-08-10,15:45:19,1.646342,1.638144,0.000000,43706893951675379220480.000000,0.000000
2026-08-10,15:45:20,1.646342,1.638144,0.000000,43706893951675379220480.000000,0.000000
2026-08-10,15:45:21,1.108833,1.638144,0.000000,43706893951675379220480.000000,0.000000
2026-08-10,15:45:21,1.088098,1.638144,0.000000,43706893951675379220480.000000,0.000000
2026-08-10,15:45:22,1.122549,1.638144,0.000000,43706893951675379220480.000000,0.000000
2026-08-10,15:45:23,1.092245,1.638144,0.000000,43706893951675379220480.000000,0.000000
2026-08-10,15:45:23,1.092245,1.638144,0.000000,43706893951675379220480.000000,0.000000
2026-08-10,15:45:24,1.101172,1.638144,0.000000,43706893951675379220480.000000,0.000000
2026-08-10,15:45:25,1.643469,1.643248,0.000000,43706893951675379220480.000000,0.000000
2026-08-10,15:45:25,1.654343,1.645643,0.000000,43706893951675379220480.000000,0.000000
2026-08-10,15:45:26,1.654343,1.648230,0.000000,43706893951675379220480.000000,0.000000
2026-08-10,15:45:27,1.656261,1.648230,0.000000,43706893951675379220480.000000,0.000000
2026-08-10,15:45:27,1.651784,1.649954,0.000000,43706893951675379220480.000000,0.000000
2026-08-10,15:45:28,1.636434,1.648676,0.000000,43706893951675379220480.000000,0.000000
2026-08-10,15:45:29,1.077737,1.648676,0.000000,43706893951675379220480.000000,0.000000
2026-08-10,15:45:29,1.077737,1.648066,0.000000,43706893951675379220480.000000,0.000000
2026-08-10,15:45:30,1.626520,1.648066,0.000000,43706893951675379220480.000000,0.000000
2026-08-10,15:45:31,1.104921,1.648066,0.000000,43706893951675379220480.000000,0.000000
2026-08-10,15:45:31,1.636434,1.645448,0.000000,43706893951675379220480.000000,0.000000
2026-08-10,15:45:32,1.636434,1.641519,0.000000,43706893951675379220480.000000,0.000000
2026-08-10,15:45:33,1.624921,1.641519,0.000000,43706893951675379220480.000000,0.000000
2026-08-10,15:45:33,1.640271,1.641678,0.000000,43706893951675379220480.000000,0.000000
2026-08-10,15:45:34,1.066864,1.641678,0.000000,43706893951675379220480.000000,0.000000
2026-08-10,15:45:35,1.080615,1.641678,0.000000,43706893951675379220480.000000,0.000000
2026-08-10,15:45:35,1.080615,1.641678,0.000000,43706893951675379220480.000000,0.000000
2026-08-10,15:45:36,1.066864,1.641678,0.000000,43706893951675379220480.000000,0.000000
2026-08-10,15:45:37,1.092448,1.641678,0.000000,43706893951675379220480.000000,0.000000
2026-08-10,15:45:37,1.099164,1.641678,0.000000,43706893951675379220480.000000,0.000000
2026-08-10,15:45:38,1.099164,1.641678,0.000000,43706893951675379220480.000000,0.000000
2026-08-10,15:45:39,1.073260,1.641678,0.000000,43706893951675379220480.000000,0.000000
2026-08-10,15:45:39,1.652424,1.642286,0.000000,43706893951675379220480.000000,0.000000
2026-08-10,15:45:40,1.629718,1.640911,0.000000,43706893951675379220480.000000,0.000000
2026-08-10,15:45:41,1.632276,1.638704,0.000000,43706893951675379220480.000000,0.000000
2026-08-10,15:45:41,1.632276,1.638704,0.000000,43706893951675379220480.000000,0.000000
2026-08-10,15:45:42,1.634515,1.636530,0.000000,43706893951675379220480.000000,0.000000
2026-08-10,15:45:43,1.101083,1.636530,0.000000,43706893951675379220480.000000,0.000000
2026-08-10,15:45:43,1.091169,1.636530,0.000000,43706893951675379220480.000000,0.000000
2026-08-10,15:45:44,1.091169,1.636530,0.000000,43706893951675379220480.000000,0.000000
2026-08-10,15:45:45,1.070382,1.636530,0.000000,43706893951675379220480.000000,0.000000
2026-08-10,15:45:46,1.653063,1.636657,0.000000,43706893951675379220480.000000,0.000000
2026-08-10,15:45:46,1.076778,1.636657,0.000000,43706893951675379220480.000000,0.000000
2026-08-10,15:45:47,1.099484,1.636657,0.000000,43706893951675379220480.000000,0.000000
2026-08-10,15:45:48,1.099484,1.636657,0.000000,43706893951675379220480.000000,0.000000
2026-08-10,15:45:48,1.104921,1.636657,0.000000,43706893951675379220480.000000,0.000000
2026-08-10,15:45:49,1.100763,1.636657,0.000000,43706893951675379220480.000000,0.000000
2026-08-10,15:45:50,1.616926,1.634706,0.000000,43706893951675379220480.000000,0.000000
2026-08-10,15:45:50,1.616926,1.637745,0.000000,43706893951675379220480.000000,0.000000
2026-08-10,15:45:51,1.656901,1.637745,0.000000,43706893951675379220480.000000,0.000000
2026-08-10,15:45:52,1.076138,1.637745,0.000000,43706893951675379220480.000000,0.000000
2026-08-10,15:45:52,1.083813,1.637745,0.000000,43706893951675379220480.000000,0.000000
2026-08-10,15:45:53,1.070062,1.637745,0.000000,43706893951675379220480.000000,0.000000
2026-08-10,15:45:54,1.070062,1.637745,0.000000,43706893951675379220480.000000,0.000000
2026-08-10,15:45:54,1.081575,1.637745,0.000000,43706893951675379220480.000000,0.000000
2026-08-10,15:45:55,1.071661,1.637745,0.000000,43706893951675379220480.000000,0.000000
2026-08-10,15:45:56,1.064305,1.637745,0.000000,43706893951675379220480.000000,0.000000
2026-08-10,15:45:56,1.064305,1.637457,0.000000,43706893951675379220480.000000,0.000000
2026-08-10,15:45:57,1.633555,1.637457,0.000000,43706893951675379220480.000000,0.000000
2026-08-10,15:45:58,1.624281,1.637393,0.000000,43706893951675379220480.000000,0.000000
2026-08-10,15:45:58,1.606692,1.634035,0.000000,43706893951675379220480.000000,0.000000
2026-08-10,15:45:59,1.617245,1.630517,0.000000,43706893951675379220480.000000,0.000000
2026-08-10,15:46:00,1.617245,1.630517,0.000000,43706893951675379220480.000000,0.000000
2026-08-10,15:46:00,1.104601,1.630517,0.000000,43706893951675379220480.000000,0.000000
2026-08-10,15:46:01,1.102682,1.630517,0.000000,43706893951675379220480.000000,0.000000
2026-08-10,15:46:02,1.100763,1.630517,0.000000,43706893951675379220480.000000,0.000000
2026-08-10,15:46:02,1.100763,1.630517,0.000000,43706893951675379220480.000000,0.000000
2026-08-10,15:46:03,1.101403,1.630517,0.000000,43706893951675379220480.000000,0.000000
2026-08-10,15:46:04,1.066544,1.630517,0.000000,43706893951675379220480.000000,0.000000
2026-08-10,15:46:04,1.102682,1.630517,0.000000,43706893951675379220480.000000,0.000000
2026-08-10,15:46:05,1.643789,1.631924,0.000000,43706893951675379220480.000000,0.000000
2026-08-10,15:46:06,1.643789,1.631924,0.000000,43706893951675379220480.000000,0.000000
2026-08-10,15:46:06,1.084773,1.631924,0.000000,43706893951675379220480.000000,0.000000
2026-08-10,15:46:07,1.123149,1.631924,0.000000,43706893951675379220480.000000,0.000000
2026-08-10,15:46:08,1.108758,1.631924,0.000000,43706893951675379220480.000000,0.000000
2026-08-10,15:46:08,1.108758,1.637841,0.000000,43706893951675379220480.000000,0.000000
2026-08-10,15:46:09,1.691440,1.637841,0.000000,43706893951675379220480.000000,0.000000
2026-08-10,15:46:10,1.095326,1.637841,0.000000,43706893951675379220480.000000,0.000000
2026-08-10,15:46:10,1.107159,1.637841,0.000000,43706893951675379220480.000000,0.000000
2026-08-10,15:46:11,1.663937,1.640783,0.000000,43706893951675379220480.000000,0.000000
2026-08-10,15:46:12,1.663937,1.640783,0.000000,43706893951675379220480.000000,0.000000
2026-08-10,15:46:12,1.670972,1.642574,0.000000,43706893951675379220480.000000,0.000000
2026-08-10,15:46:13,1.677368,1.648618,0.000000,43706893951675379220480.000000,0.000000
2026-08-10,15:46:14,1.640591,1.646987,0.000000,43706893951675379220480.000000,0.000000
2026-08-10,15:46:14,1.640591,1.647435,0.000000,43706893951675379220480.000000,0.000000
2026-08-10,15:46:15,1.638033,1.647435,0.000000,43706893951675379220480.000000,0.000000
2026-08-10,15:46:16,1.648586,1.649865,0.000000,43706893951675379220480.000000,0.000000
2026-08-10,15:46:16,1.631956,1.652392,0.000000,43706893951675379220480.000000,0.000000
2026-08-10,15:46:17,1.657541,1.656421,0.000000,43706893951675379220480.000000,0.000000
2026-08-10,15:46:18,1.657541,1.653735,0.000000,43706893951675379220480.000000,0.000000
2026-08-10,15:46:18,1.616926,1.653735,0.000000,43706893951675379220480.000000,0.000000
2026-08-10,15:46:19,1.617245,1.646315,0.000000,43706893951675379220480.000000,0.000000
2026-08-10,15:46:20,1.655942,1.645516,0.000000,43706893951675379220480.000000,0.000000
2026-08-10,15:46:20,1.092128,1.645516,0.000000,43706893951675379220480.000000,0.000000
2026-08-10,15:46:21,1.092128,1.645516,0.000000,43706893951675379220480.000000,0.000000
2026-08-10,15:46:22,1.075818,1.645516,0.000000,43706893951675379220480.000000,0.000000
2026-08-10,15:46:22,1.065265,1.645516,0.000000,43706893951675379220480.000000,0.000000
2026-08-10,15:46:23,1.090849,1.645516,0.000000,43706893951675379220480.000000,0.000000
2026-08-10,15:46:24,1.090849,1.645516,0.000000,43706893951675379220480.000000,0.000000
2026-08-10,15:46:24,1.101722,1.645516,0.000000,43706893951675379220480.000000,0.000000
2026-08-10,15:46:25,1.064305,1.645516,0.000000,43706893951675379220480.000000,0.000000
2026-08-10,15:46:26,1.104281,1.645516,0.000000,43706893951675379220480.000000,0.000000
2026-08-10,15:46:26,1.104281,1.645516,0.000000,43706893951675379220480.000000,0.000000
2026-08-10,15:46:27,1.076458,1.645516,0.000000,43706893951675379220480.000000,0.000000
2026-08-10,15:46:28,1.086372,1.645516,0.000000,43706893951675379220480.000000,0.000000
2026-08-10,15:46:28,1.072940,1.083014,0.000000,43706893951675379220480.000000,0.000000
2026-08-10,15:46:29,1.066544,1.080455,0.000000,43706893951675379220480.000000,0.000000
2026-08-10,15:46:30,1.066544,1.080455,0.000000,43706893951675379220480.000000,0.000000
2026-08-10,15:46:30,1.066917,1.079565,0.000000,43706893951675379220480.000000,0.000000
2026-08-10,15:46:31,1.076031,1.080642,0.000000,43706893951675379220480.000000,0.000000
2026-08-10,15:46:32,1.100220,1.081579,0.000000,43706893951675379220480.000000,0.000000
2026-08-10,15:46:32,1.100220,1.081579,0.000000,43706893951675379220480.000000,0.000000
2026-08-10,15:46:33,1.614123,1.081579,0.000000,43706893951675379220480.000000,0.000000
2026-08-10,15:46:34,1.646023,1.081579,0.000000,43706893951675379220480.000000,0.000000
2026-08-10,15:46:34,1.650808,1.081579,0.000000,43706893951675379220480.000000,0.000000
2026-08-10,15:46:35,1.650808,1.081579,0.000000,43706893951675379220480.000000,0.000000
2026-08-10,15:46:36,1.650808,1.081579,0.000000,43706893951675379220480.000000,0.000000
2026-08-10,15:46:36,1.648256,1.081579,0.000000,43706893951675379220480.000000,0.000000
2026-08-10,15:46:37,1.096073,1.081014,0.000000,43706893951675379220480.000000,0.000000
2026-08-10,15:46:38,0.567176,1.081014,0.000000,43706893951675379220480.000000,0.000000
2026-08-10,15:46:38,0.567176,1.081014,0.000000,43706893951675379220480.000000,0.000000
2026-08-10,15:46:39,0.554097,1.081014,0.000000,43706893951675379220480.000000,0.000000
2026-08-10,15:46:40,0.530811,1.081014,0.000000,43706893951675379220480.000000,0.000000
2026-08-10,15:46:40,1.061621,1.080745,0.000000,43706893951675379220480.000000,0.000000
2026-08-10,15:46:41,1.061621,1.076480,0.000000,43706893951675379220480.000000,0.000000
2026-08-10,15:46:42,1.061621,1.076480,0.000000,43706893951675379220480.000000,0.000000
2026-08-10,15:46:42,1.094478,1.078282,0.000000,43706893951675379220480.000000,0.000000
2026-08-10,15:46:43,1.088098,1.078454,0.000000,43706893951675379220480.000000,0.000000
2026-08-10,15:46:44,0.555054,1.078454,0.000000,43706893951675379220480.000000,0.000000
2026-08-10,15:46:44,0.555054,1.078454,0.000000,43706893951675379220480.000000,0.000000
2026-08-10,15:46:45,0.536871,1.078454,0.000000,43706893951675379220480.000000,0.000000
2026-08-10,15:46:46,0.571323,1.078454,0.000000,43706893951675379220480.000000,0.000000
2026-08-10,15:46:46,1.663568,1.078454,0.000000,43706893951675379220480.000000,0.000000
2026-08-10,15:46:47,1.663568,1.083128,0.000000,43706893951675379220480.000000,0.000000
2026-08-10,15:46:48,1.119678,1.083128,0.000000,43706893951675379220480.000000,0.000000
2026-08-10,15:46:48,1.082356,1.084709,0.000000,43706893951675379220480.000000,0.000000
2026-08-10,15:46:49,1.119359,1.089954,0.000000,43706893951675379220480.000000,0.000000
2026-08-10,15:46:50,1.119359,1.093074,0.000000,43706893951675379220480.000000,0.000000
2026-08-10,15:46:50,1.107238,1.093074,0.000000,43706893951675379220480.000000,0.000000
2026-08-10,15:46:51,1.082037,1.091256,0.000000,43706893951675379220480.000000,0.000000
2026-08-10,15:46:52,1.092883,1.090937,0.000000,43706893951675379220480.000000,0.000000
2026-08-10,15:46:52,1.090012,1.093776,0.000000,43706893951675379220480.000000,0.000000
2026-08-10,15:46:53,1.090012,1.093776,0.000000,43706893951675379220480.000000,0.000000
2026-08-10,15:46:54,1.648256,1.093776,0.000000,43706893951675379220480.000000,0.000000
2026-08-10,15:46:54,1.118721,1.099486,0.000000,43706893951675379220480.000000,0.000000
2026-08-10,15:46:55,1.109471,1.100985,0.000000,43706893951675379220480.000000,0.000000
2026-08-10,15:46:56,1.109471,1.102481,0.000000,43706893951675379220480.000000,0.000000
2026-08-10,15:46:56,1.103057,1.102481,0.000000,43706893951675379220480.000000,0.000000
2026-08-10,15:46:57,1.123082,1.102822,0.000000,43706893951675379220480.000000,0.000000
2026-08-10,15:46:58,1.100526,1.104638,0.000000,43706893951675379220480.000000,0.000000
2026-08-10,15:46:58,1.094194,1.102122,0.000000,43706893951675379220480.000000,0.000000
2026-08-10,15:46:59,1.094194,1.102122,0.000000,43706893951675379220480.000000,0.000000
2026-08-10,15:47:00,1.111832,1.102581,0.000000,43706893951675379220480.000000,0.000000
2026-08-10,15:47:00,1.128225,1.107200,0.000000,43706893951675379220480.000000,0.000000
2026-08-10,15:47:01,1.090296,1.106942,0.000000,43706893951675379220480.000000,0.000000
2026-08-10,15:47:02,1.090296,1.107677,0.000000,43706893951675379220480.000000,0.000000
2026-08-10,15:47:02,1.097368,1.107677,0.000000,43706893951675379220480.000000,0.000000
2026-08-10,15:47:03,1.126297,1.108435,0.000000,43706893951675379220480.000000,0.000000
2026-08-10,15:47:04,1.124368,1.109925,0.000000,43706893951675379220480.000000,0.000000
2026-08-10,15:47:04,1.104118,1.110031,0.000000,43706893951675379220480.000000,0.000000
2026-08-10,15:47:05,1.104118,1.110031,0.000000,43706893951675379220480.000000,0.000000
2026-08-10,15:47:06,1.090296,1.106752,0.000000,43706893951675379220480.000000,0.000000
2026-08-10,15:47:06,1.098975,1.106597,0.000000,43706893951675379220480.000000,0.000000
2026-08-10,15:47:07,1.097368,1.106914,0.000000,43706893951675379220480.000000,0.000000
2026-08-10,15:47:08,1.097368,1.107654,0.000000,43706893951675379220480.000000,0.000000
2026-08-10,15:47:08,1.119225,1.107654,0.000000,43706893951675379220480.000000,0.000000
2026-08-10,15:47:09,1.093511,1.104182,0.000000,43706893951675379220480.000000,0.000000
2026-08-10,15:47:10,1.647659,1.104182,0.000000,43706893951675379220480.000000,0.000000
2026-08-10,15:47:10,1.108939,1.106047,0.000000,43706893951675379220480.000000,0.000000
2026-08-10,15:47:11,1.108939,1.106047,0.000000,43706893951675379220480.000000,0.000000
2026-08-10,15:47:12,1.084832,1.104793,0.000000,43706893951675379220480.000000,0.000000
2026-08-10,15:47:12,1.110547,1.103218,0.000000,43706893951675379220480.000000,0.000000
2026-08-10,15:47:13,1.072618,1.098043,0.000000,43706893951675379220480.000000,0.000000
2026-08-10,15:47:14,1.072618,1.095311,0.000000,43706893951675379220480.000000,0.000000
2026-08-10,15:47:14,1.076796,1.095311,0.000000,43706893951675379220480.000000,0.000000
2026-08-10,15:47:15,1.090296,1.095311,0.000000,43706893951675379220480.000000,0.000000
2026-08-10,15:47:16,1.075189,1.092932,0.000000,43706893951675379220480.000000,0.000000
2026-08-10,15:47:16,1.076796,1.090875,0.000000,43706893951675379220480.000000,0.000000
2026-08-10,15:47:17,1.076796,1.090875,0.000000,43706893951675379220480.000000,0.000000
2026-08-10,15:47:18,1.070689,1.086021,0.000000,43706893951675379220480.000000,0.000000
2026-08-10,15:47:18,1.075189,1.084189,0.000000,43706893951675379220480.000000,0.000000
2026-08-10,15:47:19,1.069725,1.080268,0.000000,43706893951675379220480.000000,0.000000
2026-08-10,15:47:20,1.069725,1.079914,0.000000,43706893951675379220480.000000,0.000000
2026-08-10,15:47:20,1.081296,1.079914,0.000000,43706893951675379220480.000000,0.000000
2026-08-10,15:47:21,1.642838,1.079914,0.000000,43706893951675379220480.000000,0.000000
2026-08-10,15:47:22,1.631909,1.079914,0.000000,43706893951675379220480.000000,0.000000
2026-08-10,15:47:22,1.636088,1.079914,0.000000,43706893951675379220480.000000,0.000000
2026-08-10,15:47:23,1.636088,1.079914,0.000000,43706893951675379220480.000000,0.000000
2026-08-10,15:47:24,1.643480,1.079914,0.000000,43706893951675379220480.000000,0.000000
2026-08-10,15:47:24,1.642838,1.079914,0.000000,43706893951675379220480.000000,0.000000
2026-08-10,15:47:25,1.616684,1.079914,0.000000,43706893951675379220480.000000,0.000000
2026-08-10,15:47:26,1.616684,1.079914,0.000000,43706893951675379220480.000000,0.000000
2026-08-10,15:47:26,1.620250,1.079914,0.000000,43706893951675379220480.000000,0.000000
2026-08-10,15:47:27,1.630265,1.079914,0.000000,43706893951675379220480.000000,0.000000
2026-08-10,15:47:28,1.584454,1.079914,0.000000,43706893951675379220480.000000,0.000000
2026-08-10,15:47:29,1.619050,1.626786,0.000000,43706893951675379220480.000000,0.000000
2026-08-10,15:47:29,1.619050,1.626175,0.000000,43706893951675379220480.000000,0.000000
2026-08-10,15:47:30,1.636727,1.626175,0.000000,43706893951675379220480.000000,0.000000
2026-08-10,15:47:31,1.620711,1.625055,0.000000,43706893951675379220480.000000,0.000000
2026-08-10,15:47:31,1.596332,1.621079,0.000000,43706893951675379220480.000000,0.000000
2026-08-10,15:47:32,1.619761,1.618707,0.000000,43706893951675379220480.000000,0.000000
2026-08-10,15:47:33,1.619761,1.618707,0.000000,43706893951675379220480.000000,0.000000
2026-08-10,15:47:33,1.589684,1.613392,0.000000,43706893951675379220480.000000,0.000000
2026-08-10,15:47:34,1.652558,1.616979,0.000000,43706893951675379220480.000000,0.000000
2026-08-10,15:47:35,1.641250,1.619079,0.000000,43706893951675379220480.000000,0.000000
2026-08-10,15:47:35,1.641250,1.620824,0.000000,43706893951675379220480.000000,0.000000
2026-08-10,15:47:36,1.647712,1.620824,0.000000,43706893951675379220480.000000,0.000000
2026-08-10,15:47:37,1.643189,1.626698,0.000000,43706893951675379220480.000000,0.000000
2026-08-10,15:47:37,1.648358,1.629628,0.000000,43706893951675379220480.000000,0.000000
2026-08-10,15:47:38,1.615727,1.627528,0.000000,43706893951675379220480.000000,0.000000
2026-08-10,15:47:39,1.615727,1.628387,0.000000,43706893951675379220480.000000,0.000000
2026-08-10,15:47:39,1.629296,1.628387,0.000000,43706893951675379220480.000000,0.000000
2026-08-10,15:47:40,1.608901,1.629644,0.000000,43706893951675379220480.000000,0.000000
2026-08-10,15:47:41,1.646667,1.632334,0.000000,43706893951675379220480.000000,0.000000
2026-08-10,15:47:41,1.650505,1.638416,0.000000,43706893951675379220480.000000,0.000000
2026-08-10,15:47:42,1.650505,1.638416,0.000000,43706893951675379220480.000000,0.000000
2026-08-10,15:47:43,1.596929,1.632854,0.000000,43706893951675379220480.000000,0.000000
2026-08-10,15:47:43,1.595669,1.628295,0.000000,43706893951675379220480.000000,0.000000
2026-08-10,15:47:44,1.618525,1.625376,0.000000,43706893951675379220480.000000,0.000000
2026-08-10,15:47:45,1.618525,1.622750,0.000000,43706893951675379220480.000000,0.000000
2026-08-10,15:47:45,1.616926,1.622750,0.000000,43706893951675379220480.000000,0.000000
2026-08-10,15:47:46,1.631637,1.621078,0.000000,43706893951675379220480.000000,0.000000
2026-08-10,15:47:47,1.065585,1.621078,0.000000,43706893951675379220480.000000,0.000000
2026-08-10,15:47:47,1.117085,1.621078,0.000000,43706893951675379220480.000000,0.000000
2026-08-10,15:47:48,1.117085,1.621078,0.000000,43706893951675379220480.000000,0.000000
2026-08-10,15:47:49,1.068463,1.621078,0.000000,43706893951675379220480.000000,0.000000
2026-08-10,15:47:49,1.104601,1.621078,0.000000,43706893951675379220480.000000,0.000000
2026-08-10,15:47:50,1.092128,1.621078,0.000000,43706893951675379220480.000000,0.000000
2026-08-10,15:47:51,1.092128,1.621078,0.000000,43706893951675379220480.000000,0.000000
2026-08-10,15:47:51,1.102042,1.621078,0.000000,43706893951675379220480.000000,0.000000
2026-08-10,15:47:52,1.077417,1.621078,0.000000,43706893951675379220480.000000,0.000000
2026-08-10,15:47:53,1.086052,1.621078,0.000000,43706893951675379220480.000000,0.000000
2026-08-10,15:47:53,1.073580,1.621078,0.000000,43706893951675379220480.000000,0.000000
2026-08-10,15:47:54,1.073580,1.621078,0.000000,43706893951675379220480.000000,0.000000
2026-08-10,15:47:55,1.090849,1.087780,0.000000,43706893951675379220480.000000,0.000000
2026-08-10,15:47:55,1.100763,1.091298,0.000000,43706893951675379220480.000000,0.000000
2026-08-10,15:47:56,1.064305,1.086020,0.000000,43706893951675379220480.000000,0.000000
2026-08-10,15:47:57,1.064305,1.086148,0.000000,43706893951675379220480.000000,0.000000
2026-08-10,15:47:57,1.069742,1.086148,0.000000,43706893951675379220480.000000,0.000000
2026-08-10,15:47:58,1.079976,1.083686,0.000000,43706893951675379220480.000000,0.000000
2026-08-10,15:47:59,1.064305,1.080903,0.000000,43706893951675379220480.000000,0.000000
2026-08-10,15:47:59,1.113555,1.082054,0.000000,43706893951675379220480.000000,0.000000
2026-08-10,15:48:00,1.113555,1.082054,0.000000,43706893951675379220480.000000,0.000000
2026-08-10,15:48:01,1.123149,1.086628,0.000000,43706893951675379220480.000000,0.000000
2026-08-10,15:48:01,1.106200,1.088642,0.000000,43706893951675379220480.000000,0.000000
2026-08-10,15:48:02,1.106519,1.091936,0.000000,43706893951675379220480.000000,0.000000
2026-08-10,15:48:03,1.106519,1.091936,0.000000,43706893951675379220480.000000,0.000000
2026-08-10,15:48:03,1.629398,1.091936,0.000000,43706893951675379220480.000000,0.000000
2026-08-10,15:48:04,1.635474,1.091936,0.000000,43706893951675379220480.000000,0.000000
2026-08-10,15:48:05,1.618844,1.091936,0.000000,43706893951675379220480.000000,0.000000
2026-08-10,15:48:05,1.656261,1.091936,0.000000,43706893951675379220480.000000,0.000000
2026-08-10,15:48:06,1.656261,1.091936,0.000000,43706893951675379220480.000000,0.000000
2026-08-10,15:48:07,1.652743,1.091936,0.000000,43706893951675379220480.000000,0.000000
2026-08-10,15:48:07,1.616926,1.091936,0.000000,43706893951675379220480.000000,0.000000
2026-08-10,15:48:08,1.616926,1.091936,0.000000,43706893951675379220480.000000,0.000000
2026-08-10,15:48:09,1.616926,1.091936,0.000000,43706893951675379220480.000000,0.000000
2026-08-10,15:48:09,1.653703,1.091936,0.000000,43706893951675379220480.000000,0.000000
2026-08-10,15:48:10,1.618844,1.091936,0.000000,43706893951675379220480.000000,0.000000
2026-08-10,15:48:11,1.617245,1.631636,0.000000,43706893951675379220480.000000,0.000000
2026-08-10,15:48:11,1.636434,1.632340,0.000000,43706893951675379220480.000000,0.000000
2026-08-10,15:48:12,1.636434,1.632340,0.000000,43706893951675379220480.000000,0.000000
2026-08-10,15:48:13,0.532153,1.632340,0.000000,43706893951675379220480.000000,0.000000
2026-08-10,15:48:13,0.558324,1.632340,0.000000,43706893951675379220480.000000,0.000000
2026-08-10,15:48:14,0.568622,1.632340,0.000000,43706893951675379220480.000000,0.000000
2026-08-10,15:48:15,0.568622,1.632340,0.000000,43706893951675379220480.000000,0.000000
2026-08-10,15:48:15,0.544714,1.632340,0.000000,43706893951675379220480.000000,0.000000
2026-08-10,15:48:16,0.556278,1.632340,0.000000,43706893951675379220480.000000,0.000000
2026-08-10,15:48:17,0.528100,1.632340,0.000000,43706893951675379220480.000000,0.000000
2026-08-10,15:48:17,0.528100,1.632340,0.000000,43706893951675379220480.000000,0.000000
2026-08-10,15:48:18,0.571827,1.632340,0.000000,43706893951675379220480.000000,0.000000
2026-08-10,15:48:19,0.534862,1.632340,0.000000,43706893951675379220480.000000,0.000000
2026-08-10,15:48:19,0.550291,1.632340,0.000000,43706893951675379220480.000000,0.000000
2026-08-10,15:48:20,0.562611,0.550778,0.000000,43706893951675379220480.000000,0.000000
2026-08-10,15:48:21,0.562611,0.550778,0.000000,43706893951675379220480.000000,0.000000
2026-08-10,15:48:21,0.554695,0.553033,0.000000,43706893951675379220480.000000,0.000000
2026-08-10,15:48:22,0.560078,0.553208,0.000000,43706893951675379220480.000000,0.000000
2026-08-10,15:48:23,0.564827,0.552828,0.000000,43706893951675379220480.000000,0.000000
2026-08-10,15:48:23,0.564827,0.552828,0.000000,43706893951675379220480.000000,0.000000
2026-08-10,15:48:24,0.562294,0.554586,0.000000,43706893951675379220480.000000,0.000000
2026-08-10,15:48:25,0.542981,0.553257,0.000000,43706893951675379220480.000000,0.000000
2026-08-10,15:48:25,0.548047,0.555251,0.000000,43706893951675379220480.000000,0.000000
2026-08-10,15:48:26,0.548047,0.552778,0.000000,43706893951675379220480.000000,0.000000
2026-08-10,15:48:27,0.547097,0.552778,0.000000,43706893951675379220480.000000,0.000000
2026-08-10,15:48:27,1.077413,0.552778,0.000000,43706893951675379220480.000000,0.000000
2026-08-10,15:48:28,1.053668,0.552778,0.000000,43706893951675379220480.000000,0.000000
2026-08-10,15:48:29,1.053668,0.552778,0.000000,43706893951675379220480.000000,0.000000
2026-08-10,15:48:29,1.089761,0.552778,0.000000,43706893951675379220480.000000,0.000000
2026-08-10,15:48:30,1.080580,0.552778,0.000000,43706893951675379220480.000000,0.000000
2026-08-10,15:48:31,1.056517,0.552778,0.000000,43706893951675379220480.000000,0.000000
2026-08-10,15:48:31,1.065382,0.552778,0.000000,43706893951675379220480.000000,0.000000
2026-08-10,15:48:32,1.065382,0.552778,0.000000,43706893951675379220480.000000,0.000000
2026-08-10,15:48:33,1.092294,0.552778,0.000000,43706893951675379220480.000000,0.000000
2026-08-10,15:48:33,1.055568,0.552778,0.000000,43706893951675379220480.000000,0.000000
2026-08-10,15:48:34,1.079630,0.552778,0.000000,43706893951675379220480.000000,0.000000
2026-08-10,15:48:35,1.079630,1.070987,0.000000,43706893951675379220480.000000,0.000000
2026-08-10,15:48:35,1.059050,1.070987,0.000000,43706893951675379220480.000000,0.000000
2026-08-10,15:48:36,1.085796,1.071825,0.000000,43706893951675379220480.000000,0.000000
2026-08-10,15:48:37,1.097368,1.076195,0.000000,43706893951675379220480.000000,0.000000
2026-08-10,15:48:37,1.083546,1.075573,0.000000,43706893951675379220480.000000,0.000000
2026-08-10,15:48:38,1.083546,1.075573,0.000000,43706893951675379220480.000000,0.000000
2026-08-10,15:48:39,0.121577,1.075573,0.000000,43706893951675379220480.000000,0.000000
2026-08-10,15:48:39,0.101314,1.075573,0.000000,43706893951675379220480.000000,0.000000
2026-08-10,15:48:40,0.101314,1.075573,0.000000,43706893951675379220480.000000,0.000000
2026-08-10,15:48:41,0.575908,1.075573,0.000000,43706893951675379220480.000000,0.000000
2026-08-10,15:48:41,0.575908,1.075573,0.000000,43706893951675379220480.000000,0.000000
2026-08-10,15:48:42,0.569898,1.075573,0.000000,43706893951675379220480.000000,0.000000
2026-08-10,15:48:43,0.557041,1.075573,0.000000,43706893951675379220480.000000,0.000000
2026-08-10,15:48:43,0.577491,1.075573,0.000000,43706893951675379220480.000000,0.000000
2026-08-10,15:48:44,0.577491,1.075573,0.000000,43706893951675379220480.000000,0.000000
2026-08-10,15:48:45,0.121577,1.075573,0.000000,43706893951675379220480.000000,0.000000
2026-08-10,15:48:45,0.542348,1.075573,0.000000,43706893951675379220480.000000,0.000000
2026-08-10,15:48:46,0.570238,1.075573,0.000000,43706893951675379220480.000000,0.000000
2026-08-10,15:48:47,1.085773,1.076092,0.000000,43706893951675379220480.000000,0.000000
2026-08-10,15:48:47,1.085773,1.076818,0.000000,43706893951675379220480.000000,0.000000
2026-08-10,15:48:48,1.063775,1.076818,0.000000,43706893951675379220480.000000,0.000000
2026-08-10,15:48:49,1.045862,1.074866,0.000000,43706893951675379220480.000000,0.000000
2026-08-10,15:48:49,1.058118,1.071449,0.000000,43706893951675379220480.000000,0.000000
2026-08-10,15:48:50,1.058118,1.068435,0.000000,43706893951675379220480.000000,0.000000
2026-08-10,15:48:51,1.025435,1.068435,0.000000,43706893951675379220480.000000,0.000000
2026-08-10,15:48:51,1.089332,1.069405,0.000000,43706893951675379220480.000000,0.000000
2026-08-10,15:48:52,1.098011,1.073302,0.000000,43706893951675379220480.000000,0.000000
2026-08-10,15:48:53,1.083112,1.073033,0.000000,43706893951675379220480.000000,0.000000
2026-08-10,15:48:53,1.083112,1.070120,0.000000,43706893951675379220480.000000,0.000000
2026-08-10,15:48:54,1.068232,1.070120,0.000000,43706893951675379220480.000000,0.000000
2026-08-10,15:48:55,1.089761,1.070741,0.000000,43706893951675379220480.000000,0.000000
2026-08-10,15:48:55,0.263417,1.070741,0.000000,43706893951675379220480.000000,0.000000
2026-08-10,15:48:56,0.100998,1.070741,0.000000,43706893951675379220480.000000,0.000000
2026-08-10,15:48:57,0.100998,1.070741,0.000000,43706893951675379220480.000000,0.000000
2026-08-10,15:48:57,0.101314,1.070741,0.000000,43706893951675379220480.000000,0.000000
2026-08-10,15:48:58,0.586673,1.070741,0.000000,43706893951675379220480.000000,0.000000
2026-08-10,15:48:59,0.060789,1.070741,0.000000,43706893951675379220480.000000,0.000000
2026-08-10,15:49:00,0.060789,1.070741,0.000000,43706893951675379220480.000000,0.000000
2026-08-10,15:49:00,0.141840,1.070741,0.000000,43706893951675379220480.000000,0.000000
2026-08-10,15:49:01,0.161786,1.070741,0.000000,43706893951675379220480.000000,0.000000
2026-08-10,15:49:02,0.526834,1.070741,0.000000,43706893951675379220480.000000,0.000000
2026-08-10,15:49:02,0.688620,1.070741,0.000000,43706893951675379220480.000000,0.000000
2026-08-10,15:49:03,0.688620,1.070741,0.000000,43706893951675379220480.000000,0.000000
2026-08-10,15:49:04,0.324206,1.070741,0.000000,43706893951675379220480.000000,0.000000
2026-08-10,15:49:04,0.763656,1.038529,0.000000,43706893951675379220480.000000,0.000000
2026-08-10,15:49:05,0.546780,0.986830,0.000000,43706893951675379220480.000000,0.000000
2026-08-10,15:49:06,0.546780,0.943001,0.000000,43706893951675379220480.000000,0.000000
2026-08-10,15:49:06,0.607569,0.943001,0.000000,43706893951675379220480.000000,0.000000
2026-08-10,15:49:07,0.729463,0.910135,0.000000,43706893951675379220480.000000,0.000000
2026-08-10,15:49:08,0.445783,0.910135,0.000000,43706893951675379220480.000000,0.000000
2026-08-10,15:49:08,0.694779,0.877069,0.000000,43706893951675379220480.000000,0.000000
2026-08-10,15:49:09,0.694779,0.877069,0.000000,43706893951675379220480.000000,0.000000
2026-08-10,15:49:10,0.565634,0.824700,0.000000,43706893951675379220480.000000,0.000000
2026-08-10,15:49:10,0.531525,0.768051,0.000000,43706893951675379220480.000000,0.000000
2026-08-10,15:49:11,0.485100,0.708250,0.000000,43706893951675379220480.000000,0.000000
2026-08-10,15:49:12,0.485100,0.647915,0.000000,43706893951675379220480.000000,0.000000
2026-08-10,15:49:12,0.464887,0.647915,0.000000,43706893951675379220480.000000,0.000000
2026-08-10,15:49:13,0.555113,0.594451,0.000000,43706893951675379220480.000000,0.000000
2026-08-10,15:49:14,0.431683,0.561253,0.000000,43706893951675379220480.000000,0.000000
2026-08-10,15:49:14,0.431683,0.561253,0.000000,43706893951675379220480.000000,0.000000
2026-08-10,15:49:15,0.616827,0.561253,0.000000,43706893951675379220480.000000,0.000000
2026-08-10,15:49:16,0.432004,0.561253,0.000000,43706893951675379220480.000000,0.000000
2026-08-10,15:49:16,0.541291,0.561253,0.000000,43706893951675379220480.000000,0.000000
2026-08-10,15:49:17,0.702007,0.561253,0.000000,43706893951675379220480.000000,0.000000
2026-08-10,15:49:18,0.702007,0.561253,0.000000,43706893951675379220480.000000,0.000000
2026-08-10,15:49:18,0.617149,0.561253,0.000000,43706893951675379220480.000000,0.000000
2026-08-10,15:49:19,0.596577,0.561253,0.000000,43706893951675379220480.000000,0.000000
2026-08-10,15:49:20,0.596256,0.561253,0.000000,43706893951675379220480.000000,0.000000
2026-08-10,15:49:20,0.596256,0.561253,0.000000,43706893951675379220480.000000,0.000000
2026-08-10,15:49:21,0.514291,0.561253,0.000000,43706893951675379220480.000000,0.000000
2026-08-10,15:49:22,0.164252,0.561253,0.000000,43706893951675379220480.000000,0.000000
2026-08-10,15:49:22,0.121180,0.561253,0.000000,43706893951675379220480.000000,0.000000
2026-08-10,15:49:23,0.121180,0.567364,0.000000,43706893951675379220480.000000,0.000000
2026-08-10,15:49:24,0.607885,0.567364,0.000000,43706893951675379220480.000000,0.000000
2026-08-10,15:49:24,0.582240,0.564831,0.000000,43706893951675379220480.000000,0.000000
2026-08-10,15:49:25,0.202628,0.564831,0.000000,43706893951675379220480.000000,0.000000
2026-08-10,15:49:26,0.263100,0.564831,0.000000,43706893951675379220480.000000,0.000000
2026-08-10,15:49:26,0.263100,0.564831,0.000000,43706893951675379220480.000000,0.000000
2026-08-10,15:49:27,0.248126,0.564831,0.000000,43706893951675379220480.000000,0.000000
2026-08-10,15:49:28,0.263100,0.564831,0.000000,43706893951675379220480.000000,0.000000
2026-08-10,15:49:28,0.263417,0.564831,0.000000,43706893951675379220480.000000,0.000000
2026-08-10,15:49:29,0.547097,0.546594,0.000000,43706893951675379220480.000000,0.000000
2026-08-10,15:49:30,0.547097,0.546594,0.000000,43706893951675379220480.000000,0.000000
2026-08-10,15:49:30,0.567043,0.533821,0.000000,43706893951675379220480.000000,0.000000
2026-08-10,15:49:31,0.567360,0.533993,0.000000,43706893951675379220480.000000,0.000000
2026-08-10,15:49:32,0.556532,0.536494,0.000000,43706893951675379220480.000000,0.000000
2026-08-10,15:49:32,0.556532,0.532452,0.000000,43706893951675379220480.000000,0.000000
2026-08-10,15:49:33,0.444675,0.532452,0.000000,43706893951675379220480.000000,0.000000
2026-08-10,15:49:34,0.667808,0.532452,0.000000,43706893951675379220480.000000,0.000000
2026-08-10,15:49:34,0.584140,0.532452,0.000000,43706893951675379220480.000000,0.000000
2026-08-10,15:49:35,0.584140,0.532452,0.000000,43706893951675379220480.000000,0.000000
2026-08-10,15:49:36,0.425203,0.532452,0.000000,43706893951675379220480.000000,0.000000
2026-08-10,15:49:36,0.515284,0.532452,0.000000,43706893951675379220480.000000,0.000000
2026-08-10,15:49:37,0.535908,0.532452,0.000000,43706893951675379220480.000000,0.000000
2026-08-10,15:49:38,0.536230,0.532452,0.000000,43706893951675379220480.000000,0.000000
2026-08-10,15:49:38,0.536230,0.532452,0.000000,43706893951675379220480.000000,0.000000
2026-08-10,15:49:39,0.431820,0.532452,0.000000,43706893951675379220480.000000,0.000000
2026-08-10,15:49:40,0.547097,0.532452,0.000000,43706893951675379220480.000000,0.000000
2026-08-10,15:49:40,0.371866,0.532452,0.000000,43706893951675379220480.000000,0.000000
2026-08-10,15:49:41,0.371866,0.532452,0.000000,43706893951675379220480.000000,0.000000
2026-08-10,15:49:42,0.434221,0.532452,0.000000,43706893951675379220480.000000,0.000000
2026-08-10,15:49:42,0.565950,0.542558,0.000000,43706893951675379220480.000000,0.000000
2026-08-10,15:49:43,0.282975,0.542558,0.000000,43706893951675379220480.000000,0.000000
2026-08-10,15:49:44,0.308253,0.542558,0.000000,43706893951675379220480.000000,0.000000
2026-08-10,15:49:44,0.308253,0.542558,0.000000,43706893951675379220480.000000,0.000000
2026-08-10,15:49:45,0.226288,0.542558,0.000000,43706893951675379220480.000000,0.000000
2026-08-10,15:49:46,0.267110,0.542558,0.000000,43706893951675379220480.000000,0.000000
2026-08-10,15:49:46,0.288003,0.542558,0.000000,43706893951675379220480.000000,0.000000
2026-08-10,15:49:47,0.411433,0.528190,0.000000,43706893951675379220480.000000,0.000000
2026-08-10,15:49:48,0.411433,0.528190,0.000000,43706893951675379220480.000000,0.000000
2026-08-10,15:49:48,0.575684,0.528190,0.000000,43706893951675379220480.000000,0.000000
2026-08-10,15:49:49,0.514291,0.528190,0.000000,43706893951675379220480.000000,0.000000
2026-08-10,15:49:50,0.534862,0.528190,0.000000,43706893951675379220480.000000,0.000000
2026-08-10,15:49:50,0.534862,0.528190,0.000000,43706893951675379220480.000000,0.000000
2026-08-10,15:49:51,0.638685,0.528190,0.000000,43706893951675379220480.000000,0.000000
2026-08-10,15:49:52,0.308253,0.528190,0.000000,43706893951675379220480.000000,0.000000
2026-08-10,15:49:52,0.538720,0.538893,0.000000,43706893951675379220480.000000,0.000000
2026-08-10,15:49:53,0.534862,0.531591,0.000000,43706893951675379220480.000000,0.000000
2026-08-10,15:49:54,0.534862,0.539550,0.000000,43706893951675379220480.000000,0.000000
2026-08-10,15:49:54,0.661828,0.539550,0.000000,43706893951675379220480.000000,0.000000
2026-08-10,15:49:55,0.267110,0.539550,0.000000,43706893951675379220480.000000,0.000000
2026-08-10,15:49:56,0.328825,0.539550,0.000000,43706893951675379220480.000000,0.000000
2026-08-10,15:49:56,0.567043,0.541545,0.000000,43706893951675379220480.000000,0.000000
2026-08-10,15:49:57,0.567043,0.541545,0.000000,43706893951675379220480.000000,0.000000
2026-08-10,15:49:58,0.141523,0.541545,0.000000,43706893951675379220480.000000,0.000000
2026-08-10,15:49:58,0.496252,0.534465,0.000000,43706893951675379220480.000000,0.000000
2026-08-10,15:49:59,0.289157,0.534465,0.000000,43706893951675379220480.000000,0.000000
2026-08-10,15:50:00,0.289157,0.534465,0.000000,43706893951675379220480.000000,0.000000
2026-08-10,15:50:00,0.304665,0.534465,0.000000,43706893951675379220480.000000,0.000000
2026-08-10,15:50:01,0.607885,0.538518,0.000000,43706893951675379220480.000000,0.000000
2026-08-10,15:50:02,0.348356,0.538518,0.000000,43706893951675379220480.000000,0.000000
2026-08-10,15:50:02,0.121881,0.538518,0.000000,43706893951675379220480.000000,0.000000
2026-08-10,15:50:03,0.121881,0.538518,0.000000,43706893951675379220480.000000,0.000000
2026-08-10,15:50:04,0.365643,0.538518,0.000000,43706893951675379220480.000000,0.000000
2026-08-10,15:50:04,0.123745,0.538518,0.000000,43706893951675379220480.000000,0.000000
2026-08-10,15:50:05,0.547097,0.537574,0.000000,43706893951675379220480.000000,0.000000
2026-08-10,15:50:06,0.587306,0.551838,0.000000,43706893951675379220480.000000,0.000000
2026-08-10,15:50:06,0.587306,0.551838,0.000000,43706893951675379220480.000000,0.000000
2026-08-10,15:50:07,0.324206,0.551838,0.000000,43706893951675379220480.000000,0.000000
2026-08-10,15:50:08,0.482414,0.543484,0.000000,43706893951675379220480.000000,0.000000
2026-08-10,15:50:08,0.391538,0.541494,0.000000,43706893951675379220480.000000,0.000000
2026-08-10,15:50:09,0.391538,0.541494,0.000000,43706893951675379220480.000000,0.000000
2026-08-10,15:50:10,0.639351,0.541494,0.000000,43706893951675379220480.000000,0.000000
2026-08-10,15:50:10,0.303943,0.541494,0.000000,43706893951675379220480.000000,0.000000
2026-08-10,15:50:11,0.546780,0.542301,0.000000,43706893951675379220480.000000,0.000000
2026-08-10,15:50:12,0.240305,0.542301,0.000000,43706893951675379220480.000000,0.000000
2026-08-10,15:50:12,0.240305,0.529308,0.000000,43706893951675379220480.000000,0.000000
2026-08-10,15:50:13,0.404940,0.529308,0.000000,43706893951675379220480.000000,0.000000
2026-08-10,15:50:14,0.303943,0.493520,0.000000,43706893951675379220480.000000,0.000000
2026-08-10,15:50:14,0.481876,0.493520,0.000000,43706893951675379220480.000000,0.000000
2026-08-10,15:50:15,0.526834,0.493520,0.000000,43706893951675379220480.000000,0.000000
2026-08-10,15:50:16,0.526834,0.493520,0.000000,43706893951675379220480.000000,0.000000
2026-08-10,15:50:16,0.267110,0.493520,0.000000,43706893951675379220480.000000,0.000000
2026-08-10,15:50:17,0.582434,0.495059,0.000000,43706893951675379220480.000000,0.000000
2026-08-10,15:50:18,0.224359,0.495059,0.000000,43706893951675379220480.000000,0.000000
2026-08-10,15:50:18,0.224359,0.495059,0.000000,43706893951675379220480.000000,0.000000
2026-08-10,15:50:19,0.328825,0.495059,0.000000,43706893951675379220480.000000,0.000000
2026-08-10,15:50:20,0.301377,0.495059,0.000000,43706893951675379220480.000000,0.000000
2026-08-10,15:50:20,0.409348,0.486369,0.000000,43706893951675379220480.000000,0.000000
2026-08-10,15:50:21,0.245609,0.486369,0.000000,43706893951675379220480.000000,0.000000
2026-08-10,15:50:22,0.245609,0.486369,0.000000,43706893951675379220480.000000,0.000000
2026-08-10,15:50:22,0.634170,0.486369,0.000000,43706893951675379220480.000000,0.000000
2026-08-10,15:50:23,0.279188,0.486369,0.000000,43706893951675379220480.000000,0.000000
2026-08-10,15:50:24,0.552300,0.480810,0.000000,43706893951675379220480.000000,0.000000
2026-08-10,15:50:24,0.204674,0.480810,0.000000,43706893951675379220480.000000,0.000000
2026-08-10,15:50:25,0.204674,0.480810,0.000000,43706893951675379220480.000000,0.000000
2026-08-10,15:50:26,0.327159,0.480810,0.000000,43706893951675379220480.000000,0.000000
2026-08-10,15:50:26,0.236015,0.480810,0.000000,43706893951675379220480.000000,0.000000
2026-08-10,15:50:27,0.327159,0.480810,0.000000,43706893951675379220480.000000,0.000000
2026-08-10,15:50:28,0.327159,0.483921,0.000000,43706893951675379220480.000000,0.000000
2026-08-10,15:50:28,0.578204,0.483921,0.000000,43706893951675379220480.000000,0.000000
2026-08-10,15:50:29,0.245289,0.483921,0.000000,43706893951675379220480.000000,0.000000
2026-08-10,15:50:30,0.572768,0.482467,0.000000,43706893951675379220480.000000,0.000000
2026-08-10,15:50:30,0.353004,0.482467,0.000000,43706893951675379220480.000000,0.000000
2026-08-10,15:50:31,0.353004,0.495660,0.000000,43706893951675379220480.000000,0.000000
2026-08-10,15:50:32,0.614342,0.495660,0.000000,43706893951675379220480.000000,0.000000
2026-08-10,15:50:32,0.362657,0.495660,0.000000,43706893951675379220480.000000,0.000000
2026-08-10,15:50:33,0.593235,0.515830,0.000000,43706893951675379220480.000000,0.000000
2026-08-10,15:50:34,0.286544,0.515830,0.000000,43706893951675379220480.000000,0.000000
2026-08-10,15:50:34,0.286544,0.515830,0.000000,43706893951675379220480.000000,0.000000
2026-08-10,15:50:35,0.308337,0.515830,0.000000,43706893951675379220480.000000,0.000000
2026-08-10,15:50:36,0.615026,0.522654,0.000000,43706893951675379220480.000000,0.000000
2026-08-10,15:50:36,0.510076,0.533168,0.000000,43706893951675379220480.000000,0.000000
2026-08-10,15:50:37,0.326334,0.533168,0.000000,43706893951675379220480.000000,0.000000
2026-08-10,15:50:38,0.326334,0.533168,0.000000,43706893951675379220480.000000,0.000000
2026-08-10,15:50:38,0.550907,0.557864,0.000000,43706893951675379220480.000000,0.000000
2026-08-10,15:50:39,0.591739,0.558795,0.000000,43706893951675379220480.000000,0.000000
2026-08-10,15:50:40,0.449147,0.562774,0.000000,43706893951675379220480.000000,0.000000
2026-08-10,15:50:40,0.449147,0.562774,0.000000,43706893951675379220480.000000,0.000000
2026-08-10,15:50:41,0.510395,0.558584,0.000000,43706893951675379220480.000000,0.000000
2026-08-10,15:50:42,0.725565,0.558584,0.000000,43706893951675379220480.000000,0.000000
2026-08-10,15:50:42,0.549523,0.558584,0.000000,43706893951675379220480.000000,0.000000
2026-08-10,15:50:43,0.549523,0.558584,0.000000,43706893951675379220480.000000,0.000000
2026-08-10,15:50:44,0.305149,0.558584,0.000000,43706893951675379220480.000000,0.000000
2026-08-10,15:50:45,0.285103,0.558584,0.000000,43706893951675379220480.000000,0.000000
2026-08-10,15:50:45,0.581661,0.558930,0.000000,43706893951675379220480.000000,0.000000
2026-08-10,15:50:46,0.581661,0.562746,0.000000,43706893951675379220480.000000,0.000000
2026-08-10,15:50:47,0.610935,0.562746,0.000000,43706893951675379220480.000000,0.000000
2026-08-10,15:50:47,0.325832,0.562746,0.000000,43706893951675379220480.000000,0.000000
2026-08-10,15:50:48,0.264420,0.562746,0.000000,43706893951675379220480.000000,0.000000
2026-08-10,15:50:49,0.104368,0.562746,0.000000,43706893951675379220480.000000,0.000000
2026-08-10,15:50:49,0.104368,0.562746,0.000000,43706893951675379220480.000000,0.000000
2026-08-10,15:50:50,0.203645,0.562746,0.000000,43706893951675379220480.000000,0.000000
2026-08-10,15:50:51,0.284785,0.562746,0.000000,43706893951675379220480.000000,0.000000
2026-08-10,15:50:51,0.549841,0.556296,0.000000,43706893951675379220480.000000,0.000000
2026-08-10,15:50:52,0.590252,0.555998,0.000000,43706893951675379220480.000000,0.000000
2026-08-10,15:50:53,0.590252,0.555998,0.000000,43706893951675379220480.000000,0.000000
2026-08-10,15:50:53,0.556523,0.550148,0.000000,43706893951675379220480.000000,0.000000
2026-08-10,15:50:54,0.224009,0.550148,0.000000,43706893951675379220480.000000,0.000000
2026-08-10,15:50:55,0.671710,0.566311,0.000000,43706893951675379220480.000000,0.000000
2026-08-10,15:50:55,0.671710,0.566311,0.000000,43706893951675379220480.000000,0.000000
2026-08-10,15:50:56,0.468383,0.566311,0.000000,43706893951675379220480.000000,0.000000
2026-08-10,15:50:57,0.593434,0.566311,0.000000,43706893951675379220480.000000,0.000000
2026-08-10,15:50:57,0.570206,0.566311,0.000000,43706893951675379220480.000000,0.000000
2026-08-10,15:50:58,0.529477,0.566311,0.000000,43706893951675379220480.000000,0.000000
2026-08-10,15:50:59,0.529477,0.566311,0.000000,43706893951675379220480.000000,0.000000
2026-08-10,15:50:59,0.427654,0.566311,0.000000,43706893951675379220480.000000,0.000000
2026-08-10,15:51:00,0.787851,0.566311,0.000000,43706893951675379220480.000000,0.000000
2026-08-10,15:51:01,0.484611,0.559681,0.000000,43706893951675379220480.000000,0.000000
2026-08-10,15:51:01,0.484611,0.553455,0.000000,43706893951675379220480.000000,0.000000
2026-08-10,15:51:02,0.529477,0.553455,0.000000,43706893951675379220480.000000,0.000000
2026-08-10,15:51:03,0.549523,0.563493,0.000000,43706893951675379220480.000000,0.000000
2026-08-10,15:51:03,0.488748,0.561328,0.000000,43706893951675379220480.000000,0.000000
2026-08-10,15:51:04,0.488748,0.561328,0.000000,43706893951675379220480.000000,0.000000
2026-08-10,15:51:05,0.644676,0.561328,0.000000,43706893951675379220480.000000,0.000000
2026-08-10,15:51:05,0.488430,0.561328,0.000000,43706893951675379220480.000000,0.000000
2026-08-10,15:51:06,0.514203,0.561328,0.000000,43706893951675379220480.000000,0.000000
2026-08-10,15:51:07,0.386607,0.561328,0.000000,43706893951675379220480.000000,0.000000
2026-08-10,15:51:07,0.386607,0.561328,0.000000,43706893951675379220480.000000,0.000000
2026-08-10,15:51:08,0.447701,0.561328,0.000000,43706893951675379220480.000000,0.000000
2026-08-10,15:51:09,0.578638,0.561328,0.000000,43706893951675379220480.000000,0.000000
2026-08-10,15:51:09,0.703024,0.561328,0.000000,43706893951675379220480.000000,0.000000
2026-08-10,15:51:10,0.703024,0.561328,0.000000,43706893951675379220480.000000,0.000000
2026-08-10,15:51:11,0.589616,0.561328,0.000000,43706893951675379220480.000000,0.000000
2026-08-10,15:51:11,0.527886,0.561328,0.000000,43706893951675379220480.000000,0.000000
2026-08-10,15:51:12,0.590252,0.547103,0.000000,43706893951675379220480.000000,0.000000
2026-08-10,15:51:13,0.590252,0.529156,0.000000,43706893951675379220480.000000,0.000000
2026-08-10,15:51:13,0.465201,0.529156,0.000000,43706893951675379220480.000000,0.000000
2026-08-10,15:51:14,0.488748,0.529188,0.000000,43706893951675379220480.000000,0.000000
2026-08-10,15:51:15,0.314377,0.529188,0.000000,43706893951675379220480.000000,0.000000
2026-08-10,15:51:15,0.314377,0.525571,0.000000,43706893951675379220480.000000,0.000000
2026-08-10,15:51:16,0.478033,0.525571,0.000000,43706893951675379220480.000000,0.000000
2026-08-10,15:51:17,0.561169,0.543027,0.000000,43706893951675379220480.000000,0.000000
2026-08-10,15:51:17,0.448019,0.543059,0.000000,43706893951675379220480.000000,0.000000
2026-08-10,15:51:18,0.620799,0.543059,0.000000,43706893951675379220480.000000,0.000000
2026-08-10,15:51:19,0.620799,0.543059,0.000000,43706893951675379220480.000000,0.000000
2026-08-10,15:51:19,0.610935,0.543059,0.000000,43706893951675379220480.000000,0.000000
2026-08-10,15:51:20,0.610617,0.543059,0.000000,43706893951675379220480.000000,0.000000
2026-08-10,15:51:21,0.569888,0.543059,0.000000,43706893951675379220480.000000,0.000000
2026-08-10,15:51:21,0.569888,0.543059,0.000000,43706893951675379220480.000000,0.000000
2026-08-10,15:51:22,0.447701,0.543059,0.000000,43706893951675379220480.000000,0.000000
2026-08-10,15:51:23,0.285103,0.543059,0.000000,43706893951675379220480.000000,0.000000
2026-08-10,15:51:23,0.284785,0.543059,0.000000,43706893951675379220480.000000,0.000000
2026-08-10,15:51:24,0.345878,0.543059,0.000000,43706893951675379220480.000000,0.000000
2026-08-10,15:51:25,0.345878,0.543059,0.000000,43706893951675379220480.000000,0.000000
2026-08-10,15:51:25,0.285103,0.543059,0.000000,43706893951675379220480.000000,0.000000
2026-08-10,15:51:26,0.224009,0.543059,0.000000,43706893951675379220480.000000,0.000000
2026-08-10,15:51:27,0.203327,0.543059,0.000000,43706893951675379220480.000000,0.000000
2026-08-10,15:51:27,0.203327,0.543059,0.000000,43706893951675379220480.000000,0.000000
2026-08-10,15:51:28,0.331687,0.543059,0.000000,43706893951675379220480.000000,0.000000
2026-08-10,15:51:29,0.269172,0.543059,0.000000,43706893951675379220480.000000,0.000000
2026-08-10,15:51:29,0.528151,0.538010,0.000000,43706893951675379220480.000000,0.000000
2026-08-10,15:51:30,0.329665,0.538010,0.000000,43706893951675379220480.000000,0.000000
2026-08-10,15:51:31,0.329665,0.538010,0.000000,43706893951675379220480.000000,0.000000
2026-08-10,15:51:31,0.267793,0.538010,0.000000,43706893951675379220480.000000,0.000000
2026-08-10,15:51:32,0.148559,0.538010,0.000000,43706893951675379220480.000000,0.000000
2026-08-10,15:51:33,0.247491,0.538010,0.000000,43706893951675379220480.000000,0.000000
2026-08-10,15:51:33,0.375813,0.538010,0.000000,43706893951675379220480.000000,0.000000
2026-08-10,15:51:34,0.375813,0.538010,0.000000,43706893951675379220480.000000,0.000000
2026-08-10,15:51:35,0.587306,0.526438,0.000000,43706893951675379220480.000000,0.000000
2026-08-10,15:51:35,0.222891,0.526438,0.000000,43706893951675379220480.000000,0.000000
2026-08-10,15:51:36,0.247824,0.526438,0.000000,43706893951675379220480.000000,0.000000
2026-08-10,15:51:37,0.247824,0.506563,0.000000,43706893951675379220480.000000,0.000000
2026-08-10,15:51:37,0.390861,0.506563,0.000000,43706893951675379220480.000000,0.000000
2026-08-10,15:51:38,0.287681,0.482542,0.000000,43706893951675379220480.000000,0.000000
2026-08-10,15:51:39,0.506255,0.482542,0.000000,43706893951675379220480.000000,0.000000
2026-08-10,15:51:39,0.529398,0.482542,0.000000,43706893951675379220480.000000,0.000000
2026-08-10,15:51:40,0.529398,0.482542,0.000000,43706893951675379220480.000000,0.000000
2026-08-10,15:51:41,0.485992,0.482542,0.000000,43706893951675379220480.000000,0.000000
2026-08-10,15:51:41,0.486308,0.482542,0.000000,43706893951675379220480.000000,0.000000
2026-08-10,15:51:42,0.546780,0.482542,0.000000,43706893951675379220480.000000,0.000000
2026-08-10,15:51:43,0.546780,0.482542,0.000000,43706893951675379220480.000000,0.000000
2026-08-10,15:51:43,0.506571,0.482542,0.000000,43706893951675379220480.000000,0.000000
2026-08-10,15:51:44,0.729463,0.482542,0.000000,43706893951675379220480.000000,0.000000
2026-08-10,15:51:45,0.513969,0.482542,0.000000,43706893951675379220480.000000,0.000000
2026-08-10,15:51:45,0.513969,0.482542,0.000000,43706893951675379220480.000000,0.000000
2026-08-10,15:51:46,0.555434,0.482542,0.000000,43706893951675379220480.000000,0.000000
2026-08-10,15:51:47,0.534862,0.482542,0.000000,43706893951675379220480.000000,0.000000
2026-08-10,15:51:47,0.555434,0.482542,0.000000,43706893951675379220480.000000,0.000000
2026-08-10,15:51:48,0.555434,0.482542,0.000000,43706893951675379220480.000000,0.000000
2026-08-10,15:51:49,0.575684,0.482542,0.000000,43706893951675379220480.000000,0.000000
2026-08-10,15:51:49,0.384677,0.461985,0.000000,43706893951675379220480.000000,0.000000
2026-08-10,15:51:50,0.607569,0.461985,0.000000,43706893951675379220480.000000,0.000000
2026-08-10,15:51:51,0.309041,0.461985,0.000000,43706893951675379220480.000000,0.000000
2026-08-10,15:51:51,0.309041,0.461985,0.000000,43706893951675379220480.000000,0.000000
2026-08-10,15:51:52,0.667091,0.461985,0.000000,43706893951675379220480.000000,0.000000
2026-08-10,15:51:53,0.547097,0.461985,0.000000,43706893951675379220480.000000,0.000000
2026-08-10,15:51:53,0.567043,0.461985,0.000000,43706893951675379220480.000000,0.000000
2026-08-10,15:51:54,0.567043,0.461985,0.000000,43706893951675379220480.000000,0.000000
2026-08-10,15:51:55,0.526834,0.461985,0.000000,43706893951675379220480.000000,0.000000
2026-08-10,15:51:55,0.607885,0.461985,0.000000,43706893951675379220480.000000,0.000000
2026-08-10,15:51:56,0.123477,0.461985,0.000000,43706893951675379220480.000000,0.000000
2026-08-10,15:51:57,0.267533,0.461985,0.000000,43706893951675379220480.000000,0.000000
2026-08-10,15:51:57,0.267533,0.461985,0.000000,43706893951675379220480.000000,0.000000
2026-08-10,15:51:58,0.384677,0.453932,0.000000,43706893951675379220480.000000,0.000000
2026-08-10,15:51:59,0.308253,0.435883,0.000000,43706893951675379220480.000000,0.000000
2026-08-10,15:51:59,0.513969,0.435883,0.000000,43706893951675379220480.000000,0.000000
2026-08-10,15:52:00,0.513969,0.435883,0.000000,43706893951675379220480.000000,0.000000
2026-08-10,15:52:01,0.267110,0.435883,0.000000,43706893951675379220480.000000,0.000000
2026-08-10,15:52:01,0.390540,0.427134,0.000000,43706893951675379220480.000000,0.000000
2026-08-10,15:52:02,0.683833,0.427134,0.000000,43706893951675379220480.000000,0.000000
2026-08-10,15:52:03,0.453733,0.416390,0.000000,43706893951675379220480.000000,0.000000
2026-08-10,15:52:03,0.453733,0.416390,0.000000,43706893951675379220480.000000,0.000000
2026-08-10,15:52:04,0.494659,0.421054,0.000000,43706893951675379220480.000000,0.000000
2026-08-10,15:52:05,0.391860,0.407425,0.000000,43706893951675379220480.000000,0.000000
2026-08-10,15:52:05,0.639029,0.407425,0.000000,43706893951675379220480.000000,0.000000
2026-08-10,15:52:06,0.639029,0.407425,0.000000,43706893951675379220480.000000,0.000000
2026-08-10,15:52:07,0.527834,0.407425,0.000000,43706893951675379220480.000000,0.000000
2026-08-10,15:52:07,0.487524,0.407425,0.000000,43706893951675379220480.000000,0.000000
2026-08-10,15:52:08,0.527834,0.407425,0.000000,43706893951675379220480.000000,0.000000
2026-08-10,15:52:09,0.527834,0.407425,0.000000,43706893951675379220480.000000,0.000000
2026-08-10,15:52:09,0.507838,0.407425,0.000000,43706893951675379220480.000000,0.000000
2026-08-10,15:52:10,0.426266,0.407425,0.000000,43706893951675379220480.000000,0.000000
2026-08-10,15:52:11,0.568778,0.407425,0.000000,43706893951675379220480.000000,0.000000
2026-08-10,15:52:11,0.577479,0.407425,0.000000,43706893951675379220480.000000,0.000000
2026-08-10,15:52:12,0.577479,0.407425,0.000000,43706893951675379220480.000000,0.000000
2026-08-10,15:52:13,0.597780,0.407425,0.000000,43706893951675379220480.000000,0.000000
2026-08-10,15:52:13,0.464887,0.407425,0.000000,43706893951675379220480.000000,0.000000
2026-08-10,15:52:14,0.191387,0.407425,0.000000,43706893951675379220480.000000,0.000000
2026-08-10,15:52:15,0.191387,0.395183,0.000000,43706893951675379220480.000000,0.000000
2026-08-10,15:52:15,0.464887,0.395183,0.000000,43706893951675379220480.000000,0.000000
2026-08-10,15:52:16,0.509102,0.407007,0.000000,43706893951675379220480.000000,0.000000
2026-08-10,15:52:17,0.464887,0.424728,0.000000,43706893951675379220480.000000,0.000000
2026-08-10,15:52:17,0.264342,0.424728,0.000000,43706893951675379220480.000000,0.000000
2026-08-10,15:52:18,0.264342,0.424728,0.000000,43706893951675379220480.000000,0.000000
2026-08-10,15:52:19,0.519276,0.438188,0.000000,43706893951675379220480.000000,0.000000
2026-08-10,15:52:19,0.446580,0.444378,0.000000,43706893951675379220480.000000,0.000000
2026-08-10,15:52:20,0.624640,0.444378,0.000000,43706893951675379220480.000000,0.000000
2026-08-10,15:52:21,0.284072,0.444378,0.000000,43706893951675379220480.000000,0.000000
2026-08-10,15:52:21,0.284072,0.444378,0.000000,43706893951675379220480.000000,0.000000
2026-08-10,15:52:22,0.528151,0.466368,0.000000,43706893951675379220480.000000,0.000000
2026-08-10,15:52:23,0.466893,0.474003,0.000000,43706893951675379220480.000000,0.000000
2026-08-10,15:52:23,0.391670,0.467797,0.000000,43706893951675379220480.000000,0.000000
2026-08-10,15:52:24,0.391670,0.467797,0.000000,43706893951675379220480.000000,0.000000
2026-08-10,15:52:25,0.629719,0.467797,0.000000,43706893951675379220480.000000,0.000000
2026-08-10,15:52:25,0.487524,0.467797,0.000000,43706893951675379220480.000000,0.000000
2026-08-10,15:52:26,0.487524,0.467797,0.000000,43706893951675379220480.000000,0.000000
2026-08-10,15:52:27,0.487524,0.467797,0.000000,43706893951675379220480.000000,0.000000
2026-08-10,15:52:27,0.426266,0.467797,0.000000,43706893951675379220480.000000,0.000000
2026-08-10,15:52:28,0.611945,0.467797,0.000000,43706893951675379220480.000000,0.000000
2026-08-10,15:52:29,0.527834,0.467797,0.000000,43706893951675379220480.000000,0.000000
2026-08-10,15:52:29,0.527834,0.467797,0.000000,43706893951675379220480.000000,0.000000
2026-08-10,15:52:30,0.649715,0.467797,0.000000,43706893951675379220480.000000,0.000000
2026-08-10,15:52:31,0.649715,0.467797,0.000000,43706893951675379220480.000000,0.000000
2026-08-10,15:52:31,0.386909,0.457022,0.000000,43706893951675379220480.000000,0.000000
2026-08-10,15:52:32,0.507838,0.457022,0.000000,43706893951675379220480.000000,0.000000
2026-08-10,15:52:33,0.507838,0.457022,0.000000,43706893951675379220480.000000,0.000000
2026-08-10,15:52:34,0.350612,0.452897,0.000000,43706893951675379220480.000000,0.000000
2026-08-10,15:52:34,0.329665,0.439375,0.000000,43706893951675379220480.000000,0.000000
2026-08-10,15:52:35,0.402407,0.428705,0.000000,43706893951675379220480.000000,0.000000
2026-08-10,15:52:36,0.402407,0.428705,0.000000,43706893951675379220480.000000,0.000000
2026-08-10,15:52:36,0.587623,0.428705,0.000000,43706893951675379220480.000000,0.000000
2026-08-10,15:52:37,0.466045,0.428705,0.000000,43706893951675379220480.000000,0.000000
2026-08-10,15:52:38,0.769672,0.428705,0.000000,43706893951675379220480.000000,0.000000
2026-08-10,15:52:38,0.769672,0.428705,0.000000,43706893951675379220480.000000,0.000000
2026-08-10,15:52:39,0.567043,0.428705,0.000000,43706893951675379220480.000000,0.000000
2026-08-10,15:52:40,0.425203,0.428705,0.000000,43706893951675379220480.000000,0.000000
2026-08-10,15:52:40,0.283363,0.428705,0.000000,43706893951675379220480.000000,0.000000
2026-08-10,15:52:41,0.405257,0.422742,0.000000,43706893951675379220480.000000,0.000000
2026-08-10,15:52:42,0.405257,0.422742,0.000000,43706893951675379220480.000000,0.000000
2026-08-10,15:52:42,0.547097,0.422742,0.000000,43706893951675379220480.000000,0.000000
2026-08-10,15:52:43,0.584140,0.422742,0.000000,43706893951675379220480.000000,0.000000
2026-08-10,15:52:44,0.263100,0.422742,0.000000,43706893951675379220480.000000,0.000000
2026-08-10,15:52:44,0.303943,0.422742,0.000000,43706893951675379220480.000000,0.000000
2026-08-10,15:52:45,0.303943,0.422742,0.000000,43706893951675379220480.000000,0.000000
2026-08-10,15:52:46,0.324206,0.422742,0.000000,43706893951675379220480.000000,0.000000
2026-08-10,15:52:46,0.324206,0.422742,0.000000,43706893951675379220480.000000,0.000000
2026-08-10,15:52:47,0.547097,0.425524,0.000000,43706893951675379220480.000000,0.000000
2026-08-10,15:52:48,0.547097,0.449728,0.000000,43706893951675379220480.000000,0.000000
2026-08-10,15:52:48,0.688620,0.449728,0.000000,43706893951675379220480.000000,0.000000
2026-08-10,15:52:49,0.515284,0.448441,0.000000,43706893951675379220480.000000,0.000000
2026-08-10,15:52:50,0.568778,0.458630,0.000000,43706893951675379220480.000000,0.000000
2026-08-10,15:52:50,0.561796,0.475643,0.000000,43706893951675379220480.000000,0.000000
2026-08-10,15:52:51,0.561796,0.475643,0.000000,43706893951675379220480.000000,0.000000
2026-08-10,15:52:52,0.385639,0.475643,0.000000,43706893951675379220480.000000,0.000000
2026-08-10,15:52:52,0.609405,0.497892,0.000000,43706893951675379220480.000000,0.000000
2026-08-10,15:52:53,0.691612,0.531992,0.000000,43706893951675379220480.000000,0.000000
2026-08-10,15:52:54,0.691612,0.531992,0.000000,43706893951675379220480.000000,0.000000
2026-08-10,15:52:54,0.597136,0.558739,0.000000,43706893951675379220480.000000,0.000000
2026-08-10,15:52:55,0.618405,0.580339,0.000000,43706893951675379220480.000000,0.000000
2026-08-10,15:52:56,0.412485,0.580339,0.000000,43706893951675379220480.000000,0.000000
2026-08-10,15:52:56,0.412485,0.580339,0.000000,43706893951675379220480.000000,0.000000
2026-08-10,15:52:57,0.507549,0.580339,0.000000,43706893951675379220480.000000,0.000000
2026-08-10,15:52:58,0.680277,0.607841,0.000000,43706893951675379220480.000000,0.000000
2026-08-10,15:52:58,0.598103,0.612942,0.000000,43706893951675379220480.000000,0.000000
2026-08-10,15:52:59,0.598103,0.591729,0.000000,43706893951675379220480.000000,0.000000
2026-08-10,15:53:00,0.476493,0.591729,0.000000,43706893951675379220480.000000,0.000000
2026-08-10,15:53:00,0.323889,0.591729,0.000000,43706893951675379220480.000000,0.000000
2026-08-10,15:53:01,0.526517,0.592852,0.000000,43706893951675379220480.000000,0.000000
2026-08-10,15:53:02,0.628148,0.598789,0.000000,43706893951675379220480.000000,0.000000
2026-08-10,15:53:02,0.628148,0.598789,0.000000,43706893951675379220480.000000,0.000000
2026-08-10,15:53:03,0.486308,0.591241,0.000000,43706893951675379220480.000000,0.000000
2026-08-10,15:53:04,0.607569,0.591057,0.000000,43706893951675379220480.000000,0.000000
2026-08-10,15:53:04,0.466045,0.568500,0.000000,43706893951675379220480.000000,0.000000
2026-08-10,15:53:05,0.466045,0.568500,0.000000,43706893951675379220480.000000,0.000000
2026-08-10,15:53:06,0.283680,0.568500,0.000000,43706893951675379220480.000000,0.000000
2026-08-10,15:53:06,0.534862,0.562273,0.000000,43706893951675379220480.000000,0.000000
2026-08-10,15:53:07,0.308253,0.562273,0.000000,43706893951675379220480.000000,0.000000
2026-08-10,15:53:08,0.267431,0.562273,0.000000,43706893951675379220480.000000,0.000000
2026-08-10,15:53:08,0.267431,0.562273,0.000000,43706893951675379220480.000000,0.000000
2026-08-10,15:53:09,0.552220,0.555654,0.000000,43706893951675379220480.000000,0.000000
2026-08-10,15:53:10,0.596577,0.547284,0.000000,43706893951675379220480.000000,0.000000
2026-08-10,15:53:10,0.411111,0.547284,0.000000,43706893951675379220480.000000,0.000000
2026-08-10,15:53:11,0.411111,0.547284,0.000000,43706893951675379220480.000000,0.000000
2026-08-10,15:53:12,0.262112,0.547284,0.000000,43706893951675379220480.000000,0.000000
2026-08-10,15:53:12,0.544071,0.541881,0.000000,43706893951675379220480.000000,0.000000
2026-08-10,15:53:13,0.644884,0.558720,0.000000,43706893951675379220480.000000,0.000000
2026-08-10,15:53:14,0.493665,0.555435,0.000000,43706893951675379220480.000000,0.000000
2026-08-10,15:53:14,0.493665,0.555435,0.000000,43706893951675379220480.000000,0.000000
2026-08-10,15:53:15,0.183887,0.555435,0.000000,43706893951675379220480.000000,0.000000
2026-08-10,15:53:16,0.148389,0.555435,0.000000,43706893951675379220480.000000,0.000000
2026-08-10,15:53:16,0.491218,0.541742,0.000000,43706893951675379220480.000000,0.000000
2026-08-10,15:53:17,0.265757,0.541742,0.000000,43706893951675379220480.000000,0.000000
2026-08-10,15:53:18,0.265757,0.541742,0.000000,43706893951675379220480.000000,0.000000
2026-08-10,15:53:18,0.554859,0.548597,0.000000,43706893951675379220480.000000,0.000000
2026-08-10,15:53:19,0.573088,0.545149,0.000000,43706893951675379220480.000000,0.000000
2026-08-10,15:53:20,0.286224,0.545149,0.000000,43706893951675379220480.000000,0.000000
2026-08-10,15:53:20,0.286224,0.556740,0.000000,43706893951675379220480.000000,0.000000
2026-08-10,15:53:21,0.581953,0.556740,0.000000,43706893951675379220480.000000,0.000000
2026-08-10,15:53:22,0.581953,0.561449,0.000000,43706893951675379220480.000000,0.000000
2026-08-10,15:53:22,0.332754,0.561449,0.000000,43706893951675379220480.000000,0.000000
2026-08-10,15:53:23,0.729463,0.579173,0.000000,43706893951675379220480.000000,0.000000
2026-08-10,15:53:24,0.729463,0.579173,0.000000,43706893951675379220480.000000,0.000000
2026-08-10,15:53:24,0.364415,0.579173,0.000000,43706893951675379220480.000000,0.000000
2026-08-10,15:53:25,0.577156,0.577231,0.000000,43706893951675379220480.000000,0.000000
2026-08-10,15:53:26,0.567360,0.579560,0.000000,43706893951675379220480.000000,0.000000
2026-08-10,15:53:26,0.445783,0.559650,0.000000,43706893951675379220480.000000,0.000000
2026-08-10,15:53:27,0.445783,0.559650,0.000000,43706893951675379220480.000000,0.000000
2026-08-10,15:53:28,0.392866,0.549570,0.000000,43706893951675379220480.000000,0.000000
2026-08-10,15:53:28,0.229710,0.549570,0.000000,43706893951675379220480.000000,0.000000
2026-08-10,15:53:29,0.392866,0.539735,0.000000,43706893951675379220480.000000,0.000000
2026-08-10,15:53:30,0.619992,0.539735,0.000000,43706893951675379220480.000000,0.000000
2026-08-10,15:53:30,0.619992,0.539735,0.000000,43706893951675379220480.000000,0.000000
2026-08-10,15:53:31,0.371866,0.539735,0.000000,43706893951675379220480.000000,0.000000
2026-08-10,15:53:32,0.513567,0.535605,0.000000,43706893951675379220480.000000,0.000000
2026-08-10,15:53:32,0.244374,0.535605,0.000000,43706893951675379220480.000000,0.000000
2026-08-10,15:53:33,0.244374,0.535605,0.000000,43706893951675379220480.000000,0.000000
2026-08-10,15:53:34,0.142233,0.535605,0.000000,43706893951675379220480.000000,0.000000
2026-08-10,15:53:34,0.325832,0.535605,0.000000,43706893951675379220480.000000,0.000000
2026-08-10,15:53:35,0.549841,0.533281,0.000000,43706893951675379220480.000000,0.000000
2026-08-10,15:53:36,0.244374,0.533281,0.000000,43706893951675379220480.000000,0.000000
2026-08-10,15:53:36,0.244374,0.540506,0.000000,43706893951675379220480.000000,0.000000
2026-08-10,15:53:37,0.654209,0.540506,0.000000,43706893951675379220480.000000,0.000000
2026-08-10,15:53:38,0.529477,0.535259,0.000000,43706893951675379220480.000000,0.000000
2026-08-10,15:53:38,0.285103,0.535259,0.000000,43706893951675379220480.000000,0.000000
2026-08-10,15:53:39,0.488748,0.511187,0.000000,43706893951675379220480.000000,0.000000
2026-08-10,15:53:40,0.488748,0.511187,0.000000,43706893951675379220480.000000,0.000000
2026-08-10,15:53:40,0.570206,0.510492,0.000000,43706893951675379220480.000000,0.000000
2026-08-10,15:53:41,0.407290,0.494485,0.000000,43706893951675379220480.000000,0.000000
2026-08-10,15:53:42,0.407290,0.490636,0.000000,43706893951675379220480.000000,0.000000
2026-08-10,15:53:42,0.407290,0.490636,0.000000,43706893951675379220480.000000,0.000000
2026-08-10,15:53:43,0.732803,0.490636,0.000000,43706893951675379220480.000000,0.000000
2026-08-10,15:53:44,0.549841,0.490636,0.000000,43706893951675379220480.000000,0.000000
2026-08-10,15:53:44,0.549841,0.490636,0.000000,43706893951675379220480.000000,0.000000
2026-08-10,15:53:45,0.549841,0.490636,0.000000,43706893951675379220480.000000,0.000000
2026-08-10,15:53:46,0.595661,0.490636,0.000000,43706893951675379220480.000000,0.000000
2026-08-10,15:53:46,0.427336,0.490636,0.000000,43706893951675379220480.000000,0.000000
2026-08-10,15:53:47,0.631299,0.514479,0.000000,43706893951675379220480.000000,0.000000
2026-08-10,15:53:48,0.309604,0.514479,0.000000,43706893951675379220480.000000,0.000000
2026-08-10,15:53:48,0.309604,0.514479,0.000000,43706893951675379220480.000000,0.000000
2026-08-10,15:53:49,0.219236,0.514479,0.000000,43706893951675379220480.000000,0.000000
2026-08-10,15:53:50,0.264738,0.514479,0.000000,43706893951675379220480.000000,0.000000
2026-08-10,15:53:50,0.468383,0.522031,0.000000,43706893951675379220480.000000,0.000000
2026-08-10,15:53:51,0.468383,0.527663,0.000000,43706893951675379220480.000000,0.000000
2026-08-10,15:53:52,0.569888,0.527663,0.000000,43706893951675379220480.000000,0.000000
2026-08-10,15:53:52,0.610935,0.533772,0.000000,43706893951675379220480.000000,0.000000
2026-08-10,15:53:53,0.712439,0.539595,0.000000,43706893951675379220480.000000,0.000000
2026-08-10,15:53:54,0.632602,0.549908,0.000000,43706893951675379220480.000000,0.000000
2026-08-10,15:53:54,0.632602,0.559078,0.000000,43706893951675379220480.000000,0.000000
2026-08-10,15:53:55,0.580452,0.559078,0.000000,43706893951675379220480.000000,0.000000
2026-08-10,15:53:56,0.186966,0.559078,0.000000,43706893951675379220480.000000,0.000000
2026-08-10,15:53:57,0.363509,0.559078,0.000000,43706893951675379220480.000000,0.000000
2026-08-10,15:53:57,0.595061,0.561564,0.000000,43706893951675379220480.000000,0.000000
2026-08-10,15:53:58,0.595061,0.561564,0.000000,43706893951675379220480.000000,0.000000
2026-08-10,15:53:59,0.402051,0.561564,0.000000,43706893951675379220480.000000,0.000000
2026-08-10,15:53:59,0.656299,0.586465,0.000000,43706893951675379220480.000000,0.000000
2026-08-10,15:54:00,0.331836,0.586465,0.000000,43706893951675379220480.000000,0.000000
2026-08-10,15:54:01,0.331836,0.603158,0.000000,43706893951675379220480.000000,0.000000
2026-08-10,15:54:01,0.574221,0.603158,0.000000,43706893951675379220480.000000,0.000000
2026-08-10,15:54:02,0.430586,0.583087,0.000000,43706893951675379220480.000000,0.000000
2026-08-10,15:54:03,0.574221,0.583087,0.000000,43706893951675379220480.000000,0.000000
2026-08-10,15:54:03,0.286950,0.583087,0.000000,43706893951675379220480.000000,0.000000
2026-08-10,15:54:04,0.286950,0.583443,0.000000,43706893951675379220480.000000,0.000000
2026-08-10,15:54:05,0.471945,0.583443,0.000000,43706893951675379220480.000000,0.000000
2026-08-10,15:54:05,0.430907,0.569545,0.000000,43706893951675379220480.000000,0.000000
2026-08-10,15:54:06,0.471625,0.555614,0.000000,43706893951675379220480.000000,0.000000
2026-08-10,15:54:07,0.471625,0.541824,0.000000,43706893951675379220480.000000,0.000000
2026-08-10,15:54:07,0.574542,0.541824,0.000000,43706893951675379220480.000000,0.000000
2026-08-10,15:54:08,0.553702,0.533934,0.000000,43706893951675379220480.000000,0.000000
2026-08-10,15:54:09,0.501269,0.526016,0.000000,43706893951675379220480.000000,0.000000
2026-08-10,15:54:09,0.510076,0.517517,0.000000,43706893951675379220480.000000,0.000000
2026-08-10,15:54:10,0.510076,0.517517,0.000000,43706893951675379220480.000000,0.000000
2026-08-10,15:54:11,0.775800,0.517517,0.000000,43706893951675379220480.000000,0.000000
2026-08-10,15:54:11,0.530811,0.504968,0.000000,43706893951675379220480.000000,0.000000
2026-08-10,15:54:12,0.551226,0.502669,0.000000,43706893951675379220480.000000,0.000000
2026-08-10,15:54:13,0.551226,0.524303,0.000000,43706893951675379220480.000000,0.000000
2026-08-10,15:54:13,0.646925,0.524303,0.000000,43706893951675379220480.000000,0.000000
2026-08-10,15:54:14,0.551226,0.532231,0.000000,43706893951675379220480.000000,0.000000
2026-08-10,15:54:15,0.612474,0.550388,0.000000,43706893951675379220480.000000,0.000000
2026-08-10,15:54:15,0.612474,0.556497,0.000000,43706893951675379220480.000000,0.000000
2026-08-10,15:54:16,0.532724,0.556497,0.000000,43706893951675379220480.000000,0.000000
2026-08-10,15:54:17,0.469244,0.545968,0.000000,43706893951675379220480.000000,0.000000
2026-08-10,15:54:17,0.673402,0.545968,0.000000,43706893951675379220480.000000,0.000000
2026-08-10,15:54:18,0.519601,0.545968,0.000000,43706893951675379220480.000000,0.000000
2026-08-10,15:54:19,0.519601,0.545968,0.000000,43706893951675379220480.000000,0.000000
2026-08-10,15:54:19,0.368413,0.545968,0.000000,43706893951675379220480.000000,0.000000
2026-08-10,15:54:20,0.613703,0.551968,0.000000,43706893951675379220480.000000,0.000000
2026-08-10,15:54:21,0.532153,0.555056,0.000000,43706893951675379220480.000000,0.000000
2026-08-10,15:54:21,0.532153,0.555056,0.000000,43706893951675379220480.000000,0.000000
2026-08-10,15:54:22,0.572768,0.561325,0.000000,43706893951675379220480.000000,0.000000
2026-08-10,15:54:23,0.695892,0.577834,0.000000,43706893951675379220480.000000,0.000000
2026-08-10,15:54:23,0.697811,0.592492,0.000000,43706893951675379220480.000000,0.000000
2026-08-10,15:54:24,0.697811,0.588658,0.000000,43706893951675379220480.000000,0.000000
2026-08-10,15:54:25,0.608586,0.588658,0.000000,43706893951675379220480.000000,0.000000
2026-08-10,15:54:25,0.443247,0.577860,0.000000,43706893951675379220480.000000,0.000000
2026-08-10,15:54:26,0.695572,0.577860,0.000000,43706893951675379220480.000000,0.000000
2026-08-10,15:54:27,0.695572,0.577860,0.000000,43706893951675379220480.000000,0.000000
2026-08-10,15:54:27,0.552300,0.577860,0.000000,43706893951675379220480.000000,0.000000
2026-08-10,15:54:28,0.347946,0.577860,0.000000,43706893951675379220480.000000,0.000000
2026-08-10,15:54:29,0.723870,0.589000,0.000000,43706893951675379220480.000000,0.000000
2026-08-10,15:54:29,0.531833,0.588911,0.000000,43706893951675379220480.000000,0.000000
2026-08-10,15:54:30,0.531833,0.588911,0.000000,43706893951675379220480.000000,0.000000
2026-08-10,15:54:31,0.553580,0.597344,0.000000,43706893951675379220480.000000,0.000000
2026-08-10,15:54:31,0.532153,0.589189,0.000000,43706893951675379220480.000000,0.000000
2026-08-10,15:54:32,0.517122,0.587686,0.000000,43706893951675379220480.000000,0.000000
2026-08-10,15:54:33,0.517122,0.587686,0.000000,43706893951675379220480.000000,0.000000
2026-08-10,15:54:33,0.470751,0.577484,0.000000,43706893951675379220480.000000,0.000000
2026-08-10,15:54:34,0.634170,0.577484,0.000000,43706893951675379220480.000000,0.000000
2026-08-10,15:54:35,0.634170,0.577484,0.000000,43706893951675379220480.000000,0.000000
2026-08-10,15:54:35,0.634170,0.577484,0.000000,43706893951675379220480.000000,0.000000
2026-08-10,15:54:36,0.490898,0.577484,0.000000,43706893951675379220480.000000,0.000000
2026-08-10,15:54:37,0.675105,0.575406,0.000000,43706893951675379220480.000000,0.000000
2026-08-10,15:54:37,0.307011,0.575406,0.000000,43706893951675379220480.000000,0.000000
2026-08-10,15:54:38,0.634490,0.569073,0.000000,43706893951675379220480.000000,0.000000
2026-08-10,15:54:39,0.634490,0.569073,0.000000,43706893951675379220480.000000,0.000000
2026-08-10,15:54:39,0.532153,0.561430,0.000000,43706893951675379220480.000000,0.000000
2026-08-10,15:54:40,0.585526,0.575658,0.000000,43706893951675379220480.000000,0.000000
2026-08-10,15:54:41,0.523498,0.555621,0.000000,43706893951675379220480.000000,0.000000
2026-08-10,15:54:41,0.523498,0.555621,0.000000,43706893951675379220480.000000,0.000000
2026-08-10,15:54:42,0.388561,0.541294,0.000000,43706893951675379220480.000000,0.000000
2026-08-10,15:54:43,0.511685,0.541294,0.000000,43706893951675379220480.000000,0.000000
2026-08-10,15:54:43,0.552620,0.541294,0.000000,43706893951675379220480.000000,0.000000
2026-08-10,15:54:44,0.552620,0.541294,0.000000,43706893951675379220480.000000,0.000000
2026-08-10,15:54:45,0.307011,0.541294,0.000000,43706893951675379220480.000000,0.000000
2026-08-10,15:54:45,0.531833,0.539119,0.000000,43706893951675379220480.000000,0.000000
2026-08-10,15:54:46,0.266076,0.539119,0.000000,43706893951675379220480.000000,0.000000
2026-08-10,15:54:47,0.266076,0.555621,0.000000,43706893951675379220480.000000,0.000000
2026-08-10,15:54:47,0.697171,0.555621,0.000000,43706893951675379220480.000000,0.000000
2026-08-10,15:54:48,0.645043,0.568413,0.000000,43706893951675379220480.000000,0.000000
2026-08-10,15:54:49,0.408709,0.568413,0.000000,43706893951675379220480.000000,0.000000
2026-08-10,15:54:49,0.675425,0.588880,0.000000,43706893951675379220480.000000,0.000000
2026-08-10,15:54:50,0.675425,0.588880,0.000000,43706893951675379220480.000000,0.000000
2026-08-10,15:54:51,0.307011,0.588880,0.000000,43706893951675379220480.000000,0.000000
2026-08-10,15:54:51,0.266076,0.588880,0.000000,43706893951675379220480.000000,0.000000
2026-08-10,15:54:52,0.519601,0.573330,0.000000,43706893951675379220480.000000,0.000000
2026-08-10,15:54:53,0.507203,0.560601,0.000000,43706893951675379220480.000000,0.000000
2026-08-10,15:54:53,0.507203,0.560601,0.000000,43706893951675379220480.000000,0.000000
2026-08-10,15:54:54,0.590570,0.566443,0.000000,43706893951675379220480.000000,0.000000
2026-08-10,15:54:55,0.509112,0.558802,0.000000,43706893951675379220480.000000,0.000000
2026-08-10,15:54:55,0.386925,0.545144,0.000000,43706893951675379220480.000000,0.000000
2026-08-10,15:54:56,0.386925,0.545144,0.000000,43706893951675379220480.000000,0.000000
2026-08-10,15:54:57,0.590252,0.545144,0.000000,43706893951675379220480.000000,0.000000
2026-08-10,15:54:57,0.671710,0.545144,0.000000,43706893951675379220480.000000,0.000000
2026-08-10,15:54:58,0.590252,0.545144,0.000000,43706893951675379220480.000000,0.000000
2026-08-10,15:54:59,0.380889,0.545144,0.000000,43706893951675379220480.000000,0.000000
2026-08-10,15:54:59,0.380889,0.545144,0.000000,43706893951675379220480.000000,0.000000
2026-08-10,15:55:00,0.591739,0.565462,0.000000,43706893951675379220480.000000,0.000000
2026-08-10,15:55:01,0.408316,0.565462,0.000000,43706893951675379220480.000000,0.000000
2026-08-10,15:55:01,0.367165,0.565462,0.000000,43706893951675379220480.000000,0.000000
2026-08-10,15:55:02,0.367165,0.565462,0.000000,43706893951675379220480.000000,0.000000
2026-08-10,15:55:03,0.346749,0.565462,0.000000,43706893951675379220480.000000,0.000000
2026-08-10,15:55:03,0.233506,0.565462,0.000000,43706893951675379220480.000000,0.000000
2026-08-10,15:55:04,0.489979,0.561277,0.000000,43706893951675379220480.000000,0.000000
2026-08-10,15:55:05,0.489979,0.544928,0.000000,43706893951675379220480.000000,0.000000
2026-08-10,15:55:05,0.533682,0.544928,0.000000,43706893951675379220480.000000,0.000000
2026-08-10,15:55:06,0.571642,0.537588,0.000000,43706893951675379220480.000000,0.000000
2026-08-10,15:55:07,0.367165,0.537588,0.000000,43706893951675379220480.000000,0.000000
2026-08-10,15:55:07,0.367165,0.527082,0.000000,43706893951675379220480.000000,0.000000
2026-08-10,15:55:08,0.570366,0.527082,0.000000,43706893951675379220480.000000,0.000000
2026-08-10,15:55:09,0.510395,0.526161,0.000000,43706893951675379220480.000000,0.000000
2026-08-10,15:55:09,0.612474,0.536688,0.000000,43706893951675379220480.000000,0.000000
2026-08-10,15:55:10,0.632571,0.540888,0.000000,43706893951675379220480.000000,0.000000
2026-08-10,15:55:11,0.632571,0.540888,0.000000,43706893951675379220480.000000,0.000000
2026-08-10,15:55:11,0.525707,0.542548,0.000000,43706893951675379220480.000000,0.000000
2026-08-10,15:55:12,0.551226,0.558978,0.000000,43706893951675379220480.000000,0.000000
2026-08-10,15:55:13,0.590782,0.558882,0.000000,43706893951675379220480.000000,0.000000
2026-08-10,15:55:13,0.590782,0.558882,0.000000,43706893951675379220480.000000,0.000000
2026-08-10,15:55:14,0.428732,0.552758,0.000000,43706893951675379220480.000000,0.000000
2026-08-10,15:55:15,0.305918,0.529981,0.000000,43706893951675379220480.000000,0.000000
2026-08-10,15:55:15,0.601585,0.529981,0.000000,43706893951675379220480.000000,0.000000
2026-08-10,15:55:16,0.601585,0.529981,0.000000,43706893951675379220480.000000,0.000000
2026-08-10,15:55:17,0.283081,0.529981,0.000000,43706893951675379220480.000000,0.000000
2026-08-10,15:55:17,0.255197,0.529981,0.000000,43706893951675379220480.000000,0.000000
2026-08-10,15:55:18,0.305918,0.529981,0.000000,43706893951675379220480.000000,0.000000
2026-08-10,15:55:19,0.305918,0.529981,0.000000,43706893951675379220480.000000,0.000000
2026-08-10,15:55:19,0.305918,0.529981,0.000000,43706893951675379220480.000000,0.000000
2026-08-10,15:55:20,0.272423,0.529981,0.000000,43706893951675379220480.000000,0.000000
2026-08-10,15:55:21,0.204158,0.529981,0.000000,43706893951675379220480.000000,0.000000
2026-08-10,15:55:21,0.571642,0.529981,0.000000,43706893951675379220480.000000,0.000000
2026-08-10,15:55:22,0.367165,0.529981,0.000000,43706893951675379220480.000000,0.000000
2026-08-10,15:55:23,0.367165,0.529981,0.000000,43706893951675379220480.000000,0.000000
2026-08-10,15:55:23,0.591739,0.532118,0.000000,43706893951675379220480.000000,0.000000
2026-08-10,15:55:24,0.661918,0.547271,0.000000,43706893951675379220480.000000,0.000000
2026-08-10,15:55:25,0.489979,0.535021,0.000000,43706893951675379220480.000000,0.000000
2026-08-10,15:55:25,0.489979,0.535021,0.000000,43706893951675379220480.000000,0.000000
2026-08-10,15:55:26,0.339732,0.535021,0.000000,43706893951675379220480.000000,0.000000
2026-08-10,15:55:27,0.244989,0.535021,0.000000,43706893951675379220480.000000,0.000000
2026-08-10,15:55:28,0.632890,0.535053,0.000000,43706893951675379220480.000000,0.000000
2026-08-10,15:55:28,0.632890,0.535053,0.000000,43706893951675379220480.000000,0.000000
2026-08-10,15:55:29,0.442480,0.535053,0.000000,43706893951675379220480.000000,0.000000
2026-08-10,15:55:30,0.573088,0.535053,0.000000,43706893951675379220480.000000,0.000000
2026-08-10,15:55:30,0.552620,0.535053,0.000000,43706893951675379220480.000000,0.000000
2026-08-10,15:55:31,0.327159,0.535053,0.000000,43706893951675379220480.000000,0.000000
2026-08-10,15:55:32,0.327159,0.535053,0.000000,43706893951675379220480.000000,0.000000
2026-08-10,15:55:32,0.491218,0.531604,0.000000,43706893951675379220480.000000,0.000000
2026-08-10,15:55:33,0.654957,0.531604,0.000000,43706893951675379220480.000000,0.000000
2026-08-10,15:55:34,0.411907,0.517672,0.000000,43706893951675379220480.000000,0.000000
2026-08-10,15:55:34,0.411907,0.517672,0.000000,43706893951675379220480.000000,0.000000
2026-08-10,15:55:35,0.434933,0.502087,0.000000,43706893951675379220480.000000,0.000000
2026-08-10,15:55:36,0.429816,0.502196,0.000000,43706893951675379220480.000000,0.000000
2026-08-10,15:55:36,0.654637,0.502196,0.000000,43706893951675379220480.000000,0.000000
2026-08-10,15:55:37,0.654637,0.502196,0.000000,43706893951675379220480.000000,0.000000
2026-08-10,15:55:38,0.573088,0.502196,0.000000,43706893951675379220480.000000,0.000000
2026-08-10,15:55:38,0.483543,0.502196,0.000000,43706893951675379220480.000000,0.000000
2026-08-10,15:55:39,0.470431,0.502196,0.000000,43706893951675379220480.000000,0.000000
2026-08-10,15:55:40,0.470431,0.502196,0.000000,43706893951675379220480.000000,0.000000
2026-08-10,15:55:40,0.491218,0.502196,0.000000,43706893951675379220480.000000,0.000000
2026-08-10,15:55:41,0.552300,0.502196,0.000000,43706893951675379220480.000000,0.000000
2026-08-10,15:55:42,0.613703,0.502196,0.000000,43706893951675379220480.000000,0.000000
2026-08-10,15:55:42,0.573088,0.502196,0.000000,43706893951675379220480.000000,0.000000
2026-08-10,15:55:43,0.573088,0.502196,0.000000,43706893951675379220480.000000,0.000000
2026-08-10,15:55:44,0.608905,0.502196,0.000000,43706893951675379220480.000000,0.000000
2026-08-10,15:55:44,0.532153,0.555306,0.000000,43706893951675379220480.000000,0.000000
2026-08-10,15:55:45,0.552300,0.545073,0.000000,43706893951675379220480.000000,0.000000
2026-08-10,15:55:46,0.552300,0.539572,0.000000,43706893951675379220480.000000,0.000000
2026-08-10,15:55:46,0.518081,0.539572,0.000000,43706893951675379220480.000000,0.000000
2026-08-10,15:55:47,0.368094,0.528027,0.000000,43706893951675379220480.000000,0.000000
2026-08-10,15:55:48,0.678942,0.528027,0.000000,43706893951675379220480.000000,0.000000
2026-08-10,15:55:48,0.678942,0.528027,0.000000,43706893951675379220480.000000,0.000000
2026-08-10,15:55:49,0.634490,0.528027,0.000000,43706893951675379220480.000000,0.000000
2026-08-10,15:55:50,0.654957,0.528027,0.000000,43706893951675379220480.000000,0.000000
2026-08-10,15:55:50,0.429496,0.523934,0.000000,43706893951675379220480.000000,0.000000
2026-08-10,15:55:51,0.327479,0.507560,0.000000,43706893951675379220480.000000,0.000000
2026-08-10,15:55:52,0.327479,0.507560,0.000000,43706893951675379220480.000000,0.000000
2026-08-10,15:55:52,0.429496,0.507560,0.000000,43706893951675379220480.000000,0.000000
2026-08-10,15:55:53,0.675105,0.507560,0.000000,43706893951675379220480.000000,0.000000
2026-08-10,15:55:54,0.601870,0.507560,0.000000,43706893951675379220480.000000,0.000000
2026-08-10,15:55:54,0.601870,0.507560,0.000000,43706893951675379220480.000000,0.000000
2026-08-10,15:55:55,0.449963,0.507560,0.000000,43706893951675379220480.000000,0.000000
2026-08-10,15:55:56,0.429496,0.507560,0.000000,43706893951675379220480.000000,0.000000
2026-08-10,15:55:56,0.464354,0.507560,0.000000,43706893951675379220480.000000,0.000000
2026-08-10,15:55:57,0.464354,0.517794,0.000000,43706893951675379220480.000000,0.000000
2026-08-10,15:55:58,0.654637,0.517794,0.000000,43706893951675379220480.000000,0.000000
2026-08-10,15:55:58,0.573407,0.513764,0.000000,43706893951675379220480.000000,0.000000
2026-08-10,15:55:59,0.532153,0.509671,0.000000,43706893951675379220480.000000,0.000000
2026-08-10,15:56:00,0.470751,0.495855,0.000000,43706893951675379220480.000000,0.000000
2026-08-10,15:56:00,0.470751,0.495855,0.000000,43706893951675379220480.000000,0.000000
2026-08-10,15:56:01,0.429496,0.485589,0.000000,43706893951675379220480.000000,0.000000
2026-08-10,15:56:02,0.409348,0.471294,0.000000,43706893951675379220480.000000,0.000000
2026-08-10,15:56:02,0.593555,0.471294,0.000000,43706893951675379220480.000000,0.000000
2026-08-10,15:56:03,0.593555,0.471294,0.000000,43706893951675379220480.000000,0.000000
2026-08-10,15:56:04,0.532153,0.471294,0.000000,43706893951675379220480.000000,0.000000
2026-08-10,15:56:04,0.552300,0.471294,0.000000,43706893951675379220480.000000,0.000000
2026-08-10,15:56:05,0.490898,0.471294,0.000000,43706893951675379220480.000000,0.000000
2026-08-10,15:56:06,0.490898,0.471294,0.000000,43706893951675379220480.000000,0.000000
2026-08-10,15:56:06,0.306691,0.471294,0.000000,43706893951675379220480.000000,0.000000
2026-08-10,15:56:07,0.644723,0.471294,0.000000,43706893951675379220480.000000,0.000000
2026-08-10,15:56:08,0.572768,0.471294,0.000000,43706893951675379220480.000000,0.000000
2026-08-10,15:56:08,0.606987,0.471294,0.000000,43706893951675379220480.000000,0.000000
2026-08-10,15:56:09,0.606987,0.471294,0.000000,43706893951675379220480.000000,0.000000
2026-08-10,15:56:10,0.240172,0.471294,0.000000,43706893951675379220480.000000,0.000000
2026-08-10,15:56:10,0.306691,0.471294,0.000000,43706893951675379220480.000000,0.000000
2026-08-10,15:56:11,0.265757,0.471294,0.000000,43706893951675379220480.000000,0.000000
2026-08-10,15:56:12,0.265757,0.458342,0.000000,43706893951675379220480.000000,0.000000
2026-08-10,15:56:12,0.388561,0.458342,0.000000,43706893951675379220480.000000,0.000000
2026-08-10,15:56:13,0.470751,0.468608,0.000000,43706893951675379220480.000000,0.000000
2026-08-10,15:56:14,0.552620,0.480920,0.000000,43706893951675379220480.000000,0.000000
2026-08-10,15:56:14,0.224822,0.480920,0.000000,43706893951675379220480.000000,0.000000
2026-08-10,15:56:15,0.224822,0.507496,0.000000,43706893951675379220480.000000,0.000000
2026-08-10,15:56:16,0.593235,0.507496,0.000000,43706893951675379220480.000000,0.000000
2026-08-10,15:56:16,0.572768,0.499309,0.000000,43706893951675379220480.000000,0.000000
2026-08-10,15:56:17,0.504061,0.492374,0.000000,43706893951675379220480.000000,0.000000
2026-08-10,15:56:18,0.504061,0.493566,0.000000,43706893951675379220480.000000,0.000000
2026-08-10,15:56:18,0.544071,0.493566,0.000000,43706893951675379220480.000000,0.000000
2026-08-10,15:56:19,0.301057,0.493566,0.000000,43706893951675379220480.000000,0.000000
2026-08-10,15:56:20,0.307470,0.493566,0.000000,43706893951675379220480.000000,0.000000
2026-08-10,15:56:20,0.533183,0.499809,0.000000,43706893951675379220480.000000,0.000000
2026-08-10,15:56:21,0.533183,0.499809,0.000000,43706893951675379220480.000000,0.000000
2026-08-10,15:56:22,0.554023,0.512262,0.000000,43706893951675379220480.000000,0.000000
2026-08-10,15:56:22,0.615581,0.532885,0.000000,43706893951675379220480.000000,0.000000
2026-08-10,15:56:23,0.646484,0.558678,0.000000,43706893951675379220480.000000,0.000000
2026-08-10,15:56:24,0.646484,0.558678,0.000000,43706893951675379220480.000000,0.000000
2026-08-10,15:56:24,0.533503,0.564953,0.000000,43706893951675379220480.000000,0.000000
2026-08-10,15:56:25,0.565634,0.566254,0.000000,43706893951675379220480.000000,0.000000
2026-08-10,15:56:26,0.534541,0.560385,0.000000,43706893951675379220480.000000,0.000000
2026-08-10,15:56:26,0.534541,0.554505,0.000000,43706893951675379220480.000000,0.000000
2026-08-10,15:56:27,0.513969,0.554505,0.000000,43706893951675379220480.000000,0.000000
2026-08-10,15:56:28,0.349718,0.554505,0.000000,43706893951675379220480.000000,0.000000
2026-08-10,15:56:28,0.534862,0.557585,0.000000,43706893951675379220480.000000,0.000000
2026-08-10,15:56:29,0.534862,0.557585,0.000000,43706893951675379220480.000000,0.000000
2026-08-10,15:56:30,0.720329,0.557585,0.000000,43706893951675379220480.000000,0.000000
2026-08-10,15:56:30,0.575684,0.557585,0.000000,43706893951675379220480.000000,0.000000
2026-08-10,15:56:31,0.452254,0.557585,0.000000,43706893951675379220480.000000,0.000000
2026-08-10,15:56:32,0.668357,0.570014,0.000000,43706893951675379220480.000000,0.000000
2026-08-10,15:56:32,0.668357,0.570014,0.000000,43706893951675379220480.000000,0.000000
2026-08-10,15:56:33,0.384677,0.570014,0.000000,43706893951675379220480.000000,0.000000
2026-08-10,15:56:34,0.222891,0.570014,0.000000,43706893951675379220480.000000,0.000000
2026-08-10,15:56:34,0.607885,0.577484,0.000000,43706893951675379220480.000000,0.000000
2026-08-10,15:56:35,0.607885,0.588158,0.000000,43706893951675379220480.000000,0.000000
2026-08-10,15:56:36,0.660759,0.588158,0.000000,43706893951675379220480.000000,0.000000
2026-08-10,15:56:36,0.303626,0.588158,0.000000,43706893951675379220480.000000,0.000000
2026-08-10,15:56:37,0.594904,0.586090,0.000000,43706893951675379220480.000000,0.000000
2026-08-10,15:56:38,0.599315,0.581373,0.000000,43706893951675379220480.000000,0.000000
2026-08-10,15:56:38,0.599315,0.585750,0.000000,43706893951675379220480.000000,0.000000
2026-08-10,15:56:39,0.577277,0.585750,0.000000,43706893951675379220480.000000,0.000000
2026-08-10,15:56:40,0.478004,0.576987,0.000000,43706893951675379220480.000000,0.000000
2026-08-10,15:56:40,0.586514,0.582185,0.000000,43706893951675379220480.000000,0.000000
2026-08-10,15:56:41,0.348829,0.582185,0.000000,43706893951675379220480.000000,0.000000
2026-08-10,15:56:42,0.348829,0.582185,0.000000,43706893951675379220480.000000,0.000000
2026-08-10,15:56:42,0.492465,0.580034,0.000000,43706893951675379220480.000000,0.000000
2026-08-10,15:56:43,0.656299,0.580034,0.000000,43706893951675379220480.000000,0.000000
2026-08-10,15:56:44,0.328310,0.580034,0.000000,43706893951675379220480.000000,0.000000
2026-08-10,15:56:44,0.328310,0.580034,0.000000,43706893951675379220480.000000,0.000000
2026-08-10,15:56:45,0.307790,0.580034,0.000000,43706893951675379220480.000000,0.000000
2026-08-10,15:56:46,0.307470,0.580034,0.000000,43706893951675379220480.000000,0.000000
2026-08-10,15:56:46,0.615581,0.588106,0.000000,43706893951675379220480.000000,0.000000
2026-08-10,15:56:47,0.531259,0.574396,0.000000,43706893951675379220480.000000,0.000000
2026-08-10,15:56:48,0.531259,0.571062,0.000000,43706893951675379220480.000000,0.000000
2026-08-10,15:56:48,0.574542,0.571062,0.000000,43706893951675379220480.000000,0.000000
2026-08-10,15:56:49,0.492465,0.554232,0.000000,43706893951675379220480.000000,0.000000
2026-08-10,15:56:50,0.554023,0.550144,0.000000,43706893951675379220480.000000,0.000000
2026-08-10,15:56:50,0.554023,0.545471,0.000000,43706893951675379220480.000000,0.000000
2026-08-10,15:56:51,0.552577,0.545471,0.000000,43706893951675379220480.000000,0.000000
2026-08-10,15:56:52,0.329665,0.545471,0.000000,43706893951675379220480.000000,0.000000
2026-08-10,15:56:52,0.577479,0.545491,0.000000,43706893951675379220480.000000,0.000000
2026-08-10,15:56:53,0.577156,0.555406,0.000000,43706893951675379220480.000000,0.000000
2026-08-10,15:56:54,0.577156,0.555406,0.000000,43706893951675379220480.000000,0.000000
2026-08-10,15:56:54,0.577479,0.554502,0.000000,43706893951675379220480.000000,0.000000
2026-08-10,15:56:55,0.433431,0.548599,0.000000,43706893951675379220480.000000,0.000000
2026-08-10,15:56:56,0.329988,0.520040,0.000000,43706893951675379220480.000000,0.000000
2026-08-10,15:56:57,0.329988,0.520040,0.000000,43706893951675379220480.000000,0.000000
2026-08-10,15:56:57,0.494659,0.520040,0.000000,43706893951675379220480.000000,0.000000
2026-08-10,15:56:58,0.579734,0.520040,0.000000,43706893951675379220480.000000,0.000000
2026-08-10,15:56:59,0.618727,0.520040,0.000000,43706893951675379220480.000000,0.000000
2026-08-10,15:56:59,0.618727,0.520040,0.000000,43706893951675379220480.000000,0.000000
2026-08-10,15:57:00,0.577479,0.520040,0.000000,43706893951675379220480.000000,0.000000
2026-08-10,15:57:01,0.556854,0.520040,0.000000,43706893951675379220480.000000,0.000000
2026-08-10,15:57:01,0.690590,0.520040,0.000000,43706893951675379220480.000000,0.000000
2026-08-10,15:57:02,0.365643,0.503478,0.000000,43706893951675379220480.000000,0.000000
2026-08-10,15:57:03,0.365643,0.503478,0.000000,43706893951675379220480.000000,0.000000
2026-08-10,15:57:03,0.588774,0.503478,0.000000,43706893951675379220480.000000,0.000000
2026-08-10,15:57:04,0.609405,0.503478,0.000000,43706893951675379220480.000000,0.000000
2026-08-10,15:57:05,0.670346,0.503478,0.000000,43706893951675379220480.000000,0.000000
2026-08-10,15:57:05,0.670346,0.503478,0.000000,43706893951675379220480.000000,0.000000
2026-08-10,15:57:06,0.385639,0.484588,0.000000,43706893951675379220480.000000,0.000000
2026-08-10,15:57:07,0.528151,0.484588,0.000000,43706893951675379220480.000000,0.000000
2026-08-10,15:57:07,0.531008,0.484588,0.000000,43706893951675379220480.000000,0.000000
2026-08-10,15:57:08,0.531008,0.484588,0.000000,43706893951675379220480.000000,0.000000
2026-08-10,15:57:09,0.474035,0.484588,0.000000,43706893951675379220480.000000,0.000000
2026-08-10,15:57:09,0.515606,0.484588,0.000000,43706893951675379220480.000000,0.000000
2026-08-10,15:57:10,0.577156,0.484588,0.000000,43706893951675379220480.000000,0.000000
2026-08-10,15:57:11,0.577156,0.484588,0.000000,43706893951675379220480.000000,0.000000
2026-08-10,15:57:11,0.597780,0.484588,0.000000,43706893951675379220480.000000,0.000000
2026-08-10,15:57:12,0.556854,0.484588,0.000000,43706893951675379220480.000000,0.000000
2026-08-10,15:57:13,0.536230,0.484588,0.000000,43706893951675379220480.000000,0.000000
2026-08-10,15:57:13,0.453733,0.484588,0.000000,43706893951675379220480.000000,0.000000
2026-08-10,15:57:14,0.453733,0.484588,0.000000,43706893951675379220480.000000,0.000000
2026-08-10,15:57:15,0.535908,0.530646,0.000000,43706893951675379220480.000000,0.000000
2026-08-10,15:57:15,0.343612,0.530646,0.000000,43706893951675379220480.000000,0.000000
2026-08-10,15:57:16,0.343297,0.530646,0.000000,43706893951675379220480.000000,0.000000
2026-08-10,15:57:17,0.343297,0.528331,0.000000,43706893951675379220480.000000,0.000000
2026-08-10,15:57:17,0.504997,0.528331,0.000000,43706893951675379220480.000000,0.000000
2026-08-10,15:57:18,0.384037,0.513634,0.000000,43706893951675379220480.000000,0.000000
2026-08-10,15:57:19,0.525209,0.513634,0.000000,43706893951675379220480.000000,0.000000
2026-08-10,15:57:19,0.333506,0.513634,0.000000,43706893951675379220480.000000,0.000000
2026-08-10,15:57:20,0.333506,0.513634,0.000000,43706893951675379220480.000000,0.000000
2026-08-10,15:57:21,0.359088,0.513634,0.000000,43706893951675379220480.000000,0.000000
2026-08-10,15:57:21,0.349718,0.513634,0.000000,43706893951675379220480.000000,0.000000
2026-08-10,15:57:22,0.323889,0.513634,0.000000,43706893951675379220480.000000,0.000000
2026-08-10,15:57:23,0.323889,0.513634,0.000000,43706893951675379220480.000000,0.000000
2026-08-10,15:57:23,0.178883,0.513634,0.000000,43706893951675379220480.000000,0.000000
2026-08-10,15:57:24,0.323889,0.513634,0.000000,43706893951675379220480.000000,0.000000
2026-08-10,15:57:25,0.618727,0.528103,0.000000,43706893951675379220480.000000,0.000000
2026-08-10,15:57:25,0.535908,0.530133,0.000000,43706893951675379220480.000000,0.000000
2026-08-10,15:57:26,0.535908,0.530133,0.000000,43706893951675379220480.000000,0.000000
2026-08-10,15:57:27,0.804345,0.530133,0.000000,43706893951675379220480.000000,0.000000
2026-08-10,15:57:27,0.565634,0.530133,0.000000,43706893951675379220480.000000,0.000000
2026-08-10,15:57:28,0.445307,0.530133,0.000000,43706893951675379220480.000000,0.000000
2026-08-10,15:57:29,0.445307,0.533023,0.000000,43706893951675379220480.000000,0.000000
2026-08-10,15:57:29,0.606059,0.533023,0.000000,43706893951675379220480.000000,0.000000
2026-08-10,15:57:30,0.540877,0.527333,0.000000,43706893951675379220480.000000,0.000000
2026-08-10,15:57:31,0.574542,0.529102,0.000000,43706893951675379220480.000000,0.000000
2026-08-10,15:57:31,0.574542,0.532901,0.000000,43706893951675379220480.000000,0.000000
2026-08-10,15:57:32,0.574221,0.532901,0.000000,43706893951675379220480.000000,0.000000
2026-08-10,15:57:33,0.656299,0.553158,0.000000,43706893951675379220480.000000,0.000000
2026-08-10,15:57:33,0.492144,0.548781,0.000000,43706893951675379220480.000000,0.000000
2026-08-10,15:57:34,0.328310,0.548781,0.000000,43706893951675379220480.000000,0.000000
2026-08-10,15:57:35,0.328310,0.548781,0.000000,43706893951675379220480.000000,0.000000
2026-08-10,15:57:35,0.656940,0.563976,0.000000,43706893951675379220480.000000,0.000000
2026-08-10,15:57:36,0.492465,0.574818,0.000000,43706893951675379220480.000000,0.000000
2026-08-10,15:57:37,0.433472,0.556293,0.000000,43706893951675379220480.000000,0.000000
2026-08-10,15:57:37,0.433472,0.556293,0.000000,43706893951675379220480.000000,0.000000
2026-08-10,15:57:38,0.369028,0.539605,0.000000,43706893951675379220480.000000,0.000000
2026-08-10,15:57:39,0.595061,0.539605,0.000000,43706893951675379220480.000000,0.000000
2026-08-10,15:57:39,0.512663,0.539605,0.000000,43706893951675379220480.000000,0.000000
2026-08-10,15:57:40,0.512663,0.539605,0.000000,43706893951675379220480.000000,0.000000
2026-08-10,15:57:41,0.369348,0.539605,0.000000,43706893951675379220480.000000,0.000000
2026-08-10,15:57:41,0.545422,0.533541,0.000000,43706893951675379220480.000000,0.000000
2026-08-10,15:57:42,0.597848,0.539238,0.000000,43706893951675379220480.000000,0.000000
2026-08-10,15:57:43,0.597848,0.535238,0.000000,43706893951675379220480.000000,0.000000
2026-08-10,15:57:43,0.534541,0.535238,0.000000,43706893951675379220480.000000,0.000000
2026-08-10,15:57:44,0.567327,0.534548,0.000000,43706893951675379220480.000000,0.000000
2026-08-10,15:57:45,0.596256,0.528544,0.000000,43706893951675379220480.000000,0.000000
2026-08-10,15:57:45,0.607569,0.540087,0.000000,43706893951675379220480.000000,0.000000
2026-08-10,15:57:46,0.607569,0.540087,0.000000,43706893951675379220480.000000,0.000000
2026-08-10,15:57:47,0.577479,0.532140,0.000000,43706893951675379220480.000000,0.000000
2026-08-10,15:57:47,0.309041,0.532140,0.000000,43706893951675379220480.000000,0.000000
2026-08-10,15:57:48,0.595525,0.542446,0.000000,43706893951675379220480.000000,0.000000
2026-08-10,15:57:49,0.595525,0.542446,0.000000,43706893951675379220480.000000,0.000000
2026-08-10,15:57:49,0.598103,0.558910,0.000000,43706893951675379220480.000000,0.000000
2026-08-10,15:57:50,0.598103,0.581817,0.000000,43706893951675379220480.000000,0.000000
2026-08-10,15:57:51,0.474035,0.574678,0.000000,43706893951675379220480.000000,0.000000
2026-08-10,15:57:51,0.474035,0.574678,0.000000,43706893951675379220480.000000,0.000000
2026-08-10,15:57:52,0.639351,0.574678,0.000000,43706893951675379220480.000000,0.000000
2026-08-10,15:57:53,0.226544,0.574678,0.000000,43706893951675379220480.000000,0.000000
2026-08-10,15:57:53,0.453411,0.560235,0.000000,43706893951675379220480.000000,0.000000
2026-08-10,15:57:54,0.370914,0.543872,0.000000,43706893951675379220480.000000,0.000000
2026-08-10,15:57:55,0.370914,0.543872,0.000000,43706893951675379220480.000000,0.000000
2026-08-10,15:57:55,0.591335,0.543872,0.000000,43706893951675379220480.000000,0.000000
2026-08-10,15:57:56,0.556532,0.543872,0.000000,43706893951675379220480.000000,0.000000
2026-08-10,15:57:57,0.494659,0.543872,0.000000,43706893951675379220480.000000,0.000000
2026-08-10,15:57:57,0.284389,0.543872,0.000000,43706893951675379220480.000000,0.000000
2026-08-10,15:57:58,0.284389,0.543872,0.000000,43706893951675379220480.000000,0.000000
2026-08-10,15:57:59,0.568778,0.544017,0.000000,43706893951675379220480.000000,0.000000
2026-08-10,15:57:59,0.507520,0.535144,0.000000,43706893951675379220480.000000,0.000000
2026-08-10,15:58:00,0.650032,0.539390,0.000000,43706893951675379220480.000000,0.000000
2026-08-10,15:58:01,0.650032,0.539390,0.000000,43706893951675379220480.000000,0.000000
2026-08-10,15:58:01,0.264076,0.539390,0.000000,43706893951675379220480.000000,0.000000
2026-08-10,15:58:02,0.568461,0.538488,0.000000,43706893951675379220480.000000,0.000000
2026-08-10,15:58:03,0.588774,0.537813,0.000000,43706893951675379220480.000000,0.000000
2026-08-10,15:58:03,0.588774,0.537813,0.000000,43706893951675379220480.000000,0.000000
2026-08-10,15:58:04,0.251697,0.537813,0.000000,43706893951675379220480.000000,0.000000
2026-08-10,15:58:05,0.674155,0.545418,0.000000,43706893951675379220480.000000,0.000000
2026-08-10,15:58:05,0.535908,0.539199,0.000000,43706893951675379220480.000000,0.000000
2026-08-10,15:58:06,0.329988,0.539199,0.000000,43706893951675379220480.000000,0.000000
2026-08-10,15:58:07,0.329988,0.539199,0.000000,43706893951675379220480.000000,0.000000
2026-08-10,15:58:07,0.370914,0.539199,0.000000,43706893951675379220480.000000,0.000000
2026-08-10,15:58:08,0.547097,0.546505,0.000000,43706893951675379220480.000000,0.000000
2026-08-10,15:58:09,0.548363,0.556000,0.000000,43706893951675379220480.000000,0.000000
2026-08-10,15:58:09,0.548363,0.556000,0.000000,43706893951675379220480.000000,0.000000
2026-08-10,15:58:10,0.625615,0.581470,0.000000,43706893951675379220480.000000,0.000000
2026-08-10,15:58:11,0.668674,0.591460,0.000000,43706893951675379220480.000000,0.000000
2026-08-10,15:58:11,0.405257,0.591460,0.000000,43706893951675379220480.000000,0.000000
2026-08-10,15:58:12,0.405257,0.594194,0.000000,43706893951675379220480.000000,0.000000
2026-08-10,15:58:13,0.534862,0.594194,0.000000,43706893951675379220480.000000,0.000000
2026-08-10,15:58:13,0.658292,0.595020,0.000000,43706893951675379220480.000000,0.000000
2026-08-10,15:58:14,0.308574,0.595020,0.000000,43706893951675379220480.000000,0.000000
2026-08-10,15:58:15,0.308574,0.597639,0.000000,43706893951675379220480.000000,0.000000
2026-08-10,15:58:15,0.594649,0.597639,0.000000,43706893951675379220480.000000,0.000000
2026-08-10,15:58:16,0.534862,0.592248,0.000000,43706893951675379220480.000000,0.000000
2026-08-10,15:58:17,0.303943,0.592248,0.000000,43706893951675379220480.000000,0.000000
2026-08-10,15:58:17,0.318190,0.592248,0.000000,43706893951675379220480.000000,0.000000
2026-08-10,15:58:18,0.318190,0.575489,0.000000,43706893951675379220480.000000,0.000000
2026-08-10,15:58:19,0.506571,0.575489,0.000000,43706893951675379220480.000000,0.000000
2026-08-10,15:58:19,0.141523,0.575489,0.000000,43706893951675379220480.000000,0.000000
2026-08-10,15:58:20,0.247169,0.575489,0.000000,43706893951675379220480.000000,0.000000
2026-08-10,15:58:21,0.556854,0.577584,0.000000,43706893951675379220480.000000,0.000000
2026-08-10,15:58:21,0.556854,0.577584,0.000000,43706893951675379220480.000000,0.000000
2026-08-10,15:58:22,0.656108,0.588485,0.000000,43706893951675379220480.000000,0.000000
2026-08-10,15:58:23,0.226544,0.588485,0.000000,43706893951675379220480.000000,0.000000
2026-08-10,15:58:23,0.226867,0.588485,0.000000,43706893951675379220480.000000,0.000000
2026-08-10,15:58:24,0.282659,0.588485,0.000000,43706893951675379220480.000000,0.000000
2026-08-10,15:58:25,0.282659,0.588485,0.000000,43706893951675379220480.000000,0.000000
2026-08-10,15:58:25,0.626587,0.596308,0.000000,43706893951675379220480.000000,0.000000
2026-08-10,15:58:26,0.631956,0.596942,0.000000,43706893951675379220480.000000,0.000000
2026-08-10,15:58:27,0.525525,0.582627,0.000000,43706893951675379220480.000000,0.000000
2026-08-10,15:58:27,0.525525,0.582627,0.000000,43706893951675379220480.000000,0.000000
2026-08-10,15:58:28,0.404250,0.569566,0.000000,43706893951675379220480.000000,0.000000
2026-08-10,15:58:29,0.697658,0.569566,0.000000,43706893951675379220480.000000,0.000000
2026-08-10,15:58:29,0.471625,0.550899,0.000000,43706893951675379220480.000000,0.000000
2026-08-10,15:58:30,0.471625,0.546836,0.000000,43706893951675379220480.000000,0.000000
2026-08-10,15:58:31,0.554023,0.546836,0.000000,43706893951675379220480.000000,0.000000
2026-08-10,15:58:32,0.492144,0.542564,0.000000,43706893951675379220480.000000,0.000000
2026-08-10,15:58:32,0.520950,0.544002,0.000000,43706893951675379220480.000000,0.000000
2026-08-10,15:58:33,0.520950,0.543248,0.000000,43706893951675379220480.000000,0.000000
2026-08-10,15:58:34,0.549312,0.543248,0.000000,43706893951675379220480.000000,0.000000
2026-08-10,15:58:34,0.428732,0.520510,0.000000,43706893951675379220480.000000,0.000000
2026-08-10,15:58:35,0.407997,0.498651,0.000000,43706893951675379220480.000000,0.000000
2026-08-10,15:58:36,0.224255,0.498651,0.000000,43706893951675379220480.000000,0.000000
2026-08-10,15:58:36,0.224255,0.480370,0.000000,43706893951675379220480.000000,0.000000
2026-08-10,15:58:37,0.449147,0.480370,0.000000,43706893951675379220480.000000,0.000000
2026-08-10,15:58:38,0.551226,0.482941,0.000000,43706893951675379220480.000000,0.000000
2026-08-10,15:58:38,0.299538,0.482941,0.000000,43706893951675379220480.000000,0.000000
2026-08-10,15:58:39,0.306237,0.482941,0.000000,43706893951675379220480.000000,0.000000
2026-08-10,15:58:40,0.306237,0.482941,0.000000,43706893951675379220480.000000,0.000000
2026-08-10,15:58:40,0.285502,0.482941,0.000000,43706893951675379220480.000000,0.000000
2026-08-10,15:58:41,0.265086,0.482941,0.000000,43706893951675379220480.000000,0.000000
2026-08-10,15:58:42,0.673402,0.482941,0.000000,43706893951675379220480.000000,0.000000
2026-08-10,15:58:42,0.673402,0.482941,0.000000,43706893951675379220480.000000,0.000000
2026-08-10,15:58:43,0.593015,0.482941,0.000000,43706893951675379220480.000000,0.000000
2026-08-10,15:58:44,0.367484,0.479264,0.000000,43706893951675379220480.000000,0.000000
2026-08-10,15:58:44,0.628424,0.479264,0.000000,43706893951675379220480.000000,0.000000
2026-08-10,15:58:45,0.673402,0.479264,0.000000,43706893951675379220480.000000,0.000000
2026-08-10,15:58:46,0.673402,0.479264,0.000000,43706893951675379220480.000000,0.000000
2026-08-10,15:58:46,0.367484,0.468850,0.000000,43706893951675379220480.000000,0.000000
2026-08-10,15:58:47,0.346749,0.448123,0.000000,43706893951675379220480.000000,0.000000
2026-08-10,15:58:48,0.632890,0.448123,0.000000,43706893951675379220480.000000,0.000000
2026-08-10,15:58:48,0.632890,0.448123,0.000000,43706893951675379220480.000000,0.000000
2026-08-10,15:58:49,0.469563,0.448123,0.000000,43706893951675379220480.000000,0.000000
2026-08-10,15:58:50,0.326653,0.431574,0.000000,43706893951675379220480.000000,0.000000
2026-08-10,15:58:50,0.530492,0.431574,0.000000,43706893951675379220480.000000,0.000000
2026-08-10,15:58:51,0.530492,0.431574,0.000000,43706893951675379220480.000000,0.000000
2026-08-10,15:58:52,0.564624,0.431574,0.000000,43706893951675379220480.000000,0.000000
2026-08-10,15:58:52,0.489979,0.431574,0.000000,43706893951675379220480.000000,0.000000
2026-08-10,15:58:53,0.632571,0.431574,0.000000,43706893951675379220480.000000,0.000000
2026-08-10,15:58:54,0.632571,0.421715,0.000000,43706893951675379220480.000000,0.000000
2026-08-10,15:58:54,0.422367,0.421715,0.000000,43706893951675379220480.000000,0.000000
2026-08-10,15:58:55,0.422367,0.409021,0.000000,43706893951675379220480.000000,0.000000
2026-08-10,15:58:56,0.459450,0.412093,0.000000,43706893951675379220480.000000,0.000000
2026-08-10,15:58:56,0.462593,0.417552,0.000000,43706893951675379220480.000000,0.000000
2026-08-10,15:58:57,0.462593,0.417552,0.000000,43706893951675379220480.000000,0.000000
2026-08-10,15:58:58,0.603067,0.417552,0.000000,43706893951675379220480.000000,0.000000
2026-08-10,15:58:58,0.585099,0.417552,0.000000,43706893951675379220480.000000,0.000000
2026-08-10,15:58:59,0.361204,0.408758,0.000000,43706893951675379220480.000000,0.000000
2026-08-10,15:59:00,0.361204,0.408758,0.000000,43706893951675379220480.000000,0.000000
2026-08-10,15:59:00,0.537606,0.408758,0.000000,43706893951675379220480.000000,0.000000
2026-08-10,15:59:01,0.309834,0.384619,0.000000,43706893951675379220480.000000,0.000000
2026-08-10,15:59:02,0.557960,0.384619,0.000000,43706893951675379220480.000000,0.000000
2026-08-10,15:59:02,0.516929,0.384619,0.000000,43706893951675379220480.000000,0.000000
2026-08-10,15:59:03,0.516929,0.384619,0.000000,43706893951675379220480.000000,0.000000
2026-08-10,15:59:04,0.631623,0.384619,0.000000,43706893951675379220480.000000,0.000000
2026-08-10,15:59:04,0.571207,0.384619,0.000000,43706893951675379220480.000000,0.000000
2026-08-10,15:59:05,0.386925,0.386563,0.000000,43706893951675379220480.000000,0.000000
2026-08-10,15:59:06,0.200319,0.386563,0.000000,43706893951675379220480.000000,0.000000
2026-08-10,15:59:06,0.200319,0.386563,0.000000,43706893951675379220480.000000,0.000000
2026-08-10,15:59:07,0.489660,0.398780,0.000000,43706893951675379220480.000000,0.000000
2026-08-10,15:59:08,0.482391,0.412345,0.000000,43706893951675379220480.000000,0.000000
2026-08-10,15:59:08,0.534541,0.433133,0.000000,43706893951675379220480.000000,0.000000
2026-08-10,15:59:09,0.534541,0.433133,0.000000,43706893951675379220480.000000,0.000000
2026-08-10,15:59:10,0.263100,0.433133,0.000000,43706893951675379220480.000000,0.000000
2026-08-10,15:59:10,0.303626,0.433133,0.000000,43706893951675379220480.000000,0.000000
2026-08-10,15:59:11,0.242838,0.433133,0.000000,43706893951675379220480.000000,0.000000
2026-08-10,15:59:12,0.466045,0.437501,0.000000,43706893951675379220480.000000,0.000000
2026-08-10,15:59:12,0.466045,0.443895,0.000000,43706893951675379220480.000000,0.000000
2026-08-10,15:59:13,0.486308,0.443895,0.000000,43706893951675379220480.000000,0.000000
2026-08-10,15:59:14,0.205795,0.443895,0.000000,43706893951675379220480.000000,0.000000
2026-08-10,15:59:14,0.438501,0.441800,0.000000,43706893951675379220480.000000,0.000000
2026-08-10,15:59:15,0.283363,0.441800,0.000000,43706893951675379220480.000000,0.000000
2026-08-10,15:59:16,0.283363,0.441800,0.000000,43706893951675379220480.000000,0.000000
2026-08-10,15:59:16,0.486308,0.444172,0.000000,43706893951675379220480.000000,0.000000
2026-08-10,15:59:17,0.303943,0.444172,0.000000,43706893951675379220480.000000,0.000000
2026-08-10,15:59:18,0.567043,0.464756,0.000000,43706893951675379220480.000000,0.000000
2026-08-10,15:59:18,0.567043,0.486424,0.000000,43706893951675379220480.000000,0.000000
2026-08-10,15:59:19,0.526517,0.486424,0.000000,43706893951675379220480.000000,0.000000
2026-08-10,15:59:20,0.267793,0.486424,0.000000,43706893951675379220480.000000,0.000000
2026-08-10,15:59:20,0.202818,0.486424,0.000000,43706893951675379220480.000000,0.000000
2026-08-10,15:59:21,0.371991,0.484931,0.000000,43706893951675379220480.000000,0.000000
2026-08-10,15:59:22,0.371991,0.464806,0.000000,43706893951675379220480.000000,0.000000
2026-08-10,15:59:22,0.288417,0.464806,0.000000,43706893951675379220480.000000,0.000000
2026-08-10,15:59:23,0.309041,0.447471,0.000000,43706893951675379220480.000000,0.000000
2026-08-10,15:59:24,0.474357,0.447471,0.000000,43706893951675379220480.000000,0.000000
2026-08-10,15:59:24,0.247169,0.447471,0.000000,43706893951675379220480.000000,0.000000
2026-08-10,15:59:25,0.247169,0.447471,0.000000,43706893951675379220480.000000,0.000000
2026-08-10,15:59:26,0.548147,0.448832,0.000000,43706893951675379220480.000000,0.000000
2026-08-10,15:59:26,0.568461,0.459074,0.000000,43706893951675379220480.000000,0.000000
2026-08-10,15:59:27,0.528151,0.463258,0.000000,43706893951675379220480.000000,0.000000
2026-08-10,15:59:28,0.528151,0.470192,0.000000,43706893951675379220480.000000,0.000000
2026-08-10,15:59:28,0.507838,0.470192,0.000000,43706893951675379220480.000000,0.000000
2026-08-10,15:59:29,0.690342,0.470192,0.000000,43706893951675379220480.000000,0.000000
2026-08-10,15:59:30,0.605550,0.470192,0.000000,43706893951675379220480.000000,0.000000
2026-08-10,15:59:30,0.605550,0.470192,0.000000,43706893951675379220480.000000,0.000000
2026-08-10,15:59:31,0.452254,0.470192,0.000000,43706893951675379220480.000000,0.000000
2026-08-10,15:59:32,0.442480,0.470192,0.000000,43706893951675379220480.000000,0.000000
2026-08-10,15:59:32,0.554023,0.470192,0.000000,43706893951675379220480.000000,0.000000
2026-08-10,15:59:33,0.524224,0.470192,0.000000,43706893951675379220480.000000,0.000000
2026-08-10,15:59:34,0.524224,0.470192,0.000000,43706893951675379220480.000000,0.000000
2026-08-10,15:59:34,0.598103,0.470192,0.000000,43706893951675379220480.000000,0.000000
2026-08-10,15:59:35,0.577479,0.470192,0.000000,43706893951675379220480.000000,0.000000
2026-08-10,15:59:36,0.665132,0.470192,0.000000,43706893951675379220480.000000,0.000000
2026-08-10,15:59:36,0.665132,0.470192,0.000000,43706893951675379220480.000000,0.000000
2026-08-10,15:59:37,0.577156,0.568674,0.000000,43706893951675379220480.000000,0.000000
2026-08-10,15:59:38,0.659653,0.565605,0.000000,43706893951675379220480.000000,0.000000
2026-08-10,15:59:38,0.303187,0.565605,0.000000,43706893951675379220480.000000,0.000000
2026-08-10,15:59:39,0.303187,0.559624,0.000000,43706893951675379220480.000000,0.000000
2026-08-10,15:59:40,0.545737,0.559624,0.000000,43706893951675379220480.000000,0.000000
2026-08-10,15:59:40,0.740579,0.559624,0.000000,43706893951675379220480.000000,0.000000
2026-08-10,15:59:41,0.546780,0.559624,0.000000,43706893951675379220480.000000,0.000000
2026-08-10,15:59:42,0.546780,0.559624,0.000000,43706893951675379220480.000000,0.000000
2026-08-10,15:59:42,0.391860,0.559624,0.000000,43706893951675379220480.000000,0.000000
2026-08-10,15:59:43,0.535908,0.567989,0.000000,43706893951675379220480.000000,0.000000
2026-08-10,15:59:44,0.537841,0.577525,0.000000,43706893951675379220480.000000,0.000000
2026-08-10,15:59:44,0.650032,0.587126,0.000000,43706893951675379220480.000000,0.000000
2026-08-10,15:59:45,0.650032,0.587126,0.000000,43706893951675379220480.000000,0.000000
2026-08-10,15:59:46,0.385639,0.587126,0.000000,43706893951675379220480.000000,0.000000
2026-08-10,15:59:46,0.629401,0.597644,0.000000,43706893951675379220480.000000,0.000000
2026-08-10,15:59:47,0.342790,0.597644,0.000000,43706893951675379220480.000000,0.000000
2026-08-10,15:59:48,0.342790,0.597644,0.000000,43706893951675379220480.000000,0.000000
2026-08-10,15:59:48,0.609405,0.598774,0.000000,43706893951675379220480.000000,0.000000
2026-08-10,15:59:49,0.629401,0.603967,0.000000,43706893951675379220480.000000,0.000000
2026-08-10,15:59:50,0.548465,0.592300,0.000000,43706893951675379220480.000000,0.000000
2026-08-10,15:59:50,0.548465,0.595652,0.000000,43706893951675379220480.000000,0.000000
2026-08-10,15:59:51,0.610675,0.595652,0.000000,43706893951675379220480.000000,0.000000
2026-08-10,15:59:52,0.321287,0.595652,0.000000,43706893951675379220480.000000,0.000000
2026-08-10,15:59:52,0.309041,0.595652,0.000000,43706893951675379220480.000000,0.000000
2026-08-10,15:59:53,0.267793,0.595652,0.000000,43706893951675379220480.000000,0.000000
2026-08-10,15:59:54,0.267793,0.595652,0.000000,43706893951675379220480.000000,0.000000
2026-08-10,15:59:54,0.582957,0.587982,0.000000,43706893951675379220480.000000,0.000000
2026-08-10,15:59:55,0.618405,0.595249,0.000000,43706893951675379220480.000000,0.000000
2026-08-10,15:59:56,0.606936,0.602352,0.000000,43706893951675379220480.000000,0.000000
2026-08-10,15:59:56,0.606936,0.602352,0.000000,43706893951675379220480.000000,0.000000
2026-08-10,15:59:57,0.349396,0.602352,0.000000,43706893951675379220480.000000,0.000000
2026-08-10,15:59:58,0.481206,0.596688,0.000000,43706893951675379220480.000000,0.000000
2026-08-10,15:59:58,0.451426,0.576828,0.000000,43706893951675379220480.000000,0.000000
2026-08-10,15:59:59,0.245591,0.576828,0.000000,43706893951675379220480.000000,0.000000
2026-08-10,16:00:00,0.245591,0.576828,0.000000,43706893951675379220480.000000,0.000000
2026-08-10,16:00:00,0.287271,0.576828,0.000000,43706893951675379220480.000000,0.000000
2026-08-10,16:00:01,0.533183,0.567206,0.000000,43706893951675379220480.000000,0.000000
2026-08-10,16:00:02,0.368707,0.567206,0.000000,43706893951675379220480.000000,0.000000
2026-08-10,16:00:03,0.111574,0.567206,0.000000,43706893951675379220480.000000,0.000000
2026-08-10,16:00:03,0.111574,0.561668,0.000000,43706893951675379220480.000000,0.000000
2026-08-10,16:00:04,0.554023,0.561668,0.000000,43706893951675379220480.000000,0.000000
2026-08-10,16:00:05,0.348829,0.561668,0.000000,43706893951675379220480.000000,0.000000
2026-08-10,16:00:05,0.246232,0.561668,0.000000,43706893951675379220480.000000,0.000000
2026-08-10,16:00:06,0.512984,0.550026,0.000000,43706893951675379220480.000000,0.000000
2026-08-10,16:00:07,0.512984,0.550026,0.000000,43706893951675379220480.000000,0.000000
2026-08-10,16:00:07,0.471945,0.542374,0.000000,43706893951675379220480.000000,0.000000
2026-08-10,16:00:08,0.369028,0.518209,0.000000,43706893951675379220480.000000,0.000000
2026-08-10,16:00:09,0.102276,0.518209,0.000000,43706893951675379220480.000000,0.000000
2026-08-10,16:00:09,0.102276,0.525575,0.000000,43706893951675379220480.000000,0.000000
2026-08-10,16:00:10,0.656619,0.525575,0.000000,43706893951675379220480.000000,0.000000
2026-08-10,16:00:11,0.594741,0.523209,0.000000,43706893951675379220480.000000,0.000000
2026-08-10,16:00:11,0.254568,0.523209,0.000000,43706893951675379220480.000000,0.000000
2026-08-10,16:00:12,0.602756,0.522791,0.000000,43706893951675379220480.000000,0.000000
2026-08-10,16:00:13,0.602756,0.532125,0.000000,43706893951675379220480.000000,0.000000
2026-08-10,16:00:13,0.574542,0.532125,0.000000,43706893951675379220480.000000,0.000000
2026-08-10,16:00:14,0.143315,0.532125,0.000000,43706893951675379220480.000000,0.000000
2026-08-10,16:00:15,0.287271,0.532125,0.000000,43706893951675379220480.000000,0.000000
2026-08-10,16:00:15,0.512663,0.538248,0.000000,43706893951675379220480.000000,0.000000
2026-08-10,16:00:16,0.512663,0.538248,0.000000,43706893951675379220480.000000,0.000000
2026-08-10,16:00:17,0.369028,0.521833,0.000000,43706893951675379220480.000000,0.000000
2026-08-10,16:00:17,0.287271,0.495158,0.000000,43706893951675379220480.000000,0.000000
2026-08-10,16:00:18,0.201310,0.463990,0.000000,43706893951675379220480.000000,0.000000
2026-08-10,16:00:19,0.638268,0.463990,0.000000,43706893951675379220480.000000,0.000000
2026-08-10,16:00:19,0.638268,0.463990,0.000000,43706893951675379220480.000000,0.000000
2026-08-10,16:00:20,0.577479,0.463990,0.000000,43706893951675379220480.000000,0.000000
2026-08-10,16:00:21,0.344152,0.451211,0.000000,43706893951675379220480.000000,0.000000
2026-08-10,16:00:21,0.364415,0.450750,0.000000,43706893951675379220480.000000,0.000000
2026-08-10,16:00:22,0.364415,0.450750,0.000000,43706893951675379220480.000000,0.000000
2026-08-10,16:00:23,0.506571,0.450750,0.000000,43706893951675379220480.000000,0.000000
2026-08-10,16:00:23,0.198829,0.450750,0.000000,43706893951675379220480.000000,0.000000
2026-08-10,16:00:24,0.404940,0.425582,0.000000,43706893951675379220480.000000,0.000000
2026-08-10,16:00:25,0.263417,0.425582,0.000000,43706893951675379220480.000000,0.000000
2026-08-10,16:00:25,0.263417,0.425582,0.000000,43706893951675379220480.000000,0.000000
2026-08-10,16:00:26,0.222575,0.425582,0.000000,43706893951675379220480.000000,0.000000
2026-08-10,16:00:27,0.555113,0.425582,0.000000,43706893951675379220480.000000,0.000000
2026-08-10,16:00:27,0.577951,0.425582,0.000000,43706893951675379220480.000000,0.000000
2026-08-10,16:00:28,0.309834,0.397091,0.000000,43706893951675379220480.000000,0.000000
2026-08-10,16:00:29,0.309834,0.397091,0.000000,43706893951675379220480.000000,0.000000
2026-08-10,16:00:29,0.599638,0.397091,0.000000,43706893951675379220480.000000,0.000000
2026-08-10,16:00:30,0.558284,0.397091,0.000000,43706893951675379220480.000000,0.000000
2026-08-10,16:00:31,0.386925,0.375508,0.000000,43706893951675379220480.000000,0.000000
2026-08-10,16:00:31,0.386925,0.346564,0.000000,43706893951675379220480.000000,0.000000
2026-08-10,16:00:32,0.285103,0.346564,0.000000,43706893951675379220480.000000,0.000000
2026-08-10,16:00:33,0.508794,0.346564,0.000000,43706893951675379220480.000000,0.000000
2026-08-10,16:00:33,0.386607,0.346564,0.000000,43706893951675379220480.000000,0.000000
2026-08-10,16:00:34,0.322332,0.346564,0.000000,43706893951675379220480.000000,0.000000
2026-08-10,16:00:35,0.322332,0.340100,0.000000,43706893951675379220480.000000,0.000000
2026-08-10,16:00:35,0.448019,0.340100,0.000000,43706893951675379220480.000000,0.000000
2026-08-10,16:00:36,0.577524,0.360949,0.000000,43706893951675379220480.000000,0.000000
2026-08-10,16:00:37,0.247238,0.360949,0.000000,43706893951675379220480.000000,0.000000
2026-08-10,16:00:37,0.244374,0.360949,0.000000,43706893951675379220480.000000,0.000000
2026-08-10,16:00:38,0.244374,0.360949,0.000000,43706893951675379220480.000000,0.000000
2026-08-10,16:00:39,0.508794,0.360949,0.000000,43706893951675379220480.000000,0.000000
2026-08-10,16:00:39,0.224009,0.360949,0.000000,43706893951675379220480.000000,0.000000
2026-08-10,16:00:40,0.468065,0.379029,0.000000,43706893951675379220480.000000,0.000000
2026-08-10,16:00:41,0.468065,0.411845,0.000000,43706893951675379220480.000000,0.000000
2026-08-10,16:00:41,0.529477,0.411845,0.000000,43706893951675379220480.000000,0.000000
2026-08-10,16:00:42,0.284785,0.411845,0.000000,43706893951675379220480.000000,0.000000
2026-08-10,16:00:43,0.590252,0.411845,0.000000,43706893951675379220480.000000,0.000000
2026-08-10,16:00:43,0.569888,0.411845,0.000000,43706893951675379220480.000000,0.000000
2026-08-10,16:00:44,0.569888,0.411845,0.000000,43706893951675379220480.000000,0.000000
2026-08-10,16:00:45,0.590252,0.411845,0.000000,43706893951675379220480.000000,0.000000
2026-08-10,16:00:45,0.529159,0.411845,0.000000,43706893951675379220480.000000,0.000000
2026-08-10,16:00:46,0.488748,0.411845,0.000000,43706893951675379220480.000000,0.000000
2026-08-10,16:00:47,0.488748,0.411845,0.000000,43706893951675379220480.000000,0.000000
2026-08-10,16:00:47,0.488748,0.411845,0.000000,43706893951675379220480.000000,0.000000
2026-08-10,16:00:48,0.610617,0.411845,0.000000,43706893951675379220480.000000,0.000000
2026-08-10,16:00:49,0.386607,0.416091,0.000000,43706893951675379220480.000000,0.000000
2026-08-10,16:00:49,0.386607,0.416091,0.000000,43706893951675379220480.000000,0.000000
2026-08-10,16:00:50,0.631299,0.416091,0.000000,43706893951675379220480.000000,0.000000
2026-08-10,16:00:51,0.529477,0.416091,0.000000,43706893951675379220480.000000,0.000000
2026-08-10,16:00:51,0.590252,0.416091,0.000000,43706893951675379220480.000000,0.000000
2026-08-10,16:00:52,0.468065,0.416091,0.000000,43706893951675379220480.000000,0.000000
2026-08-10,16:00:53,0.468065,0.416091,0.000000,43706893951675379220480.000000,0.000000
2026-08-10,16:00:53,0.468383,0.416091,0.000000,43706893951675379220480.000000,0.000000
2026-08-10,16:00:54,0.590252,0.416091,0.000000,43706893951675379220480.000000,0.000000
2026-08-10,16:00:55,0.488748,0.416091,0.000000,43706893951675379220480.000000,0.000000
2026-08-10,16:00:55,0.488748,0.416091,0.000000,43706893951675379220480.000000,0.000000
2026-08-10,16:00:56,0.488430,0.416091,0.000000,43706893951675379220480.000000,0.000000
2026-08-10,16:00:57,0.386607,0.416091,0.000000,43706893951675379220480.000000,0.000000
2026-08-10,16:00:57,0.468065,0.510958,0.000000,43706893951675379220480.000000,0.000000
2026-08-10,16:00:58,0.468065,0.482448,0.000000,43706893951675379220480.000000,0.000000
2026-08-10,16:00:59,0.346196,0.482448,0.000000,43706893951675379220480.000000,0.000000
2026-08-10,16:00:59,0.508794,0.482448,0.000000,43706893951675379220480.000000,0.000000
2026-08-10,16:01:00,0.529159,0.482448,0.000000,43706893951675379220480.000000,0.000000
2026-08-10,16:01:01,0.529159,0.482448,0.000000,43706893951675379220480.000000,0.000000
2026-08-10,16:01:01,0.427336,0.482448,0.000000,43706893951675379220480.000000,0.000000
2026-08-10,16:01:02,0.610935,0.490593,0.000000,43706893951675379220480.000000,0.000000
2026-08-10,16:01:03,0.651982,0.496766,0.000000,43706893951675379220480.000000,0.000000
2026-08-10,16:01:03,0.549523,0.504912,0.000000,43706893951675379220480.000000,0.000000
2026-08-10,16:01:04,0.549523,0.504912,0.000000,43706893951675379220480.000000,0.000000
2026-08-10,16:01:05,0.651664,0.523240,0.000000,43706893951675379220480.000000,0.000000
2026-08-10,16:01:05,0.567024,0.520917,0.000000,43706893951675379220480.000000,0.000000
2026-08-10,16:01:06,0.566387,0.528681,0.000000,43706893951675379220480.000000,0.000000
2026-08-10,16:01:07,0.566387,0.520599,0.000000,43706893951675379220480.000000,0.000000
2026-08-10,16:01:07,0.407608,0.520599,0.000000,43706893951675379220480.000000,0.000000
2026-08-10,16:01:08,0.427336,0.524672,0.000000,43706893951675379220480.000000,0.000000
2026-08-10,16:01:09,0.325832,0.510449,0.000000,43706893951675379220480.000000,0.000000
2026-08-10,16:01:09,0.325832,0.500737,0.000000,43706893951675379220480.000000,0.000000
2026-08-10,16:01:10,0.249084,0.500737,0.000000,43706893951675379220480.000000,0.000000
2026-08-10,16:01:11,0.581953,0.500737,0.000000,43706893951675379220480.000000,0.000000
2026-08-10,16:01:11,0.571642,0.500737,0.000000,43706893951675379220480.000000,0.000000
2026-08-10,16:01:12,0.530811,0.500737,0.000000,43706893951675379220480.000000,0.000000
2026-08-10,16:01:13,0.530811,0.500737,0.000000,43706893951675379220480.000000,0.000000
2026-08-10,16:01:13,0.305918,0.500737,0.000000,43706893951675379220480.000000,0.000000
2026-08-10,16:01:14,0.285821,0.500737,0.000000,43706893951675379220480.000000,0.000000
2026-08-10,16:01:15,0.367484,0.500737,0.000000,43706893951675379220480.000000,0.000000
2026-08-10,16:01:15,0.600033,0.499647,0.000000,43706893951675379220480.000000,0.000000
2026-08-10,16:01:16,0.600033,0.499647,0.000000,43706893951675379220480.000000,0.000000
2026-08-10,16:01:17,0.357914,0.499647,0.000000,43706893951675379220480.000000,0.000000
2026-08-10,16:01:17,0.694137,0.499647,0.000000,43706893951675379220480.000000,0.000000
2026-08-10,16:01:18,0.652986,0.499647,0.000000,43706893951675379220480.000000,0.000000
2026-08-10,16:01:19,0.652986,0.499647,0.000000,43706893951675379220480.000000,0.000000
2026-08-10,16:01:19,0.516456,0.499647,0.000000,43706893951675379220480.000000,0.000000
2026-08-10,16:01:20,0.571642,0.499647,0.000000,43706893951675379220480.000000,0.000000
2026-08-10,16:01:21,0.382796,0.472729,0.000000,43706893951675379220480.000000,0.000000
2026-08-10,16:01:21,0.510395,0.472729,0.000000,43706893951675379220480.000000,0.000000
2026-08-10,16:01:22,0.510395,0.472729,0.000000,43706893951675379220480.000000,0.000000
2026-08-10,16:01:23,0.348025,0.452579,0.000000,43706893951675379220480.000000,0.000000
2026-08-10,16:01:24,0.612474,0.452579,0.000000,43706893951675379220480.000000,0.000000
2026-08-10,16:01:24,0.548036,0.452579,0.000000,43706893951675379220480.000000,0.000000
2026-08-10,16:01:25,0.548036,0.452579,0.000000,43706893951675379220480.000000,0.000000
2026-08-10,16:01:26,0.408316,0.452579,0.000000,43706893951675379220480.000000,0.000000
2026-08-10,16:01:26,0.571642,0.444577,0.000000,43706893951675379220480.000000,0.000000
2026-08-10,16:01:27,0.551226,0.442997,0.000000,43706893951675379220480.000000,0.000000
2026-08-10,16:01:28,0.551226,0.444735,0.000000,43706893951675379220480.000000,0.000000
2026-08-10,16:01:28,0.583764,0.444735,0.000000,43706893951675379220480.000000,0.000000
2026-08-10,16:01:29,0.449147,0.448889,0.000000,43706893951675379220480.000000,0.000000
2026-08-10,16:01:30,0.612155,0.448889,0.000000,43706893951675379220480.000000,0.000000
2026-08-10,16:01:30,0.612155,0.448889,0.000000,43706893951675379220480.000000,0.000000
2026-08-10,16:01:31,0.652986,0.448889,0.000000,43706893951675379220480.000000,0.000000
2026-08-10,16:01:32,0.511033,0.448889,0.000000,43706893951675379220480.000000,0.000000
2026-08-10,16:01:32,0.339411,0.440096,0.000000,43706893951675379220480.000000,0.000000
2026-08-10,16:01:33,0.551226,0.440096,0.000000,43706893951675379220480.000000,0.000000
2026-08-10,16:01:34,0.551226,0.440096,0.000000,43706893951675379220480.000000,0.000000
2026-08-10,16:01:34,0.749642,0.440096,0.000000,43706893951675379220480.000000,0.000000
2026-08-10,16:01:35,0.571642,0.440096,0.000000,43706893951675379220480.000000,0.000000
2026-08-10,16:01:36,0.606732,0.440096,0.000000,43706893951675379220480.000000,0.000000
2026-08-10,16:01:36,0.606732,0.440146,0.000000,43706893951675379220480.000000,0.000000
2026-08-10,16:01:37,0.326334,0.440146,0.000000,43706893951675379220480.000000,0.000000
2026-08-10,16:01:38,0.285502,0.443788,0.000000,43706893951675379220480.000000,0.000000
2026-08-10,16:01:38,0.673721,0.443788,0.000000,43706893951675379220480.000000,0.000000
2026-08-10,16:01:39,0.673721,0.418492,0.000000,43706893951675379220480.000000,0.000000
2026-08-10,16:01:40,0.347068,0.418492,0.000000,43706893951675379220480.000000,0.000000
2026-08-10,16:01:40,0.469563,0.418492,0.000000,43706893951675379220480.000000,0.000000
2026-08-10,16:01:41,0.551226,0.418492,0.000000,43706893951675379220480.000000,0.000000
2026-08-10,16:01:42,0.289968,0.418492,0.000000,43706893951675379220480.000000,0.000000
2026-08-10,16:01:42,0.289968,0.418492,0.000000,43706893951675379220480.000000,0.000000
2026-08-10,16:01:43,0.387900,0.419002,0.000000,43706893951675379220480.000000,0.000000
2026-08-10,16:01:44,0.408316,0.425031,0.000000,43706893951675379220480.000000,0.000000
2026-08-10,16:01:44,0.673402,0.425031,0.000000,43706893951675379220480.000000,0.000000
2026-08-10,16:01:45,0.673402,0.425031,0.000000,43706893951675379220480.000000,0.000000
2026-08-10,16:01:46,0.448828,0.412750,0.000000,43706893951675379220480.000000,0.000000
2026-08-10,16:01:46,0.652986,0.412750,0.000000,43706893951675379220480.000000,0.000000
2026-08-10,16:01:47,0.347706,0.392398,0.000000,43706893951675379220480.000000,0.000000
2026-08-10,16:01:48,0.347706,0.392398,0.000000,43706893951675379220480.000000,0.000000
2026-08-10,16:01:48,0.489660,0.392398,0.000000,43706893951675379220480.000000,0.000000
2026-08-10,16:01:49,0.569409,0.392398,0.000000,43706893951675379220480.000000,0.000000
2026-08-10,16:01:50,0.530492,0.392398,0.000000,43706893951675379220480.000000,0.000000
2026-08-10,16:01:50,0.530492,0.392398,0.000000,43706893951675379220480.000000,0.000000
2026-08-10,16:01:51,0.571004,0.392398,0.000000,43706893951675379220480.000000,0.000000
2026-08-10,16:01:52,0.387581,0.372779,0.000000,43706893951675379220480.000000,0.000000
2026-08-10,16:01:52,0.224574,0.372779,0.000000,43706893951675379220480.000000,0.000000
2026-08-10,16:01:53,0.306237,0.358488,0.000000,43706893951675379220480.000000,0.000000
2026-08-10,16:01:54,0.306237,0.358488,0.000000,43706893951675379220480.000000,0.000000
2026-08-10,16:01:54,0.563029,0.358488,0.000000,43706893951675379220480.000000,0.000000
2026-08-10,16:01:55,0.265405,0.351088,0.000000,43706893951675379220480.000000,0.000000
2026-08-10,16:01:56,0.224574,0.340912,0.000000,43706893951675379220480.000000,0.000000
2026-08-10,16:01:56,0.592058,0.340912,0.000000,43706893951675379220480.000000,0.000000
2026-08-10,16:01:57,0.592058,0.340912,0.000000,43706893951675379220480.000000,0.000000
2026-08-10,16:01:58,0.632571,0.340912,0.000000,43706893951675379220480.000000,0.000000
2026-08-10,16:01:58,0.204158,0.340912,0.000000,43706893951675379220480.000000,0.000000
2026-08-10,16:01:59,0.530811,0.340912,0.000000,43706893951675379220480.000000,0.000000
2026-08-10,16:02:00,0.567172,0.340912,0.000000,43706893951675379220480.000000,0.000000
2026-08-10,16:02:00,0.567172,0.340912,0.000000,43706893951675379220480.000000,0.000000
2026-08-10,16:02:01,0.559398,0.340912,0.000000,43706893951675379220480.000000,0.000000
2026-08-10,16:02:02,0.466893,0.340912,0.000000,43706893951675379220480.000000,0.000000
2026-08-10,16:02:02,0.710656,0.340912,0.000000,43706893951675379220480.000000,0.000000
2026-08-10,16:02:03,0.710656,0.340912,0.000000,43706893951675379220480.000000,0.000000
2026-08-10,16:02:04,0.650667,0.340912,0.000000,43706893951675379220480.000000,0.000000
2026-08-10,16:02:04,0.568461,0.340912,0.000000,43706893951675379220480.000000,0.000000
2026-08-10,16:02:05,0.649715,0.340912,0.000000,43706893951675379220480.000000,0.000000
2026-08-10,16:02:06,0.649715,0.340912,0.000000,43706893951675379220480.000000,0.000000
2026-08-10,16:02:06,0.560209,0.340912,0.000000,43706893951675379220480.000000,0.000000
2026-08-10,16:02:07,0.507838,0.340912,0.000000,43706893951675379220480.000000,0.000000
2026-08-10,16:02:08,0.589092,0.340912,0.000000,43706893951675379220480.000000,0.000000
2026-08-10,16:02:08,0.589092,0.340912,0.000000,43706893951675379220480.000000,0.000000
2026-08-10,16:02:09,0.690342,0.340912,0.000000,43706893951675379220480.000000,0.000000
2026-08-10,16:02:10,0.288515,0.341213,0.000000,43706893951675379220480.000000,0.000000
2026-08-10,16:02:10,0.263758,0.332882,0.000000,43706893951675379220480.000000,0.000000
2026-08-10,16:02:11,0.365643,0.332882,0.000000,43706893951675379220480.000000,0.000000
2026-08-10,16:02:12,0.365643,0.332882,0.000000,43706893951675379220480.000000,0.000000
2026-08-10,16:02:12,0.284389,0.332882,0.000000,43706893951675379220480.000000,0.000000
2026-08-10,16:02:13,0.345330,0.332882,0.000000,43706893951675379220480.000000,0.000000
2026-08-10,16:02:14,0.507520,0.332882,0.000000,43706893951675379220480.000000,0.000000
2026-08-10,16:02:14,0.266615,0.320754,0.000000,43706893951675379220480.000000,0.000000
2026-08-10,16:02:15,0.266615,0.320754,0.000000,43706893951675379220480.000000,0.000000
2026-08-10,16:02:16,0.159335,0.320754,0.000000,43706893951675379220480.000000,0.000000
2026-08-10,16:02:16,0.450283,0.320754,0.000000,43706893951675379220480.000000,0.000000
2026-08-10,16:02:17,0.716040,0.320754,0.000000,43706893951675379220480.000000,0.000000
2026-08-10,16:02:18,0.307011,0.310623,0.000000,43706893951675379220480.000000,0.000000
2026-08-10,16:02:18,0.307011,0.310623,0.000000,43706893951675379220480.000000,0.000000
2026-08-10,16:02:19,0.307011,0.296441,0.000000,43706893951675379220480.000000,0.000000
2026-08-10,16:02:20,0.450283,0.296441,0.000000,43706893951675379220480.000000,0.000000
2026-08-10,16:02:20,0.552300,0.296441,0.000000,43706893951675379220480.000000,0.000000
2026-08-10,16:02:21,0.552300,0.296441,0.000000,43706893951675379220480.000000,0.000000
2026-08-10,16:02:22,0.633211,0.296441,0.000000,43706893951675379220480.000000,0.000000
2026-08-10,16:02:22,0.654637,0.296441,0.000000,43706893951675379220480.000000,0.000000
2026-08-10,16:02:23,0.265757,0.288246,0.000000,43706893951675379220480.000000,0.000000
2026-08-10,16:02:24,0.245289,0.274017,0.000000,43706893951675379220480.000000,0.000000
2026-08-10,16:02:24,0.245289,0.269969,0.000000,43706893951675379220480.000000,0.000000
2026-08-10,16:02:25,0.265757,0.269969,0.000000,43706893951675379220480.000000,0.000000
2026-08-10,16:02:26,0.239533,0.267382,0.000000,43706893951675379220480.000000,0.000000
2026-08-10,16:02:26,0.368094,0.267382,0.000000,43706893951675379220480.000000,0.000000
2026-08-10,16:02:27,0.327479,0.267382,0.000000,43706893951675379220480.000000,0.000000
2026-08-10,16:02:28,0.327479,0.267382,0.000000,43706893951675379220480.000000,0.000000
2026-08-10,16:02:28,0.265757,0.267382,0.000000,43706893951675379220480.000000,0.000000
2026-08-10,16:02:29,0.265757,0.267382,0.000000,43706893951675379220480.000000,0.000000
2026-08-10,16:02:30,0.278179,0.267382,0.000000,43706893951675379220480.000000,0.000000
2026-08-10,16:02:30,0.278179,0.267382,0.000000,43706893951675379220480.000000,0.000000
2026-08-10,16:02:31,0.536230,0.267382,0.000000,43706893951675379220480.000000,0.000000
2026-08-10,16:02:32,0.506255,0.267382,0.000000,43706893951675379220480.000000,0.000000
2026-08-10,16:02:32,0.263417,0.271266,0.000000,43706893951675379220480.000000,0.000000
2026-08-10,16:02:33,0.607569,0.271266,0.000000,43706893951675379220480.000000,0.000000
2026-08-10,16:02:34,0.607569,0.274804,0.000000,43706893951675379220480.000000,0.000000
2026-08-10,16:02:34,0.323889,0.274804,0.000000,43706893951675379220480.000000,0.000000
2026-08-10,16:02:35,0.450848,0.274804,0.000000,43706893951675379220480.000000,0.000000
2026-08-10,16:02:36,0.506571,0.274804,0.000000,43706893951675379220480.000000,0.000000
2026-08-10,16:02:36,0.506571,0.274804,0.000000,43706893951675379220480.000000,0.000000
2026-08-10,16:02:37,0.526517,0.274804,0.000000,43706893951675379220480.000000,0.000000
2026-08-10,16:02:38,0.699435,0.274804,0.000000,43706893951675379220480.000000,0.000000
2026-08-10,16:02:38,0.493398,0.274804,0.000000,43706893951675379220480.000000,0.000000
2026-08-10,16:02:39,0.493398,0.274804,0.000000,43706893951675379220480.000000,0.000000
2026-08-10,16:02:40,0.473148,0.274804,0.000000,43706893951675379220480.000000,0.000000
2026-08-10,16:02:40,0.678864,0.274804,0.000000,43706893951675379220480.000000,0.000000
2026-08-10,16:02:41,0.637963,0.274804,0.000000,43706893951675379220480.000000,0.000000
2026-08-10,16:02:42,0.567360,0.274804,0.000000,43706893951675379220480.000000,0.000000
2026-08-10,16:02:42,0.567360,0.274804,0.000000,43706893951675379220480.000000,0.000000
2026-08-10,16:02:43,0.587306,0.274804,0.000000,43706893951675379220480.000000,0.000000
2026-08-10,16:02:44,0.527467,0.274804,0.000000,43706893951675379220480.000000,0.000000
2026-08-10,16:02:44,0.587306,0.274804,0.000000,43706893951675379220480.000000,0.000000
2026-08-10,16:02:45,0.587306,0.274804,0.000000,43706893951675379220480.000000,0.000000
2026-08-10,16:02:46,0.513969,0.274804,0.000000,43706893951675379220480.000000,0.000000
2026-08-10,16:02:46,0.575684,0.274804,0.000000,43706893951675379220480.000000,0.000000
2026-08-10,16:02:47,0.485100,0.274804,0.000000,43706893951675379220480.000000,0.000000
2026-08-10,16:02:48,0.485100,0.567991,0.000000,43706893951675379220480.000000,0.000000
2026-08-10,16:02:48,0.518893,0.567991,0.000000,43706893951675379220480.000000,0.000000
2026-08-10,16:02:49,0.372875,0.537392,0.000000,43706893951675379220480.000000,0.000000
2026-08-10,16:02:50,0.527732,0.537392,0.000000,43706893951675379220480.000000,0.000000
2026-08-10,16:02:50,0.527732,0.537392,0.000000,43706893951675379220480.000000,0.000000
2026-08-10,16:02:51,0.595061,0.537392,0.000000,43706893951675379220480.000000,0.000000
2026-08-10,16:02:52,0.471945,0.537392,0.000000,43706893951675379220480.000000,0.000000
2026-08-10,16:02:53,0.742865,0.537392,0.000000,43706893951675379220480.000000,0.000000
2026-08-10,16:02:53,0.595061,0.537392,0.000000,43706893951675379220480.000000,0.000000
2026-08-10,16:02:54,0.595061,0.537392,0.000000,43706893951675379220480.000000,0.000000
2026-08-10,16:02:55,0.554023,0.537392,0.000000,43706893951675379220480.000000,0.000000
2026-08-10,16:02:55,0.574221,0.537392,0.000000,43706893951675379220480.000000,0.000000
2026-08-10,16:02:56,0.492144,0.537392,0.000000,43706893951675379220480.000000,0.000000
2026-08-10,16:02:57,0.492144,0.537392,0.000000,43706893951675379220480.000000,0.000000
2026-08-10,16:02:57,0.451105,0.537392,0.000000,43706893951675379220480.000000,0.000000
2026-08-10,16:02:58,0.327989,0.537392,0.000000,43706893951675379220480.000000,0.000000
2026-08-10,16:02:59,0.719781,0.537392,0.000000,43706893951675379220480.000000,0.000000
2026-08-10,16:02:59,0.719781,0.537392,0.000000,43706893951675379220480.000000,0.000000
2026-08-10,16:03:00,0.533183,0.537392,0.000000,43706893951675379220480.000000,0.000000
2026-08-10,16:03:01,0.554023,0.537392,0.000000,43706893951675379220480.000000,0.000000
2026-08-10,16:03:01,0.282659,0.537392,0.000000,43706893951675379220480.000000,0.000000
2026-08-10,16:03:02,0.306030,0.537392,0.000000,43706893951675379220480.000000,0.000000
2026-08-10,16:03:03,0.306030,0.537392,0.000000,43706893951675379220480.000000,0.000000
2026-08-10,16:03:03,0.383722,0.537392,0.000000,43706893951675379220480.000000,0.000000
2026-08-10,16:03:04,0.505312,0.524127,0.000000,43706893951675379220480.000000,0.000000
2026-08-10,16:03:05,0.343297,0.524127,0.000000,43706893951675379220480.000000,0.000000
2026-08-10,16:03:05,0.343297,0.521965,0.000000,43706893951675379220480.000000,0.000000
2026-08-10,16:03:06,0.545737,0.521965,0.000000,43706893951675379220480.000000,0.000000
2026-08-10,16:03:07,0.585847,0.521819,0.000000,43706893951675379220480.000000,0.000000
2026-08-10,16:03:07,0.505312,0.519604,0.000000,43706893951675379220480.000000,0.000000
2026-08-10,16:03:08,0.229286,0.519604,0.000000,43706893951675379220480.000000,0.000000
2026-08-10,16:03:09,0.229286,0.515384,0.000000,43706893951675379220480.000000,0.000000
2026-08-10,16:03:09,0.545106,0.515384,0.000000,43706893951675379220480.000000,0.000000
2026-08-10,16:03:10,0.303187,0.515384,0.000000,43706893951675379220480.000000,0.000000
2026-08-10,16:03:11,0.302872,0.515384,0.000000,43706893951675379220480.000000,0.000000
2026-08-10,16:03:11,0.262762,0.515384,0.000000,43706893951675379220480.000000,0.000000
2026-08-10,16:03:12,0.262762,0.515384,0.000000,43706893951675379220480.000000,0.000000
2026-08-10,16:03:13,0.565950,0.520582,0.000000,43706893951675379220480.000000,0.000000
2026-08-10,16:03:13,0.565634,0.519577,0.000000,43706893951675379220480.000000,0.000000
2026-08-10,16:03:14,0.444359,0.515503,0.000000,43706893951675379220480.000000,0.000000
2026-08-10,16:03:15,0.444359,0.515503,0.000000,43706893951675379220480.000000,0.000000
2026-08-10,16:03:15,0.262447,0.515503,0.000000,43706893951675379220480.000000,0.000000
2026-08-10,16:03:16,0.556854,0.519299,0.000000,43706893951675379220480.000000,0.000000
2026-08-10,16:03:17,0.329665,0.519299,0.000000,43706893951675379220480.000000,0.000000
