# 펌프 1개, 설치 높이 2300mm, 파이프 200A, 파이프내 수위 40mm
# Level 설정 : Range 5.000m, Low Level 2.000m, Distance Migration 0.340m, Empty Height 1.944m, Water Level 0.057m
# Flow 설정 : U-Shape, Canal Width 0.200m, Height 0.200m, Installation Height 2.000m
# 순서: 날짜,시간,Real-time velocity, Avg. velocity, Instant. flow rate, Cumulative flow, Water level
2026-08-12,17:30:38,0.227711,0.522482,0.003290,29262.143863,0.057000
2026-08-12,17:30:38,0.311928,0.522482,0.003290,29262.143863,0.057000
2026-08-12,17:30:39,0.207304,0.522482,0.003290,29262.147153,0.057000
2026-08-12,17:30:40,0.498178,0.511238,0.003220,29262.150373,0.057000
2026-08-12,17:30:40,0.498178,0.511238,0.003220,29262.150373,0.057000
2026-08-12,17:30:41,0.580452,0.517323,0.003260,29262.153633,0.057000
2026-08-12,17:30:42,0.310633,0.517323,0.003260,29262.156893,0.057000
2026-08-12,17:30:42,0.592437,0.529611,0.003260,29262.156893,0.057000
2026-08-12,17:30:43,0.592437,0.550341,0.003340,29262.160233,0.057000
2026-08-12,17:30:44,0.559398,0.550341,0.003470,29262.163703,0.057000
2026-08-12,17:30:44,0.373148,0.550341,0.003470,29262.163703,0.057000
2026-08-12,17:30:45,0.546780,0.541713,0.003410,29262.167113,0.057000
2026-08-12,17:30:46,0.373788,0.541713,0.003410,29262.170523,0.057000
2026-08-12,17:30:46,0.373788,0.541713,0.003410,29262.170523,0.057000
2026-08-12,17:30:47,0.394572,0.541713,0.003410,29262.173933,0.057000
2026-08-12,17:30:48,0.623197,0.550134,0.003470,29262.177403,0.057000
2026-08-12,17:30:48,0.228625,0.550134,0.003470,29262.177403,0.057000
2026-08-12,17:30:49,0.228625,0.559015,0.003470,29262.180873,0.057000
2026-08-12,17:30:50,0.521875,0.559015,0.003520,29262.184393,0.057000
2026-08-12,17:30:50,0.540061,0.555008,0.003520,29262.184393,0.057000
2026-08-12,17:30:51,0.356576,0.555008,0.003500,29262.187893,0.057000
2026-08-12,17:30:52,0.356576,0.548237,0.003450,29262.191343,0.057000
2026-08-12,17:30:52,0.498817,0.548237,0.003450,29262.191343,0.057000
2026-08-12,17:30:53,0.543633,0.550483,0.003470,29262.194813,0.057000
2026-08-12,17:30:54,0.674183,0.568083,0.003580,29262.198393,0.057000
2026-08-12,17:30:54,0.467966,0.568083,0.003580,29262.198393,0.057000
2026-08-12,17:30:55,0.467966,0.568083,0.003580,29262.201973,0.057000
2026-08-12,17:30:56,0.602413,0.568083,0.003580,29262.205553,0.057000
2026-08-12,17:30:56,0.547503,0.568083,0.003580,29262.205553,0.057000
2026-08-12,17:30:57,0.644306,0.568083,0.003580,29262.209133,0.057000
2026-08-12,17:30:58,0.644306,0.568083,0.003580,29262.212713,0.057000
2026-08-12,17:30:58,0.510076,0.568083,0.003580,29262.212713,0.057000
2026-08-12,17:30:59,0.477708,0.568083,0.003580,29262.216293,0.057000
2026-08-12,17:31:00,0.540061,0.568083,0.003580,29262.219873,0.057000
2026-08-12,17:31:00,0.540061,0.568083,0.003580,29262.219873,0.057000
2026-08-12,17:31:01,0.643981,0.568083,0.003580,29262.223453,0.057000
2026-08-12,17:31:02,0.498492,0.568083,0.003580,29262.227033,0.057000
2026-08-12,17:31:02,0.581629,0.551413,0.003580,29262.227033,0.057000
2026-08-12,17:31:03,0.581629,0.562812,0.003550,29262.230613,0.057000
2026-08-12,17:31:04,0.581953,0.562812,0.003550,29262.234163,0.057000
2026-08-12,17:31:04,0.457249,0.548296,0.003450,29262.234163,0.057000
2026-08-12,17:31:05,0.228625,0.548296,0.003450,29262.237613,0.057000
2026-08-12,17:31:06,0.314359,0.548296,0.003450,29262.241063,0.057000
2026-08-12,17:31:06,0.314359,0.548296,0.003450,29262.241063,0.057000
2026-08-12,17:31:07,0.394572,0.548296,0.003450,29262.244513,0.057000
2026-08-12,17:31:08,0.290652,0.548296,0.003450,29262.247963,0.057000
2026-08-12,17:31:08,0.373788,0.548296,0.003450,29262.247963,0.057000
2026-08-12,17:31:09,0.373788,0.548296,0.003450,29262.251413,0.057000
2026-08-12,17:31:10,0.311436,0.548296,0.003450,29262.254863,0.057000
2026-08-12,17:31:10,0.124380,0.548296,0.003450,29262.254863,0.057000
2026-08-12,17:31:11,0.311436,0.548296,0.003450,29262.258313,0.057000
2026-08-12,17:31:12,0.228300,0.548296,0.003450,29262.261763,0.057000
2026-08-12,17:31:12,0.228300,0.548296,0.003450,29262.261763,0.057000
2026-08-12,17:31:13,0.591739,0.552719,0.003450,29262.265213,0.057000
2026-08-12,17:31:14,0.567052,0.544994,0.003430,29262.268643,0.057000
2026-08-12,17:31:14,0.420039,0.535990,0.003380,29262.268643,0.057000
2026-08-12,17:31:15,0.420039,0.538624,0.003380,29262.272023,0.057000
2026-08-12,17:31:16,0.504046,0.538624,0.003390,29262.275413,0.057000
2026-08-12,17:31:16,0.483045,0.532923,0.003360,29262.275413,0.057000
2026-08-12,17:31:17,0.556532,0.524178,0.003360,29262.278773,0.057000
2026-08-12,17:31:18,0.556532,0.530014,0.003300,29262.282073,0.057000
2026-08-12,17:31:18,0.556854,0.530014,0.003340,29262.282073,0.057000
2026-08-12,17:31:19,0.639351,0.535786,0.003340,29262.285413,0.057000
2026-08-12,17:31:20,0.597780,0.537369,0.003380,29262.288793,0.057000
2026-08-12,17:31:20,0.597780,0.555547,0.003500,29262.288793,0.057000
2026-08-12,17:31:21,0.639029,0.555547,0.003500,29262.292293,0.057000
2026-08-12,17:31:22,0.556854,0.552058,0.003480,29262.295773,0.057000
2026-08-12,17:31:22,0.433109,0.538664,0.003390,29262.295773,0.057000
2026-08-12,17:31:23,0.082497,0.538664,0.003390,29262.299163,0.057000
2026-08-12,17:31:24,0.082497,0.538664,0.003390,29262.302553,0.057000
2026-08-12,17:31:24,0.247491,0.538664,0.003390,29262.302553,0.057000
2026-08-12,17:31:25,0.421146,0.538775,0.003390,29262.305943,0.057000
2026-08-12,17:31:26,0.568547,0.538775,0.003390,29262.309333,0.057000
2026-08-12,17:31:26,0.526103,0.538775,0.003390,29262.309333,0.057000
2026-08-12,17:31:27,0.526103,0.538775,0.003390,29262.312723,0.057000
2026-08-12,17:31:28,0.357974,0.538775,0.003390,29262.316113,0.057000
2026-08-12,17:31:28,0.610332,0.549403,0.003390,29262.316113,0.057000
2026-08-12,17:31:29,0.082497,0.549403,0.003460,29262.319573,0.057000
2026-08-12,17:31:30,0.082497,0.555076,0.003500,29262.319573,0.057000
2026-08-12,17:31:30,0.539775,0.555076,0.003500,29262.323073,0.057000
2026-08-12,17:31:31,0.701224,0.569546,0.003590,29262.326663,0.057000
2026-08-12,17:31:32,0.556532,0.569513,0.003590,29262.326663,0.057000
2026-08-12,17:31:32,0.556532,0.565356,0.003590,29262.330253,0.057000
2026-08-12,17:31:33,0.597780,0.565356,0.003560,29262.333813,0.057000
2026-08-12,17:31:34,0.391538,0.565356,0.003560,29262.333813,0.057000
2026-08-12,17:31:34,0.419711,0.565356,0.003560,29262.337373,0.057000
2026-08-12,17:31:35,0.366725,0.565356,0.003560,29262.340933,0.057000
2026-08-12,17:31:36,0.366725,0.565356,0.003520,29262.340933,0.057000
2026-08-12,17:31:36,0.534941,0.559072,0.003520,29262.344453,0.057000
2026-08-12,17:31:37,0.659653,0.561135,0.003530,29262.347983,0.057000
2026-08-12,17:31:38,0.418939,0.561135,0.003530,29262.347983,0.057000
2026-08-12,17:31:38,0.418939,0.561135,0.003530,29262.351513,0.057000
2026-08-12,17:31:39,0.348509,0.561135,0.003530,29262.355043,0.057000
2026-08-12,17:31:40,0.557864,0.561236,0.003540,29262.355043,0.057000
2026-08-12,17:31:40,0.493719,0.567297,0.003540,29262.358583,0.057000
2026-08-12,17:31:41,0.493719,0.570440,0.003570,29262.362153,0.057000
2026-08-12,17:31:41,0.452576,0.570440,0.003570,29262.362153,0.057000
2026-08-12,17:31:42,0.432004,0.552607,0.003480,29262.365633,0.057000
2026-08-12,17:31:43,0.514291,0.550058,0.003460,29262.369093,0.057000
2026-08-12,17:31:43,0.123430,0.550058,0.003460,29262.369093,0.057000
2026-08-12,17:31:44,0.123430,0.550058,0.003460,29262.372553,0.057000
2026-08-12,17:31:45,0.555434,0.535479,0.003370,29262.375923,0.057000
2026-08-12,17:31:45,0.575684,0.537395,0.003370,29262.375923,0.057000
2026-08-12,17:31:46,0.652558,0.542872,0.003380,29262.379303,0.057000
2026-08-12,17:31:47,0.652558,0.542872,0.003420,29262.382723,0.057000
2026-08-12,17:31:47,0.431683,0.542872,0.003420,29262.382723,0.057000
2026-08-12,17:31:48,0.123430,0.542872,0.003420,29262.386143,0.057000
2026-08-12,17:31:49,0.555434,0.544922,0.003430,29262.389573,0.057000
2026-08-12,17:31:49,0.614577,0.540414,0.003430,29262.389573,0.057000
2026-08-12,17:31:50,0.614577,0.540171,0.003400,29262.392973,0.057000
2026-08-12,17:31:51,0.555434,0.540171,0.003400,29262.396373,0.057000
2026-08-12,17:31:51,0.350039,0.540171,0.003400,29262.396373,0.057000
2026-08-12,17:31:52,0.226288,0.540171,0.003400,29262.399773,0.057000
2026-08-12,17:31:53,0.351646,0.540171,0.003400,29262.403173,0.057000
2026-08-12,17:31:53,0.351646,0.540171,0.003400,29262.403173,0.057000
2026-08-12,17:31:54,0.225967,0.540171,0.003400,29262.406573,0.057000
2026-08-12,17:31:55,0.102858,0.540171,0.003400,29262.409973,0.057000
2026-08-12,17:31:55,0.534541,0.544253,0.003400,29262.409973,0.057000
2026-08-12,17:31:56,0.534541,0.544253,0.003430,29262.413373,0.057000
2026-08-12,17:31:57,0.185145,0.544253,0.003430,29262.416803,0.057000
2026-08-12,17:31:57,0.432004,0.542196,0.003420,29262.416803,0.057000
2026-08-12,17:31:58,0.356705,0.534666,0.003370,29262.420223,0.057000
2026-08-12,17:31:59,0.629719,0.534666,0.003370,29262.423593,0.057000
2026-08-12,17:31:59,0.629719,0.534666,0.003370,29262.423593,0.057000
2026-08-12,17:32:00,0.289157,0.534666,0.003370,29262.426963,0.057000
2026-08-12,17:32:01,0.537606,0.536998,0.003370,29262.430333,0.057000
2026-08-12,17:32:01,0.227126,0.536998,0.003380,29262.430333,0.057000
2026-08-12,17:32:02,0.433897,0.524844,0.003310,29262.433713,0.057000
2026-08-12,17:32:03,0.433897,0.524844,0.003310,29262.437023,0.057000
2026-08-12,17:32:03,0.309834,0.498259,0.003140,29262.437023,0.057000
2026-08-12,17:32:04,0.307573,0.463761,0.002920,29262.440163,0.057000
2026-08-12,17:32:05,0.516929,0.463761,0.002920,29262.443083,0.057000
2026-08-12,17:32:05,0.516929,0.463761,0.002920,29262.443083,0.057000
2026-08-12,17:32:06,0.591884,0.463761,0.002920,29262.446003,0.057000
2026-08-12,17:32:07,0.523714,0.463761,0.002920,29262.448923,0.057000
2026-08-12,17:32:07,0.640669,0.463761,0.002920,29262.448923,0.057000
2026-08-12,17:32:08,0.640669,0.463761,0.002920,29262.451843,0.057000
2026-08-12,17:32:09,0.578961,0.463761,0.002920,29262.454763,0.057000
2026-08-12,17:32:09,0.268803,0.463761,0.002920,29262.454763,0.057000
2026-08-12,17:32:10,0.620315,0.463761,0.002920,29262.457683,0.057000
2026-08-12,17:32:11,0.620315,0.463761,0.002920,29262.460603,0.057000
2026-08-12,17:32:11,0.544081,0.463761,0.002920,29262.460603,0.057000
2026-08-12,17:32:12,0.398709,0.463761,0.002920,29262.463523,0.057000
2026-08-12,17:32:13,0.399037,0.463761,0.002920,29262.466443,0.057000
2026-08-12,17:32:13,0.364504,0.463761,0.002920,29262.466443,0.057000
2026-08-12,17:32:14,0.364504,0.463761,0.002920,29262.469363,0.057000
2026-08-12,17:32:15,0.106715,0.463761,0.002920,29262.472283,0.057000
2026-08-12,17:32:15,0.084452,0.463761,0.002920,29262.472283,0.057000
2026-08-12,17:32:16,0.532153,0.461433,0.002910,29262.475203,0.057000
2026-08-12,17:32:17,0.532153,0.461433,0.002910,29262.478113,0.057000
2026-08-12,17:32:17,0.265757,0.461433,0.002910,29262.478113,0.057000
2026-08-12,17:32:18,0.462569,0.446232,0.002810,29262.481023,0.057000
2026-08-12,17:32:19,0.292492,0.446232,0.002810,29262.483833,0.057000
2026-08-12,17:32:19,0.452254,0.435914,0.002740,29262.483833,0.057000
2026-08-12,17:32:20,0.452254,0.435914,0.002740,29262.486573,0.057000
2026-08-12,17:32:21,0.514291,0.433889,0.002730,29262.489303,0.057000
2026-08-12,17:32:21,0.369968,0.427685,0.002690,29262.489303,0.057000
2026-08-12,17:32:22,0.308253,0.422840,0.002690,29262.491993,0.057000
2026-08-12,17:32:23,0.308253,0.401962,0.002660,29262.494653,0.057000
2026-08-12,17:32:23,0.328825,0.401962,0.002530,29262.494653,0.057000
2026-08-12,17:32:24,0.460505,0.401962,0.002530,29262.497183,0.057000
2026-08-12,17:32:25,0.613336,0.401962,0.002530,29262.499713,0.057000
2026-08-12,17:32:25,0.399037,0.398476,0.002510,29262.499713,0.057000
2026-08-12,17:32:26,0.399037,0.398476,0.002510,29262.502223,0.057000
2026-08-12,17:32:27,0.390540,0.406546,0.002560,29262.504783,0.057000
2026-08-12,17:32:27,0.282860,0.404075,0.002540,29262.504783,0.057000
2026-08-12,17:32:28,0.308253,0.381685,0.002540,29262.507323,0.057000
2026-08-12,17:32:29,0.308253,0.366832,0.002400,29262.509723,0.057000
2026-08-12,17:32:29,0.314037,0.366832,0.002220,29262.509723,0.057000
2026-08-12,17:32:30,0.313384,0.352945,0.002220,29262.511943,0.057000
2026-08-12,17:32:31,0.166812,0.352945,0.002220,29262.514163,0.057000
2026-08-12,17:32:31,0.161786,0.352945,0.002220,29262.514163,0.057000
2026-08-12,17:32:32,0.161786,0.352945,0.002220,29262.516383,0.057000
2026-08-12,17:32:33,0.185602,0.352945,0.002220,29262.518603,0.057000
2026-08-12,17:32:33,0.580128,0.352945,0.002220,29262.518603,0.057000
2026-08-12,17:32:34,0.186250,0.352945,0.002220,29262.520823,0.057000
2026-08-12,17:32:35,0.248441,0.326360,0.002050,29262.522873,0.057000
2026-08-12,17:32:35,0.248441,0.326360,0.002050,29262.522873,0.057000
2026-08-12,17:32:36,0.310957,0.320459,0.002020,29262.524893,0.057000
2026-08-12,17:32:37,0.228035,0.312437,0.001970,29262.526863,0.057000
2026-08-12,17:32:37,0.165844,0.296139,0.001970,29262.526863,0.057000
2026-08-12,17:32:38,0.165844,0.296139,0.001860,29262.528723,0.057000
2026-08-12,17:32:39,0.372824,0.296139,0.001860,29262.530583,0.057000
2026-08-12,17:32:39,0.559398,0.296139,0.001860,29262.530583,0.057000
2026-08-12,17:32:40,0.574946,0.296139,0.001860,29262.532443,0.057000
2026-08-12,17:32:41,0.518261,0.296139,0.001860,29262.534303,0.057000
2026-08-12,17:32:41,0.518261,0.296139,0.001860,29262.534303,0.057000
2026-08-12,17:32:42,0.352094,0.291444,0.001830,29262.536133,0.057000
2026-08-12,17:32:43,0.269496,0.279340,0.001760,29262.537893,0.057000
2026-08-12,17:32:43,0.231301,0.274184,0.001760,29262.537893,0.057000
2026-08-12,17:32:44,0.231301,0.274184,0.001720,29262.539613,0.057000
2026-08-12,17:32:45,0.568547,0.274184,0.001720,29262.541333,0.057000
2026-08-12,17:32:45,0.103652,0.274184,0.001720,29262.541333,0.057000
2026-08-12,17:32:46,0.456070,0.274184,0.001720,29262.543053,0.057000
2026-08-12,17:32:47,0.231301,0.266489,0.001720,29262.543053,0.057000
2026-08-12,17:32:47,0.231301,0.266489,0.001680,29262.544733,0.057000
2026-08-12,17:32:48,0.434368,0.266489,0.001680,29262.546413,0.057000
2026-08-12,17:32:49,0.414609,0.266489,0.001680,29262.546413,0.057000
2026-08-12,17:32:49,0.414609,0.266489,0.001680,29262.548093,0.057000
2026-08-12,17:32:50,0.414609,0.259962,0.001630,29262.549723,0.057000
2026-08-12,17:32:51,0.248765,0.259962,0.001630,29262.549723,0.057000
2026-08-12,17:32:51,0.497207,0.259962,0.001630,29262.551353,0.057000
2026-08-12,17:32:52,0.145113,0.259962,0.001630,29262.552983,0.057000
2026-08-12,17:32:53,0.165844,0.259962,0.001630,29262.552983,0.057000
2026-08-12,17:32:53,0.165844,0.259962,0.001630,29262.554613,0.057000
2026-08-12,17:32:54,0.164548,0.259962,0.001630,29262.556243,0.057000
2026-08-12,17:32:55,0.372824,0.259962,0.001630,29262.556243,0.057000
2026-08-12,17:32:55,0.556159,0.259962,0.001630,29262.557873,0.057000
2026-08-12,17:32:56,0.556159,0.259962,0.001630,29262.559503,0.057000
2026-08-12,17:32:57,0.529922,0.259962,0.001630,29262.559503,0.057000
2026-08-12,17:32:57,0.497531,0.259962,0.001630,29262.561133,0.057000
2026-08-12,17:32:58,0.352094,0.259962,0.001630,29262.562763,0.057000
2026-08-12,17:32:59,0.593409,0.259962,0.001630,29262.562763,0.057000
2026-08-12,17:32:59,0.593409,0.259962,0.001630,29262.564393,0.057000
2026-08-12,17:33:00,0.310957,0.259719,0.001630,29262.566023,0.057000
2026-08-12,17:33:01,0.265285,0.261403,0.001630,29262.566023,0.057000
2026-08-12,17:33:01,0.310957,0.261403,0.001640,29262.567653,0.057000
2026-08-12,17:33:02,0.310957,0.261403,0.001640,29262.569293,0.057000
2026-08-12,17:33:03,0.538991,0.261403,0.001640,29262.569293,0.057000
2026-08-12,17:33:03,0.497207,0.261403,0.001640,29262.570933,0.057000
2026-08-12,17:33:04,0.559722,0.261403,0.001640,29262.572573,0.057000
2026-08-12,17:33:05,0.559722,0.261403,0.001640,29262.572573,0.057000
2026-08-12,17:33:05,0.149324,0.261403,0.001640,29262.574213,0.057000
2026-08-12,17:33:06,0.269172,0.265517,0.001640,29262.575853,0.057000
2026-08-12,17:33:06,0.489109,0.265517,0.001670,29262.575853,0.057000
2026-08-12,17:33:07,0.489109,0.279996,0.001760,29262.577523,0.057000
2026-08-12,17:33:08,0.310633,0.279996,0.001760,29262.579283,0.057000
2026-08-12,17:33:08,0.538668,0.279996,0.001760,29262.579283,0.057000
2026-08-12,17:33:09,0.207304,0.265517,0.001670,29262.581043,0.057000
2026-08-12,17:33:10,0.518261,0.265517,0.001670,29262.582713,0.057000
2026-08-12,17:33:10,0.518261,0.269825,0.001670,29262.582713,0.057000
2026-08-12,17:33:11,0.312576,0.269825,0.001700,29262.584383,0.057000
2026-08-12,17:33:12,0.269172,0.273612,0.001700,29262.586083,0.057000
2026-08-12,17:33:12,0.269172,0.277399,0.001740,29262.586083,0.057000
2026-08-12,17:33:13,0.269172,0.278695,0.001750,29262.587823,0.057000
2026-08-12,17:33:14,0.261722,0.278695,0.001750,29262.589573,0.057000
2026-08-12,17:33:14,0.580128,0.278695,0.001750,29262.589573,0.057000
2026-08-12,17:33:15,0.227711,0.270370,0.001700,29262.591323,0.057000
2026-08-12,17:33:16,0.499798,0.270370,0.001700,29262.593023,0.057000
2026-08-12,17:33:16,0.499798,0.277011,0.001700,29262.593023,0.057000
2026-08-12,17:33:17,0.331687,0.277011,0.001700,29262.594723,0.057000
2026-08-12,17:33:18,0.186250,0.277011,0.001740,29262.596463,0.057000
2026-08-12,17:33:18,0.552920,0.277011,0.001740,29262.596463,0.057000
2026-08-12,17:33:19,0.331363,0.279051,0.001740,29262.598203,0.057000
2026-08-12,17:33:20,0.331363,0.279051,0.001760,29262.599963,0.057000
2026-08-12,17:33:20,0.331687,0.285303,0.001790,29262.599963,0.057000
2026-08-12,17:33:21,0.310633,0.285303,0.001790,29262.601753,0.057000
2026-08-12,17:33:22,0.165844,0.285303,0.001790,29262.603543,0.057000
2026-08-12,17:33:22,0.165844,0.285303,0.001790,29262.603543,0.057000
2026-08-12,17:33:23,0.165844,0.285303,0.001790,29262.605333,0.057000
2026-08-12,17:33:24,0.288607,0.293433,0.001850,29262.607183,0.057000
2026-08-12,17:33:24,0.580128,0.293433,0.001850,29262.607183,0.057000
2026-08-12,17:33:25,0.538991,0.293433,0.001850,29262.609033,0.057000
2026-08-12,17:33:26,0.538991,0.293433,0.001850,29262.610883,0.057000
2026-08-12,17:33:26,0.227711,0.284946,0.001790,29262.610883,0.057000
2026-08-12,17:33:27,0.476800,0.284946,0.001790,29262.612673,0.057000
2026-08-12,17:33:28,0.310633,0.289092,0.001820,29262.614493,0.057000
2026-08-12,17:33:28,0.310633,0.289092,0.001820,29262.614493,0.057000
2026-08-12,17:33:29,0.580452,0.289092,0.001820,29262.616313,0.057000
2026-08-12,17:33:30,0.497207,0.289092,0.001820,29262.618133,0.057000
2026-08-12,17:33:30,0.393554,0.289092,0.001820,29262.618133,0.057000
2026-08-12,17:33:31,0.538668,0.289092,0.001820,29262.619953,0.057000
2026-08-12,17:33:32,0.538668,0.291166,0.001820,29262.621773,0.057000
2026-08-12,17:33:32,0.289902,0.291166,0.001820,29262.621773,0.057000
2026-08-12,17:33:33,0.538991,0.291166,0.001830,29262.623603,0.057000
2026-08-12,17:33:34,0.559722,0.291166,0.001830,29262.625433,0.057000
2026-08-12,17:33:34,0.497207,0.291166,0.001830,29262.625433,0.057000
2026-08-12,17:33:35,0.497207,0.291166,0.001830,29262.627263,0.057000
2026-08-12,17:33:36,0.598267,0.291166,0.001830,29262.629093,0.057000
2026-08-12,17:33:36,0.269496,0.291943,0.001830,29262.629093,0.057000
2026-08-12,17:33:37,0.144789,0.291943,0.001840,29262.630933,0.057000
2026-08-12,17:33:38,0.144789,0.302341,0.001900,29262.632833,0.057000
2026-08-12,17:33:38,0.331687,0.302341,0.001900,29262.632833,0.057000
2026-08-12,17:33:39,0.207304,0.302341,0.001900,29262.634733,0.057000
2026-08-12,17:33:40,0.227711,0.302341,0.001900,29262.636633,0.057000
2026-08-12,17:33:40,0.530246,0.302341,0.001900,29262.636633,0.057000
2026-08-12,17:33:41,0.530246,0.302341,0.001900,29262.638533,0.057000
2026-08-12,17:33:42,0.538668,0.302341,0.001900,29262.640433,0.057000
2026-08-12,17:33:42,0.331687,0.302341,0.001900,29262.640433,0.057000
2026-08-12,17:33:43,0.310957,0.300300,0.001890,29262.642323,0.057000
2026-08-12,17:33:44,0.310957,0.291975,0.001840,29262.644163,0.057000
2026-08-12,17:33:44,0.248441,0.291975,0.001840,29262.644163,0.057000
2026-08-12,17:33:45,0.165520,0.291975,0.001840,29262.646003,0.057000
2026-08-12,17:33:46,0.090696,0.291975,0.001840,29262.647843,0.057000
2026-08-12,17:33:46,0.186574,0.291975,0.001840,29262.647843,0.057000
2026-08-12,17:33:47,0.186574,0.291975,0.001840,29262.649683,0.057000
2026-08-12,17:33:48,0.580128,0.291975,0.001840,29262.651523,0.057000
2026-08-12,17:33:48,0.435339,0.291975,0.001840,29262.651523,0.057000
2026-08-12,17:33:49,0.511783,0.291975,0.001840,29262.653363,0.057000
2026-08-12,17:33:50,0.156698,0.291975,0.001840,29262.655203,0.057000
2026-08-12,17:33:50,0.156698,0.291975,0.001840,29262.655203,0.057000
2026-08-12,17:33:51,0.487207,0.291975,0.001840,29262.657043,0.057000
2026-08-12,17:33:52,0.209142,0.281826,0.001840,29262.658813,0.057000
2026-08-12,17:33:52,0.205920,0.273558,0.001770,29262.658813,0.057000
2026-08-12,17:33:53,0.205920,0.273558,0.001720,29262.660583,0.057000
2026-08-12,17:33:54,0.494982,0.273558,0.001720,29262.662303,0.057000
2026-08-12,17:33:54,0.268115,0.277598,0.001750,29262.662303,0.057000
2026-08-12,17:33:55,0.581023,0.277598,0.001750,29262.664053,0.057000
2026-08-12,17:33:56,0.515606,0.277598,0.001750,29262.665803,0.057000
2026-08-12,17:33:56,0.515606,0.277598,0.001750,29262.665803,0.057000
2026-08-12,17:33:57,0.536230,0.277598,0.001750,29262.667553,0.057000
2026-08-12,17:33:58,0.401147,0.277598,0.001750,29262.669303,0.057000
2026-08-12,17:33:58,0.581629,0.277598,0.001750,29262.669303,0.057000
2026-08-12,17:33:59,0.581629,0.277598,0.001750,29262.671053,0.057000
2026-08-12,17:34:00,0.594619,0.277598,0.001750,29262.671053,0.057000
2026-08-12,17:34:00,0.309812,0.277516,0.001750,29262.672803,0.057000
2026-08-12,17:34:01,0.290652,0.277591,0.001750,29262.674553,0.057000
2026-08-12,17:34:02,0.283507,0.278992,0.001750,29262.674553,0.057000
2026-08-12,17:34:02,0.283507,0.279045,0.001750,29262.676303,0.057000
2026-08-12,17:34:03,0.332220,0.279045,0.001750,29262.678053,0.057000
2026-08-12,17:34:04,0.436465,0.279045,0.001760,29262.678053,0.057000
2026-08-12,17:34:04,0.353329,0.279045,0.001760,29262.679813,0.057000
2026-08-12,17:34:05,0.540385,0.279045,0.001760,29262.681573,0.057000
2026-08-12,17:34:06,0.540385,0.279045,0.001760,29262.681573,0.057000
2026-08-12,17:34:06,0.373788,0.279045,0.001760,29262.683333,0.057000
2026-08-12,17:34:07,0.560845,0.279045,0.001760,29262.685093,0.057000
2026-08-12,17:34:08,0.083136,0.279045,0.001760,29262.685093,0.057000
2026-08-12,17:34:08,0.083136,0.279045,0.001760,29262.686853,0.057000
2026-08-12,17:34:09,0.540061,0.279045,0.001760,29262.688613,0.057000
2026-08-12,17:34:10,0.290977,0.274974,0.001730,29262.688613,0.057000
2026-08-12,17:34:10,0.096261,0.274974,0.001730,29262.690343,0.057000
2026-08-12,17:34:11,0.306691,0.274548,0.001730,29262.692073,0.057000
2026-08-12,17:34:12,0.306691,0.274548,0.001730,29262.692073,0.057000
2026-08-12,17:34:12,0.204354,0.274548,0.001730,29262.693803,0.057000
2026-08-12,17:34:13,0.376390,0.274548,0.001730,29262.695533,0.057000
2026-08-12,17:34:14,0.288739,0.274548,0.001730,29262.695533,0.057000
2026-08-12,17:34:14,0.261348,0.274548,0.001730,29262.697263,0.057000
2026-08-12,17:34:15,0.261348,0.274548,0.001730,29262.698993,0.057000
2026-08-12,17:34:16,0.488537,0.274548,0.001730,29262.698993,0.057000
2026-08-12,17:34:16,0.247491,0.274453,0.001730,29262.700723,0.057000
2026-08-12,17:34:17,0.323889,0.274453,0.001730,29262.702453,0.057000
2026-08-12,17:34:18,0.323889,0.274453,0.001730,29262.702453,0.057000
2026-08-12,17:34:18,0.313058,0.274453,0.001730,29262.704183,0.057000
2026-08-12,17:34:19,0.328727,0.274453,0.001730,29262.705913,0.057000
2026-08-12,17:34:20,0.187704,0.274453,0.001730,29262.705913,0.057000
2026-08-12,17:34:20,0.456366,0.274453,0.001730,29262.707643,0.057000
2026-08-12,17:34:21,0.456366,0.274453,0.001730,29262.709373,0.057000
2026-08-12,17:34:22,0.334277,0.274453,0.001730,29262.709373,0.057000
2026-08-12,17:34:22,0.273885,0.274453,0.001730,29262.711103,0.057000
2026-08-12,17:34:23,0.522307,0.274453,0.001730,29262.712833,0.057000
2026-08-12,17:34:24,0.522307,0.274453,0.001730,29262.712833,0.057000
2026-08-12,17:34:24,0.573407,0.274453,0.001730,29262.714563,0.057000
2026-08-12,17:34:25,0.265757,0.280114,0.001760,29262.716323,0.057000
2026-08-12,17:34:26,0.332220,0.292744,0.001840,29262.716323,0.057000
2026-08-12,17:34:26,0.332220,0.299155,0.001840,29262.718163,0.057000
2026-08-12,17:34:27,0.332220,0.299155,0.001880,29262.720043,0.057000
2026-08-12,17:34:28,0.589253,0.299155,0.001880,29262.720043,0.057000
2026-08-12,17:34:28,0.334277,0.301601,0.001880,29262.721923,0.057000
2026-08-12,17:34:29,0.417520,0.314288,0.001980,29262.723903,0.057000
2026-08-12,17:34:30,0.522307,0.338168,0.002130,29262.723903,0.057000
2026-08-12,17:34:30,0.522307,0.338168,0.002130,29262.726033,0.057000
2026-08-12,17:34:31,0.522307,0.357177,0.002250,29262.728283,0.057000
2026-08-12,17:34:32,0.292166,0.357177,0.002250,29262.728283,0.057000
2026-08-12,17:34:32,0.375735,0.357177,0.002250,29262.730533,0.057000
2026-08-12,17:34:33,0.375735,0.357177,0.002250,29262.732783,0.057000
2026-08-12,17:34:34,0.657454,0.357177,0.002250,29262.732783,0.057000
2026-08-12,17:34:34,0.563766,0.357177,0.002250,29262.735033,0.057000
2026-08-12,17:34:35,0.307835,0.358862,0.002260,29262.737293,0.057000
2026-08-12,17:34:36,0.164155,0.358862,0.002260,29262.737293,0.057000
2026-08-12,17:34:36,0.164155,0.358862,0.002260,29262.739553,0.057000
2026-08-12,17:34:37,0.245912,0.358862,0.002260,29262.741813,0.057000
2026-08-12,17:34:38,0.104461,0.358862,0.002260,29262.741813,0.057000
2026-08-12,17:34:38,0.313058,0.359499,0.002260,29262.744073,0.057000
2026-08-12,17:34:39,0.125027,0.359499,0.002260,29262.746333,0.057000
2026-08-12,17:34:40,0.125027,0.359499,0.002260,29262.746333,0.057000
2026-08-12,17:34:40,0.249110,0.359499,0.002260,29262.748593,0.057000
2026-08-12,17:34:41,0.246538,0.359499,0.002260,29262.750853,0.057000
2026-08-12,17:34:42,0.576006,0.359499,0.002260,29262.750853,0.057000
2026-08-12,17:34:42,0.576006,0.365575,0.002260,29262.753113,0.057000
2026-08-12,17:34:43,0.308253,0.365575,0.002300,29262.755413,0.057000
2026-08-12,17:34:44,0.225967,0.361596,0.002300,29262.755413,0.057000
2026-08-12,17:34:44,0.184823,0.346857,0.002180,29262.757593,0.057000
2026-08-12,17:34:45,0.425229,0.346857,0.002180,29262.759773,0.057000
2026-08-12,17:34:46,0.425229,0.346857,0.002180,29262.759773,0.057000
2026-08-12,17:34:46,0.311761,0.346857,0.002180,29262.761953,0.057000
2026-08-12,17:34:47,0.254929,0.346857,0.002180,29262.764133,0.057000
2026-08-12,17:34:48,0.581629,0.346857,0.002180,29262.764133,0.057000
2026-08-12,17:34:48,0.581629,0.346857,0.002180,29262.766313,0.057000
2026-08-12,17:34:49,0.415356,0.346857,0.002180,29262.768493,0.057000
2026-08-12,17:34:50,0.311436,0.346857,0.002180,29262.768493,0.057000
2026-08-12,17:34:50,0.187056,0.346857,0.002180,29262.770673,0.057000
2026-08-12,17:34:51,0.249084,0.338543,0.002130,29262.772853,0.057000
2026-08-12,17:34:52,0.249084,0.338543,0.002130,29262.772853,0.057000
2026-08-12,17:34:52,0.166272,0.338543,0.002130,29262.774983,0.057000
2026-08-12,17:34:53,0.540061,0.338543,0.002130,29262.777113,0.057000
2026-08-12,17:34:54,0.340988,0.339214,0.002130,29262.777113,0.057000
2026-08-12,17:34:54,0.478033,0.339214,0.002130,29262.779243,0.057000
2026-08-12,17:34:55,0.478033,0.339214,0.002130,29262.781373,0.057000
2026-08-12,17:34:56,0.228625,0.339214,0.002130,29262.781373,0.057000
2026-08-12,17:34:56,0.373788,0.334841,0.002110,29262.783503,0.057000
2026-08-12,17:34:57,0.561169,0.334841,0.002110,29262.785613,0.057000
2026-08-12,17:34:58,0.561169,0.334841,0.002110,29262.785613,0.057000
2026-08-12,17:34:58,0.501740,0.334841,0.002110,29262.787723,0.057000
2026-08-12,17:34:59,0.498817,0.334841,0.002110,29262.789833,0.057000
2026-08-12,17:35:00,0.388561,0.334841,0.002110,29262.789833,0.057000
2026-08-12,17:35:00,0.162765,0.334841,0.002110,29262.791943,0.057000
2026-08-12,17:35:01,0.162765,0.334841,0.002110,29262.794053,0.057000
2026-08-12,17:35:02,0.548347,0.334841,0.002110,29262.794053,0.057000
2026-08-12,17:35:02,0.503718,0.334841,0.002110,29262.796163,0.057000
2026-08-12,17:35:03,0.289157,0.311526,0.002110,29262.798273,0.057000
2026-08-12,17:35:04,0.289157,0.288211,0.001960,29262.798273,0.057000
2026-08-12,17:35:04,0.289157,0.288211,0.001810,29262.800233,0.057000
2026-08-12,17:35:05,0.123740,0.288211,0.001810,29262.802043,0.057000
2026-08-12,17:35:06,0.365643,0.293992,0.001850,29262.802043,0.057000
2026-08-12,17:35:06,0.203135,0.293992,0.001850,29262.803893,0.057000
2026-08-12,17:35:07,0.203135,0.293992,0.001850,29262.805743,0.057000
2026-08-12,17:35:08,0.188522,0.293992,0.001850,29262.805743,0.057000
2026-08-12,17:35:08,0.271983,0.289884,0.001820,29262.807593,0.057000
2026-08-12,17:35:09,0.272310,0.286290,0.001820,29262.809413,0.057000
2026-08-12,17:35:10,0.430907,0.286290,0.001800,29262.809413,0.057000
2026-08-12,17:35:10,0.430907,0.286290,0.001800,29262.811213,0.057000
2026-08-12,17:35:11,0.246232,0.288317,0.001810,29262.813023,0.057000
2026-08-12,17:35:12,0.554023,0.288317,0.001810,29262.813023,0.057000
2026-08-12,17:35:12,0.188195,0.288317,0.001810,29262.814833,0.057000
2026-08-12,17:35:13,0.188195,0.288317,0.001810,29262.816643,0.057000
2026-08-12,17:35:14,0.565567,0.288317,0.001810,29262.816643,0.057000
2026-08-12,17:35:14,0.418939,0.288317,0.001810,29262.818453,0.057000
2026-08-12,17:35:15,0.329988,0.288317,0.001810,29262.820263,0.057000
2026-08-12,17:35:16,0.609704,0.288317,0.001810,29262.820263,0.057000
2026-08-12,17:35:16,0.609704,0.288317,0.001810,29262.822073,0.057000
2026-08-12,17:35:17,0.535908,0.288317,0.001810,29262.823883,0.057000
2026-08-12,17:35:18,0.487570,0.288317,0.001810,29262.823883,0.057000
2026-08-12,17:35:18,0.474035,0.288317,0.001810,29262.825693,0.057000
2026-08-12,17:35:19,0.508838,0.288317,0.001810,29262.827503,0.057000
2026-08-12,17:35:20,0.508838,0.288317,0.001850,29262.827503,0.057000
2026-08-12,17:35:20,0.247491,0.294583,0.001850,29262.829353,0.057000
2026-08-12,17:35:21,0.268115,0.296487,0.001870,29262.831223,0.057000
2026-08-12,17:35:22,0.185618,0.296487,0.001870,29262.831223,0.057000
2026-08-12,17:35:22,0.185618,0.296487,0.001870,29262.833093,0.057000
2026-08-12,17:35:23,0.105699,0.296487,0.001870,29262.834963,0.057000
2026-08-12,17:35:24,0.273916,0.289779,0.001820,29262.834963,0.057000
2026-08-12,17:35:24,0.359957,0.289779,0.001820,29262.836783,0.057000
2026-08-12,17:35:25,0.535586,0.289779,0.001820,29262.838603,0.057000
2026-08-12,17:35:26,0.535586,0.289779,0.001820,29262.838603,0.057000
2026-08-12,17:35:26,0.329665,0.285367,0.001800,29262.840403,0.057000
2026-08-12,17:35:27,0.536230,0.285367,0.001800,29262.842203,0.057000
2026-08-12,17:35:28,0.272697,0.283721,0.001800,29262.842203,0.057000
2026-08-12,17:35:28,0.272697,0.284175,0.001780,29262.843983,0.057000
2026-08-12,17:35:29,0.293699,0.284175,0.001790,29262.845773,0.057000
2026-08-12,17:35:30,0.377707,0.285381,0.001790,29262.845773,0.057000
2026-08-12,17:35:30,0.188689,0.285381,0.001800,29262.847573,0.057000
2026-08-12,17:35:31,0.329988,0.291182,0.001830,29262.849403,0.057000
2026-08-12,17:35:32,0.329988,0.289022,0.001830,29262.849403,0.057000
2026-08-12,17:35:32,0.250713,0.289022,0.001820,29262.851223,0.057000
2026-08-12,17:35:33,0.268115,0.291211,0.001830,29262.853053,0.057000
2026-08-12,17:35:34,0.484318,0.291211,0.001830,29262.853053,0.057000
2026-08-12,17:35:34,0.189516,0.291211,0.001830,29262.854883,0.057000
2026-08-12,17:35:35,0.189516,0.291211,0.001830,29262.856713,0.057000
2026-08-12,17:35:35,0.547489,0.291211,0.001830,29262.856713,0.057000
2026-08-12,17:35:36,0.618405,0.291211,0.001830,29262.858543,0.057000
2026-08-12,17:35:37,0.515606,0.291211,0.001830,29262.860373,0.057000
2026-08-12,17:35:37,0.515606,0.291211,0.001830,29262.860373,0.057000
2026-08-12,17:35:38,0.577156,0.291211,0.001830,29262.862203,0.057000
2026-08-12,17:35:39,0.639351,0.291211,0.001830,29262.864033,0.057000
2026-08-12,17:35:39,0.459745,0.291211,0.001830,29262.864033,0.057000
2026-08-12,17:35:40,0.459745,0.291211,0.001830,29262.865863,0.057000
2026-08-12,17:35:41,0.482716,0.291211,0.001830,29262.867693,0.057000
2026-08-12,17:35:41,0.461714,0.291211,0.001830,29262.867693,0.057000
2026-08-12,17:35:42,0.557960,0.291211,0.001830,29262.869523,0.057000
2026-08-12,17:35:43,0.557960,0.539775,0.001830,29262.872923,0.057000
2026-08-12,17:35:43,0.537606,0.539775,0.003400,29262.872923,0.057000
2026-08-12,17:35:44,0.658936,0.550920,0.003470,29262.876393,0.057000
2026-08-12,17:35:45,0.676292,0.556708,0.003470,29262.879903,0.057000
2026-08-12,17:35:45,0.342003,0.556708,0.003510,29262.879903,0.057000
2026-08-12,17:35:46,0.342003,0.556708,0.003510,29262.883413,0.057000
2026-08-12,17:35:47,0.431683,0.556708,0.003510,29262.886923,0.057000
2026-08-12,17:35:47,0.390540,0.556708,0.003510,29262.886923,0.057000
2026-08-12,17:35:48,0.417846,0.556708,0.003510,29262.890433,0.057000
2026-08-12,17:35:49,0.417846,0.556708,0.003510,29262.890433,0.057000
2026-08-12,17:35:49,0.501415,0.556708,0.003510,29262.893943,0.057000
2026-08-12,17:35:50,0.668227,0.571971,0.003600,29262.897453,0.057000
2026-08-12,17:35:51,0.463221,0.571971,0.003600,29262.897453,0.057000
2026-08-12,17:35:51,0.463221,0.571971,0.003600,29262.901053,0.057000
2026-08-12,17:35:52,0.626442,0.576899,0.003630,29262.904653,0.057000
2026-08-12,17:35:53,0.534862,0.566450,0.003630,29262.904653,0.057000
2026-08-12,17:35:53,0.534862,0.573962,0.003620,29262.908283,0.057000
2026-08-12,17:35:54,0.534862,0.574122,0.003620,29262.911903,0.057000
2026-08-12,17:35:55,0.484318,0.574122,0.003620,29262.911903,0.057000
2026-08-12,17:35:55,0.273745,0.574122,0.003620,29262.915523,0.057000
2026-08-12,17:35:56,0.126015,0.574122,0.003620,29262.919143,0.057000
2026-08-12,17:35:57,0.463260,0.574277,0.003620,29262.919143,0.057000
2026-08-12,17:35:57,0.463260,0.574277,0.003620,29262.922763,0.057000
2026-08-12,17:35:58,0.568547,0.575335,0.003620,29262.926383,0.057000
2026-08-12,17:35:59,0.411111,0.562686,0.003540,29262.926383,0.057000
2026-08-12,17:35:59,0.603327,0.562686,0.003540,29262.929923,0.057000
2026-08-12,17:36:00,0.603327,0.562686,0.003540,29262.933463,0.057000
2026-08-12,17:36:01,0.185145,0.562686,0.003540,29262.933463,0.057000
2026-08-12,17:36:01,0.308253,0.562686,0.003540,29262.937003,0.057000
2026-08-12,17:36:02,0.349396,0.562686,0.003540,29262.940543,0.057000
2026-08-12,17:36:03,0.549648,0.551757,0.003540,29262.940543,0.057000
2026-08-12,17:36:03,0.549648,0.551757,0.003480,29262.944083,0.057000
2026-08-12,17:36:04,0.252358,0.551757,0.003480,29262.947563,0.057000
2026-08-12,17:36:05,0.290226,0.551757,0.003480,29262.947563,0.057000
2026-08-12,17:36:05,0.435339,0.527662,0.003320,29262.951043,0.057000
2026-08-12,17:36:06,0.559398,0.516779,0.003320,29262.954363,0.057000
2026-08-12,17:36:07,0.559398,0.516779,0.003250,29262.954363,0.057000
2026-08-12,17:36:07,0.538668,0.508001,0.003200,29262.957613,0.057000
2026-08-12,17:36:08,0.303507,0.508001,0.003200,29262.960813,0.057000
2026-08-12,17:36:09,0.559722,0.510487,0.003220,29262.960813,0.057000
2026-08-12,17:36:09,0.559722,0.510487,0.003220,29262.964033,0.057000
2026-08-12,17:36:10,0.081663,0.510487,0.003220,29262.967253,0.057000
2026-08-12,17:36:11,0.332220,0.510487,0.003220,29262.967253,0.057000
2026-08-12,17:36:11,0.540385,0.511040,0.003220,29262.970473,0.057000
2026-08-12,17:36:12,0.394572,0.502065,0.003220,29262.973693,0.057000
2026-08-12,17:36:13,0.394572,0.502065,0.003160,29262.973693,0.057000
2026-08-12,17:36:13,0.332220,0.488961,0.003160,29262.976853,0.057000
2026-08-12,17:36:14,0.402366,0.472343,0.002970,29262.979823,0.057000
2026-08-12,17:36:15,0.228625,0.472343,0.002970,29262.979823,0.057000
2026-08-12,17:36:15,0.228625,0.472343,0.002970,29262.982793,0.057000
2026-08-12,17:36:16,0.269868,0.472343,0.002970,29262.985763,0.057000
2026-08-12,17:36:17,0.198423,0.472343,0.002970,29262.985763,0.057000
2026-08-12,17:36:17,0.228625,0.472343,0.002970,29262.988733,0.057000
2026-08-12,17:36:18,0.228625,0.472343,0.002970,29262.991703,0.057000
2026-08-12,17:36:19,0.228625,0.472343,0.002970,29262.991703,0.057000
2026-08-12,17:36:19,0.301044,0.472343,0.002970,29262.994673,0.057000
2026-08-12,17:36:20,0.581629,0.489395,0.003080,29262.997753,0.057000
2026-08-12,17:36:21,0.527495,0.487179,0.003070,29262.997753,0.057000
2026-08-12,17:36:21,0.527495,0.483001,0.003070,29263.000823,0.057000
2026-08-12,17:36:22,0.393554,0.483001,0.003040,29263.003863,0.057000
2026-08-12,17:36:23,0.435339,0.470595,0.002960,29263.003863,0.057000
2026-08-12,17:36:23,0.621589,0.470595,0.002960,29263.006823,0.057000
2026-08-12,17:36:24,0.518261,0.470595,0.002960,29263.009783,0.057000
2026-08-12,17:36:25,0.518261,0.470595,0.002960,29263.009783,0.057000
2026-08-12,17:36:25,0.435339,0.470595,0.002960,29263.012743,0.057000
2026-08-12,17:36:26,0.518261,0.470595,0.002960,29263.015703,0.057000
2026-08-12,17:36:27,0.476476,0.470595,0.002960,29263.015703,0.057000
2026-08-12,17:36:27,0.476476,0.470595,0.002960,29263.018663,0.057000
2026-08-12,17:36:28,0.559722,0.470595,0.002960,29263.021623,0.057000
2026-08-12,17:36:29,0.538668,0.470595,0.002960,29263.021623,0.057000
2026-08-12,17:36:29,0.267638,0.470595,0.002960,29263.024583,0.057000
2026-08-12,17:36:30,0.267638,0.470595,0.002960,29263.027543,0.057000
2026-08-12,17:36:31,0.106411,0.470595,0.002960,29263.027543,0.057000
2026-08-12,17:36:31,0.232618,0.470595,0.002960,29263.030503,0.057000
2026-08-12,17:36:32,0.124063,0.470595,0.002960,29263.033463,0.057000
2026-08-12,17:36:33,0.392866,0.456015,0.002960,29263.033463,0.057000
2026-08-12,17:36:33,0.392866,0.456015,0.002870,29263.036333,0.057000
2026-08-12,17:36:34,0.558284,0.456015,0.002870,29263.039203,0.057000
2026-08-12,17:36:35,0.351189,0.435162,0.002870,29263.039203,0.057000
2026-08-12,17:36:35,0.304385,0.411562,0.002740,29263.041943,0.057000
2026-08-12,17:36:36,0.304385,0.398916,0.002510,29263.044453,0.057000
2026-08-12,17:36:37,0.268115,0.398916,0.002510,29263.044453,0.057000
2026-08-12,17:36:37,0.288739,0.394568,0.002480,29263.046933,0.057000
2026-08-12,17:36:38,0.350612,0.389392,0.002450,29263.049383,0.057000
2026-08-12,17:36:39,0.184007,0.389392,0.002450,29263.049383,0.057000
2026-08-12,17:36:39,0.184007,0.374540,0.002450,29263.051833,0.057000
2026-08-12,17:36:40,0.433109,0.374540,0.002360,29263.054193,0.057000
2026-08-12,17:36:41,0.230416,0.374540,0.002360,29263.054193,0.057000
2026-08-12,17:36:41,0.251036,0.374540,0.002360,29263.056553,0.057000
2026-08-12,17:36:42,0.230416,0.374540,0.002360,29263.058913,0.057000
2026-08-12,17:36:43,0.230416,0.374540,0.002360,29263.058913,0.057000
2026-08-12,17:36:43,0.167248,0.374540,0.002360,29263.061273,0.057000
2026-08-12,17:36:44,0.553457,0.374540,0.002360,29263.063633,0.057000
2026-08-12,17:36:45,0.125354,0.374540,0.002360,29263.063633,0.057000
2026-08-12,17:36:45,0.125354,0.357401,0.002360,29263.065993,0.057000
2026-08-12,17:36:46,0.356098,0.357401,0.002360,29263.068353,0.057000
2026-08-12,17:36:47,0.544293,0.357401,0.002250,29263.068353,0.057000
2026-08-12,17:36:47,0.143028,0.357401,0.002250,29263.070603,0.057000
2026-08-12,17:36:48,0.509272,0.357401,0.002250,29263.072853,0.057000
2026-08-12,17:36:49,0.509272,0.357401,0.002250,29263.072853,0.057000
2026-08-12,17:36:49,0.144047,0.357401,0.002250,29263.075103,0.057000
2026-08-12,17:36:50,0.435042,0.361549,0.002250,29263.077353,0.057000
2026-08-12,17:36:51,0.267793,0.361549,0.002280,29263.077353,0.057000
2026-08-12,17:36:51,0.267793,0.361549,0.002280,29263.079633,0.057000
2026-08-12,17:36:52,0.267793,0.361549,0.002280,29263.081913,0.057000
2026-08-12,17:36:53,0.536230,0.361549,0.002280,29263.081913,0.057000
2026-08-12,17:36:53,0.515606,0.361549,0.002280,29263.084193,0.057000
2026-08-12,17:36:54,0.544293,0.361549,0.002280,29263.086473,0.057000
2026-08-12,17:36:55,0.544293,0.361549,0.002280,29263.086473,0.057000
2026-08-12,17:36:55,0.356098,0.353625,0.002230,29263.088753,0.057000
2026-08-12,17:36:56,0.205716,0.353625,0.002230,29263.090983,0.057000
2026-08-12,17:36:57,0.390540,0.353393,0.002220,29263.090983,0.057000
2026-08-12,17:36:57,0.576006,0.353393,0.002220,29263.093203,0.057000
2026-08-12,17:36:58,0.576006,0.353393,0.002220,29263.095423,0.057000
2026-08-12,17:36:59,0.534862,0.353393,0.002220,29263.095423,0.057000
2026-08-12,17:36:59,0.186109,0.353393,0.002220,29263.097643,0.057000
2026-08-12,17:37:00,0.628408,0.353393,0.002220,29263.099863,0.057000
2026-08-12,17:37:01,0.628408,0.353393,0.002220,29263.099863,0.057000
2026-08-12,17:37:01,0.083788,0.353393,0.002220,29263.102083,0.057000
2026-08-12,17:37:02,0.271983,0.345472,0.002170,29263.104253,0.057000
2026-08-12,17:37:03,0.691576,0.345472,0.002170,29263.104253,0.057000
2026-08-12,17:37:03,0.293257,0.344359,0.002170,29263.106423,0.057000
2026-08-12,17:37:04,0.293257,0.344359,0.002170,29263.108593,0.057000
2026-08-12,17:37:05,0.555113,0.344359,0.002170,29263.108593,0.057000
2026-08-12,17:37:05,0.146301,0.344359,0.002170,29263.110763,0.057000
2026-08-12,17:37:06,0.308574,0.348405,0.002170,29263.112933,0.057000
2026-08-12,17:37:07,0.308574,0.348405,0.002190,29263.112933,0.057000
2026-08-12,17:37:07,0.184823,0.348405,0.002190,29263.115123,0.057000
2026-08-12,17:37:08,0.184823,0.348405,0.002190,29263.117313,0.057000
2026-08-12,17:37:09,0.555434,0.348405,0.002190,29263.117313,0.057000
2026-08-12,17:37:09,0.576006,0.348405,0.002190,29263.119503,0.057000
2026-08-12,17:37:10,0.576006,0.348405,0.002190,29263.121693,0.057000
2026-08-12,17:37:11,0.586514,0.348405,0.002190,29263.121693,0.057000
2026-08-12,17:37:11,0.355771,0.355108,0.002190,29263.123883,0.057000
2026-08-12,17:37:12,0.226544,0.355108,0.002240,29263.126123,0.057000
2026-08-12,17:37:13,0.536230,0.355108,0.002240,29263.126123,0.057000
2026-08-12,17:37:13,0.536230,0.355108,0.002240,29263.128363,0.057000
2026-08-12,17:37:14,0.618727,0.355108,0.002240,29263.130603,0.057000
2026-08-12,17:37:15,0.329988,0.353046,0.002220,29263.130603,0.057000
2026-08-12,17:37:15,0.453733,0.353046,0.002220,29263.132823,0.057000
2026-08-12,17:37:16,0.453733,0.336514,0.002220,29263.135043,0.057000
2026-08-12,17:37:17,0.267793,0.336514,0.002120,29263.135043,0.057000
2026-08-12,17:37:17,0.536230,0.336514,0.002120,29263.137163,0.057000
2026-08-12,17:37:18,0.649355,0.336514,0.002120,29263.139283,0.057000
2026-08-12,17:37:19,0.411111,0.342016,0.002120,29263.139283,0.057000
2026-08-12,17:37:19,0.411111,0.342016,0.002150,29263.141433,0.057000
2026-08-12,17:37:20,0.565720,0.342016,0.002150,29263.143583,0.057000
2026-08-12,17:37:21,0.432004,0.342016,0.002150,29263.143583,0.057000
2026-08-12,17:37:21,0.432004,0.342016,0.002150,29263.145733,0.057000
2026-08-12,17:37:22,0.205395,0.342016,0.002150,29263.147883,0.057000
2026-08-12,17:37:23,0.205395,0.342016,0.002150,29263.147883,0.057000
2026-08-12,17:37:23,0.262610,0.342016,0.002150,29263.150033,0.057000
2026-08-12,17:37:24,0.143680,0.342016,0.002150,29263.152183,0.057000
2026-08-12,17:37:25,0.168129,0.342016,0.002150,29263.152183,0.057000
2026-08-12,17:37:25,0.168129,0.342016,0.002150,29263.154333,0.057000
2026-08-12,17:37:26,0.522695,0.342016,0.002150,29263.156483,0.057000
2026-08-12,17:37:27,0.206242,0.342016,0.002150,29263.156483,0.057000
2026-08-12,17:37:27,0.494982,0.342016,0.002150,29263.158633,0.057000
2026-08-12,17:37:28,0.243762,0.322888,0.002030,29263.160663,0.057000
2026-08-12,17:37:29,0.243762,0.322888,0.002030,29263.160663,0.057000
2026-08-12,17:37:29,0.202818,0.307560,0.001940,29263.162603,0.057000
2026-08-12,17:37:30,0.548465,0.307560,0.001940,29263.164543,0.057000
2026-08-12,17:37:31,0.330512,0.301557,0.001940,29263.164543,0.057000
2026-08-12,17:37:31,0.330512,0.303307,0.001900,29263.166443,0.057000
2026-08-12,17:37:32,0.289480,0.303307,0.001910,29263.168353,0.057000
2026-08-12,17:37:33,0.454898,0.303307,0.001910,29263.168353,0.057000
2026-08-12,17:37:33,0.507560,0.303307,0.001910,29263.170263,0.057000
2026-08-12,17:37:34,0.210019,0.303307,0.001910,29263.172173,0.057000
2026-08-12,17:37:35,0.210019,0.303307,0.001910,29263.172173,0.057000
2026-08-12,17:37:35,0.413220,0.303307,0.001910,29263.174083,0.057000
2026-08-12,17:37:36,0.103386,0.303307,0.001910,29263.175993,0.057000
2026-08-12,17:37:37,0.351512,0.309132,0.001910,29263.175993,0.057000
2026-08-12,17:37:37,0.211941,0.309132,0.001950,29263.177903,0.057000
2026-08-12,17:37:38,0.211941,0.309132,0.001950,29263.179853,0.057000
2026-08-12,17:37:39,0.144417,0.309132,0.001950,29263.179853,0.057000
2026-08-12,17:37:39,0.578638,0.309132,0.001950,29263.181803,0.057000
2026-08-12,17:37:40,0.227126,0.300987,0.001950,29263.183753,0.057000
2026-08-12,17:37:41,0.227126,0.292680,0.001890,29263.183753,0.057000
2026-08-12,17:37:41,0.272697,0.292680,0.001840,29263.185643,0.057000
2026-08-12,17:37:42,0.246538,0.284335,0.001840,29263.187483,0.057000
2026-08-12,17:37:43,0.472826,0.284335,0.001790,29263.187483,0.057000
2026-08-12,17:37:43,0.472826,0.284335,0.001790,29263.189273,0.057000
2026-08-12,17:37:44,0.472826,0.284335,0.001790,29263.191063,0.057000
2026-08-12,17:37:45,0.551898,0.284335,0.001790,29263.191063,0.057000
2026-08-12,17:37:45,0.626442,0.284335,0.001790,29263.192853,0.057000
2026-08-12,17:37:46,0.564092,0.284335,0.001790,29263.194643,0.057000
2026-08-12,17:37:47,0.564092,0.284335,0.001790,29263.194643,0.057000
2026-08-12,17:37:47,0.480523,0.284335,0.001790,29263.196433,0.057000
2026-08-12,17:37:48,0.592058,0.284335,0.001790,29263.198223,0.057000
2026-08-12,17:37:49,0.510395,0.284335,0.001790,29263.198223,0.057000
2026-08-12,17:37:49,0.310957,0.288651,0.001790,29263.200013,0.057000
2026-08-12,17:37:50,0.310957,0.288651,0.001820,29263.201833,0.057000
2026-08-12,17:37:51,0.352094,0.282749,0.001780,29263.201833,0.057000
2026-08-12,17:37:51,0.331687,0.291542,0.001780,29263.203613,0.057000
2026-08-12,17:37:52,0.559722,0.291542,0.001830,29263.205443,0.057000
2026-08-12,17:37:53,0.559722,0.291542,0.001830,29263.205443,0.057000
2026-08-12,17:37:53,0.596324,0.291542,0.001830,29263.207273,0.057000
2026-08-12,17:37:54,0.518261,0.291542,0.001830,29263.209103,0.057000
2026-08-12,17:37:55,0.269172,0.298177,0.001880,29263.209103,0.057000
2026-08-12,17:37:55,0.269172,0.298177,0.001880,29263.210983,0.057000
2026-08-12,17:37:56,0.105596,0.298177,0.001880,29263.212863,0.057000
2026-08-12,17:37:57,0.372824,0.302409,0.001900,29263.212863,0.057000
2026-08-12,17:37:57,0.310957,0.304556,0.001900,29263.214763,0.057000
2026-08-12,17:37:58,0.621589,0.304556,0.001920,29263.216683,0.057000
2026-08-12,17:37:59,0.621589,0.304556,0.001920,29263.216683,0.057000
2026-08-12,17:37:59,0.100413,0.304556,0.001920,29263.218603,0.057000
2026-08-12,17:38:00,0.269496,0.296355,0.001860,29263.218603,0.057000
2026-08-12,17:38:01,0.331687,0.306811,0.001930,29263.220463,0.057000
2026-08-12,17:38:01,0.331687,0.314750,0.001930,29263.222393,0.057000
2026-08-12,17:38:02,0.352094,0.314750,0.001980,29263.222393,0.057000
2026-08-12,17:38:03,0.538991,0.314750,0.001980,29263.224373,0.057000
2026-08-12,17:38:03,0.553244,0.314750,0.001980,29263.226353,0.057000
2026-08-12,17:38:04,0.603450,0.314750,0.001980,29263.226353,0.057000
2026-08-12,17:38:05,0.603450,0.314750,0.001980,29263.228333,0.057000
2026-08-12,17:38:05,0.621589,0.314750,0.001980,29263.230313,0.057000
2026-08-12,17:38:06,0.580452,0.314750,0.001980,29263.230313,0.057000
2026-08-12,17:38:07,0.435015,0.314750,0.001980,29263.232293,0.057000
2026-08-12,17:38:07,0.435015,0.314750,0.001980,29263.234273,0.057000
2026-08-12,17:38:08,0.473561,0.314750,0.001980,29263.234273,0.057000
2026-08-12,17:38:09,0.331687,0.314750,0.001980,29263.236253,0.057000
2026-08-12,17:38:09,0.476800,0.314750,0.001980,29263.238233,0.057000
2026-08-12,17:38:10,0.476800,0.314750,0.001980,29263.238233,0.057000
2026-08-12,17:38:11,0.538991,0.314750,0.001980,29263.240213,0.057000
2026-08-12,17:38:11,0.435339,0.314750,0.001980,29263.242193,0.057000
2026-08-12,17:38:12,0.165520,0.314750,0.001980,29263.242193,0.057000
2026-08-12,17:38:13,0.165520,0.314750,0.001980,29263.244173,0.057000
2026-08-12,17:38:13,0.484250,0.314750,0.001980,29263.246153,0.057000
2026-08-12,17:38:14,0.476800,0.314750,0.001980,29263.246153,0.057000
2026-08-12,17:38:15,0.538668,0.314750,0.001980,29263.248133,0.057000
2026-08-12,17:38:15,0.606365,0.314750,0.001980,29263.250113,0.057000
2026-08-12,17:38:16,0.606365,0.314750,0.001980,29263.250113,0.057000
2026-08-12,17:38:17,0.189165,0.314750,0.001980,29263.252093,0.057000
2026-08-12,17:38:17,0.228035,0.314750,0.001980,29263.254073,0.057000
2026-08-12,17:38:18,0.621589,0.314750,0.001980,29263.254073,0.057000
2026-08-12,17:38:19,0.559398,0.314750,0.001980,29263.256053,0.057000
2026-08-12,17:38:19,0.559398,0.314750,0.001980,29263.258033,0.057000
2026-08-12,17:38:20,0.228035,0.312900,0.001980,29263.258033,0.057000
2026-08-12,17:38:21,0.580452,0.312900,0.001970,29263.260003,0.057000
2026-08-12,17:38:21,0.310957,0.312900,0.001970,29263.261973,0.057000
2026-08-12,17:38:22,0.310957,0.312900,0.001970,29263.261973,0.057000
2026-08-12,17:38:23,0.414609,0.312900,0.001970,29263.263943,0.057000
2026-08-12,17:38:23,0.249737,0.302664,0.001900,29263.265843,0.057000
2026-08-12,17:38:24,0.512754,0.302664,0.001900,29263.265843,0.057000
2026-08-12,17:38:25,0.209248,0.302664,0.001900,29263.267743,0.057000
2026-08-12,17:38:25,0.209248,0.302664,0.001900,29263.269643,0.057000
2026-08-12,17:38:26,0.103652,0.302664,0.001900,29263.269643,0.057000
2026-08-12,17:38:27,0.310633,0.300559,0.001890,29263.271543,0.057000
2026-08-12,17:38:27,0.372824,0.310924,0.001960,29263.273433,0.057000
2026-08-12,17:38:28,0.372824,0.306778,0.001960,29263.273433,0.057000
2026-08-12,17:38:29,0.331363,0.306778,0.001930,29263.275393,0.057000
2026-08-12,17:38:29,0.559722,0.306778,0.001930,29263.277323,0.057000
2026-08-12,17:38:30,0.497531,0.306778,0.001930,29263.277323,0.057000
2026-08-12,17:38:31,0.497531,0.306778,0.001930,29263.279253,0.057000
2026-08-12,17:38:31,0.497531,0.306778,0.001930,29263.281183,0.057000
2026-08-12,17:38:32,0.538668,0.306778,0.001930,29263.281183,0.057000
2026-08-12,17:38:33,0.538668,0.306778,0.001930,29263.283113,0.057000
2026-08-12,17:38:33,0.497207,0.306778,0.001930,29263.285043,0.057000
2026-08-12,17:38:34,0.497207,0.306778,0.001930,29263.285043,0.057000
2026-08-12,17:38:35,0.596000,0.306778,0.001930,29263.286973,0.057000
2026-08-12,17:38:35,0.414285,0.306778,0.001930,29263.288903,0.057000
2026-08-12,17:38:36,0.538991,0.306778,0.001930,29263.288903,0.057000
2026-08-12,17:38:37,0.538991,0.306778,0.001930,29263.290833,0.057000
2026-08-12,17:38:37,0.514050,0.306778,0.001930,29263.292763,0.057000
2026-08-12,17:38:38,0.082922,0.306778,0.001930,29263.292763,0.057000
2026-08-12,17:38:39,0.160661,0.306778,0.001930,29263.294693,0.057000
2026-08-12,17:38:39,0.621589,0.306778,0.001930,29263.296623,0.057000
2026-08-12,17:38:40,0.621589,0.306778,0.001930,29263.296623,0.057000
2026-08-12,17:38:41,0.168458,0.306778,0.001930,29263.298553,0.057000
2026-08-12,17:38:41,0.315859,0.307268,0.001930,29263.300483,0.057000
2026-08-12,17:38:42,0.144789,0.307268,0.001930,29263.300483,0.057000
2026-08-12,17:38:43,0.144789,0.311414,0.001960,29263.302413,0.057000
2026-08-12,17:38:43,0.310957,0.311414,0.001960,29263.304373,0.057000
2026-08-12,17:38:44,0.269496,0.305195,0.001920,29263.304373,0.057000
2026-08-12,17:38:45,0.448828,0.305195,0.001920,29263.306293,0.057000
2026-08-12,17:38:45,0.265086,0.296495,0.001920,29263.308213,0.057000
2026-08-12,17:38:46,0.265086,0.296495,0.001870,29263.308213,0.057000
2026-08-12,17:38:47,0.612474,0.296495,0.001870,29263.310083,0.057000
2026-08-12,17:38:47,0.407997,0.296495,0.001870,29263.311953,0.057000
2026-08-12,17:38:48,0.376718,0.296495,0.001870,29263.311953,0.057000
2026-08-12,17:38:49,0.376718,0.296495,0.001870,29263.313823,0.057000
2026-08-12,17:38:49,0.634170,0.296495,0.001870,29263.315693,0.057000
2026-08-12,17:38:50,0.440370,0.296495,0.001870,29263.315693,0.057000
2026-08-12,17:38:50,0.417520,0.296495,0.001870,29263.317563,0.057000
2026-08-12,17:38:51,0.417520,0.296495,0.001870,29263.319433,0.057000
2026-08-12,17:38:52,0.647661,0.296495,0.001870,29263.319433,0.057000
2026-08-12,17:38:52,0.605550,0.296495,0.001870,29263.321303,0.057000
2026-08-12,17:38:53,0.616827,0.296495,0.001870,29263.323173,0.057000
2026-08-12,17:38:54,0.584984,0.296495,0.001870,29263.323173,0.057000
2026-08-12,17:38:54,0.584984,0.296495,0.001870,29263.325043,0.057000
2026-08-12,17:38:55,0.369968,0.310688,0.001950,29263.326993,0.057000
2026-08-12,17:38:56,0.082287,0.310688,0.001950,29263.326993,0.057000
2026-08-12,17:38:56,0.549327,0.310688,0.001950,29263.328943,0.057000
2026-08-12,17:38:57,0.549327,0.310688,0.001950,29263.330893,0.057000
2026-08-12,17:38:58,0.164573,0.310688,0.001950,29263.330893,0.057000
2026-08-12,17:38:58,0.370289,0.316621,0.001990,29263.332883,0.057000
2026-08-12,17:38:59,0.143680,0.316621,0.001990,29263.334873,0.057000
2026-08-12,17:39:00,0.595438,0.316621,0.001990,29263.334873,0.057000
2026-08-12,17:39:00,0.595438,0.316621,0.001990,29263.336863,0.057000
2026-08-12,17:39:01,0.629730,0.316621,0.001990,29263.338853,0.057000
2026-08-12,17:39:02,0.308574,0.322505,0.001990,29263.338853,0.057000
2026-08-12,17:39:02,0.210019,0.322505,0.002030,29263.340883,0.057000
2026-08-12,17:39:03,0.210019,0.322505,0.002030,29263.342913,0.057000
2026-08-12,17:39:04,0.519837,0.322505,0.002030,29263.342913,0.057000
2026-08-12,17:39:04,0.309834,0.322425,0.002030,29263.344943,0.057000
2026-08-12,17:39:05,0.578961,0.322425,0.002030,29263.346973,0.057000
2026-08-12,17:39:06,0.247803,0.309923,0.002030,29263.346973,0.057000
2026-08-12,17:39:06,0.247803,0.309923,0.001950,29263.348923,0.057000
2026-08-12,17:39:07,0.124063,0.309923,0.001950,29263.350873,0.057000
2026-08-12,17:39:08,0.578638,0.309923,0.001950,29263.350873,0.057000
2026-08-12,17:39:08,0.268480,0.303635,0.001910,29263.352783,0.057000
2026-08-12,17:39:09,0.289157,0.300965,0.001890,29263.354673,0.057000
2026-08-12,17:39:10,0.289157,0.300965,0.001890,29263.354673,0.057000
2026-08-12,17:39:10,0.475252,0.300965,0.001890,29263.356563,0.057000
2026-08-12,17:39:11,0.371866,0.300965,0.001890,29263.358453,0.057000
2026-08-12,17:39:12,0.495929,0.300965,0.001890,29263.358453,0.057000
2026-08-12,17:39:12,0.495929,0.300965,0.001890,29263.360343,0.057000
2026-08-12,17:39:13,0.599638,0.300965,0.001890,29263.362233,0.057000
2026-08-12,17:39:14,0.351512,0.305020,0.001920,29263.362233,0.057000
2026-08-12,17:39:14,0.273025,0.305373,0.001920,29263.364153,0.057000
2026-08-12,17:39:15,0.474035,0.305373,0.001920,29263.366073,0.057000
2026-08-12,17:39:16,0.474035,0.305373,0.001920,29263.366073,0.057000
2026-08-12,17:39:16,0.329665,0.311831,0.001960,29263.367993,0.057000
2026-08-12,17:39:17,0.178206,0.311831,0.001960,29263.369953,0.057000
2026-08-12,17:39:18,0.494982,0.311831,0.001960,29263.369953,0.057000
2026-08-12,17:39:18,0.515606,0.311831,0.001960,29263.371913,0.057000
2026-08-12,17:39:19,0.515606,0.311831,0.001960,29263.373873,0.057000
2026-08-12,17:39:20,0.242979,0.299132,0.001880,29263.373873,0.057000
2026-08-12,17:39:20,0.127361,0.299132,0.001880,29263.375753,0.057000
2026-08-12,17:39:21,0.584984,0.299132,0.001880,29263.377633,0.057000
2026-08-12,17:39:22,0.584984,0.299132,0.001880,29263.377633,0.057000
2026-08-12,17:39:22,0.612155,0.299132,0.001880,29263.379513,0.057000
2026-08-12,17:39:23,0.292930,0.291396,0.001880,29263.381393,0.057000
2026-08-12,17:39:24,0.563000,0.291396,0.001830,29263.381393,0.057000
2026-08-12,17:39:24,0.299134,0.290452,0.001830,29263.383223,0.057000
2026-08-12,17:39:25,0.299134,0.290452,0.001830,29263.385053,0.057000
2026-08-12,17:39:26,0.410387,0.290452,0.001830,29263.385053,0.057000
2026-08-12,17:39:26,0.307470,0.290452,0.001830,29263.386883,0.057000
2026-08-12,17:39:27,0.533183,0.290452,0.001830,29263.388713,0.057000
2026-08-12,17:39:28,0.533183,0.290452,0.001830,29263.388713,0.057000
2026-08-12,17:39:28,0.570051,0.290452,0.001830,29263.390543,0.057000
2026-08-12,17:39:29,0.432787,0.290452,0.001830,29263.392373,0.057000
2026-08-12,17:39:30,0.350290,0.290452,0.001830,29263.392373,0.057000
2026-08-12,17:39:30,0.247491,0.290452,0.001830,29263.394203,0.057000
2026-08-12,17:39:31,0.247491,0.290452,0.001830,29263.396033,0.057000
2026-08-12,17:39:32,0.226544,0.290452,0.001830,29263.396033,0.057000
2026-08-12,17:39:32,0.613571,0.290452,0.001830,29263.397863,0.057000
2026-08-12,17:39:33,0.547489,0.290452,0.001830,29263.399693,0.057000
2026-08-12,17:39:34,0.189187,0.290452,0.001830,29263.399693,0.057000
2026-08-12,17:39:34,0.189187,0.290452,0.001830,29263.401523,0.057000
2026-08-12,17:39:35,0.189187,0.290452,0.001830,29263.403353,0.057000
2026-08-12,17:39:36,0.603423,0.290452,0.001830,29263.403353,0.057000
2026-08-12,17:39:36,0.328448,0.292313,0.001830,29263.405183,0.057000
2026-08-12,17:39:37,0.328448,0.292313,0.001840,29263.407023,0.057000
2026-08-12,17:39:38,0.124059,0.292313,0.001840,29263.407023,0.057000
2026-08-12,17:39:38,0.373545,0.304888,0.001840,29263.408863,0.057000
2026-08-12,17:39:39,0.386104,0.316650,0.001990,29263.410853,0.057000
2026-08-12,17:39:40,0.505628,0.316650,0.001990,29263.410853,0.057000
2026-08-12,17:39:40,0.505628,0.316650,0.001990,29263.412843,0.057000
2026-08-12,17:39:41,0.309013,0.318636,0.002010,29263.414853,0.057000
2026-08-12,17:39:42,0.318083,0.315293,0.001980,29263.414853,0.057000
2026-08-12,17:39:42,0.621913,0.315293,0.001980,29263.416833,0.057000
2026-08-12,17:39:43,0.621913,0.315293,0.001980,29263.418813,0.057000
2026-08-12,17:39:44,0.188841,0.315293,0.002000,29263.418813,0.057000
2026-08-12,17:39:44,0.306237,0.318614,0.002000,29263.420813,0.057000
2026-08-12,17:39:45,0.163007,0.318614,0.002000,29263.422813,0.057000
2026-08-12,17:39:46,0.147401,0.318614,0.002000,29263.422813,0.057000
2026-08-12,17:39:46,0.147401,0.308451,0.002000,29263.424813,0.057000
2026-08-12,17:39:47,0.228035,0.308451,0.001940,29263.426753,0.057000
2026-08-12,17:39:48,0.559398,0.308451,0.001940,29263.426753,0.057000
2026-08-12,17:39:48,0.538991,0.308451,0.001940,29263.428693,0.057000
2026-08-12,17:39:49,0.393878,0.308451,0.001940,29263.430633,0.057000
2026-08-12,17:39:50,0.393878,0.308451,0.001940,29263.430633,0.057000
2026-08-12,17:39:50,0.186574,0.308451,0.001940,29263.432573,0.057000
2026-08-12,17:39:51,0.435015,0.308451,0.001940,29263.434513,0.057000
2026-08-12,17:39:52,0.393554,0.308451,0.001940,29263.434513,0.057000
2026-08-12,17:39:52,0.393554,0.308563,0.001940,29263.436453,0.057000
2026-08-12,17:39:53,0.244106,0.308563,0.001940,29263.438393,0.057000
2026-08-12,17:39:54,0.516988,0.308563,0.001940,29263.438393,0.057000
2026-08-12,17:39:54,0.578961,0.308563,0.001940,29263.440333,0.057000
2026-08-12,17:39:55,0.496252,0.308563,0.001940,29263.442273,0.057000
2026-08-12,17:39:56,0.496252,0.308563,0.001940,29263.442273,0.057000
2026-08-12,17:39:56,0.640669,0.308563,0.001940,29263.444213,0.057000
2026-08-12,17:39:57,0.496252,0.308563,0.001940,29263.446153,0.057000
2026-08-12,17:39:58,0.268480,0.306118,0.001940,29263.446153,0.057000
2026-08-12,17:39:58,0.268480,0.306118,0.001930,29263.448083,0.057000
2026-08-12,17:39:59,0.578961,0.306118,0.001930,29263.450013,0.057000
2026-08-12,17:40:00,0.585429,0.306118,0.001930,29263.450013,0.057000
2026-08-12,17:40:00,0.359313,0.312136,0.001960,29263.451973,0.057000
2026-08-12,17:40:01,0.359313,0.318445,0.001960,29263.453973,0.057000
2026-08-12,17:40:02,0.391538,0.318445,0.002000,29263.453973,0.057000
2026-08-12,17:40:02,0.268115,0.318445,0.002000,29263.455973,0.057000
2026-08-12,17:40:03,0.144370,0.318445,0.002000,29263.457973,0.057000
2026-08-12,17:40:04,0.144370,0.318445,0.002000,29263.457973,0.057000
2026-08-12,17:40:04,0.556854,0.318445,0.002000,29263.459973,0.057000
2026-08-12,17:40:05,0.276816,0.308772,0.002000,29263.461973,0.057000
2026-08-12,17:40:06,0.253026,0.295465,0.001860,29263.461973,0.057000
2026-08-12,17:40:06,0.241615,0.288725,0.001820,29263.463833,0.057000
2026-08-12,17:40:07,0.241615,0.288725,0.001820,29263.463833,0.057000
2026-08-12,17:40:08,0.498492,0.288725,0.001820,29263.465653,0.057000
2026-08-12,17:40:08,0.270193,0.283936,0.001790,29263.467473,0.057000
2026-08-12,17:40:09,0.207841,0.274096,0.001790,29263.467473,0.057000
2026-08-12,17:40:10,0.561169,0.274096,0.001720,29263.469263,0.057000
2026-08-12,17:40:10,0.561169,0.274096,0.001720,29263.470983,0.057000
2026-08-12,17:40:11,0.478033,0.274096,0.001720,29263.470983,0.057000
2026-08-12,17:40:12,0.311436,0.282436,0.001780,29263.472703,0.057000
2026-08-12,17:40:12,0.519601,0.282436,0.001780,29263.474483,0.057000
2026-08-12,17:40:13,0.519601,0.282436,0.001780,29263.474483,0.057000
2026-08-12,17:40:14,0.529344,0.282436,0.001780,29263.476263,0.057000
2026-08-12,17:40:14,0.165948,0.282436,0.001780,29263.478043,0.057000
2026-08-12,17:40:15,0.581629,0.282436,0.001780,29263.478043,0.057000
2026-08-12,17:40:16,0.166272,0.282436,0.001780,29263.479823,0.057000
2026-08-12,17:40:16,0.166272,0.282436,0.001780,29263.481603,0.057000
2026-08-12,17:40:17,0.478033,0.282436,0.001780,29263.481603,0.057000
2026-08-12,17:40:18,0.558896,0.282436,0.001780,29263.483383,0.057000
2026-08-12,17:40:18,0.270193,0.285045,0.001780,29263.485163,0.057000
2026-08-12,17:40:19,0.270193,0.285045,0.001790,29263.485163,0.057000
2026-08-12,17:40:20,0.145164,0.285045,0.001790,29263.486953,0.057000
2026-08-12,17:40:20,0.561169,0.285045,0.001790,29263.488743,0.057000
2026-08-12,17:40:21,0.269868,0.285184,0.001790,29263.488743,0.057000
2026-08-12,17:40:22,0.498492,0.285184,0.001790,29263.490533,0.057000
2026-08-12,17:40:22,0.498492,0.276239,0.001790,29263.492323,0.057000
2026-08-12,17:40:23,0.269868,0.276239,0.001740,29263.492323,0.057000
2026-08-12,17:40:24,0.290977,0.266183,0.001670,29263.494063,0.057000
2026-08-12,17:40:24,0.228625,0.261364,0.001670,29263.495733,0.057000
2026-08-12,17:40:25,0.124380,0.261364,0.001640,29263.495733,0.057000
2026-08-12,17:40:26,0.124380,0.261364,0.001640,29263.497373,0.057000
2026-08-12,17:40:26,0.606634,0.261364,0.001640,29263.499013,0.057000
2026-08-12,17:40:27,0.510508,0.261364,0.001640,29263.499013,0.057000
2026-08-12,17:40:28,0.529159,0.261364,0.001640,29263.500653,0.057000
2026-08-12,17:40:28,0.529159,0.262979,0.001640,29263.502293,0.057000
2026-08-12,17:40:29,0.269172,0.262979,0.001650,29263.502293,0.057000
2026-08-12,17:40:30,0.082922,0.262979,0.001650,29263.503943,0.057000
2026-08-12,17:40:30,0.538668,0.262979,0.001650,29263.505593,0.057000
2026-08-12,17:40:31,0.269172,0.265734,0.001670,29263.505593,0.057000
2026-08-12,17:40:32,0.269172,0.265734,0.001670,29263.507263,0.057000
2026-08-12,17:40:32,0.082922,0.265734,0.001670,29263.508933,0.057000
2026-08-12,17:40:33,0.212811,0.259996,0.001640,29263.508933,0.057000
2026-08-12,17:40:34,0.207304,0.259942,0.001640,29263.510573,0.057000
2026-08-12,17:40:34,0.538991,0.259942,0.001630,29263.512203,0.057000
2026-08-12,17:40:35,0.538991,0.259942,0.001630,29263.512203,0.057000
2026-08-12,17:40:36,0.517937,0.259942,0.001630,29263.513833,0.057000
2026-08-12,17:40:36,0.476800,0.259942,0.001630,29263.515463,0.057000
2026-08-12,17:40:37,0.393554,0.259942,0.001630,29263.515463,0.057000
2026-08-12,17:40:38,0.393554,0.249497,0.001630,29263.517093,0.057000
2026-08-12,17:40:38,0.206980,0.249497,0.001570,29263.518663,0.057000
2026-08-12,17:40:39,0.507248,0.249497,0.001570,29263.518663,0.057000
2026-08-12,17:40:40,0.331363,0.249497,0.001570,29263.520233,0.057000
2026-08-12,17:40:40,0.248765,0.249497,0.001570,29263.521803,0.057000
2026-08-12,17:40:41,0.248765,0.249497,0.001570,29263.521803,0.057000
2026-08-12,17:40:42,0.455746,0.249497,0.001570,29263.523373,0.057000
2026-08-12,17:40:42,0.294473,0.251925,0.001580,29263.524953,0.057000
2026-08-12,17:40:43,0.252358,0.250174,0.001570,29263.524953,0.057000
2026-08-12,17:40:44,0.252358,0.250174,0.001570,29263.526523,0.057000
2026-08-12,17:40:44,0.399759,0.250174,0.001570,29263.528093,0.057000
2026-08-12,17:40:45,0.315530,0.250174,0.001570,29263.528093,0.057000
2026-08-12,17:40:46,0.571323,0.250174,0.001570,29263.529663,0.057000
2026-08-12,17:40:46,0.554826,0.250174,0.001570,29263.531233,0.057000
2026-08-12,17:40:47,0.554826,0.250174,0.001570,29263.531233,0.057000
2026-08-12,17:40:48,0.540385,0.250174,0.001570,29263.532803,0.057000
2026-08-12,17:40:48,0.519601,0.250174,0.001570,29263.534373,0.057000
2026-08-12,17:40:49,0.436140,0.250174,0.001570,29263.534373,0.057000
2026-08-12,17:40:50,0.436140,0.250174,0.001570,29263.535943,0.057000
2026-08-12,17:40:50,0.374113,0.250174,0.001570,29263.537513,0.057000
2026-08-12,17:40:51,0.602413,0.250174,0.001570,29263.537513,0.057000
2026-08-12,17:40:52,0.623522,0.250174,0.001570,29263.539083,0.057000
2026-08-12,17:40:52,0.623522,0.250174,0.001570,29263.540653,0.057000
2026-08-12,17:40:53,0.436465,0.250174,0.001570,29263.540653,0.057000
2026-08-12,17:40:54,0.353004,0.250174,0.001570,29263.542223,0.057000
2026-08-12,17:40:54,0.228625,0.246050,0.001550,29263.543773,0.057000
2026-08-12,17:40:55,0.228625,0.246050,0.001550,29263.543773,0.057000
2026-08-12,17:40:56,0.498817,0.246050,0.001550,29263.545323,0.057000
2026-08-12,17:40:56,0.581953,0.246050,0.001550,29263.546873,0.057000
2026-08-12,17:40:57,0.290977,0.246050,0.001550,29263.546873,0.057000
2026-08-12,17:40:58,0.373788,0.260566,0.001640,29263.548423,0.057000
2026-08-12,17:40:58,0.373788,0.275217,0.001640,29263.550063,0.057000
2026-08-12,17:40:59,0.415681,0.275217,0.001730,29263.550063,0.057000
2026-08-12,17:41:00,0.581953,0.275217,0.001730,29263.551793,0.057000
2026-08-12,17:41:00,0.083136,0.275217,0.001730,29263.553523,0.057000
2026-08-12,17:41:01,0.602737,0.275217,0.001730,29263.553523,0.057000
2026-08-12,17:41:02,0.602737,0.275217,0.001730,29263.555253,0.057000
2026-08-12,17:41:02,0.519276,0.275217,0.001730,29263.556983,0.057000
2026-08-12,17:41:03,0.568963,0.275217,0.001730,29263.556983,0.057000
2026-08-12,17:41:04,0.561169,0.275217,0.001730,29263.558713,0.057000
2026-08-12,17:41:04,0.561169,0.275217,0.001730,29263.560443,0.057000
2026-08-12,17:41:05,0.560195,0.275217,0.001730,29263.560443,0.057000
2026-08-12,17:41:06,0.480956,0.275217,0.001730,29263.562173,0.057000
2026-08-12,17:41:06,0.527825,0.275217,0.001730,29263.563903,0.057000
2026-08-12,17:41:07,0.527825,0.275217,0.001730,29263.563903,0.057000
2026-08-12,17:41:08,0.581629,0.275217,0.001730,29263.565633,0.057000
2026-08-12,17:41:08,0.642682,0.275217,0.001730,29263.567363,0.057000
2026-08-12,17:41:09,0.561169,0.560660,0.003530,29263.567363,0.057000
2026-08-12,17:41:10,0.561169,0.556179,0.003500,29263.570893,0.057000
2026-08-12,17:41:10,0.557922,0.556179,0.003500,29263.574393,0.057000
2026-08-12,17:41:11,0.540385,0.558290,0.003520,29263.574393,0.057000
2026-08-12,17:41:12,0.540385,0.555432,0.003500,29263.577913,0.057000
2026-08-12,17:41:12,0.540061,0.553321,0.003500,29263.581413,0.057000
2026-08-12,17:41:13,0.540061,0.553321,0.003490,29263.581413,0.057000
2026-08-12,17:41:14,0.311761,0.553321,0.003490,29263.584903,0.057000
2026-08-12,17:41:14,0.429970,0.540298,0.003490,29263.588393,0.057000
2026-08-12,17:41:15,0.560845,0.540298,0.003400,29263.588393,0.057000
2026-08-12,17:41:16,0.560845,0.540298,0.003400,29263.591793,0.057000
2026-08-12,17:41:16,0.429645,0.540298,0.003400,29263.595193,0.057000
2026-08-12,17:41:17,0.519276,0.540298,0.003400,29263.595193,0.057000
2026-08-12,17:41:18,0.498817,0.540298,0.003400,29263.598593,0.057000
2026-08-12,17:41:18,0.498817,0.540298,0.003400,29263.601993,0.057000
2026-08-12,17:41:19,0.311436,0.540298,0.003400,29263.601993,0.057000
2026-08-12,17:41:20,0.562144,0.548417,0.003400,29263.605393,0.057000
2026-08-12,17:41:20,0.561169,0.551752,0.003450,29263.608843,0.057000
2026-08-12,17:41:21,0.561169,0.547432,0.003450,29263.608843,0.057000
2026-08-12,17:41:22,0.538437,0.547432,0.003450,29263.612293,0.057000
2026-08-12,17:41:22,0.320529,0.547432,0.003450,29263.615743,0.057000
2026-08-12,17:41:23,0.548179,0.537982,0.003390,29263.615743,0.057000
2026-08-12,17:41:24,0.548179,0.531747,0.003390,29263.619133,0.057000
2026-08-12,17:41:24,0.498817,0.531747,0.003350,29263.622483,0.057000
2026-08-12,17:41:25,0.623197,0.538274,0.003390,29263.622483,0.057000
2026-08-12,17:41:26,0.347068,0.538274,0.003390,29263.625873,0.057000
2026-08-12,17:41:26,0.479274,0.532163,0.003390,29263.629263,0.057000
2026-08-12,17:41:27,0.479274,0.532163,0.003350,29263.629263,0.057000
2026-08-12,17:41:28,0.278578,0.532163,0.003350,29263.632613,0.057000
2026-08-12,17:41:28,0.356801,0.532163,0.003350,29263.635963,0.057000
2026-08-12,17:41:29,0.522307,0.530355,0.003340,29263.635963,0.057000
2026-08-12,17:41:30,0.522307,0.534815,0.003340,29263.639303,0.057000
2026-08-12,17:41:30,0.584658,0.534815,0.003370,29263.642673,0.057000
2026-08-12,17:41:31,0.354843,0.534815,0.003370,29263.642673,0.057000
2026-08-12,17:41:32,0.531121,0.544930,0.003370,29263.646043,0.057000
2026-08-12,17:41:32,0.166812,0.544930,0.003430,29263.649473,0.057000
2026-08-12,17:41:33,0.166812,0.544930,0.003430,29263.649473,0.057000
2026-08-12,17:41:34,0.595061,0.548222,0.003450,29263.652923,0.057000
2026-08-12,17:41:34,0.512663,0.543372,0.003420,29263.656343,0.057000
2026-08-12,17:41:35,0.438412,0.533369,0.003420,29263.656343,0.057000
2026-08-12,17:41:36,0.438412,0.533369,0.003360,29263.659703,0.057000
2026-08-12,17:41:36,0.250708,0.533369,0.003360,29263.663063,0.057000
2026-08-12,17:41:37,0.240914,0.533369,0.003360,29263.663063,0.057000
2026-08-12,17:41:38,0.493719,0.527923,0.003330,29263.666393,0.057000
2026-08-12,17:41:38,0.616827,0.539724,0.003400,29263.669793,0.057000
2026-08-12,17:41:39,0.616827,0.539724,0.003400,29263.669793,0.057000
2026-08-12,17:41:40,0.513969,0.528801,0.003330,29263.673123,0.057000
2026-08-12,17:41:40,0.605550,0.541429,0.003410,29263.676533,0.057000
2026-08-12,17:41:41,0.313058,0.541429,0.003410,29263.676533,0.057000
2026-08-12,17:41:42,0.313058,0.541429,0.003410,29263.679943,0.057000
2026-08-12,17:41:42,0.531327,0.542331,0.003420,29263.683363,0.057000
2026-08-12,17:41:43,0.575684,0.541433,0.003420,29263.683363,0.057000
2026-08-12,17:41:44,0.493719,0.537693,0.003390,29263.686753,0.057000
2026-08-12,17:41:44,0.493719,0.537693,0.003390,29263.690123,0.057000
2026-08-12,17:41:45,0.576006,0.535788,0.003370,29263.690123,0.057000
2026-08-12,17:41:46,0.473148,0.531836,0.003350,29263.693473,0.057000
2026-08-12,17:41:46,0.390540,0.527049,0.003350,29263.696793,0.057000
2026-08-12,17:41:47,0.390540,0.525924,0.003320,29263.696793,0.057000
2026-08-12,17:41:48,0.482469,0.525924,0.003310,29263.700103,0.057000
2026-08-12,17:41:48,0.506576,0.514899,0.003310,29263.703343,0.057000
2026-08-12,17:41:49,0.472826,0.510785,0.003240,29263.703343,0.057000
2026-08-12,17:41:50,0.472826,0.508848,0.003200,29263.706583,0.057000
2026-08-12,17:41:50,0.586187,0.508848,0.003200,29263.709783,0.057000
2026-08-12,17:41:51,0.523346,0.508050,0.003200,29263.709783,0.057000
2026-08-12,17:41:52,0.597780,0.510260,0.003210,29263.712983,0.057000
2026-08-12,17:41:52,0.597780,0.510260,0.003210,29263.716193,0.057000
2026-08-12,17:41:53,0.370914,0.510260,0.003210,29263.716193,0.057000
2026-08-12,17:41:54,0.513995,0.512287,0.003230,29263.719403,0.057000
2026-08-12,17:41:54,0.577479,0.512435,0.003230,29263.722633,0.057000
2026-08-12,17:41:55,0.639029,0.529023,0.003230,29263.722633,0.057000
2026-08-12,17:41:56,0.639029,0.529023,0.003450,29263.725863,0.057000
2026-08-12,17:41:56,0.577156,0.547684,0.003450,29263.729313,0.057000
2026-08-12,17:41:57,0.474035,0.546841,0.003440,29263.729313,0.057000
2026-08-12,17:41:58,0.432787,0.539462,0.003400,29263.732753,0.057000
2026-08-12,17:41:58,0.432787,0.539462,0.003400,29263.736153,0.057000
2026-08-12,17:41:59,0.397992,0.531979,0.003350,29263.736153,0.057000
2026-08-12,17:42:00,0.628408,0.531979,0.003350,29263.739503,0.057000
2026-08-12,17:42:00,0.494982,0.531979,0.003350,29263.742853,0.057000
2026-08-12,17:42:01,0.494982,0.531979,0.003350,29263.742853,0.057000
2026-08-12,17:42:02,0.288739,0.531979,0.003350,29263.746203,0.057000
2026-08-12,17:42:02,0.556532,0.529013,0.003330,29263.749533,0.057000
2026-08-12,17:42:03,0.309041,0.529013,0.003330,29263.749533,0.057000
2026-08-12,17:42:04,0.309041,0.529013,0.003330,29263.752863,0.057000
2026-08-12,17:42:04,0.188522,0.529013,0.003330,29263.756193,0.057000
2026-08-12,17:42:05,0.515606,0.528239,0.003330,29263.756193,0.057000
2026-08-12,17:42:06,0.350612,0.528239,0.003330,29263.759523,0.057000
2026-08-12,17:42:06,0.082497,0.528239,0.003330,29263.762853,0.057000
2026-08-12,17:42:07,0.082497,0.528239,0.003330,29263.762853,0.057000
2026-08-12,17:42:08,0.123745,0.528239,0.003330,29263.766183,0.057000
2026-08-12,17:42:08,0.618405,0.530301,0.003340,29263.769523,0.057000
2026-08-12,17:42:09,0.577156,0.536618,0.003380,29263.769523,0.057000
2026-08-12,17:42:10,0.442132,0.523083,0.003380,29263.772903,0.057000
2026-08-12,17:42:10,0.442132,0.523083,0.003290,29263.776193,0.057000
2026-08-12,17:42:11,0.536230,0.512803,0.003230,29263.776193,0.057000
2026-08-12,17:42:12,0.123745,0.512803,0.003230,29263.779423,0.057000
2026-08-12,17:42:12,0.556532,0.510741,0.003220,29263.779423,0.057000
2026-08-12,17:42:13,0.556532,0.510741,0.003220,29263.782643,0.057000
2026-08-12,17:42:13,0.329988,0.510741,0.003220,29263.785863,0.057000
2026-08-12,17:42:14,0.577156,0.521053,0.003280,29263.785863,0.057000
2026-08-12,17:42:15,0.515606,0.529335,0.003330,29263.789143,0.057000
2026-08-12,17:42:15,0.515606,0.526627,0.003330,29263.792473,0.057000
2026-08-12,17:42:16,0.370914,0.526627,0.003320,29263.792473,0.057000
2026-08-12,17:42:17,0.576834,0.526627,0.003320,29263.795793,0.057000
2026-08-12,17:42:17,0.515606,0.526627,0.003320,29263.799113,0.057000
2026-08-12,17:42:18,0.515606,0.526627,0.003320,29263.799113,0.057000
2026-08-12,17:42:19,0.407329,0.526627,0.003320,29263.802433,0.057000
2026-08-12,17:42:19,0.329988,0.526627,0.003320,29263.805753,0.057000
2026-08-12,17:42:20,0.474357,0.518409,0.003270,29263.805753,0.057000
2026-08-12,17:42:21,0.309041,0.518409,0.003270,29263.809023,0.057000
2026-08-12,17:42:21,0.309041,0.518409,0.003270,29263.812293,0.057000
2026-08-12,17:42:22,0.453733,0.512222,0.003230,29263.812293,0.057000
2026-08-12,17:42:23,0.226867,0.512222,0.003230,29263.815523,0.057000
2026-08-12,17:42:23,0.590369,0.509419,0.003210,29263.818733,0.057000
2026-08-12,17:42:24,0.590369,0.509419,0.003210,29263.818733,0.057000
2026-08-12,17:42:25,0.391538,0.509419,0.003210,29263.821943,0.057000
2026-08-12,17:42:25,0.523984,0.504101,0.003170,29263.825113,0.057000
2026-08-12,17:42:26,0.288417,0.504101,0.003170,29263.825113,0.057000
2026-08-12,17:42:27,0.164672,0.504101,0.003170,29263.828283,0.057000
2026-08-12,17:42:27,0.164672,0.509386,0.003170,29263.831453,0.057000
2026-08-12,17:42:28,0.494982,0.509386,0.003170,29263.831453,0.057000
2026-08-12,17:42:29,0.206242,0.509386,0.003210,29263.834663,0.057000
2026-08-12,17:42:29,0.293257,0.509386,0.003210,29263.837873,0.057000
2026-08-12,17:42:30,0.607134,0.516477,0.003210,29263.837873,0.057000
2026-08-12,17:42:31,0.607134,0.516477,0.003250,29263.841123,0.057000
2026-08-12,17:42:31,0.397992,0.516477,0.003250,29263.844373,0.057000
2026-08-12,17:42:32,0.230416,0.516477,0.003250,29263.844373,0.057000
2026-08-12,17:42:33,0.308574,0.516477,0.003250,29263.847623,0.057000
2026-08-12,17:42:33,0.308574,0.516477,0.003250,29263.850873,0.057000
2026-08-12,17:42:34,0.329146,0.516477,0.003250,29263.850873,0.057000
2026-08-12,17:42:35,0.493398,0.510163,0.003210,29263.854083,0.057000
2026-08-12,17:42:35,0.291860,0.510163,0.003210,29263.857293,0.057000
2026-08-12,17:42:36,0.271273,0.510163,0.003210,29263.857293,0.057000
2026-08-12,17:42:37,0.271273,0.510163,0.003210,29263.860503,0.057000
2026-08-12,17:42:37,0.229815,0.510163,0.003210,29263.863713,0.057000
2026-08-12,17:42:38,0.605550,0.513003,0.003210,29263.863713,0.057000
2026-08-12,17:42:39,0.355169,0.513003,0.003230,29263.866923,0.057000
2026-08-12,17:42:39,0.355169,0.513003,0.003230,29263.870153,0.057000
2026-08-12,17:42:40,0.277802,0.513003,0.003230,29263.870153,0.058000
2026-08-12,17:42:41,0.525572,0.513999,0.003320,29263.873383,0.058000
2026-08-12,17:42:41,0.480523,0.524960,0.003320,29263.876703,0.058000
2026-08-12,17:42:42,0.480523,0.526490,0.003400,29263.876703,0.058000
2026-08-12,17:42:43,0.489660,0.526490,0.003410,29263.880103,0.058000
2026-08-12,17:42:43,0.526432,0.533760,0.003410,29263.883513,0.058000
2026-08-12,17:42:44,0.515606,0.526284,0.003400,29263.883513,0.058000
2026-08-12,17:42:45,0.350612,0.526284,0.003400,29263.886913,0.058000
2026-08-12,17:42:45,0.350612,0.526284,0.003400,29263.890313,0.058000
2026-08-12,17:42:46,0.453411,0.526284,0.003400,29263.890313,0.058000
2026-08-12,17:42:47,0.371236,0.526284,0.003400,29263.893713,0.058000
2026-08-12,17:42:47,0.318786,0.526284,0.003400,29263.897113,0.058000
2026-08-12,17:42:48,0.318786,0.526284,0.003400,29263.897113,0.058000
2026-08-12,17:42:49,0.314204,0.526284,0.003400,29263.900513,0.058000
2026-08-12,17:42:49,0.544620,0.528348,0.003400,29263.903913,0.058000
2026-08-12,17:42:50,0.553702,0.534220,0.003460,29263.903913,0.058000
2026-08-12,17:42:51,0.553702,0.531820,0.003440,29263.907373,0.058000
2026-08-12,17:42:51,0.583138,0.531820,0.003440,29263.910813,0.058000
2026-08-12,17:42:52,0.491218,0.531602,0.003440,29263.910813,0.058000
2026-08-12,17:42:53,0.454441,0.516491,0.003340,29263.914253,0.058000
2026-08-12,17:42:53,0.454441,0.519196,0.003340,29263.917593,0.058000
2026-08-12,17:42:54,0.552620,0.519196,0.003360,29263.917593,0.058000
2026-08-12,17:42:55,0.593235,0.530467,0.003430,29263.920953,0.058000
2026-08-12,17:42:55,0.249084,0.530467,0.003430,29263.924383,0.058000
2026-08-12,17:42:56,0.290652,0.530467,0.003430,29263.924383,0.058000
2026-08-12,17:42:57,0.290652,0.530467,0.003430,29263.927813,0.058000
2026-08-12,17:42:57,0.249409,0.530467,0.003430,29263.931243,0.058000
2026-08-12,17:42:58,0.602413,0.541743,0.003500,29263.931243,0.058000
2026-08-12,17:42:59,0.394572,0.541743,0.003500,29263.934743,0.058000
2026-08-12,17:42:59,0.394572,0.541743,0.003500,29263.938243,0.058000
2026-08-12,17:43:00,0.434841,0.541743,0.003500,29263.938243,0.058000
2026-08-12,17:43:01,0.249409,0.541743,0.003500,29263.941743,0.058000
2026-08-12,17:43:01,0.373788,0.541743,0.003500,29263.945243,0.058000
2026-08-12,17:43:02,0.166922,0.541743,0.003500,29263.945243,0.058000
2026-08-12,17:43:03,0.166922,0.541743,0.003500,29263.948743,0.058000
2026-08-12,17:43:03,0.289353,0.541743,0.003500,29263.952243,0.058000
2026-08-12,17:43:04,0.478033,0.536903,0.003470,29263.952243,0.058000
2026-08-12,17:43:05,0.207841,0.536903,0.003470,29263.955713,0.058000
2026-08-12,17:43:05,0.145164,0.536903,0.003470,29263.959183,0.058000
2026-08-12,17:43:06,0.145164,0.536903,0.003540,29263.959183,0.058000
2026-08-12,17:43:07,0.623197,0.547662,0.003540,29263.962723,0.058000
2026-08-12,17:43:07,0.457249,0.538925,0.003490,29263.966213,0.058000
2026-08-12,17:43:08,0.207841,0.538925,0.003490,29263.966213,0.058000
2026-08-12,17:43:09,0.207841,0.538925,0.003490,29263.969703,0.058000
2026-08-12,17:43:09,0.326699,0.538925,0.003490,29263.973193,0.058000
2026-08-12,17:43:10,0.540385,0.537593,0.003480,29263.973193,0.058000
2026-08-12,17:43:11,0.540385,0.533318,0.003480,29263.976673,0.058000
2026-08-12,17:43:11,0.270193,0.533318,0.003450,29263.980123,0.058000
2026-08-12,17:43:12,0.270193,0.536708,0.003450,29263.980123,0.058000
2026-08-12,17:43:13,0.525122,0.536708,0.003470,29263.983593,0.058000
2026-08-12,17:43:13,0.506382,0.541902,0.003510,29263.987103,0.058000
2026-08-12,17:43:14,0.316695,0.541902,0.003510,29263.987103,0.058000
2026-08-12,17:43:15,0.316695,0.532130,0.003510,29263.990613,0.058000
2026-08-12,17:43:15,0.454898,0.532130,0.003440,29263.994053,0.058000
2026-08-12,17:43:16,0.454898,0.518296,0.003440,29263.994053,0.058000
2026-08-12,17:43:17,0.380332,0.496088,0.003210,29263.997263,0.058000
2026-08-12,17:43:17,0.574600,0.496088,0.003210,29264.000473,0.058000
2026-08-12,17:43:18,0.574600,0.496088,0.003210,29264.000473,0.058000
2026-08-12,17:43:19,0.247169,0.496088,0.003210,29264.003683,0.058000
2026-08-12,17:43:19,0.203664,0.496088,0.003210,29264.006893,0.058000
2026-08-12,17:43:20,0.433109,0.491596,0.003210,29264.006893,0.057000
2026-08-12,17:43:21,0.288417,0.491596,0.003100,29264.009993,0.057000
2026-08-12,17:43:21,0.288417,0.491596,0.003100,29264.013093,0.057000
2026-08-12,17:43:22,0.223322,0.491596,0.003100,29264.013093,0.057000
2026-08-12,17:43:23,0.226867,0.491596,0.003100,29264.016193,0.057000
2026-08-12,17:43:23,0.288417,0.491596,0.003100,29264.019293,0.057000
2026-08-12,17:43:24,0.288417,0.491596,0.003100,29264.019293,0.057000
2026-08-12,17:43:25,0.276171,0.491596,0.003100,29264.022393,0.057000
2026-08-12,17:43:25,0.474357,0.476712,0.003000,29264.025393,0.057000
2026-08-12,17:43:26,0.226544,0.476712,0.003000,29264.025393,0.057000
2026-08-12,17:43:27,0.268115,0.476712,0.003000,29264.028393,0.057000
2026-08-12,17:43:27,0.268115,0.476712,0.003000,29264.031393,0.057000
2026-08-12,17:43:28,0.185618,0.476712,0.003000,29264.031393,0.057000
2026-08-12,17:43:29,0.618405,0.492827,0.003100,29264.034393,0.057000
2026-08-12,17:43:29,0.309363,0.492827,0.003100,29264.037493,0.057000
2026-08-12,17:43:30,0.556854,0.494474,0.003100,29264.037493,0.057000
2026-08-12,17:43:31,0.556854,0.494474,0.003110,29264.040593,0.057000
2026-08-12,17:43:31,0.205920,0.494474,0.003110,29264.043703,0.057000
2026-08-12,17:43:32,0.252969,0.494474,0.003110,29264.043703,0.057000
2026-08-12,17:43:33,0.226544,0.494474,0.003110,29264.046813,0.057000
2026-08-12,17:43:33,0.226544,0.494474,0.003110,29264.049923,0.057000
2026-08-12,17:43:34,0.302596,0.494474,0.003110,29264.049923,0.057000
2026-08-12,17:43:35,0.556854,0.496121,0.003120,29264.053033,0.057000
2026-08-12,17:43:35,0.280361,0.496121,0.003120,29264.056153,0.057000
2026-08-12,17:43:36,0.103121,0.496121,0.003120,29264.056153,0.057000
2026-08-12,17:43:37,0.103121,0.496121,0.003010,29264.059273,0.057000
2026-08-12,17:43:37,0.350612,0.478670,0.003010,29264.062283,0.057000
2026-08-12,17:43:38,0.598103,0.478670,0.003010,29264.062283,0.057000
2026-08-12,17:43:39,0.556532,0.478670,0.003010,29264.065293,0.057000
2026-08-12,17:43:39,0.556532,0.478670,0.003010,29264.068303,0.057000
2026-08-12,17:43:40,0.515606,0.478670,0.003010,29264.068303,0.057000
2026-08-12,17:43:41,0.556532,0.478670,0.003010,29264.071313,0.057000
2026-08-12,17:43:41,0.515606,0.478670,0.003010,29264.074323,0.057000
2026-08-12,17:43:42,0.515606,0.478670,0.003010,29264.074323,0.057000
2026-08-12,17:43:43,0.515606,0.478670,0.003010,29264.077333,0.057000
2026-08-12,17:43:43,0.577479,0.478670,0.003010,29264.080343,0.057000
2026-08-12,17:43:44,0.556854,0.478670,0.003010,29264.080343,0.057000
2026-08-12,17:43:45,0.432787,0.478670,0.003010,29264.083353,0.057000
2026-08-12,17:43:45,0.432787,0.478670,0.003010,29264.086363,0.057000
2026-08-12,17:43:46,0.530547,0.535565,0.003370,29264.086363,0.057000
2026-08-12,17:43:47,0.288417,0.535565,0.003370,29264.089733,0.057000
2026-08-12,17:43:47,0.267793,0.535565,0.003370,29264.093103,0.057000
2026-08-12,17:43:48,0.267793,0.528701,0.003370,29264.093103,0.057000
2026-08-12,17:43:49,0.529463,0.528701,0.003370,29264.096473,0.057000
2026-08-12,17:43:49,0.370914,0.510139,0.003210,29264.099683,0.057000
2026-08-12,17:43:50,0.515284,0.510139,0.003210,29264.099683,0.057000
2026-08-12,17:43:51,0.205920,0.510139,0.003210,29264.102893,0.057000
2026-08-12,17:43:51,0.205920,0.510139,0.003210,29264.106103,0.057000
2026-08-12,17:43:52,0.478547,0.506433,0.003190,29264.106103,0.057000
2026-08-12,17:43:53,0.412485,0.492029,0.003190,29264.109293,0.057000
2026-08-12,17:43:53,0.313272,0.471795,0.003100,29264.112393,0.057000
2026-08-12,17:43:54,0.313272,0.471795,0.002970,29264.112393,0.057000
2026-08-12,17:43:55,0.502399,0.471795,0.002970,29264.115363,0.057000
2026-08-12,17:43:55,0.481452,0.471795,0.002970,29264.118333,0.057000
2026-08-12,17:43:56,0.442448,0.471795,0.002970,29264.118333,0.057000
2026-08-12,17:43:57,0.228625,0.471795,0.002970,29264.121303,0.057000
2026-08-12,17:43:57,0.228625,0.471795,0.002970,29264.124273,0.057000
2026-08-12,17:43:58,0.124380,0.471795,0.002970,29264.124273,0.057000
2026-08-12,17:43:59,0.253698,0.471795,0.002970,29264.127243,0.057000
2026-08-12,17:43:59,0.332545,0.453489,0.002860,29264.130103,0.057000
2026-08-12,17:44:00,0.550907,0.453489,0.002860,29264.130103,0.057000
2026-08-12,17:44:01,0.550907,0.453489,0.002860,29264.132963,0.057000
2026-08-12,17:44:01,0.540385,0.453489,0.002860,29264.135823,0.057000
2026-08-12,17:44:02,0.374113,0.433153,0.002730,29264.135823,0.057000
2026-08-12,17:44:03,0.186732,0.433153,0.002730,29264.138553,0.057000
2026-08-12,17:44:03,0.186732,0.433153,0.002730,29264.141283,0.057000
2026-08-12,17:44:04,0.581953,0.433153,0.002730,29264.141283,0.057000
2026-08-12,17:44:05,0.623522,0.433153,0.002730,29264.144013,0.057000
2026-08-12,17:44:05,0.498817,0.433153,0.002730,29264.146743,0.057000
2026-08-12,17:44:06,0.498817,0.433153,0.002730,29264.146743,0.057000
2026-08-12,17:44:07,0.581953,0.433153,0.002730,29264.149473,0.057000
2026-08-12,17:44:07,0.302343,0.433153,0.002730,29264.152203,0.057000
2026-08-12,17:44:08,0.477708,0.425238,0.002730,29264.152203,0.057000
2026-08-12,17:44:09,0.477708,0.427652,0.002680,29264.154883,0.057000
2026-08-12,17:44:09,0.456924,0.427652,0.002690,29264.157573,0.057000
2026-08-12,17:44:10,0.560845,0.430682,0.002690,29264.157573,0.057000
2026-08-12,17:44:11,0.554350,0.433170,0.002730,29264.160303,0.057000
2026-08-12,17:44:11,0.398178,0.435897,0.002740,29264.163043,0.057000
2026-08-12,17:44:12,0.398178,0.435897,0.002740,29264.163043,0.057000
2026-08-12,17:44:13,0.433109,0.431353,0.002720,29264.165763,0.057000
2026-08-12,17:44:13,0.639944,0.431353,0.002720,29264.168483,0.057000
2026-08-12,17:44:14,0.604422,0.431353,0.002720,29264.168483,0.057000
2026-08-12,17:44:15,0.604422,0.431353,0.002720,29264.171203,0.057000
2026-08-12,17:44:15,0.601183,0.431353,0.002720,29264.173923,0.057000
2026-08-12,17:44:16,0.414609,0.431565,0.002720,29264.173923,0.057000
2026-08-12,17:44:17,0.174053,0.431565,0.002720,29264.176643,0.057000
2026-08-12,17:44:17,0.126012,0.431565,0.002720,29264.179433,0.058000
2026-08-12,17:44:18,0.126012,0.431565,0.002790,29264.179433,0.058000
2026-08-12,17:44:19,0.294027,0.431565,0.002790,29264.182223,0.058000
2026-08-12,17:44:19,0.167687,0.431565,0.002790,29264.185013,0.058000
2026-08-12,17:44:20,0.516929,0.451931,0.002790,29264.185013,0.058000
2026-08-12,17:44:21,0.516929,0.451931,0.002920,29264.187803,0.058000
2026-08-12,17:44:21,0.168971,0.451931,0.002920,29264.190723,0.058000
2026-08-12,17:44:22,0.630058,0.451931,0.002920,29264.190723,0.058000
2026-08-12,17:44:23,0.523391,0.451931,0.002850,29264.193643,0.057000
2026-08-12,17:44:23,0.124063,0.451931,0.002850,29264.196493,0.057000
2026-08-12,17:44:24,0.124063,0.453296,0.002850,29264.196493,0.057000
2026-08-12,17:44:25,0.346196,0.453296,0.002850,29264.199343,0.057000
2026-08-12,17:44:25,0.244056,0.440290,0.002850,29264.202193,0.057000
2026-08-12,17:44:26,0.325514,0.440290,0.002770,29264.202193,0.057000
2026-08-12,17:44:27,0.227449,0.440290,0.002770,29264.204963,0.057000
2026-08-12,17:44:27,0.227449,0.440290,0.002770,29264.207733,0.057000
2026-08-12,17:44:28,0.185771,0.440290,0.002770,29264.207733,0.057000
2026-08-12,17:44:29,0.165094,0.440290,0.002770,29264.210503,0.057000
2026-08-12,17:44:29,0.537606,0.446280,0.002770,29264.210503,0.057000
2026-08-12,17:44:30,0.537606,0.446280,0.002810,29264.213273,0.057000
2026-08-12,17:44:31,0.309834,0.446280,0.002810,29264.216083,0.057000
2026-08-12,17:44:31,0.475575,0.448145,0.002820,29264.216083,0.057000
2026-08-12,17:44:32,0.570238,0.449085,0.002900,29264.218903,0.058000
2026-08-12,17:44:33,0.570238,0.441207,0.002900,29264.221803,0.058000
2026-08-12,17:44:33,0.475575,0.441207,0.002850,29264.221803,0.058000
2026-08-12,17:44:34,0.495929,0.450982,0.002920,29264.224653,0.058000
2026-08-12,17:44:35,0.351512,0.442823,0.002920,29264.227573,0.058000
2026-08-12,17:44:35,0.351512,0.442823,0.002860,29264.227573,0.058000
2026-08-12,17:44:36,0.535345,0.442823,0.002860,29264.230433,0.058000
2026-08-12,17:44:37,0.619992,0.442823,0.002860,29264.233293,0.058000
2026-08-12,17:44:37,0.488748,0.442823,0.002860,29264.233293,0.058000
2026-08-12,17:44:38,0.535522,0.442823,0.002860,29264.236153,0.058000
2026-08-12,17:44:39,0.535522,0.442823,0.002860,29264.239013,0.058000
2026-08-12,17:44:39,0.529477,0.442823,0.002860,29264.239013,0.058000
2026-08-12,17:44:40,0.386607,0.442823,0.002860,29264.241873,0.058000
2026-08-12,17:44:41,0.520624,0.453424,0.002860,29264.244733,0.058000
2026-08-12,17:44:41,0.520624,0.453424,0.002930,29264.244733,0.058000
2026-08-12,17:44:42,0.569409,0.458672,0.002970,29264.247663,0.058000
2026-08-12,17:44:43,0.581393,0.482192,0.002970,29264.250633,0.058000
2026-08-12,17:44:43,0.564092,0.514195,0.003330,29264.250633,0.058000
2026-08-12,17:44:44,0.564092,0.510544,0.003330,29264.253963,0.058000
2026-08-12,17:44:45,0.501089,0.510544,0.003300,29264.257263,0.058000
2026-08-12,17:44:45,0.354843,0.498470,0.003220,29264.257263,0.058000
2026-08-12,17:44:46,0.501415,0.498470,0.003220,29264.260483,0.058000
2026-08-12,17:44:47,0.501415,0.498470,0.003220,29264.263703,0.058000
2026-08-12,17:44:47,0.459631,0.498470,0.003220,29264.263703,0.058000
2026-08-12,17:44:48,0.229815,0.498470,0.003220,29264.266923,0.058000
2026-08-12,17:44:49,0.299558,0.498470,0.003220,29264.270143,0.058000
2026-08-12,17:44:49,0.164994,0.498470,0.003220,29264.270143,0.057000
2026-08-12,17:44:50,0.164994,0.486139,0.003220,29264.273363,0.057000
2026-08-12,17:44:51,0.446928,0.486139,0.003060,29264.276423,0.057000
2026-08-12,17:44:51,0.325696,0.471152,0.002970,29264.276423,0.057000
2026-08-12,17:44:52,0.469563,0.471152,0.002970,29264.279393,0.057000
2026-08-12,17:44:53,0.469563,0.471152,0.002970,29264.282363,0.057000
2026-08-12,17:44:53,0.224255,0.471152,0.002970,29264.282363,0.057000
2026-08-12,17:44:54,0.446595,0.466218,0.002970,29264.285333,0.057000
2026-08-12,17:44:55,0.560845,0.487151,0.003070,29264.288403,0.057000
2026-08-12,17:44:55,0.560845,0.491173,0.003090,29264.288403,0.057000
2026-08-12,17:44:56,0.560845,0.491173,0.003090,29264.291493,0.057000
2026-08-12,17:44:57,0.525771,0.486810,0.003070,29264.294563,0.057000
2026-08-12,17:44:57,0.581629,0.486833,0.003070,29264.294563,0.057000
2026-08-12,17:44:58,0.332220,0.486833,0.003070,29264.297633,0.058000
2026-08-12,17:44:59,0.332220,0.486833,0.003150,29264.300783,0.058000
2026-08-12,17:44:59,0.290977,0.486833,0.003150,29264.300783,0.058000
2026-08-12,17:45:00,0.470431,0.477467,0.003150,29264.303933,0.058000
2026-08-12,17:45:01,0.520950,0.479453,0.003100,29264.307033,0.058000
2026-08-12,17:45:01,0.520950,0.491896,0.003180,29264.307033,0.058000
2026-08-12,17:45:02,0.479274,0.491896,0.003180,29264.310213,0.058000
2026-08-12,17:45:03,0.526517,0.499855,0.003230,29264.313443,0.058000
2026-08-12,17:45:03,0.313877,0.499855,0.003230,29264.313443,0.058000
2026-08-12,17:45:04,0.185145,0.499855,0.003230,29264.316673,0.058000
2026-08-12,17:45:05,0.185145,0.499855,0.003230,29264.319903,0.058000
2026-08-12,17:45:05,0.451290,0.512415,0.003310,29264.319903,0.058000
2026-08-12,17:45:06,0.225967,0.512415,0.003310,29264.323213,0.058000
2026-08-12,17:45:07,0.643647,0.532120,0.003440,29264.326653,0.058000
2026-08-12,17:45:07,0.643647,0.532120,0.003440,29264.326653,0.058000
2026-08-12,17:45:08,0.190017,0.532120,0.003440,29264.330093,0.058000
2026-08-12,17:45:09,0.269681,0.532120,0.003440,29264.333533,0.058000
2026-08-12,17:45:09,0.370289,0.532120,0.003440,29264.333533,0.058000
2026-08-12,17:45:10,0.588220,0.534857,0.003440,29264.336973,0.058000
2026-08-12,17:45:11,0.588220,0.534857,0.003460,29264.340433,0.058000
2026-08-12,17:45:11,0.246860,0.534857,0.003460,29264.340433,0.058000
2026-08-12,17:45:12,0.267431,0.534857,0.003460,29264.343893,0.058000
2026-08-12,17:45:13,0.588054,0.537578,0.003480,29264.347373,0.058000
2026-08-12,17:45:13,0.588054,0.538640,0.003480,29264.347373,0.058000
2026-08-12,17:45:14,0.536389,0.538640,0.003480,29264.350853,0.058000
2026-08-12,17:45:15,0.410067,0.521484,0.003370,29264.354223,0.058000
2026-08-12,17:45:15,0.492465,0.523687,0.003370,29264.354223,0.058000
2026-08-12,17:45:16,0.492465,0.533118,0.003390,29264.357613,0.058000
2026-08-12,17:45:17,0.615260,0.533118,0.003450,29264.361063,0.058000
2026-08-12,17:45:17,0.594741,0.544665,0.003450,29264.361063,0.058000
2026-08-12,17:45:18,0.369348,0.544665,0.003520,29264.364583,0.058000
2026-08-12,17:45:19,0.541788,0.546192,0.003530,29264.368113,0.058000
2026-08-12,17:45:19,0.541788,0.546192,0.003530,29264.368113,0.058000
2026-08-12,17:45:20,0.574542,0.558517,0.003610,29264.371723,0.058000
2026-08-12,17:45:21,0.492465,0.543399,0.003520,29264.375243,0.058000
2026-08-12,17:45:21,0.349150,0.519492,0.003520,29264.375243,0.058000
2026-08-12,17:45:22,0.349150,0.519492,0.003360,29264.378603,0.058000
2026-08-12,17:45:23,0.410067,0.501693,0.003250,29264.381853,0.058000
2026-08-12,17:45:23,0.562300,0.501693,0.003250,29264.381853,0.058000
2026-08-12,17:45:24,0.512984,0.501693,0.003250,29264.385103,0.058000
2026-08-12,17:45:25,0.512984,0.501693,0.003250,29264.388353,0.058000
2026-08-12,17:45:25,0.410067,0.501693,0.003250,29264.388353,0.058000
2026-08-12,17:45:26,0.492144,0.501693,0.003250,29264.391603,0.058000
2026-08-12,17:45:27,0.478948,0.501693,0.003250,29264.394853,0.058000
2026-08-12,17:45:27,0.478948,0.512652,0.003250,29264.394853,0.057000
2026-08-12,17:45:28,0.645978,0.512652,0.003230,29264.398103,0.057000
2026-08-12,17:45:29,0.624815,0.534127,0.003230,29264.401333,0.057000
2026-08-12,17:45:29,0.541788,0.539059,0.003360,29264.401333,0.057000
2026-08-12,17:45:30,0.541788,0.533796,0.003360,29264.404693,0.057000
2026-08-12,17:45:31,0.562626,0.533796,0.003360,29264.408053,0.057000
2026-08-12,17:45:31,0.353920,0.533796,0.003360,29264.408053,0.057000
2026-08-12,17:45:32,0.593555,0.533677,0.003360,29264.411413,0.057000
2026-08-12,17:45:33,0.470751,0.526573,0.003360,29264.414773,0.057000
2026-08-12,17:45:33,0.470751,0.526573,0.003320,29264.414773,0.057000
2026-08-12,17:45:34,0.409028,0.510022,0.003210,29264.418093,0.057000
2026-08-12,17:45:35,0.429496,0.503725,0.003210,29264.421303,0.057000
2026-08-12,17:45:35,0.429816,0.511792,0.003170,29264.421303,0.057000
2026-08-12,17:45:36,0.429816,0.511792,0.003190,29264.424473,0.057000
2026-08-12,17:45:37,0.352423,0.506028,0.003190,29264.427663,0.057000
2026-08-12,17:45:37,0.517762,0.506028,0.003190,29264.427663,0.057000
2026-08-12,17:45:38,0.605550,0.506028,0.003190,29264.430853,0.057000
2026-08-12,17:45:38,0.605550,0.506028,0.003190,29264.434043,0.057000
2026-08-12,17:45:39,0.205194,0.506028,0.003190,29264.434043,0.058000
2026-08-12,17:45:40,0.547489,0.496179,0.003210,29264.437233,0.058000
2026-08-12,17:45:40,0.336588,0.496179,0.003210,29264.440443,0.058000
2026-08-12,17:45:41,0.552300,0.488927,0.003160,29264.440443,0.058000
2026-08-12,17:45:42,0.552300,0.488927,0.003160,29264.443603,0.058000
2026-08-12,17:45:42,0.502727,0.485021,0.003140,29264.446743,0.058000
2026-08-12,17:45:43,0.565567,0.485315,0.003140,29264.446743,0.058000
2026-08-12,17:45:44,0.356098,0.485315,0.003140,29264.449883,0.058000
2026-08-12,17:45:44,0.356098,0.485315,0.003140,29264.453023,0.058000
2026-08-12,17:45:45,0.251036,0.485315,0.003140,29264.453023,0.058000
2026-08-12,17:45:46,0.215910,0.485315,0.003140,29264.456163,0.058000
2026-08-12,17:45:46,0.329665,0.485315,0.003140,29264.459303,0.058000
2026-08-12,17:45:47,0.226867,0.485315,0.003140,29264.459303,0.058000
2026-08-12,17:45:48,0.226867,0.485315,0.003140,29264.462443,0.058000
2026-08-12,17:45:48,0.288417,0.485315,0.003140,29264.465583,0.058000
2026-08-12,17:45:49,0.558788,0.481839,0.003120,29264.465583,0.058000
2026-08-12,17:45:50,0.474357,0.482199,0.003120,29264.468703,0.058000
2026-08-12,17:45:50,0.412485,0.482545,0.003120,29264.471823,0.058000
2026-08-12,17:45:51,0.412485,0.482545,0.003100,29264.471823,0.058000
2026-08-12,17:45:52,0.391538,0.478749,0.003100,29264.474923,0.058000
2026-08-12,17:45:52,0.247491,0.478749,0.003100,29264.478023,0.058000
2026-08-12,17:45:53,0.433109,0.479078,0.003100,29264.478023,0.058000
2026-08-12,17:45:54,0.433109,0.479078,0.003100,29264.481123,0.058000
2026-08-12,17:45:54,0.249424,0.479078,0.003100,29264.484223,0.058000
2026-08-12,17:45:55,0.525048,0.496341,0.003210,29264.484223,0.058000
2026-08-12,17:45:56,0.462043,0.487796,0.003210,29264.487433,0.058000
2026-08-12,17:45:56,0.608728,0.487796,0.003160,29264.490593,0.058000
2026-08-12,17:45:57,0.608728,0.487796,0.003160,29264.490593,0.058000
2026-08-12,17:45:58,0.536230,0.487796,0.003160,29264.493753,0.058000
2026-08-12,17:45:58,0.597780,0.487796,0.003160,29264.496913,0.058000
2026-08-12,17:45:59,0.536230,0.487796,0.003160,29264.496913,0.058000
2026-08-12,17:46:00,0.536230,0.487796,0.003160,29264.500073,0.058000
2026-08-12,17:46:00,0.577156,0.487796,0.003160,29264.503233,0.058000
2026-08-12,17:46:01,0.577479,0.487796,0.003160,29264.503233,0.058000
2026-08-12,17:46:02,0.329988,0.487796,0.003160,29264.506393,0.058000
2026-08-12,17:46:02,0.329988,0.477907,0.003090,29264.509483,0.058000
2026-08-12,17:46:03,0.453411,0.477907,0.003090,29264.509483,0.058000
2026-08-12,17:46:04,0.377045,0.465339,0.003010,29264.512493,0.058000
2026-08-12,17:46:04,0.294894,0.438272,0.002830,29264.515323,0.058000
2026-08-12,17:46:05,0.294894,0.438272,0.002830,29264.515323,0.058000
2026-08-12,17:46:06,0.184207,0.438272,0.002830,29264.518153,0.058000
2026-08-12,17:46:06,0.520950,0.434488,0.002810,29264.520963,0.058000
2026-08-12,17:46:07,0.353920,0.434488,0.002810,29264.520963,0.058000
2026-08-12,17:46:08,0.639141,0.434488,0.002810,29264.523773,0.057000
2026-08-12,17:46:08,0.639141,0.434488,0.002810,29264.526513,0.057000
2026-08-12,17:46:09,0.270568,0.434488,0.002740,29264.526513,0.057000
2026-08-12,17:46:10,0.208054,0.434488,0.002740,29264.529253,0.057000
2026-08-12,17:46:10,0.303626,0.434488,0.002740,29264.531993,0.057000
2026-08-12,17:46:11,0.270894,0.434488,0.002740,29264.531993,0.057000
2026-08-12,17:46:12,0.270894,0.434488,0.002740,29264.534733,0.057000
2026-08-12,17:46:12,0.333408,0.434488,0.002740,29264.537473,0.057000
2026-08-12,17:46:13,0.291406,0.434488,0.002740,29264.537473,0.057000
2026-08-12,17:46:14,0.296036,0.434488,0.002740,29264.540213,0.057000
2026-08-12,17:46:14,0.296036,0.439147,0.002740,29264.542953,0.057000
2026-08-12,17:46:15,0.520950,0.439147,0.002770,29264.542953,0.057000
2026-08-12,17:46:16,0.228892,0.439147,0.002770,29264.545723,0.057000
2026-08-12,17:46:16,0.208054,0.439147,0.002770,29264.548493,0.057000
2026-08-12,17:46:17,0.437598,0.441659,0.002770,29264.548493,0.057000
2026-08-12,17:46:18,0.437598,0.441659,0.002780,29264.551263,0.057000
2026-08-12,17:46:18,0.583138,0.441659,0.002780,29264.554043,0.057000
2026-08-12,17:46:19,0.371828,0.439688,0.002770,29264.554043,0.057000
2026-08-12,17:46:20,0.416434,0.438020,0.002760,29264.556813,0.057000
2026-08-12,17:46:20,0.395922,0.425107,0.002760,29264.559573,0.057000
2026-08-12,17:46:21,0.395922,0.425107,0.002680,29264.559573,0.057000
2026-08-12,17:46:22,0.270568,0.425107,0.002680,29264.562253,0.057000
2026-08-12,17:46:22,0.611465,0.425107,0.002680,29264.564933,0.057000
2026-08-12,17:46:23,0.120795,0.425107,0.002680,29264.564933,0.057000
2026-08-12,17:46:24,0.120795,0.425107,0.002680,29264.567613,0.057000
2026-08-12,17:46:24,0.575324,0.425107,0.002680,29264.570293,0.057000
2026-08-12,17:46:25,0.660955,0.425107,0.002680,29264.570293,0.057000
2026-08-12,17:46:26,0.228892,0.425107,0.002680,29264.572973,0.057000
2026-08-12,17:46:26,0.312244,0.410128,0.002680,29264.575653,0.057000
2026-08-12,17:46:27,0.312244,0.410128,0.002580,29264.575653,0.057000
2026-08-12,17:46:28,0.229218,0.387708,0.002580,29264.578233,0.057000
2026-08-12,17:46:28,0.187216,0.368726,0.002320,29264.578233,0.057000
2026-08-12,17:46:29,0.250056,0.368726,0.002320,29264.580553,0.057000
2026-08-12,17:46:30,0.250056,0.382963,0.002320,29264.582873,0.057000
2026-08-12,17:46:30,0.437272,0.382963,0.002410,29264.582873,0.057000
2026-08-12,17:46:31,0.178425,0.382963,0.002410,29264.585283,0.057000
2026-08-12,17:46:32,0.270568,0.357925,0.002410,29264.587693,0.057000
2026-08-12,17:46:32,0.336013,0.339432,0.002250,29264.587693,0.057000
2026-08-12,17:46:33,0.336013,0.339432,0.002140,29264.589943,0.057000
2026-08-12,17:46:34,0.603976,0.339432,0.002140,29264.592083,0.057000
2026-08-12,17:46:34,0.511685,0.339432,0.002140,29264.592083,0.057000
2026-08-12,17:46:35,0.532153,0.339432,0.002140,29264.594223,0.057000
2026-08-12,17:46:36,0.532153,0.339432,0.002140,29264.596363,0.057000
2026-08-12,17:46:36,0.187216,0.339432,0.002140,29264.596363,0.057000
2026-08-12,17:46:37,0.520624,0.339432,0.002140,29264.598503,0.057000
2026-08-12,17:46:38,0.492465,0.339432,0.002140,29264.600643,0.057000
2026-08-12,17:46:38,0.501415,0.339432,0.002140,29264.600643,0.057000
2026-08-12,17:46:39,0.501415,0.320742,0.002140,29264.602783,0.057000
2026-08-12,17:46:40,0.250708,0.320742,0.002020,29264.604803,0.057000
2026-08-12,17:46:40,0.584331,0.320742,0.002020,29264.604803,0.057000
2026-08-12,17:46:41,0.203645,0.320742,0.002020,29264.606823,0.057000
2026-08-12,17:46:42,0.273745,0.310934,0.002020,29264.608843,0.057000
2026-08-12,17:46:42,0.273745,0.310934,0.001960,29264.608843,0.057000
2026-08-12,17:46:43,0.206980,0.289989,0.001960,29264.610803,0.057000
2026-08-12,17:46:44,0.310633,0.289989,0.001820,29264.612623,0.057000
2026-08-12,17:46:44,0.342017,0.289989,0.001820,29264.612623,0.057000
2026-08-12,17:46:45,0.342017,0.271095,0.001820,29264.614443,0.057000
2026-08-12,17:46:46,0.206980,0.271095,0.001710,29264.616153,0.057000
2026-08-12,17:46:46,0.306746,0.271095,0.001710,29264.616153,0.057000
2026-08-12,17:46:47,0.559722,0.271095,0.001710,29264.617863,0.057000
2026-08-12,17:46:48,0.642320,0.271095,0.001710,29264.619573,0.057000
2026-08-12,17:46:48,0.642320,0.271095,0.001710,29264.619573,0.057000
2026-08-12,17:46:49,0.580128,0.271095,0.001710,29264.621283,0.057000
2026-08-12,17:46:50,0.538991,0.271095,0.001710,29264.622993,0.057000
2026-08-12,17:46:50,0.257430,0.265613,0.001670,29264.622993,0.057000
2026-08-12,17:46:51,0.257430,0.265613,0.001670,29264.624663,0.057000
2026-08-12,17:46:52,0.567052,0.265613,0.001670,29264.626333,0.057000
2026-08-12,17:46:52,0.578961,0.265613,0.001670,29264.626333,0.057000
2026-08-12,17:46:53,0.516929,0.265613,0.001670,29264.628003,0.057000
2026-08-12,17:46:54,0.516929,0.265613,0.001670,29264.629673,0.057000
2026-08-12,17:46:54,0.537283,0.265613,0.001670,29264.629673,0.057000
2026-08-12,17:46:55,0.550207,0.265613,0.001670,29264.631343,0.057000
2026-08-12,17:46:56,0.558284,0.265613,0.001670,29264.633013,0.057000
2026-08-12,17:46:56,0.558284,0.265613,0.001670,29264.633013,0.057000
2026-08-12,17:46:57,0.627105,0.265613,0.001670,29264.634683,0.057000
2026-08-12,17:46:58,0.678297,0.265613,0.001670,29264.636353,0.057000
2026-08-12,17:46:58,0.483373,0.265613,0.001670,29264.636353,0.057000
2026-08-12,17:46:59,0.537606,0.563510,0.001670,29264.638023,0.057000
2026-08-12,17:47:00,0.537606,0.563510,0.003550,29264.641573,0.057000
2026-08-12,17:47:00,0.599638,0.566768,0.003550,29264.641573,0.057000
2026-08-12,17:47:01,0.537606,0.562633,0.003540,29264.645113,0.057000
2026-08-12,17:47:02,0.413220,0.552262,0.003480,29264.648593,0.057000
2026-08-12,17:47:02,0.413220,0.552262,0.003480,29264.648593,0.057000
2026-08-12,17:47:03,0.516929,0.550226,0.003470,29264.652063,0.057000
2026-08-12,17:47:04,0.661346,0.561340,0.003540,29264.655603,0.057000
2026-08-12,17:47:04,0.530176,0.558530,0.003540,29264.655603,0.057000
2026-08-12,17:47:05,0.530176,0.541309,0.003520,29264.659123,0.057000
2026-08-12,17:47:06,0.454898,0.541309,0.003410,29264.662533,0.057000
2026-08-12,17:47:06,0.578961,0.531375,0.003410,29264.662533,0.057000
2026-08-12,17:47:07,0.678470,0.550885,0.003470,29264.665943,0.057000
2026-08-12,17:47:08,0.678470,0.563259,0.003550,29264.669413,0.057000
2026-08-12,17:47:08,0.661346,0.563259,0.003550,29264.669413,0.057000
2026-08-12,17:47:09,0.325514,0.563259,0.003550,29264.672963,0.057000
2026-08-12,17:47:10,0.552705,0.558566,0.003520,29264.676513,0.057000
2026-08-12,17:47:10,0.552705,0.558566,0.003520,29264.676513,0.057000
2026-08-12,17:47:11,0.311761,0.558566,0.003520,29264.680033,0.057000
2026-08-12,17:47:12,0.560845,0.560890,0.003530,29264.683553,0.057000
2026-08-12,17:47:12,0.498817,0.569449,0.003530,29264.683553,0.057000
2026-08-12,17:47:13,0.643981,0.582154,0.003670,29264.687083,0.057000
2026-08-12,17:47:14,0.643981,0.582154,0.003670,29264.690753,0.057000
2026-08-12,17:47:14,0.643981,0.580418,0.003660,29264.690753,0.057000
2026-08-12,17:47:15,0.602737,0.587674,0.003700,29264.694413,0.057000
2026-08-12,17:47:16,0.520576,0.594242,0.003700,29264.698113,0.057000
2026-08-12,17:47:16,0.520576,0.594242,0.003740,29264.698113,0.057000
2026-08-12,17:47:17,0.436140,0.579960,0.003650,29264.701853,0.057000
2026-08-12,17:47:18,0.517003,0.563813,0.003650,29264.705503,0.057000
2026-08-12,17:47:18,0.290977,0.563813,0.003550,29264.705503,0.057000
2026-08-12,17:47:19,0.290977,0.548599,0.003460,29264.709053,0.057000
2026-08-12,17:47:20,0.509209,0.548599,0.003460,29264.712513,0.057000
2026-08-12,17:47:20,0.540385,0.547367,0.003450,29264.712513,0.057000
2026-08-12,17:47:21,0.332220,0.547367,0.003450,29264.715963,0.057000
2026-08-12,17:47:22,0.332220,0.549446,0.003450,29264.719413,0.057000
2026-08-12,17:47:22,0.581629,0.549446,0.003460,29264.719413,0.057000
2026-08-12,17:47:23,0.498817,0.549446,0.003460,29264.722873,0.057000
2026-08-12,17:47:24,0.541684,0.539216,0.003460,29264.726333,0.057000
2026-08-12,17:47:24,0.541684,0.516386,0.003400,29264.726333,0.057000
2026-08-12,17:47:25,0.415681,0.516386,0.003100,29264.729733,0.057000
2026-08-12,17:47:26,0.353329,0.491445,0.003100,29264.732833,0.057000
2026-08-12,17:47:26,0.478033,0.491445,0.003100,29264.732833,0.057000
2026-08-12,17:47:27,0.342287,0.491445,0.003100,29264.735933,0.057000
2026-08-12,17:47:28,0.342287,0.491445,0.003100,29264.739033,0.057000
2026-08-12,17:47:28,0.566041,0.495992,0.003120,29264.739033,0.057000
2026-08-12,17:47:29,0.561169,0.508495,0.003200,29264.742153,0.057000
2026-08-12,17:47:30,0.456924,0.502487,0.003200,29264.745353,0.057000
2026-08-12,17:47:30,0.456924,0.502487,0.003160,29264.745353,0.057000
2026-08-12,17:47:31,0.244397,0.502487,0.003160,29264.748513,0.057000
2026-08-12,17:47:32,0.547489,0.506315,0.003190,29264.751703,0.057000
2026-08-12,17:47:32,0.267110,0.506315,0.003190,29264.751703,0.057000
2026-08-12,17:47:33,0.267110,0.506315,0.003190,29264.754893,0.057000
2026-08-12,17:47:34,0.123108,0.506315,0.003190,29264.758083,0.057000
2026-08-12,17:47:34,0.411433,0.493420,0.003110,29264.758083,0.057000
2026-08-12,17:47:35,0.493719,0.484629,0.003110,29264.761193,0.057000
2026-08-12,17:47:36,0.624863,0.497233,0.003050,29264.764243,0.057000
2026-08-12,17:47:36,0.624863,0.497233,0.003130,29264.764243,0.057000
2026-08-12,17:47:37,0.084229,0.497233,0.003130,29264.767373,0.057000
2026-08-12,17:47:38,0.619992,0.505064,0.003180,29264.770553,0.057000
2026-08-12,17:47:38,0.268480,0.505064,0.003180,29264.770553,0.057000
2026-08-12,17:47:39,0.289157,0.505064,0.003180,29264.773733,0.057000
2026-08-12,17:47:40,0.289157,0.505064,0.003180,29264.776913,0.057000
2026-08-12,17:47:40,0.496252,0.513121,0.003230,29264.776913,0.057000
2026-08-12,17:47:41,0.103386,0.513121,0.003230,29264.780143,0.057000
2026-08-12,17:47:42,0.263311,0.513121,0.003230,29264.783373,0.057000
2026-08-12,17:47:42,0.263311,0.513121,0.003230,29264.783373,0.057000
2026-08-12,17:47:43,0.247803,0.513121,0.003230,29264.786603,0.057000
2026-08-12,17:47:44,0.496252,0.527413,0.003320,29264.789923,0.057000
2026-08-12,17:47:44,0.496252,0.520435,0.003280,29264.789923,0.057000
2026-08-12,17:47:45,0.225833,0.520435,0.003280,29264.793203,0.057000
2026-08-12,17:47:46,0.225833,0.520435,0.003280,29264.796483,0.057000
2026-08-12,17:47:46,0.575084,0.521826,0.003280,29264.796483,0.057000
2026-08-12,17:47:47,0.268480,0.521826,0.003290,29264.799773,0.057000
2026-08-12,17:47:48,0.206449,0.521826,0.003290,29264.803063,0.057000
2026-08-12,17:47:48,0.206449,0.521826,0.003290,29264.803063,0.057000
2026-08-12,17:47:49,0.286345,0.521826,0.003290,29264.806353,0.057000
2026-08-12,17:47:50,0.249409,0.521826,0.003290,29264.809643,0.057000
2026-08-12,17:47:50,0.270193,0.521826,0.003290,29264.809643,0.057000
2026-08-12,17:47:51,0.290652,0.521826,0.003290,29264.812933,0.057000
2026-08-12,17:47:52,0.290652,0.523905,0.003300,29264.816233,0.057000
2026-08-12,17:47:52,0.477708,0.523905,0.003300,29264.816233,0.057000
2026-08-12,17:47:53,0.253356,0.523905,0.003300,29264.819533,0.057000
2026-08-12,17:47:54,0.454898,0.514645,0.003240,29264.822773,0.057000
2026-08-12,17:47:54,0.286480,0.514645,0.003240,29264.822773,0.057000
2026-08-12,17:47:55,0.286480,0.514645,0.003240,29264.826013,0.057000
2026-08-12,17:47:56,0.566724,0.530174,0.003340,29264.829353,0.057000
2026-08-12,17:47:56,0.288417,0.530174,0.003340,29264.829353,0.057000
2026-08-12,17:47:57,0.247169,0.530174,0.003340,29264.832693,0.057000
2026-08-12,17:47:58,0.247169,0.524113,0.003300,29264.835993,0.057000
2026-08-12,17:47:58,0.433109,0.524113,0.003300,29264.835993,0.057000
2026-08-12,17:47:59,0.414740,0.503101,0.003170,29264.839163,0.057000
2026-08-12,17:48:00,0.329988,0.474101,0.002990,29264.842153,0.057000
2026-08-12,17:48:00,0.331277,0.457603,0.002990,29264.842153,0.057000
2026-08-12,17:48:01,0.331277,0.457603,0.002880,29264.845033,0.057000
2026-08-12,17:48:02,0.589275,0.457603,0.002880,29264.847913,0.057000
2026-08-12,17:48:02,0.252687,0.457603,0.002880,29264.847913,0.057000
2026-08-12,17:48:03,0.186585,0.457603,0.002880,29264.850793,0.057000
2026-08-12,17:48:04,0.491437,0.457122,0.002880,29264.853673,0.057000
2026-08-12,17:48:04,0.491437,0.457122,0.002880,29264.853673,0.057000
2026-08-12,17:48:05,0.144047,0.457122,0.002880,29264.856553,0.057000
2026-08-12,17:48:06,0.226544,0.457122,0.002880,29264.859433,0.057000
2026-08-12,17:48:06,0.515606,0.459057,0.002880,29264.859433,0.057000
2026-08-12,17:48:07,0.515606,0.459057,0.002890,29264.862313,0.057000
2026-08-12,17:48:08,0.288417,0.459057,0.002890,29264.865203,0.057000
2026-08-12,17:48:08,0.123745,0.459057,0.002890,29264.865203,0.057000
2026-08-12,17:48:09,0.575867,0.459135,0.002890,29264.868093,0.057000
2026-08-12,17:48:10,0.433109,0.454675,0.002890,29264.870983,0.057000
2026-08-12,17:48:10,0.433109,0.454675,0.002860,29264.870983,0.057000
2026-08-12,17:48:11,0.329988,0.442184,0.002780,29264.873843,0.057000
2026-08-12,17:48:12,0.547489,0.442184,0.002780,29264.876623,0.057000
2026-08-12,17:48:12,0.585327,0.442184,0.002780,29264.876623,0.057000
2026-08-12,17:48:13,0.585327,0.442184,0.002780,29264.879403,0.057000
2026-08-12,17:48:14,0.559722,0.442184,0.002780,29264.882183,0.057000
2026-08-12,17:48:14,0.538991,0.442184,0.002780,29264.882183,0.057000
2026-08-12,17:48:15,0.518261,0.442184,0.002780,29264.884963,0.057000
2026-08-12,17:48:16,0.518261,0.442184,0.002780,29264.887743,0.057000
2026-08-12,17:48:16,0.476800,0.442184,0.002780,29264.887743,0.057000
2026-08-12,17:48:17,0.269496,0.442184,0.002780,29264.890523,0.057000
2026-08-12,17:48:18,0.529159,0.438428,0.002780,29264.893303,0.057000
2026-08-12,17:48:18,0.320893,0.438428,0.002760,29264.893303,0.057000
2026-08-12,17:48:19,0.320893,0.438428,0.002760,29264.896063,0.057000
2026-08-12,17:48:20,0.333950,0.438428,0.002760,29264.898823,0.057000
2026-08-12,17:48:20,0.576823,0.438428,0.002760,29264.898823,0.057000
2026-08-12,17:48:21,0.528053,0.438428,0.002760,29264.901583,0.057000
2026-08-12,17:48:22,0.528053,0.438428,0.002760,29264.904343,0.057000
2026-08-12,17:48:22,0.471625,0.438428,0.002760,29264.904343,0.057000
2026-08-12,17:48:23,0.250381,0.438428,0.002760,29264.907103,0.057000
2026-08-12,17:48:24,0.480196,0.443137,0.002760,29264.909863,0.057000
2026-08-12,17:48:24,0.104461,0.443137,0.002790,29264.909863,0.057000
2026-08-12,17:48:25,0.104461,0.443137,0.002790,29264.912653,0.057000
2026-08-12,17:48:26,0.525898,0.454252,0.002860,29264.915513,0.057000
2026-08-12,17:48:26,0.501415,0.471395,0.002970,29264.915513,0.057000
2026-08-12,17:48:27,0.464147,0.484682,0.002970,29264.918483,0.057000
2026-08-12,17:48:28,0.464147,0.484682,0.003050,29264.921533,0.057000
2026-08-12,17:48:28,0.123430,0.484682,0.003050,29264.921533,0.057000
2026-08-12,17:48:29,0.452254,0.480764,0.003050,29264.924583,0.057000
2026-08-12,17:48:30,0.246538,0.480764,0.003030,29264.927613,0.057000
2026-08-12,17:48:30,0.361932,0.465397,0.002930,29264.927613,0.057000
2026-08-12,17:48:31,0.361932,0.465397,0.002930,29264.930543,0.057000
2026-08-12,17:48:32,0.555434,0.465397,0.002930,29264.933473,0.057000
2026-08-12,17:48:32,0.225967,0.465397,0.002930,29264.933473,0.057000
2026-08-12,17:48:33,0.288003,0.465397,0.002930,29264.936403,0.057000
2026-08-12,17:48:34,0.288003,0.466926,0.002930,29264.939333,0.057000
2026-08-12,17:48:34,0.591164,0.466926,0.003030,29264.939333,0.057000
2026-08-12,17:48:35,0.581629,0.481778,0.003030,29264.942363,0.057000
2026-08-12,17:48:36,0.498168,0.498596,0.003140,29264.942363,0.057000
2026-08-12,17:48:36,0.142952,0.498596,0.003140,29264.945503,0.057000
2026-08-12,17:48:37,0.142952,0.495724,0.003140,29264.948643,0.057000
2026-08-12,17:48:38,0.500441,0.495724,0.003120,29264.948643,0.057000
2026-08-12,17:48:38,0.224822,0.495724,0.003120,29264.951763,0.057000
2026-08-12,17:48:39,0.299016,0.495724,0.003120,29264.954883,0.057000
2026-08-12,17:48:40,0.272310,0.495724,0.003120,29264.954883,0.057000
2026-08-12,17:48:40,0.272310,0.495724,0.003120,29264.958003,0.057000
2026-08-12,17:48:41,0.474357,0.495141,0.003120,29264.961123,0.057000
2026-08-12,17:48:42,0.164672,0.495141,0.003120,29264.961123,0.057000
2026-08-12,17:48:42,0.267793,0.495141,0.003120,29264.964243,0.057000
2026-08-12,17:48:43,0.267793,0.506454,0.003120,29264.967363,0.057000
2026-08-12,17:48:44,0.639029,0.506454,0.003190,29264.967363,0.057000
2026-08-12,17:48:44,0.599392,0.516251,0.003190,29264.970553,0.057000
2026-08-12,17:48:45,0.226544,0.516251,0.003250,29264.973803,0.057000
2026-08-12,17:48:46,0.371236,0.506960,0.003190,29264.973803,0.057000
2026-08-12,17:48:46,0.371236,0.506960,0.003190,29264.976993,0.057000
2026-08-12,17:48:47,0.247169,0.506960,0.003190,29264.980183,0.057000
2026-08-12,17:48:48,0.556532,0.517388,0.003260,29264.980183,0.057000
2026-08-12,17:48:48,0.462931,0.527488,0.003260,29264.983443,0.057000
2026-08-12,17:48:49,0.462931,0.520982,0.003320,29264.986763,0.057000
2026-08-12,17:48:50,0.526103,0.520982,0.003160,29264.986763,0.057000
2026-08-12,17:48:50,0.390861,0.501905,0.003160,29264.989923,0.057000
2026-08-12,17:48:51,0.272310,0.501905,0.003160,29264.993083,0.057000
2026-08-12,17:48:52,0.586514,0.510740,0.003220,29264.993083,0.057000
2026-08-12,17:48:52,0.586514,0.508874,0.003220,29264.996303,0.057000
2026-08-12,17:48:53,0.481780,0.508874,0.003210,29264.999513,0.057000
2026-08-12,17:48:54,0.350612,0.496499,0.003130,29264.999513,0.057000
2026-08-12,17:48:54,0.334824,0.466079,0.003130,29265.002643,0.057000
2026-08-12,17:48:55,0.346749,0.440814,0.002780,29265.005423,0.057000
2026-08-12,17:48:56,0.346749,0.440814,0.002780,29265.005423,0.057000
2026-08-12,17:48:56,0.315530,0.435244,0.002740,29265.008163,0.057000
2026-08-12,17:48:57,0.621519,0.435244,0.002740,29265.010903,0.057000
2026-08-12,17:48:58,0.126015,0.435244,0.002740,29265.010903,0.057000
2026-08-12,17:48:58,0.126015,0.435244,0.002740,29265.013643,0.057000
2026-08-12,17:48:59,0.575684,0.435244,0.002740,29265.016383,0.057000
2026-08-12,17:49:00,0.565240,0.435244,0.002740,29265.016383,0.057000
2026-08-12,17:49:00,0.460833,0.435244,0.002740,29265.019123,0.057000
2026-08-12,17:49:01,0.247491,0.435244,0.002740,29265.021863,0.057000
2026-08-12,17:49:02,0.247491,0.435244,0.002740,29265.021863,0.057000
2026-08-12,17:49:02,0.597780,0.435244,0.002740,29265.024603,0.057000
2026-08-12,17:49:03,0.309363,0.410527,0.002580,29265.027343,0.057000
2026-08-12,17:49:03,0.194641,0.410527,0.002580,29265.027343,0.057000
2026-08-12,17:49:04,0.194641,0.415150,0.002580,29265.029923,0.057000
2026-08-12,17:49:05,0.509161,0.415150,0.002610,29265.032503,0.057000
2026-08-12,17:49:05,0.329665,0.415150,0.002610,29265.032503,0.057000
2026-08-12,17:49:06,0.247169,0.415150,0.002610,29265.035113,0.057000
2026-08-12,17:49:07,0.504649,0.413004,0.002600,29265.037723,0.057000
2026-08-12,17:49:07,0.504649,0.413004,0.002600,29265.037723,0.057000
2026-08-12,17:49:08,0.317205,0.413004,0.002600,29265.040323,0.057000
2026-08-12,17:49:09,0.596256,0.413004,0.002600,29265.042923,0.057000
2026-08-12,17:49:09,0.164573,0.413004,0.002600,29265.042923,0.057000
2026-08-12,17:49:10,0.575684,0.413004,0.002600,29265.045523,0.057000
2026-08-12,17:49:11,0.575684,0.413004,0.002600,29265.048123,0.057000
2026-08-12,17:49:11,0.467040,0.413004,0.002600,29265.048123,0.057000
2026-08-12,17:49:12,0.313058,0.405224,0.002550,29265.050723,0.057000
2026-08-12,17:49:13,0.246538,0.371226,0.002550,29265.053273,0.057000
2026-08-12,17:49:13,0.246538,0.351849,0.002340,29265.053273,0.057000
2026-08-12,17:49:14,0.288003,0.351849,0.002210,29265.055613,0.057000
2026-08-12,17:49:15,0.493719,0.351849,0.002210,29265.057823,0.057000
2026-08-12,17:49:15,0.396627,0.351849,0.002210,29265.057823,0.057000
2026-08-12,17:49:16,0.564092,0.351849,0.002210,29265.060033,0.057000
2026-08-12,17:49:17,0.564092,0.351849,0.002210,29265.062243,0.057000
2026-08-12,17:49:17,0.501089,0.351849,0.002210,29265.062243,0.057000
2026-08-12,17:49:18,0.598672,0.351849,0.002210,29265.064453,0.057000
2026-08-12,17:49:19,0.232529,0.351849,0.002210,29265.066663,0.057000
2026-08-12,17:49:19,0.232529,0.351849,0.002210,29265.066663,0.057000
2026-08-12,17:49:20,0.206772,0.351849,0.002280,29265.068873,0.057000
2026-08-12,17:49:21,0.454898,0.362277,0.002280,29265.071153,0.057000
2026-08-12,17:49:21,0.578638,0.386659,0.002430,29265.071153,0.057000
2026-08-12,17:49:22,0.578961,0.409880,0.002580,29265.073583,0.057000
2026-08-12,17:49:23,0.578961,0.409880,0.002580,29265.076163,0.057000
2026-08-12,17:49:23,0.516929,0.430020,0.002710,29265.076163,0.057000
2026-08-12,17:49:24,0.723701,0.430020,0.002710,29265.078873,0.057000
2026-08-12,17:49:25,0.351189,0.434202,0.002710,29265.081583,0.057000
2026-08-12,17:49:25,0.351189,0.434202,0.002730,29265.081583,0.057000
2026-08-12,17:49:26,0.516606,0.434202,0.002730,29265.084313,0.057000
2026-08-12,17:49:27,0.704962,0.434202,0.002730,29265.087043,0.057000
2026-08-12,17:49:27,0.599638,0.434202,0.002730,29265.087043,0.057000
2026-08-12,17:49:28,0.599638,0.434202,0.002730,29265.089773,0.057000
2026-08-12,17:49:29,0.516929,0.434202,0.002730,29265.092503,0.057000
2026-08-12,17:49:29,0.469759,0.434202,0.002730,29265.092503,0.057000
2026-08-12,17:49:30,0.186095,0.434202,0.002730,29265.095233,0.057000
2026-08-12,17:49:31,0.276880,0.434202,0.002730,29265.097963,0.057000
2026-08-12,17:49:31,0.276880,0.434202,0.002730,29265.097963,0.057000
2026-08-12,17:49:32,0.558284,0.439115,0.002730,29265.100693,0.057000
2026-08-12,17:49:33,0.529477,0.441597,0.002780,29265.103473,0.057000
2026-08-12,17:49:33,0.546050,0.464897,0.002930,29265.103473,0.057000
2026-08-12,17:49:34,0.546050,0.464897,0.002930,29265.106403,0.057000
2026-08-12,17:49:35,0.247101,0.464897,0.002930,29265.109333,0.057000
2026-08-12,17:49:35,0.133413,0.464897,0.002930,29265.109333,0.057000
2026-08-12,17:49:36,0.469524,0.487195,0.002930,29265.112263,0.057000
2026-08-12,17:49:37,0.545722,0.512967,0.003070,29265.115333,0.057000
2026-08-12,17:49:37,0.545722,0.525823,0.003310,29265.115333,0.057000
2026-08-12,17:49:38,0.583460,0.525823,0.003310,29265.118643,0.057000
2026-08-12,17:49:39,0.144370,0.525823,0.003310,29265.121953,0.057000
2026-08-12,17:49:39,0.251036,0.525823,0.003310,29265.121953,0.057000
2026-08-12,17:49:40,0.355771,0.525823,0.003310,29265.125263,0.057000
2026-08-12,17:49:41,0.355771,0.525823,0.003310,29265.128573,0.057000
2026-08-12,17:49:41,0.180323,0.525823,0.003310,29265.128573,0.057000
2026-08-12,17:49:42,0.473148,0.515274,0.003310,29265.131883,0.057000
2026-08-12,17:49:43,0.354843,0.492862,0.003100,29265.134983,0.057000
2026-08-12,17:49:43,0.354843,0.468330,0.003100,29265.134983,0.057000
2026-08-12,17:49:44,0.271600,0.468330,0.002950,29265.137933,0.057000
2026-08-12,17:49:45,0.288003,0.462011,0.002910,29265.140843,0.057000
2026-08-12,17:49:45,0.576970,0.462011,0.002910,29265.140843,0.057000
2026-08-12,17:49:46,0.144001,0.462011,0.002910,29265.143753,0.057000
2026-08-12,17:49:47,0.144001,0.462011,0.002910,29265.146663,0.057000
2026-08-12,17:49:47,0.575684,0.463751,0.002910,29265.146663,0.057000
2026-08-12,17:49:48,0.596256,0.470429,0.002960,29265.149623,0.057000
2026-08-12,17:49:49,0.472826,0.463106,0.002920,29265.152543,0.057000
2026-08-12,17:49:49,0.472826,0.463106,0.002920,29265.152543,0.057000
2026-08-12,17:49:50,0.345218,0.450676,0.002840,29265.155383,0.057000
2026-08-12,17:49:51,0.555113,0.450676,0.002840,29265.158223,0.057000
2026-08-12,17:49:51,0.308574,0.450676,0.002840,29265.158223,0.057000
2026-08-12,17:49:52,0.308574,0.450676,0.002840,29265.161063,0.057000
2026-08-12,17:49:53,0.616827,0.450676,0.002840,29265.163903,0.057000
2026-08-12,17:49:53,0.534541,0.450676,0.002840,29265.163903,0.057000
2026-08-12,17:49:54,0.576006,0.450676,0.002840,29265.166743,0.057000
2026-08-12,17:49:55,0.576006,0.450676,0.002840,29265.169583,0.057000
2026-08-12,17:49:55,0.534862,0.450676,0.002840,29265.169583,0.057000
2026-08-12,17:49:56,0.586673,0.450676,0.002840,29265.172423,0.057000
2026-08-12,17:49:57,0.283680,0.450676,0.002840,29265.175263,0.057000
2026-08-12,17:49:57,0.311436,0.450676,0.002840,29265.175263,0.057000
2026-08-12,17:49:58,0.311436,0.450676,0.002840,29265.178103,0.057000
2026-08-12,17:49:59,0.540385,0.450142,0.002840,29265.180943,0.057000
2026-08-12,17:49:59,0.353004,0.450142,0.002830,29265.180943,0.057000
2026-08-12,17:50:00,0.310787,0.450142,0.002830,29265.183773,0.057000
2026-08-12,17:50:01,0.310787,0.450142,0.002830,29265.186603,0.057000
2026-08-12,17:50:01,0.634563,0.450142,0.002830,29265.186603,0.057000
2026-08-12,17:50:02,0.578381,0.450142,0.002830,29265.189433,0.057000
2026-08-12,17:50:03,0.373788,0.429175,0.002830,29265.192263,0.057000
2026-08-12,17:50:03,0.180237,0.429175,0.002700,29265.192263,0.057000
2026-08-12,17:50:04,0.180237,0.429175,0.002700,29265.194963,0.057000
2026-08-12,17:50:05,0.561169,0.429175,0.002700,29265.197663,0.057000
2026-08-12,17:50:05,0.436465,0.429175,0.002700,29265.197663,0.057000
2026-08-12,17:50:06,0.332220,0.429175,0.002700,29265.200363,0.057000
2026-08-12,17:50:07,0.332220,0.429664,0.002700,29265.203063,0.057000
2026-08-12,17:50:07,0.478033,0.429664,0.002710,29265.203063,0.057000
2026-08-12,17:50:08,0.519601,0.446139,0.002810,29265.205773,0.057000
2026-08-12,17:50:09,0.394572,0.458437,0.002810,29265.208583,0.057000
2026-08-12,17:50:09,0.394572,0.458437,0.002890,29265.208583,0.057000
2026-08-12,17:50:10,0.519601,0.458437,0.002890,29265.211473,0.057000
2026-08-12,17:50:11,0.388881,0.458437,0.002890,29265.214363,0.057000
2026-08-12,17:50:11,0.573088,0.486945,0.003070,29265.214363,0.057000
2026-08-12,17:50:12,0.593235,0.488700,0.003070,29265.217433,0.057000
2026-08-12,17:50:13,0.593235,0.488700,0.003080,29265.220513,0.057000
2026-08-12,17:50:13,0.122485,0.488700,0.003080,29265.220513,0.057000
2026-08-12,17:50:14,0.394897,0.468564,0.003080,29265.223593,0.057000
2026-08-12,17:50:15,0.228300,0.468564,0.002950,29265.226543,0.057000
2026-08-12,17:50:15,0.228300,0.471163,0.002970,29265.226543,0.057000
2026-08-12,17:50:16,0.498817,0.471163,0.002970,29265.229513,0.057000
2026-08-12,17:50:17,0.415356,0.478177,0.003010,29265.232523,0.057000
2026-08-12,17:50:17,0.249409,0.478177,0.003010,29265.232523,0.057000
2026-08-12,17:50:18,0.269868,0.478177,0.003010,29265.235533,0.057000
2026-08-12,17:50:19,0.269868,0.478177,0.003010,29265.238543,0.057000
2026-08-12,17:50:19,0.249409,0.478177,0.003010,29265.238543,0.057000
2026-08-12,17:50:20,0.249409,0.478177,0.003010,29265.241553,0.057000
2026-08-12,17:50:21,0.469563,0.471095,0.002970,29265.244523,0.057000
2026-08-12,17:50:21,0.469563,0.471095,0.002970,29265.244523,0.057000
2026-08-12,17:50:22,0.244670,0.471095,0.002970,29265.247493,0.057000
2026-08-12,17:50:23,0.265405,0.471095,0.002970,29265.250463,0.057000
2026-08-12,17:50:23,0.262215,0.471095,0.002970,29265.250463,0.057000
2026-08-12,17:50:24,0.314204,0.471095,0.002970,29265.253433,0.057000
2026-08-12,17:50:25,0.314204,0.471095,0.002970,29265.256403,0.057000
2026-08-12,17:50:25,0.266752,0.471095,0.002970,29265.256403,0.057000
2026-08-12,17:50:26,0.163834,0.471095,0.002970,29265.259373,0.057000
2026-08-12,17:50:27,0.307470,0.471095,0.002970,29265.262343,0.057000
2026-08-12,17:50:27,0.646410,0.471095,0.002970,29265.262343,0.057000
2026-08-12,17:50:28,0.646410,0.471095,0.002970,29265.265313,0.057000
2026-08-12,17:50:29,0.167576,0.471095,0.002970,29265.268283,0.057000
2026-08-12,17:50:29,0.523346,0.486051,0.002970,29265.268283,0.057000
2026-08-12,17:50:30,0.565567,0.494804,0.003060,29265.271343,0.057000
2026-08-12,17:50:31,0.565567,0.497935,0.003140,29265.274483,0.057000
2026-08-12,17:50:31,0.550907,0.497935,0.003140,29265.274483,0.057000
2026-08-12,17:50:32,0.568144,0.515292,0.003250,29265.277733,0.057000
2026-08-12,17:50:33,0.497531,0.507736,0.003200,29265.277733,0.057000
2026-08-12,17:50:33,0.497531,0.496093,0.003200,29265.280933,0.057000
2026-08-12,17:50:34,0.476800,0.496093,0.003120,29265.284053,0.057000
2026-08-12,17:50:35,0.559398,0.512543,0.003230,29265.284053,0.057000
2026-08-12,17:50:35,0.456070,0.508268,0.003230,29265.287283,0.057000
2026-08-12,17:50:36,0.637785,0.508268,0.003200,29265.290483,0.057000
2026-08-12,17:50:37,0.637785,0.508268,0.003200,29265.290483,0.057000
2026-08-12,17:50:37,0.518261,0.508268,0.003200,29265.293683,0.057000
2026-08-12,17:50:38,0.559722,0.508268,0.003200,29265.296883,0.057000
2026-08-12,17:50:39,0.393554,0.508268,0.003200,29265.296883,0.057000
2026-08-12,17:50:39,0.393554,0.508268,0.003200,29265.300083,0.057000
2026-08-12,17:50:40,0.207304,0.508268,0.003200,29265.303283,0.057000
2026-08-12,17:50:41,0.518261,0.518559,0.003200,29265.303283,0.057000
2026-08-12,17:50:41,0.393554,0.510958,0.003270,29265.306553,0.057000
2026-08-12,17:50:42,0.393554,0.487646,0.003070,29265.309623,0.057000
2026-08-12,17:50:43,0.290226,0.487646,0.003070,29265.309623,0.057000
2026-08-12,17:50:43,0.124059,0.487646,0.003070,29265.312693,0.057000
2026-08-12,17:50:44,0.207304,0.487646,0.003070,29265.315763,0.057000
2026-08-12,17:50:45,0.266904,0.487646,0.003070,29265.315763,0.057000
2026-08-12,17:50:45,0.266904,0.487646,0.003070,29265.318833,0.057000
2026-08-12,17:50:46,0.255891,0.487646,0.003070,29265.321903,0.057000
2026-08-12,17:50:47,0.206980,0.487646,0.003070,29265.321903,0.057000
2026-08-12,17:50:47,0.227711,0.487646,0.003070,29265.324973,0.057000
2026-08-12,17:50:48,0.237428,0.487646,0.003070,29265.328043,0.057000
2026-08-12,17:50:49,0.237428,0.487646,0.003070,29265.328043,0.057000
2026-08-12,17:50:49,0.082922,0.487646,0.003070,29265.331113,0.057000
2026-08-12,17:50:50,0.352417,0.466331,0.002940,29265.334183,0.057000
2026-08-12,17:50:51,0.230626,0.466331,0.002940,29265.334183,0.057000
2026-08-12,17:50:51,0.230626,0.466331,0.002940,29265.337123,0.057000
2026-08-12,17:50:52,0.310633,0.466331,0.002940,29265.340063,0.057000
2026-08-12,17:50:53,0.186574,0.466331,0.002940,29265.340063,0.057000
2026-08-12,17:50:53,0.538668,0.465107,0.002930,29265.343003,0.057000
2026-08-12,17:50:54,0.277594,0.465107,0.002930,29265.345933,0.057000
2026-08-12,17:50:55,0.277594,0.465107,0.002930,29265.345933,0.057000
2026-08-12,17:50:55,0.253624,0.465107,0.002930,29265.348863,0.057000
2026-08-12,17:50:56,0.559722,0.464265,0.002930,29265.351793,0.057000
2026-08-12,17:50:57,0.393554,0.453867,0.002920,29265.351793,0.057000
2026-08-12,17:50:57,0.393554,0.453867,0.002860,29265.354713,0.057000
2026-08-12,17:50:58,0.476800,0.453867,0.002860,29265.357573,0.057000
2026-08-12,17:50:59,0.538991,0.451826,0.002850,29265.357573,0.057000
2026-08-12,17:50:59,0.538668,0.460086,0.002900,29265.360423,0.057000
2026-08-12,17:51:00,0.538668,0.464200,0.002900,29265.363323,0.057000
2026-08-12,17:51:01,0.559398,0.464200,0.002920,29265.363323,0.057000
2026-08-12,17:51:01,0.568778,0.481722,0.003030,29265.366243,0.057000
2026-08-12,17:51:02,0.628722,0.515572,0.003030,29265.369273,0.057000
2026-08-12,17:51:03,0.583138,0.538644,0.003250,29265.369273,0.057000
2026-08-12,17:51:03,0.583138,0.538644,0.003400,29265.372523,0.057000
2026-08-12,17:51:04,0.549213,0.539698,0.003400,29265.375923,0.057000
2026-08-12,17:51:05,0.205194,0.539698,0.003400,29265.375923,0.057000
2026-08-12,17:51:05,0.369348,0.539698,0.003400,29265.379323,0.057000
2026-08-12,17:51:06,0.369348,0.539698,0.003400,29265.382723,0.057000
2026-08-12,17:51:07,0.145866,0.539698,0.003400,29265.382723,0.057000
2026-08-12,17:51:07,0.354246,0.539698,0.003400,29265.386123,0.057000
2026-08-12,17:51:08,0.124702,0.539698,0.003400,29265.389523,0.057000
2026-08-12,17:51:09,0.458436,0.529570,0.003340,29265.389523,0.057000
2026-08-12,17:51:09,0.458436,0.529570,0.003340,29265.392863,0.057000
2026-08-12,17:51:10,0.166378,0.529570,0.003340,29265.396203,0.057000
2026-08-12,17:51:11,0.083352,0.529570,0.003340,29265.396203,0.057000
2026-08-12,17:51:11,0.500112,0.540226,0.003340,29265.399543,0.057000
2026-08-12,17:51:12,0.500112,0.551308,0.003400,29265.402943,0.057000
2026-08-12,17:51:13,0.587623,0.551308,0.003470,29265.402943,0.057000
2026-08-12,17:51:13,0.563767,0.553786,0.003470,29265.406413,0.057000
2026-08-12,17:51:14,0.519601,0.551879,0.003480,29265.409893,0.057000
2026-08-12,17:51:15,0.662492,0.562188,0.003540,29265.409893,0.057000
2026-08-12,17:51:15,0.662492,0.562188,0.003540,29265.413433,0.057000
2026-08-12,17:51:16,0.436465,0.562188,0.003540,29265.416973,0.057000
2026-08-12,17:51:17,0.560845,0.562188,0.003540,29265.416973,0.057000
2026-08-12,17:51:17,0.394897,0.562188,0.003540,29265.420513,0.057000
2026-08-12,17:51:18,0.394897,0.562188,0.003540,29265.424053,0.057000
2026-08-12,17:51:19,0.519601,0.557271,0.003510,29265.424053,0.057000
2026-08-12,17:51:19,0.457249,0.540123,0.003510,29265.427563,0.057000
2026-08-12,17:51:20,0.540061,0.535816,0.003380,29265.430943,0.057000
2026-08-12,17:51:21,0.540061,0.543214,0.003420,29265.430943,0.057000
2026-08-12,17:51:21,0.623197,0.543214,0.003420,29265.434363,0.057000
2026-08-12,17:51:22,0.300719,0.543214,0.003420,29265.437783,0.057000
2026-08-12,17:51:23,0.498817,0.547252,0.003450,29265.437783,0.057000
2026-08-12,17:51:23,0.374113,0.534652,0.003450,29265.441233,0.057000
2026-08-12,17:51:24,0.374113,0.534652,0.003370,29265.444603,0.057000
2026-08-12,17:51:25,0.561819,0.534652,0.003370,29265.444603,0.057000
2026-08-12,17:51:25,0.228300,0.534652,0.003370,29265.447973,0.057000
2026-08-12,17:51:26,0.174716,0.534652,0.003370,29265.451343,0.057000
2026-08-12,17:51:27,0.174716,0.534652,0.003370,29265.451343,0.057000
2026-08-12,17:51:27,0.249409,0.534652,0.003370,29265.454713,0.057000
2026-08-12,17:51:28,0.498817,0.525772,0.003310,29265.458023,0.057000
2026-08-12,17:51:29,0.207841,0.525772,0.003310,29265.458023,0.057000
2026-08-12,17:51:29,0.547097,0.524104,0.003310,29265.461333,0.057000
2026-08-12,17:51:30,0.547097,0.524104,0.003300,29265.464633,0.057000
2026-08-12,17:51:31,0.523674,0.524512,0.003300,29265.464633,0.057000
2026-08-12,17:51:31,0.146301,0.524512,0.003300,29265.467933,0.057000
2026-08-12,17:51:32,0.167248,0.524512,0.003300,29265.471233,0.057000
2026-08-12,17:51:33,0.167248,0.524512,0.003300,29265.471233,0.057000
2026-08-12,17:51:33,0.287681,0.524512,0.003300,29265.474533,0.057000
2026-08-12,17:51:34,0.288003,0.524512,0.003300,29265.477833,0.057000
2026-08-12,17:51:35,0.267110,0.524512,0.003300,29265.477833,0.057000
2026-08-12,17:51:35,0.490183,0.507281,0.003200,29265.481133,0.057000
2026-08-12,17:51:36,0.490183,0.492318,0.003200,29265.484333,0.057000
2026-08-12,17:51:37,0.369968,0.492318,0.003100,29265.484333,0.057000
2026-08-12,17:51:37,0.473148,0.493907,0.003110,29265.487433,0.057000
2026-08-12,17:51:38,0.596256,0.499527,0.003110,29265.490543,0.057000
2026-08-12,17:51:39,0.250074,0.499527,0.003150,29265.490543,0.057000
2026-08-12,17:51:39,0.250074,0.499527,0.003150,29265.493693,0.057000
2026-08-12,17:51:40,0.369968,0.474204,0.003150,29265.496843,0.057000
2026-08-12,17:51:41,0.284146,0.452737,0.002850,29265.496843,0.057000
2026-08-12,17:51:41,0.411111,0.452737,0.002850,29265.499693,0.057000
2026-08-12,17:51:42,0.411111,0.452737,0.002850,29265.502543,0.057000
2026-08-12,17:51:43,0.473148,0.452737,0.002850,29265.502543,0.057000
2026-08-12,17:51:43,0.228217,0.452737,0.002850,29265.505393,0.057000
2026-08-12,17:51:44,0.184823,0.452737,0.002850,29265.508243,0.057000
2026-08-12,17:51:45,0.418504,0.457176,0.002850,29265.508243,0.057000
2026-08-12,17:51:45,0.418504,0.457176,0.002880,29265.511093,0.057000
2026-08-12,17:51:46,0.586187,0.457176,0.002880,29265.513973,0.057000
2026-08-12,17:51:47,0.523346,0.457176,0.002880,29265.513973,0.057000
2026-08-12,17:51:47,0.212088,0.457176,0.002880,29265.516853,0.057000
2026-08-12,17:51:48,0.212088,0.457176,0.002880,29265.519733,0.057000
2026-08-12,17:51:49,0.244817,0.457176,0.002880,29265.519733,0.057000
2026-08-12,17:51:49,0.226867,0.457176,0.002880,29265.522613,0.057000
2026-08-12,17:51:50,0.439886,0.451283,0.002880,29265.525493,0.057000
2026-08-12,17:51:51,0.544620,0.451035,0.002840,29265.525493,0.057000
2026-08-12,17:51:51,0.544620,0.451035,0.002840,29265.528333,0.057000
2026-08-12,17:51:52,0.288739,0.451035,0.002840,29265.531173,0.057000
2026-08-12,17:51:53,0.586187,0.457287,0.002880,29265.531173,0.057000
2026-08-12,17:51:53,0.225392,0.457287,0.002880,29265.534053,0.057000
2026-08-12,17:51:54,0.348509,0.443119,0.002880,29265.536933,0.057000
2026-08-12,17:51:55,0.348509,0.443119,0.002790,29265.536933,0.057000
2026-08-12,17:51:55,0.143636,0.443119,0.002790,29265.539723,0.057000
2026-08-12,17:51:56,0.286950,0.443119,0.002790,29265.542513,0.057000
2026-08-12,17:51:57,0.204873,0.443119,0.002790,29265.542513,0.057000
2026-08-12,17:51:57,0.204873,0.443119,0.002790,29265.545303,0.057000
2026-08-12,17:51:58,0.229815,0.443119,0.002790,29265.548093,0.057000
2026-08-12,17:51:59,0.522307,0.458353,0.002890,29265.548093,0.057000
2026-08-12,17:51:59,0.563766,0.467415,0.002890,29265.550983,0.057000
2026-08-12,17:52:00,0.125027,0.467415,0.002940,29265.553923,0.057000
2026-08-12,17:52:01,0.125027,0.467415,0.002940,29265.553923,0.057000
2026-08-12,17:52:01,0.188031,0.467415,0.002940,29265.556863,0.057000
2026-08-12,17:52:02,0.132209,0.467415,0.002940,29265.559803,0.057000
2026-08-12,17:52:03,0.555434,0.463333,0.002920,29265.559803,0.057000
2026-08-12,17:52:03,0.164252,0.463333,0.002920,29265.562723,0.057000
2026-08-12,17:52:04,0.164252,0.463333,0.002920,29265.565643,0.057000
2026-08-12,17:52:05,0.205716,0.463333,0.002920,29265.565643,0.057000
2026-08-12,17:52:05,0.541612,0.480497,0.002920,29265.568563,0.057000
2026-08-12,17:52:06,0.543200,0.506402,0.003190,29265.571753,0.057000
2026-08-12,17:52:07,0.543200,0.506402,0.003190,29265.571753,0.057000
2026-08-12,17:52:07,0.377041,0.506402,0.003190,29265.574943,0.057000
2026-08-12,17:52:08,0.552300,0.519782,0.003270,29265.578213,0.057000
2026-08-12,17:52:09,0.300615,0.519782,0.003270,29265.578213,0.057000
2026-08-12,17:52:09,0.355169,0.519782,0.003270,29265.581483,0.057000
2026-08-12,17:52:10,0.355169,0.519782,0.003270,29265.584753,0.057000
2026-08-12,17:52:11,0.083569,0.519782,0.003270,29265.584753,0.057000
2026-08-12,17:52:11,0.188031,0.519782,0.003270,29265.588023,0.057000
2026-08-12,17:52:12,0.605877,0.536381,0.003380,29265.591403,0.057000
2026-08-12,17:52:13,0.605877,0.538296,0.003380,29265.591403,0.057000
2026-08-12,17:52:13,0.563766,0.538296,0.003390,29265.594793,0.057000
2026-08-12,17:52:14,0.123108,0.538296,0.003390,29265.598183,0.057000
2026-08-12,17:52:15,0.267431,0.538296,0.003390,29265.598183,0.057000
2026-08-12,17:52:15,0.576006,0.537278,0.003390,29265.601573,0.057000
2026-08-12,17:52:16,0.576006,0.557176,0.003510,29265.605083,0.057000
2026-08-12,17:52:17,0.547489,0.557176,0.003510,29265.605083,0.057000
2026-08-12,17:52:17,0.210244,0.557176,0.003510,29265.608593,0.057000
2026-08-12,17:52:18,0.555434,0.560488,0.003530,29265.612123,0.057000
2026-08-12,17:52:19,0.167466,0.560488,0.003530,29265.612123,0.057000
2026-08-12,17:52:19,0.167466,0.560488,0.003530,29265.615653,0.057000
2026-08-12,17:52:20,0.164573,0.560488,0.003530,29265.619183,0.057000
2026-08-12,17:52:21,0.501112,0.554223,0.003530,29265.619183,0.057000
2026-08-12,17:52:21,0.226288,0.554223,0.003490,29265.622673,0.057000
2026-08-12,17:52:22,0.226288,0.542145,0.003410,29265.626083,0.057000
2026-08-12,17:52:22,0.434649,0.542145,0.003410,29265.626083,0.057000
2026-08-12,17:52:23,0.266752,0.542145,0.003410,29265.629493,0.057000
2026-08-12,17:52:24,0.525809,0.540564,0.003400,29265.632893,0.057000
2026-08-12,17:52:24,0.612116,0.547456,0.003400,29265.632893,0.057000
2026-08-12,17:52:25,0.612116,0.547456,0.003450,29265.636343,0.057000
2026-08-12,17:52:26,0.249730,0.547456,0.003450,29265.639793,0.057000
2026-08-12,17:52:26,0.353920,0.547456,0.003450,29265.639793,0.057000
2026-08-12,17:52:27,0.145866,0.547456,0.003450,29265.643243,0.057000
2026-08-12,17:52:28,0.145866,0.547456,0.003450,29265.646693,0.057000
2026-08-12,17:52:28,0.270568,0.547456,0.003450,29265.646693,0.057000
2026-08-12,17:52:29,0.348509,0.547456,0.003450,29265.650143,0.057000
2026-08-12,17:52:30,0.512663,0.543492,0.003450,29265.653593,0.057000
2026-08-12,17:52:30,0.366142,0.519519,0.003420,29265.653593,0.057000
2026-08-12,17:52:31,0.366142,0.519519,0.003270,29265.657013,0.057000
2026-08-12,17:52:32,0.512663,0.519519,0.003270,29265.660283,0.057000
2026-08-12,17:52:32,0.401881,0.519519,0.003270,29265.660283,0.057000
2026-08-12,17:52:33,0.332220,0.519519,0.003270,29265.663553,0.057000
2026-08-12,17:52:34,0.332220,0.519519,0.003270,29265.666823,0.057000
2026-08-12,17:52:34,0.457249,0.508867,0.003210,29265.666823,0.057000
2026-08-12,17:52:35,0.353004,0.486567,0.003060,29265.670033,0.057000
2026-08-12,17:52:36,0.562391,0.486567,0.003060,29265.673093,0.057000
2026-08-12,17:52:36,0.562391,0.486567,0.003060,29265.673093,0.057000
2026-08-12,17:52:37,0.632890,0.486567,0.003060,29265.676153,0.057000
2026-08-12,17:52:38,0.571642,0.486567,0.003060,29265.679213,0.057000
2026-08-12,17:52:38,0.510076,0.486567,0.003060,29265.679213,0.057000
2026-08-12,17:52:39,0.510076,0.486567,0.003060,29265.682273,0.057000
2026-08-12,17:52:40,0.611836,0.486567,0.003060,29265.685333,0.057000
2026-08-12,17:52:40,0.580452,0.486567,0.003060,29265.685333,0.057000
2026-08-12,17:52:41,0.435339,0.486567,0.003060,29265.688393,0.057000
2026-08-12,17:52:42,0.559722,0.486567,0.003060,29265.688393,0.057000
2026-08-12,17:52:42,0.559722,0.486567,0.003060,29265.691453,0.057000
2026-08-12,17:52:43,0.518261,0.486567,0.003060,29265.694513,0.057000
2026-08-12,17:52:44,0.518261,0.550087,0.003060,29265.694513,0.057000
2026-08-12,17:52:44,0.518261,0.550087,0.003470,29265.697573,0.057000
2026-08-12,17:52:45,0.536400,0.547488,0.003470,29265.701043,0.057000
2026-08-12,17:52:46,0.414285,0.525627,0.003310,29265.701043,0.057000
2026-08-12,17:52:46,0.497207,0.518184,0.003260,29265.704353,0.057000
2026-08-12,17:52:47,0.497207,0.518184,0.003260,29265.707613,0.057000
2026-08-12,17:52:48,0.551624,0.522339,0.003290,29265.707613,0.057000
2026-08-12,17:52:48,0.559398,0.517095,0.003260,29265.710903,0.057000
2026-08-12,17:52:49,0.517937,0.510843,0.003260,29265.714163,0.057000
2026-08-12,17:52:50,0.517937,0.510843,0.003220,29265.714163,0.057000
2026-08-12,17:52:50,0.538991,0.521209,0.003280,29265.717383,0.057000
2026-08-12,17:52:51,0.345615,0.521209,0.003280,29265.720663,0.057000
2026-08-12,17:52:52,0.538991,0.519136,0.003270,29265.720663,0.057000
2026-08-12,17:52:52,0.538991,0.519136,0.003270,29265.723933,0.057000
2026-08-12,17:52:53,0.290226,0.519136,0.003270,29265.727203,0.057000
2026-08-12,17:52:54,0.573650,0.524675,0.003300,29265.727203,0.057000
2026-08-12,17:52:54,0.414609,0.514309,0.003300,29265.730503,0.057000
2026-08-12,17:52:55,0.414609,0.512463,0.003240,29265.733743,0.057000
2026-08-12,17:52:56,0.517937,0.512463,0.003230,29265.733743,0.057000
2026-08-12,17:52:56,0.511783,0.522213,0.003230,29265.736973,0.057000
2026-08-12,17:52:57,0.538991,0.526391,0.003290,29265.740263,0.057000
2026-08-12,17:52:58,0.165844,0.526391,0.003320,29265.740263,0.057000
2026-08-12,17:52:58,0.165844,0.526391,0.003320,29265.743583,0.057000
2026-08-12,17:52:59,0.530894,0.524318,0.003300,29265.746883,0.057000
2026-08-12,17:53:00,0.456070,0.513985,0.003240,29265.746883,0.057000
2026-08-12,17:53:00,0.570087,0.519200,0.003240,29265.750123,0.057000
2026-08-12,17:53:01,0.570087,0.519200,0.003270,29265.753393,0.057000
2026-08-12,17:53:02,0.269172,0.519200,0.003270,29265.753393,0.057000
2026-08-12,17:53:02,0.456070,0.510908,0.003270,29265.756663,0.057000
2026-08-12,17:53:03,0.538991,0.510908,0.003220,29265.759883,0.057000
2026-08-12,17:53:04,0.331363,0.510908,0.003220,29265.759883,0.057000
2026-08-12,17:53:04,0.331363,0.510908,0.003220,29265.763103,0.057000
2026-08-12,17:53:05,0.248765,0.510908,0.003220,29265.766323,0.057000
2026-08-12,17:53:06,0.562313,0.509775,0.003210,29265.766323,0.057000
2026-08-12,17:53:06,0.580452,0.526359,0.003210,29265.769533,0.057000
2026-08-12,17:53:07,0.303507,0.526359,0.003320,29265.772853,0.057000
2026-08-12,17:53:08,0.303507,0.526359,0.003320,29265.772853,0.057000
2026-08-12,17:53:08,0.345615,0.526359,0.003320,29265.776173,0.057000
2026-08-12,17:53:09,0.231274,0.526359,0.003320,29265.779493,0.057000
2026-08-12,17:53:10,0.082922,0.526359,0.003320,29265.779493,0.057000
2026-08-12,17:53:10,0.082922,0.530537,0.003320,29265.782813,0.057000
2026-08-12,17:53:11,0.559722,0.530537,0.003340,29265.786153,0.057000
2026-08-12,17:53:12,0.559722,0.535331,0.003370,29265.786153,0.057000
2026-08-12,17:53:12,0.082922,0.535331,0.003370,29265.789523,0.057000
2026-08-12,17:53:13,0.186574,0.535331,0.003370,29265.792893,0.057000
2026-08-12,17:53:14,0.186574,0.535331,0.003370,29265.792893,0.057000
2026-08-12,17:53:14,0.517937,0.533226,0.003360,29265.796253,0.057000
2026-08-12,17:53:15,0.331363,0.533226,0.003360,29265.799613,0.057000
2026-08-12,17:53:16,0.269496,0.533226,0.003360,29265.799613,0.057000
2026-08-12,17:53:16,0.269496,0.541842,0.003360,29265.802973,0.057000
2026-08-12,17:53:17,0.617055,0.541842,0.003410,29265.806383,0.057000
2026-08-12,17:53:18,0.269496,0.541842,0.003410,29265.806383,0.057000
2026-08-12,17:53:18,0.112287,0.541842,0.003410,29265.809793,0.057000
2026-08-12,17:53:19,0.561169,0.552352,0.003480,29265.813273,0.057000
2026-08-12,17:53:20,0.561169,0.557955,0.003480,29265.813273,0.057000
2026-08-12,17:53:20,0.626120,0.557955,0.003510,29265.816783,0.057000
2026-08-12,17:53:21,0.187056,0.557955,0.003510,29265.820293,0.057000
2026-08-12,17:53:22,0.332220,0.557955,0.003510,29265.820293,0.057000
2026-08-12,17:53:22,0.249409,0.557955,0.003510,29265.823803,0.057000
2026-08-12,17:53:23,0.249409,0.557955,0.003510,29265.827313,0.057000
2026-08-12,17:53:24,0.270193,0.557955,0.003510,29265.827313,0.057000
2026-08-12,17:53:24,0.311436,0.557955,0.003510,29265.830823,0.057000
2026-08-12,17:53:25,0.552726,0.567621,0.003580,29265.834333,0.057000
2026-08-12,17:53:26,0.552726,0.567621,0.003580,29265.834333,0.057000
2026-08-12,17:53:26,0.332545,0.567621,0.003580,29265.837913,0.057000
2026-08-12,17:53:27,0.293250,0.567621,0.003580,29265.841493,0.057000
2026-08-12,17:53:28,0.276038,0.567621,0.003580,29265.841493,0.057000
2026-08-12,17:53:28,0.311436,0.567621,0.003580,29265.845073,0.057000
2026-08-12,17:53:29,0.311436,0.567621,0.003580,29265.848653,0.057000
2026-08-12,17:53:30,0.527720,0.566494,0.003570,29265.848653,0.057000
2026-08-12,17:53:30,0.311761,0.566494,0.003570,29265.852223,0.057000
2026-08-12,17:53:31,0.311436,0.566494,0.003570,29265.855793,0.057000
2026-08-12,17:53:32,0.311436,0.566494,0.003570,29265.855793,0.057000
2026-08-12,17:53:32,0.290652,0.566494,0.003570,29265.859363,0.057000
2026-08-12,17:53:33,0.188680,0.566494,0.003570,29265.862933,0.057000
2026-08-12,17:53:34,0.207841,0.566494,0.003570,29265.862933,0.057000
2026-08-12,17:53:34,0.540061,0.564268,0.003550,29265.866503,0.057000
2026-08-12,17:53:35,0.540061,0.564268,0.003550,29265.870053,0.057000
2026-08-12,17:53:36,0.540385,0.560262,0.003530,29265.870053,0.057000
2026-08-12,17:53:36,0.371190,0.560262,0.003530,29265.873583,0.057000
2026-08-12,17:53:37,0.415356,0.560262,0.003530,29265.877113,0.057000
2026-08-12,17:53:38,0.415356,0.563491,0.003530,29265.877113,0.057000
2026-08-12,17:53:38,0.592021,0.563491,0.003540,29265.880643,0.057000
2026-08-12,17:53:39,0.540385,0.561558,0.003540,29265.884183,0.057000
2026-08-12,17:53:40,0.498817,0.559646,0.003530,29265.884183,0.057000
2026-08-12,17:53:40,0.249084,0.559646,0.003530,29265.887713,0.057000
2026-08-12,17:53:41,0.249084,0.559646,0.003530,29265.891243,0.057000
2026-08-12,17:53:42,0.330921,0.559646,0.003530,29265.891243,0.057000
2026-08-12,17:53:42,0.602413,0.558182,0.003520,29265.894773,0.057000
2026-08-12,17:53:43,0.320204,0.558182,0.003520,29265.898293,0.057000
2026-08-12,17:53:44,0.482580,0.550323,0.003470,29265.898293,0.057000
2026-08-12,17:53:44,0.482580,0.550323,0.003470,29265.901763,0.057000
2026-08-12,17:53:45,0.266620,0.550323,0.003470,29265.905233,0.057000
2026-08-12,17:53:46,0.560845,0.543795,0.003430,29265.905233,0.057000
2026-08-12,17:53:46,0.129900,0.543795,0.003430,29265.908663,0.057000
2026-08-12,17:53:47,0.129900,0.543795,0.003430,29265.912093,0.057000
2026-08-12,17:53:48,0.353329,0.543795,0.003430,29265.912093,0.057000
2026-08-12,17:53:48,0.250058,0.543795,0.003430,29265.915523,0.057000
2026-08-12,17:53:49,0.269868,0.543795,0.003430,29265.918953,0.057000
2026-08-12,17:53:50,0.353329,0.543795,0.003430,29265.918953,0.057000
2026-08-12,17:53:50,0.353329,0.542561,0.003430,29265.922383,0.057000
2026-08-12,17:53:51,0.540385,0.542561,0.003420,29265.925803,0.057000
2026-08-12,17:53:52,0.311761,0.542561,0.003420,29265.925803,0.057000
2026-08-12,17:53:52,0.598840,0.549673,0.003420,29265.929223,0.057000
2026-08-12,17:53:53,0.582928,0.553960,0.003460,29265.932683,0.057000
2026-08-12,17:53:54,0.582928,0.553960,0.003490,29265.932683,0.057000
2026-08-12,17:53:54,0.373788,0.553960,0.003490,29265.936173,0.057000
2026-08-12,17:53:55,0.563767,0.556298,0.003500,29265.939673,0.057000
2026-08-12,17:53:56,0.540385,0.551135,0.003470,29265.939673,0.057000
2026-08-12,17:53:56,0.540385,0.553213,0.003470,29265.943143,0.057000
2026-08-12,17:53:57,0.561169,0.553213,0.003480,29265.946623,0.057000
2026-08-12,17:53:58,0.540061,0.557337,0.003510,29265.946623,0.057000
2026-08-12,17:53:58,0.498817,0.546978,0.003510,29265.950133,0.057000
2026-08-12,17:53:59,0.498817,0.550680,0.003450,29265.953583,0.057000
2026-08-12,17:54:00,0.519601,0.550680,0.003450,29265.953583,0.057000
2026-08-12,17:54:00,0.614022,0.555998,0.003500,29265.957083,0.057000
2026-08-12,17:54:01,0.416434,0.555998,0.003500,29265.960583,0.057000
2026-08-12,17:54:02,0.416434,0.560306,0.003500,29265.960583,0.057000
2026-08-12,17:54:02,0.583464,0.560306,0.003530,29265.964113,0.057000
2026-08-12,17:54:03,0.687329,0.569154,0.003590,29265.967703,0.057000
2026-08-12,17:54:04,0.270568,0.569154,0.003590,29265.967703,0.057000
2026-08-12,17:54:04,0.333408,0.569154,0.003590,29265.971293,0.057000
2026-08-12,17:54:05,0.333408,0.569154,0.003590,29265.974883,0.057000
2026-08-12,17:54:06,0.291406,0.569154,0.003590,29265.974883,0.057000
2026-08-12,17:54:06,0.625140,0.573376,0.003610,29265.978493,0.057000
2026-08-12,17:54:07,0.291732,0.573376,0.003610,29265.982103,0.057000
2026-08-12,17:54:08,0.291732,0.573376,0.003610,29265.982103,0.057000
2026-08-12,17:54:08,0.291732,0.573376,0.003610,29265.985713,0.057000
2026-08-12,17:54:09,0.251685,0.573376,0.003610,29265.989323,0.057000
2026-08-12,17:54:10,0.581629,0.575162,0.003610,29265.989323,0.057000
2026-08-12,17:54:10,0.332545,0.575162,0.003620,29265.992943,0.057000
2026-08-12,17:54:11,0.332545,0.575162,0.003620,29265.996563,0.057000
2026-08-12,17:54:12,0.540385,0.575162,0.003620,29265.996563,0.057000
2026-08-12,17:54:12,0.478033,0.566848,0.003570,29266.000133,0.057000
2026-08-12,17:54:13,0.581953,0.571037,0.003600,29266.003733,0.057000
2026-08-12,17:54:14,0.581953,0.575194,0.003600,29266.003733,0.057000
2026-08-12,17:54:14,0.540385,0.575194,0.003620,29266.007353,0.057000
2026-08-12,17:54:15,0.561169,0.579351,0.003650,29266.011003,0.057000
2026-08-12,17:54:16,0.450283,0.562977,0.003650,29266.011003,0.057000
2026-08-12,17:54:16,0.415356,0.546166,0.003550,29266.014553,0.057000
2026-08-12,17:54:17,0.415356,0.546166,0.003440,29266.017993,0.057000
2026-08-12,17:54:18,0.546231,0.546166,0.003440,29266.017993,0.057000
2026-08-12,17:54:18,0.373788,0.546166,0.003440,29266.021433,0.057000
2026-08-12,17:54:19,0.468383,0.546166,0.003440,29266.024873,0.057000
2026-08-12,17:54:20,0.468383,0.546166,0.003440,29266.024873,0.057000
2026-08-12,17:54:20,0.540061,0.546166,0.003440,29266.028313,0.057000
2026-08-12,17:54:21,0.590570,0.546166,0.003440,29266.031753,0.057000
2026-08-12,17:54:22,0.407290,0.518162,0.003440,29266.031753,0.057000
2026-08-12,17:54:22,0.407290,0.518162,0.003260,29266.035013,0.057000
2026-08-12,17:54:23,0.586187,0.518162,0.003260,29266.038273,0.057000
2026-08-12,17:54:24,0.251363,0.518162,0.003260,29266.038273,0.057000
2026-08-12,17:54:24,0.115535,0.518162,0.003260,29266.041533,0.057000
2026-08-12,17:54:25,0.377045,0.493353,0.003260,29266.044643,0.057000
2026-08-12,17:54:26,0.377045,0.493353,0.003110,29266.044643,0.057000
2026-08-12,17:54:26,0.188195,0.493353,0.003110,29266.047753,0.057000
2026-08-12,17:54:27,0.272310,0.493353,0.003110,29266.050863,0.057000
2026-08-12,17:54:28,0.360197,0.471210,0.003110,29266.050863,0.057000
2026-08-12,17:54:28,0.360197,0.452472,0.002850,29266.053973,0.057000
2026-08-12,17:54:29,0.353004,0.452472,0.002850,29266.056823,0.057000
2026-08-12,17:54:30,0.415356,0.446204,0.002810,29266.056823,0.057000
2026-08-12,17:54:30,0.332220,0.421231,0.002650,29266.059633,0.057000
2026-08-12,17:54:31,0.498817,0.421231,0.002650,29266.062283,0.057000
2026-08-12,17:54:32,0.498817,0.421231,0.002650,29266.062283,0.057000
2026-08-12,17:54:32,0.122106,0.421231,0.002650,29266.064933,0.057000
2026-08-12,17:54:33,0.311761,0.398368,0.002650,29266.067583,0.057000
2026-08-12,17:54:34,0.270193,0.369271,0.002320,29266.067583,0.057000
2026-08-12,17:54:34,0.573835,0.369271,0.002320,29266.069903,0.057000
2026-08-12,17:54:35,0.573835,0.369271,0.002320,29266.072223,0.057000
2026-08-12,17:54:36,0.244351,0.369271,0.002320,29266.072223,0.057000
2026-08-12,17:54:36,0.428413,0.367083,0.002310,29266.074543,0.057000
2026-08-12,17:54:37,0.373788,0.362927,0.002310,29266.074543,0.057000
2026-08-12,17:54:38,0.373788,0.362927,0.002280,29266.076853,0.057000
2026-08-12,17:54:38,0.211360,0.362927,0.002280,29266.079133,0.057000
2026-08-12,17:54:39,0.592734,0.362927,0.002280,29266.079133,0.057000
2026-08-12,17:54:40,0.225967,0.362927,0.002280,29266.081413,0.057000
2026-08-12,17:54:40,0.379611,0.360159,0.002280,29266.083693,0.057000
2026-08-12,17:54:41,0.379611,0.360159,0.002270,29266.083693,0.057000
2026-08-12,17:54:42,0.502399,0.360159,0.002270,29266.085963,0.057000
2026-08-12,17:54:42,0.183887,0.360159,0.002270,29266.088233,0.057000
2026-08-12,17:54:43,0.549742,0.360159,0.002270,29266.088233,0.057000
2026-08-12,17:54:44,0.549742,0.360159,0.002270,29266.090503,0.057000
2026-08-12,17:54:44,0.483045,0.360159,0.002270,29266.092773,0.057000
2026-08-12,17:54:45,0.343579,0.360159,0.002270,29266.092773,0.057000
2026-08-12,17:54:46,0.185618,0.360159,0.002270,29266.095043,0.057000
2026-08-12,17:54:46,0.391538,0.361608,0.002270,29266.097313,0.057000
2026-08-12,17:54:47,0.391538,0.361608,0.002280,29266.097313,0.057000
2026-08-12,17:54:48,0.553954,0.361608,0.002280,29266.099593,0.057000
2026-08-12,17:54:48,0.549120,0.361608,0.002280,29266.101873,0.057000
2026-08-12,17:54:49,0.577156,0.361608,0.002280,29266.101873,0.057000
2026-08-12,17:54:50,0.567166,0.361608,0.002280,29266.104153,0.057000
2026-08-12,17:54:50,0.567166,0.361608,0.002280,29266.106433,0.057000
2026-08-12,17:54:51,0.313231,0.356911,0.002250,29266.106433,0.057000
2026-08-12,17:54:52,0.371236,0.358735,0.002260,29266.108683,0.057000
2026-08-12,17:54:52,0.206242,0.358735,0.002260,29266.110943,0.057000
2026-08-12,17:54:53,0.206242,0.358735,0.002260,29266.110943,0.057000
2026-08-12,17:54:54,0.213654,0.358735,0.002260,29266.113203,0.057000
2026-08-12,17:54:54,0.577479,0.358735,0.002260,29266.115463,0.057000
2026-08-12,17:54:55,0.123745,0.358735,0.002260,29266.115463,0.057000
2026-08-12,17:54:56,0.577156,0.358735,0.002260,29266.117723,0.057000
2026-08-12,17:54:56,0.577156,0.358735,0.002260,29266.119983,0.057000
2026-08-12,17:54:57,0.701546,0.358735,0.002260,29266.119983,0.057000
2026-08-12,17:54:58,0.370914,0.354290,0.002260,29266.122243,0.057000
2026-08-12,17:54:58,0.288417,0.349910,0.002230,29266.124473,0.057000
2026-08-12,17:54:59,0.288417,0.349910,0.002200,29266.124473,0.057000
2026-08-12,17:55:00,0.496915,0.349910,0.002200,29266.126673,0.057000
2026-08-12,17:55:00,0.432787,0.349910,0.002200,29266.128873,0.057000
2026-08-12,17:55:01,0.494982,0.349910,0.002200,29266.128873,0.057000
2026-08-12,17:55:02,0.494982,0.349910,0.002200,29266.131073,0.057000
2026-08-12,17:55:02,0.560399,0.349910,0.002200,29266.133273,0.057000
2026-08-12,17:55:03,0.621950,0.349910,0.002200,29266.133273,0.057000
2026-08-12,17:55:03,0.294473,0.348181,0.002200,29266.135473,0.057000
2026-08-12,17:55:04,0.294473,0.348181,0.002190,29266.137663,0.057000
2026-08-12,17:55:05,0.567168,0.348181,0.002190,29266.137663,0.057000
2026-08-12,17:55:05,0.523674,0.348181,0.002190,29266.139853,0.057000
2026-08-12,17:55:06,0.600113,0.348181,0.002190,29266.142043,0.057000
2026-08-12,17:55:07,0.600113,0.348181,0.002190,29266.142043,0.057000
2026-08-12,17:55:07,0.513969,0.348181,0.002190,29266.144233,0.057000
2026-08-12,17:55:08,0.303110,0.351473,0.002210,29266.146443,0.057000
2026-08-12,17:55:09,0.514291,0.351473,0.002210,29266.146443,0.057000
2026-08-12,17:55:09,0.452576,0.351473,0.002210,29266.148653,0.057000
2026-08-12,17:55:10,0.452576,0.351473,0.002210,29266.150863,0.057000
2026-08-12,17:55:11,0.575684,0.351473,0.002210,29266.150863,0.057000
2026-08-12,17:55:11,0.473148,0.351473,0.002210,29266.153073,0.057000
2026-08-12,17:55:12,0.596256,0.351473,0.002210,29266.155283,0.057000
2026-08-12,17:55:13,0.596256,0.351473,0.002210,29266.155283,0.057000
2026-08-12,17:55:13,0.584658,0.351473,0.002210,29266.157493,0.057000
2026-08-12,17:55:14,0.396954,0.348327,0.002190,29266.159683,0.057000
2026-08-12,17:55:15,0.277079,0.348327,0.002190,29266.159683,0.057000
2026-08-12,17:55:15,0.277079,0.348327,0.002190,29266.161873,0.057000
2026-08-12,17:55:16,0.580128,0.348327,0.002190,29266.164063,0.057000
2026-08-12,17:55:17,0.476800,0.348327,0.002190,29266.164063,0.057000
2026-08-12,17:55:17,0.471941,0.348327,0.002190,29266.166253,0.057000
2026-08-12,17:55:18,0.471941,0.348327,0.002190,29266.168443,0.057000
2026-08-12,17:55:19,0.642320,0.348327,0.002190,29266.168443,0.057000
2026-08-12,17:55:19,0.580128,0.348327,0.002190,29266.170633,0.057000
2026-08-12,17:55:20,0.559722,0.348327,0.002190,29266.172823,0.057000
2026-08-12,17:55:21,0.559722,0.348327,0.002190,29266.172823,0.057000
2026-08-12,17:55:21,0.518261,0.348327,0.002190,29266.175013,0.057000
2026-08-12,17:55:22,0.559398,0.348327,0.002190,29266.177203,0.057000
2026-08-12,17:55:23,0.435015,0.348327,0.002190,29266.177203,0.057000
2026-08-12,17:55:23,0.476800,0.348327,0.002190,29266.179393,0.057000
2026-08-12,17:55:24,0.476800,0.348327,0.002190,29266.181583,0.057000
2026-08-12,17:55:25,0.497207,0.348327,0.002190,29266.181583,0.057000
2026-08-12,17:55:25,0.642320,0.348327,0.002190,29266.183773,0.057000
2026-08-12,17:55:26,0.373148,0.348263,0.002190,29266.185963,0.057000
2026-08-12,17:55:27,0.373148,0.348263,0.002190,29266.185963,0.057000
2026-08-12,17:55:27,0.580452,0.348263,0.002190,29266.188153,0.057000
2026-08-12,17:55:28,0.497207,0.348263,0.002190,29266.190343,0.057000
2026-08-12,17:55:29,0.621589,0.348263,0.002190,29266.190343,0.057000
2026-08-12,17:55:29,0.621589,0.348263,0.002190,29266.192533,0.057000
2026-08-12,17:55:30,0.538991,0.348263,0.002190,29266.194723,0.057000
2026-08-12,17:55:31,0.518261,0.348263,0.002190,29266.194723,0.057000
2026-08-12,17:55:31,0.352094,0.345511,0.002170,29266.196913,0.057000
2026-08-12,17:55:32,0.352094,0.345511,0.002170,29266.199083,0.057000
2026-08-12,17:55:33,0.504009,0.345511,0.002170,29266.199083,0.057000
2026-08-12,17:55:33,0.559398,0.345511,0.002170,29266.201253,0.057000
2026-08-12,17:55:34,0.310633,0.337421,0.002170,29266.203423,0.057000
2026-08-12,17:55:35,0.310633,0.337421,0.002120,29266.203423,0.057000
2026-08-12,17:55:35,0.583044,0.337421,0.002120,29266.205543,0.057000
2026-08-12,17:55:36,0.621913,0.337421,0.002120,29266.207663,0.057000
2026-08-12,17:55:37,0.459309,0.337421,0.002120,29266.207663,0.057000
2026-08-12,17:55:37,0.385133,0.337421,0.002120,29266.209783,0.057000
2026-08-12,17:55:38,0.385133,0.337421,0.002120,29266.211903,0.057000
2026-08-12,17:55:39,0.329561,0.337421,0.002120,29266.211903,0.057000
2026-08-12,17:55:39,0.310633,0.337421,0.002120,29266.214023,0.057000
2026-08-12,17:55:40,0.224255,0.337421,0.002120,29266.216143,0.057000
2026-08-12,17:55:41,0.224255,0.337421,0.002120,29266.216143,0.057000
2026-08-12,17:55:41,0.551226,0.337421,0.002120,29266.218263,0.057000
2026-08-12,17:55:42,0.387581,0.337421,0.002120,29266.220383,0.057000
2026-08-12,17:55:43,0.207516,0.337421,0.002120,29266.220383,0.057000
2026-08-12,17:55:43,0.347626,0.340860,0.002120,29266.222503,0.057000
2026-08-12,17:55:44,0.347626,0.340860,0.002150,29266.224653,0.057000
2026-08-12,17:55:45,0.306691,0.334406,0.002100,29266.224653,0.057000
2026-08-12,17:55:45,0.675105,0.334406,0.002100,29266.226753,0.057000
2026-08-12,17:55:46,0.295582,0.326873,0.002100,29266.228853,0.057000
2026-08-12,17:55:47,0.295582,0.330327,0.002080,29266.228853,0.057000
2026-08-12,17:55:47,0.322963,0.330327,0.002080,29266.230933,0.057000
2026-08-12,17:55:48,0.577668,0.330327,0.002080,29266.233013,0.057000
2026-08-12,17:55:49,0.206772,0.330327,0.002080,29266.233013,0.057000
2026-08-12,17:55:49,0.206772,0.330327,0.002080,29266.235093,0.057000
2026-08-12,17:55:50,0.558284,0.330327,0.002080,29266.237173,0.057000
2026-08-12,17:55:51,0.496252,0.330327,0.002080,29266.237173,0.057000
2026-08-12,17:55:51,0.310158,0.331896,0.002080,29266.239253,0.057000
2026-08-12,17:55:52,0.475252,0.331896,0.002090,29266.241343,0.057000
2026-08-12,17:55:53,0.475252,0.331896,0.002070,29266.241343,0.057000
2026-08-12,17:55:53,0.269087,0.328494,0.002070,29266.243413,0.057000
2026-08-12,17:55:54,0.471559,0.328494,0.002070,29266.245483,0.057000
2026-08-12,17:55:55,0.566724,0.328494,0.002070,29266.245483,0.057000
2026-08-12,17:55:55,0.566724,0.328494,0.002070,29266.247553,0.057000
2026-08-12,17:55:56,0.578638,0.328494,0.002070,29266.249623,0.057000
2026-08-12,17:55:57,0.206772,0.328494,0.002070,29266.249623,0.057000
2026-08-12,17:55:57,0.371866,0.325985,0.002070,29266.251693,0.057000
2026-08-12,17:55:58,0.371866,0.321721,0.002050,29266.253743,0.057000
2026-08-12,17:55:59,0.330512,0.321721,0.001960,29266.253743,0.057000
2026-08-12,17:55:59,0.248126,0.311324,0.001960,29266.255703,0.057000
2026-08-12,17:56:00,0.516606,0.311324,0.001960,29266.257663,0.057000
2026-08-12,17:56:01,0.227126,0.302974,0.001910,29266.257663,0.057000
2026-08-12,17:56:01,0.227126,0.295059,0.001910,29266.259573,0.057000
2026-08-12,17:56:02,0.268480,0.295059,0.001860,29266.261433,0.057000
2026-08-12,17:56:03,0.468065,0.295059,0.001860,29266.261433,0.057000
2026-08-12,17:56:03,0.574024,0.295059,0.001860,29266.263293,0.057000
2026-08-12,17:56:04,0.271983,0.291588,0.001830,29266.265123,0.057000
2026-08-12,17:56:05,0.271983,0.291588,0.001830,29266.265123,0.057000
2026-08-12,17:56:05,0.205716,0.282602,0.001780,29266.266903,0.057000
2026-08-12,17:56:06,0.396647,0.282602,0.001780,29266.268683,0.057000
2026-08-12,17:56:07,0.225967,0.272902,0.001780,29266.268683,0.057000
2026-08-12,17:56:07,0.225967,0.269553,0.001720,29266.270403,0.057000
2026-08-12,17:56:08,0.276670,0.269553,0.001700,29266.272103,0.057000
2026-08-12,17:56:09,0.250708,0.267715,0.001700,29266.272103,0.057000
2026-08-12,17:56:09,0.250708,0.255599,0.001610,29266.273713,0.057000
2026-08-12,17:56:10,0.246232,0.247171,0.001550,29266.275263,0.057000
2026-08-12,17:56:11,0.246232,0.253106,0.001550,29266.275263,0.057000
2026-08-12,17:56:11,0.307470,0.253106,0.001590,29266.276853,0.057000
2026-08-12,17:56:12,0.307790,0.261172,0.001640,29266.278493,0.057000
2026-08-12,17:56:13,0.293699,0.263694,0.001640,29266.278493,0.057000
2026-08-12,17:56:13,0.377707,0.274267,0.001660,29266.280153,0.057000
2026-08-12,17:56:14,0.377707,0.274267,0.001820,29266.281973,0.057000
2026-08-12,17:56:15,0.356705,0.289365,0.001820,29266.281973,0.057000
2026-08-12,17:56:15,0.327499,0.299519,0.001880,29266.283853,0.057000
2026-08-12,17:56:16,0.252023,0.297054,0.001870,29266.285723,0.057000
2026-08-12,17:56:17,0.252023,0.296595,0.001870,29266.285723,0.057000
2026-08-12,17:56:17,0.246116,0.296595,0.001870,29266.287593,0.057000
2026-08-12,17:56:18,0.692736,0.296595,0.001870,29266.289463,0.057000
2026-08-12,17:56:19,0.314701,0.302994,0.001870,29266.289463,0.057000
2026-08-12,17:56:19,0.097462,0.302994,0.001910,29266.291373,0.057000
2026-08-12,17:56:20,0.097462,0.302994,0.001910,29266.293283,0.057000
2026-08-12,17:56:21,0.114751,0.302994,0.001910,29266.293283,0.057000
2026-08-12,17:56:21,0.144001,0.302994,0.001910,29266.295193,0.057000
2026-08-12,17:56:22,0.526834,0.302994,0.001910,29266.297103,0.057000
2026-08-12,17:56:23,0.526834,0.302994,0.001910,29266.297103,0.057000
2026-08-12,17:56:23,0.454898,0.302994,0.001910,29266.299013,0.057000
2026-08-12,17:56:24,0.578638,0.302994,0.001910,29266.299013,0.057000
2026-08-12,17:56:25,0.475252,0.302994,0.001910,29266.300923,0.057000
2026-08-12,17:56:25,0.475252,0.302994,0.001910,29266.302833,0.057000
2026-08-12,17:56:26,0.578638,0.302994,0.001910,29266.302833,0.057000
2026-08-12,17:56:27,0.351189,0.313490,0.001970,29266.304743,0.057000
2026-08-12,17:56:27,0.330512,0.315794,0.001990,29266.306713,0.057000
2026-08-12,17:56:28,0.537606,0.315794,0.001990,29266.306713,0.057000
2026-08-12,17:56:29,0.537606,0.315794,0.001990,29266.308703,0.057000
2026-08-12,17:56:29,0.506712,0.315794,0.001990,29266.310693,0.057000
2026-08-12,17:56:30,0.600036,0.315794,0.001990,29266.310693,0.057000
2026-08-12,17:56:31,0.618405,0.315794,0.001990,29266.312683,0.057000
2026-08-12,17:56:31,0.618405,0.315794,0.001990,29266.314673,0.057000
2026-08-12,17:56:32,0.412162,0.315794,0.001990,29266.314673,0.057000
2026-08-12,17:56:33,0.494982,0.315794,0.001990,29266.316663,0.057000
2026-08-12,17:56:33,0.556854,0.315794,0.001990,29266.318653,0.057000
2026-08-12,17:56:34,0.556854,0.315794,0.001990,29266.318653,0.057000
2026-08-12,17:56:35,0.453733,0.315794,0.001990,29266.320643,0.057000
2026-08-12,17:56:35,0.639351,0.315794,0.001990,29266.322633,0.057000
2026-08-12,17:56:36,0.432787,0.315794,0.001990,29266.322633,0.057000
2026-08-12,17:56:37,0.432787,0.315794,0.001990,29266.324623,0.057000
2026-08-12,17:56:37,0.556730,0.315794,0.001990,29266.326613,0.057000
2026-08-12,17:56:38,0.534862,0.315794,0.001990,29266.326613,0.057000
2026-08-12,17:56:39,0.678542,0.315794,0.001990,29266.328603,0.057000
2026-08-12,17:56:39,0.678542,0.315794,0.001990,29266.330593,0.057000
2026-08-12,17:56:40,0.459631,0.315794,0.001990,29266.330593,0.057000
2026-08-12,17:56:41,0.622525,0.315794,0.001990,29266.332583,0.057000
2026-08-12,17:56:41,0.187704,0.315794,0.001990,29266.334573,0.057000
2026-08-12,17:56:42,0.291839,0.314199,0.001990,29266.334573,0.057000
2026-08-12,17:56:43,0.291839,0.314199,0.001980,29266.336563,0.057000
2026-08-12,17:56:43,0.593798,0.314199,0.001980,29266.338543,0.057000
2026-08-12,17:56:44,0.396627,0.324492,0.002040,29266.338543,0.057000
2026-08-12,17:56:45,0.104461,0.324492,0.002040,29266.340583,0.057000
2026-08-12,17:56:45,0.396627,0.326384,0.002040,29266.342623,0.057000
2026-08-12,17:56:46,0.396627,0.326384,0.002050,29266.342623,0.057000
2026-08-12,17:56:47,0.229815,0.326384,0.002050,29266.344673,0.057000
2026-08-12,17:56:47,0.229489,0.326384,0.002050,29266.346723,0.057000
2026-08-12,17:56:48,0.271273,0.326384,0.002050,29266.346723,0.057000
2026-08-12,17:56:49,0.271273,0.326384,0.002050,29266.348773,0.057000
2026-08-12,17:56:49,0.293467,0.326384,0.002050,29266.350823,0.057000
2026-08-12,17:56:50,0.473148,0.326384,0.002050,29266.350823,0.057000
2026-08-12,17:56:51,0.246538,0.315367,0.001980,29266.352873,0.057000
2026-08-12,17:56:51,0.370289,0.315367,0.001980,29266.354853,0.057000
2026-08-12,17:56:52,0.370289,0.315367,0.001980,29266.354853,0.057000
2026-08-12,17:56:53,0.102858,0.315367,0.001980,29266.356833,0.057000
2026-08-12,17:56:53,0.543200,0.315367,0.001980,29266.358813,0.057000
2026-08-12,17:56:54,0.396954,0.315367,0.001980,29266.358813,0.057000
2026-08-12,17:56:55,0.530811,0.315367,0.001980,29266.360793,0.057000
2026-08-12,17:56:55,0.530811,0.315367,0.001980,29266.362773,0.057000
2026-08-12,17:56:56,0.497531,0.315367,0.001980,29266.362773,0.057000
2026-08-12,17:56:57,0.340433,0.316661,0.001980,29266.364753,0.057000
2026-08-12,17:56:57,0.144789,0.316661,0.001990,29266.366743,0.057000
2026-08-12,17:56:58,0.144789,0.316661,0.001990,29266.366743,0.057000
2026-08-12,17:56:59,0.518261,0.316661,0.001990,29266.368733,0.057000
2026-08-12,17:56:59,0.352417,0.326700,0.002060,29266.370793,0.057000
2026-08-12,17:57:00,0.165844,0.326700,0.002060,29266.370793,0.057000
2026-08-12,17:57:01,0.206980,0.326700,0.002060,29266.372853,0.057000
2026-08-12,17:57:01,0.206980,0.326700,0.002060,29266.374913,0.057000
2026-08-12,17:57:02,0.123087,0.326700,0.002060,29266.374913,0.057000
2026-08-12,17:57:03,0.103652,0.326700,0.002060,29266.376973,0.057000
2026-08-12,17:57:03,0.497531,0.326700,0.002060,29266.379033,0.057000
2026-08-12,17:57:04,0.497531,0.326700,0.002060,29266.379033,0.057000
2026-08-12,17:57:05,0.435339,0.326700,0.002060,29266.381093,0.057000
2026-08-12,17:57:05,0.248441,0.326932,0.002060,29266.383153,0.057000
2026-08-12,17:57:06,0.269820,0.322444,0.002030,29266.383153,0.057000
2026-08-12,17:57:07,0.435339,0.322444,0.002030,29266.385183,0.057000
2026-08-12,17:57:07,0.435339,0.316316,0.002030,29266.387213,0.057000
2026-08-12,17:57:08,0.289902,0.316316,0.002030,29266.387213,0.057000
2026-08-12,17:57:09,0.212811,0.304546,0.001920,29266.389133,0.057000
2026-08-12,17:57:09,0.227711,0.298133,0.001880,29266.391013,0.057000
2026-08-12,17:57:10,0.124059,0.298133,0.001880,29266.391013,0.057000
2026-08-12,17:57:11,0.124059,0.298133,0.001880,29266.392893,0.057000
2026-08-12,17:57:11,0.186574,0.298133,0.001880,29266.394773,0.057000
2026-08-12,17:57:12,0.182504,0.298133,0.001880,29266.394773,0.057000
2026-08-12,17:57:13,0.581629,0.298133,0.001880,29266.396653,0.057000
2026-08-12,17:57:13,0.581629,0.285457,0.001800,29266.398453,0.057000
2026-08-12,17:57:14,0.269868,0.285457,0.001800,29266.398453,0.057000
2026-08-12,17:57:15,0.373788,0.285457,0.001800,29266.400253,0.057000
2026-08-12,17:57:15,0.547205,0.285457,0.001800,29266.402053,0.057000
2026-08-12,17:57:16,0.269868,0.272781,0.001800,29266.402053,0.057000
2026-08-12,17:57:17,0.269868,0.272781,0.001720,29266.403773,0.057000
2026-08-12,17:57:17,0.249409,0.273068,0.001720,29266.405493,0.057000
2026-08-12,17:57:18,0.216609,0.260686,0.001720,29266.405493,0.057000
2026-08-12,17:57:19,0.332220,0.260686,0.001640,29266.407133,0.057000
2026-08-12,17:57:19,0.332220,0.260686,0.001640,29266.408773,0.057000
2026-08-12,17:57:20,0.457249,0.260686,0.001640,29266.408773,0.057000
2026-08-12,17:57:21,0.540385,0.260686,0.001640,29266.410413,0.057000
2026-08-12,17:57:21,0.540061,0.260686,0.001640,29266.412053,0.057000
2026-08-12,17:57:22,0.643981,0.260686,0.001640,29266.412053,0.057000
2026-08-12,17:57:23,0.643981,0.260686,0.001640,29266.413693,0.057000
2026-08-12,17:57:23,0.436140,0.260686,0.001640,29266.415333,0.057000
2026-08-12,17:57:24,0.540061,0.260686,0.001640,29266.415333,0.057000
2026-08-12,17:57:25,0.519601,0.260686,0.001640,29266.416973,0.057000
2026-08-12,17:57:25,0.519601,0.260686,0.001640,29266.418613,0.057000
2026-08-12,17:57:26,0.602737,0.260686,0.001640,29266.418613,0.057000
2026-08-12,17:57:27,0.498817,0.260686,0.001640,29266.420253,0.057000
2026-08-12,17:57:27,0.498817,0.260686,0.001640,29266.421893,0.057000
2026-08-12,17:57:28,0.498817,0.260686,0.001640,29266.421893,0.057000
2026-08-12,17:57:29,0.655997,0.260686,0.001640,29266.423533,0.057000
2026-08-12,17:57:29,0.519601,0.260686,0.001640,29266.425173,0.057000
2026-08-12,17:57:30,0.593235,0.260686,0.001640,29266.425173,0.057000
2026-08-12,17:57:31,0.251695,0.250613,0.001580,29266.426813,0.057000
2026-08-12,17:57:31,0.251695,0.250613,0.001580,29266.428393,0.057000
2026-08-12,17:57:32,0.455469,0.250613,0.001580,29266.428393,0.057000
2026-08-12,17:57:33,0.162966,0.250613,0.001580,29266.429973,0.057000
2026-08-12,17:57:33,0.526361,0.250613,0.001580,29266.431553,0.057000
2026-08-12,17:57:34,0.526361,0.250613,0.001580,29266.431553,0.057000
2026-08-12,17:57:35,0.462043,0.250613,0.001580,29266.433133,0.057000
2026-08-12,17:57:35,0.349718,0.250613,0.001580,29266.434713,0.057000
2026-08-12,17:57:36,0.369968,0.250613,0.001580,29266.434713,0.057000
2026-08-12,17:57:37,0.514291,0.250613,0.001580,29266.436293,0.057000
2026-08-12,17:57:37,0.514291,0.250613,0.001580,29266.437873,0.057000
2026-08-12,17:57:38,0.369968,0.250613,0.001580,29266.437873,0.057000
2026-08-12,17:57:39,0.596256,0.250613,0.001580,29266.439453,0.057000
2026-08-12,17:57:39,0.308253,0.256594,0.001580,29266.441033,0.057000
2026-08-12,17:57:40,0.308253,0.262495,0.001650,29266.441033,0.057000
2026-08-12,17:57:41,0.328825,0.262495,0.001650,29266.442683,0.057000
2026-08-12,17:57:41,0.123108,0.262495,0.001650,29266.444333,0.057000
2026-08-12,17:57:42,0.208923,0.254397,0.001600,29266.444333,0.057000
2026-08-12,17:57:43,0.438738,0.254397,0.001600,29266.445933,0.057000
2026-08-12,17:57:43,0.438738,0.254397,0.001600,29266.447533,0.057000
2026-08-12,17:57:44,0.543200,0.254397,0.001600,29266.447533,0.057000
2026-08-12,17:57:45,0.523287,0.254397,0.001600,29266.449133,0.057000
2026-08-12,17:57:45,0.514291,0.254397,0.001600,29266.450733,0.057000
2026-08-12,17:57:46,0.514291,0.254397,0.001600,29266.450733,0.057000
2026-08-12,17:57:47,0.592720,0.254397,0.001600,29266.452333,0.057000
2026-08-12,17:57:47,0.246860,0.257802,0.001620,29266.453953,0.057000
2026-08-12,17:57:48,0.555113,0.257802,0.001620,29266.453953,0.057000
2026-08-12,17:57:49,0.411111,0.257802,0.001620,29266.455573,0.057000
2026-08-12,17:57:49,0.411111,0.257802,0.001620,29266.457193,0.057000
2026-08-12,17:57:50,0.328825,0.257802,0.001620,29266.457193,0.057000
2026-08-12,17:57:51,0.309539,0.257802,0.001620,29266.458813,0.057000
2026-08-12,17:57:51,0.564092,0.257802,0.001620,29266.460433,0.057000
2026-08-12,17:57:52,0.564092,0.257802,0.001620,29266.460433,0.057000
2026-08-12,17:57:53,0.584658,0.257802,0.001620,29266.462053,0.057000
2026-08-12,17:57:53,0.584658,0.257802,0.001620,29266.463673,0.057000
2026-08-12,17:57:54,0.341132,0.257802,0.001620,29266.463673,0.057000
2026-08-12,17:57:54,0.341132,0.257802,0.001620,29266.465293,0.057000
2026-08-12,17:57:55,0.584658,0.257802,0.001620,29266.466913,0.057000
2026-08-12,17:57:56,0.584984,0.257802,0.001620,29266.466913,0.057000
2026-08-12,17:57:56,0.250708,0.260102,0.001620,29266.468533,0.057000
2026-08-12,17:57:57,0.083569,0.260102,0.001640,29266.470173,0.057000
2026-08-12,17:57:58,0.083569,0.260102,0.001640,29266.470173,0.057000
2026-08-12,17:57:58,0.543200,0.260102,0.001640,29266.471813,0.057000
2026-08-12,17:57:59,0.375735,0.260102,0.001640,29266.473453,0.057000
2026-08-12,17:58:00,0.543200,0.260102,0.001640,29266.473453,0.057000
2026-08-12,17:58:00,0.543200,0.262364,0.001640,29266.475093,0.057000
2026-08-12,17:58:01,0.292492,0.262364,0.001650,29266.476743,0.057000
2026-08-12,17:58:02,0.452576,0.262364,0.001650,29266.476743,0.057000
2026-08-12,17:58:02,0.349396,0.262364,0.001650,29266.478393,0.057000
2026-08-12,17:58:03,0.205716,0.255949,0.001610,29266.480003,0.057000
2026-08-12,17:58:04,0.205716,0.255949,0.001610,29266.480003,0.057000
2026-08-12,17:58:04,0.164573,0.247465,0.001560,29266.481563,0.057000
2026-08-12,17:58:05,0.329146,0.247465,0.001560,29266.483123,0.057000
2026-08-12,17:58:06,0.506712,0.247465,0.001560,29266.483123,0.057000
2026-08-12,17:58:06,0.506712,0.257474,0.001560,29266.484683,0.057000
2026-08-12,17:58:07,0.316695,0.257474,0.001620,29266.484683,0.057000
2026-08-12,17:58:08,0.590834,0.257474,0.001620,29266.486303,0.057000
2026-08-12,17:58:08,0.498492,0.257474,0.001620,29266.487923,0.057000
2026-08-12,17:58:09,0.498817,0.257474,0.001620,29266.487923,0.057000
2026-08-12,17:58:10,0.498817,0.253088,0.001620,29266.489543,0.057000
2026-08-12,17:58:10,0.207841,0.253088,0.001590,29266.491133,0.057000
2026-08-12,17:58:11,0.253306,0.247594,0.001590,29266.491133,0.057000
2026-08-12,17:58:12,0.332545,0.247594,0.001560,29266.492693,0.057000
2026-08-12,17:58:12,0.083136,0.247594,0.001560,29266.494253,0.057000
2026-08-12,17:58:13,0.083136,0.247594,0.001560,29266.494253,0.057000
2026-08-12,17:58:14,0.282533,0.242965,0.001530,29266.495783,0.057000
2026-08-12,17:58:14,0.311436,0.253216,0.001590,29266.497373,0.057000
2026-08-12,17:58:15,0.602413,0.253216,0.001590,29266.497373,0.057000
2026-08-12,17:58:16,0.602413,0.253216,0.001590,29266.498963,0.057000
2026-08-12,17:58:16,0.511685,0.253216,0.001590,29266.500553,0.057000
2026-08-12,17:58:17,0.567052,0.253216,0.001590,29266.500553,0.057000
2026-08-12,17:58:18,0.608728,0.253216,0.001590,29266.502143,0.057000
2026-08-12,17:58:18,0.206242,0.249154,0.001570,29266.503733,0.057000
2026-08-12,17:58:19,0.206242,0.249154,0.001570,29266.503733,0.057000
2026-08-12,17:58:20,0.574256,0.249154,0.001570,29266.505303,0.057000
2026-08-12,17:58:20,0.350290,0.249154,0.001570,29266.506873,0.057000
2026-08-12,17:58:21,0.309041,0.249154,0.001570,29266.506873,0.057000
2026-08-12,17:58:22,0.309041,0.249154,0.001570,29266.508443,0.057000
2026-08-12,17:58:22,0.556532,0.249154,0.001570,29266.510013,0.057000
2026-08-12,17:58:23,0.350290,0.249154,0.001570,29266.510013,0.057000
2026-08-12,17:58:24,0.535908,0.249154,0.001570,29266.511583,0.057000
2026-08-12,17:58:24,0.535908,0.249154,0.001570,29266.513153,0.057000
2026-08-12,17:58:25,0.535908,0.249154,0.001570,29266.513153,0.057000
2026-08-12,17:58:26,0.123745,0.249154,0.001570,29266.514723,0.057000
2026-08-12,17:58:26,0.414740,0.249154,0.001570,29266.516293,0.057000
2026-08-12,17:58:27,0.123745,0.249154,0.001570,29266.516293,0.057000
2026-08-12,17:58:28,0.123745,0.249154,0.001570,29266.517863,0.057000
2026-08-12,17:58:28,0.591980,0.249154,0.001570,29266.519433,0.057000
2026-08-12,17:58:29,0.577156,0.249154,0.001570,29266.519433,0.057000
2026-08-12,17:58:30,0.267793,0.250863,0.001580,29266.521003,0.057000
2026-08-12,17:58:30,0.355771,0.250863,0.001580,29266.522583,0.057000
2026-08-12,17:58:31,0.355771,0.250863,0.001580,29266.522583,0.057000
2026-08-12,17:58:32,0.481780,0.250863,0.001580,29266.524163,0.057000
2026-08-12,17:58:32,0.334824,0.250863,0.001580,29266.525743,0.057000
2026-08-12,17:58:33,0.225967,0.244210,0.001540,29266.525743,0.057000
2026-08-12,17:58:34,0.308574,0.244210,0.001540,29266.527283,0.057000
2026-08-12,17:58:34,0.308574,0.244210,0.001540,29266.528823,0.057000
2026-08-12,17:58:35,0.370289,0.244210,0.001540,29266.528823,0.057000
2026-08-12,17:58:36,0.294802,0.244210,0.001540,29266.530363,0.057000
2026-08-12,17:58:36,0.562710,0.244210,0.001540,29266.531903,0.057000
2026-08-12,17:58:37,0.562710,0.244210,0.001540,29266.531903,0.057000
2026-08-12,17:58:38,0.367484,0.244210,0.001540,29266.533443,0.057000
2026-08-12,17:58:38,0.538991,0.244210,0.001540,29266.534983,0.057000
2026-08-12,17:58:39,0.538991,0.244210,0.001540,29266.534983,0.057000
2026-08-12,17:58:40,0.414609,0.244210,0.001540,29266.536523,0.057000
2026-08-12,17:58:40,0.414609,0.244210,0.001540,29266.538063,0.057000
2026-08-12,17:58:41,0.538991,0.244210,0.001540,29266.538063,0.057000
2026-08-12,17:58:42,0.600859,0.244210,0.001540,29266.539603,0.057000
2026-08-12,17:58:42,0.373148,0.244210,0.001540,29266.541143,0.057000
2026-08-12,17:58:43,0.373148,0.244210,0.001540,29266.541143,0.057000
2026-08-12,17:58:44,0.455098,0.244210,0.001540,29266.542683,0.057000
2026-08-12,17:58:44,0.228035,0.246442,0.001550,29266.544233,0.057000
2026-08-12,17:58:45,0.580452,0.246442,0.001550,29266.544233,0.057000
2026-08-12,17:58:46,0.580452,0.246442,0.001550,29266.545783,0.057000
2026-08-12,17:58:46,0.414609,0.246442,0.001550,29266.547333,0.057000
2026-08-12,17:58:47,0.642644,0.246442,0.001550,29266.547333,0.057000
2026-08-12,17:58:48,0.244554,0.254440,0.001550,29266.548883,0.057000
2026-08-12,17:58:48,0.559722,0.254440,0.001600,29266.550483,0.057000
2026-08-12,17:58:49,0.559722,0.254440,0.001600,29266.550483,0.057000
2026-08-12,17:58:50,0.227711,0.245542,0.001600,29266.552083,0.057000
2026-08-12,17:58:50,0.515022,0.245542,0.001540,29266.553623,0.057000
2026-08-12,17:58:51,0.600859,0.245542,0.001540,29266.553623,0.057000
2026-08-12,17:58:52,0.600859,0.245542,0.001540,29266.555163,0.057000
2026-08-12,17:58:52,0.124059,0.245542,0.001540,29266.556703,0.057000
2026-08-12,17:58:53,0.273416,0.252099,0.001590,29266.556703,0.057000
2026-08-12,17:58:54,0.132430,0.252099,0.001590,29266.558293,0.057000
2026-08-12,17:58:54,0.493398,0.252099,0.001590,29266.559883,0.057000
2026-08-12,17:58:55,0.493398,0.252099,0.001590,29266.559883,0.057000
2026-08-12,17:58:56,0.577934,0.252099,0.001590,29266.561473,0.057000
2026-08-12,17:58:56,0.144001,0.252099,0.001590,29266.563063,0.057000
2026-08-12,17:58:57,0.637078,0.252099,0.001590,29266.563063,0.057000
2026-08-12,17:58:58,0.637078,0.258912,0.001590,29266.564653,0.057000
2026-08-12,17:58:58,0.321432,0.258912,0.001630,29266.566283,0.057000
2026-08-12,17:58:59,0.143680,0.258912,0.001630,29266.566283,0.057000
2026-08-12,17:59:00,0.267431,0.257402,0.001630,29266.567913,0.057000
2026-08-12,17:59:00,0.267110,0.252969,0.001590,29266.569503,0.057000
2026-08-12,17:59:01,0.267110,0.252969,0.001590,29266.569503,0.057000
2026-08-12,17:59:02,0.473148,0.252969,0.001590,29266.571093,0.057000
2026-08-12,17:59:02,0.390540,0.252969,0.001590,29266.572683,0.057000
2026-08-12,17:59:03,0.313717,0.252969,0.001590,29266.572683,0.057000
2026-08-12,17:59:04,0.267110,0.252969,0.001590,29266.574273,0.057000
2026-08-12,17:59:04,0.267110,0.252969,0.001590,29266.575863,0.057000
2026-08-12,17:59:05,0.526432,0.252969,0.001590,29266.575863,0.057000
2026-08-12,17:59:06,0.318881,0.264233,0.001660,29266.577523,0.057000
2026-08-12,17:59:06,0.291419,0.266595,0.001680,29266.579203,0.057000
2026-08-12,17:59:07,0.291419,0.266595,0.001680,29266.579203,0.057000
2026-08-12,17:59:08,0.446175,0.266595,0.001680,29266.580883,0.057000
2026-08-12,17:59:08,0.371866,0.266595,0.001680,29266.582563,0.057000
2026-08-12,17:59:09,0.392543,0.266595,0.001680,29266.582563,0.057000
2026-08-12,17:59:10,0.392543,0.266595,0.001680,29266.584243,0.057000
2026-08-12,17:59:10,0.599315,0.266595,0.001680,29266.585923,0.057000
2026-08-12,17:59:11,0.496491,0.266595,0.001680,29266.585923,0.057000
2026-08-12,17:59:12,0.450283,0.266595,0.001680,29266.587603,0.057000
2026-08-12,17:59:12,0.450283,0.266595,0.001680,29266.589283,0.057000
2026-08-12,17:59:13,0.347626,0.266595,0.001680,29266.589283,0.057000
2026-08-12,17:59:14,0.581393,0.266595,0.001680,29266.590963,0.057000
2026-08-12,17:59:14,0.208923,0.264891,0.001670,29266.592633,0.057000
2026-08-12,17:59:15,0.208923,0.262980,0.001670,29266.592633,0.057000
2026-08-12,17:59:16,0.208923,0.262980,0.001650,29266.594283,0.057000
2026-08-12,17:59:16,0.250708,0.263595,0.001650,29266.595933,0.057000
2026-08-12,17:59:17,0.334277,0.263595,0.001660,29266.595933,0.057000
2026-08-12,17:59:18,0.188031,0.259627,0.001630,29266.597593,0.057000
2026-08-12,17:59:18,0.188031,0.259627,0.001630,29266.599223,0.057000
2026-08-12,17:59:19,0.617302,0.259627,0.001630,29266.599223,0.057000
2026-08-12,17:59:20,0.555113,0.259627,0.001630,29266.600853,0.057000
2026-08-12,17:59:20,0.246538,0.256939,0.001630,29266.602483,0.057000
2026-08-12,17:59:21,0.596577,0.256939,0.001620,29266.602483,0.057000
2026-08-12,17:59:22,0.596577,0.256939,0.001620,29266.604103,0.057000
2026-08-12,17:59:22,0.150430,0.256939,0.001620,29266.605723,0.057000
2026-08-12,17:59:23,0.452576,0.256939,0.001620,29266.605723,0.057000
2026-08-12,17:59:24,0.267431,0.251539,0.001580,29266.607343,0.057000
2026-08-12,17:59:24,0.522307,0.251539,0.001580,29266.608923,0.057000
2026-08-12,17:59:25,0.522307,0.251539,0.001580,29266.608923,0.057000
2026-08-12,17:59:26,0.292166,0.254013,0.001600,29266.610503,0.057000
2026-08-12,17:59:26,0.279108,0.255213,0.001600,29266.612103,0.057000
2026-08-12,17:59:27,0.555434,0.255213,0.001600,29266.612103,0.057000
2026-08-12,17:59:28,0.555434,0.255213,0.001600,29266.613703,0.057000
2026-08-12,17:59:28,0.123108,0.255213,0.001600,29266.615303,0.057000
2026-08-12,17:59:29,0.226288,0.245953,0.001550,29266.615303,0.057000
2026-08-12,17:59:30,0.584658,0.245953,0.001550,29266.616853,0.057000
2026-08-12,17:59:30,0.564092,0.245953,0.001550,29266.618403,0.057000
2026-08-12,17:59:31,0.564092,0.245953,0.001550,29266.618403,0.057000
2026-08-12,17:59:32,0.349718,0.245953,0.001550,29266.619953,0.057000
2026-08-12,17:59:32,0.329146,0.245953,0.001550,29266.621503,0.057000
2026-08-12,17:59:33,0.349718,0.245953,0.001550,29266.621503,0.057000
2026-08-12,17:59:34,0.349718,0.245953,0.001550,29266.623053,0.057000
2026-08-12,17:59:34,0.576970,0.245953,0.001550,29266.624603,0.057000
2026-08-12,17:59:35,0.659578,0.245953,0.001550,29266.624603,0.057000
2026-08-12,17:59:36,0.617149,0.245953,0.001550,29266.626153,0.057000
2026-08-12,17:59:36,0.617149,0.245953,0.001550,29266.627703,0.057000
2026-08-12,17:59:37,0.357645,0.245953,0.001550,29266.627703,0.057000
2026-08-12,17:59:38,0.556854,0.245953,0.001550,29266.629253,0.057000
2026-08-12,17:59:38,0.391538,0.245953,0.001550,29266.630803,0.057000
2026-08-12,17:59:39,0.391538,0.245953,0.001550,29266.630803,0.057000
2026-08-12,17:59:40,0.556532,0.245953,0.001550,29266.632353,0.057000
2026-08-12,17:59:40,0.618405,0.245953,0.001550,29266.633903,0.057000
2026-08-12,17:59:41,0.639351,0.245953,0.001550,29266.633903,0.057000
2026-08-12,17:59:42,0.639351,0.245953,0.001550,29266.635453,0.057000
2026-08-12,17:59:42,0.589275,0.245953,0.001550,29266.637003,0.057000
2026-08-12,17:59:43,0.448828,0.245953,0.001550,29266.637003,0.057000
2026-08-12,17:59:44,0.608728,0.245953,0.001550,29266.638553,0.057000
2026-08-12,17:59:44,0.314701,0.248282,0.001560,29266.640113,0.057000
2026-08-12,17:59:45,0.314701,0.248282,0.001560,29266.640113,0.057000
2026-08-12,17:59:46,0.574221,0.248282,0.001560,29266.641673,0.057000
2026-08-12,17:59:46,0.567052,0.248282,0.001560,29266.643233,0.057000
2026-08-12,17:59:47,0.515606,0.248282,0.001560,29266.643233,0.057000
2026-08-12,17:59:48,0.515606,0.252138,0.001560,29266.644793,0.057000
2026-08-12,17:59:48,0.247491,0.252138,0.001590,29266.646383,0.057000
2026-08-12,17:59:49,0.304852,0.261731,0.001590,29266.646383,0.057000
2026-08-12,17:59:50,0.496915,0.261731,0.001650,29266.648033,0.057000
2026-08-12,17:59:50,0.453733,0.261731,0.001650,29266.649683,0.057000
2026-08-12,17:59:51,0.453733,0.261731,0.001650,29266.649683,0.057000
2026-08-12,17:59:52,0.536230,0.261731,0.001650,29266.651333,0.057000
2026-08-12,17:59:52,0.577156,0.261731,0.001650,29266.652983,0.057000
2026-08-12,17:59:53,0.536230,0.261731,0.001650,29266.652983,0.057000
2026-08-12,17:59:54,0.536230,0.261731,0.001650,29266.654633,0.057000
2026-08-12,17:59:54,0.144370,0.261731,0.001650,29266.656283,0.057000
2026-08-12,17:59:55,0.144047,0.261731,0.001650,29266.656283,0.057000
2026-08-12,17:59:56,0.350612,0.261731,0.001650,29266.657933,0.057000
2026-08-12,17:59:56,0.301629,0.261731,0.001650,29266.659583,0.057000
2026-08-12,17:59:57,0.301629,0.261731,0.001650,29266.659583,0.057000
2026-08-12,17:59:58,0.309041,0.261731,0.001650,29266.661233,0.057000
2026-08-12,17:59:58,0.598103,0.261731,0.001650,29266.662883,0.057000
2026-08-12,17:59:59,0.247491,0.261410,0.001650,29266.662883,0.057000
2026-08-12,18:00:00,0.247491,0.261410,0.001640,29266.664523,0.057000
2026-08-12,18:00:00,0.489492,0.261410,0.001640,29266.664523,0.057000
2026-08-12,18:00:01,0.123423,0.261410,0.001640,29266.666163,0.057000
2026-08-12,18:00:02,0.521406,0.261410,0.001640,29266.667803,0.057000
2026-08-12,18:00:02,0.494659,0.261410,0.001640,29266.667803,0.057000
2026-08-12,18:00:03,0.494659,0.265261,0.001640,29266.669443,0.057000
2026-08-12,18:00:04,0.226544,0.265261,0.001670,29266.671113,0.057000
2026-08-12,18:00:04,0.247491,0.265356,0.001670,29266.671113,0.057000
2026-08-12,18:00:05,0.577156,0.265356,0.001670,29266.672783,0.057000
2026-08-12,18:00:06,0.577156,0.265356,0.001670,29266.674453,0.057000
2026-08-12,18:00:06,0.370914,0.265356,0.001670,29266.674453,0.057000
2026-08-12,18:00:07,0.467211,0.265356,0.001670,29266.676123,0.057000
2026-08-12,18:00:08,0.487207,0.265356,0.001670,29266.677793,0.057000
2026-08-12,18:00:08,0.497531,0.265356,0.001670,29266.677793,0.057000
2026-08-12,18:00:09,0.497531,0.265356,0.001670,29266.679463,0.057000
2026-08-12,18:00:10,0.589604,0.265356,0.001670,29266.681133,0.057000
2026-08-12,18:00:10,0.267793,0.265392,0.001670,29266.681133,0.057000
2026-08-12,18:00:11,0.399759,0.265392,0.001670,29266.682803,0.057000
2026-08-12,18:00:12,0.399759,0.265392,0.001670,29266.684473,0.057000
2026-08-12,18:00:12,0.566361,0.265392,0.001670,29266.684473,0.057000
2026-08-12,18:00:13,0.599315,0.265392,0.001670,29266.686143,0.057000
2026-08-12,18:00:14,0.558284,0.265392,0.001670,29266.687813,0.057000
2026-08-12,18:00:14,0.558284,0.265392,0.001670,29266.687813,0.057000
2026-08-12,18:00:15,0.661346,0.265392,0.001670,29266.689483,0.057000
2026-08-12,18:00:16,0.309834,0.267159,0.001680,29266.691153,0.057000
2026-08-12,18:00:16,0.413220,0.267159,0.001680,29266.691153,0.057000
2026-08-12,18:00:17,0.413220,0.267159,0.001680,29266.692833,0.057000
2026-08-12,18:00:18,0.495929,0.267159,0.001680,29266.694513,0.057000
2026-08-12,18:00:18,0.516606,0.267159,0.001680,29266.694513,0.057000
2026-08-12,18:00:19,0.475575,0.267159,0.001680,29266.696193,0.057000
2026-08-12,18:00:20,0.475575,0.267159,0.001680,29266.697873,0.057000
2026-08-12,18:00:20,0.516929,0.267159,0.001680,29266.697873,0.057000
2026-08-12,18:00:21,0.516929,0.267159,0.001680,29266.699553,0.057000
2026-08-12,18:00:22,0.495929,0.267159,0.001680,29266.701233,0.057000
2026-08-12,18:00:22,0.495929,0.267159,0.001680,29266.701233,0.057000
2026-08-12,18:00:23,0.516929,0.267159,0.001680,29266.702913,0.057000
2026-08-12,18:00:24,0.537283,0.267159,0.001680,29266.704593,0.057000
2026-08-12,18:00:24,0.309834,0.270232,0.001700,29266.704593,0.057000
2026-08-12,18:00:25,0.413220,0.270232,0.001700,29266.706293,0.057000
2026-08-12,18:00:26,0.413220,0.270232,0.001700,29266.707993,0.057000
2026-08-12,18:00:26,0.614500,0.270232,0.001700,29266.707993,0.057000
2026-08-12,18:00:27,0.550207,0.270232,0.001700,29266.709693,0.057000
2026-08-12,18:00:28,0.537606,0.270232,0.001700,29266.711393,0.057000
2026-08-12,18:00:28,0.537606,0.270232,0.001700,29266.711393,0.057000
2026-08-12,18:00:29,0.392543,0.270232,0.001700,29266.713093,0.057000
2026-08-12,18:00:29,0.475252,0.270232,0.001700,29266.714793,0.057000
2026-08-12,18:00:30,0.578961,0.270232,0.001700,29266.714793,0.057000
2026-08-12,18:00:31,0.578961,0.270232,0.001700,29266.716493,0.057000
2026-08-12,18:00:31,0.434221,0.270232,0.001700,29266.718193,0.057000
2026-08-12,18:00:32,0.185771,0.270232,0.001700,29266.718193,0.057000
2026-08-12,18:00:33,0.248126,0.272416,0.001700,29266.719893,0.057000
2026-08-12,18:00:33,0.186095,0.259555,0.001710,29266.721603,0.057000
2026-08-12,18:00:34,0.186095,0.259555,0.001630,29266.721603,0.057000
2026-08-12,18:00:35,0.248126,0.259555,0.001630,29266.723233,0.057000
2026-08-12,18:00:35,0.227449,0.259555,0.001630,29266.724863,0.057000
2026-08-12,18:00:36,0.082709,0.259555,0.001630,29266.724863,0.057000
2026-08-12,18:00:37,0.082709,0.259555,0.001630,29266.726493,0.057000
2026-08-12,18:00:37,0.139248,0.259555,0.001630,29266.728123,0.057000
2026-08-12,18:00:38,0.289480,0.263754,0.001660,29266.728123,0.057000
2026-08-12,18:00:39,0.165094,0.263754,0.001660,29266.729783,0.057000
2026-08-12,18:00:39,0.248126,0.258081,0.001660,29266.731443,0.057000
2026-08-12,18:00:40,0.248126,0.264316,0.001660,29266.731443,0.057000
2026-08-12,18:00:41,0.309834,0.264316,0.001660,29266.733103,0.057000
2026-08-12,18:00:41,0.351512,0.276813,0.001740,29266.734843,0.057000
2026-08-12,18:00:42,0.371866,0.289250,0.001820,29266.734843,0.057000
2026-08-12,18:00:43,0.516606,0.289250,0.001820,29266.736663,0.057000
2026-08-12,18:00:43,0.516606,0.289250,0.001820,29266.738483,0.057000
2026-08-12,18:00:44,0.268803,0.289351,0.001820,29266.738483,0.057000
2026-08-12,18:00:45,0.413543,0.289351,0.001820,29266.740303,0.057000
2026-08-12,18:00:45,0.475575,0.289351,0.001820,29266.742123,0.057000
2026-08-12,18:00:46,0.475575,0.283180,0.001780,29266.742123,0.057000
2026-08-12,18:00:47,0.248126,0.283180,0.001780,29266.743903,0.057000
2026-08-12,18:00:47,0.165094,0.283180,0.001780,29266.745683,0.057000
2026-08-12,18:00:48,0.103386,0.283180,0.001780,29266.745683,0.057000
2026-08-12,18:00:49,0.434221,0.283180,0.001780,29266.747463,0.057000
2026-08-12,18:00:49,0.434221,0.283180,0.001780,29266.749243,0.057000
2026-08-12,18:00:50,0.247803,0.276977,0.001780,29266.749243,0.057000
2026-08-12,18:00:51,0.398709,0.276977,0.001740,29266.750983,0.057000
2026-08-12,18:00:51,0.189017,0.276977,0.001740,29266.752723,0.057000
2026-08-12,18:00:52,0.189017,0.276977,0.001740,29266.752723,0.057000
2026-08-12,18:00:53,0.568299,0.276977,0.001740,29266.754463,0.057000
2026-08-12,18:00:53,0.537606,0.276977,0.001740,29266.756203,0.057000
2026-08-12,18:00:54,0.419711,0.276977,0.001740,29266.756203,0.057000
2026-08-12,18:00:55,0.167687,0.276977,0.001740,29266.757943,0.057000
2026-08-12,18:00:55,0.167687,0.274909,0.001730,29266.759673,0.057000
2026-08-12,18:00:56,0.227449,0.274909,0.001730,29266.759673,0.057000
2026-08-12,18:00:57,0.516929,0.274909,0.001730,29266.761403,0.057000
2026-08-12,18:00:57,0.351189,0.291419,0.001830,29266.763233,0.057000
2026-08-12,18:00:58,0.516606,0.291419,0.001830,29266.763233,0.057000
2026-08-12,18:00:59,0.516606,0.291419,0.001830,29266.765063,0.057000
2026-08-12,18:00:59,0.144417,0.291419,0.001830,29266.766893,0.057000
2026-08-12,18:01:00,0.353127,0.297784,0.001830,29266.766893,0.057000
2026-08-12,18:01:01,0.372189,0.310190,0.001950,29266.768843,0.057000
2026-08-12,18:01:01,0.372189,0.310190,0.001950,29266.770793,0.057000
2026-08-12,18:01:02,0.186095,0.310190,0.001950,29266.770793,0.057000
2026-08-12,18:01:03,0.599638,0.310190,0.001950,29266.772743,0.057000
2026-08-12,18:01:03,0.248126,0.304019,0.001910,29266.774653,0.057000
2026-08-12,18:01:04,0.268803,0.295748,0.001910,29266.774653,0.057000
2026-08-12,18:01:05,0.268803,0.295748,0.001860,29266.776513,0.057000
2026-08-12,18:01:05,0.608728,0.295748,0.001860,29266.778373,0.057000
2026-08-12,18:01:06,0.503718,0.295748,0.001860,29266.778373,0.057000
2026-08-12,18:01:07,0.577156,0.295748,0.001860,29266.780233,0.057000
2026-08-12,18:01:07,0.577156,0.295748,0.001860,29266.782093,0.057000
2026-08-12,18:01:08,0.628395,0.295748,0.001860,29266.782093,0.057000
2026-08-12,18:01:09,0.556854,0.295748,0.001860,29266.783953,0.057000
2026-08-12,18:01:09,0.596814,0.295748,0.001860,29266.785813,0.057000
2026-08-12,18:01:10,0.596814,0.289466,0.001860,29266.785813,0.057000
2026-08-12,18:01:11,0.309041,0.289466,0.001820,29266.787673,0.057000
2026-08-12,18:01:11,0.556854,0.289466,0.001820,29266.789493,0.057000
2026-08-12,18:01:12,0.576834,0.289466,0.001820,29266.789493,0.057000
2026-08-12,18:01:13,0.576834,0.289466,0.001820,29266.791313,0.057000
2026-08-12,18:01:13,0.494982,0.289466,0.001820,29266.793133,0.057000
2026-08-12,18:01:14,0.535908,0.289466,0.001820,29266.793133,0.057000
2026-08-12,18:01:15,0.556854,0.289466,0.001820,29266.794953,0.057000
2026-08-12,18:01:15,0.556854,0.289466,0.001820,29266.796773,0.057000
2026-08-12,18:01:16,0.547830,0.289466,0.001820,29266.796773,0.057000
2026-08-12,18:01:17,0.586187,0.289466,0.001820,29266.798593,0.057000
2026-08-12,18:01:17,0.523346,0.289466,0.001820,29266.800413,0.057000
2026-08-12,18:01:18,0.523346,0.289466,0.001820,29266.800413,0.057000
2026-08-12,18:01:19,0.558694,0.289466,0.001820,29266.802233,0.057000
2026-08-12,18:01:19,0.593913,0.553140,0.003480,29266.805713,0.057000
2026-08-12,18:01:20,0.288739,0.553140,0.003480,29266.805713,0.057000
2026-08-12,18:01:21,0.577479,0.555203,0.003480,29266.809193,0.057000
2026-08-12,18:01:21,0.577479,0.555203,0.003500,29266.812693,0.057000
2026-08-12,18:01:22,0.535908,0.551110,0.003470,29266.812693,0.057000
2026-08-12,18:01:23,0.494982,0.551110,0.003470,29266.816163,0.057000
2026-08-12,18:01:23,0.592302,0.556750,0.003470,29266.816163,0.057000
2026-08-12,18:01:24,0.592302,0.556750,0.003510,29266.819633,0.057000
2026-08-12,18:01:25,0.350612,0.556750,0.003510,29266.823143,0.057000
2026-08-12,18:01:25,0.577156,0.558780,0.003520,29266.823143,0.057000
2026-08-12,18:01:26,0.371236,0.558780,0.003520,29266.826663,0.057000
2026-08-12,18:01:27,0.247491,0.558780,0.003520,29266.830183,0.057000
2026-08-12,18:01:27,0.247491,0.558780,0.003520,29266.830183,0.057000
2026-08-12,18:01:28,0.515606,0.555557,0.003500,29266.833703,0.057000
2026-08-12,18:01:29,0.556532,0.552592,0.003500,29266.837203,0.057000
2026-08-12,18:01:29,0.309363,0.552592,0.003480,29266.837203,0.057000
2026-08-12,18:01:30,0.309363,0.552592,0.003480,29266.840683,0.057000
2026-08-12,18:01:31,0.185618,0.552592,0.003480,29266.844163,0.057000
2026-08-12,18:01:31,0.268115,0.552592,0.003480,29266.844163,0.057000
2026-08-12,18:01:32,0.577479,0.558005,0.003510,29266.847643,0.057000
2026-08-12,18:01:33,0.123745,0.558005,0.003510,29266.851153,0.057000
2026-08-12,18:01:33,0.123745,0.561591,0.003510,29266.851153,0.057000
2026-08-12,18:01:34,0.594558,0.561591,0.003510,29266.854663,0.057000
2026-08-12,18:01:35,0.205920,0.561591,0.003540,29266.858203,0.057000
2026-08-12,18:01:35,0.536230,0.555823,0.003500,29266.858203,0.057000
2026-08-12,18:01:36,0.350290,0.555823,0.003500,29266.861703,0.057000
2026-08-12,18:01:37,0.350290,0.555823,0.003500,29266.865203,0.057000
2026-08-12,18:01:37,0.453733,0.555823,0.003500,29266.865203,0.057000
2026-08-12,18:01:38,0.164994,0.555823,0.003500,29266.868703,0.057000
2026-08-12,18:01:39,0.309041,0.555823,0.003500,29266.872203,0.057000
2026-08-12,18:01:39,0.309041,0.555823,0.003500,29266.872203,0.057000
2026-08-12,18:01:40,0.082497,0.555823,0.003500,29266.875703,0.057000
2026-08-12,18:01:41,0.226544,0.555823,0.003500,29266.879203,0.057000
2026-08-12,18:01:41,0.556854,0.553761,0.003490,29266.879203,0.057000
2026-08-12,18:01:42,0.618727,0.562043,0.003490,29266.882693,0.057000
2026-08-12,18:01:43,0.618727,0.562043,0.003540,29266.886233,0.057000
2026-08-12,18:01:43,0.288739,0.562043,0.003540,29266.886233,0.057000
2026-08-12,18:01:44,0.247491,0.562043,0.003540,29266.889773,0.057000
2026-08-12,18:01:45,0.535908,0.566135,0.003570,29266.893343,0.057000
2026-08-12,18:01:45,0.535908,0.566135,0.003570,29266.893343,0.057000
2026-08-12,18:01:46,0.334499,0.566135,0.003570,29266.896913,0.057000
2026-08-12,18:01:47,0.267793,0.566135,0.003570,29266.900483,0.057000
2026-08-12,18:01:47,0.412162,0.548121,0.003450,29266.900483,0.057000
2026-08-12,18:01:48,0.412485,0.531654,0.003450,29266.903933,0.057000
2026-08-12,18:01:49,0.412485,0.515122,0.003350,29266.907283,0.057000
2026-08-12,18:01:49,0.350290,0.515122,0.003350,29266.907283,0.057000
2026-08-12,18:01:50,0.206242,0.515122,0.003240,29266.910523,0.057000
2026-08-12,18:01:51,0.577156,0.517185,0.003260,29266.913783,0.057000
2026-08-12,18:01:51,0.226544,0.517185,0.003260,29266.913783,0.057000
2026-08-12,18:01:52,0.226544,0.517185,0.003260,29266.917043,0.057000
2026-08-12,18:01:53,0.325154,0.517185,0.003260,29266.920303,0.057000
2026-08-12,18:01:53,0.309041,0.517185,0.003260,29266.920303,0.057000
2026-08-12,18:01:54,0.132124,0.517185,0.003260,29266.923563,0.057000
2026-08-12,18:01:55,0.132124,0.517185,0.003260,29266.926823,0.057000
2026-08-12,18:01:55,0.329665,0.517185,0.003260,29266.926823,0.057000
2026-08-12,18:01:56,0.294027,0.517185,0.003260,29266.930083,0.057000
2026-08-12,18:01:57,0.231021,0.517185,0.003260,29266.933343,0.057000
2026-08-12,18:01:57,0.411111,0.500548,0.003260,29266.933343,0.058000
2026-08-12,18:01:58,0.411111,0.500548,0.003240,29266.936583,0.058000
2026-08-12,18:01:59,0.566724,0.500548,0.003240,29266.939823,0.058000
2026-08-12,18:01:59,0.102858,0.500548,0.003240,29266.939823,0.058000
2026-08-12,18:02:00,0.164252,0.500548,0.003240,29266.943063,0.058000
2026-08-12,18:02:01,0.164252,0.500548,0.003240,29266.946303,0.058000
2026-08-12,18:02:01,0.164252,0.500548,0.003240,29266.946303,0.057000
2026-08-12,18:02:02,0.349396,0.500548,0.003150,29266.949543,0.057000
2026-08-12,18:02:03,0.267431,0.500548,0.003150,29266.952693,0.057000
2026-08-12,18:02:03,0.123430,0.500548,0.003150,29266.952693,0.057000
2026-08-12,18:02:04,0.123430,0.499744,0.003150,29266.955843,0.057000
2026-08-12,18:02:05,0.586514,0.499744,0.003150,29266.958993,0.057000
2026-08-12,18:02:05,0.355771,0.499744,0.003150,29266.958993,0.057000
2026-08-12,18:02:06,0.146629,0.499744,0.003150,29266.962143,0.057000
2026-08-12,18:02:07,0.329914,0.499744,0.003150,29266.965293,0.057000
2026-08-12,18:02:07,0.329914,0.499744,0.003150,29266.965293,0.057000
2026-08-12,18:02:08,0.377045,0.499744,0.003150,29266.968443,0.057000
2026-08-12,18:02:09,0.163834,0.499744,0.003150,29266.971593,0.057000
2026-08-12,18:02:09,0.523346,0.498455,0.003150,29266.971593,0.057000
2026-08-12,18:02:10,0.523346,0.498455,0.003140,29266.974743,0.057000
2026-08-12,18:02:11,0.232497,0.498455,0.003140,29266.977883,0.057000
2026-08-12,18:02:11,0.542765,0.497046,0.003130,29266.977883,0.057000
2026-08-12,18:02:12,0.096915,0.497046,0.003130,29266.981013,0.057000
2026-08-12,18:02:13,0.103920,0.497046,0.003130,29266.984143,0.057000
2026-08-12,18:02:13,0.103920,0.497046,0.003130,29266.984143,0.057000
2026-08-12,18:02:14,0.311436,0.497046,0.003130,29266.987273,0.057000
2026-08-12,18:02:15,0.249409,0.497046,0.003130,29266.990403,0.057000
2026-08-12,18:02:15,0.290652,0.497046,0.003130,29266.990403,0.057000
2026-08-12,18:02:16,0.290652,0.485932,0.003060,29266.993533,0.057000
2026-08-12,18:02:17,0.507585,0.485932,0.003060,29266.996593,0.057000
2026-08-12,18:02:17,0.290977,0.485932,0.003060,29266.996593,0.057000
2026-08-12,18:02:18,0.654373,0.485932,0.003060,29266.999653,0.057000
2026-08-12,18:02:19,0.540385,0.485932,0.003060,29267.002713,0.057000
2026-08-12,18:02:19,0.540385,0.485932,0.003060,29267.002713,0.057000
2026-08-12,18:02:20,0.569721,0.485932,0.003060,29267.005773,0.057000
2026-08-12,18:02:21,0.233562,0.485932,0.003060,29267.008833,0.057000
2026-08-12,18:02:21,0.298000,0.485932,0.003060,29267.008833,0.057000
2026-08-12,18:02:22,0.298000,0.488281,0.003060,29267.011893,0.057000
2026-08-12,18:02:23,0.559398,0.488281,0.003080,29267.014973,0.057000
2026-08-12,18:02:23,0.469350,0.494000,0.003110,29267.014973,0.057000
2026-08-12,18:02:24,0.457041,0.498456,0.003110,29267.018083,0.057000
2026-08-12,18:02:25,0.373148,0.500742,0.003140,29267.021223,0.057000
2026-08-12,18:02:25,0.373148,0.500742,0.003150,29267.021223,0.057000
2026-08-12,18:02:26,0.518261,0.500742,0.003150,29267.024373,0.057000
2026-08-12,18:02:27,0.621589,0.500742,0.003150,29267.027523,0.057000
2026-08-12,18:02:27,0.476476,0.500742,0.003150,29267.027523,0.057000
2026-08-12,18:02:28,0.476476,0.500742,0.003150,29267.030673,0.057000
2026-08-12,18:02:29,0.414609,0.500742,0.003150,29267.033823,0.057000
2026-08-12,18:02:29,0.497531,0.500742,0.003150,29267.033823,0.057000
2026-08-12,18:02:30,0.476800,0.500742,0.003150,29267.036973,0.057000
2026-08-12,18:02:31,0.476800,0.500742,0.003150,29267.040123,0.057000
2026-08-12,18:02:31,0.248441,0.500742,0.003150,29267.040123,0.057000
2026-08-12,18:02:32,0.538668,0.496893,0.003150,29267.043273,0.057000
2026-08-12,18:02:33,0.212811,0.496893,0.003130,29267.046403,0.057000
2026-08-12,18:02:33,0.266257,0.496893,0.003130,29267.046403,0.057000
2026-08-12,18:02:34,0.266257,0.496893,0.003130,29267.049533,0.057000
2026-08-12,18:02:34,0.248765,0.496893,0.003130,29267.052663,0.057000
2026-08-12,18:02:35,0.248765,0.496893,0.003130,29267.052663,0.057000
2026-08-12,18:02:36,0.538991,0.509681,0.003130,29267.055793,0.057000
2026-08-12,18:02:36,0.538991,0.509681,0.003210,29267.059003,0.057000
2026-08-12,18:02:37,0.227711,0.509681,0.003210,29267.059003,0.058000
2026-08-12,18:02:38,0.476800,0.498709,0.003140,29267.062143,0.058000
2026-08-12,18:02:38,0.559722,0.502347,0.003250,29267.065393,0.058000
2026-08-12,18:02:39,0.393508,0.487421,0.003250,29267.065393,0.058000
2026-08-12,18:02:40,0.393508,0.487421,0.003150,29267.068543,0.058000
2026-08-12,18:02:40,0.526432,0.487421,0.003150,29267.071693,0.058000
2026-08-12,18:02:41,0.496252,0.487421,0.003150,29267.071693,0.058000
2026-08-12,18:02:42,0.599315,0.487421,0.003150,29267.074843,0.058000
2026-08-12,18:02:42,0.599315,0.487421,0.003150,29267.077993,0.058000
2026-08-12,18:02:43,0.578961,0.487421,0.003150,29267.077993,0.058000
2026-08-12,18:02:44,0.557960,0.487421,0.003150,29267.081143,0.058000
2026-08-12,18:02:44,0.392543,0.487421,0.003150,29267.081143,0.058000
2026-08-12,18:02:45,0.392543,0.487421,0.003150,29267.084293,0.058000
2026-08-12,18:02:46,0.516929,0.488356,0.003160,29267.087453,0.058000
2026-08-12,18:02:46,0.503718,0.482788,0.003120,29267.087453,0.058000
2026-08-12,18:02:47,0.306237,0.482788,0.003120,29267.090573,0.058000
2026-08-12,18:02:48,0.306237,0.482788,0.003120,29267.093693,0.058000
2026-08-12,18:02:48,0.293257,0.482788,0.003120,29267.093693,0.058000
2026-08-12,18:02:49,0.565567,0.492409,0.003120,29267.096813,0.058000
2026-08-12,18:02:50,0.635281,0.510233,0.003300,29267.100113,0.058000
2026-08-12,18:02:50,0.607461,0.533665,0.003450,29267.100113,0.058000
2026-08-12,18:02:51,0.607461,0.533665,0.003450,29267.103563,0.058000
2026-08-12,18:02:52,0.355771,0.533665,0.003450,29267.107013,0.058000
2026-08-12,18:02:52,0.397665,0.533665,0.003450,29267.107013,0.058000
2026-08-12,18:02:53,0.185618,0.533665,0.003450,29267.110463,0.058000
2026-08-12,18:02:54,0.185618,0.540511,0.003450,29267.113913,0.058000
2026-08-12,18:02:54,0.607134,0.540511,0.003500,29267.113913,0.058000
2026-08-12,18:02:55,0.188195,0.540511,0.003500,29267.117413,0.058000
2026-08-12,18:02:56,0.527274,0.539340,0.003490,29267.120903,0.058000
2026-08-12,18:02:56,0.544620,0.546122,0.003530,29267.120903,0.058000
2026-08-12,18:02:57,0.544620,0.546122,0.003530,29267.124433,0.058000
2026-08-12,18:02:58,0.523346,0.542484,0.003510,29267.127943,0.058000
2026-08-12,18:02:58,0.607461,0.563879,0.003650,29267.127943,0.058000
2026-08-12,18:02:59,0.586514,0.570838,0.003650,29267.131593,0.058000
2026-08-12,18:03:00,0.586514,0.582129,0.003690,29267.135283,0.058000
2026-08-12,18:03:00,0.616626,0.582129,0.003690,29267.135283,0.058000
2026-08-12,18:03:01,0.523674,0.577939,0.003740,29267.139023,0.058000
2026-08-12,18:03:02,0.629390,0.577350,0.003740,29267.142763,0.058000
2026-08-12,18:03:02,0.629390,0.571033,0.003740,29267.142763,0.058000
2026-08-12,18:03:03,0.544293,0.571033,0.003690,29267.146453,0.058000
2026-08-12,18:03:04,0.523674,0.562687,0.003640,29267.150093,0.058000
2026-08-12,18:03:04,0.565240,0.566484,0.003640,29267.150093,0.058000
2026-08-12,18:03:05,0.565240,0.569476,0.003660,29267.153753,0.058000
2026-08-12,18:03:06,0.574542,0.569476,0.003680,29267.157433,0.058000
2026-08-12,18:03:06,0.266752,0.569476,0.003680,29267.157433,0.058000
2026-08-12,18:03:07,0.451426,0.562284,0.003640,29267.161113,0.058000
2026-08-12,18:03:08,0.492465,0.550784,0.003560,29267.164753,0.058000
2026-08-12,18:03:08,0.492465,0.550784,0.003560,29267.164753,0.058000
2026-08-12,18:03:09,0.533503,0.545483,0.003530,29267.168313,0.058000
2026-08-12,18:03:10,0.586187,0.542439,0.003420,29267.171843,0.057000
2026-08-12,18:03:10,0.515284,0.541600,0.003420,29267.171843,0.057000
2026-08-12,18:03:11,0.515284,0.541600,0.003410,29267.175263,0.057000
2026-08-12,18:03:12,0.515284,0.530190,0.003340,29267.178673,0.057000
2026-08-12,18:03:12,0.481780,0.523938,0.003340,29267.178673,0.057000
2026-08-12,18:03:13,0.536230,0.525194,0.003310,29267.182013,0.057000
2026-08-12,18:03:14,0.536230,0.525194,0.003310,29267.185323,0.057000
2026-08-12,18:03:14,0.082497,0.525194,0.003310,29267.185323,0.058000
2026-08-12,18:03:15,0.350290,0.525194,0.003400,29267.188633,0.058000
2026-08-12,18:03:16,0.515284,0.520198,0.003400,29267.192033,0.058000
2026-08-12,18:03:16,0.185618,0.520198,0.003360,29267.192033,0.058000
2026-08-12,18:03:17,0.185618,0.520198,0.003360,29267.195393,0.058000
2026-08-12,18:03:18,0.391538,0.501898,0.003360,29267.198753,0.058000
2026-08-12,18:03:18,0.268115,0.501898,0.003250,29267.198753,0.058000
2026-08-12,18:03:19,0.188522,0.501898,0.003250,29267.202003,0.058000
2026-08-12,18:03:20,0.188522,0.497899,0.003250,29267.205253,0.058000
2026-08-12,18:03:20,0.411433,0.497899,0.003220,29267.205253,0.058000
2026-08-12,18:03:21,0.266788,0.497899,0.003220,29267.208473,0.058000
2026-08-12,18:03:22,0.288003,0.497899,0.003220,29267.211693,0.058000
2026-08-12,18:03:22,0.226288,0.497899,0.003220,29267.211693,0.058000
2026-08-12,18:03:23,0.226288,0.497899,0.003220,29267.214913,0.058000
2026-08-12,18:03:24,0.164573,0.497899,0.003220,29267.218133,0.058000
2026-08-12,18:03:24,0.253026,0.497899,0.003220,29267.218133,0.058000
2026-08-12,18:03:25,0.165520,0.497899,0.003220,29267.221353,0.058000
2026-08-12,18:03:26,0.165520,0.497899,0.003220,29267.224573,0.058000
2026-08-12,18:03:26,0.145113,0.497899,0.003220,29267.224573,0.058000
2026-08-12,18:03:27,0.414285,0.490081,0.003170,29267.227793,0.058000
2026-08-12,18:03:28,0.165520,0.490081,0.003170,29267.230963,0.058000
2026-08-12,18:03:28,0.248441,0.490081,0.003170,29267.230963,0.058000
2026-08-12,18:03:29,0.248441,0.490081,0.003170,29267.234133,0.058000
2026-08-12,18:03:30,0.269496,0.490081,0.003170,29267.237303,0.058000
2026-08-12,18:03:30,0.342017,0.490081,0.003170,29267.237303,0.058000
2026-08-12,18:03:31,0.226288,0.490081,0.003170,29267.240473,0.058000
2026-08-12,18:03:32,0.216324,0.490081,0.003170,29267.243643,0.058000
2026-08-12,18:03:32,0.216324,0.490081,0.003170,29267.243643,0.058000
2026-08-12,18:03:33,0.522813,0.489012,0.003170,29267.246813,0.058000
2026-08-12,18:03:34,0.232667,0.489012,0.003160,29267.249973,0.058000
2026-08-12,18:03:34,0.275198,0.489012,0.003160,29267.249973,0.058000
2026-08-12,18:03:35,0.275198,0.489012,0.003160,29267.253133,0.058000
2026-08-12,18:03:36,0.352094,0.489012,0.003160,29267.256293,0.058000
2026-08-12,18:03:36,0.227711,0.489012,0.003160,29267.256293,0.058000
2026-08-12,18:03:37,0.269172,0.489012,0.003160,29267.259453,0.058000
2026-08-12,18:03:38,0.248441,0.489012,0.003160,29267.262613,0.058000
2026-08-12,18:03:38,0.248441,0.489012,0.003160,29267.262613,0.058000
2026-08-12,18:03:39,0.165520,0.489012,0.003160,29267.265773,0.058000
2026-08-12,18:03:40,0.186574,0.489012,0.003160,29267.268933,0.058000
2026-08-12,18:03:40,0.553007,0.485694,0.003140,29267.268933,0.058000
2026-08-12,18:03:41,0.553007,0.489466,0.003140,29267.272073,0.058000
2026-08-12,18:03:42,0.553007,0.489466,0.003170,29267.275243,0.058000
2026-08-12,18:03:42,0.270193,0.489466,0.003170,29267.275243,0.058000
2026-08-12,18:03:43,0.490898,0.487027,0.003170,29267.278413,0.058000
2026-08-12,18:03:44,0.126015,0.487027,0.003150,29267.281563,0.058000
2026-08-12,18:03:44,0.126015,0.487027,0.003150,29267.281563,0.058000
2026-08-12,18:03:45,0.126344,0.487027,0.003150,29267.284713,0.058000
2026-08-12,18:03:46,0.266542,0.487027,0.003150,29267.287863,0.058000
2026-08-12,18:03:46,0.247803,0.487027,0.003150,29267.287863,0.058000
2026-08-12,18:03:47,0.313065,0.487027,0.003150,29267.291013,0.058000
2026-08-12,18:03:48,0.313065,0.487027,0.003150,29267.294163,0.058000
2026-08-12,18:03:48,0.232243,0.487027,0.003150,29267.294163,0.058000
2026-08-12,18:03:49,0.616565,0.500506,0.003240,29267.297403,0.058000
2026-08-12,18:03:50,0.386925,0.500506,0.003240,29267.300643,0.058000
2026-08-12,18:03:50,0.386925,0.500506,0.003240,29267.300643,0.058000
2026-08-12,18:03:51,0.335703,0.500506,0.003240,29267.303883,0.058000
2026-08-12,18:03:52,0.578961,0.504779,0.003270,29267.307153,0.058000
2026-08-12,18:03:52,0.392543,0.504779,0.003270,29267.307153,0.058000
2026-08-12,18:03:53,0.475575,0.504779,0.003270,29267.310423,0.058000
2026-08-12,18:03:54,0.475575,0.504779,0.003270,29267.313693,0.058000
2026-08-12,18:03:54,0.147401,0.504779,0.003270,29267.313693,0.058000
2026-08-12,18:03:55,0.128382,0.504779,0.003270,29267.316963,0.058000
2026-08-12,18:03:56,0.205920,0.504779,0.003270,29267.320233,0.058000
2026-08-12,18:03:56,0.205920,0.504779,0.003270,29267.320233,0.058000
2026-08-12,18:03:57,0.329988,0.504779,0.003270,29267.323503,0.058000
2026-08-12,18:03:58,0.424730,0.504779,0.003270,29267.326773,0.058000
2026-08-12,18:03:58,0.487247,0.504779,0.003270,29267.326773,0.058000
2026-08-12,18:03:59,0.247491,0.504779,0.003270,29267.330043,0.058000
2026-08-12,18:04:00,0.247491,0.504779,0.003270,29267.333313,0.058000
2026-08-12,18:04:00,0.329665,0.504779,0.003270,29267.333313,0.058000
2026-08-12,18:04:01,0.185618,0.504779,0.003270,29267.336583,0.058000
2026-08-12,18:04:02,0.164672,0.504779,0.003270,29267.339853,0.058000
2026-08-12,18:04:02,0.231301,0.504779,0.003270,29267.339853,0.058000
2026-08-12,18:04:03,0.231301,0.504779,0.003270,29267.343123,0.058000
2026-08-12,18:04:04,0.231630,0.504779,0.003270,29267.346393,0.058000
2026-08-12,18:04:04,0.268115,0.504779,0.003270,29267.346393,0.058000
2026-08-12,18:04:05,0.205920,0.504779,0.003270,29267.349663,0.058000
2026-08-12,18:04:06,0.205920,0.504779,0.003270,29267.352933,0.058000
2026-08-12,18:04:06,0.164994,0.504779,0.003270,29267.352933,0.058000
2026-08-12,18:04:07,0.268115,0.504779,0.003270,29267.356203,0.058000
2026-08-12,18:04:08,0.531724,0.506423,0.003270,29267.359473,0.058000
2026-08-12,18:04:08,0.617186,0.528988,0.003280,29267.359473,0.058000
2026-08-12,18:04:09,0.617186,0.533334,0.003450,29267.362753,0.058000
2026-08-12,18:04:10,0.454898,0.533334,0.003450,29267.366203,0.058000
2026-08-12,18:04:10,0.169617,0.533334,0.003450,29267.366203,0.058000
2026-08-12,18:04:11,0.540514,0.545957,0.003530,29267.369653,0.058000
2026-08-12,18:04:12,0.371866,0.545957,0.003530,29267.373183,0.058000
2026-08-12,18:04:12,0.371866,0.545957,0.003530,29267.373183,0.058000
2026-08-12,18:04:13,0.274942,0.545957,0.003530,29267.376713,0.058000
2026-08-12,18:04:14,0.082709,0.545957,0.003530,29267.380243,0.058000
2026-08-12,18:04:14,0.405466,0.534223,0.003460,29267.380243,0.058000
2026-08-12,18:04:15,0.405466,0.534223,0.003460,29267.383703,0.058000
2026-08-12,18:04:16,0.558284,0.534223,0.003460,29267.387163,0.058000
2026-08-12,18:04:16,0.619992,0.534223,0.003460,29267.387163,0.058000
2026-08-12,18:04:17,0.496252,0.534223,0.003460,29267.390623,0.058000
2026-08-12,18:04:18,0.392866,0.534223,0.003460,29267.394083,0.058000
2026-08-12,18:04:18,0.392866,0.534223,0.003460,29267.394083,0.058000
2026-08-12,18:04:19,0.105324,0.534223,0.003460,29267.397543,0.058000
2026-08-12,18:04:20,0.537606,0.532683,0.003450,29267.400993,0.058000
2026-08-12,18:04:20,0.103386,0.532683,0.003450,29267.400993,0.058000
2026-08-12,18:04:21,0.103386,0.532683,0.003450,29267.404443,0.058000
2026-08-12,18:04:22,0.247803,0.532683,0.003450,29267.407893,0.058000
2026-08-12,18:04:22,0.516929,0.529075,0.003420,29267.407893,0.058000
2026-08-12,18:04:23,0.565391,0.536524,0.003420,29267.411313,0.058000
2026-08-12,18:04:24,0.475575,0.522425,0.003470,29267.414783,0.058000
2026-08-12,18:04:24,0.475575,0.522425,0.003360,29267.414783,0.058000
2026-08-12,18:04:25,0.548147,0.519344,0.003360,29267.418143,0.058000
2026-08-12,18:04:26,0.351189,0.519344,0.003360,29267.418143,0.058000
2026-08-12,18:04:26,0.454575,0.519344,0.003360,29267.421503,0.058000
2026-08-12,18:04:27,0.454575,0.519344,0.003360,29267.424863,0.058000
2026-08-12,18:04:27,0.253026,0.519344,0.003360,29267.424863,0.058000
2026-08-12,18:04:28,0.334722,0.519344,0.003360,29267.428223,0.058000
2026-08-12,18:04:29,0.492465,0.515418,0.003360,29267.431583,0.058000
2026-08-12,18:04:29,0.168904,0.515418,0.003330,29267.431583,0.058000
2026-08-12,18:04:30,0.168904,0.515418,0.003330,29267.434913,0.058000
2026-08-12,18:04:31,0.547097,0.508409,0.003290,29267.438203,0.058000
2026-08-12,18:04:31,0.458436,0.508763,0.003290,29267.438203,0.058000
2026-08-12,18:04:32,0.451426,0.499854,0.003290,29267.441493,0.058000
2026-08-12,18:04:33,0.451426,0.510606,0.003230,29267.444723,0.058000
2026-08-12,18:04:33,0.512984,0.510606,0.003300,29267.444723,0.058000
2026-08-12,18:04:34,0.551247,0.511970,0.003300,29267.448023,0.058000
2026-08-12,18:04:35,0.412162,0.501493,0.003310,29267.451333,0.058000
2026-08-12,18:04:35,0.412162,0.501493,0.003240,29267.451333,0.058000
2026-08-12,18:04:36,0.618405,0.501493,0.003240,29267.454573,0.058000
2026-08-12,18:04:37,0.538808,0.501493,0.003240,29267.457813,0.058000
2026-08-12,18:04:37,0.536230,0.501493,0.003240,29267.457813,0.058000
2026-08-12,18:04:38,0.536230,0.501493,0.003240,29267.461053,0.058000
2026-08-12,18:04:39,0.504046,0.501493,0.003240,29267.464293,0.058000
2026-08-12,18:04:39,0.496252,0.501493,0.003240,29267.464293,0.058000
2026-08-12,18:04:40,0.516929,0.501493,0.003240,29267.467533,0.058000
2026-08-12,18:04:41,0.392866,0.501493,0.003240,29267.470773,0.058000
2026-08-12,18:04:41,0.392866,0.501493,0.003240,29267.470773,0.058000
2026-08-12,18:04:42,0.309834,0.501493,0.003240,29267.474013,0.058000
2026-08-12,18:04:43,0.475575,0.492511,0.003190,29267.477203,0.058000
2026-08-12,18:04:43,0.324696,0.492511,0.003190,29267.477203,0.058000
2026-08-12,18:04:44,0.324696,0.492511,0.003190,29267.480393,0.058000
2026-08-12,18:04:45,0.405789,0.492511,0.003190,29267.483583,0.058000
2026-08-12,18:04:45,0.475575,0.492511,0.003190,29267.483583,0.058000
2026-08-12,18:04:46,0.557960,0.492511,0.003190,29267.486773,0.058000
2026-08-12,18:04:47,0.557960,0.492511,0.003190,29267.489963,0.058000
2026-08-12,18:04:47,0.557637,0.492511,0.003190,29267.489963,0.058000
2026-08-12,18:04:48,0.572822,0.492511,0.003190,29267.493153,0.058000
2026-08-12,18:04:49,0.330835,0.492511,0.003190,29267.496343,0.058000
2026-08-12,18:04:49,0.330835,0.494579,0.003190,29267.496343,0.058000
2026-08-12,18:04:50,0.496252,0.494579,0.003200,29267.499543,0.058000
2026-08-12,18:04:51,0.413220,0.481086,0.003110,29267.502653,0.058000
2026-08-12,18:04:51,0.578961,0.481086,0.003110,29267.502653,0.058000
2026-08-12,18:04:52,0.380589,0.469899,0.003110,29267.505763,0.058000
2026-08-12,18:04:53,0.380589,0.469899,0.003040,29267.508803,0.058000
2026-08-12,18:04:53,0.496252,0.469899,0.003040,29267.508803,0.058000
2026-08-12,18:04:54,0.640992,0.469899,0.003040,29267.511843,0.058000
2026-08-12,18:04:55,0.599638,0.469899,0.003040,29267.514883,0.058000
2026-08-12,18:04:55,0.599638,0.469899,0.003040,29267.514883,0.058000
2026-08-12,18:04:56,0.433897,0.469899,0.003040,29267.517923,0.058000
2026-08-12,18:04:57,0.262342,0.469899,0.003040,29267.520963,0.058000
2026-08-12,18:04:57,0.496575,0.464847,0.003040,29267.520963,0.058000
2026-08-12,18:04:58,0.496575,0.464847,0.003010,29267.523973,0.058000
2026-08-12,18:04:59,0.316695,0.464847,0.003040,29267.526983,0.058000
2026-08-12,18:04:59,0.514291,0.470432,0.003040,29267.526983,0.058000
2026-08-12,18:05:00,0.528836,0.478173,0.003090,29267.530023,0.058000
2026-08-12,18:05:01,0.388881,0.465763,0.003010,29267.533113,0.058000
2026-08-12,18:05:01,0.388881,0.465763,0.003010,29267.533113,0.058000
2026-08-12,18:05:02,0.245609,0.465763,0.003010,29267.536123,0.058000
2026-08-12,18:05:03,0.503718,0.461010,0.003010,29267.539133,0.058000
2026-08-12,18:05:03,0.268115,0.461010,0.002980,29267.539133,0.058000
2026-08-12,18:05:04,0.221066,0.461010,0.002980,29267.542113,0.058000
2026-08-12,18:05:05,0.221066,0.461010,0.002980,29267.545093,0.058000
2026-08-12,18:05:05,0.474357,0.467229,0.003020,29267.545093,0.058000
2026-08-12,18:05:06,0.536230,0.473295,0.003060,29267.548113,0.058000
2026-08-12,18:05:07,0.536230,0.477293,0.003060,29267.551173,0.058000
2026-08-12,18:05:07,0.536230,0.477293,0.003090,29267.551173,0.058000
2026-08-12,18:05:08,0.350290,0.477293,0.003090,29267.554263,0.058000
2026-08-12,18:05:09,0.391538,0.477293,0.003090,29267.557353,0.058000
2026-08-12,18:05:09,0.494982,0.477293,0.003090,29267.557353,0.058000
2026-08-12,18:05:10,0.494982,0.477293,0.003090,29267.560443,0.058000
2026-08-12,18:05:11,0.515606,0.477293,0.003090,29267.563533,0.058000
2026-08-12,18:05:11,0.494530,0.477293,0.003090,29267.563533,0.058000
2026-08-12,18:05:12,0.524720,0.477293,0.003090,29267.566623,0.058000
2026-08-12,18:05:13,0.524720,0.477293,0.003090,29267.569713,0.058000
2026-08-12,18:05:13,0.587726,0.477293,0.003090,29267.569713,0.058000
2026-08-12,18:05:14,0.574542,0.477293,0.003090,29267.572803,0.058000
2026-08-12,18:05:15,0.533909,0.477293,0.003090,29267.575893,0.058000
2026-08-12,18:05:15,0.533909,0.499967,0.003090,29267.575893,0.058000
2026-08-12,18:05:16,0.531833,0.499967,0.003090,29267.578983,0.058000
2026-08-12,18:05:17,0.547489,0.519687,0.003360,29267.582343,0.058000
2026-08-12,18:05:17,0.455746,0.526108,0.003400,29267.582343,0.058000
2026-08-12,18:05:18,0.455746,0.534655,0.003400,29267.585743,0.058000
2026-08-12,18:05:19,0.580452,0.534655,0.003460,29267.589203,0.058000
2026-08-12,18:05:19,0.273059,0.534655,0.003460,29267.589203,0.058000
2026-08-12,18:05:20,0.518261,0.534921,0.003460,29267.592663,0.058000
2026-08-12,18:05:21,0.550328,0.540501,0.003460,29267.596123,0.058000
2026-08-12,18:05:21,0.550328,0.540501,0.003500,29267.596123,0.058000
2026-08-12,18:05:22,0.650094,0.553038,0.003500,29267.599623,0.058000
2026-08-12,18:05:23,0.228035,0.553038,0.003580,29267.603203,0.058000
2026-08-12,18:05:23,0.579481,0.552213,0.003570,29267.603203,0.058000
2026-08-12,18:05:24,0.579481,0.542439,0.003570,29267.606773,0.058000
2026-08-12,18:05:25,0.476800,0.542439,0.003510,29267.610283,0.058000
2026-08-12,18:05:25,0.186574,0.542439,0.003510,29267.610283,0.058000
2026-08-12,18:05:26,0.290226,0.542439,0.003510,29267.613793,0.058000
2026-08-12,18:05:27,0.483989,0.537447,0.003510,29267.617303,0.058000
2026-08-12,18:05:27,0.483989,0.520028,0.003360,29267.617303,0.058000
2026-08-12,18:05:28,0.357645,0.520028,0.003360,29267.620663,0.058000
2026-08-12,18:05:29,0.578638,0.520028,0.003360,29267.624023,0.058000
2026-08-12,18:05:29,0.206772,0.520028,0.003360,29267.624023,0.058000
2026-08-12,18:05:30,0.351189,0.520028,0.003360,29267.627383,0.058000
2026-08-12,18:05:31,0.351189,0.520028,0.003360,29267.630743,0.058000
2026-08-12,18:05:31,0.351189,0.520028,0.003360,29267.630743,0.058000
2026-08-12,18:05:32,0.392543,0.520028,0.003360,29267.634103,0.058000
2026-08-12,18:05:33,0.516929,0.516972,0.003340,29267.637443,0.058000
2026-08-12,18:05:33,0.516929,0.516972,0.003340,29267.637443,0.058000
2026-08-12,18:05:34,0.599315,0.531329,0.003440,29267.640883,0.058000
2026-08-12,18:05:35,0.475575,0.520842,0.003370,29267.644253,0.058000
2026-08-12,18:05:35,0.433897,0.512405,0.003370,29267.644253,0.058000
2026-08-12,18:05:36,0.433897,0.505677,0.003310,29267.647563,0.058000
2026-08-12,18:05:37,0.483045,0.505677,0.003270,29267.650833,0.058000
2026-08-12,18:05:37,0.516929,0.492360,0.003270,29267.650833,0.058000
2026-08-12,18:05:38,0.537606,0.488173,0.003180,29267.654013,0.058000
2026-08-12,18:05:39,0.537606,0.508201,0.003290,29267.657303,0.058000
2026-08-12,18:05:39,0.677079,0.508201,0.003290,29267.657303,0.058000
2026-08-12,18:05:40,0.124702,0.508201,0.003290,29267.660593,0.058000
2026-08-12,18:05:41,0.330152,0.508201,0.003290,29267.663883,0.058000
2026-08-12,18:05:41,0.393317,0.508201,0.003290,29267.663883,0.058000
2026-08-12,18:05:42,0.393317,0.508201,0.003290,29267.667173,0.058000
2026-08-12,18:05:43,0.270894,0.508201,0.003290,29267.670463,0.058000
2026-08-12,18:05:43,0.282290,0.508201,0.003290,29267.670463,0.058000
2026-08-12,18:05:44,0.166378,0.508201,0.003290,29267.673753,0.058000
2026-08-12,18:05:45,0.166378,0.513986,0.003320,29267.677073,0.058000
2026-08-12,18:05:45,0.541839,0.513986,0.003320,29267.677073,0.058000
2026-08-12,18:05:46,0.313058,0.513986,0.003320,29267.680393,0.058000
2026-08-12,18:05:47,0.459631,0.524185,0.003390,29267.683783,0.058000
2026-08-12,18:05:47,0.355169,0.508009,0.003390,29267.683783,0.058000
2026-08-12,18:05:48,0.355169,0.508009,0.003290,29267.687073,0.058000
2026-08-12,18:05:49,0.208923,0.508009,0.003290,29267.690363,0.058000
2026-08-12,18:05:49,0.501415,0.498219,0.003220,29267.690363,0.058000
2026-08-12,18:05:50,0.250708,0.498219,0.003220,29267.693583,0.058000
2026-08-12,18:05:51,0.334277,0.498219,0.003220,29267.696803,0.058000
2026-08-12,18:05:51,0.334277,0.498219,0.003220,29267.696803,0.058000
2026-08-12,18:05:52,0.647335,0.515395,0.003330,29267.700023,0.058000
2026-08-12,18:05:53,0.304897,0.515395,0.003330,29267.703353,0.058000
2026-08-12,18:05:53,0.146246,0.515395,0.003330,29267.703353,0.058000
2026-08-12,18:05:54,0.146246,0.515395,0.003330,29267.706683,0.058000
2026-08-12,18:05:55,0.244056,0.515395,0.003330,29267.710013,0.058000
2026-08-12,18:05:55,0.549841,0.526989,0.003410,29267.710013,0.058000
2026-08-12,18:05:56,0.264420,0.526989,0.003410,29267.713423,0.058000
2026-08-12,18:05:57,0.294027,0.526989,0.003410,29267.716833,0.058000
2026-08-12,18:05:57,0.294027,0.526989,0.003410,29267.716833,0.058000
2026-08-12,18:05:58,0.293699,0.526989,0.003410,29267.720243,0.058000
2026-08-12,18:05:59,0.347626,0.526989,0.003410,29267.723653,0.058000
2026-08-12,18:05:59,0.195720,0.526989,0.003410,29267.723653,0.058000
2026-08-12,18:06:00,0.195720,0.529853,0.003430,29267.727063,0.058000
2026-08-12,18:06:01,0.511685,0.529853,0.003430,29267.730493,0.058000
2026-08-12,18:06:01,0.327159,0.529853,0.003430,29267.730493,0.058000
2026-08-12,18:06:02,0.188522,0.529853,0.003430,29267.733923,0.058000
2026-08-12,18:06:03,0.600261,0.538186,0.003430,29267.737353,0.058000
2026-08-12,18:06:03,0.600261,0.538186,0.003480,29267.737353,0.058000
2026-08-12,18:06:04,0.376718,0.538186,0.003480,29267.740833,0.058000
2026-08-12,18:06:05,0.272310,0.538186,0.003480,29267.744313,0.058000
2026-08-12,18:06:05,0.529238,0.537349,0.003480,29267.744313,0.058000
2026-08-12,18:06:06,0.529238,0.537349,0.003480,29267.747793,0.058000
2026-08-12,18:06:07,0.291217,0.537349,0.003480,29267.751273,0.058000
2026-08-12,18:06:07,0.637721,0.533413,0.003450,29267.751273,0.058000
2026-08-12,18:06:08,0.576327,0.536862,0.003450,29267.754723,0.058000
2026-08-12,18:06:09,0.668227,0.557722,0.003470,29267.758193,0.058000
2026-08-12,18:06:09,0.668227,0.557722,0.003610,29267.758193,0.058000
2026-08-12,18:06:10,0.350925,0.557722,0.003610,29267.761803,0.058000
2026-08-12,18:06:11,0.668227,0.589028,0.003810,29267.765613,0.058000
2026-08-12,18:06:11,0.480523,0.586939,0.003800,29267.765613,0.058000
2026-08-12,18:06:12,0.480523,0.586939,0.003800,29267.769413,0.058000
2026-08-12,18:06:13,0.522307,0.574436,0.003720,29267.773133,0.058000
2026-08-12,18:06:13,0.513969,0.570849,0.003690,29267.773133,0.058000
2026-08-12,18:06:14,0.555113,0.575191,0.003690,29267.776823,0.058000
2026-08-12,18:06:15,0.555113,0.575191,0.003720,29267.780543,0.058000
2026-08-12,18:06:15,0.534862,0.568651,0.003680,29267.780543,0.058000
2026-08-12,18:06:16,0.657971,0.581525,0.003680,29267.784223,0.058000
2026-08-12,18:06:17,0.432004,0.581525,0.003760,29267.787983,0.058000
2026-08-12,18:06:17,0.432004,0.581525,0.003760,29267.787983,0.058000
2026-08-12,18:06:18,0.534862,0.581525,0.003760,29267.791743,0.058000
2026-08-12,18:06:19,0.555434,0.581525,0.003760,29267.795503,0.058000
2026-08-12,18:06:19,0.534862,0.581525,0.003760,29267.795503,0.058000
2026-08-12,18:06:20,0.534862,0.581525,0.003760,29267.799263,0.058000
2026-08-12,18:06:21,0.555434,0.581525,0.003760,29267.803023,0.058000
2026-08-12,18:06:21,0.565240,0.581525,0.003760,29267.803023,0.058000
2026-08-12,18:06:22,0.345068,0.581525,0.003760,29267.806783,0.058000
2026-08-12,18:06:23,0.511685,0.568921,0.003680,29267.810463,0.058000
2026-08-12,18:06:23,0.511685,0.568921,0.003680,29267.810463,0.058000
2026-08-12,18:06:24,0.583138,0.569602,0.003680,29267.814143,0.058000
2026-08-12,18:06:25,0.312570,0.569602,0.003680,29267.817823,0.058000
2026-08-12,18:06:25,0.587697,0.561549,0.003680,29267.817823,0.058000
2026-08-12,18:06:26,0.587697,0.561549,0.003630,29267.821453,0.058000
2026-08-12,18:06:27,0.469060,0.541633,0.003500,29267.821453,0.058000
2026-08-12,18:06:27,0.533503,0.546931,0.003500,29267.824953,0.058000
2026-08-12,18:06:28,0.492465,0.543946,0.003540,29267.828493,0.058000
2026-08-12,18:06:29,0.492465,0.556127,0.003600,29267.828493,0.058000
2026-08-12,18:06:29,0.635780,0.556127,0.003600,29267.832093,0.058000
2026-08-12,18:06:30,0.583464,0.558963,0.003620,29267.835713,0.058000
2026-08-12,18:06:31,0.562626,0.561739,0.003630,29267.835713,0.058000
2026-08-12,18:06:31,0.562626,0.551344,0.003630,29267.839343,0.058000
2026-08-12,18:06:32,0.554023,0.551344,0.003570,29267.842913,0.058000
2026-08-12,18:06:33,0.553702,0.555546,0.003590,29267.842913,0.058000
2026-08-12,18:06:33,0.591164,0.556348,0.003590,29267.846503,0.058000
2026-08-12,18:06:34,0.591164,0.556325,0.003600,29267.850103,0.058000
2026-08-12,18:06:35,0.587468,0.556325,0.003600,29267.850103,0.058000
2026-08-12,18:06:35,0.369106,0.556325,0.003600,29267.853703,0.058000
2026-08-12,18:06:36,0.515606,0.560980,0.003630,29267.857333,0.058000
2026-08-12,18:06:37,0.515284,0.559158,0.003630,29267.857333,0.058000
2026-08-12,18:06:37,0.515284,0.559158,0.003620,29267.860953,0.058000
2026-08-12,18:06:38,0.293257,0.559158,0.003620,29267.864573,0.058000
2026-08-12,18:06:39,0.515284,0.561440,0.003620,29267.864573,0.058000
2026-08-12,18:06:39,0.288739,0.561440,0.003630,29267.868203,0.058000
2026-08-12,18:06:40,0.288739,0.561440,0.003630,29267.871833,0.058000
2026-08-12,18:06:41,0.288739,0.561440,0.003630,29267.871833,0.058000
2026-08-12,18:06:41,0.370914,0.561440,0.003630,29267.875463,0.058000
2026-08-12,18:06:42,0.577479,0.555610,0.003590,29267.879053,0.058000
2026-08-12,18:06:43,0.577479,0.555610,0.003590,29267.879053,0.058000
2026-08-12,18:06:43,0.329665,0.555610,0.003590,29267.882643,0.058000
2026-08-12,18:06:44,0.164994,0.555610,0.003590,29267.886233,0.058000
2026-08-12,18:06:45,0.453733,0.542637,0.003590,29267.886233,0.058000
2026-08-12,18:06:45,0.384449,0.524819,0.003510,29267.889743,0.058000
2026-08-12,18:06:46,0.384449,0.524819,0.003390,29267.893253,0.058000
2026-08-12,18:06:47,0.612926,0.524819,0.003390,29267.893253,0.058000
2026-08-12,18:06:47,0.247169,0.524819,0.003390,29267.896643,0.058000
2026-08-12,18:06:48,0.634741,0.532891,0.003450,29267.900033,0.058000
2026-08-12,18:06:49,0.634741,0.532891,0.003450,29267.900033,0.058000
2026-08-12,18:06:49,0.392543,0.532891,0.003450,29267.903483,0.058000
2026-08-12,18:06:50,0.456190,0.532891,0.003450,29267.906933,0.058000
2026-08-12,18:06:51,0.268480,0.532891,0.003450,29267.906933,0.058000
2026-08-12,18:06:51,0.294027,0.532891,0.003450,29267.910383,0.058000
2026-08-12,18:06:52,0.294027,0.532891,0.003450,29267.913833,0.058000
2026-08-12,18:06:53,0.247169,0.532891,0.003450,29267.913833,0.058000
2026-08-12,18:06:53,0.545358,0.532056,0.003440,29267.917283,0.058000
2026-08-12,18:06:54,0.495350,0.522475,0.003440,29267.920723,0.058000
2026-08-12,18:06:55,0.348509,0.498579,0.003380,29267.920723,0.058000
2026-08-12,18:06:55,0.348509,0.498579,0.003220,29267.924103,0.058000
2026-08-12,18:06:56,0.286950,0.475714,0.003220,29267.927323,0.058000
2026-08-12,18:06:57,0.271713,0.451356,0.002920,29267.927323,0.058000
2026-08-12,18:06:57,0.577156,0.451356,0.002920,29267.930243,0.058000
2026-08-12,18:06:58,0.577156,0.451356,0.002920,29267.933163,0.058000
2026-08-12,18:06:59,0.562333,0.451356,0.002920,29267.933163,0.058000
2026-08-12,18:06:59,0.474357,0.451356,0.002920,29267.936083,0.058000
2026-08-12,18:07:00,0.243624,0.451356,0.002920,29267.939003,0.058000
2026-08-12,18:07:01,0.243624,0.445201,0.002920,29267.939003,0.058000
2026-08-12,18:07:01,0.453733,0.445201,0.002880,29267.941923,0.058000
2026-08-12,18:07:02,0.556854,0.443139,0.002880,29267.944803,0.058000
2026-08-12,18:07:03,0.370914,0.443139,0.002870,29267.944803,0.058000
2026-08-12,18:07:03,0.370914,0.451389,0.002920,29267.947673,0.058000
2026-08-12,18:07:04,0.536230,0.451389,0.002920,29267.950593,0.058000
2026-08-12,18:07:05,0.577156,0.470659,0.003040,29267.950593,0.058000
2026-08-12,18:07:05,0.597780,0.466963,0.003020,29267.953633,0.058000
2026-08-12,18:07:06,0.268115,0.466963,0.003020,29267.956653,0.058000
2026-08-12,18:07:07,0.268115,0.466963,0.003020,29267.956653,0.058000
2026-08-12,18:07:07,0.577479,0.470175,0.003040,29267.959673,0.058000
2026-08-12,18:07:08,0.371236,0.470175,0.003040,29267.962713,0.058000
2026-08-12,18:07:09,0.598103,0.480451,0.003110,29267.962713,0.058000
2026-08-12,18:07:09,0.598103,0.480451,0.003110,29267.965823,0.058000
2026-08-12,18:07:10,0.412485,0.480451,0.003110,29267.968933,0.058000
2026-08-12,18:07:10,0.453733,0.480451,0.003110,29267.968933,0.058000
2026-08-12,18:07:11,0.190774,0.480451,0.003110,29267.972043,0.058000
2026-08-12,18:07:12,0.412485,0.486848,0.003110,29267.975153,0.058000
2026-08-12,18:07:12,0.412485,0.486848,0.003150,29267.975153,0.058000
2026-08-12,18:07:13,0.206242,0.486848,0.003150,29267.978303,0.058000
2026-08-12,18:07:14,0.267793,0.486848,0.003150,29267.981453,0.058000
2026-08-12,18:07:14,0.371236,0.495277,0.003200,29267.981453,0.058000
2026-08-12,18:07:15,0.371236,0.495277,0.003200,29267.984653,0.058000
2026-08-12,18:07:16,0.494659,0.495277,0.003200,29267.987853,0.058000
2026-08-12,18:07:16,0.584568,0.495277,0.003200,29267.987853,0.058000
2026-08-12,18:07:17,0.185296,0.495277,0.003200,29267.991053,0.058000
2026-08-12,18:07:18,0.556854,0.523791,0.003200,29267.994253,0.058000
2026-08-12,18:07:18,0.556854,0.537069,0.003470,29267.994253,0.058000
2026-08-12,18:07:19,0.586514,0.537069,0.003470,29267.997723,0.058000
2026-08-12,18:07:20,0.544620,0.535846,0.003470,29268.001193,0.058000
2026-08-12,18:07:20,0.250074,0.535846,0.003470,29268.001193,0.058000
2026-08-12,18:07:21,0.575684,0.539791,0.003470,29268.004663,0.058000
2026-08-12,18:07:22,0.575684,0.539791,0.003490,29268.008153,0.058000
2026-08-12,18:07:22,0.208923,0.539791,0.003490,29268.008153,0.058000
2026-08-12,18:07:23,0.501415,0.532217,0.003490,29268.011643,0.058000
2026-08-12,18:07:24,0.687814,0.532217,0.003440,29268.015083,0.058000
2026-08-12,18:07:24,0.687814,0.532217,0.003440,29268.015083,0.058000
2026-08-12,18:07:25,0.501089,0.532217,0.003440,29268.018523,0.058000
2026-08-12,18:07:26,0.371165,0.532217,0.003440,29268.021963,0.058000
2026-08-12,18:07:26,0.636562,0.536095,0.003440,29268.021963,0.058000
2026-08-12,18:07:27,0.636562,0.536095,0.003470,29268.025433,0.058000
2026-08-12,18:07:28,0.396627,0.536095,0.003470,29268.028903,0.058000
2026-08-12,18:07:28,0.543200,0.532667,0.003470,29268.028903,0.058000
2026-08-12,18:07:29,0.564092,0.529266,0.003450,29268.032353,0.058000
2026-08-12,18:07:30,0.564092,0.541888,0.003510,29268.035863,0.058000
2026-08-12,18:07:30,0.538704,0.541888,0.003510,29268.035863,0.058000
2026-08-12,18:07:31,0.671710,0.571936,0.003700,29268.039563,0.058000
2026-08-12,18:07:32,0.236671,0.571936,0.003700,29268.043263,0.058000
2026-08-12,18:07:32,0.438412,0.560091,0.003700,29268.043263,0.058000
2026-08-12,18:07:33,0.438412,0.560091,0.003620,29268.046883,0.058000
2026-08-12,18:07:34,0.250708,0.560091,0.003620,29268.050503,0.058000
2026-08-12,18:07:34,0.224574,0.560091,0.003620,29268.050503,0.058000
2026-08-12,18:07:35,0.592058,0.560646,0.003630,29268.054133,0.058000
2026-08-12,18:07:36,0.592058,0.563316,0.003640,29268.057773,0.058000
2026-08-12,18:07:36,0.571323,0.563316,0.003640,29268.057773,0.058000
2026-08-12,18:07:37,0.083569,0.563316,0.003640,29268.061413,0.058000
2026-08-12,18:07:38,0.292166,0.563316,0.003640,29268.065053,0.058000
2026-08-12,18:07:38,0.543200,0.560068,0.003640,29268.065053,0.058000
2026-08-12,18:07:39,0.543200,0.560068,0.003620,29268.068673,0.058000
2026-08-12,18:07:40,0.555434,0.565470,0.003620,29268.072333,0.058000
2026-08-12,18:07:40,0.370289,0.565470,0.003660,29268.072333,0.058000
2026-08-12,18:07:41,0.288003,0.565470,0.003660,29268.075993,0.058000
2026-08-12,18:07:42,0.288003,0.555300,0.003660,29268.079583,0.058000
2026-08-12,18:07:42,0.534862,0.555300,0.003590,29268.079583,0.058000
2026-08-12,18:07:43,0.205716,0.555300,0.003590,29268.083173,0.058000
2026-08-12,18:07:44,0.255387,0.555300,0.003590,29268.086763,0.058000
2026-08-12,18:07:44,0.319234,0.555300,0.003590,29268.086763,0.058000
2026-08-12,18:07:45,0.319234,0.555300,0.003590,29268.090353,0.058000
2026-08-12,18:07:46,0.399385,0.555300,0.003590,29268.090353,0.058000
2026-08-12,18:07:46,0.227711,0.555300,0.003590,29268.093943,0.058000
2026-08-12,18:07:47,0.414285,0.542408,0.003510,29268.097533,0.058000
2026-08-12,18:07:48,0.497531,0.535752,0.003510,29268.097533,0.058000
2026-08-12,18:07:48,0.497531,0.535752,0.003470,29268.101043,0.058000
2026-08-12,18:07:49,0.497531,0.531634,0.003440,29268.104513,0.058000
2026-08-12,18:07:50,0.456070,0.510070,0.003440,29268.104513,0.058000
2026-08-12,18:07:50,0.559398,0.522169,0.003380,29268.107953,0.058000
2026-08-12,18:07:51,0.559398,0.522169,0.003380,29268.111333,0.058000
2026-08-12,18:07:52,0.609604,0.523924,0.003390,29268.111333,0.058000
2026-08-12,18:07:52,0.559398,0.522731,0.003380,29268.114723,0.058000
2026-08-12,18:07:53,0.600859,0.528497,0.003380,29268.118103,0.058000
2026-08-12,18:07:54,0.600859,0.526820,0.003420,29268.118103,0.058000
2026-08-12,18:07:54,0.538668,0.526820,0.003410,29268.121523,0.058000
2026-08-12,18:07:55,0.534457,0.526780,0.003410,29268.124933,0.058000
2026-08-12,18:07:56,0.538991,0.539251,0.003410,29268.124933,0.058000
2026-08-12,18:07:56,0.538991,0.547543,0.003540,29268.128343,0.058000
2026-08-12,18:07:57,0.580452,0.547543,0.003540,29268.131883,0.058000
2026-08-12,18:07:58,0.269172,0.547543,0.003540,29268.131883,0.058000
2026-08-12,18:07:58,0.331687,0.547543,0.003540,29268.135423,0.058000
2026-08-12,18:07:59,0.527654,0.550555,0.003540,29268.138963,0.058000
2026-08-12,18:08:00,0.527654,0.550555,0.003560,29268.138963,0.058000
2026-08-12,18:08:00,0.265933,0.550555,0.003560,29268.142523,0.058000
2026-08-12,18:08:01,0.448828,0.549831,0.003560,29268.146083,0.058000
2026-08-12,18:08:02,0.489979,0.542889,0.003510,29268.146083,0.058000
2026-08-12,18:08:02,0.489979,0.542889,0.003510,29268.149593,0.058000
2026-08-12,18:08:03,0.104461,0.542889,0.003510,29268.153103,0.058000
2026-08-12,18:08:04,0.245609,0.542889,0.003510,29268.153103,0.058000
2026-08-12,18:08:04,0.187056,0.542889,0.003510,29268.156613,0.058000
2026-08-12,18:08:05,0.588773,0.540806,0.003510,29268.160123,0.058000
2026-08-12,18:08:06,0.588773,0.540806,0.003500,29268.160123,0.058000
2026-08-12,18:08:06,0.290652,0.540806,0.003500,29268.163623,0.058000
2026-08-12,18:08:07,0.602413,0.545107,0.003530,29268.167153,0.058000
2026-08-12,18:08:08,0.295848,0.545107,0.003530,29268.167153,0.058000
2026-08-12,18:08:08,0.561169,0.541139,0.003530,29268.170683,0.058000
2026-08-12,18:08:09,0.561169,0.541139,0.003500,29268.174183,0.058000
2026-08-12,18:08:10,0.644306,0.551702,0.003570,29268.174183,0.058000
2026-08-12,18:08:10,0.503689,0.548626,0.003570,29268.177753,0.058000
2026-08-12,18:08:11,0.457249,0.540451,0.003550,29268.181303,0.058000
2026-08-12,18:08:12,0.457249,0.532288,0.003440,29268.181303,0.058000
2026-08-12,18:08:12,0.498817,0.532288,0.003440,29268.184743,0.058000
2026-08-12,18:08:13,0.311761,0.532288,0.003440,29268.188183,0.058000
2026-08-12,18:08:14,0.457249,0.525247,0.003400,29268.188183,0.058000
2026-08-12,18:08:14,0.519276,0.532292,0.003400,29268.191583,0.058000
2026-08-12,18:08:15,0.519276,0.532292,0.003440,29268.195023,0.058000
2026-08-12,18:08:16,0.560845,0.539379,0.003490,29268.195023,0.058000
2026-08-12,18:08:16,0.581629,0.538664,0.003490,29268.198513,0.058000
2026-08-12,18:08:17,0.540385,0.532461,0.003480,29268.201993,0.058000
2026-08-12,18:08:18,0.540385,0.530383,0.003430,29268.201993,0.058000
2026-08-12,18:08:18,0.540385,0.530383,0.003430,29268.205423,0.058000
2026-08-12,18:08:19,0.540385,0.519991,0.003360,29268.208783,0.058000
2026-08-12,18:08:20,0.436140,0.513236,0.003320,29268.208783,0.058000
2026-08-12,18:08:20,0.436140,0.517360,0.003320,29268.212103,0.058000
2026-08-12,18:08:21,0.498492,0.517360,0.003350,29268.215453,0.058000
2026-08-12,18:08:22,0.519601,0.519439,0.003360,29268.215453,0.058000
2026-08-12,18:08:22,0.570262,0.530740,0.003360,29268.218813,0.058000
2026-08-12,18:08:23,0.415681,0.520381,0.003430,29268.222243,0.058000
2026-08-12,18:08:24,0.415681,0.520381,0.003240,29268.222243,0.058000
2026-08-12,18:08:24,0.373788,0.501675,0.003240,29268.225483,0.058000
2026-08-12,18:08:25,0.545257,0.501675,0.003240,29268.228723,0.058000
2026-08-12,18:08:26,0.249409,0.501675,0.003240,29268.228723,0.058000
2026-08-12,18:08:26,0.249409,0.485048,0.003240,29268.231963,0.058000
2026-08-12,18:08:27,0.415356,0.485048,0.003140,29268.235103,0.058000
2026-08-12,18:08:28,0.270193,0.485048,0.003140,29268.235103,0.058000
2026-08-12,18:08:28,0.457249,0.476734,0.003140,29268.238243,0.058000
2026-08-12,18:08:29,0.574809,0.480177,0.003110,29268.241353,0.058000
2026-08-12,18:08:30,0.574809,0.480177,0.003110,29268.241353,0.058000
2026-08-12,18:08:30,0.290652,0.480177,0.003110,29268.244463,0.058000
2026-08-12,18:08:31,0.374113,0.480177,0.003110,29268.247573,0.058000
2026-08-12,18:08:32,0.311761,0.480177,0.003110,29268.247573,0.058000
2026-08-12,18:08:32,0.311761,0.469784,0.003110,29268.250683,0.058000
2026-08-12,18:08:33,0.436465,0.469784,0.003040,29268.253723,0.058000
2026-08-12,18:08:34,0.374113,0.463582,0.003040,29268.253723,0.058000
2026-08-12,18:08:34,0.556298,0.463582,0.003000,29268.256723,0.058000
2026-08-12,18:08:35,0.374113,0.451144,0.002920,29268.259643,0.058000
2026-08-12,18:08:36,0.374113,0.451144,0.002920,29268.259643,0.058000
2026-08-12,18:08:36,0.436465,0.442830,0.002860,29268.262503,0.058000
2026-08-12,18:08:37,0.560845,0.441888,0.002860,29268.265363,0.058000
2026-08-12,18:08:38,0.552620,0.455582,0.002860,29268.265363,0.058000
2026-08-12,18:08:38,0.552620,0.455582,0.002950,29268.268313,0.058000
2026-08-12,18:08:39,0.230693,0.455582,0.002950,29268.271263,0.058000
2026-08-12,18:08:40,0.289157,0.455582,0.002950,29268.271263,0.058000
2026-08-12,18:08:40,0.140863,0.455582,0.002950,29268.274213,0.058000
2026-08-12,18:08:41,0.380266,0.456230,0.002950,29268.277163,0.058000
2026-08-12,18:08:42,0.380266,0.443126,0.002950,29268.277163,0.058000
2026-08-12,18:08:42,0.284311,0.443126,0.002870,29268.280113,0.058000
2026-08-12,18:08:43,0.123740,0.443126,0.002870,29268.282983,0.058000
2026-08-12,18:08:44,0.330512,0.430452,0.002870,29268.282983,0.058000
2026-08-12,18:08:44,0.349896,0.407961,0.002640,29268.285853,0.058000
2026-08-12,18:08:45,0.349896,0.407961,0.002640,29268.288493,0.058000
2026-08-12,18:08:46,0.330512,0.397365,0.002570,29268.288493,0.058000
2026-08-12,18:08:46,0.454575,0.397365,0.002570,29268.291063,0.058000
2026-08-12,18:08:47,0.599315,0.397365,0.002570,29268.293633,0.058000
2026-08-12,18:08:48,0.599315,0.397365,0.002570,29268.293633,0.058000
2026-08-12,18:08:48,0.481067,0.397365,0.002570,29268.296203,0.058000
2026-08-12,18:08:49,0.585099,0.397365,0.002570,29268.298773,0.058000
2026-08-12,18:08:50,0.413543,0.397365,0.002570,29268.298773,0.058000
2026-08-12,18:08:50,0.496252,0.397365,0.002570,29268.301343,0.058000
2026-08-12,18:08:51,0.496252,0.397365,0.002570,29268.303913,0.058000
2026-08-12,18:08:52,0.569268,0.397365,0.002570,29268.303913,0.058000
2026-08-12,18:08:52,0.603040,0.397365,0.002570,29268.306483,0.058000
2026-08-12,18:08:53,0.602413,0.397365,0.002570,29268.309053,0.058000
2026-08-12,18:08:54,0.602413,0.397365,0.002570,29268.309053,0.058000
2026-08-12,18:08:54,0.581629,0.397365,0.002570,29268.311623,0.058000
2026-08-12,18:08:55,0.269868,0.397365,0.002570,29268.314193,0.058000
2026-08-12,18:08:56,0.623522,0.397365,0.002570,29268.314193,0.058000
2026-08-12,18:08:56,0.623522,0.393923,0.002550,29268.316763,0.058000
2026-08-12,18:08:57,0.339689,0.393923,0.002550,29268.319313,0.058000
2026-08-12,18:08:58,0.269868,0.383498,0.002480,29268.319313,0.058000
2026-08-12,18:08:58,0.220181,0.361870,0.002340,29268.321793,0.058000
2026-08-12,18:08:59,0.249409,0.330726,0.002340,29268.324133,0.058000
2026-08-12,18:09:00,0.249409,0.330726,0.002140,29268.324133,0.058000
2026-08-12,18:09:00,0.538112,0.330726,0.002140,29268.326273,0.058000
2026-08-12,18:09:01,0.311761,0.306640,0.001980,29268.328253,0.058000
2026-08-12,18:09:02,0.602737,0.306640,0.001980,29268.328253,0.058000
2026-08-12,18:09:02,0.602737,0.297711,0.001980,29268.330233,0.058000
2026-08-12,18:09:03,0.290977,0.297711,0.001920,29268.332153,0.058000
2026-08-12,18:09:04,0.311761,0.300456,0.001940,29268.332153,0.058000
2026-08-12,18:09:04,0.436465,0.300456,0.001940,29268.334093,0.058000
2026-08-12,18:09:05,0.436140,0.300456,0.001940,29268.336033,0.058000
2026-08-12,18:09:06,0.436140,0.300456,0.001940,29268.336033,0.058000
2026-08-12,18:09:06,0.623197,0.300456,0.001940,29268.337973,0.058000
2026-08-12,18:09:07,0.456924,0.300456,0.001940,29268.339913,0.058000
2026-08-12,18:09:08,0.477708,0.300456,0.001940,29268.339913,0.058000
2026-08-12,18:09:08,0.477708,0.300456,0.001940,29268.341853,0.058000
2026-08-12,18:09:09,0.519276,0.300456,0.001940,29268.343793,0.058000
2026-08-12,18:09:10,0.561169,0.300456,0.001940,29268.343793,0.058000
2026-08-12,18:09:10,0.643981,0.300456,0.001940,29268.345733,0.058000
2026-08-12,18:09:11,0.643981,0.300456,0.001940,29268.347673,0.058000
2026-08-12,18:09:12,0.602413,0.300456,0.001940,29268.347673,0.058000
2026-08-12,18:09:12,0.571234,0.300456,0.001940,29268.349613,0.058000
2026-08-12,18:09:13,0.414609,0.300456,0.001940,29268.351553,0.058000
2026-08-12,18:09:14,0.414609,0.300456,0.001940,29268.351553,0.058000
2026-08-12,18:09:14,0.580128,0.300456,0.001940,29268.353493,0.058000
2026-08-12,18:09:15,0.352417,0.302647,0.001960,29268.355453,0.058000
2026-08-12,18:09:16,0.290226,0.296680,0.001960,29268.355453,0.058000
2026-08-12,18:09:16,0.210573,0.284686,0.001920,29268.357373,0.058000
2026-08-12,18:09:17,0.210573,0.284686,0.001840,29268.359213,0.058000
2026-08-12,18:09:18,0.378702,0.284686,0.001840,29268.359213,0.058000
2026-08-12,18:09:18,0.492465,0.284686,0.001840,29268.361053,0.058000
2026-08-12,18:09:19,0.512663,0.284686,0.001840,29268.362893,0.058000
2026-08-12,18:09:20,0.266431,0.277360,0.001840,29268.362893,0.058000
2026-08-12,18:09:20,0.266431,0.277360,0.001790,29268.364683,0.058000
2026-08-12,18:09:21,0.507275,0.277360,0.001790,29268.366473,0.058000
2026-08-12,18:09:22,0.344478,0.284821,0.001790,29268.366473,0.058000
2026-08-12,18:09:22,0.618628,0.284821,0.001840,29268.368313,0.058000
2026-08-12,18:09:23,0.618628,0.284821,0.001840,29268.370153,0.058000
2026-08-12,18:09:24,0.520950,0.284821,0.001840,29268.370153,0.058000
2026-08-12,18:09:24,0.561975,0.284821,0.001840,29268.371993,0.058000
2026-08-12,18:09:25,0.437598,0.284821,0.001840,29268.373833,0.058000
2026-08-12,18:09:26,0.437598,0.284821,0.001840,29268.373833,0.058000
2026-08-12,18:09:26,0.499786,0.284821,0.001840,29268.375673,0.058000
2026-08-12,18:09:27,0.562626,0.284821,0.001840,29268.377513,0.058000
2026-08-12,18:09:28,0.312244,0.294028,0.001840,29268.377513,0.058000
2026-08-12,18:09:28,0.354246,0.304511,0.001970,29268.379353,0.058000
2026-08-12,18:09:29,0.354246,0.304511,0.001970,29268.381323,0.058000
2026-08-12,18:09:30,0.583464,0.304511,0.001970,29268.381323,0.058000
2026-08-12,18:09:30,0.604302,0.304511,0.001970,29268.383293,0.058000
2026-08-12,18:09:31,0.547323,0.304511,0.001970,29268.385263,0.058000
2026-08-12,18:09:32,0.547323,0.304511,0.001970,29268.385263,0.058000
2026-08-12,18:09:32,0.312244,0.304560,0.001970,29268.387233,0.058000
2026-08-12,18:09:33,0.522578,0.304560,0.001970,29268.389203,0.058000
2026-08-12,18:09:34,0.583138,0.304560,0.001970,29268.389203,0.058000
2026-08-12,18:09:34,0.583138,0.304560,0.001970,29268.391173,0.058000
2026-08-12,18:09:35,0.083352,0.304560,0.001970,29268.393143,0.058000
2026-08-12,18:09:36,0.595061,0.304560,0.001970,29268.393143,0.058000
2026-08-12,18:09:36,0.369028,0.312365,0.002020,29268.395113,0.058000
2026-08-12,18:09:37,0.246232,0.312365,0.002020,29268.397133,0.058000
2026-08-12,18:09:38,0.246232,0.312365,0.002020,29268.397133,0.058000
2026-08-12,18:09:38,0.245912,0.312365,0.002020,29268.399153,0.058000
2026-08-12,18:09:39,0.093940,0.312365,0.002020,29268.401173,0.058000
2026-08-12,18:09:40,0.117666,0.312365,0.002020,29268.401173,0.058000
2026-08-12,18:09:40,0.117666,0.312365,0.002020,29268.403193,0.058000
2026-08-12,18:09:41,0.564092,0.312365,0.002020,29268.405213,0.058000
2026-08-12,18:09:42,0.634930,0.312365,0.002020,29268.405213,0.058000
2026-08-12,18:09:42,0.636236,0.312365,0.002020,29268.407233,0.058000
2026-08-12,18:09:43,0.690099,0.312365,0.002020,29268.409253,0.058000
2026-08-12,18:09:44,0.690099,0.312365,0.002020,29268.409253,0.058000
2026-08-12,18:09:44,0.609141,0.312365,0.002020,29268.411273,0.058000
2026-08-12,18:09:45,0.564092,0.312365,0.002020,29268.413293,0.058000
2026-08-12,18:09:46,0.563766,0.312365,0.002020,29268.413293,0.058000
2026-08-12,18:09:46,0.563766,0.312365,0.002020,29268.415313,0.058000
2026-08-12,18:09:47,0.417520,0.312365,0.002020,29268.417333,0.058000
2026-08-12,18:09:48,0.605877,0.312365,0.002020,29268.417333,0.058000
2026-08-12,18:09:48,0.634170,0.312365,0.002020,29268.419353,0.058000
2026-08-12,18:09:49,0.634170,0.312365,0.002020,29268.421373,0.058000
2026-08-12,18:09:50,0.605068,0.312365,0.002020,29268.421373,0.058000
2026-08-12,18:09:50,0.452576,0.312365,0.002020,29268.423393,0.058000
2026-08-12,18:09:51,0.376718,0.312365,0.002020,29268.425413,0.058000
2026-08-12,18:09:52,0.376718,0.312365,0.002020,29268.425413,0.058000
2026-08-12,18:09:52,0.649355,0.312365,0.002020,29268.427433,0.058000
2026-08-12,18:09:53,0.481452,0.312365,0.002020,29268.429453,0.058000
2026-08-12,18:09:54,0.596256,0.312365,0.002020,29268.429453,0.058000
2026-08-12,18:09:54,0.596256,0.312365,0.002020,29268.431473,0.058000
2026-08-12,18:09:55,0.521362,0.312365,0.002020,29268.433493,0.058000
2026-08-12,18:09:56,0.483989,0.312365,0.002020,29268.433493,0.058000
2026-08-12,18:09:56,0.556854,0.312365,0.002020,29268.435513,0.058000
2026-08-12,18:09:57,0.423381,0.312365,0.002020,29268.437533,0.058000
2026-08-12,18:09:58,0.423381,0.312365,0.002020,29268.437533,0.058000
2026-08-12,18:09:58,0.317536,0.312365,0.002020,29268.439553,0.058000
2026-08-12,18:09:59,0.332545,0.312365,0.002020,29268.441573,0.058000
2026-08-12,18:10:00,0.506712,0.312365,0.002020,29268.441573,0.058000
2026-08-12,18:10:00,0.506712,0.308702,0.002020,29268.443593,0.058000
2026-08-12,18:10:01,0.275129,0.308702,0.001990,29268.445583,0.060000
2026-08-12,18:10:02,0.185771,0.308702,0.002100,29268.445583,0.060000
2026-08-12,18:10:02,0.206449,0.308702,0.002100,29268.447683,0.062000
2026-08-12,18:10:03,0.372189,0.310679,0.002220,29268.449903,0.063000
2026-08-12,18:10:04,0.372189,0.310679,0.002220,29268.449903,0.064000
2026-08-12,18:10:04,0.185771,0.310679,0.002330,29268.452233,0.064000
2026-08-12,18:10:05,0.310158,0.312672,0.002350,29268.454583,0.064000
2026-08-12,18:10:06,0.516929,0.312672,0.002350,29268.454583,0.064000
2026-08-12,18:10:06,0.454898,0.312672,0.002350,29268.456933,0.063000
2026-08-12,18:10:07,0.454898,0.312672,0.002290,29268.456933,0.062000
2026-08-12,18:10:08,0.083678,0.312672,0.002290,29268.459223,0.062000
2026-08-12,18:10:08,0.165094,0.312672,0.002240,29268.461463,0.062000
2026-08-12,18:10:09,0.187387,0.312672,0.002180,29268.461463,0.061000
2026-08-12,18:10:10,0.187387,0.312672,0.002180,29268.463643,0.060000
2026-08-12,18:10:10,0.162508,0.312672,0.002130,29268.465773,0.060000
2026-08-12,18:10:11,0.373796,0.328994,0.002240,29268.465773,0.060000
2026-08-12,18:10:12,0.352094,0.337561,0.002240,29268.468013,0.060000
2026-08-12,18:10:12,0.310633,0.334176,0.002300,29268.470313,0.059000
2026-08-12,18:10:13,0.310633,0.334176,0.002220,29268.470313,0.059000
2026-08-12,18:10:14,0.207304,0.334176,0.002220,29268.472533,0.059000
2026-08-12,18:10:14,0.082922,0.334176,0.002220,29268.474753,0.059000
2026-08-12,18:10:15,0.331687,0.336120,0.002230,29268.474753,0.059000
2026-08-12,18:10:16,0.331687,0.336120,0.002230,29268.476983,0.058000
2026-08-12,18:10:16,0.517937,0.336120,0.002170,29268.479153,0.058000
2026-08-12,18:10:17,0.414609,0.336120,0.002170,29268.479153,0.058000
2026-08-12,18:10:18,0.476800,0.336120,0.002170,29268.481323,0.058000
2026-08-12,18:10:18,0.393878,0.336120,0.002170,29268.483493,0.058000
2026-08-12,18:10:19,0.393878,0.336120,0.002170,29268.483493,0.058000
2026-08-12,18:10:20,0.456070,0.336120,0.002170,29268.485663,0.058000
2026-08-12,18:10:20,0.549357,0.336120,0.002170,29268.487833,0.058000
2026-08-12,18:10:21,0.248765,0.325572,0.002170,29268.487833,0.058000
2026-08-12,18:10:21,0.165520,0.325572,0.002100,29268.489933,0.058000
2026-08-12,18:10:22,0.165520,0.325572,0.002100,29268.492033,0.058000
2026-08-12,18:10:23,0.621589,0.325572,0.002100,29268.492033,0.058000
2026-08-12,18:10:23,0.310633,0.325411,0.002100,29268.494133,0.058000
2026-08-12,18:10:24,0.082922,0.325411,0.002100,29268.496233,0.058000
2026-08-12,18:10:25,0.082922,0.317498,0.002100,29268.496233,0.058000
2026-08-12,18:10:25,0.289902,0.317498,0.002050,29268.498283,0.058000
2026-08-12,18:10:26,0.229331,0.312919,0.002020,29268.500303,0.058000
2026-08-12,18:10:27,0.269172,0.302617,0.002020,29268.500303,0.058000
2026-08-12,18:10:27,0.517937,0.302617,0.001960,29268.502263,0.058000
2026-08-12,18:10:28,0.517937,0.302617,0.001960,29268.504223,0.058000
2026-08-12,18:10:29,0.372824,0.302617,0.001960,29268.504223,0.058000
2026-08-12,18:10:29,0.596972,0.302617,0.001960,29268.506183,0.058000
2026-08-12,18:10:30,0.517937,0.302617,0.001960,29268.508143,0.058000
2026-08-12,18:10:31,0.580128,0.302617,0.001960,29268.508143,0.058000
2026-08-12,18:10:31,0.580128,0.302617,0.001960,29268.510103,0.058000
2026-08-12,18:10:32,0.530811,0.302617,0.001960,29268.512063,0.058000
2026-08-12,18:10:33,0.367165,0.308318,0.001960,29268.512063,0.058000
2026-08-12,18:10:33,0.626442,0.308318,0.001990,29268.514023,0.058000
2026-08-12,18:10:34,0.626442,0.300187,0.001990,29268.516013,0.058000
2026-08-12,18:10:35,0.292492,0.300187,0.001940,29268.516013,0.058000
2026-08-12,18:10:35,0.480196,0.300187,0.001940,29268.517953,0.058000
2026-08-12,18:10:36,0.450283,0.300187,0.001940,29268.519893,0.058000
2026-08-12,18:10:37,0.470751,0.300187,0.001940,29268.519893,0.058000
2026-08-12,18:10:37,0.470751,0.300187,0.001940,29268.521833,0.058000
2026-08-12,18:10:38,0.225142,0.287492,0.001940,29268.523773,0.058000
2026-08-12,18:10:39,0.572768,0.287492,0.001860,29268.523773,0.058000
2026-08-12,18:10:39,0.602737,0.287492,0.001860,29268.525633,0.058000
2026-08-12,18:10:40,0.602737,0.287492,0.001860,29268.527493,0.058000
2026-08-12,18:10:41,0.200696,0.287492,0.001860,29268.527493,0.058000
2026-08-12,18:10:41,0.664765,0.287492,0.001860,29268.529353,0.058000
2026-08-12,18:10:42,0.456924,0.287492,0.001860,29268.531213,0.058000
2026-08-12,18:10:43,0.540385,0.287492,0.001860,29268.531213,0.058000
2026-08-12,18:10:43,0.540385,0.287492,0.001860,29268.533073,0.058000
2026-08-12,18:10:44,0.186732,0.287492,0.001860,29268.534933,0.058000
2026-08-12,18:10:45,0.332220,0.289651,0.001870,29268.534933,0.058000
2026-08-12,18:10:45,0.228625,0.289651,0.001870,29268.536803,0.058000
2026-08-12,18:10:46,0.519601,0.289651,0.001870,29268.538673,0.058000
2026-08-12,18:10:47,0.519601,0.289651,0.001870,29268.538673,0.058000
2026-08-12,18:10:47,0.498817,0.289651,0.001870,29268.540543,0.058000
2026-08-12,18:10:48,0.623197,0.289651,0.001870,29268.542413,0.058000
2026-08-12,18:10:49,0.353004,0.291783,0.001890,29268.542413,0.058000
2026-08-12,18:10:49,0.353004,0.291783,0.001890,29268.544303,0.058000
2026-08-12,18:10:50,0.228300,0.291783,0.001890,29268.546193,0.058000
2026-08-12,18:10:51,0.318256,0.298732,0.001930,29268.546193,0.058000
2026-08-12,18:10:51,0.602737,0.298732,0.001930,29268.548123,0.058000
2026-08-12,18:10:52,0.207516,0.298732,0.001930,29268.550053,0.058000
2026-08-12,18:10:53,0.207516,0.298732,0.001930,29268.550053,0.058000
2026-08-12,18:10:53,0.249084,0.298732,0.001930,29268.551983,0.058000
2026-08-12,18:10:54,0.297561,0.298732,0.001930,29268.553913,0.058000
2026-08-12,18:10:55,0.379704,0.298732,0.001930,29268.553913,0.058000
2026-08-12,18:10:55,0.379704,0.298732,0.001930,29268.555843,0.058000
2026-08-12,18:10:56,0.494982,0.298732,0.001930,29268.557773,0.058000
2026-08-12,18:10:57,0.456633,0.298732,0.001930,29268.557773,0.058000
2026-08-12,18:10:57,0.292930,0.296961,0.001930,29268.559703,0.058000
2026-08-12,18:10:58,0.125354,0.296961,0.001920,29268.561623,0.058000
2026-08-12,18:10:59,0.125354,0.301486,0.001950,29268.561623,0.058000
2026-08-12,18:10:59,0.335151,0.301486,0.001950,29268.563573,0.058000
2026-08-12,18:11:00,0.524328,0.301486,0.001950,29268.565523,0.058000
2026-08-12,18:11:01,0.254964,0.304050,0.001960,29268.565523,0.058000
2026-08-12,18:11:01,0.581932,0.304050,0.001960,29268.567483,0.058000
2026-08-12,18:11:02,0.581932,0.304050,0.001960,29268.569443,0.058000
2026-08-12,18:11:03,0.146629,0.304050,0.001960,29268.569443,0.058000
2026-08-12,18:11:03,0.144047,0.304050,0.001960,29268.571403,0.058000
2026-08-12,18:11:04,0.247491,0.301881,0.001950,29268.573353,0.058000
2026-08-12,18:11:05,0.247491,0.301881,0.001950,29268.573353,0.058000
2026-08-12,18:11:05,0.082497,0.301881,0.001950,29268.575303,0.058000
2026-08-12,18:11:06,0.123423,0.301881,0.001950,29268.577253,0.058000
2026-08-12,18:11:07,0.334824,0.298647,0.001930,29268.577253,0.058000
2026-08-12,18:11:07,0.544620,0.298647,0.001930,29268.579183,0.058000
2026-08-12,18:11:08,0.544620,0.298647,0.001930,29268.581113,0.058000
2026-08-12,18:11:09,0.292930,0.298691,0.001930,29268.581113,0.058000
2026-08-12,18:11:09,0.523346,0.298691,0.001930,29268.583043,0.058000
2026-08-12,18:11:10,0.370914,0.298691,0.001930,29268.584973,0.058000
2026-08-12,18:11:11,0.370914,0.298691,0.001930,29268.584973,0.058000
2026-08-12,18:11:11,0.308313,0.298691,0.001930,29268.586903,0.058000
2026-08-12,18:11:12,0.425223,0.298691,0.001930,29268.588833,0.058000
2026-08-12,18:11:13,0.213459,0.297523,0.001930,29268.588833,0.058000
2026-08-12,18:11:13,0.289902,0.297523,0.001920,29268.590753,0.058000
2026-08-12,18:11:14,0.289902,0.297523,0.001920,29268.592673,0.058000
2026-08-12,18:11:15,0.496235,0.297523,0.001920,29268.592673,0.058000
2026-08-12,18:11:15,0.608309,0.297523,0.001920,29268.594593,0.058000
2026-08-12,18:11:16,0.393554,0.297523,0.001920,29268.596513,0.058000
2026-08-12,18:11:17,0.393554,0.297523,0.001920,29268.596513,0.058000
2026-08-12,18:11:17,0.576251,0.297523,0.001920,29268.598433,0.058000
2026-08-12,18:11:18,0.585885,0.297523,0.001920,29268.600353,0.058000
2026-08-12,18:11:19,0.519601,0.297523,0.001920,29268.600353,0.058000
2026-08-12,18:11:19,0.519601,0.297523,0.001920,29268.602273,0.058000
2026-08-12,18:11:20,0.727442,0.297523,0.001920,29268.604193,0.058000
2026-08-12,18:11:21,0.540385,0.297523,0.001920,29268.604193,0.058000
2026-08-12,18:11:21,0.498817,0.297523,0.001920,29268.606113,0.058000
2026-08-12,18:11:22,0.500441,0.297523,0.001920,29268.608033,0.058000
2026-08-12,18:11:23,0.500441,0.297523,0.001920,29268.608033,0.058000
2026-08-12,18:11:23,0.602413,0.297523,0.001920,29268.609953,0.058000
2026-08-12,18:11:24,0.450429,0.297523,0.001920,29268.611873,0.058000
2026-08-12,18:11:25,0.640084,0.297523,0.001920,29268.611873,0.058000
2026-08-12,18:11:25,0.640084,0.297523,0.001920,29268.613793,0.058000
2026-08-12,18:11:26,0.436140,0.297523,0.001920,29268.615713,0.058000
2026-08-12,18:11:27,0.373788,0.297523,0.001920,29268.615713,0.058000
2026-08-12,18:11:27,0.519276,0.297523,0.001920,29268.617633,0.058000
2026-08-12,18:11:28,0.519276,0.297523,0.001920,29268.619553,0.058000
2026-08-12,18:11:29,0.457249,0.297523,0.001920,29268.619553,0.058000
2026-08-12,18:11:29,0.560845,0.297523,0.001920,29268.621473,0.058000
2026-08-12,18:11:30,0.540385,0.297523,0.001920,29268.623393,0.058000
2026-08-12,18:11:31,0.540385,0.297523,0.001920,29268.623393,0.058000
2026-08-12,18:11:31,0.498817,0.297523,0.001920,29268.625313,0.058000
2026-08-12,18:11:32,0.602413,0.297523,0.001920,29268.627233,0.058000
2026-08-12,18:11:33,0.529159,0.297523,0.001920,29268.627233,0.058000
2026-08-12,18:11:33,0.529159,0.297523,0.001920,29268.629153,0.058000
2026-08-12,18:11:34,0.557960,0.297523,0.001920,29268.631073,0.058000
2026-08-12,18:11:35,0.454898,0.297523,0.001920,29268.631073,0.058000
2026-08-12,18:11:35,0.519191,0.524019,0.003390,29268.632993,0.058000
2026-08-12,18:11:36,0.519191,0.519649,0.003390,29268.636383,0.058000
2026-08-12,18:11:37,0.475575,0.519649,0.003360,29268.636383,0.058000
2026-08-12,18:11:37,0.578961,0.531820,0.003440,29268.639743,0.058000
2026-08-12,18:11:38,0.558284,0.531564,0.003440,29268.643183,0.058000
2026-08-12,18:11:39,0.599315,0.537457,0.003480,29268.643183,0.058000
2026-08-12,18:11:39,0.599315,0.537457,0.003480,29268.646663,0.058000
2026-08-12,18:11:40,0.475575,0.535133,0.003460,29268.650123,0.058000
2026-08-12,18:11:41,0.485913,0.523483,0.003390,29268.650123,0.058000
2026-08-12,18:11:41,0.086909,0.523483,0.003390,29268.653513,0.058000
2026-08-12,18:11:42,0.086909,0.513957,0.003390,29268.656903,0.058000
2026-08-12,18:11:43,0.433897,0.513957,0.003320,29268.656903,0.058000
2026-08-12,18:11:43,0.194818,0.513957,0.003320,29268.660223,0.058000
2026-08-12,18:11:44,0.351189,0.513957,0.003320,29268.663543,0.058000
2026-08-12,18:11:45,0.434221,0.513957,0.003320,29268.663543,0.058000
2026-08-12,18:11:45,0.434221,0.513957,0.003320,29268.666863,0.058000
2026-08-12,18:11:46,0.508057,0.513957,0.003320,29268.670183,0.058000
2026-08-12,18:11:47,0.529477,0.513957,0.003320,29268.670183,0.058000
2026-08-12,18:11:47,0.386607,0.513957,0.003320,29268.673503,0.058000
2026-08-12,18:11:48,0.121869,0.513957,0.003320,29268.676823,0.058000
2026-08-12,18:11:49,0.121869,0.513957,0.003200,29268.676823,0.058000
2026-08-12,18:11:49,0.366561,0.494817,0.003200,29268.680023,0.058000
2026-08-12,18:11:50,0.264738,0.475801,0.003080,29268.683103,0.058000
2026-08-12,18:11:51,0.629730,0.475801,0.003080,29268.683103,0.058000
2026-08-12,18:11:51,0.629730,0.475801,0.003080,29268.686183,0.058000
2026-08-12,18:11:52,0.452576,0.475801,0.003080,29268.689263,0.058000
2026-08-12,18:11:53,0.308574,0.475801,0.003080,29268.689263,0.058000
2026-08-12,18:11:53,0.514291,0.475311,0.003080,29268.692343,0.058000
2026-08-12,18:11:54,0.587726,0.486526,0.003150,29268.695493,0.058000
2026-08-12,18:11:55,0.587726,0.486526,0.003150,29268.695493,0.058000
2026-08-12,18:11:55,0.294027,0.486526,0.003150,29268.698643,0.058000
2026-08-12,18:11:56,0.084008,0.486526,0.003150,29268.701793,0.058000
2026-08-12,18:11:57,0.356705,0.464301,0.003150,29268.701793,0.058000
2026-08-12,18:11:57,0.356705,0.464301,0.003000,29268.704793,0.058000
2026-08-12,18:11:58,0.504046,0.464301,0.003000,29268.707793,0.058000
2026-08-12,18:11:59,0.335703,0.442042,0.003000,29268.707793,0.058000
2026-08-12,18:11:59,0.462043,0.442042,0.002860,29268.710653,0.058000
2026-08-12,18:12:00,0.482716,0.442042,0.002860,29268.713513,0.058000
2026-08-12,18:12:01,0.482716,0.442042,0.002860,29268.713513,0.058000
2026-08-12,18:12:01,0.452708,0.442042,0.002860,29268.716373,0.058000
2026-08-12,18:12:02,0.512663,0.442042,0.002860,29268.719233,0.058000
2026-08-12,18:12:03,0.458436,0.442042,0.002860,29268.719233,0.058000
2026-08-12,18:12:03,0.458436,0.442042,0.002860,29268.722093,0.058000
2026-08-12,18:12:04,0.612695,0.442042,0.002860,29268.724953,0.058000
2026-08-12,18:12:05,0.451426,0.442042,0.002860,29268.724953,0.058000
2026-08-12,18:12:05,0.594741,0.442042,0.002860,29268.727813,0.058000
2026-08-12,18:12:06,0.594741,0.442042,0.002860,29268.730673,0.058000
2026-08-12,18:12:07,0.635780,0.442042,0.002860,29268.730673,0.058000
2026-08-12,18:12:07,0.574221,0.442042,0.002860,29268.733533,0.058000
2026-08-12,18:12:08,0.594741,0.442042,0.002860,29268.736393,0.058000
2026-08-12,18:12:09,0.594741,0.442042,0.002860,29268.736393,0.058000
2026-08-12,18:12:09,0.292166,0.442042,0.002860,29268.739253,0.058000
2026-08-12,18:12:10,0.521981,0.434309,0.002860,29268.742063,0.058000
2026-08-12,18:12:11,0.534862,0.440238,0.002810,29268.742063,0.058000
2026-08-12,18:12:11,0.534862,0.451272,0.002920,29268.744873,0.058000
2026-08-12,18:12:12,0.596256,0.451272,0.002920,29268.747793,0.058000
2026-08-12,18:12:13,0.452254,0.453108,0.002930,29268.747793,0.058000
2026-08-12,18:12:13,0.513969,0.467849,0.003030,29268.750723,0.058000
2026-08-12,18:12:14,0.616827,0.503057,0.003030,29268.753753,0.058000
2026-08-12,18:12:15,0.616827,0.503057,0.003250,29268.753753,0.058000
2026-08-12,18:12:15,0.246538,0.503057,0.003250,29268.757003,0.058000
2026-08-12,18:12:16,0.411111,0.492740,0.003250,29268.760253,0.058000
2026-08-12,18:12:17,0.246860,0.492740,0.003190,29268.760253,0.058000
2026-08-12,18:12:17,0.246860,0.469970,0.003040,29268.763443,0.058000
2026-08-12,18:12:18,0.360026,0.469970,0.003040,29268.763443,0.058000
2026-08-12,18:12:19,0.230089,0.469970,0.003040,29268.766483,0.058000
2026-08-12,18:12:19,0.082497,0.469970,0.003040,29268.769523,0.058000
2026-08-12,18:12:20,0.515606,0.485860,0.003040,29268.769523,0.058000
2026-08-12,18:12:21,0.515606,0.485860,0.003140,29268.772563,0.058000
2026-08-12,18:12:21,0.268760,0.485860,0.003140,29268.775703,0.058000
2026-08-12,18:12:22,0.412162,0.493506,0.003140,29268.775703,0.058000
2026-08-12,18:12:23,0.381548,0.479462,0.003100,29268.778843,0.058000
2026-08-12,18:12:23,0.309363,0.456912,0.002950,29268.781943,0.058000
2026-08-12,18:12:24,0.309363,0.456912,0.002950,29268.781943,0.058000
2026-08-12,18:12:25,0.536230,0.456912,0.002950,29268.784893,0.058000
2026-08-12,18:12:25,0.453733,0.456912,0.002950,29268.787843,0.058000
2026-08-12,18:12:26,0.329988,0.456912,0.002950,29268.787843,0.058000
2026-08-12,18:12:27,0.329988,0.456912,0.002950,29268.790793,0.058000
2026-08-12,18:12:27,0.164994,0.456912,0.002950,29268.793743,0.058000
2026-08-12,18:12:28,0.350290,0.432316,0.002800,29268.793743,0.058000
2026-08-12,18:12:29,0.185618,0.432316,0.002800,29268.796543,0.058000
2026-08-12,18:12:29,0.391538,0.426244,0.002800,29268.799343,0.058000
2026-08-12,18:12:30,0.391538,0.426244,0.002760,29268.799343,0.058000
2026-08-12,18:12:31,0.371236,0.411971,0.002660,29268.802103,0.058000
2026-08-12,18:12:31,0.556854,0.411971,0.002660,29268.804763,0.058000
2026-08-12,18:12:32,0.412485,0.411971,0.002660,29268.804763,0.058000
2026-08-12,18:12:33,0.412485,0.411971,0.002660,29268.807423,0.058000
2026-08-12,18:12:33,0.251695,0.411971,0.002660,29268.810083,0.058000
2026-08-12,18:12:34,0.377707,0.388059,0.002510,29268.810083,0.058000
2026-08-12,18:12:35,0.319295,0.378877,0.002450,29268.812593,0.058000
2026-08-12,18:12:35,0.483045,0.378877,0.002450,29268.815043,0.058000
2026-08-12,18:12:36,0.483045,0.378877,0.002450,29268.815043,0.058000
2026-08-12,18:12:37,0.241744,0.378877,0.002450,29268.817493,0.058000
2026-08-12,18:12:37,0.520624,0.378877,0.002450,29268.819943,0.058000
2026-08-12,18:12:38,0.500112,0.378877,0.002450,29268.819943,0.058000
2026-08-12,18:12:39,0.542765,0.378877,0.002450,29268.822393,0.058000
2026-08-12,18:12:39,0.542765,0.378877,0.002450,29268.824843,0.058000
2026-08-12,18:12:40,0.333408,0.376215,0.002430,29268.824843,0.058000
2026-08-12,18:12:41,0.479274,0.376215,0.002430,29268.827273,0.058000
2026-08-12,18:12:41,0.555463,0.376215,0.002430,29268.829703,0.058000
2026-08-12,18:12:42,0.555463,0.376215,0.002430,29268.829703,0.058000
2026-08-12,18:12:43,0.667841,0.376215,0.002430,29268.832133,0.058000
2026-08-12,18:12:43,0.601153,0.376215,0.002430,29268.834563,0.058000
2026-08-12,18:12:44,0.533503,0.376215,0.002430,29268.834563,0.058000
2026-08-12,18:12:45,0.533503,0.376215,0.002430,29268.836993,0.058000
2026-08-12,18:12:45,0.369348,0.361590,0.002340,29268.839333,0.058000
2026-08-12,18:12:46,0.512984,0.361590,0.002340,29268.839333,0.058000
2026-08-12,18:12:47,0.586514,0.361590,0.002340,29268.841673,0.058000
2026-08-12,18:12:47,0.586514,0.361590,0.002340,29268.844013,0.058000
2026-08-12,18:12:48,0.565240,0.361590,0.002340,29268.844013,0.058000
2026-08-12,18:12:49,0.607461,0.361590,0.002340,29268.846353,0.058000
2026-08-12,18:12:49,0.513969,0.361590,0.002340,29268.848693,0.058000
2026-08-12,18:12:50,0.513969,0.361590,0.002340,29268.848693,0.058000
2026-08-12,18:12:51,0.545791,0.361590,0.002340,29268.851033,0.058000
2026-08-12,18:12:51,0.452254,0.361590,0.002340,29268.853373,0.058000
2026-08-12,18:12:52,0.560898,0.361590,0.002340,29268.853373,0.058000
2026-08-12,18:12:53,0.560898,0.361590,0.002340,29268.855713,0.058000
2026-08-12,18:12:53,0.580277,0.361590,0.002340,29268.858053,0.058000
2026-08-12,18:12:54,0.624828,0.555022,0.003590,29268.858053,0.058000
2026-08-12,18:12:55,0.559722,0.559696,0.003590,29268.861643,0.058000
2026-08-12,18:12:55,0.559722,0.548724,0.003620,29268.865263,0.058000
2026-08-12,18:12:56,0.476800,0.548724,0.003620,29268.865263,0.058000
2026-08-12,18:12:57,0.388372,0.531037,0.003440,29268.868703,0.058000
2026-08-12,18:12:57,0.542554,0.531037,0.003440,29268.872143,0.058000
2026-08-12,18:12:58,0.248765,0.531037,0.003440,29268.872143,0.058000
2026-08-12,18:12:59,0.248765,0.531037,0.003440,29268.875583,0.058000
2026-08-12,18:12:59,0.327152,0.531037,0.003440,29268.879023,0.058000
2026-08-12,18:13:00,0.479771,0.518268,0.003440,29268.879023,0.058000
2026-08-12,18:13:01,0.229489,0.518268,0.003350,29268.882373,0.058000
2026-08-12,18:13:01,0.229489,0.527459,0.003410,29268.885783,0.058000
2026-08-12,18:13:02,0.605877,0.527459,0.003410,29268.885783,0.058000
2026-08-12,18:13:03,0.396954,0.527459,0.003410,29268.889193,0.058000
2026-08-12,18:13:03,0.125027,0.527459,0.003410,29268.892603,0.058000
2026-08-12,18:13:04,0.376061,0.510486,0.003410,29268.892603,0.058000
2026-08-12,18:13:05,0.376061,0.510486,0.003300,29268.895903,0.058000
2026-08-12,18:13:05,0.271273,0.492388,0.003180,29268.899083,0.058000
2026-08-12,18:13:06,0.270947,0.463393,0.003180,29268.899083,0.058000
2026-08-12,18:13:07,0.084858,0.463393,0.003000,29268.902263,0.058000
2026-08-12,18:13:07,0.084858,0.463393,0.003000,29268.905263,0.058000
2026-08-12,18:13:08,0.288003,0.463393,0.003000,29268.905263,0.058000
2026-08-12,18:13:09,0.207002,0.463393,0.003000,29268.908263,0.058000
2026-08-12,18:13:09,0.226288,0.463393,0.003000,29268.911263,0.058000
2026-08-12,18:13:10,0.534862,0.458851,0.003000,29268.911263,0.058000
2026-08-12,18:13:11,0.534862,0.458851,0.002970,29268.914263,0.058000
2026-08-12,18:13:11,0.287681,0.458851,0.002970,29268.917233,0.058000
2026-08-12,18:13:12,0.349396,0.458851,0.002970,29268.917233,0.058000
2026-08-12,18:13:13,0.226288,0.458851,0.002970,29268.920203,0.058000
2026-08-12,18:13:13,0.567052,0.453074,0.002970,29268.923173,0.058000
2026-08-12,18:13:14,0.567052,0.453074,0.002930,29268.923173,0.058000
2026-08-12,18:13:15,0.288417,0.453074,0.002930,29268.926103,0.058000
2026-08-12,18:13:15,0.517539,0.448856,0.002930,29268.929033,0.058000
2026-08-12,18:13:16,0.508057,0.451981,0.002900,29268.929033,0.058000
2026-08-12,18:13:17,0.508057,0.451981,0.003020,29268.931933,0.058000
2026-08-12,18:13:17,0.535908,0.466735,0.003020,29268.934953,0.058000
2026-08-12,18:13:18,0.329665,0.466735,0.003020,29268.934953,0.058000
2026-08-12,18:13:19,0.474357,0.466193,0.003020,29268.937973,0.058000
2026-08-12,18:13:19,0.474357,0.461291,0.003020,29268.940993,0.058000
2026-08-12,18:13:20,0.556854,0.461291,0.002980,29268.940993,0.058000
2026-08-12,18:13:21,0.598103,0.483495,0.003130,29268.943973,0.058000
2026-08-12,18:13:21,0.639029,0.520271,0.003130,29268.947103,0.058000
2026-08-12,18:13:22,0.639029,0.554082,0.003370,29268.947103,0.058000
2026-08-12,18:13:23,0.609056,0.554082,0.003370,29268.950473,0.058000
2026-08-12,18:13:23,0.524720,0.553068,0.003580,29268.954053,0.058000
2026-08-12,18:13:24,0.314701,0.553068,0.003580,29268.954053,0.058000
2026-08-12,18:13:25,0.244374,0.553068,0.003580,29268.957633,0.058000
2026-08-12,18:13:25,0.244374,0.553068,0.003580,29268.961213,0.058000
2026-08-12,18:13:26,0.101822,0.553068,0.003580,29268.961213,0.058000
2026-08-12,18:13:27,0.374762,0.553068,0.003580,29268.964793,0.058000
2026-08-12,18:13:27,0.461146,0.553068,0.003580,29268.968373,0.058000
2026-08-12,18:13:28,0.461146,0.553068,0.003580,29268.968373,0.058000
2026-08-12,18:13:29,0.249409,0.553068,0.003580,29268.971953,0.058000
2026-08-12,18:13:29,0.373788,0.553068,0.003580,29268.975533,0.058000
2026-08-12,18:13:30,0.481281,0.553068,0.003580,29268.975533,0.058000
2026-08-12,18:13:31,0.249409,0.553068,0.003580,29268.979113,0.058000
2026-08-12,18:13:31,0.249409,0.553068,0.003580,29268.982693,0.058000
2026-08-12,18:13:32,0.124380,0.553068,0.003580,29268.982693,0.058000
2026-08-12,18:13:33,0.478033,0.544166,0.003580,29268.986273,0.058000
2026-08-12,18:13:33,0.576757,0.550088,0.003560,29268.989833,0.058000
2026-08-12,18:13:34,0.415356,0.540817,0.003500,29268.989833,0.058000
2026-08-12,18:13:35,0.415356,0.540817,0.003500,29268.993333,0.058000
2026-08-12,18:13:35,0.332220,0.520449,0.003370,29268.996703,0.058000
2026-08-12,18:13:36,0.519601,0.520449,0.003370,29268.996703,0.058000
2026-08-12,18:13:36,0.602413,0.520449,0.003370,29269.000073,0.058000
2026-08-12,18:13:37,0.602413,0.520449,0.003370,29269.003443,0.058000
2026-08-12,18:13:38,0.142952,0.520449,0.003370,29269.003443,0.058000
2026-08-12,18:13:38,0.502727,0.523286,0.003380,29269.006823,0.058000
2026-08-12,18:13:39,0.565567,0.524157,0.003390,29269.010213,0.058000
2026-08-12,18:13:40,0.313877,0.524157,0.003390,29269.010213,0.058000
2026-08-12,18:13:40,0.313877,0.524157,0.003390,29269.013603,0.058000
2026-08-12,18:13:41,0.315513,0.524157,0.003390,29269.016993,0.058000
2026-08-12,18:13:42,0.319441,0.524157,0.003390,29269.016993,0.058000
2026-08-12,18:13:42,0.502727,0.514619,0.003390,29269.020383,0.058000
2026-08-12,18:13:43,0.502727,0.514619,0.003330,29269.023713,0.058000
2026-08-12,18:13:44,0.106072,0.514619,0.003330,29269.023713,0.058000
2026-08-12,18:13:44,0.126678,0.514619,0.003330,29269.027043,0.058000
2026-08-12,18:13:45,0.551577,0.505874,0.003270,29269.030313,0.058000
2026-08-12,18:13:46,0.352825,0.505874,0.003270,29269.030313,0.058000
2026-08-12,18:13:46,0.352825,0.499430,0.003270,29269.033583,0.058000
2026-08-12,18:13:47,0.544620,0.499430,0.003230,29269.036813,0.058000
2026-08-12,18:13:48,0.293257,0.499430,0.003230,29269.036813,0.058000
2026-08-12,18:13:48,0.544293,0.501388,0.003240,29269.040053,0.058000
2026-08-12,18:13:49,0.564258,0.510010,0.003300,29269.043353,0.058000
2026-08-12,18:13:50,0.564258,0.510010,0.003300,29269.043353,0.058000
2026-08-12,18:13:50,0.272310,0.510010,0.003300,29269.046653,0.058000
2026-08-12,18:13:51,0.617186,0.514053,0.003330,29269.049983,0.058000
2026-08-12,18:13:52,0.546346,0.527152,0.003330,29269.049983,0.058000
2026-08-12,18:13:52,0.546346,0.546025,0.003410,29269.053393,0.058000
2026-08-12,18:13:53,0.520950,0.546025,0.003410,29269.056923,0.058000
2026-08-12,18:13:54,0.122423,0.546025,0.003530,29269.056923,0.058000
2026-08-12,18:13:54,0.541788,0.549931,0.003560,29269.060483,0.058000
2026-08-12,18:13:55,0.488391,0.542214,0.003560,29269.063993,0.058000
2026-08-12,18:13:56,0.488391,0.542214,0.003510,29269.063993,0.058000
2026-08-12,18:13:56,0.479274,0.539868,0.003490,29269.067483,0.058000
2026-08-12,18:13:57,0.119589,0.539868,0.003490,29269.070973,0.058000
2026-08-12,18:13:58,0.512984,0.536009,0.003490,29269.070973,0.058000
2026-08-12,18:13:58,0.512984,0.533745,0.003450,29269.074463,0.058000
2026-08-12,18:13:59,0.521981,0.533745,0.003450,29269.077913,0.058000
2026-08-12,18:14:00,0.334277,0.533745,0.003450,29269.077913,0.058000
2026-08-12,18:14:00,0.417846,0.533745,0.003450,29269.081363,0.058000
2026-08-12,18:14:01,0.417846,0.537782,0.003450,29269.081363,0.058000
2026-08-12,18:14:02,0.584658,0.537782,0.003480,29269.084813,0.058000
2026-08-12,18:14:02,0.517411,0.533097,0.003450,29269.088293,0.058000
2026-08-12,18:14:03,0.369968,0.508375,0.003450,29269.088293,0.058000
2026-08-12,18:14:04,0.369968,0.498966,0.003290,29269.091743,0.058000
2026-08-12,18:14:04,0.452254,0.498966,0.003210,29269.095033,0.058000
2026-08-12,18:14:05,0.493398,0.496211,0.003210,29269.095033,0.058000
2026-08-12,18:14:06,0.349396,0.476971,0.003080,29269.098243,0.058000
2026-08-12,18:14:06,0.471219,0.476971,0.003080,29269.101323,0.058000
2026-08-12,18:14:07,0.471219,0.476971,0.003080,29269.101323,0.058000
2026-08-12,18:14:08,0.288003,0.476971,0.003080,29269.104403,0.058000
2026-08-12,18:14:08,0.164252,0.476971,0.003080,29269.107483,0.058000
2026-08-12,18:14:09,0.308574,0.476971,0.003080,29269.107483,0.058000
2026-08-12,18:14:10,0.308574,0.487308,0.003150,29269.110563,0.058000
2026-08-12,18:14:10,0.591756,0.487308,0.003150,29269.113713,0.058000
2026-08-12,18:14:11,0.246860,0.487308,0.003150,29269.113713,0.058000
2026-08-12,18:14:12,0.267431,0.487308,0.003150,29269.116863,0.058000
2026-08-12,18:14:12,0.287681,0.487308,0.003150,29269.120013,0.058000
2026-08-12,18:14:13,0.287681,0.495406,0.003150,29269.120013,0.058000
2026-08-12,18:14:14,0.560255,0.495406,0.003200,29269.123163,0.058000
2026-08-12,18:14:14,0.246538,0.495406,0.003200,29269.126363,0.058000
2026-08-12,18:14:15,0.288003,0.495406,0.003200,29269.126363,0.058000
2026-08-12,18:14:16,0.205716,0.495406,0.003200,29269.129563,0.058000
2026-08-12,18:14:16,0.205716,0.495406,0.003200,29269.132763,0.058000
2026-08-12,18:14:17,0.294027,0.495406,0.003200,29269.132763,0.058000
2026-08-12,18:14:18,0.348509,0.495406,0.003200,29269.135963,0.058000
2026-08-12,18:14:18,0.164155,0.495406,0.003200,29269.139163,0.058000
2026-08-12,18:14:19,0.164155,0.495406,0.003200,29269.139163,0.058000
2026-08-12,18:14:20,0.225392,0.495406,0.003200,29269.142363,0.058000
2026-08-12,18:14:20,0.594741,0.503582,0.003260,29269.145623,0.058000
2026-08-12,18:14:21,0.208054,0.503582,0.003260,29269.145623,0.058000
2026-08-12,18:14:22,0.333082,0.503582,0.003260,29269.148883,0.058000
2026-08-12,18:14:22,0.333082,0.503582,0.003260,29269.152143,0.058000
2026-08-12,18:14:23,0.562952,0.507679,0.003280,29269.152143,0.058000
2026-08-12,18:14:24,0.249730,0.507679,0.003280,29269.155423,0.058000
2026-08-12,18:14:24,0.469563,0.496169,0.003280,29269.158703,0.058000
2026-08-12,18:14:25,0.469563,0.496169,0.003210,29269.158703,0.058000
2026-08-12,18:14:26,0.102079,0.496169,0.003210,29269.161913,0.058000
2026-08-12,18:14:26,0.156038,0.496169,0.003210,29269.165123,0.058000
2026-08-12,18:14:27,0.538668,0.498295,0.003220,29269.165123,0.058000
2026-08-12,18:14:28,0.271763,0.498295,0.003220,29269.168343,0.058000
2026-08-12,18:14:28,0.271763,0.498295,0.003220,29269.171563,0.058000
2026-08-12,18:14:29,0.207304,0.498295,0.003220,29269.171563,0.058000
2026-08-12,18:14:30,0.257511,0.498295,0.003220,29269.174783,0.058000
2026-08-12,18:14:30,0.124383,0.498295,0.003220,29269.178003,0.058000
2026-08-12,18:14:31,0.244670,0.498295,0.003220,29269.178003,0.058000
2026-08-12,18:14:32,0.244670,0.498295,0.003220,29269.181223,0.058000
2026-08-12,18:14:32,0.183742,0.498295,0.003220,29269.184443,0.058000
2026-08-12,18:14:33,0.510395,0.512338,0.003310,29269.184443,0.058000
2026-08-12,18:14:34,0.530811,0.520193,0.003310,29269.187753,0.058000
2026-08-12,18:14:34,0.530811,0.531134,0.003360,29269.191113,0.058000
2026-08-12,18:14:35,0.602802,0.531134,0.003440,29269.191113,0.058000
2026-08-12,18:14:36,0.372824,0.531134,0.003440,29269.194553,0.058000
2026-08-12,18:14:36,0.549357,0.551130,0.003570,29269.198123,0.058000
2026-08-12,18:14:37,0.248765,0.551130,0.003570,29269.198123,0.058000
2026-08-12,18:14:38,0.248765,0.551130,0.003570,29269.201693,0.058000
2026-08-12,18:14:38,0.248441,0.551130,0.003570,29269.205263,0.058000
2026-08-12,18:14:39,0.600859,0.552040,0.003570,29269.205263,0.058000
2026-08-12,18:14:40,0.517937,0.547808,0.003570,29269.208833,0.058000
2026-08-12,18:14:40,0.517937,0.545764,0.003530,29269.212363,0.058000
2026-08-12,18:14:41,0.574298,0.545764,0.003530,29269.212363,0.058000
2026-08-12,18:14:42,0.522472,0.541716,0.003500,29269.215863,0.058000
2026-08-12,18:14:42,0.518261,0.546586,0.003440,29269.219303,0.057000
2026-08-12,18:14:43,0.458013,0.538520,0.003440,29269.219303,0.057000
2026-08-12,18:14:44,0.458013,0.538520,0.003390,29269.222693,0.057000
2026-08-12,18:14:44,0.512431,0.538724,0.003390,29269.226083,0.057000
2026-08-12,18:14:45,0.290226,0.538724,0.003390,29269.226083,0.057000
2026-08-12,18:14:46,0.414609,0.527104,0.003390,29269.229473,0.058000
2026-08-12,18:14:46,0.414609,0.527104,0.003350,29269.232823,0.058000
2026-08-12,18:14:47,0.517937,0.518617,0.003350,29269.232823,0.058000
2026-08-12,18:14:48,0.591789,0.522861,0.003380,29269.236203,0.058000
2026-08-12,18:14:48,0.580128,0.520788,0.003370,29269.239573,0.058000
2026-08-12,18:14:49,0.580128,0.520820,0.003370,29269.239573,0.058000
2026-08-12,18:14:50,0.518261,0.520820,0.003370,29269.242943,0.058000
2026-08-12,18:14:50,0.485269,0.511917,0.003310,29269.246253,0.058000
2026-08-12,18:14:51,0.516679,0.511338,0.003310,29269.246253,0.058000
2026-08-12,18:14:52,0.516679,0.512593,0.003310,29269.249563,0.058000
2026-08-12,18:14:52,0.530811,0.512593,0.003310,29269.252873,0.058000
2026-08-12,18:14:53,0.629062,0.529697,0.003430,29269.252873,0.058000
2026-08-12,18:14:54,0.586514,0.537106,0.003470,29269.256303,0.058000
2026-08-12,18:14:54,0.586514,0.543049,0.003470,29269.259773,0.058000
2026-08-12,18:14:55,0.474035,0.543049,0.003510,29269.259773,0.058000
2026-08-12,18:14:56,0.494982,0.540753,0.003500,29269.263283,0.058000
2026-08-12,18:14:56,0.261670,0.540753,0.003500,29269.266783,0.058000
2026-08-12,18:14:57,0.247491,0.540753,0.003500,29269.266783,0.058000
2026-08-12,18:14:58,0.247491,0.540753,0.003500,29269.270283,0.058000
2026-08-12,18:14:58,0.487524,0.530326,0.003500,29269.273783,0.058000
2026-08-12,18:14:59,0.496252,0.521939,0.003380,29269.273783,0.058000
2026-08-12,18:15:00,0.413220,0.511435,0.003310,29269.277163,0.058000
2026-08-12,18:15:00,0.413220,0.509112,0.003310,29269.280473,0.058000
2026-08-12,18:15:01,0.462043,0.509112,0.003290,29269.280473,0.058000
2026-08-12,18:15:02,0.288739,0.509112,0.003290,29269.283763,0.058000
2026-08-12,18:15:02,0.515606,0.509005,0.003290,29269.287053,0.058000
2026-08-12,18:15:03,0.144047,0.509005,0.003290,29269.287053,0.058000
2026-08-12,18:15:04,0.144047,0.509005,0.003290,29269.290343,0.058000
2026-08-12,18:15:04,0.153502,0.509005,0.003290,29269.293633,0.058000
2026-08-12,18:15:05,0.082287,0.509005,0.003290,29269.293633,0.058000
2026-08-12,18:15:06,0.297324,0.509005,0.003290,29269.296923,0.058000
2026-08-12,18:15:06,0.287681,0.509005,0.003290,29269.300213,0.058000
2026-08-12,18:15:07,0.287681,0.509005,0.003290,29269.300213,0.058000
2026-08-12,18:15:08,0.555113,0.511435,0.003310,29269.303503,0.058000
2026-08-12,18:15:08,0.300860,0.511435,0.003310,29269.306813,0.058000
2026-08-12,18:15:09,0.308253,0.511435,0.003310,29269.306813,0.058000
2026-08-12,18:15:10,0.308253,0.504072,0.003260,29269.310123,0.058000
2026-08-12,18:15:10,0.555434,0.504072,0.003260,29269.313383,0.058000
2026-08-12,18:15:11,0.112885,0.504072,0.003260,29269.313383,0.058000
2026-08-12,18:15:12,0.272697,0.504072,0.003260,29269.316643,0.058000
2026-08-12,18:15:12,0.525048,0.497926,0.003260,29269.319903,0.058000
2026-08-12,18:15:13,0.525048,0.497926,0.003220,29269.319903,0.058000
2026-08-12,18:15:14,0.356705,0.497926,0.003220,29269.323123,0.058000
2026-08-12,18:15:14,0.126012,0.497926,0.003220,29269.326343,0.058000
2026-08-12,18:15:15,0.193283,0.497926,0.003220,29269.326343,0.058000
2026-08-12,18:15:16,0.193283,0.497926,0.003220,29269.329563,0.058000
2026-08-12,18:15:16,0.105010,0.497926,0.003220,29269.332783,0.058000
2026-08-12,18:15:17,0.231021,0.497926,0.003220,29269.332783,0.058000
2026-08-12,18:15:18,0.272369,0.497926,0.003220,29269.336003,0.058000
2026-08-12,18:15:18,0.251695,0.497926,0.003220,29269.339223,0.058000
2026-08-12,18:15:19,0.251695,0.497926,0.003220,29269.339223,0.058000
2026-08-12,18:15:20,0.273025,0.497926,0.003220,29269.342443,0.058000
2026-08-12,18:15:20,0.210019,0.497926,0.003220,29269.345663,0.058000
2026-08-12,18:15:21,0.580507,0.508573,0.003290,29269.345663,0.058000
2026-08-12,18:15:22,0.144370,0.508573,0.003290,29269.348953,0.058000
2026-08-12,18:15:22,0.144370,0.508573,0.003290,29269.352243,0.057000
2026-08-12,18:15:23,0.226867,0.508573,0.003200,29269.352243,0.057000
2026-08-12,18:15:24,0.556854,0.514760,0.003200,29269.355443,0.057000
2026-08-12,18:15:24,0.294473,0.514760,0.003240,29269.358683,0.057000
2026-08-12,18:15:25,0.294473,0.514760,0.003240,29269.358683,0.057000
2026-08-12,18:15:26,0.331718,0.514760,0.003240,29269.361923,0.057000
2026-08-12,18:15:26,0.411111,0.514760,0.003240,29269.365163,0.057000
2026-08-12,18:15:27,0.584984,0.524506,0.003300,29269.365163,0.057000
2026-08-12,18:15:28,0.250381,0.524506,0.003300,29269.368463,0.057000
2026-08-12,18:15:28,0.250381,0.524506,0.003300,29269.371763,0.058000
2026-08-12,18:15:29,0.184823,0.524506,0.003300,29269.371763,0.058000
2026-08-12,18:15:30,0.596256,0.534506,0.003460,29269.375223,0.058000
2026-08-12,18:15:30,0.246538,0.534506,0.003460,29269.378683,0.058000
2026-08-12,18:15:31,0.246538,0.531178,0.003460,29269.378683,0.058000
2026-08-12,18:15:32,0.379932,0.531178,0.003440,29269.382123,0.058000
2026-08-12,18:15:32,0.588863,0.531178,0.003440,29269.385563,0.058000
2026-08-12,18:15:33,0.480196,0.531178,0.003440,29269.385563,0.058000
2026-08-12,18:15:34,0.632645,0.548238,0.003440,29269.389003,0.058000
2026-08-12,18:15:34,0.632645,0.548238,0.003550,29269.392553,0.058000
2026-08-12,18:15:35,0.584658,0.555143,0.003550,29269.392553,0.058000
2026-08-12,18:15:36,0.567814,0.556413,0.003600,29269.396153,0.058000
2026-08-12,18:15:36,0.414285,0.542298,0.003510,29269.399663,0.058000
2026-08-12,18:15:37,0.414285,0.542298,0.003510,29269.399663,0.058000
2026-08-12,18:15:38,0.518261,0.541620,0.003500,29269.403163,0.058000
2026-08-12,18:15:38,0.476476,0.531217,0.003440,29269.406603,0.058000
2026-08-12,18:15:39,0.518261,0.527357,0.003440,29269.406603,0.058000
2026-08-12,18:15:40,0.518261,0.522725,0.003410,29269.410013,0.058000
2026-08-12,18:15:40,0.538668,0.522725,0.003380,29269.413393,0.058000
2026-08-12,18:15:41,0.393878,0.502488,0.003380,29269.413393,0.058000
2026-08-12,18:15:42,0.527825,0.502488,0.003250,29269.416643,0.058000
2026-08-12,18:15:42,0.289157,0.502488,0.003250,29269.419893,0.058000
2026-08-12,18:15:43,0.289157,0.502488,0.003250,29269.419893,0.058000
2026-08-12,18:15:44,0.562807,0.520775,0.003370,29269.423263,0.058000
2026-08-12,18:15:44,0.124063,0.520775,0.003370,29269.426633,0.058000
2026-08-12,18:15:45,0.107263,0.520775,0.003370,29269.426633,0.058000
2026-08-12,18:15:46,0.107263,0.514308,0.003370,29269.430003,0.058000
2026-08-12,18:15:46,0.567976,0.514308,0.003370,29269.433333,0.058000
2026-08-12,18:15:47,0.082709,0.514308,0.003330,29269.433333,0.058000
2026-08-12,18:15:48,0.186095,0.514308,0.003330,29269.436663,0.058000
2026-08-12,18:15:48,0.351189,0.514308,0.003330,29269.439993,0.058000
2026-08-12,18:15:49,0.351189,0.514308,0.003330,29269.439993,0.058000
2026-08-12,18:15:50,0.227449,0.514308,0.003330,29269.443323,0.058000
2026-08-12,18:15:50,0.289480,0.514308,0.003330,29269.446653,0.058000
2026-08-12,18:15:51,0.144417,0.514308,0.003330,29269.446653,0.058000
2026-08-12,18:15:52,0.144417,0.514308,0.003330,29269.449983,0.058000
2026-08-12,18:15:52,0.082709,0.514308,0.003330,29269.453313,0.058000
2026-08-12,18:15:53,0.599638,0.515806,0.003340,29269.453313,0.058000
2026-08-12,18:15:54,0.493990,0.508424,0.003290,29269.456653,0.058000
2026-08-12,18:15:54,0.146685,0.508424,0.003290,29269.456653,0.058000
2026-08-12,18:15:55,0.146685,0.515300,0.003290,29269.459943,0.058000
2026-08-12,18:15:56,0.483045,0.515300,0.003330,29269.463233,0.058000
2026-08-12,18:15:56,0.217895,0.515300,0.003330,29269.463233,0.058000
2026-08-12,18:15:57,0.189017,0.515300,0.003330,29269.466563,0.058000
2026-08-12,18:15:58,0.189017,0.520146,0.003360,29269.469893,0.058000
2026-08-12,18:15:58,0.566724,0.520146,0.003360,29269.469893,0.058000
2026-08-12,18:15:59,0.494982,0.521997,0.003380,29269.473253,0.058000
2026-08-12,18:16:00,0.494982,0.519669,0.003360,29269.476633,0.058000
2026-08-12,18:16:00,0.701224,0.519669,0.003360,29269.476633,0.058000
2026-08-12,18:16:01,0.701224,0.519669,0.003360,29269.479993,0.058000
2026-08-12,18:16:02,0.484318,0.514234,0.003330,29269.483353,0.058000
2026-08-12,18:16:02,0.537606,0.528607,0.003330,29269.483353,0.058000
2026-08-12,18:16:03,0.558284,0.528154,0.003420,29269.486683,0.058000
2026-08-12,18:16:04,0.558284,0.528154,0.003420,29269.490103,0.058000
2026-08-12,18:16:04,0.495929,0.520950,0.003370,29269.490103,0.058000
2026-08-12,18:16:05,0.555376,0.516523,0.003340,29269.493473,0.058000
2026-08-12,18:16:05,0.599638,0.527088,0.003340,29269.496813,0.058000
2026-08-12,18:16:06,0.599638,0.527088,0.003410,29269.496813,0.058000
2026-08-12,18:16:07,0.247803,0.527088,0.003410,29269.500223,0.058000
2026-08-12,18:16:08,0.336917,0.527088,0.003410,29269.503633,0.058000
2026-08-12,18:16:08,0.352417,0.527088,0.003410,29269.503633,0.058000
2026-08-12,18:16:09,0.580128,0.536797,0.003470,29269.507043,0.058000
2026-08-12,18:16:10,0.580128,0.536797,0.003470,29269.510513,0.058000
2026-08-12,18:16:10,0.476476,0.527772,0.003410,29269.510513,0.058000
2026-08-12,18:16:11,0.248441,0.527772,0.003410,29269.513923,0.058000
2026-08-12,18:16:11,0.543541,0.532628,0.003410,29269.517333,0.058000
2026-08-12,18:16:12,0.543541,0.532502,0.003450,29269.517333,0.058000
2026-08-12,18:16:13,0.493719,0.532502,0.003440,29269.520783,0.058000
2026-08-12,18:16:14,0.134037,0.532502,0.003440,29269.524223,0.058000
2026-08-12,18:16:14,0.452254,0.529295,0.003420,29269.524223,0.058000
2026-08-12,18:16:15,0.390540,0.514588,0.003330,29269.527643,0.058000
2026-08-12,18:16:16,0.390540,0.514588,0.003330,29269.530973,0.058000
2026-08-12,18:16:16,0.553184,0.514588,0.003330,29269.530973,0.058000
2026-08-12,18:16:17,0.617149,0.514588,0.003330,29269.534303,0.058000
2026-08-12,18:16:18,0.117965,0.514588,0.003330,29269.537633,0.058000
2026-08-12,18:16:18,0.531327,0.511893,0.003330,29269.537633,0.058000
2026-08-12,18:16:19,0.531327,0.511893,0.003230,29269.540963,0.058000
2026-08-12,18:16:19,0.375735,0.499873,0.003230,29269.544193,0.058000
2026-08-12,18:16:20,0.578389,0.499873,0.003230,29269.544193,0.058000
2026-08-12,18:16:21,0.430586,0.499873,0.003230,29269.547423,0.058000
2026-08-12,18:16:21,0.430586,0.499873,0.003230,29269.550653,0.058000
2026-08-12,18:16:22,0.307470,0.499873,0.003230,29269.550653,0.058000
2026-08-12,18:16:23,0.430586,0.487394,0.003150,29269.553883,0.058000
2026-08-12,18:16:23,0.225392,0.487394,0.003150,29269.557033,0.058000
2026-08-12,18:16:24,0.348509,0.462281,0.002990,29269.557033,0.058000
2026-08-12,18:16:25,0.348509,0.462281,0.002990,29269.560023,0.058000
2026-08-12,18:16:25,0.293699,0.433639,0.002800,29269.562823,0.058000
2026-08-12,18:16:26,0.546050,0.433639,0.002800,29269.562823,0.058000
2026-08-12,18:16:27,0.347068,0.420698,0.002800,29269.565623,0.058000
2026-08-12,18:16:27,0.347068,0.420698,0.002720,29269.568343,0.058000
2026-08-12,18:16:28,0.142911,0.420698,0.002720,29269.568343,0.058000
2026-08-12,18:16:29,0.612155,0.420698,0.002720,29269.571063,0.058000
2026-08-12,18:16:29,0.652986,0.420698,0.002720,29269.573783,0.058000
2026-08-12,18:16:30,0.227764,0.420698,0.002720,29269.573783,0.058000
2026-08-12,18:16:31,0.227764,0.396138,0.002720,29269.576503,0.058000
2026-08-12,18:16:31,0.297943,0.396138,0.002560,29269.579063,0.058000
2026-08-12,18:16:32,0.269172,0.373683,0.002420,29269.579063,0.058000
2026-08-12,18:16:33,0.497207,0.373683,0.002420,29269.581483,0.058000
2026-08-12,18:16:33,0.336443,0.362102,0.002420,29269.583903,0.058000
2026-08-12,18:16:34,0.336443,0.362102,0.002250,29269.583903,0.058000
2026-08-12,18:16:35,0.249730,0.348021,0.002250,29269.586153,0.058000
2026-08-12,18:16:35,0.228892,0.317778,0.002050,29269.588203,0.058000
2026-08-12,18:16:36,0.262754,0.306480,0.001980,29269.588203,0.058000
2026-08-12,18:16:37,0.262754,0.288394,0.001980,29269.590183,0.058000
2026-08-12,18:16:37,0.249730,0.288394,0.001860,29269.592043,0.058000
2026-08-12,18:16:38,0.125028,0.288394,0.001860,29269.592043,0.058000
2026-08-12,18:16:39,0.478948,0.288394,0.001860,29269.593903,0.058000
2026-08-12,18:16:39,0.408316,0.288394,0.001860,29269.595763,0.058000
2026-08-12,18:16:40,0.408316,0.288394,0.001860,29269.595763,0.057000
2026-08-12,18:16:41,0.183742,0.288394,0.001860,29269.597623,0.057000
2026-08-12,18:16:41,0.592058,0.288394,0.001810,29269.599433,0.057000
2026-08-12,18:16:42,0.531448,0.288394,0.001810,29269.599433,0.057000
2026-08-12,18:16:43,0.531448,0.286329,0.001810,29269.601243,0.058000
2026-08-12,18:16:43,0.327860,0.286329,0.001850,29269.603093,0.058000
2026-08-12,18:16:44,0.519112,0.286329,0.001850,29269.603093,0.058000
2026-08-12,18:16:45,0.246538,0.281613,0.001820,29269.604913,0.058000
2026-08-12,18:16:45,0.287681,0.275674,0.001780,29269.606693,0.058000
2026-08-12,18:16:46,0.287681,0.272070,0.001780,29269.606693,0.058000
2026-08-12,18:16:47,0.261900,0.272070,0.001760,29269.608453,0.058000
2026-08-12,18:16:47,0.244878,0.269641,0.001740,29269.610193,0.058000
2026-08-12,18:16:48,0.269496,0.262946,0.001740,29269.610193,0.058000
2026-08-12,18:16:49,0.555187,0.262946,0.001700,29269.611893,0.058000
2026-08-12,18:16:49,0.555187,0.262946,0.001700,29269.613593,0.058000
2026-08-12,18:16:50,0.421930,0.262946,0.001700,29269.613593,0.058000
2026-08-12,18:16:51,0.599315,0.262946,0.001700,29269.615293,0.058000
2026-08-12,18:16:51,0.539222,0.262946,0.001700,29269.616993,0.058000
2026-08-12,18:16:52,0.539222,0.262946,0.001700,29269.616993,0.058000
2026-08-12,18:16:53,0.375097,0.262946,0.001700,29269.618693,0.058000
2026-08-12,18:16:53,0.537283,0.262946,0.001650,29269.620393,0.057000
2026-08-12,18:16:54,0.350866,0.262946,0.001650,29269.620393,0.057000
2026-08-12,18:16:55,0.350866,0.262946,0.001650,29269.622043,0.057000
2026-08-12,18:16:55,0.682023,0.262946,0.001650,29269.623693,0.057000
2026-08-12,18:16:56,0.599315,0.262946,0.001650,29269.623693,0.057000
2026-08-12,18:16:57,0.392543,0.262946,0.001700,29269.625343,0.058000
2026-08-12,18:16:57,0.392543,0.262786,0.001700,29269.627043,0.057000
2026-08-12,18:16:58,0.248126,0.262786,0.001650,29269.627043,0.057000
2026-08-12,18:16:59,0.317536,0.271650,0.001710,29269.628693,0.057000
2026-08-12,18:16:59,0.290977,0.274472,0.001710,29269.630403,0.057000
2026-08-12,18:17:00,0.145164,0.274472,0.001730,29269.630403,0.057000
2026-08-12,18:17:01,0.145164,0.276519,0.001740,29269.632133,0.057000
2026-08-12,18:17:01,0.270193,0.276519,0.001740,29269.633873,0.058000
2026-08-12,18:17:02,0.429816,0.276519,0.001790,29269.633873,0.058000
2026-08-12,18:17:03,0.204674,0.264200,0.001710,29269.635663,0.058000
2026-08-12,18:17:03,0.358591,0.264200,0.001710,29269.637373,0.058000
2026-08-12,18:17:04,0.358591,0.264200,0.001710,29269.637373,0.058000
2026-08-12,18:17:05,0.597780,0.264200,0.001710,29269.639083,0.058000
2026-08-12,18:17:05,0.556532,0.264200,0.001710,29269.640793,0.058000
2026-08-12,18:17:06,0.350290,0.264200,0.001710,29269.640793,0.058000
2026-08-12,18:17:07,0.350290,0.264200,0.001710,29269.642503,0.058000
2026-08-12,18:17:07,0.574578,0.264200,0.001710,29269.644213,0.058000
2026-08-12,18:17:08,0.231630,0.262709,0.001700,29269.644213,0.058000
2026-08-12,18:17:09,0.315530,0.262709,0.001700,29269.645913,0.058000
2026-08-12,18:17:09,0.124063,0.262709,0.001700,29269.647613,0.058000
2026-08-12,18:17:10,0.124063,0.262709,0.001700,29269.647613,0.058000
2026-08-12,18:17:11,0.289157,0.262857,0.001700,29269.649313,0.058000
2026-08-12,18:17:11,0.124063,0.262857,0.001700,29269.651013,0.058000
2026-08-12,18:17:12,0.475252,0.262857,0.001700,29269.651013,0.058000
2026-08-12,18:17:13,0.475252,0.262857,0.001700,29269.652713,0.058000
2026-08-12,18:17:13,0.516929,0.262857,0.001700,29269.654413,0.058000
2026-08-12,18:17:14,0.124063,0.262857,0.001700,29269.654413,0.058000
2026-08-12,18:17:15,0.240372,0.260704,0.001700,29269.656113,0.058000
2026-08-12,18:17:15,0.144417,0.260704,0.001680,29269.657793,0.058000
2026-08-12,18:17:16,0.144417,0.259318,0.001670,29269.657793,0.058000
2026-08-12,18:17:17,0.231021,0.259318,0.001670,29269.659463,0.058000
2026-08-12,18:17:17,0.125683,0.259318,0.001670,29269.661133,0.058000
2026-08-12,18:17:18,0.328825,0.265251,0.001710,29269.661133,0.058000
2026-08-12,18:17:19,0.287681,0.269207,0.001710,29269.662843,0.058000
2026-08-12,18:17:19,0.287681,0.269207,0.001740,29269.664583,0.058000
2026-08-12,18:17:20,0.313058,0.268759,0.001740,29269.664583,0.058000
2026-08-12,18:17:21,0.514291,0.268759,0.001740,29269.666323,0.058000
2026-08-12,18:17:21,0.534862,0.268759,0.001740,29269.668063,0.058000
2026-08-12,18:17:22,0.534862,0.268759,0.001740,29269.668063,0.058000
2026-08-12,18:17:23,0.534862,0.268759,0.001740,29269.669803,0.058000
2026-08-12,18:17:23,0.267110,0.266372,0.001720,29269.671523,0.058000
2026-08-12,18:17:24,0.349718,0.266372,0.001680,29269.671523,0.057000
2026-08-12,18:17:25,0.277074,0.266372,0.001680,29269.673203,0.057000
2026-08-12,18:17:25,0.277074,0.266372,0.001680,29269.674883,0.057000
2026-08-12,18:17:26,0.393889,0.266372,0.001680,29269.674883,0.057000
2026-08-12,18:17:27,0.512663,0.266372,0.001680,29269.676563,0.057000
2026-08-12,18:17:27,0.389547,0.266372,0.001720,29269.678283,0.058000
2026-08-12,18:17:28,0.389547,0.266372,0.001720,29269.678283,0.058000
2026-08-12,18:17:29,0.389547,0.266372,0.001720,29269.680003,0.058000
2026-08-12,18:17:29,0.355771,0.266372,0.001720,29269.681723,0.058000
2026-08-12,18:17:30,0.198014,0.259154,0.001720,29269.681723,0.058000
2026-08-12,18:17:31,0.335151,0.259154,0.001670,29269.683393,0.058000
2026-08-12,18:17:31,0.335151,0.259154,0.001670,29269.685063,0.058000
2026-08-12,18:17:32,0.544620,0.259154,0.001670,29269.685063,0.058000
2026-08-12,18:17:33,0.645428,0.259154,0.001670,29269.686733,0.058000
2026-08-12,18:17:33,0.598103,0.259154,0.001670,29269.688403,0.058000
2026-08-12,18:17:34,0.598103,0.259154,0.001670,29269.688403,0.058000
2026-08-12,18:17:35,0.634517,0.259154,0.001670,29269.690073,0.058000
2026-08-12,18:17:35,0.536230,0.259154,0.001670,29269.691743,0.058000
2026-08-12,18:17:36,0.622594,0.259154,0.001670,29269.691743,0.058000
2026-08-12,18:17:37,0.622594,0.266240,0.001670,29269.693413,0.058000
2026-08-12,18:17:37,0.275527,0.266240,0.001670,29269.695133,0.058000
2026-08-12,18:17:38,0.515606,0.266240,0.001720,29269.695133,0.058000
2026-08-12,18:17:39,0.639351,0.266240,0.001720,29269.696853,0.058000
2026-08-12,18:17:39,0.597780,0.266240,0.001720,29269.698573,0.058000
2026-08-12,18:17:40,0.597780,0.266240,0.001720,29269.698573,0.058000
2026-08-12,18:17:41,0.536230,0.266240,0.001720,29269.700293,0.058000
2026-08-12,18:17:41,0.288417,0.271918,0.001720,29269.702053,0.058000
2026-08-12,18:17:42,0.484669,0.271918,0.001760,29269.702053,0.058000
2026-08-12,18:17:43,0.484669,0.271918,0.001760,29269.703813,0.058000
2026-08-12,18:17:43,0.515284,0.271918,0.001760,29269.705573,0.058000
2026-08-12,18:17:44,0.536230,0.271918,0.001760,29269.705573,0.058000
2026-08-12,18:17:45,0.510775,0.271918,0.001710,29269.707333,0.057000
2026-08-12,18:17:45,0.510775,0.271918,0.001710,29269.709043,0.057000
2026-08-12,18:17:46,0.581629,0.271918,0.001710,29269.709043,0.057000
2026-08-12,18:17:47,0.545581,0.271918,0.001710,29269.710753,0.057000
2026-08-12,18:17:47,0.358591,0.271918,0.001710,29269.712463,0.057000
2026-08-12,18:17:48,0.358591,0.271918,0.001710,29269.712463,0.057000
2026-08-12,18:17:49,0.558284,0.271918,0.001710,29269.714173,0.057000
2026-08-12,18:17:49,0.306604,0.273663,0.001710,29269.715883,0.057000
2026-08-12,18:17:50,0.314034,0.281029,0.001770,29269.715883,0.057000
2026-08-12,18:17:51,0.492889,0.281029,0.001770,29269.717653,0.057000
2026-08-12,18:17:51,0.492889,0.281029,0.001770,29269.719423,0.057000
2026-08-12,18:17:52,0.566724,0.281029,0.001770,29269.719423,0.057000
2026-08-12,18:17:53,0.377707,0.281029,0.001770,29269.721193,0.057000
2026-08-12,18:17:53,0.440713,0.281029,0.001770,29269.722963,0.057000
2026-08-12,18:17:54,0.440713,0.283096,0.001770,29269.722963,0.057000
2026-08-12,18:17:55,0.251695,0.283096,0.001760,29269.724733,0.058000
2026-08-12,18:17:55,0.293699,0.279584,0.001760,29269.726493,0.058000
2026-08-12,18:17:56,0.167687,0.279584,0.001810,29269.726493,0.058000
2026-08-12,18:17:57,0.314701,0.282286,0.001820,29269.728303,0.058000
2026-08-12,18:17:57,0.314701,0.280383,0.001820,29269.730123,0.058000
2026-08-12,18:17:58,0.294027,0.280383,0.001810,29269.730123,0.058000
2026-08-12,18:17:59,0.378035,0.291475,0.001880,29269.731933,0.058000
2026-08-12,18:17:59,0.231021,0.291475,0.001880,29269.731933,0.058000
2026-08-12,18:18:00,0.306237,0.302298,0.001950,29269.733813,0.058000
2026-08-12,18:18:01,0.306237,0.302298,0.001950,29269.735763,0.058000
2026-08-12,18:18:01,0.187704,0.302298,0.001950,29269.735763,0.058000
2026-08-12,18:18:02,0.313058,0.306051,0.001980,29269.737713,0.058000
2026-08-12,18:18:03,0.563766,0.306051,0.001980,29269.739693,0.058000
2026-08-12,18:18:03,0.563766,0.310637,0.001980,29269.739693,0.058000
2026-08-12,18:18:04,0.334277,0.310637,0.002010,29269.741673,0.058000
2026-08-12,18:18:05,0.560501,0.310637,0.002010,29269.743683,0.058000
2026-08-12,18:18:05,0.250708,0.305047,0.001970,29269.743683,0.058000
2026-08-12,18:18:06,0.354843,0.305047,0.001970,29269.745653,0.058000
2026-08-12,18:18:07,0.354843,0.305047,0.001970,29269.747623,0.058000
2026-08-12,18:18:07,0.564092,0.305047,0.001970,29269.747623,0.058000
2026-08-12,18:18:08,0.637399,0.305047,0.001970,29269.749593,0.058000
2026-08-12,18:18:09,0.544184,0.305047,0.001970,29269.751563,0.058000
2026-08-12,18:18:09,0.544184,0.305047,0.001970,29269.751563,0.058000
2026-08-12,18:18:10,0.576006,0.305047,0.001970,29269.753533,0.058000
2026-08-12,18:18:11,0.375735,0.311217,0.001970,29269.755503,0.058000
2026-08-12,18:18:11,0.492465,0.311217,0.002010,29269.755503,0.058000
2026-08-12,18:18:12,0.492465,0.311217,0.002010,29269.757513,0.058000
2026-08-12,18:18:13,0.462043,0.311217,0.002010,29269.759523,0.058000
2026-08-12,18:18:13,0.471945,0.311217,0.002010,29269.759523,0.058000
2026-08-12,18:18:14,0.615260,0.311217,0.002010,29269.761533,0.058000
2026-08-12,18:18:15,0.615260,0.311217,0.002010,29269.763543,0.058000
2026-08-12,18:18:15,0.584658,0.311217,0.002010,29269.763543,0.058000
2026-08-12,18:18:16,0.533503,0.311217,0.002010,29269.765553,0.058000
2026-08-12,18:18:17,0.369028,0.322950,0.002010,29269.767563,0.058000
2026-08-12,18:18:17,0.541462,0.322950,0.002090,29269.767563,0.058000
2026-08-12,18:18:18,0.541462,0.322950,0.002090,29269.769653,0.058000
2026-08-12,18:18:19,0.520624,0.322950,0.002090,29269.771743,0.058000
2026-08-12,18:18:19,0.389868,0.322950,0.002090,29269.771743,0.058000
2026-08-12,18:18:20,0.533183,0.322950,0.002090,29269.773833,0.058000
2026-08-12,18:18:21,0.533183,0.322950,0.002090,29269.775923,0.058000
2026-08-12,18:18:21,0.481780,0.322950,0.002090,29269.775923,0.058000
2026-08-12,18:18:22,0.439886,0.322950,0.002090,29269.778013,0.058000
2026-08-12,18:18:23,0.439559,0.322950,0.002090,29269.780103,0.058000
2026-08-12,18:18:23,0.439559,0.320811,0.002070,29269.780103,0.058000
2026-08-12,18:18:24,0.272310,0.320811,0.002070,29269.782173,0.058000
2026-08-12,18:18:25,0.170982,0.320811,0.002070,29269.784243,0.058000
2026-08-12,18:18:25,0.183423,0.320811,0.002020,29269.784243,0.057000
2026-08-12,18:18:26,0.289968,0.318338,0.002020,29269.786263,0.057000
2026-08-12,18:18:27,0.289968,0.318338,0.002000,29269.788263,0.057000
2026-08-12,18:18:27,0.244670,0.313403,0.001970,29269.788263,0.057000
2026-08-12,18:18:28,0.315807,0.307180,0.001970,29269.790233,0.057000
2026-08-12,18:18:29,0.311761,0.307732,0.001940,29269.792173,0.058000
2026-08-12,18:18:29,0.311761,0.307732,0.001990,29269.792173,0.058000
2026-08-12,18:18:30,0.165948,0.307732,0.001990,29269.794163,0.058000
2026-08-12,18:18:31,0.612805,0.307732,0.001990,29269.796153,0.058000
2026-08-12,18:18:31,0.581629,0.307732,0.001990,29269.796153,0.058000
2026-08-12,18:18:32,0.407238,0.307732,0.001990,29269.798143,0.058000
2026-08-12,18:18:33,0.407238,0.307732,0.001990,29269.800133,0.058000
2026-08-12,18:18:33,0.311436,0.307732,0.001990,29269.800133,0.058000
2026-08-12,18:18:34,0.084676,0.307732,0.001990,29269.802123,0.058000
2026-08-12,18:18:35,0.185618,0.307732,0.001990,29269.804113,0.058000
2026-08-12,18:18:35,0.185618,0.307732,0.001990,29269.804113,0.058000
2026-08-12,18:18:36,0.598103,0.307732,0.001990,29269.806103,0.058000
2026-08-12,18:18:37,0.144370,0.307732,0.001990,29269.808093,0.058000
2026-08-12,18:18:37,0.556532,0.307732,0.001990,29269.808093,0.058000
2026-08-12,18:18:38,0.370914,0.313518,0.001990,29269.810083,0.058000
2026-08-12,18:18:39,0.370914,0.306902,0.001980,29269.812063,0.058000
2026-08-12,18:18:39,0.268115,0.306902,0.001980,29269.812063,0.058000
2026-08-12,18:18:40,0.577156,0.306902,0.001980,29269.814043,0.058000
2026-08-12,18:18:41,0.189187,0.306902,0.001980,29269.816023,0.058000
2026-08-12,18:18:41,0.273745,0.309205,0.001980,29269.816023,0.058000
2026-08-12,18:18:42,0.273745,0.309205,0.002000,29269.818023,0.058000
2026-08-12,18:18:43,0.331363,0.304768,0.001970,29269.819993,0.058000
2026-08-12,18:18:43,0.331363,0.301002,0.001970,29269.819993,0.058000
2026-08-12,18:18:44,0.269172,0.300688,0.001940,29269.821963,0.058000
2026-08-12,18:18:45,0.269172,0.298641,0.001930,29269.823903,0.058000
2026-08-12,18:18:45,0.269496,0.298641,0.001930,29269.823903,0.058000
2026-08-12,18:18:46,0.082922,0.298641,0.001930,29269.825833,0.058000
2026-08-12,18:18:47,0.165844,0.298641,0.001930,29269.827763,0.058000
2026-08-12,18:18:47,0.290226,0.303196,0.001930,29269.827763,0.058000
2026-08-12,18:18:48,0.290226,0.296492,0.001960,29269.829693,0.058000
2026-08-12,18:18:49,0.248765,0.296492,0.001960,29269.831653,0.058000
2026-08-12,18:18:49,0.601183,0.296492,0.001920,29269.831653,0.058000
2026-08-12,18:18:50,0.559722,0.296492,0.001920,29269.833573,0.058000
2026-08-12,18:18:51,0.559722,0.296492,0.001920,29269.835493,0.058000
2026-08-12,18:18:51,0.559398,0.296492,0.001920,29269.835493,0.058000
2026-08-12,18:18:52,0.663050,0.296492,0.001920,29269.837413,0.058000
2026-08-12,18:18:53,0.476800,0.296492,0.001920,29269.839333,0.058000
2026-08-12,18:18:53,0.366243,0.296492,0.001920,29269.839333,0.058000
2026-08-12,18:18:54,0.366243,0.296492,0.001920,29269.841253,0.058000
2026-08-12,18:18:55,0.468065,0.296492,0.001920,29269.843173,0.058000
2026-08-12,18:18:55,0.544293,0.296492,0.001920,29269.843173,0.058000
2026-08-12,18:18:56,0.502727,0.296492,0.001920,29269.845093,0.058000
2026-08-12,18:18:57,0.502727,0.296492,0.001920,29269.847013,0.058000
2026-08-12,18:18:57,0.565567,0.530705,0.003430,29269.847013,0.058000
2026-08-12,18:18:58,0.523674,0.522954,0.003380,29269.850443,0.058000
2026-08-12,18:18:59,0.511685,0.518150,0.003380,29269.853823,0.058000
2026-08-12,18:18:59,0.511685,0.518150,0.003350,29269.853823,0.058000
2026-08-12,18:19:00,0.559696,0.518180,0.003350,29269.857173,0.058000
2026-08-12,18:19:01,0.622861,0.514161,0.003350,29269.860523,0.058000
2026-08-12,18:19:01,0.308012,0.514161,0.003330,29269.860523,0.058000
2026-08-12,18:19:02,0.308012,0.514161,0.003330,29269.863853,0.058000
2026-08-12,18:19:03,0.353920,0.514161,0.003330,29269.867183,0.058000
2026-08-12,18:19:03,0.479274,0.514408,0.003330,29269.867183,0.058000
2026-08-12,18:19:04,0.603976,0.538182,0.003480,29269.870513,0.058000
2026-08-12,18:19:05,0.603976,0.556364,0.003480,29269.873993,0.058000
2026-08-12,18:19:05,0.649885,0.556364,0.003600,29269.873993,0.058000
2026-08-12,18:19:06,0.369028,0.556364,0.003600,29269.877593,0.058000
2026-08-12,18:19:07,0.260660,0.556364,0.003600,29269.881193,0.058000
2026-08-12,18:19:07,0.358921,0.556364,0.003600,29269.881193,0.058000
2026-08-12,18:19:08,0.358921,0.556364,0.003600,29269.884793,0.058000
2026-08-12,18:19:09,0.164252,0.556364,0.003600,29269.888393,0.058000
2026-08-12,18:19:09,0.543200,0.556255,0.003600,29269.888393,0.058000
2026-08-12,18:19:10,0.542873,0.560269,0.003600,29269.891993,0.058000
2026-08-12,18:19:11,0.542873,0.560269,0.003620,29269.895613,0.058000
2026-08-12,18:19:11,0.375735,0.560269,0.003620,29269.895613,0.058000
2026-08-12,18:19:12,0.229489,0.560269,0.003620,29269.899233,0.058000
2026-08-12,18:19:13,0.552620,0.558974,0.003620,29269.902853,0.058000
2026-08-12,18:19:13,0.227060,0.558974,0.003620,29269.902853,0.058000
2026-08-12,18:19:14,0.227060,0.558974,0.003620,29269.906473,0.058000
2026-08-12,18:19:15,0.102337,0.558974,0.003620,29269.910093,0.058000
2026-08-12,18:19:15,0.564586,0.563066,0.003640,29269.910093,0.058000
2026-08-12,18:19:16,0.308253,0.563066,0.003640,29269.913733,0.058000
2026-08-12,18:19:17,0.308253,0.563066,0.003640,29269.917373,0.058000
2026-08-12,18:19:17,0.329146,0.563066,0.003640,29269.917373,0.058000
2026-08-12,18:19:18,0.452576,0.557155,0.003640,29269.921013,0.058000
2026-08-12,18:19:19,0.493719,0.550557,0.003560,29269.924573,0.058000
2026-08-12,18:19:19,0.431683,0.531439,0.003440,29269.924573,0.058000
2026-08-12,18:19:20,0.431683,0.531439,0.003440,29269.928013,0.058000
2026-08-12,18:19:21,0.411111,0.524623,0.003390,29269.931403,0.058000
2026-08-12,18:19:21,0.493398,0.513565,0.003320,29269.931403,0.058000
2026-08-12,18:19:22,0.596577,0.508234,0.003320,29269.934723,0.058000
2026-08-12,18:19:23,0.596577,0.508234,0.003290,29269.938013,0.058000
2026-08-12,18:19:23,0.369968,0.508234,0.003290,29269.938013,0.058000
2026-08-12,18:19:24,0.287681,0.508234,0.003290,29269.941303,0.058000
2026-08-12,18:19:25,0.226288,0.508234,0.003290,29269.944593,0.058000
2026-08-12,18:19:25,0.226288,0.511483,0.003310,29269.944593,0.058000
2026-08-12,18:19:26,0.575684,0.511483,0.003310,29269.947903,0.058000
2026-08-12,18:19:27,0.333950,0.511483,0.003310,29269.951213,0.058000
2026-08-12,18:19:27,0.438412,0.501037,0.003240,29269.951213,0.058000
2026-08-12,18:19:28,0.563766,0.502151,0.003240,29269.954453,0.058000
2026-08-12,18:19:29,0.563766,0.502151,0.003250,29269.957703,0.058000
2026-08-12,18:19:29,0.225392,0.502151,0.003250,29269.957703,0.058000
2026-08-12,18:19:30,0.533503,0.499043,0.003230,29269.960933,0.058000
2026-08-12,18:19:31,0.123116,0.499043,0.003230,29269.964163,0.058000
2026-08-12,18:19:31,0.451426,0.498928,0.003230,29269.964163,0.058000
2026-08-12,18:19:32,0.451426,0.498928,0.003230,29269.967393,0.058000
2026-08-12,18:19:33,0.186883,0.498928,0.003230,29269.970623,0.058000
2026-08-12,18:19:33,0.350612,0.484617,0.003230,29269.970623,0.058000
2026-08-12,18:19:34,0.288417,0.470291,0.003130,29269.973753,0.058000
2026-08-12,18:19:35,0.288417,0.470291,0.003040,29269.976793,0.058000
2026-08-12,18:19:35,0.515606,0.470291,0.003040,29269.976793,0.058000
2026-08-12,18:19:36,0.525048,0.470291,0.003040,29269.979833,0.058000
2026-08-12,18:19:37,0.587726,0.470291,0.003040,29269.982873,0.058000
2026-08-12,18:19:37,0.545722,0.470291,0.003040,29269.982873,0.058000
2026-08-12,18:19:38,0.545722,0.470291,0.003040,29269.985913,0.058000
2026-08-12,18:19:39,0.432787,0.470291,0.003040,29269.988953,0.058000
2026-08-12,18:19:39,0.515606,0.470291,0.003040,29269.988953,0.058000
2026-08-12,18:19:40,0.536230,0.470291,0.003040,29269.991993,0.058000
2026-08-12,18:19:41,0.536230,0.470291,0.003040,29269.995033,0.058000
2026-08-12,18:19:41,0.584878,0.470291,0.003040,29269.995033,0.058000
2026-08-12,18:19:42,0.576368,0.470291,0.003040,29269.998073,0.058000
2026-08-12,18:19:43,0.519746,0.533972,0.003450,29270.001523,0.058000
2026-08-12,18:19:43,0.519746,0.544576,0.003450,29270.001523,0.058000
2026-08-12,18:19:44,0.621649,0.544576,0.003520,29270.005043,0.058000
2026-08-12,18:19:45,0.555434,0.547615,0.003540,29270.008583,0.058000
2026-08-12,18:19:45,0.308253,0.547615,0.003540,29270.008583,0.058000
2026-08-12,18:19:46,0.473148,0.536157,0.003470,29270.012123,0.058000
2026-08-12,18:19:47,0.473148,0.536157,0.003470,29270.015593,0.058000
2026-08-12,18:19:47,0.534541,0.535039,0.003460,29270.015593,0.058000
2026-08-12,18:19:48,0.514291,0.543189,0.003510,29270.019053,0.058000
2026-08-12,18:19:49,0.513969,0.543025,0.003510,29270.022563,0.058000
2026-08-12,18:19:49,0.513969,0.543025,0.003510,29270.022563,0.058000
2026-08-12,18:19:50,0.590834,0.548486,0.003550,29270.026073,0.058000
2026-08-12,18:19:51,0.485269,0.538525,0.003550,29270.029623,0.058000
2026-08-12,18:19:51,0.466135,0.527502,0.003480,29270.029623,0.058000
2026-08-12,18:19:52,0.466135,0.519831,0.003360,29270.033103,0.058000
2026-08-12,18:19:53,0.443043,0.519831,0.003360,29270.036463,0.058000
2026-08-12,18:19:53,0.588774,0.519831,0.003360,29270.036463,0.058000
2026-08-12,18:19:54,0.414285,0.519831,0.003360,29270.039823,0.058000
2026-08-12,18:19:55,0.414285,0.519831,0.003360,29270.043183,0.058000
2026-08-12,18:19:55,0.518261,0.519831,0.003360,29270.043183,0.058000
2026-08-12,18:19:56,0.476800,0.519831,0.003360,29270.046543,0.058000
2026-08-12,18:19:57,0.538668,0.519831,0.003360,29270.049903,0.058000
2026-08-12,18:19:57,0.538668,0.519831,0.003360,29270.049903,0.058000
2026-08-12,18:19:58,0.580452,0.519831,0.003360,29270.053263,0.058000
2026-08-12,18:19:59,0.082922,0.519831,0.003360,29270.056623,0.058000
2026-08-12,18:19:59,0.580452,0.515712,0.003340,29270.056623,0.058000
2026-08-12,18:20:00,0.165844,0.515712,0.003340,29270.059963,0.058000
2026-08-12,18:20:01,0.165844,0.499556,0.003340,29270.063303,0.058000
2026-08-12,18:20:01,0.393878,0.499556,0.003230,29270.063303,0.058000
2026-08-12,18:20:02,0.186574,0.499556,0.003230,29270.066533,0.058000
2026-08-12,18:20:03,0.372824,0.489524,0.003230,29270.069763,0.058000
2026-08-12,18:20:03,0.139505,0.489524,0.003170,29270.069763,0.058000
2026-08-12,18:20:04,0.139505,0.489524,0.003170,29270.072933,0.058000
2026-08-12,18:20:04,0.556483,0.491718,0.003180,29270.076113,0.058000
2026-08-12,18:20:05,0.272411,0.491718,0.003180,29270.076113,0.058000
2026-08-12,18:20:06,0.352094,0.491718,0.003180,29270.079293,0.058000
2026-08-12,18:20:07,0.352094,0.491718,0.003180,29270.082473,0.058000
2026-08-12,18:20:07,0.186574,0.491718,0.003180,29270.082473,0.058000
2026-08-12,18:20:08,0.165520,0.491718,0.003180,29270.085653,0.058000
2026-08-12,18:20:09,0.103652,0.491718,0.003180,29270.088833,0.058000
2026-08-12,18:20:09,0.589604,0.499249,0.003230,29270.088833,0.058000
2026-08-12,18:20:10,0.589604,0.497350,0.003230,29270.092063,0.058000
2026-08-12,18:20:11,0.494982,0.497350,0.003220,29270.095283,0.058000
2026-08-12,18:20:11,0.565877,0.494855,0.003200,29270.095283,0.058000
2026-08-12,18:20:12,0.370914,0.494855,0.003200,29270.098483,0.058000
2026-08-12,18:20:12,0.370914,0.500921,0.003200,29270.101683,0.058000
2026-08-12,18:20:13,0.545930,0.500921,0.003240,29270.101683,0.058000
2026-08-12,18:20:14,0.246232,0.500921,0.003240,29270.104923,0.058000
2026-08-12,18:20:14,0.369348,0.491242,0.003180,29270.108103,0.058000
2026-08-12,18:20:15,0.205194,0.491242,0.003180,29270.108103,0.058000
2026-08-12,18:20:16,0.205194,0.491242,0.003180,29270.111283,0.058000
2026-08-12,18:20:16,0.246232,0.491242,0.003180,29270.114463,0.058000
2026-08-12,18:20:17,0.266431,0.491242,0.003180,29270.114463,0.058000
2026-08-12,18:20:18,0.533503,0.500288,0.003180,29270.117643,0.058000
2026-08-12,18:20:18,0.492465,0.491489,0.003180,29270.120823,0.058000
2026-08-12,18:20:19,0.492465,0.491489,0.003180,29270.120823,0.058000
2026-08-12,18:20:20,0.328310,0.491489,0.003180,29270.124003,0.058000
2026-08-12,18:20:20,0.595061,0.511608,0.003310,29270.124003,0.058000
2026-08-12,18:20:21,0.145540,0.511608,0.003310,29270.127313,0.058000
2026-08-12,18:20:22,0.145540,0.511608,0.003310,29270.130623,0.058000
2026-08-12,18:20:22,0.145540,0.511608,0.003310,29270.130623,0.058000
2026-08-12,18:20:23,0.166378,0.511608,0.003310,29270.133933,0.058000
2026-08-12,18:20:24,0.270894,0.511608,0.003310,29270.137243,0.058000
2026-08-12,18:20:24,0.458436,0.520169,0.003360,29270.137243,0.058000
2026-08-12,18:20:25,0.458436,0.521662,0.003360,29270.140603,0.058000
2026-08-12,18:20:26,0.571417,0.521662,0.003370,29270.143973,0.058000
2026-08-12,18:20:26,0.270568,0.521662,0.003370,29270.143973,0.058000
2026-08-12,18:20:27,0.364014,0.521662,0.003370,29270.147343,0.058000
2026-08-12,18:20:28,0.364014,0.521662,0.003370,29270.150713,0.058000
2026-08-12,18:20:28,0.205194,0.521662,0.003370,29270.150713,0.058000
2026-08-12,18:20:29,0.225713,0.521662,0.003370,29270.154083,0.058000
2026-08-12,18:20:30,0.211927,0.521662,0.003370,29270.157453,0.058000
2026-08-12,18:20:30,0.205194,0.521662,0.003370,29270.157453,0.058000
2026-08-12,18:20:31,0.205194,0.503741,0.003370,29270.160823,0.058000
2026-08-12,18:20:32,0.410387,0.503741,0.003260,29270.164083,0.058000
2026-08-12,18:20:32,0.533503,0.507593,0.003280,29270.164083,0.058000
2026-08-12,18:20:33,0.615581,0.512563,0.003280,29270.167363,0.058000
2026-08-12,18:20:34,0.615581,0.515392,0.003330,29270.170693,0.058000
2026-08-12,18:20:34,0.574221,0.515392,0.003330,29270.170693,0.058000
2026-08-12,18:20:35,0.656299,0.544087,0.003520,29270.174213,0.058000
2026-08-12,18:20:36,0.492465,0.539984,0.003490,29270.177703,0.058000
2026-08-12,18:20:36,0.451426,0.535880,0.003490,29270.177703,0.058000
2026-08-12,18:20:37,0.451426,0.535880,0.003470,29270.181173,0.058000
2026-08-12,18:20:38,0.560114,0.532385,0.003440,29270.184613,0.058000
2026-08-12,18:20:38,0.504680,0.537009,0.003440,29270.184613,0.058000
2026-08-12,18:20:39,0.501415,0.530009,0.003470,29270.188083,0.058000
2026-08-12,18:20:40,0.501415,0.530009,0.003510,29270.191553,0.058000
2026-08-12,18:20:40,0.533503,0.542321,0.003510,29270.191553,0.058000
2026-08-12,18:20:41,0.307470,0.542321,0.003510,29270.195063,0.058000
2026-08-12,18:20:42,0.286950,0.542321,0.003510,29270.198573,0.058000
2026-08-12,18:20:42,0.286950,0.542321,0.003510,29270.198573,0.058000
2026-08-12,18:20:43,0.328310,0.542321,0.003510,29270.202083,0.058000
2026-08-12,18:20:44,0.250708,0.542321,0.003510,29270.205593,0.058000
2026-08-12,18:20:44,0.668227,0.555793,0.003510,29270.205593,0.058000
2026-08-12,18:20:45,0.087486,0.555793,0.003600,29270.209103,0.058000
2026-08-12,18:20:46,0.087486,0.555793,0.003600,29270.212703,0.058000
2026-08-12,18:20:46,0.211208,0.555793,0.003600,29270.212703,0.058000
2026-08-12,18:20:47,0.125027,0.555793,0.003600,29270.216303,0.058000
2026-08-12,18:20:48,0.459631,0.540198,0.003600,29270.219903,0.058000
2026-08-12,18:20:48,0.250381,0.540198,0.003490,29270.219903,0.058000
2026-08-12,18:20:49,0.250381,0.540198,0.003490,29270.223393,0.058000
2026-08-12,18:20:50,0.204354,0.540198,0.003490,29270.226883,0.058000
2026-08-12,18:20:50,0.388881,0.521664,0.003370,29270.226883,0.058000
2026-08-12,18:20:51,0.338352,0.489869,0.003170,29270.230253,0.058000
2026-08-12,18:20:52,0.338352,0.489869,0.003170,29270.233423,0.058000
2026-08-12,18:20:52,0.511365,0.489869,0.003170,29270.233423,0.058000
2026-08-12,18:20:53,0.124380,0.489869,0.003170,29270.236593,0.058000
2026-08-12,18:20:54,0.290652,0.489869,0.003170,29270.239763,0.058000
2026-08-12,18:20:54,0.478033,0.488426,0.003170,29270.239763,0.058000
2026-08-12,18:20:55,0.478033,0.488426,0.003160,29270.242933,0.058000
2026-08-12,18:20:56,0.103920,0.488426,0.003160,29270.246093,0.058000
2026-08-12,18:20:56,0.124380,0.488426,0.003160,29270.246093,0.058000
2026-08-12,18:20:57,0.581953,0.501479,0.003240,29270.249253,0.058000
2026-08-12,18:20:58,0.581953,0.497395,0.003240,29270.252493,0.058000
2026-08-12,18:20:58,0.519276,0.497395,0.003220,29270.252493,0.058000
2026-08-12,18:20:59,0.394572,0.486384,0.003150,29270.255713,0.058000
2026-08-12,18:21:00,0.540385,0.486384,0.003150,29270.258863,0.058000
2026-08-12,18:21:00,0.519601,0.486384,0.003150,29270.258863,0.058000
2026-08-12,18:21:01,0.519601,0.486384,0.003150,29270.262013,0.058000
2026-08-12,18:21:02,0.626120,0.486384,0.003150,29270.265163,0.058000
2026-08-12,18:21:02,0.477708,0.486384,0.003150,29270.265163,0.058000
2026-08-12,18:21:03,0.470751,0.486384,0.003150,29270.268313,0.058000
2026-08-12,18:21:04,0.470751,0.486384,0.003150,29270.271463,0.058000
2026-08-12,18:21:04,0.593235,0.486384,0.003150,29270.271463,0.058000
2026-08-12,18:21:05,0.320123,0.486384,0.003150,29270.274613,0.058000
2026-08-12,18:21:06,0.503718,0.486615,0.003150,29270.277763,0.058000
2026-08-12,18:21:06,0.503718,0.486615,0.003150,29270.277763,0.058000
2026-08-12,18:21:07,0.288417,0.486615,0.003150,29270.280913,0.058000
2026-08-12,18:21:08,0.188195,0.486615,0.003150,29270.284063,0.058000
2026-08-12,18:21:08,0.481780,0.481442,0.003110,29270.284063,0.058000
2026-08-12,18:21:09,0.083788,0.481442,0.003110,29270.287173,0.058000
2026-08-12,18:21:10,0.083788,0.481442,0.003110,29270.290283,0.058000
2026-08-12,18:21:10,0.471862,0.461806,0.002990,29270.290283,0.058000
2026-08-12,18:21:11,0.472183,0.463061,0.002990,29270.293273,0.058000
2026-08-12,18:21:12,0.308253,0.463061,0.002990,29270.296263,0.058000
2026-08-12,18:21:12,0.308253,0.463061,0.002990,29270.296263,0.058000
2026-08-12,18:21:13,0.288003,0.463061,0.002990,29270.299253,0.058000
2026-08-12,18:21:14,0.273025,0.463061,0.002990,29270.302243,0.058000
2026-08-12,18:21:14,0.231021,0.463061,0.002990,29270.302243,0.058000
2026-08-12,18:21:15,0.370914,0.461264,0.002990,29270.305233,0.058000
2026-08-12,18:21:16,0.370914,0.461264,0.002980,29270.308213,0.057000
2026-08-12,18:21:16,0.350612,0.462490,0.002910,29270.308213,0.057000
2026-08-12,18:21:17,0.474357,0.462490,0.002910,29270.311123,0.057000
2026-08-12,18:21:18,0.474357,0.462490,0.002910,29270.314033,0.057000
2026-08-12,18:21:18,0.474357,0.462490,0.002910,29270.314033,0.058000
2026-08-12,18:21:19,0.608116,0.462490,0.002910,29270.316943,0.058000
2026-08-12,18:21:20,0.335151,0.448202,0.002900,29270.319843,0.058000
2026-08-12,18:21:20,0.556532,0.448202,0.002900,29270.319843,0.058000
2026-08-12,18:21:21,0.556532,0.448202,0.002900,29270.322743,0.058000
2026-08-12,18:21:22,0.474357,0.448202,0.002900,29270.325643,0.057000
2026-08-12,18:21:22,0.608093,0.448202,0.002820,29270.325643,0.057000
2026-08-12,18:21:23,0.506583,0.448202,0.002820,29270.328463,0.057000
2026-08-12,18:21:24,0.412485,0.448202,0.002820,29270.331283,0.057000
2026-08-12,18:21:24,0.412485,0.448202,0.002820,29270.331283,0.058000
2026-08-12,18:21:25,0.597780,0.448202,0.002820,29270.334103,0.058000
2026-08-12,18:21:26,0.636129,0.448202,0.002900,29270.337003,0.058000
2026-08-12,18:21:26,0.188195,0.448202,0.002900,29270.337003,0.058000
2026-08-12,18:21:27,0.188195,0.445660,0.002900,29270.339903,0.058000
2026-08-12,18:21:28,0.556532,0.445660,0.002880,29270.342783,0.058000
2026-08-12,18:21:28,0.123423,0.445660,0.002880,29270.342783,0.058000
2026-08-12,18:21:29,0.618405,0.445660,0.002880,29270.345663,0.058000
2026-08-12,18:21:30,0.206242,0.445660,0.002880,29270.348543,0.058000
2026-08-12,18:21:30,0.206242,0.445660,0.002880,29270.348543,0.058000
2026-08-12,18:21:31,0.226544,0.445660,0.002880,29270.351423,0.058000
2026-08-12,18:21:32,0.412162,0.434949,0.002810,29270.354233,0.058000
2026-08-12,18:21:32,0.577156,0.434949,0.002810,29270.354233,0.058000
2026-08-12,18:21:33,0.577156,0.434949,0.002810,29270.357043,0.058000
2026-08-12,18:21:34,0.123745,0.434949,0.002810,29270.359853,0.058000
2026-08-12,18:21:34,0.167359,0.434949,0.002810,29270.359853,0.058000
2026-08-12,18:21:35,0.335703,0.429062,0.002770,29270.362623,0.058000
2026-08-12,18:21:36,0.512984,0.429062,0.002770,29270.365393,0.058000
2026-08-12,18:21:36,0.512984,0.429062,0.002770,29270.365393,0.058000
2026-08-12,18:21:37,0.471625,0.429062,0.002770,29270.368163,0.058000
2026-08-12,18:21:38,0.594741,0.429062,0.002770,29270.370933,0.058000
2026-08-12,18:21:38,0.266431,0.429062,0.002770,29270.370933,0.058000
2026-08-12,18:21:39,0.084676,0.429062,0.002770,29270.373703,0.058000
2026-08-12,18:21:40,0.084676,0.429062,0.002770,29270.376473,0.058000
2026-08-12,18:21:40,0.497531,0.428443,0.002770,29270.376473,0.058000
2026-08-12,18:21:41,0.261242,0.428443,0.002770,29270.379243,0.058000
2026-08-12,18:21:42,0.536314,0.433896,0.002810,29270.382053,0.058000
2026-08-12,18:21:42,0.536314,0.433896,0.002810,29270.382053,0.058000
2026-08-12,18:21:43,0.268480,0.433896,0.002810,29270.384863,0.058000
2026-08-12,18:21:44,0.165094,0.433896,0.002810,29270.387673,0.058000
2026-08-12,18:21:44,0.309834,0.417694,0.002810,29270.387673,0.058000
2026-08-12,18:21:45,0.351189,0.405594,0.002620,29270.390483,0.058000
2026-08-12,18:21:46,0.351189,0.405594,0.002620,29270.393103,0.058000
2026-08-12,18:21:46,0.289157,0.397419,0.002570,29270.393103,0.058000
2026-08-12,18:21:47,0.330512,0.395409,0.002560,29270.395673,0.058000
2026-08-12,18:21:48,0.146685,0.395409,0.002560,29270.398233,0.058000
2026-08-12,18:21:48,0.146685,0.395409,0.002560,29270.398233,0.058000
2026-08-12,18:21:49,0.159025,0.395409,0.002560,29270.400793,0.058000
2026-08-12,18:21:50,0.572618,0.395409,0.002560,29270.403353,0.058000
2026-08-12,18:21:50,0.369348,0.398828,0.002580,29270.403353,0.058000
2026-08-12,18:21:51,0.459631,0.389138,0.002520,29270.405933,0.058000
2026-08-12,18:21:52,0.459631,0.389138,0.002520,29270.408453,0.058000
2026-08-12,18:21:52,0.375735,0.385495,0.002490,29270.408453,0.058000
2026-08-12,18:21:53,0.542873,0.385495,0.002490,29270.410943,0.058000
2026-08-12,18:21:54,0.492850,0.385495,0.002490,29270.413433,0.058000
2026-08-12,18:21:54,0.492850,0.385495,0.002490,29270.413433,0.058000
2026-08-12,18:21:55,0.489660,0.385495,0.002490,29270.415923,0.058000
2026-08-12,18:21:56,0.452507,0.385495,0.002490,29270.418413,0.058000
2026-08-12,18:21:56,0.538668,0.385495,0.002490,29270.418413,0.058000
2026-08-12,18:21:57,0.538668,0.385495,0.002490,29270.420903,0.058000
2026-08-12,18:21:58,0.413313,0.385495,0.002490,29270.423393,0.058000
2026-08-12,18:21:58,0.238400,0.385495,0.002490,29270.423393,0.058000
2026-08-12,18:21:59,0.559722,0.385495,0.002490,29270.425883,0.058000
2026-08-12,18:22:00,0.269172,0.385495,0.002490,29270.428373,0.058000
2026-08-12,18:22:00,0.269172,0.385495,0.002490,29270.428373,0.058000
2026-08-12,18:22:01,0.476800,0.399605,0.002490,29270.430863,0.058000
2026-08-12,18:22:02,0.497531,0.399605,0.002580,29270.433443,0.058000
2026-08-12,18:22:02,0.269172,0.399605,0.002580,29270.433443,0.058000
2026-08-12,18:22:03,0.269172,0.399605,0.002580,29270.436023,0.058000
2026-08-12,18:22:04,0.222891,0.399605,0.002580,29270.438603,0.058000
2026-08-12,18:22:04,0.229218,0.399605,0.002580,29270.438603,0.058000
2026-08-12,18:22:05,0.145866,0.399605,0.002580,29270.441183,0.058000
2026-08-12,18:22:06,0.250056,0.399605,0.002580,29270.443763,0.058000
2026-08-12,18:22:06,0.250056,0.399605,0.002580,29270.443763,0.058000
2026-08-12,18:22:07,0.229218,0.399605,0.002580,29270.446343,0.058000
2026-08-12,18:22:08,0.333408,0.379315,0.002450,29270.448793,0.058000
2026-08-12,18:22:08,0.312570,0.379588,0.002450,29270.448793,0.058000
2026-08-12,18:22:09,0.249730,0.369442,0.002450,29270.451243,0.058000
2026-08-12,18:22:10,0.249730,0.369442,0.002390,29270.453633,0.058000
2026-08-12,18:22:10,0.395922,0.369442,0.002390,29270.453633,0.058000
2026-08-12,18:22:11,0.395596,0.369442,0.002390,29270.456023,0.058000
2026-08-12,18:22:12,0.270568,0.367583,0.002380,29270.458403,0.058000
2026-08-12,18:22:12,0.270568,0.367873,0.002380,29270.458403,0.058000
2026-08-12,18:22:13,0.333408,0.367873,0.002380,29270.460783,0.058000
2026-08-12,18:22:14,0.348829,0.365821,0.002360,29270.463143,0.058000
2026-08-12,18:22:14,0.125354,0.365821,0.002360,29270.463143,0.058000
2026-08-12,18:22:15,0.480196,0.365821,0.002360,29270.465503,0.058000
2026-08-12,18:22:16,0.480196,0.365821,0.002360,29270.467863,0.058000
2026-08-12,18:22:16,0.145920,0.365821,0.002360,29270.467863,0.058000
2026-08-12,18:22:17,0.466893,0.366547,0.002370,29270.470233,0.058000
2026-08-12,18:22:18,0.570440,0.386018,0.002500,29270.472733,0.058000
2026-08-12,18:22:18,0.570440,0.386018,0.002500,29270.472733,0.058000
2026-08-12,18:22:19,0.353920,0.386018,0.002500,29270.475233,0.058000
2026-08-12,18:22:20,0.369348,0.386018,0.002500,29270.477733,0.058000
2026-08-12,18:22:20,0.389868,0.386018,0.002500,29270.477733,0.058000
2026-08-12,18:22:21,0.275729,0.386018,0.002500,29270.480233,0.058000
2026-08-12,18:22:22,0.275729,0.386018,0.002500,29270.482733,0.058000
2026-08-12,18:22:22,0.634741,0.386018,0.002500,29270.482733,0.058000
2026-08-12,18:22:23,0.449147,0.386018,0.002500,29270.485233,0.058000
2026-08-12,18:22:24,0.469563,0.386018,0.002500,29270.487733,0.058000
2026-08-12,18:22:24,0.469563,0.386018,0.002500,29270.487733,0.058000
2026-08-12,18:22:25,0.510395,0.386018,0.002500,29270.490233,0.058000
2026-08-12,18:22:26,0.265086,0.386018,0.002500,29270.492733,0.058000
2026-08-12,18:22:26,0.229815,0.386018,0.002500,29270.492733,0.058000
2026-08-12,18:22:27,0.522307,0.386018,0.002500,29270.495233,0.058000
2026-08-12,18:22:28,0.522307,0.386018,0.002500,29270.495233,0.058000
2026-08-12,18:22:28,0.563766,0.386018,0.002500,29270.497733,0.058000
2026-08-12,18:22:29,0.292166,0.367554,0.002380,29270.500113,0.058000
2026-08-12,18:22:30,0.327989,0.350600,0.002380,29270.500113,0.058000
2026-08-12,18:22:30,0.708166,0.350600,0.002270,29270.502383,0.058000
2026-08-12,18:22:31,0.708166,0.350600,0.002270,29270.504653,0.058000
2026-08-12,18:22:32,0.150424,0.350600,0.002270,29270.504653,0.058000
2026-08-12,18:22:32,0.270894,0.344349,0.002230,29270.506883,0.058000
2026-08-12,18:22:33,0.333082,0.346400,0.002240,29270.509123,0.058000
2026-08-12,18:22:34,0.333082,0.346400,0.002240,29270.509123,0.058000
2026-08-12,18:22:34,0.187542,0.346400,0.002240,29270.511363,0.058000
2026-08-12,18:22:35,0.104190,0.346400,0.002240,29270.513603,0.058000
2026-08-12,18:22:36,0.305149,0.351942,0.002240,29270.513603,0.058000
2026-08-12,18:22:36,0.268480,0.351733,0.002270,29270.515873,0.058000
2026-08-12,18:22:37,0.268480,0.351733,0.002270,29270.518143,0.058000
2026-08-12,18:22:38,0.434221,0.351733,0.002270,29270.518143,0.058000
2026-08-12,18:22:38,0.578638,0.351733,0.002270,29270.520413,0.058000
2026-08-12,18:22:39,0.289157,0.347308,0.002240,29270.522683,0.058000
2026-08-12,18:22:40,0.247803,0.337205,0.002240,29270.522683,0.058000
2026-08-12,18:22:40,0.247803,0.337205,0.002180,29270.524923,0.058000
2026-08-12,18:22:41,0.454575,0.337205,0.002180,29270.527103,0.058000
2026-08-12,18:22:42,0.454898,0.337205,0.002180,29270.527103,0.058000
2026-08-12,18:22:42,0.287542,0.319270,0.002060,29270.529283,0.058000
2026-08-12,18:22:43,0.287542,0.287039,0.002060,29270.531343,0.058000
2026-08-12,18:22:44,0.248126,0.287039,0.001850,29270.531343,0.058000
2026-08-12,18:22:44,0.371866,0.287039,0.001850,29270.533193,0.058000
2026-08-12,18:22:45,0.380712,0.287039,0.001850,29270.535043,0.058000
2026-08-12,18:22:46,0.185618,0.287039,0.001850,29270.535043,0.058000
2026-08-12,18:22:46,0.185618,0.287039,0.001850,29270.536893,0.058000
2026-08-12,18:22:47,0.450511,0.287039,0.001850,29270.538743,0.058000
2026-08-12,18:22:48,0.515284,0.287039,0.001850,29270.538743,0.058000
2026-08-12,18:22:48,0.102477,0.287039,0.001850,29270.540593,0.058000
2026-08-12,18:22:49,0.102477,0.287039,0.001850,29270.542443,0.058000
2026-08-12,18:22:50,0.515606,0.287039,0.001850,29270.542443,0.058000
2026-08-12,18:22:50,0.185296,0.287039,0.001850,29270.544293,0.058000
2026-08-12,18:22:51,0.370914,0.294914,0.001850,29270.546143,0.058000
2026-08-12,18:22:52,0.535908,0.294914,0.001910,29270.546143,0.058000
2026-08-12,18:22:52,0.535908,0.294914,0.001910,29270.548053,0.058000
2026-08-12,18:22:53,0.391538,0.294914,0.001910,29270.549963,0.058000
2026-08-12,18:22:54,0.288417,0.294914,0.001910,29270.549963,0.058000
2026-08-12,18:22:54,0.350612,0.294914,0.001910,29270.551873,0.058000
2026-08-12,18:22:55,0.350612,0.294914,0.001910,29270.553783,0.058000
2026-08-12,18:22:56,0.659653,0.294914,0.001910,29270.553783,0.058000
2026-08-12,18:22:56,0.144047,0.294914,0.001910,29270.555693,0.058000
2026-08-12,18:22:57,0.585535,0.294914,0.001910,29270.557603,0.058000
2026-08-12,18:22:58,0.082497,0.294914,0.001910,29270.557603,0.058000
2026-08-12,18:22:58,0.082497,0.294914,0.001910,29270.559513,0.058000
2026-08-12,18:22:59,0.469183,0.294914,0.001910,29270.561423,0.058000
2026-08-12,18:23:00,0.231630,0.285278,0.001840,29270.561423,0.058000
2026-08-12,18:23:00,0.147072,0.285278,0.001840,29270.563263,0.058000
2026-08-12,18:23:01,0.580128,0.285278,0.001840,29270.565103,0.058000
2026-08-12,18:23:02,0.580128,0.285278,0.001840,29270.565103,0.058000
2026-08-12,18:23:02,0.407159,0.285278,0.001840,29270.566943,0.058000
2026-08-12,18:23:03,0.144789,0.285278,0.001840,29270.568783,0.058000
2026-08-12,18:23:04,0.538668,0.285278,0.001840,29270.568783,0.058000
2026-08-12,18:23:04,0.538668,0.283524,0.001840,29270.570623,0.058000
2026-08-12,18:23:05,0.253356,0.283524,0.001830,29270.572453,0.058000
2026-08-12,18:23:06,0.589514,0.283524,0.001830,29270.572453,0.058000
2026-08-12,18:23:06,0.285517,0.278767,0.001830,29270.574283,0.058000
2026-08-12,18:23:07,0.474035,0.278767,0.001800,29270.576083,0.058000
2026-08-12,18:23:08,0.474035,0.278767,0.001800,29270.576083,0.058000
2026-08-12,18:23:08,0.656431,0.278767,0.001800,29270.577883,0.058000
2026-08-12,18:23:09,0.453733,0.278767,0.001800,29270.579683,0.058000
2026-08-12,18:23:09,0.268115,0.275064,0.001780,29270.579683,0.058000
2026-08-12,18:23:10,0.268115,0.275064,0.001780,29270.581463,0.058000
2026-08-12,18:23:11,0.503708,0.275064,0.001780,29270.583243,0.058000
2026-08-12,18:23:11,0.346279,0.282844,0.001830,29270.583243,0.058000
2026-08-12,18:23:12,0.313877,0.285316,0.001830,29270.585073,0.058000
2026-08-12,18:23:13,0.523674,0.285316,0.001840,29270.586913,0.058000
2026-08-12,18:23:13,0.523674,0.285316,0.001840,29270.586913,0.058000
2026-08-12,18:23:14,0.547893,0.285316,0.001840,29270.588753,0.058000
2026-08-12,18:23:15,0.544620,0.285316,0.001840,29270.590593,0.058000
2026-08-12,18:23:15,0.607134,0.285316,0.001840,29270.590593,0.058000
2026-08-12,18:23:16,0.607134,0.285316,0.001840,29270.592433,0.058000
2026-08-12,18:23:17,0.512545,0.285316,0.001840,29270.594273,0.057000
2026-08-12,18:23:17,0.536230,0.285316,0.001840,29270.594273,0.057000
2026-08-12,18:23:18,0.577156,0.285316,0.001790,29270.596063,0.057000
2026-08-12,18:23:19,0.577156,0.285316,0.001790,29270.597853,0.057000
2026-08-12,18:23:19,0.577479,0.285316,0.001790,29270.597853,0.057000
2026-08-12,18:23:20,0.556854,0.285316,0.001790,29270.599643,0.057000
2026-08-12,18:23:21,0.577479,0.556106,0.003500,29270.603143,0.057000
2026-08-12,18:23:21,0.544620,0.558201,0.003500,29270.603143,0.057000
2026-08-12,18:23:22,0.544620,0.558201,0.003520,29270.606663,0.057000
2026-08-12,18:23:23,0.460505,0.549462,0.003460,29270.610123,0.057000
2026-08-12,18:23:23,0.565240,0.551524,0.003460,29270.610123,0.057000
2026-08-12,18:23:24,0.541020,0.544913,0.003470,29270.613593,0.057000
2026-08-12,18:23:25,0.541020,0.544913,0.003440,29270.617033,0.057000
2026-08-12,18:23:25,0.519419,0.545600,0.003440,29270.617033,0.057000
2026-08-12,18:23:26,0.251363,0.545600,0.003440,29270.620473,0.057000
2026-08-12,18:23:27,0.586514,0.550629,0.003470,29270.623943,0.057000
2026-08-12,18:23:27,0.586514,0.550629,0.003470,29270.623943,0.057000
2026-08-12,18:23:28,0.370914,0.550629,0.003470,29270.627413,0.058000
2026-08-12,18:23:29,0.577156,0.550629,0.003560,29270.630973,0.058000
2026-08-12,18:23:29,0.391538,0.550629,0.003560,29270.630973,0.058000
2026-08-12,18:23:30,0.391538,0.548921,0.003560,29270.634533,0.058000
2026-08-12,18:23:31,0.560399,0.548921,0.003560,29270.638093,0.058000
2026-08-12,18:23:31,0.522051,0.545440,0.003530,29270.638093,0.058000
2026-08-12,18:23:32,0.350290,0.545440,0.003530,29270.641623,0.058000
2026-08-12,18:23:33,0.412485,0.545440,0.003530,29270.645153,0.058000
2026-08-12,18:23:33,0.412485,0.545440,0.003530,29270.645153,0.058000
2026-08-12,18:23:34,0.350290,0.545440,0.003530,29270.648683,0.058000
2026-08-12,18:23:35,0.339978,0.545440,0.003530,29270.652213,0.058000
2026-08-12,18:23:35,0.247491,0.545440,0.003530,29270.652213,0.058000
2026-08-12,18:23:36,0.247491,0.545440,0.003530,29270.655743,0.058000
2026-08-12,18:23:37,0.209469,0.545440,0.003530,29270.659273,0.058000
2026-08-12,18:23:37,0.536230,0.541316,0.003500,29270.659273,0.058000
2026-08-12,18:23:38,0.329988,0.541316,0.003500,29270.662773,0.058000
2026-08-12,18:23:39,0.147014,0.541316,0.003500,29270.666273,0.058000
2026-08-12,18:23:39,0.147014,0.541316,0.003500,29270.666273,0.058000
2026-08-12,18:23:40,0.493719,0.536225,0.003470,29270.669773,0.058000
2026-08-12,18:23:41,0.596577,0.549833,0.003470,29270.673243,0.058000
2026-08-12,18:23:41,0.308253,0.549833,0.003560,29270.673243,0.058000
2026-08-12,18:23:42,0.308253,0.546763,0.003540,29270.676803,0.058000
2026-08-12,18:23:43,0.534541,0.546763,0.003540,29270.680343,0.058000
2026-08-12,18:23:43,0.559291,0.548590,0.003550,29270.680343,0.058000
2026-08-12,18:23:44,0.271600,0.548590,0.003550,29270.683893,0.058000
2026-08-12,18:23:45,0.431683,0.539816,0.003550,29270.687443,0.058000
2026-08-12,18:23:45,0.431683,0.512668,0.003490,29270.687443,0.058000
2026-08-12,18:23:46,0.315029,0.512668,0.003490,29270.690933,0.057000
2026-08-12,18:23:47,0.266752,0.481627,0.003120,29270.694053,0.057000
2026-08-12,18:23:47,0.501121,0.481627,0.003030,29270.694053,0.057000
2026-08-12,18:23:48,0.489258,0.481627,0.003030,29270.697083,0.058000
2026-08-12,18:23:49,0.489258,0.481627,0.003120,29270.700203,0.058000
2026-08-12,18:23:49,0.145920,0.481627,0.003120,29270.700203,0.058000
2026-08-12,18:23:50,0.292166,0.481627,0.003120,29270.703323,0.058000
2026-08-12,18:23:51,0.334277,0.481627,0.003120,29270.706443,0.057000
2026-08-12,18:23:51,0.334277,0.481627,0.003030,29270.706443,0.057000
2026-08-12,18:23:52,0.125027,0.481627,0.003030,29270.709473,0.057000
2026-08-12,18:23:53,0.188031,0.481627,0.003030,29270.712503,0.057000
2026-08-12,18:23:53,0.605550,0.486142,0.003060,29270.712503,0.057000
2026-08-12,18:23:54,0.376061,0.486142,0.003060,29270.715563,0.057000
2026-08-12,18:23:55,0.376061,0.486142,0.003060,29270.718623,0.057000
2026-08-12,18:23:55,0.298695,0.486142,0.003060,29270.718623,0.057000
2026-08-12,18:23:56,0.313058,0.486142,0.003060,29270.721683,0.057000
2026-08-12,18:23:57,0.375735,0.486142,0.003060,29270.724743,0.057000
2026-08-12,18:23:57,0.167138,0.486142,0.003060,29270.724743,0.057000
2026-08-12,18:23:58,0.167138,0.486142,0.003060,29270.727803,0.057000
2026-08-12,18:23:59,0.208923,0.486142,0.003060,29270.730863,0.057000
2026-08-12,18:23:59,0.304385,0.486142,0.003140,29270.730863,0.058000
2026-08-12,18:24:00,0.229445,0.486142,0.003140,29270.734003,0.058000
2026-08-12,18:24:01,0.229445,0.486142,0.003140,29270.737143,0.058000
2026-08-12,18:24:01,0.329988,0.486142,0.003140,29270.737143,0.058000
2026-08-12,18:24:02,0.205920,0.486142,0.003140,29270.740283,0.058000
2026-08-12,18:24:03,0.247169,0.486142,0.003140,29270.743423,0.058000
2026-08-12,18:24:03,0.084452,0.486142,0.003140,29270.743423,0.058000
2026-08-12,18:24:04,0.084452,0.486142,0.003140,29270.746563,0.058000
2026-08-12,18:24:05,0.289902,0.486142,0.003140,29270.749703,0.057000
2026-08-12,18:24:05,0.538668,0.487804,0.003140,29270.749703,0.057000
2026-08-12,18:24:06,0.295582,0.487804,0.003070,29270.752773,0.057000
2026-08-12,18:24:07,0.295582,0.487804,0.003070,29270.755843,0.057000
2026-08-12,18:24:07,0.361811,0.487804,0.003070,29270.755843,0.057000
2026-08-12,18:24:08,0.435015,0.487804,0.003070,29270.758913,0.057000
2026-08-12,18:24:09,0.483926,0.487804,0.003070,29270.761983,0.057000
2026-08-12,18:24:09,0.435339,0.487804,0.003070,29270.761983,0.057000
2026-08-12,18:24:10,0.435339,0.487804,0.003070,29270.765053,0.057000
2026-08-12,18:24:11,0.435339,0.487804,0.003070,29270.768123,0.057000
2026-08-12,18:24:11,0.331363,0.487804,0.003070,29270.768123,0.057000
2026-08-12,18:24:12,0.372824,0.487804,0.003070,29270.771193,0.057000
2026-08-12,18:24:13,0.559722,0.490153,0.003090,29270.774283,0.057000
2026-08-12,18:24:13,0.559722,0.490153,0.003090,29270.774283,0.057000
2026-08-12,18:24:14,0.290226,0.490153,0.003090,29270.777373,0.057000
2026-08-12,18:24:15,0.310633,0.490153,0.003090,29270.780463,0.057000
2026-08-12,18:24:15,0.289902,0.490153,0.003090,29270.780463,0.058000
2026-08-12,18:24:16,0.289902,0.490153,0.003170,29270.783633,0.058000
2026-08-12,18:24:17,0.227711,0.490153,0.003230,29270.783633,0.058000
2026-08-12,18:24:17,0.584669,0.499248,0.003230,29270.786863,0.058000
2026-08-12,18:24:18,0.400088,0.499248,0.003140,29270.790003,0.057000
2026-08-12,18:24:19,0.505046,0.499248,0.003140,29270.790003,0.057000
2026-08-12,18:24:19,0.505046,0.499248,0.003140,29270.793143,0.057000
2026-08-12,18:24:20,0.484318,0.499248,0.003140,29270.796283,0.057000
2026-08-12,18:24:21,0.227126,0.499248,0.003140,29270.796283,0.057000
2026-08-12,18:24:21,0.549841,0.494575,0.003140,29270.799423,0.057000
2026-08-12,18:24:22,0.293699,0.494575,0.003110,29270.802533,0.057000
2026-08-12,18:24:23,0.293699,0.494575,0.003110,29270.802533,0.057000
2026-08-12,18:24:23,0.576165,0.498737,0.003140,29270.805673,0.057000
2026-08-12,18:24:24,0.607461,0.503554,0.003170,29270.808843,0.057000
2026-08-12,18:24:25,0.146301,0.503554,0.003170,29270.808843,0.057000
2026-08-12,18:24:25,0.146301,0.503554,0.003170,29270.812013,0.057000
2026-08-12,18:24:26,0.137464,0.503554,0.003170,29270.815183,0.057000
2026-08-12,18:24:27,0.617280,0.522114,0.003170,29270.815183,0.057000
2026-08-12,18:24:27,0.565240,0.547135,0.003450,29270.818353,0.057000
2026-08-12,18:24:28,0.167248,0.547135,0.003540,29270.821803,0.058000
2026-08-12,18:24:29,0.167248,0.547135,0.003540,29270.821803,0.058000
2026-08-12,18:24:29,0.523674,0.572827,0.003710,29270.825343,0.058000
2026-08-12,18:24:30,0.451426,0.557415,0.003610,29270.829053,0.058000
2026-08-12,18:24:31,0.574221,0.560970,0.003610,29270.829053,0.058000
2026-08-12,18:24:31,0.574221,0.560970,0.003630,29270.832663,0.058000
2026-08-12,18:24:32,0.184354,0.560970,0.003630,29270.836293,0.058000
2026-08-12,18:24:33,0.102597,0.560970,0.003630,29270.836293,0.058000
2026-08-12,18:24:33,0.399037,0.544901,0.003520,29270.839923,0.058000
2026-08-12,18:24:34,0.315029,0.517937,0.003350,29270.843443,0.058000
2026-08-12,18:24:35,0.315029,0.517937,0.003350,29270.843443,0.058000
2026-08-12,18:24:35,0.655982,0.517937,0.003350,29270.846793,0.058000
2026-08-12,18:24:36,0.205395,0.517937,0.003350,29270.850143,0.058000
2026-08-12,18:24:37,0.308253,0.517937,0.003350,29270.850143,0.058000
2026-08-12,18:24:37,0.288003,0.517937,0.003350,29270.853493,0.058000
2026-08-12,18:24:38,0.288003,0.517937,0.003350,29270.856843,0.058000
2026-08-12,18:24:39,0.246860,0.517937,0.003350,29270.856843,0.058000
2026-08-12,18:24:39,0.581791,0.521133,0.003370,29270.860193,0.058000
2026-08-12,18:24:40,0.534541,0.516970,0.003370,29270.863563,0.058000
2026-08-12,18:24:41,0.534541,0.512944,0.003340,29270.863563,0.058000
2026-08-12,18:24:41,0.567204,0.512944,0.003320,29270.866903,0.058000
2026-08-12,18:24:42,0.649355,0.516152,0.003320,29270.870223,0.058000
2026-08-12,18:24:43,0.334824,0.516152,0.003340,29270.870223,0.058000
2026-08-12,18:24:43,0.334824,0.516152,0.003340,29270.873563,0.058000
2026-08-12,18:24:44,0.285904,0.516152,0.003340,29270.876903,0.058000
2026-08-12,18:24:45,0.478033,0.507431,0.003280,29270.876903,0.058000
2026-08-12,18:24:45,0.540385,0.509102,0.003210,29270.880183,0.057000
2026-08-12,18:24:46,0.540385,0.509102,0.003210,29270.883393,0.057000
2026-08-12,18:24:47,0.332545,0.509102,0.003210,29270.883393,0.057000
2026-08-12,18:24:47,0.519601,0.515920,0.003250,29270.886603,0.057000
2026-08-12,18:24:48,0.429816,0.501479,0.003250,29270.889853,0.057000
2026-08-12,18:24:49,0.225142,0.501479,0.003160,29270.889853,0.057000
2026-08-12,18:24:49,0.225142,0.501479,0.003160,29270.893013,0.057000
2026-08-12,18:24:50,0.306691,0.501479,0.003160,29270.896173,0.057000
2026-08-12,18:24:51,0.409348,0.502510,0.003160,29270.896173,0.057000
2026-08-12,18:24:51,0.518627,0.522870,0.003290,29270.899333,0.057000
2026-08-12,18:24:52,0.518627,0.522870,0.003290,29270.902623,0.057000
2026-08-12,18:24:53,0.269868,0.522870,0.003290,29270.902623,0.057000
2026-08-12,18:24:53,0.269868,0.522870,0.003290,29270.905913,0.057000
2026-08-12,18:24:54,0.228300,0.522870,0.003290,29270.909203,0.057000
2026-08-12,18:24:55,0.103920,0.522870,0.003290,29270.909203,0.057000
2026-08-12,18:24:55,0.103920,0.516651,0.003290,29270.912493,0.057000
2026-08-12,18:24:56,0.519601,0.516651,0.003250,29270.915743,0.058000
2026-08-12,18:24:57,0.203645,0.516651,0.003340,29270.915743,0.058000
2026-08-12,18:24:57,0.650732,0.528270,0.003340,29270.919083,0.058000
2026-08-12,18:24:58,0.650732,0.534998,0.003420,29270.922503,0.057000
2026-08-12,18:24:59,0.634480,0.534998,0.003370,29270.922503,0.057000
2026-08-12,18:24:59,0.584658,0.528528,0.003370,29270.925873,0.057000
2026-08-12,18:25:00,0.564092,0.537134,0.003330,29270.929203,0.057000
2026-08-12,18:25:01,0.501415,0.533237,0.003360,29270.929203,0.057000
2026-08-12,18:25:01,0.501415,0.533237,0.003360,29270.932563,0.057000
2026-08-12,18:25:02,0.480523,0.529329,0.003330,29270.935893,0.057000
2026-08-12,18:25:03,0.410011,0.527349,0.003320,29270.935893,0.057000
2026-08-12,18:25:03,0.534862,0.527349,0.003320,29270.939213,0.057000
2026-08-12,18:25:04,0.534862,0.527349,0.003320,29270.942533,0.057000
2026-08-12,18:25:05,0.308253,0.527349,0.003320,29270.942533,0.057000
2026-08-12,18:25:05,0.349718,0.527349,0.003320,29270.945853,0.057000
2026-08-12,18:25:06,0.493719,0.535786,0.003320,29270.949173,0.057000
2026-08-12,18:25:07,0.493719,0.535786,0.003370,29270.949173,0.057000
2026-08-12,18:25:07,0.333950,0.535786,0.003370,29270.952543,0.057000
2026-08-12,18:25:08,0.559848,0.539908,0.003400,29270.955943,0.057000
2026-08-12,18:25:09,0.543200,0.542268,0.003420,29270.955943,0.057000
2026-08-12,18:25:09,0.543200,0.542268,0.003420,29270.959363,0.057000
2026-08-12,18:25:10,0.328825,0.542268,0.003420,29270.962783,0.058000
2026-08-12,18:25:11,0.481452,0.525340,0.003400,29270.962783,0.058000
2026-08-12,18:25:11,0.628081,0.525340,0.003400,29270.966183,0.058000
2026-08-12,18:25:12,0.628081,0.501200,0.003400,29270.969583,0.058000
2026-08-12,18:25:13,0.393082,0.501200,0.003400,29270.969583,0.058000
2026-08-12,18:25:13,0.607134,0.501200,0.003240,29270.972823,0.058000
2026-08-12,18:25:14,0.502727,0.501200,0.003240,29270.976063,0.058000
2026-08-12,18:25:15,0.565240,0.501200,0.003240,29270.976063,0.058000
2026-08-12,18:25:15,0.565240,0.501200,0.003240,29270.979303,0.058000
2026-08-12,18:25:16,0.608327,0.501200,0.003240,29270.982543,0.058000
2026-08-12,18:25:17,0.306676,0.501200,0.003240,29270.982543,0.058000
2026-08-12,18:25:17,0.544293,0.497164,0.003240,29270.985783,0.058000
2026-08-12,18:25:18,0.544293,0.498489,0.003220,29270.989003,0.058000
2026-08-12,18:25:19,0.577350,0.498489,0.003220,29270.989003,0.058000
2026-08-12,18:25:19,0.598103,0.508158,0.003290,29270.992293,0.058000
2026-08-12,18:25:20,0.494015,0.509507,0.003300,29270.995593,0.058000
2026-08-12,18:25:21,0.205920,0.509507,0.003300,29270.995593,0.058000
2026-08-12,18:25:21,0.205920,0.531249,0.003300,29270.998893,0.058000
2026-08-12,18:25:22,0.627428,0.531249,0.003440,29271.002333,0.058000
2026-08-12,18:25:23,0.082497,0.531249,0.003440,29271.002333,0.058000
2026-08-12,18:25:23,0.329665,0.531249,0.003440,29271.005773,0.058000
2026-08-12,18:25:24,0.329665,0.533405,0.003450,29271.009223,0.058000
2026-08-12,18:25:25,0.515284,0.533405,0.003450,29271.009223,0.058000
2026-08-12,18:25:25,0.391538,0.516575,0.003340,29271.012563,0.058000
2026-08-12,18:25:26,0.332244,0.495479,0.003200,29271.015763,0.058000
2026-08-12,18:25:27,0.474357,0.495479,0.003200,29271.015763,0.058000
2026-08-12,18:25:27,0.474357,0.495479,0.003200,29271.018963,0.058000
2026-08-12,18:25:28,0.226544,0.495479,0.003200,29271.022163,0.058000
2026-08-12,18:25:29,0.598103,0.507144,0.003280,29271.022163,0.058000
2026-08-12,18:25:29,0.329665,0.507144,0.003280,29271.025443,0.058000
2026-08-12,18:25:30,0.494659,0.517302,0.003280,29271.028723,0.058000
2026-08-12,18:25:31,0.494659,0.517302,0.003350,29271.028723,0.057000
2026-08-12,18:25:31,0.571564,0.520029,0.003280,29271.032073,0.057000
2026-08-12,18:25:32,0.124704,0.520029,0.003280,29271.035353,0.057000
2026-08-12,18:25:33,0.290977,0.520029,0.003280,29271.035353,0.057000
2026-08-12,18:25:33,0.290977,0.513770,0.003240,29271.038633,0.057000
2026-08-12,18:25:34,0.514765,0.513770,0.003240,29271.041873,0.057000
2026-08-12,18:25:35,0.454575,0.499417,0.003150,29271.041873,0.057000
2026-08-12,18:25:35,0.165417,0.499417,0.003150,29271.045023,0.057000
2026-08-12,18:25:36,0.268803,0.499417,0.003150,29271.048173,0.057000
2026-08-12,18:25:37,0.268803,0.499417,0.003150,29271.048173,0.057000
2026-08-12,18:25:37,0.082709,0.499417,0.003150,29271.051323,0.057000
2026-08-12,18:25:38,0.413220,0.491338,0.003150,29271.054473,0.057000
2026-08-12,18:25:39,0.496898,0.478285,0.003010,29271.054473,0.057000
2026-08-12,18:25:39,0.268803,0.478285,0.003010,29271.057483,0.057000
2026-08-12,18:25:40,0.268803,0.478285,0.003010,29271.060493,0.057000
2026-08-12,18:25:41,0.631300,0.478285,0.003010,29271.060493,0.057000
2026-08-12,18:25:41,0.454575,0.478285,0.003010,29271.063503,0.057000
2026-08-12,18:25:42,0.578961,0.478285,0.003010,29271.066513,0.057000
2026-08-12,18:25:43,0.578961,0.478285,0.003010,29271.066513,0.057000
2026-08-12,18:25:43,0.546006,0.478285,0.003010,29271.069523,0.057000
2026-08-12,18:25:44,0.516929,0.478285,0.003010,29271.072533,0.057000
2026-08-12,18:25:45,0.557960,0.478285,0.003010,29271.072533,0.057000
2026-08-12,18:25:45,0.557960,0.478285,0.003010,29271.075543,0.057000
2026-08-12,18:25:46,0.496252,0.478285,0.003010,29271.078553,0.057000
2026-08-12,18:25:47,0.617730,0.478285,0.003010,29271.078553,0.057000
2026-08-12,18:25:47,0.495929,0.478285,0.003010,29271.081563,0.057000
2026-08-12,18:25:48,0.495929,0.545777,0.003010,29271.084573,0.057000
2026-08-12,18:25:49,0.562130,0.545777,0.003440,29271.084573,0.057000
2026-08-12,18:25:49,0.549120,0.537559,0.003440,29271.088013,0.057000
2026-08-12,18:25:50,0.267793,0.537559,0.003390,29271.091403,0.057000
2026-08-12,18:25:51,0.267793,0.539505,0.003400,29271.091403,0.057000
2026-08-12,18:25:51,0.474035,0.539505,0.003400,29271.094803,0.057000
2026-08-12,18:25:52,0.654503,0.539505,0.003400,29271.098203,0.057000
2026-08-12,18:25:53,0.518261,0.539505,0.003400,29271.098203,0.057000
2026-08-12,18:25:53,0.518261,0.539505,0.003400,29271.101603,0.057000
2026-08-12,18:25:54,0.560370,0.539505,0.003400,29271.105003,0.057000
2026-08-12,18:25:55,0.600859,0.539505,0.003400,29271.105003,0.057000
2026-08-12,18:25:55,0.580452,0.539505,0.003400,29271.108403,0.058000
2026-08-12,18:25:56,0.580452,0.539505,0.003490,29271.111893,0.058000
2026-08-12,18:25:57,0.580452,0.539505,0.003490,29271.111893,0.058000
2026-08-12,18:25:57,0.642644,0.539505,0.003490,29271.115383,0.058000
2026-08-12,18:25:58,0.601183,0.539505,0.003490,29271.118873,0.058000
2026-08-12,18:25:59,0.485599,0.539505,0.003490,29271.118873,0.058000
2026-08-12,18:25:59,0.485599,0.539505,0.003490,29271.122363,0.058000
2026-08-12,18:26:00,0.663050,0.547914,0.003540,29271.125903,0.058000
2026-08-12,18:26:01,0.393878,0.547914,0.003450,29271.125903,0.057000
2026-08-12,18:26:01,0.476800,0.547914,0.003450,29271.129353,0.057000
2026-08-12,18:26:02,0.476800,0.547914,0.003450,29271.132803,0.057000
2026-08-12,18:26:02,0.580128,0.547914,0.003450,29271.132803,0.057000
2026-08-12,18:26:03,0.378714,0.547914,0.003450,29271.136253,0.057000
2026-08-12,18:26:04,0.489979,0.547914,0.003450,29271.139703,0.057000
2026-08-12,18:26:04,0.489979,0.547914,0.003450,29271.139703,0.057000
2026-08-12,18:26:05,0.449147,0.547914,0.003450,29271.143153,0.057000
2026-08-12,18:26:06,0.439886,0.547914,0.003450,29271.143153,0.057000
2026-08-12,18:26:06,0.163007,0.547914,0.003450,29271.146603,0.057000
2026-08-12,18:26:07,0.203839,0.547914,0.003450,29271.150053,0.057000
2026-08-12,18:26:08,0.203839,0.547914,0.003450,29271.150053,0.057000
2026-08-12,18:26:08,0.349620,0.547914,0.003450,29271.153503,0.057000
2026-08-12,18:26:09,0.228625,0.547914,0.003450,29271.156953,0.058000
2026-08-12,18:26:10,0.540385,0.547352,0.003540,29271.156953,0.058000
2026-08-12,18:26:10,0.540385,0.547619,0.003540,29271.160493,0.058000
2026-08-12,18:26:11,0.519601,0.547619,0.003540,29271.164033,0.058000
2026-08-12,18:26:12,0.083136,0.547619,0.003540,29271.164033,0.058000
2026-08-12,18:26:12,0.290977,0.547619,0.003540,29271.167573,0.058000
2026-08-12,18:26:13,0.228300,0.547619,0.003540,29271.171113,0.057000
2026-08-12,18:26:14,0.228300,0.547619,0.003450,29271.171113,0.057000
2026-08-12,18:26:14,0.353004,0.547619,0.003450,29271.174563,0.057000
2026-08-12,18:26:15,0.436465,0.547619,0.003450,29271.178013,0.057000
2026-08-12,18:26:16,0.415681,0.547619,0.003450,29271.178013,0.057000
2026-08-12,18:26:16,0.415681,0.547619,0.003450,29271.181463,0.057000
2026-08-12,18:26:17,0.540061,0.547619,0.003450,29271.184913,0.057000
2026-08-12,18:26:18,0.455301,0.547619,0.003450,29271.184913,0.057000
2026-08-12,18:26:18,0.498817,0.547619,0.003450,29271.188363,0.057000
2026-08-12,18:26:19,0.498817,0.547619,0.003450,29271.191813,0.057000
2026-08-12,18:26:20,0.353329,0.547619,0.003450,29271.191813,0.057000
2026-08-12,18:26:20,0.540385,0.545862,0.003440,29271.195253,0.057000
2026-08-12,18:26:21,0.519276,0.548164,0.003450,29271.198703,0.057000
2026-08-12,18:26:22,0.311761,0.548164,0.003450,29271.198703,0.057000
2026-08-12,18:26:22,0.311761,0.548164,0.003450,29271.202153,0.057000
2026-08-12,18:26:23,0.653305,0.551722,0.003480,29271.205633,0.057000
2026-08-12,18:26:24,0.459631,0.548092,0.003480,29271.205633,0.057000
2026-08-12,18:26:24,0.501415,0.542020,0.003450,29271.209083,0.057000
2026-08-12,18:26:25,0.501415,0.542020,0.003410,29271.212493,0.057000
2026-08-12,18:26:26,0.584658,0.545574,0.003410,29271.212493,0.057000
2026-08-12,18:26:26,0.521981,0.550369,0.003470,29271.215963,0.057000
2026-08-12,18:26:27,0.552620,0.539326,0.003400,29271.219363,0.057000
2026-08-12,18:26:28,0.552620,0.539326,0.003400,29271.219363,0.057000
2026-08-12,18:26:28,0.591696,0.544457,0.003430,29271.222793,0.057000
2026-08-12,18:26:29,0.436465,0.536143,0.003380,29271.226173,0.057000
2026-08-12,18:26:30,0.602413,0.536143,0.003380,29271.226173,0.057000
2026-08-12,18:26:30,0.602413,0.520328,0.003380,29271.229553,0.057000
2026-08-12,18:26:31,0.382232,0.520328,0.003280,29271.232833,0.057000
2026-08-12,18:26:32,0.337808,0.502181,0.003280,29271.232833,0.057000
2026-08-12,18:26:32,0.597136,0.502181,0.003160,29271.236113,0.057000
2026-08-12,18:26:33,0.412162,0.478067,0.003010,29271.239273,0.057000
2026-08-12,18:26:34,0.412162,0.478067,0.003010,29271.239273,0.057000
2026-08-12,18:26:34,0.267148,0.478067,0.003010,29271.242283,0.057000
2026-08-12,18:26:35,0.205920,0.478067,0.003010,29271.245293,0.057000
2026-08-12,18:26:36,0.226544,0.478067,0.003010,29271.245293,0.057000
2026-08-12,18:26:36,0.226544,0.478067,0.003010,29271.248303,0.057000
2026-08-12,18:26:37,0.222355,0.478067,0.003010,29271.251313,0.058000
2026-08-12,18:26:38,0.247169,0.478067,0.003010,29271.251313,0.058000
2026-08-12,18:26:38,0.577156,0.489819,0.003170,29271.254323,0.058000
2026-08-12,18:26:39,0.433109,0.482989,0.003170,29271.257493,0.058000
2026-08-12,18:26:40,0.433109,0.482989,0.003120,29271.257493,0.058000
2026-08-12,18:26:40,0.361890,0.460712,0.002980,29271.260613,0.058000
2026-08-12,18:26:41,0.548938,0.460712,0.002980,29271.263593,0.058000
2026-08-12,18:26:42,0.535908,0.460712,0.002980,29271.263593,0.058000
2026-08-12,18:26:42,0.535908,0.460712,0.002980,29271.266573,0.057000
2026-08-12,18:26:43,0.250069,0.460712,0.002980,29271.269553,0.057000
2026-08-12,18:26:44,0.598103,0.468324,0.002950,29271.269553,0.057000
2026-08-12,18:26:44,0.586742,0.471736,0.002970,29271.272503,0.057000
2026-08-12,18:26:45,0.586742,0.477640,0.002970,29271.275473,0.057000
2026-08-12,18:26:46,0.650732,0.477640,0.003010,29271.275473,0.057000
2026-08-12,18:26:46,0.512984,0.485292,0.003060,29271.278483,0.057000
2026-08-12,18:26:47,0.512984,0.498367,0.003060,29271.281543,0.057000
2026-08-12,18:26:48,0.512984,0.526144,0.003140,29271.281543,0.057000
2026-08-12,18:26:48,0.615581,0.526144,0.003140,29271.284683,0.057000
2026-08-12,18:26:49,0.423853,0.526144,0.003310,29271.287993,0.057000
2026-08-12,18:26:50,0.348509,0.526144,0.003310,29271.287993,0.057000
2026-08-12,18:26:50,0.451105,0.526144,0.003310,29271.291303,0.058000
2026-08-12,18:26:51,0.451105,0.526144,0.003400,29271.294703,0.058000
2026-08-12,18:26:52,0.492465,0.526144,0.003400,29271.294703,0.058000
2026-08-12,18:26:52,0.605877,0.526144,0.003400,29271.298103,0.058000
2026-08-12,18:26:53,0.521981,0.526144,0.003400,29271.301503,0.058000
2026-08-12,18:26:54,0.521981,0.526144,0.003400,29271.301503,0.058000
2026-08-12,18:26:54,0.271600,0.526144,0.003400,29271.304903,0.057000
2026-08-12,18:26:55,0.375735,0.522501,0.003290,29271.308193,0.057000
2026-08-12,18:26:56,0.480523,0.512838,0.003230,29271.308193,0.057000
2026-08-12,18:26:56,0.501415,0.519669,0.003230,29271.311423,0.057000
2026-08-12,18:26:57,0.501415,0.539856,0.003270,29271.314693,0.057000
2026-08-12,18:26:58,0.563766,0.539856,0.003400,29271.314693,0.057000
2026-08-12,18:26:58,0.553702,0.535416,0.003400,29271.318093,0.057000
2026-08-12,18:26:59,0.526103,0.529352,0.003330,29271.321423,0.057000
2026-08-12,18:27:00,0.526103,0.519501,0.003270,29271.321423,0.057000
2026-08-12,18:27:00,0.552220,0.519501,0.003270,29271.324693,0.057000
2026-08-12,18:27:01,0.514291,0.519632,0.003270,29271.327963,0.057000
2026-08-12,18:27:02,0.250708,0.519632,0.003360,29271.327963,0.058000
2026-08-12,18:27:02,0.250708,0.520564,0.003360,29271.331323,0.058000
2026-08-12,18:27:03,0.522307,0.520564,0.003370,29271.334693,0.058000
2026-08-12,18:27:04,0.522307,0.511237,0.003310,29271.334693,0.058000
2026-08-12,18:27:04,0.564092,0.530073,0.003310,29271.338003,0.058000
2026-08-12,18:27:05,0.555113,0.537532,0.003480,29271.341483,0.058000
2026-08-12,18:27:06,0.555113,0.537532,0.003480,29271.341483,0.058000
2026-08-12,18:27:06,0.493719,0.536762,0.003470,29271.344953,0.058000
2026-08-12,18:27:07,0.534862,0.533872,0.003450,29271.348403,0.058000
2026-08-12,18:27:08,0.555113,0.534013,0.003450,29271.348403,0.058000
2026-08-12,18:27:08,0.555113,0.534013,0.003450,29271.351853,0.058000
2026-08-12,18:27:09,0.571184,0.538521,0.003480,29271.355333,0.058000
2026-08-12,18:27:10,0.404031,0.523702,0.003480,29271.355333,0.058000
2026-08-12,18:27:10,0.581953,0.523702,0.003390,29271.358723,0.058000
2026-08-12,18:27:11,0.581953,0.523702,0.003390,29271.362113,0.058000
2026-08-12,18:27:12,0.490374,0.523702,0.003390,29271.362113,0.058000
2026-08-12,18:27:12,0.623197,0.523702,0.003390,29271.365503,0.058000
2026-08-12,18:27:13,0.537509,0.523702,0.003390,29271.368893,0.058000
2026-08-12,18:27:14,0.537509,0.523702,0.003390,29271.368893,0.058000
2026-08-12,18:27:14,0.571323,0.523702,0.003390,29271.372283,0.058000
2026-08-12,18:27:15,0.510076,0.523702,0.003390,29271.375673,0.058000
2026-08-12,18:27:16,0.623197,0.523702,0.003390,29271.375673,0.058000
2026-08-12,18:27:16,0.623197,0.523702,0.003390,29271.379063,0.058000
2026-08-12,18:27:17,0.643331,0.523702,0.003390,29271.382453,0.058000
2026-08-12,18:27:18,0.290652,0.523702,0.003390,29271.382453,0.058000
2026-08-12,18:27:18,0.560845,0.528357,0.003420,29271.385873,0.058000
2026-08-12,18:27:19,0.540061,0.530133,0.003420,29271.389213,0.057000
2026-08-12,18:27:20,0.540061,0.530133,0.003340,29271.389213,0.057000
2026-08-12,18:27:20,0.332545,0.530133,0.003340,29271.392553,0.057000
2026-08-12,18:27:21,0.581629,0.536065,0.003340,29271.395933,0.057000
2026-08-12,18:27:22,0.614022,0.541058,0.003380,29271.395933,0.057000
2026-08-12,18:27:22,0.614022,0.541058,0.003410,29271.399343,0.057000
2026-08-12,18:27:23,0.560845,0.541631,0.003410,29271.402753,0.057000
2026-08-12,18:27:24,0.581629,0.550422,0.003470,29271.402753,0.057000
2026-08-12,18:27:24,0.531292,0.550065,0.003460,29271.406223,0.057000
2026-08-12,18:27:25,0.531292,0.551830,0.003460,29271.409683,0.057000
2026-08-12,18:27:26,0.572768,0.551830,0.003480,29271.409683,0.057000
2026-08-12,18:27:26,0.614022,0.556114,0.003500,29271.413163,0.057000
2026-08-12,18:27:27,0.573088,0.573020,0.003500,29271.416663,0.057000
2026-08-12,18:27:28,0.573088,0.562779,0.003610,29271.416663,0.057000
2026-08-12,18:27:28,0.458436,0.562779,0.003550,29271.420273,0.057000
2026-08-12,18:27:29,0.583464,0.567119,0.003550,29271.423823,0.057000
2026-08-12,18:27:30,0.541788,0.563135,0.003550,29271.423823,0.057000
2026-08-12,18:27:30,0.541788,0.557963,0.003510,29271.427373,0.057000
2026-08-12,18:27:31,0.562300,0.557963,0.003510,29271.430883,0.057000
2026-08-12,18:27:32,0.479274,0.549806,0.003460,29271.430883,0.057000
2026-08-12,18:27:32,0.560347,0.547678,0.003450,29271.434343,0.057000
2026-08-12,18:27:33,0.270568,0.547678,0.003450,29271.437793,0.057000
2026-08-12,18:27:34,0.270568,0.547678,0.003450,29271.437793,0.057000
2026-08-12,18:27:34,0.520950,0.546644,0.003440,29271.441243,0.057000
2026-08-12,18:27:35,0.624815,0.551848,0.003440,29271.444683,0.057000
2026-08-12,18:27:36,0.325832,0.551848,0.003480,29271.444683,0.057000
2026-08-12,18:27:36,0.325832,0.548342,0.003450,29271.448163,0.057000
2026-08-12,18:27:37,0.578961,0.548342,0.003450,29271.451613,0.057000
2026-08-12,18:27:38,0.521826,0.543216,0.003420,29271.451613,0.057000
2026-08-12,18:27:38,0.294218,0.543216,0.003420,29271.455033,0.057000
2026-08-12,18:27:39,0.469846,0.544357,0.003420,29271.458453,0.057000
2026-08-12,18:27:40,0.469846,0.541664,0.003430,29271.458453,0.057000
2026-08-12,18:27:40,0.556532,0.541664,0.003430,29271.461883,0.057000
2026-08-12,18:27:41,0.368980,0.541664,0.003410,29271.465293,0.057000
2026-08-12,18:27:42,0.380712,0.541664,0.003500,29271.465293,0.058000
2026-08-12,18:27:42,0.164252,0.541664,0.003500,29271.468793,0.058000
2026-08-12,18:27:43,0.164252,0.541664,0.003500,29271.472293,0.058000
2026-08-12,18:27:44,0.205395,0.541664,0.003500,29271.472293,0.058000
2026-08-12,18:27:44,0.308253,0.541664,0.003500,29271.475793,0.058000
2026-08-12,18:27:45,0.167248,0.541664,0.003500,29271.475793,0.058000
2026-08-12,18:27:46,0.167248,0.536514,0.003470,29271.479293,0.058000
2026-08-12,18:27:46,0.490289,0.536514,0.003470,29271.482763,0.058000
2026-08-12,18:27:47,0.167576,0.536514,0.003470,29271.482763,0.058000
2026-08-12,18:27:48,0.481780,0.528462,0.003420,29271.486233,0.058000
2026-08-12,18:27:48,0.251363,0.528462,0.003420,29271.489653,0.058000
2026-08-12,18:27:49,0.251363,0.528462,0.003420,29271.489653,0.058000
2026-08-12,18:27:50,0.586514,0.539186,0.003490,29271.493073,0.058000
2026-08-12,18:27:50,0.506000,0.533751,0.003490,29271.496563,0.058000
2026-08-12,18:27:51,0.481452,0.529801,0.003430,29271.496563,0.058000
2026-08-12,18:27:52,0.481452,0.529801,0.003430,29271.499993,0.058000
2026-08-12,18:27:52,0.565240,0.523844,0.003390,29271.503383,0.058000
2026-08-12,18:27:53,0.592733,0.525221,0.003400,29271.503383,0.058000
2026-08-12,18:27:54,0.628408,0.535879,0.003400,29271.506783,0.058000
2026-08-12,18:27:54,0.628408,0.541262,0.003470,29271.510253,0.058000
2026-08-12,18:27:55,0.523674,0.541262,0.003500,29271.510253,0.058000
2026-08-12,18:27:56,0.515606,0.537170,0.003500,29271.513753,0.058000
2026-08-12,18:27:56,0.556854,0.543826,0.003470,29271.517223,0.058000
2026-08-12,18:27:57,0.556854,0.549239,0.003550,29271.517223,0.058000
2026-08-12,18:27:58,0.535908,0.549239,0.003550,29271.520773,0.058000
2026-08-12,18:27:58,0.536230,0.544210,0.003520,29271.524293,0.058000
2026-08-12,18:27:59,0.329665,0.544210,0.003520,29271.524293,0.058000
2026-08-12,18:28:00,0.247169,0.544210,0.003520,29271.527813,0.058000
2026-08-12,18:28:00,0.247169,0.544210,0.003520,29271.531333,0.058000
2026-08-12,18:28:01,0.288739,0.544210,0.003520,29271.531333,0.058000
2026-08-12,18:28:02,0.412162,0.534827,0.003520,29271.534853,0.058000
2026-08-12,18:28:02,0.161771,0.534827,0.003460,29271.538313,0.058000
2026-08-12,18:28:03,0.161771,0.534085,0.003450,29271.538313,0.058000
2026-08-12,18:28:04,0.474035,0.534085,0.003450,29271.541763,0.058000
2026-08-12,18:28:04,0.268115,0.534085,0.003450,29271.545213,0.058000
2026-08-12,18:28:05,0.329665,0.534085,0.003450,29271.545213,0.058000
2026-08-12,18:28:06,0.556854,0.533246,0.003450,29271.548663,0.058000
2026-08-12,18:28:06,0.556854,0.524921,0.003450,29271.552113,0.058000
2026-08-12,18:28:07,0.509483,0.524921,0.003450,29271.552113,0.058000
2026-08-12,18:28:08,0.226867,0.524921,0.003400,29271.555513,0.058000
2026-08-12,18:28:08,0.164672,0.524921,0.003400,29271.558913,0.058000
2026-08-12,18:28:09,0.144370,0.524921,0.003400,29271.558913,0.058000
2026-08-12,18:28:10,0.144370,0.524921,0.003400,29271.562313,0.058000
2026-08-12,18:28:10,0.370914,0.499172,0.003230,29271.565543,0.058000
2026-08-12,18:28:11,0.247169,0.499172,0.003230,29271.565543,0.058000
2026-08-12,18:28:12,0.267793,0.499172,0.003230,29271.568773,0.058000
2026-08-12,18:28:12,0.267793,0.494240,0.003200,29271.571973,0.058000
2026-08-12,18:28:13,0.474357,0.494240,0.003200,29271.571973,0.058000
2026-08-12,18:28:14,0.499493,0.492629,0.003190,29271.575163,0.058000
2026-08-12,18:28:14,0.309363,0.492629,0.003100,29271.578263,0.057000
2026-08-12,18:28:15,0.247491,0.492629,0.003100,29271.578263,0.057000
2026-08-12,18:28:16,0.247491,0.492629,0.003100,29271.581363,0.057000
2026-08-12,18:28:16,0.344811,0.492629,0.003100,29271.584463,0.057000
2026-08-12,18:28:17,0.577156,0.494659,0.003100,29271.584463,0.057000
2026-08-12,18:28:17,0.329665,0.494659,0.003120,29271.587563,0.057000
2026-08-12,18:28:18,0.329665,0.494659,0.003120,29271.590683,0.057000
2026-08-12,18:28:19,0.288739,0.494659,0.003120,29271.590683,0.057000
2026-08-12,18:28:19,0.556854,0.496754,0.003130,29271.593803,0.057000
2026-08-12,18:28:20,0.123423,0.496754,0.003130,29271.596933,0.057000
2026-08-12,18:28:21,0.164994,0.496754,0.003130,29271.596933,0.057000
2026-08-12,18:28:21,0.164994,0.496754,0.003130,29271.600063,0.057000
2026-08-12,18:28:22,0.267793,0.496754,0.003130,29271.603193,0.057000
2026-08-12,18:28:23,0.596814,0.502812,0.003170,29271.603193,0.057000
2026-08-12,18:28:23,0.555565,0.517153,0.003260,29271.606363,0.057000
2026-08-12,18:28:24,0.555565,0.523372,0.003260,29271.609623,0.057000
2026-08-12,18:28:25,0.536230,0.523372,0.003300,29271.609623,0.057000
2026-08-12,18:28:25,0.535908,0.521278,0.003280,29271.612923,0.057000
2026-08-12,18:28:26,0.329665,0.521278,0.003280,29271.616203,0.057000
2026-08-12,18:28:27,0.288739,0.521278,0.003280,29271.616203,0.057000
2026-08-12,18:28:27,0.288739,0.521278,0.003280,29271.619483,0.057000
2026-08-12,18:28:28,0.566549,0.526984,0.003280,29271.622763,0.057000
2026-08-12,18:28:29,0.408316,0.530724,0.003340,29271.622763,0.057000
2026-08-12,18:28:29,0.550907,0.530724,0.003340,29271.626103,0.057000
2026-08-12,18:28:30,0.550907,0.530724,0.003340,29271.629443,0.057000
2026-08-12,18:28:31,0.249409,0.530724,0.003340,29271.629443,0.057000
2026-08-12,18:28:31,0.498817,0.533170,0.003360,29271.632783,0.057000
2026-08-12,18:28:32,0.518627,0.535084,0.003360,29271.636143,0.057000
2026-08-12,18:28:33,0.518627,0.535084,0.003370,29271.636143,0.057000
2026-08-12,18:28:33,0.228625,0.535084,0.003370,29271.639513,0.058000
2026-08-12,18:28:34,0.184458,0.535084,0.003370,29271.642883,0.058000
2026-08-12,18:28:35,0.498817,0.527250,0.003410,29271.642883,0.058000
2026-08-12,18:28:35,0.581629,0.529727,0.003430,29271.646293,0.058000
2026-08-12,18:28:36,0.581629,0.529727,0.003430,29271.649723,0.058000
2026-08-12,18:28:37,0.393598,0.529727,0.003430,29271.649723,0.058000
2026-08-12,18:28:37,0.540385,0.524084,0.003300,29271.653153,0.057000
2026-08-12,18:28:38,0.187056,0.524084,0.003300,29271.656453,0.057000
2026-08-12,18:28:39,0.187056,0.524084,0.003300,29271.656453,0.057000
2026-08-12,18:28:39,0.166272,0.524084,0.003300,29271.659753,0.057000
2026-08-12,18:28:40,0.280909,0.524084,0.003300,29271.663053,0.057000
2026-08-12,18:28:41,0.353329,0.524084,0.003300,29271.663053,0.057000
2026-08-12,18:28:41,0.540385,0.522566,0.003300,29271.666353,0.057000
2026-08-12,18:28:42,0.540385,0.522566,0.003290,29271.669643,0.057000
2026-08-12,18:28:43,0.447701,0.513713,0.003240,29271.669643,0.057000
2026-08-12,18:28:43,0.479274,0.508050,0.003240,29271.672883,0.058000
2026-08-12,18:28:44,0.450622,0.496457,0.003290,29271.676173,0.058000
2026-08-12,18:28:45,0.450622,0.496457,0.003210,29271.676173,0.058000
2026-08-12,18:28:45,0.603976,0.496457,0.003210,29271.679383,0.058000
2026-08-12,18:28:46,0.603976,0.496457,0.003210,29271.682593,0.058000
2026-08-12,18:28:47,0.437272,0.496457,0.003210,29271.682593,0.058000
2026-08-12,18:28:47,0.437272,0.496457,0.003210,29271.685803,0.057000
2026-08-12,18:28:48,0.533648,0.496457,0.003130,29271.688933,0.057000
2026-08-12,18:28:49,0.395596,0.496457,0.003130,29271.688933,0.057000
2026-08-12,18:28:49,0.348509,0.496457,0.003130,29271.692063,0.057000
2026-08-12,18:28:50,0.348509,0.496457,0.003130,29271.695193,0.057000
2026-08-12,18:28:51,0.430586,0.496457,0.003130,29271.695193,0.057000
2026-08-12,18:28:51,0.205194,0.496457,0.003130,29271.698323,0.057000
2026-08-12,18:28:52,0.184354,0.496457,0.003130,29271.701453,0.057000
2026-08-12,18:28:53,0.483045,0.503930,0.003170,29271.701453,0.057000
2026-08-12,18:28:53,0.483045,0.514555,0.003170,29271.704623,0.057000
2026-08-12,18:28:54,0.605068,0.514555,0.003240,29271.707863,0.057000
2026-08-12,18:28:55,0.347946,0.514555,0.003240,29271.707863,0.057000
2026-08-12,18:28:55,0.613703,0.524063,0.003240,29271.711103,0.057000
2026-08-12,18:28:56,0.229489,0.524063,0.003300,29271.714403,0.057000
2026-08-12,18:28:57,0.229489,0.524063,0.003300,29271.714403,0.057000
2026-08-12,18:28:57,0.292166,0.524063,0.003300,29271.717703,0.057000
2026-08-12,18:28:58,0.543200,0.528501,0.003330,29271.721033,0.057000
2026-08-12,18:28:59,0.145920,0.528501,0.003330,29271.721033,0.057000
2026-08-12,18:28:59,0.145920,0.528501,0.003330,29271.724363,0.057000
2026-08-12,18:29:00,0.292492,0.528501,0.003330,29271.727693,0.057000
2026-08-12,18:29:01,0.509250,0.521263,0.003280,29271.727693,0.057000
2026-08-12,18:29:01,0.605877,0.527812,0.003280,29271.730973,0.057000
2026-08-12,18:29:02,0.375735,0.527812,0.003320,29271.734293,0.057000
2026-08-12,18:29:03,0.375735,0.527812,0.003320,29271.734293,0.057000
2026-08-12,18:29:03,0.292492,0.527812,0.003320,29271.737613,0.057000
2026-08-12,18:29:04,0.125027,0.527812,0.003320,29271.740933,0.057000
2026-08-12,18:29:05,0.596577,0.533431,0.003320,29271.740933,0.057000
2026-08-12,18:29:05,0.576006,0.546262,0.003360,29271.744293,0.057000
2026-08-12,18:29:06,0.576006,0.546262,0.003440,29271.747733,0.057000
2026-08-12,18:29:07,0.205716,0.546262,0.003440,29271.747733,0.057000
2026-08-12,18:29:07,0.308253,0.546262,0.003440,29271.751173,0.058000
2026-08-12,18:29:08,0.578456,0.556180,0.003600,29271.754773,0.058000
2026-08-12,18:29:09,0.578456,0.562957,0.003600,29271.754773,0.058000
2026-08-12,18:29:09,0.518390,0.562957,0.003640,29271.758413,0.058000
2026-08-12,18:29:10,0.205514,0.562957,0.003640,29271.762053,0.058000
2026-08-12,18:29:11,0.492144,0.563867,0.003640,29271.762053,0.058000
2026-08-12,18:29:11,0.122736,0.563867,0.003650,29271.765703,0.058000
2026-08-12,18:29:12,0.122736,0.563867,0.003650,29271.769353,0.058000
2026-08-12,18:29:13,0.271983,0.563867,0.003650,29271.769353,0.058000
2026-08-12,18:29:13,0.230089,0.563867,0.003650,29271.773003,0.058000
2026-08-12,18:29:14,0.397665,0.543127,0.003510,29271.776513,0.058000
2026-08-12,18:29:15,0.397665,0.543127,0.003510,29271.776513,0.057000
2026-08-12,18:29:15,0.540419,0.543127,0.003420,29271.779933,0.057000
2026-08-12,18:29:16,0.185296,0.543127,0.003420,29271.783353,0.057000
2026-08-12,18:29:17,0.230089,0.543127,0.003420,29271.783353,0.057000
2026-08-12,18:29:17,0.185618,0.543127,0.003420,29271.786773,0.057000
2026-08-12,18:29:18,0.185618,0.543127,0.003420,29271.790193,0.057000
2026-08-12,18:29:19,0.370914,0.543127,0.003420,29271.790193,0.057000
2026-08-12,18:29:19,0.288417,0.543127,0.003420,29271.793613,0.057000
2026-08-12,18:29:20,0.337808,0.543127,0.003420,29271.797033,0.057000
2026-08-12,18:29:21,0.492144,0.530971,0.003420,29271.797033,0.057000
2026-08-12,18:29:21,0.492144,0.530971,0.003340,29271.800373,0.057000
2026-08-12,18:29:22,0.266752,0.530971,0.003340,29271.803713,0.057000
2026-08-12,18:29:23,0.574542,0.534105,0.003360,29271.803713,0.057000
2026-08-12,18:29:23,0.127361,0.534105,0.003360,29271.807073,0.057000
2026-08-12,18:29:24,0.127361,0.534105,0.003360,29271.810433,0.057000
2026-08-12,18:29:25,0.308574,0.534105,0.003360,29271.810433,0.057000
2026-08-12,18:29:25,0.452576,0.528437,0.003330,29271.813793,0.057000
2026-08-12,18:29:26,0.514291,0.519279,0.003330,29271.817123,0.057000
2026-08-12,18:29:27,0.636113,0.523233,0.003270,29271.817123,0.057000
2026-08-12,18:29:27,0.636113,0.523233,0.003240,29271.820393,0.057000
2026-08-12,18:29:28,0.493398,0.514972,0.003240,29271.823633,0.057000
2026-08-12,18:29:29,0.308574,0.514972,0.003240,29271.823633,0.057000
2026-08-12,18:29:29,0.583399,0.515466,0.003250,29271.826873,0.057000
2026-08-12,18:29:30,0.583399,0.515466,0.003250,29271.826873,0.057000
2026-08-12,18:29:31,0.207002,0.515466,0.003250,29271.830123,0.057000
2026-08-12,18:29:31,0.205716,0.515466,0.003250,29271.833373,0.057000
2026-08-12,18:29:32,0.191541,0.515466,0.003250,29271.833373,0.057000
2026-08-12,18:29:33,0.515314,0.515158,0.003240,29271.836623,0.057000
2026-08-12,18:29:33,0.515314,0.515158,0.003240,29271.839863,0.057000
2026-08-12,18:29:34,0.578638,0.523808,0.003300,29271.839863,0.057000
2026-08-12,18:29:35,0.576699,0.541711,0.003410,29271.843163,0.057000
2026-08-12,18:29:35,0.578638,0.550361,0.003410,29271.846573,0.057000
2026-08-12,18:29:36,0.578638,0.550803,0.003470,29271.846573,0.057000
2026-08-12,18:29:37,0.578961,0.550803,0.003470,29271.850043,0.057000
2026-08-12,18:29:37,0.557960,0.561341,0.003470,29271.853513,0.057000
2026-08-12,18:29:38,0.578638,0.567776,0.003540,29271.853513,0.057000
2026-08-12,18:29:39,0.578638,0.557893,0.003510,29271.857053,0.057000
2026-08-12,18:29:39,0.537283,0.557893,0.003510,29271.860563,0.057000
2026-08-12,18:29:40,0.552145,0.563767,0.003550,29271.860563,0.057000
2026-08-12,18:29:41,0.371866,0.563767,0.003550,29271.864113,0.057000
2026-08-12,18:29:41,0.371866,0.563767,0.003550,29271.867663,0.057000
2026-08-12,18:29:42,0.309834,0.563767,0.003550,29271.867663,0.057000
2026-08-12,18:29:43,0.247480,0.563767,0.003550,29271.871213,0.057000
2026-08-12,18:29:43,0.413543,0.546782,0.003550,29271.874763,0.057000
2026-08-12,18:29:44,0.454898,0.540740,0.003410,29271.874763,0.057000
2026-08-12,18:29:45,0.454898,0.540740,0.003410,29271.878173,0.057000
2026-08-12,18:29:45,0.578638,0.540740,0.003410,29271.881583,0.057000
2026-08-12,18:29:46,0.169022,0.540740,0.003410,29271.881583,0.057000
2026-08-12,18:29:47,0.369968,0.540740,0.003410,29271.884993,0.057000
2026-08-12,18:29:47,0.557041,0.538774,0.003410,29271.888403,0.057000
2026-08-12,18:29:48,0.557041,0.538774,0.003390,29271.888403,0.057000
2026-08-12,18:29:49,0.581791,0.539090,0.003390,29271.891793,0.057000
2026-08-12,18:29:49,0.129216,0.539090,0.003400,29271.895193,0.057000
2026-08-12,18:29:50,0.555113,0.536705,0.003380,29271.895193,0.057000
2026-08-12,18:29:51,0.555113,0.536705,0.003380,29271.898573,0.057000
2026-08-12,18:29:51,0.267431,0.536705,0.003380,29271.901953,0.057000
2026-08-12,18:29:52,0.472826,0.528192,0.003330,29271.901953,0.057000
2026-08-12,18:29:53,0.370838,0.507412,0.003330,29271.905283,0.057000
2026-08-12,18:29:53,0.370838,0.507412,0.003200,29271.908483,0.057000
2026-08-12,18:29:54,0.583026,0.507412,0.003200,29271.908483,0.057000
2026-08-12,18:29:55,0.287681,0.507412,0.003200,29271.911683,0.057000
2026-08-12,18:29:55,0.493719,0.503055,0.003170,29271.914853,0.057000
2026-08-12,18:29:56,0.513969,0.499238,0.003140,29271.914853,0.057000
2026-08-12,18:29:57,0.513969,0.499238,0.003140,29271.917993,0.057000
2026-08-12,18:29:57,0.596577,0.517541,0.003260,29271.921253,0.057000
2026-08-12,18:29:58,0.493719,0.521423,0.003280,29271.921253,0.057000
2026-08-12,18:29:59,0.531327,0.516692,0.003280,29271.924533,0.057000
2026-08-12,18:29:59,0.531327,0.516692,0.003250,29271.927783,0.057000
2026-08-12,18:30:00,0.288003,0.516692,0.003250,29271.927783,0.057000
2026-08-12,18:30:01,0.164252,0.516692,0.003250,29271.931033,0.057000
2026-08-12,18:30:01,0.565740,0.517562,0.003260,29271.934293,0.057000
2026-08-12,18:30:02,0.454898,0.504873,0.003180,29271.934293,0.057000
2026-08-12,18:30:03,0.454898,0.504873,0.003180,29271.937473,0.057000
2026-08-12,18:30:03,0.206449,0.504873,0.003180,29271.940653,0.057000
2026-08-12,18:30:04,0.330835,0.504873,0.003180,29271.940653,0.057000
2026-08-12,18:30:05,0.309834,0.504873,0.003180,29271.943833,0.057000
2026-08-12,18:30:05,0.309834,0.504873,0.003180,29271.947013,0.057000
2026-08-12,18:30:06,0.268480,0.504873,0.003180,29271.947013,0.057000
2026-08-12,18:30:07,0.599315,0.509293,0.003210,29271.950223,0.057000
2026-08-12,18:30:07,0.309834,0.509293,0.003210,29271.953433,0.057000
2026-08-12,18:30:08,0.392543,0.509293,0.003210,29271.953433,0.057000
2026-08-12,18:30:09,0.392543,0.509293,0.003210,29271.956643,0.057000
2026-08-12,18:30:09,0.268480,0.509293,0.003210,29271.959853,0.057000
2026-08-12,18:30:10,0.336588,0.509293,0.003210,29271.959853,0.057000
2026-08-12,18:30:11,0.315859,0.509293,0.003210,29271.963063,0.057000
2026-08-12,18:30:11,0.315859,0.509293,0.003210,29271.966273,0.057000
2026-08-12,18:30:12,0.189187,0.509293,0.003210,29271.966273,0.057000
2026-08-12,18:30:13,0.135556,0.509293,0.003210,29271.969483,0.057000
2026-08-12,18:30:13,0.123108,0.509293,0.003210,29271.972693,0.057000
2026-08-12,18:30:14,0.493398,0.511350,0.003210,29271.972693,0.057000
2026-08-12,18:30:15,0.493398,0.511350,0.003220,29271.975913,0.057000
2026-08-12,18:30:15,0.344813,0.511350,0.003220,29271.979133,0.057000
2026-08-12,18:30:16,0.516606,0.525927,0.003220,29271.979133,0.057000
2026-08-12,18:30:17,0.578638,0.534419,0.003370,29271.982353,0.057000
2026-08-12,18:30:17,0.578638,0.526411,0.003320,29271.985723,0.057000
2026-08-12,18:30:18,0.433897,0.526411,0.003320,29271.985723,0.057000
2026-08-12,18:30:19,0.545360,0.521290,0.003280,29271.989043,0.057000
2026-08-12,18:30:19,0.599315,0.531849,0.003350,29271.992323,0.057000
2026-08-12,18:30:20,0.392866,0.531849,0.003350,29271.992323,0.057000
2026-08-12,18:30:21,0.392866,0.531849,0.003350,29271.995673,0.057000
2026-08-12,18:30:21,0.537606,0.532477,0.003350,29271.999023,0.057000
2026-08-12,18:30:22,0.537606,0.529664,0.003350,29271.999023,0.057000
2026-08-12,18:30:23,0.310158,0.529664,0.003340,29272.002373,0.057000
2026-08-12,18:30:23,0.310158,0.529664,0.003340,29272.005713,0.057000
2026-08-12,18:30:24,0.578961,0.542070,0.003410,29272.005713,0.057000
2026-08-12,18:30:25,0.335703,0.542070,0.003410,29272.009123,0.057000
2026-08-12,18:30:25,0.246232,0.542070,0.003410,29272.012533,0.057000
2026-08-12,18:30:26,0.246232,0.530231,0.003410,29272.012533,0.057000
2026-08-12,18:30:27,0.480922,0.530231,0.003340,29272.015943,0.057000
2026-08-12,18:30:27,0.312570,0.530231,0.003340,29272.019283,0.057000
2026-08-12,18:30:28,0.572394,0.538131,0.003390,29272.019283,0.057000
2026-08-12,18:30:29,0.570766,0.543547,0.003420,29272.022673,0.057000
2026-08-12,18:30:29,0.570766,0.543547,0.003420,29272.026093,0.057000
2026-08-12,18:30:30,0.604302,0.546113,0.003440,29272.026093,0.057000
2026-08-12,18:30:31,0.389547,0.546113,0.003440,29272.029533,0.057000
2026-08-12,18:30:31,0.245912,0.546113,0.003440,29272.032973,0.057000
2026-08-12,18:30:32,0.245912,0.546113,0.003440,29272.032973,0.057000
2026-08-12,18:30:33,0.271983,0.546113,0.003500,29272.036413,0.057000
2026-08-12,18:30:33,0.523346,0.555058,0.003500,29272.039913,0.057000
2026-08-12,18:30:34,0.488653,0.549387,0.003460,29272.039913,0.057000
2026-08-12,18:30:35,0.241717,0.549387,0.003460,29272.043373,0.057000
2026-08-12,18:30:35,0.241717,0.549387,0.003460,29272.046833,0.057000
2026-08-12,18:30:36,0.534862,0.542942,0.003420,29272.046833,0.057000
2026-08-12,18:30:37,0.481780,0.537359,0.003380,29272.050253,0.057000
2026-08-12,18:30:37,0.481780,0.531777,0.003380,29272.053633,0.057000
2026-08-12,18:30:38,0.481780,0.531777,0.003350,29272.053633,0.057000
2026-08-12,18:30:39,0.502399,0.524120,0.003350,29272.056983,0.057000
2026-08-12,18:30:39,0.524983,0.528526,0.003330,29272.060313,0.057000
2026-08-12,18:30:40,0.533898,0.524677,0.003300,29272.060313,0.057000
2026-08-12,18:30:41,0.533898,0.524677,0.003300,29272.063613,0.057000
2026-08-12,18:30:41,0.364504,0.524677,0.003300,29272.066913,0.057000
2026-08-12,18:30:42,0.493719,0.516972,0.003260,29272.066913,0.057000
2026-08-12,18:30:43,0.279108,0.516972,0.003260,29272.070173,0.057000
2026-08-12,18:30:43,0.279108,0.512919,0.003260,29272.073433,0.057000
2026-08-12,18:30:44,0.563766,0.512919,0.003230,29272.073433,0.057000
2026-08-12,18:30:45,0.637721,0.524356,0.003230,29272.076663,0.057000
2026-08-12,18:30:45,0.513969,0.526888,0.003320,29272.079983,0.057000
2026-08-12,18:30:46,0.545930,0.527994,0.003330,29272.079983,0.057000
2026-08-12,18:30:47,0.545930,0.527994,0.003330,29272.083313,0.057000
2026-08-12,18:30:47,0.586514,0.538468,0.003390,29272.086703,0.057000
2026-08-12,18:30:48,0.432787,0.533569,0.003360,29272.086703,0.057000
2026-08-12,18:30:49,0.494982,0.532827,0.003360,29272.090063,0.057000
2026-08-12,18:30:49,0.494982,0.532827,0.003360,29272.093423,0.057000
2026-08-12,18:30:50,0.371236,0.517452,0.003260,29272.093423,0.057000
2026-08-12,18:30:51,0.315029,0.495565,0.003260,29272.096683,0.057000
2026-08-12,18:30:51,0.556854,0.495565,0.003120,29272.099803,0.057000
2026-08-12,18:30:52,0.556854,0.495565,0.003120,29272.099803,0.057000
2026-08-12,18:30:53,0.252687,0.495565,0.003120,29272.102923,0.057000
2026-08-12,18:30:53,0.493398,0.495533,0.003120,29272.106043,0.057000
2026-08-12,18:30:54,0.411433,0.480300,0.003020,29272.106043,0.057000
2026-08-12,18:30:55,0.411111,0.457639,0.003020,29272.109063,0.057000
2026-08-12,18:30:55,0.411111,0.441182,0.002880,29272.111943,0.057000
2026-08-12,18:30:56,0.349396,0.441182,0.002880,29272.111943,0.057000
2026-08-12,18:30:57,0.251695,0.411758,0.002590,29272.114533,0.057000
2026-08-12,18:30:57,0.293699,0.382477,0.002410,29272.116943,0.057000
2026-08-12,18:30:58,0.309041,0.370102,0.002410,29272.116943,0.057000
2026-08-12,18:30:59,0.309041,0.370102,0.002330,29272.119273,0.057000
2026-08-12,18:30:59,0.598103,0.370102,0.002330,29272.121603,0.057000
2026-08-12,18:31:00,0.617438,0.370102,0.002330,29272.121603,0.057000
2026-08-12,18:31:01,0.659653,0.370102,0.002330,29272.123933,0.057000
2026-08-12,18:31:01,0.659653,0.370102,0.002330,29272.126263,0.057000
2026-08-12,18:31:02,0.536230,0.370102,0.002330,29272.126263,0.057000
2026-08-12,18:31:03,0.545722,0.370102,0.002330,29272.128593,0.057000
2026-08-12,18:31:03,0.629730,0.370102,0.002330,29272.130923,0.057000
2026-08-12,18:31:04,0.629730,0.362608,0.002330,29272.130923,0.057000
2026-08-12,18:31:05,0.420039,0.362608,0.002280,29272.133203,0.057000
2026-08-12,18:31:05,0.489979,0.374482,0.002360,29272.135563,0.057000
2026-08-12,18:31:06,0.489979,0.391977,0.002360,29272.135563,0.057000
2026-08-12,18:31:07,0.489979,0.399979,0.002470,29272.138033,0.057000
2026-08-12,18:31:07,0.573422,0.399979,0.002520,29272.140553,0.057000
2026-08-12,18:31:08,0.246232,0.399979,0.002520,29272.140553,0.057000
2026-08-12,18:31:09,0.221545,0.399979,0.002520,29272.143073,0.057000
2026-08-12,18:31:09,0.546969,0.399979,0.002520,29272.145593,0.057000
2026-08-12,18:31:10,0.546969,0.399979,0.002520,29272.145593,0.057000
2026-08-12,18:31:11,0.386928,0.399979,0.002520,29272.148113,0.057000
2026-08-12,18:31:11,0.273745,0.399979,0.002520,29272.150633,0.057000
2026-08-12,18:31:12,0.515606,0.410397,0.002520,29272.150633,0.057000
2026-08-12,18:31:13,0.515606,0.424810,0.002580,29272.153213,0.057000
2026-08-12,18:31:13,0.555243,0.424810,0.002670,29272.155883,0.057000
2026-08-12,18:31:14,0.258770,0.424810,0.002670,29272.155883,0.057000
2026-08-12,18:31:15,0.144047,0.424810,0.002670,29272.158553,0.057000
2026-08-12,18:31:15,0.283261,0.424810,0.002670,29272.161223,0.057000
2026-08-12,18:31:16,0.283261,0.424810,0.002670,29272.161223,0.057000
2026-08-12,18:31:17,0.288417,0.424810,0.002670,29272.163893,0.057000
2026-08-12,18:31:17,0.577156,0.424810,0.002670,29272.166563,0.057000
2026-08-12,18:31:18,0.294540,0.424810,0.002670,29272.166563,0.057000
2026-08-12,18:31:19,0.577156,0.424810,0.002670,29272.169233,0.057000
2026-08-12,18:31:19,0.577156,0.424810,0.002670,29272.171903,0.057000
2026-08-12,18:31:20,0.123745,0.424810,0.002670,29272.171903,0.057000
2026-08-12,18:31:21,0.226544,0.424810,0.002670,29272.174573,0.057000
2026-08-12,18:31:21,0.599606,0.424810,0.002670,29272.177243,0.057000
2026-08-12,18:31:22,0.599606,0.424810,0.002670,29272.177243,0.057000
2026-08-12,18:31:23,0.230416,0.424810,0.002670,29272.179913,0.057000
2026-08-12,18:31:23,0.225392,0.424810,0.002670,29272.182583,0.057000
2026-08-12,18:31:24,0.102597,0.000000,0.000000,29272.182583,0.057000
2026-08-12,18:31:25,0.533503,0.000000,0.000000,29272.182583,0.057000
2026-08-12,18:31:25,0.533503,0.000000,0.000000,29272.182583,0.057000
2026-08-12,18:31:26,0.270568,0.000000,0.000000,29272.182583,0.057000
2026-08-12,18:31:27,0.479274,0.000000,0.000000,29272.182583,0.057000
2026-08-12,18:31:27,0.125028,0.000000,0.000000,29272.182583,0.057000
2026-08-12,18:31:28,0.125028,0.000000,0.000000,29272.182583,0.057000
2026-08-12,18:31:29,0.604302,0.000000,0.000000,29272.182583,0.057000
2026-08-12,18:31:29,0.249730,0.000000,0.000000,29272.182583,0.057000
2026-08-12,18:31:30,0.145866,0.000000,0.000000,29272.182583,0.057000
2026-08-12,18:31:31,0.624815,0.000000,0.000000,29272.182583,0.057000
2026-08-12,18:31:31,0.624815,0.000000,0.000000,29272.182583,0.057000
2026-08-12,18:31:32,0.270894,0.000000,0.000000,29272.182583,0.057000
2026-08-12,18:31:33,0.583138,0.000000,0.000000,29272.182583,0.057000
2026-08-12,18:31:33,0.532020,0.000000,0.000000,29272.182583,0.057000
2026-08-12,18:31:34,0.532020,0.000000,0.000000,29272.182583,0.057000
2026-08-12,18:31:35,0.468065,0.000000,0.000000,29272.182583,0.057000
2026-08-12,18:31:35,0.406972,0.000000,0.000000,29272.182583,0.057000
2026-08-12,18:31:36,0.623197,0.000000,0.000000,29272.182583,0.057000
2026-08-12,18:31:37,0.498492,0.000000,0.000000,29272.182583,0.057000
2026-08-12,18:31:37,0.498492,0.000000,0.000000,29272.182583,0.057000
2026-08-12,18:31:38,0.519276,0.000000,0.000000,29272.182583,0.057000
2026-08-12,18:31:39,0.507585,0.000000,0.000000,29272.182583,0.057000
2026-08-12,18:31:39,0.540385,0.000000,0.000000,29272.182583,0.057000
2026-08-12,18:31:40,0.540385,0.000000,0.000000,29272.182583,0.057000
2026-08-12,18:31:41,0.332545,0.000000,0.000000,29272.182583,0.057000
2026-08-12,18:31:41,0.332220,0.000000,0.000000,29272.182583,0.057000
2026-08-12,18:31:42,0.353329,0.000000,0.000000,29272.182583,0.057000
2026-08-12,18:31:43,0.353329,0.000000,0.000000,29272.182583,0.057000
2026-08-12,18:31:43,0.436465,0.000000,0.000000,29272.182583,0.057000
2026-08-12,18:31:44,0.498817,0.000000,0.000000,29272.182583,0.057000
2026-08-12,18:31:45,0.616702,0.000000,0.000000,29272.182583,0.057000
2026-08-12,18:31:45,0.140617,0.000000,0.000000,29272.182583,0.057000
2026-08-12,18:31:46,0.140617,0.000000,0.000000,29272.182583,0.057000
2026-08-12,18:31:46,0.207841,0.000000,0.000000,29272.182583,0.057000
2026-08-12,18:31:47,0.643981,0.000000,0.000000,29272.182583,0.057000
2026-08-12,18:31:48,0.165948,0.000000,0.000000,29272.182583,0.057000
2026-08-12,18:31:48,0.165948,0.000000,0.000000,29272.182583,0.057000
2026-08-12,18:31:49,0.220181,0.000000,0.000000,29272.182583,0.057000
2026-08-12,18:31:50,0.332220,0.000000,0.000000,29272.182583,0.057000
2026-08-12,18:31:50,0.228625,0.000000,0.000000,29272.182583,0.057000
2026-08-12,18:31:51,0.317205,0.000000,0.000000,29272.182583,0.057000
2026-08-12,18:31:52,0.317205,0.000000,0.000000,29272.182583,0.057000
2026-08-12,18:31:52,0.576006,0.000000,0.000000,29272.182583,0.057000
2026-08-12,18:31:53,0.274139,0.000000,0.000000,29272.182583,0.057000
2026-08-12,18:31:54,0.316365,0.000000,0.000000,29272.182583,0.057000
2026-08-12,18:31:54,0.570051,0.000000,0.000000,29272.182583,0.057000
2026-08-12,18:31:55,0.570051,0.000000,0.000000,29272.182583,0.057000
2026-08-12,18:31:56,0.408316,0.000000,0.000000,29272.182583,0.057000
2026-08-12,18:31:56,0.085085,0.000000,0.000000,29272.182583,0.057000
2026-08-12,18:31:57,0.186732,0.000000,0.000000,29272.182583,0.057000
2026-08-12,18:31:58,0.186732,0.000000,0.000000,29272.182583,0.057000
2026-08-12,18:31:58,0.124380,0.000000,0.000000,29272.182583,0.057000
2026-08-12,18:31:59,0.633589,0.000000,0.000000,29272.182583,0.057000
2026-08-12,18:32:00,0.436140,0.000000,0.000000,29272.182583,0.057000
2026-08-12,18:32:00,0.436140,0.000000,0.000000,29272.182583,0.057000
2026-08-12,18:32:01,0.561169,0.000000,0.000000,29272.182583,0.057000
2026-08-12,18:32:02,0.456924,0.000000,0.000000,29272.182583,0.057000
2026-08-12,18:32:02,0.561169,0.000000,0.000000,29272.182583,0.057000
2026-08-12,18:32:03,0.575134,0.000000,0.000000,29272.182583,0.057000
2026-08-12,18:32:04,0.575134,0.000000,0.000000,29272.182583,0.057000
2026-08-12,18:32:04,0.540385,0.000000,0.000000,29272.182583,0.057000
2026-08-12,18:32:05,0.561169,0.000000,0.000000,29272.182583,0.057000
2026-08-12,18:32:06,0.291953,0.000000,0.000000,29272.182583,0.057000
2026-08-12,18:32:06,0.291953,0.000000,0.000000,29272.182583,0.057000
2026-08-12,18:32:07,0.492465,0.000000,0.000000,29272.182583,0.057000
2026-08-12,18:32:08,0.554023,0.000000,0.000000,29272.182583,0.057000
2026-08-12,18:32:08,0.574221,0.000000,0.000000,29272.182583,0.057000
2026-08-12,18:32:09,0.574221,0.000000,0.000000,29272.182583,0.057000
2026-08-12,18:32:10,0.595061,0.000000,0.000000,29272.182583,0.057000
2026-08-12,18:32:10,0.616932,0.000000,0.000000,29272.182583,0.057000
2026-08-12,18:32:11,0.530299,0.000000,0.000000,29272.182583,0.057000
2026-08-12,18:32:12,0.530299,0.000000,0.000000,29272.182583,0.057000
2026-08-12,18:32:12,0.525048,0.000000,0.000000,29272.182583,0.057000
2026-08-12,18:32:13,0.596256,0.000000,0.000000,29272.182583,0.057000
2026-08-12,18:32:14,0.493398,0.000000,0.000000,29272.182583,0.057000
2026-08-12,18:32:14,0.493398,0.559485,0.000000,29272.182583,0.057000
2026-08-12,18:32:15,0.617149,0.559485,0.003520,29272.182583,0.057000
2026-08-12,18:32:16,0.534862,0.563725,0.003550,29272.186103,0.057000
2026-08-12,18:32:16,0.534541,0.561777,0.003550,29272.189653,0.057000
2026-08-12,18:32:17,0.569495,0.561304,0.003540,29272.189653,0.057000
2026-08-12,18:32:18,0.569495,0.561304,0.003540,29272.193193,0.057000
2026-08-12,18:32:18,0.523674,0.554165,0.003540,29272.196733,0.057000
2026-08-12,18:32:19,0.313877,0.554165,0.003490,29272.196733,0.057000
2026-08-12,18:32:20,0.488430,0.541315,0.003410,29272.200223,0.057000
2026-08-12,18:32:20,0.488430,0.541315,0.003410,29272.203633,0.057000
2026-08-12,18:32:21,0.602413,0.548526,0.003460,29272.203633,0.057000
2026-08-12,18:32:22,0.478033,0.543825,0.003430,29272.207093,0.057000
2026-08-12,18:32:22,0.623197,0.543825,0.003430,29272.210523,0.057000
2026-08-12,18:32:23,0.623197,0.543825,0.003430,29272.210523,0.057000
2026-08-12,18:32:24,0.605660,0.543825,0.003430,29272.213953,0.057000
2026-08-12,18:32:24,0.602737,0.543825,0.003430,29272.217383,0.057000
2026-08-12,18:32:25,0.457249,0.543825,0.003430,29272.217383,0.057000
2026-08-12,18:32:26,0.457249,0.543825,0.003430,29272.220813,0.057000
2026-08-12,18:32:26,0.498817,0.543825,0.003430,29272.224243,0.057000
2026-08-12,18:32:27,0.602413,0.543825,0.003430,29272.224243,0.057000
2026-08-12,18:32:28,0.256878,0.543825,0.003430,29272.227673,0.057000
2026-08-12,18:32:28,0.266945,0.543825,0.003430,29272.231103,0.057000
2026-08-12,18:32:29,0.266945,0.543825,0.003430,29272.231103,0.057000
2026-08-12,18:32:30,0.374113,0.543825,0.003430,29272.234533,0.057000
2026-08-12,18:32:30,0.374113,0.543825,0.003430,29272.237963,0.057000
2026-08-12,18:32:31,0.270193,0.543825,0.003430,29272.237963,0.057000
2026-08-12,18:32:32,0.540385,0.538238,0.003430,29272.241393,0.057000
2026-08-12,18:32:32,0.540385,0.538238,0.003390,29272.244783,0.057000
2026-08-12,18:32:33,0.561169,0.545015,0.003430,29272.244783,0.057000
2026-08-12,18:32:34,0.478033,0.531103,0.003430,29272.248213,0.057000
2026-08-12,18:32:34,0.457249,0.523342,0.003350,29272.251563,0.057000
2026-08-12,18:32:35,0.457249,0.523342,0.003310,29272.251563,0.057000
2026-08-12,18:32:36,0.560845,0.525973,0.003310,29272.254873,0.057000
2026-08-12,18:32:36,0.519601,0.520983,0.003280,29272.258153,0.057000
2026-08-12,18:32:37,0.478033,0.516419,0.003250,29272.258153,0.057000
2026-08-12,18:32:38,0.478033,0.523888,0.003250,29272.261403,0.057000
2026-08-12,18:32:38,0.563118,0.523888,0.003300,29272.264703,0.057000
2026-08-12,18:32:39,0.593320,0.522979,0.003290,29272.264703,0.057000
2026-08-12,18:32:40,0.561169,0.531292,0.003290,29272.267993,0.057000
2026-08-12,18:32:40,0.561169,0.531292,0.003350,29272.271343,0.057000
2026-08-12,18:32:41,0.374113,0.531292,0.003350,29272.271343,0.057000
2026-08-12,18:32:42,0.498817,0.527135,0.003320,29272.274663,0.057000
2026-08-12,18:32:42,0.436140,0.514633,0.003240,29272.277903,0.057000
2026-08-12,18:32:43,0.581629,0.514633,0.003240,29272.277903,0.057000
2026-08-12,18:32:44,0.581629,0.514633,0.003240,29272.281143,0.057000
2026-08-12,18:32:44,0.228300,0.514633,0.003240,29272.284383,0.057000
2026-08-12,18:32:45,0.286224,0.514633,0.003240,29272.284383,0.057000
2026-08-12,18:32:46,0.266076,0.514633,0.003240,29272.287623,0.057000
2026-08-12,18:32:46,0.266076,0.514633,0.003240,29272.290863,0.057000
2026-08-12,18:32:47,0.122804,0.514633,0.003240,29272.290863,0.057000
2026-08-12,18:32:48,0.425646,0.509394,0.003210,29272.294073,0.057000
2026-08-12,18:32:48,0.145164,0.509394,0.003210,29272.297283,0.057000
2026-08-12,18:32:49,0.353004,0.509394,0.003210,29272.297283,0.057000
2026-08-12,18:32:50,0.353004,0.509394,0.003210,29272.300493,0.057000
2026-08-12,18:32:50,0.394572,0.509394,0.003210,29272.303703,0.057000
2026-08-12,18:32:51,0.590834,0.522752,0.003210,29272.303703,0.057000
2026-08-12,18:32:52,0.267110,0.522752,0.003290,29272.306993,0.057000
2026-08-12,18:32:52,0.267110,0.522752,0.003290,29272.310283,0.057000
2026-08-12,18:32:53,0.267431,0.522752,0.003290,29272.310283,0.057000
2026-08-12,18:32:54,0.493398,0.516008,0.003250,29272.313533,0.057000
2026-08-12,18:32:54,0.287681,0.516008,0.003250,29272.316783,0.057000
2026-08-12,18:32:55,0.246860,0.516008,0.003250,29272.316783,0.057000
2026-08-12,18:32:56,0.246860,0.513419,0.003250,29272.320033,0.057000
2026-08-12,18:32:56,0.493719,0.513419,0.003250,29272.323283,0.057000
2026-08-12,18:32:57,0.146301,0.513419,0.003230,29272.323283,0.057000
2026-08-12,18:32:58,0.531005,0.518717,0.003270,29272.326513,0.057000
2026-08-12,18:32:58,0.083788,0.518717,0.003270,29272.329783,0.057000
2026-08-12,18:32:59,0.083788,0.518717,0.003270,29272.329783,0.057000
2026-08-12,18:33:00,0.565567,0.518962,0.003270,29272.333053,0.057000
2026-08-12,18:33:00,0.534541,0.513084,0.003270,29272.336323,0.057000
2026-08-12,18:33:01,0.542873,0.511254,0.003230,29272.336323,0.057000
2026-08-12,18:33:02,0.542873,0.511254,0.003220,29272.339553,0.057000
2026-08-12,18:33:02,0.564092,0.517782,0.003220,29272.342773,0.057000
2026-08-12,18:33:03,0.574221,0.531590,0.003350,29272.342773,0.057000
2026-08-12,18:33:04,0.331516,0.531590,0.003350,29272.346123,0.057000
2026-08-12,18:33:04,0.331516,0.531590,0.003350,29272.349473,0.057000
2026-08-12,18:33:05,0.287271,0.531590,0.003350,29272.349473,0.057000
2026-08-12,18:33:06,0.635909,0.552616,0.003480,29272.352823,0.057000
2026-08-12,18:33:06,0.468444,0.540377,0.003480,29272.356303,0.057000
2026-08-12,18:33:07,0.468444,0.546581,0.003400,29272.356303,0.057000
2026-08-12,18:33:08,0.555434,0.546581,0.003440,29272.359703,0.057000
2026-08-12,18:33:08,0.452576,0.542466,0.003440,29272.363143,0.057000
2026-08-12,18:33:09,0.569898,0.546356,0.003440,29272.363143,0.057000
2026-08-12,18:33:10,0.287681,0.546356,0.003440,29272.366583,0.057000
2026-08-12,18:33:10,0.287681,0.546356,0.003440,29272.370023,0.057000
2026-08-12,18:33:11,0.519434,0.541742,0.003410,29272.370023,0.057000
2026-08-12,18:33:12,0.555113,0.543800,0.003430,29272.373433,0.057000
2026-08-12,18:33:12,0.552220,0.544734,0.003430,29272.376863,0.057000
2026-08-12,18:33:13,0.552220,0.538205,0.003430,29272.376863,0.057000
2026-08-12,18:33:14,0.498796,0.538205,0.003370,29272.380293,0.057000
2026-08-12,18:33:14,0.536230,0.534405,0.003370,29272.383663,0.057000
2026-08-12,18:33:15,0.565233,0.527338,0.003320,29272.383663,0.057000
2026-08-12,18:33:16,0.515606,0.532054,0.003350,29272.386983,0.057000
2026-08-12,18:33:16,0.515606,0.532054,0.003350,29272.390333,0.057000
2026-08-12,18:33:17,0.123423,0.532054,0.003350,29272.390333,0.057000
2026-08-12,18:33:18,0.268115,0.532054,0.003350,29272.393683,0.057000
2026-08-12,18:33:18,0.309363,0.532054,0.003350,29272.397033,0.057000
2026-08-12,18:33:19,0.271983,0.532054,0.003350,29272.397033,0.057000
2026-08-12,18:33:20,0.271983,0.532054,0.003350,29272.400383,0.057000
2026-08-12,18:33:20,0.555113,0.532022,0.003350,29272.403733,0.057000
2026-08-12,18:33:21,0.308574,0.532022,0.003350,29272.403733,0.057000
2026-08-12,18:33:22,0.328825,0.532022,0.003350,29272.407083,0.057000
2026-08-12,18:33:22,0.328825,0.532022,0.003350,29272.410433,0.057000
2026-08-12,18:33:23,0.349396,0.532022,0.003350,29272.410433,0.057000
2026-08-12,18:33:24,0.514291,0.538193,0.003350,29272.413783,0.057000
2026-08-12,18:33:24,0.123108,0.538193,0.003390,29272.417173,0.057000
2026-08-12,18:33:25,0.309539,0.538193,0.003390,29272.417173,0.057000
2026-08-12,18:33:26,0.309539,0.538193,0.003390,29272.420563,0.057000
2026-08-12,18:33:26,0.271600,0.538193,0.003390,29272.420563,0.057000
2026-08-12,18:33:27,0.305918,0.538193,0.003390,29272.423953,0.057000
2026-08-12,18:33:28,0.285821,0.538193,0.003390,29272.427343,0.057000
2026-08-12,18:33:28,0.285821,0.538193,0.003390,29272.427343,0.057000
2026-08-12,18:33:29,0.373148,0.538193,0.003340,29272.430733,0.057000
2026-08-12,18:33:30,0.489433,0.530147,0.003340,29272.434073,0.057000
2026-08-12,18:33:30,0.559398,0.534143,0.003360,29272.434073,0.057000
2026-08-12,18:33:31,0.289902,0.534143,0.003360,29272.437433,0.057000
2026-08-12,18:33:32,0.289902,0.534143,0.003360,29272.440793,0.057000
2026-08-12,18:33:32,0.178800,0.534143,0.003360,29272.440793,0.057000
2026-08-12,18:33:33,0.269552,0.534143,0.003360,29272.444153,0.057000
2026-08-12,18:33:34,0.165844,0.534143,0.003360,29272.447513,0.057000
2026-08-12,18:33:34,0.572031,0.535835,0.003380,29272.447513,0.057000
2026-08-12,18:33:35,0.572031,0.535835,0.003380,29272.450893,0.057000
2026-08-12,18:33:36,0.331363,0.535835,0.003380,29272.454273,0.057000
2026-08-12,18:33:36,0.393554,0.535835,0.003380,29272.454273,0.057000
2026-08-12,18:33:37,0.621589,0.542772,0.003380,29272.457653,0.057000
2026-08-12,18:33:38,0.621589,0.542772,0.003420,29272.461073,0.057000
2026-08-12,18:33:38,0.165844,0.542772,0.003420,29272.461073,0.057000
2026-08-12,18:33:39,0.227711,0.542772,0.003420,29272.464493,0.057000
2026-08-12,18:33:40,0.231301,0.542772,0.003420,29272.467913,0.057000
2026-08-12,18:33:40,0.578638,0.550756,0.003470,29272.467913,0.057000
2026-08-12,18:33:41,0.578638,0.550756,0.003470,29272.471383,0.057000
2026-08-12,18:33:42,0.165417,0.550756,0.003470,29272.474853,0.057000
2026-08-12,18:33:42,0.433897,0.540523,0.003400,29272.474853,0.057000
2026-08-12,18:33:43,0.252358,0.540523,0.003400,29272.478253,0.057000
2026-08-12,18:33:44,0.252358,0.540523,0.003400,29272.481653,0.057000
2026-08-12,18:33:44,0.315530,0.540523,0.003390,29272.481653,0.057000
2026-08-12,18:33:45,0.540097,0.538009,0.003390,29272.485043,0.057000
2026-08-12,18:33:46,0.350290,0.538009,0.003390,29272.488433,0.057000
2026-08-12,18:33:46,0.483045,0.534753,0.003370,29272.488433,0.057000
2026-08-12,18:33:47,0.483045,0.529646,0.003370,29272.491803,0.057000
2026-08-12,18:33:48,0.504046,0.529646,0.003340,29272.495143,0.057000
2026-08-12,18:33:48,0.231021,0.529646,0.003340,29272.495143,0.057000
2026-08-12,18:33:49,0.167687,0.529646,0.003340,29272.498483,0.057000
2026-08-12,18:33:50,0.315029,0.529646,0.003340,29272.501823,0.057000
2026-08-12,18:33:50,0.315029,0.529646,0.003340,29272.501823,0.057000
2026-08-12,18:33:51,0.493719,0.527589,0.003320,29272.505143,0.057000
2026-08-12,18:33:52,0.733829,0.527589,0.003320,29272.508463,0.057000
2026-08-12,18:33:52,0.287681,0.527589,0.003320,29272.508463,0.057000
2026-08-12,18:33:53,0.287681,0.527589,0.003320,29272.511783,0.057000
2026-08-12,18:33:54,0.534541,0.532100,0.003350,29272.515133,0.057000
2026-08-12,18:33:54,0.493398,0.525500,0.003350,29272.515133,0.057000
2026-08-12,18:33:55,0.411433,0.509440,0.003310,29272.518443,0.057000
2026-08-12,18:33:56,0.411433,0.509440,0.003210,29272.521653,0.057000
2026-08-12,18:33:56,0.616827,0.509440,0.003210,29272.521653,0.057000
2026-08-12,18:33:57,0.411111,0.488392,0.003080,29272.524733,0.057000
2026-08-12,18:33:58,0.637399,0.488392,0.003080,29272.527813,0.057000
2026-08-12,18:33:58,0.637399,0.488392,0.003080,29272.527813,0.057000
2026-08-12,18:33:59,0.550395,0.488392,0.003080,29272.530893,0.057000
2026-08-12,18:34:00,0.260339,0.488392,0.003080,29272.533973,0.057000
2026-08-12,18:34:00,0.389547,0.469483,0.003080,29272.533973,0.057000
2026-08-12,18:34:01,0.249730,0.469483,0.002960,29272.536933,0.057000
2026-08-12,18:34:02,0.249730,0.469483,0.002960,29272.539893,0.057000
2026-08-12,18:34:02,0.437272,0.469821,0.002960,29272.539893,0.057000
2026-08-12,18:34:03,0.436296,0.459441,0.002890,29272.542853,0.057000
2026-08-12,18:34:04,0.312570,0.442393,0.002790,29272.545743,0.057000
2026-08-12,18:34:04,0.312570,0.442393,0.002790,29272.545743,0.057000
2026-08-12,18:34:05,0.594741,0.442393,0.002790,29272.548533,0.057000
2026-08-12,18:34:06,0.623276,0.442393,0.002790,29272.551323,0.057000
2026-08-12,18:34:06,0.145866,0.442393,0.002790,29272.551323,0.057000
2026-08-12,18:34:07,0.291406,0.442393,0.002790,29272.554113,0.057000
2026-08-12,18:34:07,0.291406,0.442393,0.002790,29272.556903,0.057000
2026-08-12,18:34:08,0.312570,0.442393,0.002790,29272.556903,0.057000
2026-08-12,18:34:09,0.395596,0.442393,0.002790,29272.559693,0.057000
2026-08-12,18:34:09,0.268289,0.442393,0.002790,29272.562483,0.057000
2026-08-12,18:34:10,0.630024,0.442393,0.002790,29272.562483,0.057000
2026-08-12,18:34:11,0.630024,0.442393,0.002790,29272.565273,0.057000
2026-08-12,18:34:11,0.607232,0.442393,0.002790,29272.568063,0.057000
2026-08-12,18:34:12,0.438575,0.442393,0.002790,29272.568063,0.057000
2026-08-12,18:34:13,0.599093,0.442393,0.002790,29272.570853,0.057000
2026-08-12,18:34:13,0.599093,0.442393,0.002790,29272.573643,0.057000
2026-08-12,18:34:14,0.250056,0.442393,0.002790,29272.573643,0.057000
2026-08-12,18:34:15,0.395922,0.431581,0.002720,29272.576433,0.057000
2026-08-12,18:34:15,0.500112,0.432220,0.002720,29272.579153,0.057000
2026-08-12,18:34:16,0.531833,0.431949,0.002720,29272.579153,0.057000
2026-08-12,18:34:17,0.531833,0.431949,0.002740,29272.581873,0.057000
2026-08-12,18:34:17,0.523346,0.434944,0.002740,29272.584613,0.057000
2026-08-12,18:34:18,0.362858,0.434944,0.002740,29272.584613,0.057000
2026-08-12,18:34:19,0.412162,0.434944,0.002740,29272.587353,0.057000
2026-08-12,18:34:19,0.412162,0.434944,0.002740,29272.590093,0.057000
2026-08-12,18:34:20,0.659653,0.434944,0.002740,29272.590093,0.057000
2026-08-12,18:34:21,0.595202,0.434944,0.002740,29272.592833,0.057000
2026-08-12,18:34:21,0.577156,0.434944,0.002740,29272.595573,0.057000
2026-08-12,18:34:22,0.577156,0.434944,0.002740,29272.595573,0.057000
2026-08-12,18:34:23,0.517862,0.434944,0.002740,29272.598313,0.057000
2026-08-12,18:34:23,0.508291,0.434944,0.002740,29272.601053,0.057000
2026-08-12,18:34:24,0.335151,0.427316,0.002690,29272.601053,0.057000
2026-08-12,18:34:25,0.335151,0.427316,0.002690,29272.603743,0.057000
2026-08-12,18:34:25,0.494982,0.427316,0.002690,29272.606433,0.057000
2026-08-12,18:34:26,0.598103,0.427316,0.002690,29272.606433,0.057000
2026-08-12,18:34:27,0.639029,0.427316,0.002690,29272.609123,0.057000
2026-08-12,18:34:27,0.639029,0.427316,0.002690,29272.611813,0.057000
2026-08-12,18:34:28,0.540419,0.427316,0.002690,29272.611813,0.057000
2026-08-12,18:34:29,0.536230,0.427316,0.002690,29272.614503,0.057000
2026-08-12,18:34:29,0.471135,0.427316,0.002690,29272.617193,0.057000
2026-08-12,18:34:30,0.533330,0.427316,0.002690,29272.617193,0.057000
2026-08-12,18:34:31,0.533330,0.427316,0.002690,29272.619883,0.057000
2026-08-12,18:34:31,0.597780,0.427316,0.002690,29272.622573,0.057000
2026-08-12,18:34:32,0.556854,0.427316,0.002690,29272.622573,0.057000
2026-08-12,18:34:33,0.577479,0.554534,0.002690,29272.625263,0.057000
2026-08-12,18:34:33,0.577479,0.554534,0.003490,29272.628753,0.057000
2026-08-12,18:34:34,0.517217,0.556758,0.003510,29272.628753,0.057000
2026-08-12,18:34:35,0.628408,0.559788,0.003510,29272.632263,0.057000
2026-08-12,18:34:35,0.555113,0.551396,0.003470,29272.635733,0.057000
2026-08-12,18:34:36,0.555113,0.551396,0.003470,29272.635733,0.057000
2026-08-12,18:34:37,0.616827,0.559037,0.003520,29272.639253,0.057000
2026-08-12,18:34:37,0.605877,0.566002,0.003570,29272.642823,0.057000
2026-08-12,18:34:38,0.647335,0.583622,0.003570,29272.642823,0.057000
2026-08-12,18:34:39,0.647335,0.583622,0.003680,29272.646503,0.057000
2026-08-12,18:34:39,0.353210,0.583622,0.003680,29272.650183,0.057000
2026-08-12,18:34:40,0.438738,0.583622,0.003680,29272.650183,0.057000
2026-08-12,18:34:41,0.501415,0.583622,0.003680,29272.653863,0.057000
2026-08-12,18:34:41,0.501415,0.583622,0.003680,29272.657543,0.057000
2026-08-12,18:34:42,0.375735,0.583622,0.003680,29272.657543,0.057000
2026-08-12,18:34:43,0.225898,0.583622,0.003680,29272.661223,0.057000
2026-08-12,18:34:43,0.647335,0.595022,0.003750,29272.664973,0.057000
2026-08-12,18:34:44,0.125354,0.595022,0.003750,29272.664973,0.057000
2026-08-12,18:34:45,0.125354,0.595022,0.003750,29272.668723,0.057000
2026-08-12,18:34:45,0.231121,0.595022,0.003750,29272.672473,0.057000
2026-08-12,18:34:46,0.131392,0.595022,0.003750,29272.672473,0.057000
2026-08-12,18:34:47,0.538991,0.589144,0.003710,29272.676183,0.057000
2026-08-12,18:34:47,0.124059,0.589144,0.003710,29272.679893,0.057000
2026-08-12,18:34:48,0.124059,0.589144,0.003710,29272.679893,0.057000
2026-08-12,18:34:49,0.559722,0.589430,0.003710,29272.683603,0.057000
2026-08-12,18:34:49,0.206980,0.589430,0.003710,29272.687313,0.057000
2026-08-12,18:34:50,0.508057,0.582488,0.003710,29272.687313,0.057000
2026-08-12,18:34:51,0.508057,0.582488,0.003670,29272.690983,0.057000
2026-08-12,18:34:51,0.330512,0.582488,0.003670,29272.694653,0.057000
2026-08-12,18:34:52,0.272680,0.582488,0.003670,29272.694653,0.057000
2026-08-12,18:34:53,0.223691,0.582488,0.003670,29272.698323,0.057000
2026-08-12,18:34:53,0.228035,0.582488,0.003670,29272.701993,0.057000
2026-08-12,18:34:54,0.228035,0.582488,0.003670,29272.701993,0.057000
2026-08-12,18:34:55,0.497207,0.580487,0.003660,29272.705653,0.057000
2026-08-12,18:34:55,0.485222,0.566169,0.003660,29272.709223,0.057000
2026-08-12,18:34:56,0.124383,0.566169,0.003570,29272.709223,0.057000
2026-08-12,18:34:57,0.124383,0.566169,0.003570,29272.712793,0.057000
2026-08-12,18:34:57,0.321322,0.566169,0.003570,29272.716363,0.057000
2026-08-12,18:34:58,0.380034,0.566169,0.003570,29272.716363,0.057000
2026-08-12,18:34:59,0.164672,0.566169,0.003570,29272.719933,0.057000
2026-08-12,18:34:59,0.569744,0.567632,0.003570,29272.723503,0.057000
2026-08-12,18:35:00,0.569744,0.567632,0.003580,29272.723503,0.057000
2026-08-12,18:35:01,0.618727,0.567822,0.003580,29272.727083,0.057000
2026-08-12,18:35:01,0.569721,0.564206,0.003580,29272.730663,0.057000
2026-08-12,18:35:02,0.640992,0.563572,0.003550,29272.730663,0.057000
2026-08-12,18:35:03,0.640992,0.552470,0.003480,29272.734213,0.057000
2026-08-12,18:35:03,0.536314,0.552470,0.003480,29272.737693,0.057000
2026-08-12,18:35:04,0.537606,0.552331,0.003480,29272.737693,0.057000
2026-08-12,18:35:05,0.475575,0.543917,0.003430,29272.741173,0.057000
2026-08-12,18:35:05,0.475575,0.544771,0.003430,29272.744603,0.057000
2026-08-12,18:35:06,0.516606,0.544771,0.003430,29272.744603,0.057000
2026-08-12,18:35:07,0.441041,0.539155,0.003400,29272.748033,0.057000
2026-08-12,18:35:07,0.482716,0.538904,0.003400,29272.748033,0.057000
2026-08-12,18:35:08,0.482716,0.541748,0.003390,29272.751433,0.057000
2026-08-12,18:35:09,0.598184,0.541748,0.003390,29272.754823,0.057000
2026-08-12,18:35:09,0.493398,0.529215,0.003330,29272.754823,0.057000
2026-08-12,18:35:10,0.527469,0.524990,0.003310,29272.758153,0.057000
2026-08-12,18:35:11,0.647335,0.525624,0.003310,29272.761463,0.057000
2026-08-12,18:35:11,0.647335,0.525624,0.003310,29272.761463,0.057000
2026-08-12,18:35:12,0.332798,0.525624,0.003310,29272.764773,0.057000
2026-08-12,18:35:13,0.544620,0.526455,0.003310,29272.768083,0.057000
2026-08-12,18:35:13,0.586514,0.531346,0.003320,29272.768083,0.057000
2026-08-12,18:35:14,0.586514,0.531346,0.003350,29272.771403,0.057000
2026-08-12,18:35:15,0.561640,0.539952,0.003350,29272.774753,0.057000
2026-08-12,18:35:15,0.577479,0.546040,0.003440,29272.774753,0.057000
2026-08-12,18:35:16,0.474035,0.549339,0.003460,29272.778193,0.057000
2026-08-12,18:35:17,0.474035,0.549339,0.003460,29272.781653,0.057000
2026-08-12,18:35:17,0.082497,0.549339,0.003460,29272.781653,0.057000
2026-08-12,18:35:18,0.240210,0.549339,0.003460,29272.785113,0.057000
2026-08-12,18:35:19,0.231021,0.549339,0.003460,29272.788573,0.057000
2026-08-12,18:35:19,0.294027,0.549339,0.003460,29272.788573,0.057000
2026-08-12,18:35:20,0.294027,0.549339,0.003460,29272.792033,0.057000
2026-08-12,18:35:21,0.144417,0.549339,0.003460,29272.795493,0.057000
2026-08-12,18:35:21,0.526299,0.553697,0.003490,29272.795493,0.057000
2026-08-12,18:35:22,0.206449,0.553697,0.003490,29272.798983,0.057000
2026-08-12,18:35:23,0.206449,0.553697,0.003490,29272.802473,0.057000
2026-08-12,18:35:23,0.268480,0.553697,0.003490,29272.802473,0.057000
2026-08-12,18:35:24,0.268480,0.553697,0.003490,29272.805963,0.057000
2026-08-12,18:35:25,0.391897,0.533069,0.003490,29272.809453,0.057000
2026-08-12,18:35:25,0.310158,0.514745,0.003240,29272.809453,0.057000
2026-08-12,18:35:26,0.310158,0.514745,0.003240,29272.812693,0.057000
2026-08-12,18:35:27,0.558284,0.514745,0.003240,29272.815933,0.057000
2026-08-12,18:35:27,0.248126,0.514745,0.003240,29272.815933,0.057000
2026-08-12,18:35:28,0.392543,0.501252,0.003240,29272.819173,0.057000
2026-08-12,18:35:29,0.561837,0.501252,0.003160,29272.822333,0.057000
2026-08-12,18:35:29,0.561837,0.501252,0.003160,29272.822333,0.057000
2026-08-12,18:35:30,0.210326,0.501252,0.003160,29272.825493,0.057000
2026-08-12,18:35:31,0.508057,0.487324,0.003070,29272.828563,0.057000
2026-08-12,18:35:31,0.425456,0.475408,0.002990,29272.828563,0.057000
2026-08-12,18:35:32,0.425456,0.450359,0.002990,29272.831553,0.057000
2026-08-12,18:35:33,0.336031,0.450359,0.002840,29272.834393,0.057000
2026-08-12,18:35:33,0.229381,0.450359,0.002840,29272.834393,0.057000
2026-08-12,18:35:34,0.266752,0.450359,0.002840,29272.837233,0.057000
2026-08-12,18:35:35,0.410067,0.435202,0.002840,29272.840073,0.057000
2026-08-12,18:35:35,0.410067,0.435202,0.002740,29272.840073,0.057000
2026-08-12,18:35:36,0.201026,0.435202,0.002740,29272.842813,0.057000
2026-08-12,18:35:37,0.451105,0.422565,0.002660,29272.845473,0.057000
2026-08-12,18:35:37,0.635780,0.422565,0.002660,29272.845473,0.057000
2026-08-12,18:35:38,0.635780,0.411149,0.002660,29272.848133,0.057000
2026-08-12,18:35:39,0.359874,0.411149,0.002590,29272.850723,0.057000
2026-08-12,18:35:39,0.286544,0.387173,0.002440,29272.850723,0.057000
2026-08-12,18:35:40,0.368094,0.384793,0.002440,29272.853163,0.057000
2026-08-12,18:35:41,0.354246,0.389202,0.002450,29272.855613,0.057000
2026-08-12,18:35:41,0.354246,0.389202,0.002450,29272.855613,0.057000
2026-08-12,18:35:42,0.229218,0.389202,0.002450,29272.858063,0.057000
2026-08-12,18:35:43,0.375084,0.387456,0.002440,29272.860503,0.057000
2026-08-12,18:35:43,0.208054,0.387456,0.002440,29272.860503,0.057000
2026-08-12,18:35:44,0.208054,0.386694,0.002440,29272.862943,0.057000
2026-08-12,18:35:45,0.500438,0.386694,0.002430,29272.865373,0.057000
2026-08-12,18:35:45,0.437272,0.387875,0.002430,29272.865373,0.057000
2026-08-12,18:35:46,0.361799,0.390452,0.002460,29272.867833,0.057000
2026-08-12,18:35:47,0.437272,0.393173,0.002480,29272.870313,0.057000
2026-08-12,18:35:47,0.437272,0.379319,0.002480,29272.870313,0.057000
2026-08-12,18:35:48,0.312570,0.379319,0.002390,29272.872703,0.057000
2026-08-12,18:35:49,0.491218,0.379319,0.002390,29272.875093,0.057000
2026-08-12,18:35:49,0.272697,0.370602,0.002390,29272.875093,0.057000
2026-08-12,18:35:50,0.273025,0.369250,0.002330,29272.877423,0.057000
2026-08-12,18:35:51,0.273025,0.369250,0.002320,29272.879753,0.057000
2026-08-12,18:35:51,0.146685,0.369250,0.002320,29272.879753,0.057000
2026-08-12,18:35:52,0.348034,0.367244,0.002310,29272.882073,0.057000
2026-08-12,18:35:53,0.350290,0.366848,0.002310,29272.884383,0.057000
2026-08-12,18:35:53,0.350290,0.366848,0.002310,29272.884383,0.057000
2026-08-12,18:35:54,0.565567,0.366848,0.002310,29272.886693,0.057000
2026-08-12,18:35:55,0.251036,0.366848,0.002310,29272.889003,0.057000
2026-08-12,18:35:55,0.209142,0.366848,0.002310,29272.889003,0.057000
2026-08-12,18:35:56,0.267431,0.366848,0.002310,29272.891313,0.057000
2026-08-12,18:35:57,0.267431,0.366848,0.002310,29272.893623,0.057000
2026-08-12,18:35:57,0.246860,0.366848,0.002310,29272.893623,0.057000
2026-08-12,18:35:58,0.308574,0.366848,0.002310,29272.895933,0.057000
2026-08-12,18:35:59,0.226288,0.366848,0.002310,29272.898243,0.057000
2026-08-12,18:35:59,0.143680,0.366848,0.002310,29272.898243,0.057000
2026-08-12,18:36:00,0.143680,0.366848,0.002310,29272.900553,0.057000
2026-08-12,18:36:01,0.308574,0.360197,0.002310,29272.902863,0.057000
2026-08-12,18:36:01,0.438111,0.360197,0.002270,29272.902863,0.057000
2026-08-12,18:36:02,0.308253,0.360197,0.002270,29272.905133,0.057000
2026-08-12,18:36:03,0.308253,0.353354,0.002270,29272.907403,0.057000
2026-08-12,18:36:03,0.432004,0.353354,0.002220,29272.907403,0.057000
2026-08-12,18:36:04,0.397665,0.349393,0.002200,29272.909623,0.057000
2026-08-12,18:36:05,0.272310,0.349393,0.002200,29272.911823,0.057000
2026-08-12,18:36:05,0.565567,0.349393,0.002200,29272.911823,0.057000
2026-08-12,18:36:06,0.565567,0.349393,0.002200,29272.914023,0.057000
2026-08-12,18:36:07,0.510395,0.349393,0.002200,29272.916223,0.057000
2026-08-12,18:36:07,0.562626,0.349393,0.002200,29272.916223,0.057000
2026-08-12,18:36:08,0.374758,0.350689,0.002210,29272.918423,0.057000
2026-08-12,18:36:09,0.374758,0.350689,0.002210,29272.920633,0.057000
2026-08-12,18:36:09,0.228892,0.350689,0.002210,29272.920633,0.057000
2026-08-12,18:36:10,0.509447,0.350689,0.002210,29272.922843,0.057000
2026-08-12,18:36:11,0.333082,0.340270,0.002210,29272.925053,0.057000
2026-08-12,18:36:11,0.250056,0.334019,0.002100,29272.925053,0.057000
2026-08-12,18:36:12,0.250056,0.334019,0.002100,29272.927153,0.057000
2026-08-12,18:36:13,0.166378,0.334019,0.002100,29272.929253,0.057000
2026-08-12,18:36:13,0.500112,0.334019,0.002100,29272.929253,0.057000
2026-08-12,18:36:14,0.312244,0.337973,0.002100,29272.931353,0.057000
2026-08-12,18:36:15,0.104190,0.337973,0.002130,29272.933483,0.057000
2026-08-12,18:36:15,0.104190,0.337973,0.002130,29272.933483,0.057000
2026-08-12,18:36:16,0.291732,0.339844,0.002130,29272.935613,0.057000
2026-08-12,18:36:17,0.083352,0.339844,0.002140,29272.937753,0.057000
2026-08-12,18:36:17,0.361378,0.341178,0.002150,29272.937753,0.057000
2026-08-12,18:36:18,0.361378,0.341178,0.002150,29272.939903,0.057000
2026-08-12,18:36:19,0.489492,0.341178,0.002150,29272.942053,0.057000
2026-08-12,18:36:19,0.390540,0.341178,0.002150,29272.942053,0.057000
2026-08-12,18:36:20,0.292166,0.341178,0.002150,29272.944203,0.057000
2026-08-12,18:36:21,0.491218,0.341178,0.002150,29272.946353,0.057000
2026-08-12,18:36:21,0.491218,0.341178,0.002150,29272.946353,0.057000
2026-08-12,18:36:22,0.116190,0.341178,0.002150,29272.948503,0.057000
2026-08-12,18:36:23,0.329146,0.339064,0.002130,29272.950633,0.057000
2026-08-12,18:36:23,0.143782,0.339064,0.002130,29272.950633,0.057000
2026-08-12,18:36:24,0.497531,0.339064,0.002130,29272.952763,0.057000
2026-08-12,18:36:25,0.497531,0.339064,0.002130,29272.954893,0.057000
2026-08-12,18:36:25,0.310957,0.339302,0.002140,29272.954893,0.057000
2026-08-12,18:36:26,0.310633,0.327165,0.002140,29272.957033,0.057000
2026-08-12,18:36:27,0.310633,0.318462,0.002000,29272.959033,0.057000
2026-08-12,18:36:27,0.310633,0.314122,0.002000,29272.959033,0.057000
2026-08-12,18:36:28,0.331363,0.314122,0.001980,29272.961013,0.057000
2026-08-12,18:36:29,0.518261,0.314122,0.001980,29272.962993,0.057000
2026-08-12,18:36:29,0.310957,0.311910,0.001980,29272.962993,0.057000
2026-08-12,18:36:30,0.370233,0.323927,0.001960,29272.964953,0.057000
2026-08-12,18:36:31,0.370233,0.323927,0.002040,29272.966993,0.057000
2026-08-12,18:36:31,0.270791,0.319782,0.002040,29272.966993,0.057000
2026-08-12,18:36:32,0.538668,0.319782,0.002010,29272.969003,0.057000
2026-08-12,18:36:33,0.224574,0.313066,0.001970,29272.970973,0.057000
2026-08-12,18:36:33,0.224574,0.313066,0.001970,29272.970973,0.057000
2026-08-12,18:36:34,0.449147,0.313066,0.001970,29272.972943,0.057000
2026-08-12,18:36:35,0.367484,0.313066,0.001970,29272.974913,0.057000
2026-08-12,18:36:35,0.550907,0.313066,0.001970,29272.974913,0.057000
2026-08-12,18:36:36,0.550907,0.314307,0.001970,29272.976883,0.057000
2026-08-12,18:36:37,0.373788,0.314307,0.001980,29272.978863,0.057000
2026-08-12,18:36:37,0.561169,0.314307,0.001980,29272.978863,0.057000
2026-08-12,18:36:38,0.477708,0.314307,0.001980,29272.980843,0.057000
2026-08-12,18:36:38,0.477708,0.314307,0.001980,29272.982823,0.057000
2026-08-12,18:36:39,0.457249,0.314307,0.001980,29272.982823,0.057000
2026-08-12,18:36:40,0.510395,0.314307,0.001980,29272.984803,0.057000
2026-08-12,18:36:40,0.497531,0.314307,0.001980,29272.986783,0.057000
2026-08-12,18:36:41,0.551948,0.314307,0.001980,29272.986783,0.057000
2026-08-12,18:36:42,0.551948,0.314307,0.001980,29272.988763,0.057000
2026-08-12,18:36:42,0.543850,0.314307,0.001980,29272.990743,0.057000
2026-08-12,18:36:43,0.289902,0.310383,0.001980,29272.990743,0.057000
2026-08-12,18:36:44,0.435339,0.310383,0.001950,29272.992693,0.057000
2026-08-12,18:36:44,0.435339,0.310383,0.001950,29272.994643,0.057000
2026-08-12,18:36:45,0.518261,0.310383,0.001950,29272.994643,0.057000
2026-08-12,18:36:46,0.414285,0.310383,0.001950,29272.996593,0.057000
2026-08-12,18:36:46,0.580452,0.310383,0.001950,29272.998543,0.057000
2026-08-12,18:36:47,0.580452,0.310383,0.001950,29272.998543,0.057000
2026-08-12,18:36:48,0.497531,0.310383,0.001950,29273.000493,0.057000
2026-08-12,18:36:48,0.589198,0.310383,0.001950,29273.002443,0.057000
2026-08-12,18:36:49,0.497207,0.310383,0.001950,29273.002443,0.057000
2026-08-12,18:36:50,0.497207,0.310383,0.001950,29273.004393,0.057000
2026-08-12,18:36:50,0.559722,0.310383,0.001950,29273.006343,0.057000
2026-08-12,18:36:51,0.269172,0.306204,0.001930,29273.006343,0.057000
2026-08-12,18:36:52,0.193052,0.294446,0.001850,29273.008273,0.057000
2026-08-12,18:36:52,0.331363,0.294446,0.001850,29273.010123,0.057000
2026-08-12,18:36:53,0.331363,0.294446,0.001850,29273.010123,0.057000
2026-08-12,18:36:54,0.273383,0.294446,0.001850,29273.011973,0.057000
2026-08-12,18:36:54,0.559398,0.294446,0.001850,29273.011973,0.057000
2026-08-12,18:36:55,0.279537,0.291337,0.001830,29273.013823,0.057000
2026-08-12,18:36:56,0.275650,0.285766,0.001800,29273.015653,0.057000
2026-08-12,18:36:56,0.275650,0.285766,0.001800,29273.015653,0.057000
2026-08-12,18:36:57,0.219289,0.276599,0.001740,29273.017453,0.057000
2026-08-12,18:36:58,0.442203,0.276599,0.001740,29273.019193,0.057000
2026-08-12,18:36:58,0.143124,0.276599,0.001740,29273.019193,0.057000
2026-08-12,18:36:59,0.143124,0.276599,0.001740,29273.020933,0.057000
2026-08-12,18:37:00,0.084229,0.276599,0.001740,29273.022673,0.057000
2026-08-12,18:37:00,0.231301,0.262706,0.001650,29273.022673,0.057000
2026-08-12,18:37:01,0.386925,0.262706,0.001650,29273.024323,0.057000
2026-08-12,18:37:02,0.228300,0.258457,0.001650,29273.025973,0.057000
2026-08-12,18:37:02,0.228300,0.258457,0.001630,29273.025973,0.057000
2026-08-12,18:37:03,0.204268,0.256426,0.001610,29273.027603,0.057000
2026-08-12,18:37:04,0.643981,0.256426,0.001610,29273.029213,0.057000
2026-08-12,18:37:04,0.228625,0.241910,0.001610,29273.029213,0.057000
2026-08-12,18:37:05,0.228625,0.241910,0.001520,29273.030823,0.057000
2026-08-12,18:37:06,0.124380,0.241910,0.001520,29273.032343,0.057000
2026-08-12,18:37:06,0.124704,0.241910,0.001520,29273.032343,0.057000
2026-08-12,18:37:07,0.498817,0.241910,0.001520,29273.033863,0.057000
2026-08-12,18:37:08,0.449130,0.241910,0.001520,29273.035383,0.057000
2026-08-12,18:37:08,0.449130,0.241910,0.001520,29273.035383,0.057000
2026-08-12,18:37:09,0.456924,0.241910,0.001520,29273.036903,0.057000
2026-08-12,18:37:10,0.439713,0.241910,0.001520,29273.038423,0.057000
2026-08-12,18:37:10,0.415681,0.241910,0.001520,29273.038423,0.057000
2026-08-12,18:37:11,0.415681,0.241910,0.001520,29273.039943,0.057000
2026-08-12,18:37:12,0.379704,0.241910,0.001520,29273.041463,0.057000
2026-08-12,18:37:12,0.421930,0.241910,0.001520,29273.041463,0.057000
2026-08-12,18:37:13,0.633060,0.241910,0.001520,29273.042983,0.057000
2026-08-12,18:37:14,0.633060,0.241910,0.001520,29273.044503,0.057000
2026-08-12,18:37:14,0.678922,0.241910,0.001520,29273.044503,0.057000
2026-08-12,18:37:15,0.621913,0.241910,0.001520,29273.046023,0.057000
2026-08-12,18:37:16,0.440522,0.241910,0.001520,29273.047543,0.057000
2026-08-12,18:37:16,0.440522,0.241910,0.001520,29273.047543,0.057000
2026-08-12,18:37:17,0.414609,0.241910,0.001520,29273.049063,0.057000
2026-08-12,18:37:18,0.391287,0.241910,0.001520,29273.050583,0.057000
2026-08-12,18:37:18,0.295252,0.241910,0.001520,29273.050583,0.057000
2026-08-12,18:37:19,0.577156,0.241910,0.001520,29273.052103,0.057000
2026-08-12,18:37:20,0.577156,0.241910,0.001520,29273.053623,0.057000
2026-08-12,18:37:20,0.433109,0.241910,0.001520,29273.053623,0.057000
2026-08-12,18:37:21,0.164994,0.241910,0.001520,29273.055143,0.057000
2026-08-12,18:37:22,0.515284,0.241910,0.001520,29273.056663,0.057000
2026-08-12,18:37:22,0.556532,0.241910,0.001520,29273.056663,0.057000
2026-08-12,18:37:23,0.556532,0.241910,0.001520,29273.058183,0.057000
2026-08-12,18:37:24,0.135669,0.241910,0.001520,29273.059703,0.057000
2026-08-12,18:37:24,0.536230,0.241910,0.001520,29273.059703,0.057000
2026-08-12,18:37:25,0.577479,0.241910,0.001520,29273.061223,0.057000
2026-08-12,18:37:26,0.577479,0.241910,0.001520,29273.062743,0.057000
2026-08-12,18:37:26,0.558466,0.241910,0.001520,29273.062743,0.057000
2026-08-12,18:37:27,0.556854,0.241910,0.001520,29273.064263,0.057000
2026-08-12,18:37:28,0.509805,0.241910,0.001520,29273.065783,0.057000
2026-08-12,18:37:28,0.509805,0.241910,0.001520,29273.065783,0.057000
2026-08-12,18:37:29,0.481452,0.241910,0.001520,29273.067303,0.057000
2026-08-12,18:37:30,0.502727,0.241910,0.001520,29273.068823,0.057000
2026-08-12,18:37:30,0.460505,0.241910,0.001520,29273.068823,0.057000
2026-08-12,18:37:31,0.582587,0.241910,0.001520,29273.070343,0.057000
2026-08-12,18:37:32,0.582587,0.241910,0.001520,29273.071863,0.057000
2026-08-12,18:37:32,0.586514,0.535262,0.003370,29273.071863,0.057000
2026-08-12,18:37:33,0.502399,0.531879,0.003370,29273.075233,0.057000
2026-08-12,18:37:34,0.268115,0.531879,0.003350,29273.078583,0.057000
2026-08-12,18:37:34,0.268115,0.531879,0.003340,29273.078583,0.057000
2026-08-12,18:37:35,0.556854,0.529816,0.003340,29273.081923,0.057000
2026-08-12,18:37:36,0.494982,0.523468,0.003300,29273.085223,0.057000
2026-08-12,18:37:36,0.309041,0.523468,0.003300,29273.085223,0.057000
2026-08-12,18:37:37,0.309041,0.517281,0.003300,29273.088523,0.057000
2026-08-12,18:37:38,0.494982,0.517281,0.003260,29273.091783,0.057000
2026-08-12,18:37:38,0.453411,0.511641,0.003220,29273.091783,0.057000
2026-08-12,18:37:39,0.577479,0.521244,0.003220,29273.095003,0.057000
2026-08-12,18:37:40,0.144047,0.521244,0.003280,29273.098283,0.057000
2026-08-12,18:37:40,0.144047,0.521244,0.003280,29273.098283,0.057000
2026-08-12,18:37:41,0.199153,0.521244,0.003280,29273.101563,0.057000
2026-08-12,18:37:42,0.247169,0.521244,0.003280,29273.104843,0.057000
2026-08-12,18:37:42,0.268115,0.521244,0.003280,29273.104843,0.057000
2026-08-12,18:37:43,0.164672,0.521244,0.003280,29273.108123,0.057000
2026-08-12,18:37:44,0.164672,0.521244,0.003280,29273.111403,0.057000
2026-08-12,18:37:44,0.350612,0.521244,0.003280,29273.111403,0.057000
2026-08-12,18:37:45,0.502727,0.521244,0.003280,29273.114683,0.057000
2026-08-12,18:37:46,0.515606,0.526754,0.003320,29273.118003,0.057000
2026-08-12,18:37:46,0.515606,0.526754,0.003320,29273.118003,0.057000
2026-08-12,18:37:47,0.134380,0.526754,0.003320,29273.121323,0.057000
2026-08-12,18:37:48,0.240401,0.526754,0.003320,29273.124643,0.057000
2026-08-12,18:37:48,0.556532,0.524149,0.003320,29273.124643,0.057000
2026-08-12,18:37:49,0.280683,0.524149,0.003300,29273.127943,0.057000
2026-08-12,18:37:50,0.280683,0.524149,0.003300,29273.131243,0.057000
2026-08-12,18:37:50,0.329665,0.524149,0.003300,29273.131243,0.057000
2026-08-12,18:37:51,0.371236,0.524149,0.003300,29273.134543,0.057000
2026-08-12,18:37:52,0.329665,0.524149,0.003300,29273.137843,0.057000
2026-08-12,18:37:52,0.201731,0.524149,0.003300,29273.137843,0.057000
2026-08-12,18:37:53,0.201731,0.524149,0.003300,29273.141143,0.057000
2026-08-12,18:37:54,0.350612,0.524149,0.003300,29273.144443,0.057000
2026-08-12,18:37:54,0.597780,0.525275,0.003300,29273.144443,0.057000
2026-08-12,18:37:55,0.556532,0.530688,0.003340,29273.147743,0.057000
2026-08-12,18:37:56,0.556532,0.531043,0.003340,29273.151083,0.057000
2026-08-12,18:37:56,0.560399,0.531043,0.003340,29273.151083,0.057000
2026-08-12,18:37:57,0.268115,0.531043,0.003340,29273.154423,0.057000
2026-08-12,18:37:58,0.156938,0.531043,0.003340,29273.157763,0.057000
2026-08-12,18:37:58,0.206887,0.531043,0.003340,29273.157763,0.057000
2026-08-12,18:37:59,0.206887,0.531043,0.003340,29273.161103,0.057000
2026-08-12,18:38:00,0.494982,0.531043,0.003340,29273.164443,0.057000
2026-08-12,18:38:00,0.639351,0.545480,0.003440,29273.164443,0.057000
2026-08-12,18:38:01,0.412162,0.545480,0.003440,29273.167883,0.057000
2026-08-12,18:38:02,0.412162,0.562011,0.003440,29273.171323,0.057000
2026-08-12,18:38:02,0.618727,0.562011,0.003540,29273.171323,0.057000
2026-08-12,18:38:03,0.412485,0.562011,0.003540,29273.174863,0.057000
2026-08-12,18:38:04,0.607461,0.565010,0.003540,29273.178403,0.057000
2026-08-12,18:38:04,0.607461,0.567104,0.003560,29273.178403,0.057000
2026-08-12,18:38:05,0.523674,0.567104,0.003570,29273.181963,0.057000
2026-08-12,18:38:06,0.418285,0.557372,0.003570,29273.185533,0.057000
2026-08-12,18:38:06,0.406425,0.542362,0.003420,29273.185533,0.057000
2026-08-12,18:38:07,0.370914,0.519675,0.003270,29273.188953,0.057000
2026-08-12,18:38:08,0.370914,0.519675,0.003270,29273.192223,0.057000
2026-08-12,18:38:08,0.288417,0.492863,0.003100,29273.192223,0.057000
2026-08-12,18:38:09,0.185618,0.492863,0.003100,29273.195323,0.057000
2026-08-12,18:38:10,0.391538,0.475977,0.003100,29273.198423,0.057000
2026-08-12,18:38:10,0.391538,0.455321,0.003000,29273.198423,0.057000
2026-08-12,18:38:11,0.288417,0.455321,0.003000,29273.201423,0.057000
2026-08-12,18:38:12,0.238790,0.415265,0.002610,29273.204033,0.057000
2026-08-12,18:38:12,0.082497,0.415265,0.002610,29273.204033,0.057000
2026-08-12,18:38:13,0.496915,0.403084,0.002610,29273.206643,0.057000
2026-08-12,18:38:14,0.496915,0.403084,0.002540,29273.209183,0.057000
2026-08-12,18:38:14,0.577479,0.400085,0.002520,29273.209183,0.057000
2026-08-12,18:38:15,0.205920,0.400085,0.002520,29273.211703,0.057000
2026-08-12,18:38:16,0.555565,0.400085,0.002520,29273.214223,0.057000
2026-08-12,18:38:16,0.555565,0.400085,0.002520,29273.214223,0.057000
2026-08-12,18:38:17,0.494982,0.400085,0.002520,29273.216743,0.057000
2026-08-12,18:38:18,0.515606,0.400085,0.002520,29273.219263,0.057000
2026-08-12,18:38:18,0.523662,0.400085,0.002520,29273.219263,0.057000
2026-08-12,18:38:19,0.523662,0.400085,0.002520,29273.221783,0.057000
2026-08-12,18:38:20,0.594558,0.400085,0.002520,29273.224303,0.057000
2026-08-12,18:38:20,0.510772,0.400085,0.002520,29273.224303,0.057000
2026-08-12,18:38:21,0.590834,0.400085,0.002520,29273.226823,0.057000
2026-08-12,18:38:22,0.538668,0.400085,0.002520,29273.229343,0.057000
2026-08-12,18:38:22,0.538668,0.400085,0.002520,29273.229343,0.057000
2026-08-12,18:38:23,0.518261,0.400085,0.002520,29273.231863,0.057000
2026-08-12,18:38:24,0.663050,0.550596,0.003470,29273.235333,0.057000
2026-08-12,18:38:24,0.476476,0.542687,0.003420,29273.235333,0.057000
2026-08-12,18:38:25,0.476476,0.542687,0.003420,29273.238753,0.057000
2026-08-12,18:38:26,0.538668,0.547055,0.003450,29273.242203,0.057000
2026-08-12,18:38:26,0.231274,0.547055,0.003450,29273.242203,0.057000
2026-08-12,18:38:27,0.435339,0.539029,0.003450,29273.245653,0.057000
2026-08-12,18:38:28,0.435339,0.539029,0.003400,29273.249053,0.057000
2026-08-12,18:38:28,0.269496,0.539029,0.003400,29273.249053,0.057000
2026-08-12,18:38:29,0.227711,0.539029,0.003400,29273.252453,0.057000
2026-08-12,18:38:30,0.559722,0.542635,0.003420,29273.255873,0.057000
2026-08-12,18:38:30,0.248765,0.542635,0.003420,29273.255873,0.057000
2026-08-12,18:38:31,0.248765,0.535005,0.003420,29273.259293,0.057000
2026-08-12,18:38:32,0.518261,0.535005,0.003370,29273.262663,0.057000
2026-08-12,18:38:32,0.310633,0.535005,0.003370,29273.262663,0.057000
2026-08-12,18:38:33,0.580452,0.541973,0.003410,29273.266073,0.057000
2026-08-12,18:38:34,0.580452,0.542976,0.003420,29273.269493,0.057000
2026-08-12,18:38:34,0.600859,0.542976,0.003420,29273.269493,0.057000
2026-08-12,18:38:35,0.497531,0.538862,0.003390,29273.272883,0.057000
2026-08-12,18:38:36,0.663050,0.538862,0.003390,29273.276273,0.057000
2026-08-12,18:38:36,0.559398,0.538862,0.003390,29273.276273,0.057000
2026-08-12,18:38:37,0.559398,0.538862,0.003390,29273.279663,0.057000
2026-08-12,18:38:38,0.372500,0.538862,0.003390,29273.283053,0.057000
2026-08-12,18:38:38,0.559722,0.543008,0.003390,29273.283053,0.057000
2026-08-12,18:38:39,0.478420,0.524545,0.003300,29273.286353,0.057000
2026-08-12,18:38:40,0.478420,0.524545,0.003300,29273.289723,0.057000
2026-08-12,18:38:40,0.580452,0.534943,0.003370,29273.289723,0.057000
2026-08-12,18:38:41,0.542231,0.535299,0.003370,29273.293093,0.057000
2026-08-12,18:38:42,0.248765,0.535299,0.003370,29273.296463,0.057000
2026-08-12,18:38:42,0.248765,0.547737,0.003370,29273.296463,0.057000
2026-08-12,18:38:43,0.559722,0.547737,0.003450,29273.299913,0.057000
2026-08-12,18:38:44,0.538991,0.545664,0.003450,29273.303353,0.057000
2026-08-12,18:38:44,0.580128,0.551851,0.003440,29273.303353,0.057000
2026-08-12,18:38:45,0.580128,0.549519,0.003460,29273.306793,0.057000
2026-08-12,18:38:46,0.557131,0.549519,0.003460,29273.310253,0.057000
2026-08-12,18:38:46,0.580128,0.547446,0.003450,29273.310253,0.057000
2026-08-12,18:38:47,0.463260,0.544019,0.003430,29273.313703,0.057000
2026-08-12,18:38:48,0.463260,0.525170,0.003430,29273.317133,0.057000
2026-08-12,18:38:48,0.371236,0.525170,0.003310,29273.317133,0.057000
2026-08-12,18:38:49,0.481780,0.525506,0.003310,29273.320443,0.057000
2026-08-12,18:38:50,0.481780,0.515639,0.003310,29273.323753,0.057000
2026-08-12,18:38:50,0.502727,0.511688,0.003250,29273.323753,0.057000
2026-08-12,18:38:51,0.502727,0.511688,0.003160,29273.327003,0.057000
2026-08-12,18:38:52,0.463124,0.502029,0.003160,29273.330163,0.057000
2026-08-12,18:38:52,0.551137,0.503243,0.003170,29273.330163,0.057000
2026-08-12,18:38:53,0.512984,0.496529,0.003130,29273.333333,0.057000
2026-08-12,18:38:54,0.512984,0.496529,0.003130,29273.333333,0.057000
2026-08-12,18:38:54,0.471945,0.488010,0.003070,29273.336463,0.057000
2026-08-12,18:38:55,0.615260,0.488010,0.003070,29273.339533,0.057000
2026-08-12,18:38:56,0.459631,0.488010,0.003070,29273.339533,0.057000
2026-08-12,18:38:56,0.459631,0.488010,0.003070,29273.342603,0.057000
2026-08-12,18:38:57,0.501415,0.488010,0.003070,29273.345673,0.057000
2026-08-12,18:38:58,0.396627,0.488010,0.003070,29273.345673,0.057000
2026-08-12,18:38:58,0.660719,0.488010,0.003070,29273.348743,0.057000
2026-08-12,18:38:59,0.660719,0.488010,0.003070,29273.351813,0.057000
2026-08-12,18:39:00,0.542873,0.488010,0.003070,29273.351813,0.057000
2026-08-12,18:39:00,0.543200,0.488010,0.003070,29273.354883,0.057000
2026-08-12,18:39:01,0.502394,0.488010,0.003070,29273.357953,0.057000
2026-08-12,18:39:02,0.104461,0.488010,0.003070,29273.357953,0.057000
2026-08-12,18:39:02,0.104461,0.488010,0.003070,29273.361023,0.057000
2026-08-12,18:39:03,0.145920,0.488010,0.003070,29273.364093,0.057000
2026-08-12,18:39:04,0.188031,0.488010,0.003070,29273.364093,0.057000
2026-08-12,18:39:04,0.333950,0.488010,0.003070,29273.367163,0.057000
2026-08-12,18:39:05,0.409028,0.488010,0.003070,29273.370233,0.057000
2026-08-12,18:39:06,0.409028,0.488010,0.003070,29273.370233,0.057000
2026-08-12,18:39:06,0.327479,0.488010,0.003070,29273.373303,0.057000
2026-08-12,18:39:07,0.307481,0.488010,0.003070,29273.376373,0.057000
2026-08-12,18:39:08,0.411433,0.471141,0.002970,29273.376373,0.057000
2026-08-12,18:39:08,0.411433,0.455640,0.002870,29273.379343,0.057000
2026-08-12,18:39:09,0.308253,0.455640,0.002870,29273.382213,0.057000
2026-08-12,18:39:10,0.493398,0.455640,0.002870,29273.382213,0.057000
2026-08-12,18:39:10,0.226288,0.455640,0.002870,29273.385083,0.057000
2026-08-12,18:39:11,0.514291,0.469945,0.002870,29273.387953,0.057000
2026-08-12,18:39:12,0.514291,0.469945,0.002960,29273.387953,0.057000
2026-08-12,18:39:12,0.377045,0.459472,0.002960,29273.390913,0.057000
2026-08-12,18:39:13,0.267793,0.438073,0.002760,29273.393673,0.057000
2026-08-12,18:39:14,0.257481,0.413549,0.002600,29273.393673,0.057000
2026-08-12,18:39:14,0.257481,0.388086,0.002600,29273.396273,0.057000
2026-08-12,18:39:15,0.208498,0.388086,0.002440,29273.398713,0.057000
2026-08-12,18:39:16,0.288739,0.388086,0.002440,29273.398713,0.057000
2026-08-12,18:39:16,0.206242,0.388086,0.002440,29273.401153,0.057000
2026-08-12,18:39:17,0.123101,0.388086,0.002440,29273.403593,0.057000
2026-08-12,18:39:18,0.123101,0.363876,0.002290,29273.403593,0.057000
2026-08-12,18:39:18,0.309041,0.363876,0.002290,29273.405883,0.057000
2026-08-12,18:39:19,0.556854,0.363876,0.002290,29273.408173,0.057000
2026-08-12,18:39:20,0.267793,0.339357,0.002140,29273.408173,0.057000
2026-08-12,18:39:20,0.515606,0.339357,0.002140,29273.410313,0.057000
2026-08-12,18:39:21,0.515606,0.339357,0.002140,29273.412453,0.057000
2026-08-12,18:39:22,0.314842,0.323647,0.002040,29273.412453,0.057000
2026-08-12,18:39:22,0.433109,0.323647,0.002040,29273.414493,0.057000
2026-08-12,18:39:23,0.412485,0.323647,0.002040,29273.416533,0.057000
2026-08-12,18:39:24,0.412485,0.309315,0.001950,29273.416533,0.057000
2026-08-12,18:39:24,0.268115,0.309315,0.001950,29273.418483,0.057000
2026-08-12,18:39:25,0.167576,0.309315,0.001950,29273.420433,0.057000
2026-08-12,18:39:26,0.565567,0.309315,0.001950,29273.420433,0.057000
2026-08-12,18:39:26,0.470751,0.309315,0.001950,29273.422383,0.057000
2026-08-12,18:39:27,0.470751,0.309315,0.001950,29273.424333,0.057000
2026-08-12,18:39:28,0.511365,0.309315,0.001950,29273.424333,0.057000
2026-08-12,18:39:28,0.519601,0.309315,0.001950,29273.426283,0.057000
2026-08-12,18:39:29,0.332545,0.311744,0.001960,29273.428243,0.057000
2026-08-12,18:39:30,0.332545,0.311744,0.001960,29273.428243,0.057000
2026-08-12,18:39:30,0.510076,0.311744,0.001960,29273.430203,0.057000
2026-08-12,18:39:31,0.524720,0.311744,0.001960,29273.432163,0.057000
2026-08-12,18:39:32,0.493719,0.311744,0.001960,29273.432163,0.057000
2026-08-12,18:39:32,0.493719,0.311744,0.001960,29273.434123,0.057000
2026-08-12,18:39:33,0.399037,0.311744,0.001960,29273.436083,0.057000
2026-08-12,18:39:34,0.618727,0.311744,0.001960,29273.436083,0.057000
2026-08-12,18:39:34,0.185296,0.311744,0.001960,29273.438043,0.057000
2026-08-12,18:39:35,0.185296,0.311744,0.001960,29273.440003,0.057000
2026-08-12,18:39:36,0.123745,0.311744,0.001960,29273.440003,0.057000
2026-08-12,18:39:36,0.309041,0.291219,0.001830,29273.441833,0.057000
2026-08-12,18:39:37,0.116978,0.291219,0.001830,29273.443663,0.057000
2026-08-12,18:39:38,0.577156,0.291219,0.001830,29273.443663,0.057000
2026-08-12,18:39:38,0.577156,0.291219,0.001830,29273.445493,0.057000
2026-08-12,18:39:39,0.391538,0.291219,0.001830,29273.447323,0.057000
2026-08-12,18:39:40,0.247491,0.278264,0.001830,29273.447323,0.057000
2026-08-12,18:39:40,0.556532,0.278264,0.001750,29273.449153,0.057000
2026-08-12,18:39:41,0.185618,0.278264,0.001750,29273.450903,0.057000
2026-08-12,18:39:42,0.185618,0.278264,0.001750,29273.450903,0.057000
2026-08-12,18:39:42,0.538164,0.278264,0.001750,29273.452653,0.057000
2026-08-12,18:39:43,0.633060,0.278264,0.001750,29273.454403,0.057000
2026-08-12,18:39:44,0.435015,0.278264,0.001750,29273.454403,0.057000
2026-08-12,18:39:44,0.435015,0.278264,0.001750,29273.456153,0.057000
2026-08-12,18:39:45,0.372824,0.278264,0.001750,29273.457903,0.057000
2026-08-12,18:39:46,0.393878,0.278264,0.001750,29273.457903,0.057000
2026-08-12,18:39:46,0.559722,0.278264,0.001750,29273.459653,0.057000
2026-08-12,18:39:47,0.559722,0.278264,0.001750,29273.461403,0.057000
2026-08-12,18:39:48,0.455746,0.278264,0.001750,29273.461403,0.057000
2026-08-12,18:39:48,0.352094,0.278264,0.001750,29273.463153,0.057000
2026-08-12,18:39:49,0.621589,0.278264,0.001750,29273.464903,0.057000
2026-08-12,18:39:50,0.621589,0.278264,0.001750,29273.464903,0.057000
2026-08-12,18:39:50,0.559722,0.278264,0.001750,29273.466653,0.057000
2026-08-12,18:39:51,0.305149,0.282000,0.001770,29273.468403,0.057000
2026-08-12,18:39:52,0.366561,0.292908,0.001770,29273.468403,0.057000
2026-08-12,18:39:52,0.355771,0.307635,0.001940,29273.470173,0.057000
2026-08-12,18:39:53,0.355771,0.307635,0.001940,29273.472113,0.057000
2026-08-12,18:39:54,0.326334,0.309364,0.001950,29273.472113,0.057000
2026-08-12,18:39:54,0.500112,0.309364,0.001950,29273.474063,0.057000
2026-08-12,18:39:55,0.312244,0.313809,0.001950,29273.476013,0.057000
2026-08-12,18:39:56,0.312244,0.313809,0.001970,29273.476013,0.057000
2026-08-12,18:39:56,0.562626,0.313809,0.001970,29273.477983,0.057000
2026-08-12,18:39:57,0.184674,0.313809,0.001970,29273.479953,0.057000
2026-08-12,18:39:58,0.082077,0.313809,0.001970,29273.479953,0.057000
2026-08-12,18:39:58,0.337287,0.316054,0.001990,29273.481923,0.057000
2026-08-12,18:39:59,0.337287,0.316054,0.001990,29273.483913,0.057000
2026-08-12,18:40:00,0.225050,0.316054,0.001990,29273.483913,0.057000
2026-08-12,18:40:00,0.412632,0.316054,0.001990,29273.485903,0.057000
2026-08-12,18:40:01,0.549729,0.316054,0.001990,29273.487893,0.057000
2026-08-12,18:40:02,0.584984,0.316054,0.001990,29273.487893,0.057000
2026-08-12,18:40:02,0.584984,0.316054,0.001990,29273.489883,0.057000
2026-08-12,18:40:03,0.521981,0.316054,0.001990,29273.491873,0.057000
2026-08-12,18:40:04,0.137432,0.316054,0.001990,29273.491873,0.057000
2026-08-12,18:40:04,0.432004,0.316054,0.001990,29273.493863,0.057000
2026-08-12,18:40:05,0.432004,0.316054,0.001990,29273.495853,0.057000
2026-08-12,18:40:06,0.534541,0.316054,0.001990,29273.495853,0.057000
2026-08-12,18:40:06,0.267110,0.315953,0.001990,29273.497843,0.057000
2026-08-12,18:40:07,0.169352,0.315953,0.001990,29273.499833,0.057000
2026-08-12,18:40:07,0.592734,0.315953,0.001990,29273.499833,0.057000
2026-08-12,18:40:08,0.592734,0.315953,0.001990,29273.501823,0.057000
2026-08-12,18:40:09,0.083136,0.315953,0.001990,29273.503813,0.057000
2026-08-12,18:40:09,0.166272,0.315953,0.001990,29273.503813,0.057000
2026-08-12,18:40:10,0.262074,0.308906,0.001990,29273.505803,0.057000
2026-08-12,18:40:11,0.083136,0.308906,0.001940,29273.507743,0.057000
2026-08-12,18:40:11,0.083136,0.308906,0.001940,29273.507743,0.057000
2026-08-12,18:40:12,0.103920,0.308906,0.001940,29273.509683,0.057000
2026-08-12,18:40:13,0.540061,0.308906,0.001940,29273.511623,0.057000
2026-08-12,18:40:13,0.249084,0.302910,0.001910,29273.511623,0.057000
2026-08-12,18:40:14,0.249084,0.302910,0.001910,29273.513533,0.057000
2026-08-12,18:40:15,0.540385,0.302910,0.001910,29273.515443,0.057000
2026-08-12,18:40:15,0.540385,0.302910,0.001910,29273.515443,0.057000
2026-08-12,18:40:16,0.540061,0.302910,0.001910,29273.517353,0.057000
2026-08-12,18:40:17,0.415681,0.302910,0.001910,29273.519263,0.057000
2026-08-12,18:40:17,0.415681,0.302910,0.001910,29273.519263,0.057000
2026-08-12,18:40:18,0.124704,0.302910,0.001910,29273.521173,0.057000
2026-08-12,18:40:19,0.477384,0.302910,0.001910,29273.523083,0.057000
2026-08-12,18:40:19,0.207516,0.302910,0.001910,29273.523083,0.057000
2026-08-12,18:40:20,0.207516,0.302910,0.001910,29273.524993,0.057000
2026-08-12,18:40:21,0.528045,0.302910,0.001910,29273.526903,0.057000
2026-08-12,18:40:21,0.228625,0.301024,0.001890,29273.526903,0.057000
2026-08-12,18:40:22,0.478033,0.301024,0.001890,29273.528793,0.057000
2026-08-12,18:40:23,0.456924,0.301024,0.001890,29273.530683,0.057000
2026-08-12,18:40:23,0.456924,0.301024,0.001890,29273.530683,0.057000
2026-08-12,18:40:24,0.436140,0.301024,0.001890,29273.532573,0.057000
2026-08-12,18:40:25,0.270193,0.297528,0.001870,29273.534443,0.057000
2026-08-12,18:40:25,0.239991,0.284871,0.001870,29273.534443,0.057000
2026-08-12,18:40:26,0.601114,0.284871,0.001790,29273.536233,0.057000
2026-08-12,18:40:27,0.601114,0.284871,0.001790,29273.538023,0.057000
2026-08-12,18:40:27,0.654173,0.284871,0.001790,29273.538023,0.057000
2026-08-12,18:40:28,0.358591,0.285153,0.001790,29273.539813,0.057000
2026-08-12,18:40:29,0.172118,0.285153,0.001790,29273.541603,0.057000
2026-08-12,18:40:29,0.172118,0.285153,0.001790,29273.541603,0.057000
2026-08-12,18:40:30,0.394572,0.285153,0.001790,29273.543393,0.057000
2026-08-12,18:40:31,0.540061,0.285153,0.001790,29273.545183,0.057000
2026-08-12,18:40:31,0.564417,0.285153,0.001790,29273.545183,0.057000
2026-08-12,18:40:32,0.290652,0.281585,0.001790,29273.546973,0.057000
2026-08-12,18:40:33,0.290652,0.281585,0.001760,29273.548733,0.057000
2026-08-12,18:40:33,0.290977,0.279458,0.001760,29273.548733,0.057000
2026-08-12,18:40:34,0.288782,0.274608,0.001730,29273.550463,0.057000
2026-08-12,18:40:35,0.081870,0.274608,0.001730,29273.552193,0.057000
2026-08-12,18:40:35,0.081870,0.274608,0.001730,29273.552193,0.057000
2026-08-12,18:40:36,0.373788,0.274608,0.001730,29273.553923,0.057000
2026-08-12,18:40:37,0.236419,0.271539,0.001710,29273.555633,0.057000
2026-08-12,18:40:37,0.289353,0.274267,0.001710,29273.555633,0.057000
2026-08-12,18:40:38,0.533241,0.274267,0.001730,29273.557363,0.057000
2026-08-12,18:40:39,0.533241,0.278423,0.001730,29273.559113,0.057000
2026-08-12,18:40:39,0.290652,0.278423,0.001750,29273.559113,0.057000
2026-08-12,18:40:40,0.249409,0.280502,0.001760,29273.560873,0.057000
2026-08-12,18:40:41,0.457249,0.280502,0.001760,29273.562633,0.057000
2026-08-12,18:40:41,0.239666,0.277449,0.001760,29273.562633,0.057000
2026-08-12,18:40:42,0.239666,0.277449,0.001750,29273.564383,0.057000
2026-08-12,18:40:43,0.644306,0.277449,0.001750,29273.566133,0.057000
2026-08-12,18:40:43,0.415356,0.277449,0.001750,29273.566133,0.057000
2026-08-12,18:40:44,0.311436,0.277449,0.001750,29273.567883,0.057000
2026-08-12,18:40:45,0.311436,0.277449,0.001750,29273.569633,0.057000
2026-08-12,18:40:45,0.556018,0.277449,0.001750,29273.569633,0.057000
2026-08-12,18:40:46,0.522796,0.277449,0.001750,29273.571383,0.057000
2026-08-12,18:40:47,0.559398,0.277449,0.001750,29273.573133,0.057000
2026-08-12,18:40:47,0.559398,0.277449,0.001750,29273.573133,0.057000
2026-08-12,18:40:48,0.601183,0.277449,0.001750,29273.574883,0.057000
2026-08-12,18:40:49,0.538991,0.277449,0.001750,29273.576633,0.057000
2026-08-12,18:40:49,0.525387,0.277449,0.001750,29273.576633,0.057000
2026-08-12,18:40:50,0.525387,0.277449,0.001750,29273.578383,0.057000
2026-08-12,18:40:51,0.497531,0.277449,0.001750,29273.580133,0.057000
2026-08-12,18:40:51,0.538991,0.277449,0.001750,29273.580133,0.057000
2026-08-12,18:40:52,0.538991,0.277449,0.001750,29273.581883,0.057000
2026-08-12,18:40:53,0.538991,0.535576,0.001750,29273.583633,0.057000
2026-08-12,18:40:53,0.476476,0.535576,0.003370,29273.583633,0.057000
2026-08-12,18:40:54,0.290226,0.535576,0.003370,29273.587003,0.057000
2026-08-12,18:40:55,0.558426,0.535817,0.003370,29273.590373,0.057000
2026-08-12,18:40:55,0.580128,0.541550,0.003410,29273.590373,0.057000
2026-08-12,18:40:56,0.580128,0.541550,0.003410,29273.593783,0.057000
2026-08-12,18:40:57,0.290226,0.541550,0.003410,29273.597193,0.057000
2026-08-12,18:40:57,0.600859,0.545696,0.003440,29273.597193,0.057000
2026-08-12,18:40:58,0.600859,0.545664,0.003440,29273.600633,0.057000
2026-08-12,18:40:59,0.600859,0.545664,0.003440,29273.604073,0.057000
2026-08-12,18:40:59,0.353389,0.545664,0.003440,29273.604073,0.057000
2026-08-12,18:41:00,0.207304,0.545664,0.003440,29273.607513,0.057000
2026-08-12,18:41:01,0.621589,0.553924,0.003440,29273.610953,0.057000
2026-08-12,18:41:01,0.621589,0.546992,0.003450,29273.610953,0.057000
2026-08-12,18:41:02,0.456070,0.546992,0.003450,29273.614403,0.057000
2026-08-12,18:41:03,0.393878,0.536627,0.003380,29273.617783,0.057000
2026-08-12,18:41:03,0.571323,0.536627,0.003380,29273.617783,0.057000
2026-08-12,18:41:04,0.616940,0.536627,0.003380,29273.621163,0.057000
2026-08-12,18:41:05,0.616940,0.536627,0.003380,29273.624543,0.057000
2026-08-12,18:41:05,0.265086,0.536627,0.003380,29273.624543,0.057000
2026-08-12,18:41:06,0.498817,0.532609,0.003380,29273.627923,0.057000
2026-08-12,18:41:07,0.269868,0.532609,0.003350,29273.631273,0.057000
2026-08-12,18:41:07,0.206217,0.532609,0.003350,29273.631273,0.057000
2026-08-12,18:41:08,0.206217,0.532609,0.003350,29273.634623,0.057000
2026-08-12,18:41:09,0.456924,0.524403,0.003300,29273.637923,0.057000
2026-08-12,18:41:09,0.306691,0.524403,0.003300,29273.637923,0.057000
2026-08-12,18:41:10,0.583902,0.535145,0.003300,29273.641223,0.057000
2026-08-12,18:41:11,0.583902,0.535145,0.003370,29273.641223,0.057000
2026-08-12,18:41:11,0.373788,0.535145,0.003370,29273.644593,0.057000
2026-08-12,18:41:12,0.567043,0.536007,0.003380,29273.647973,0.057000
2026-08-12,18:41:13,0.557454,0.533740,0.003360,29273.647973,0.057000
2026-08-12,18:41:13,0.227711,0.533740,0.003360,29273.651333,0.057000
2026-08-12,18:41:14,0.227711,0.533740,0.003360,29273.654693,0.057000
2026-08-12,18:41:15,0.297619,0.533740,0.003360,29273.654693,0.057000
2026-08-12,18:41:15,0.453733,0.519027,0.003360,29273.658053,0.057000
2026-08-12,18:41:16,0.433109,0.502252,0.003270,29273.661323,0.057000
2026-08-12,18:41:17,0.433109,0.502252,0.003160,29273.661323,0.057000
2026-08-12,18:41:17,0.226867,0.502252,0.003160,29273.664483,0.057000
2026-08-12,18:41:18,0.556854,0.495779,0.003120,29273.667603,0.057000
2026-08-12,18:41:19,0.137925,0.495779,0.003120,29273.667603,0.057000
2026-08-12,18:41:19,0.474357,0.497607,0.003120,29273.670723,0.057000
2026-08-12,18:41:20,0.474357,0.505655,0.003130,29273.673853,0.057000
2026-08-12,18:41:21,0.474357,0.505655,0.003180,29273.673853,0.057000
2026-08-12,18:41:21,0.309041,0.505655,0.003180,29273.677033,0.057000
2026-08-12,18:41:22,0.329665,0.505655,0.003180,29273.680213,0.057000
2026-08-12,18:41:23,0.432787,0.499052,0.003140,29273.680213,0.057000
2026-08-12,18:41:23,0.432787,0.499052,0.003140,29273.683353,0.057000
2026-08-12,18:41:24,0.123745,0.499052,0.003140,29273.686493,0.057000
2026-08-12,18:41:25,0.391538,0.492514,0.003100,29273.686493,0.057000
2026-08-12,18:41:25,0.597780,0.492514,0.003100,29273.689593,0.057000
2026-08-12,18:41:26,0.597780,0.492514,0.003100,29273.692693,0.057000
2026-08-12,18:41:27,0.247491,0.492514,0.003100,29273.692693,0.057000
2026-08-12,18:41:27,0.391860,0.473309,0.002980,29273.695673,0.057000
2026-08-12,18:41:28,0.535908,0.473309,0.002980,29273.698653,0.057000
2026-08-12,18:41:29,0.535908,0.473309,0.002980,29273.698653,0.057000
2026-08-12,18:41:29,0.474357,0.473309,0.002980,29273.701633,0.057000
2026-08-12,18:41:30,0.391538,0.473309,0.002980,29273.704613,0.057000
2026-08-12,18:41:31,0.474357,0.473309,0.002980,29273.704613,0.057000
2026-08-12,18:41:31,0.474357,0.473309,0.002980,29273.707593,0.057000
2026-08-12,18:41:32,0.577479,0.473309,0.002980,29273.710573,0.057000
2026-08-12,18:41:33,0.577479,0.473309,0.002980,29273.710573,0.057000
2026-08-12,18:41:33,0.536230,0.473309,0.002980,29273.713553,0.057000
2026-08-12,18:41:34,0.598103,0.473309,0.002980,29273.716533,0.057000
2026-08-12,18:41:35,0.598103,0.473309,0.002980,29273.716533,0.057000
2026-08-12,18:41:35,0.586514,0.473309,0.002980,29273.719513,0.057000
2026-08-12,18:41:36,0.574687,0.532665,0.003360,29273.722493,0.057000
2026-08-12,18:41:37,0.490898,0.528164,0.003360,29273.722493,0.057000
2026-08-12,18:41:37,0.490898,0.528164,0.003330,29273.725853,0.057000
2026-08-12,18:41:38,0.170135,0.528164,0.003330,29273.729183,0.057000
2026-08-12,18:41:39,0.225142,0.528164,0.003330,29273.729183,0.057000
2026-08-12,18:41:39,0.368094,0.528164,0.003330,29273.732513,0.057000
2026-08-12,18:41:40,0.205775,0.528164,0.003330,29273.735843,0.057000
2026-08-12,18:41:41,0.205775,0.528164,0.003330,29273.735843,0.057000
2026-08-12,18:41:41,0.291406,0.528164,0.003330,29273.739173,0.057000
2026-08-12,18:41:42,0.353920,0.528164,0.003330,29273.742503,0.057000
2026-08-12,18:41:43,0.354246,0.528164,0.003330,29273.742503,0.057000
2026-08-12,18:41:43,0.312244,0.528164,0.003330,29273.745833,0.057000
2026-08-12,18:41:44,0.312244,0.528164,0.003330,29273.749163,0.057000
2026-08-12,18:41:45,0.593555,0.540084,0.003400,29273.749163,0.057000
2026-08-12,18:41:45,0.409028,0.540084,0.003400,29273.752563,0.057000
2026-08-12,18:41:46,0.315859,0.540084,0.003400,29273.755963,0.057000
2026-08-12,18:41:47,0.315859,0.540084,0.003400,29273.755963,0.057000
2026-08-12,18:41:47,0.409746,0.540084,0.003400,29273.759363,0.057000
2026-08-12,18:41:48,0.645398,0.565470,0.003400,29273.762763,0.057000
2026-08-12,18:41:49,0.164155,0.565470,0.003560,29273.762763,0.057000
2026-08-12,18:41:49,0.204873,0.565470,0.003560,29273.766323,0.057000
2026-08-12,18:41:50,0.204873,0.565470,0.003560,29273.769883,0.057000
2026-08-12,18:41:51,0.286950,0.565470,0.003560,29273.769883,0.057000
2026-08-12,18:41:51,0.205194,0.565470,0.003560,29273.773443,0.057000
2026-08-12,18:41:52,0.492144,0.567249,0.003560,29273.777003,0.057000
2026-08-12,18:41:53,0.333082,0.567249,0.003570,29273.777003,0.057000
2026-08-12,18:41:53,0.333082,0.567249,0.003570,29273.780573,0.057000
2026-08-12,18:41:54,0.419262,0.567249,0.003570,29273.784143,0.057000
2026-08-12,18:41:55,0.522307,0.567249,0.003570,29273.784143,0.057000
2026-08-12,18:41:55,0.333950,0.567249,0.003570,29273.787713,0.057000
2026-08-12,18:41:56,0.333950,0.557553,0.003570,29273.791283,0.057000
2026-08-12,18:41:57,0.480523,0.557553,0.003510,29273.791283,0.057000
2026-08-12,18:41:57,0.146246,0.557553,0.003510,29273.794793,0.057000
2026-08-12,18:41:58,0.563766,0.556182,0.003510,29273.798303,0.057000
2026-08-12,18:41:59,0.272579,0.556182,0.003500,29273.798303,0.057000
2026-08-12,18:41:59,0.272579,0.556182,0.003500,29273.801803,0.057000
2026-08-12,18:42:00,0.558377,0.558396,0.003520,29273.805323,0.057000
2026-08-12,18:42:01,0.184207,0.558396,0.003520,29273.805323,0.057000
2026-08-12,18:42:01,0.286544,0.558396,0.003520,29273.808843,0.057000
2026-08-12,18:42:02,0.286544,0.548991,0.003520,29273.812363,0.057000
2026-08-12,18:42:03,0.504046,0.548991,0.003460,29273.812363,0.057000
2026-08-12,18:42:03,0.503718,0.540711,0.003460,29273.815823,0.057000
2026-08-12,18:42:04,0.162508,0.540711,0.003410,29273.819233,0.057000
2026-08-12,18:42:05,0.289157,0.540711,0.003410,29273.819233,0.057000
2026-08-12,18:42:05,0.289157,0.540711,0.003410,29273.822643,0.057000
2026-08-12,18:42:06,0.144740,0.540711,0.003410,29273.826053,0.057000
2026-08-12,18:42:07,0.588653,0.542108,0.003410,29273.826053,0.057000
2026-08-12,18:42:07,0.289157,0.542108,0.003410,29273.829463,0.057000
2026-08-12,18:42:08,0.609933,0.554011,0.003410,29273.832873,0.057000
2026-08-12,18:42:09,0.609933,0.554011,0.003430,29273.832873,0.057000
2026-08-12,18:42:09,0.497207,0.544376,0.003430,29273.836303,0.057000
2026-08-12,18:42:10,0.600859,0.539923,0.003400,29273.839703,0.057000
2026-08-12,18:42:11,0.600859,0.550794,0.003470,29273.839703,0.057000
2026-08-12,18:42:11,0.600859,0.550794,0.003470,29273.843173,0.057000
2026-08-12,18:42:12,0.289902,0.550794,0.003470,29273.846643,0.057000
2026-08-12,18:42:13,0.435015,0.546243,0.003440,29273.846643,0.057000
2026-08-12,18:42:13,0.571059,0.546243,0.003440,29273.850083,0.057000
2026-08-12,18:42:14,0.571059,0.546243,0.003440,29273.853523,0.057000
2026-08-12,18:42:15,0.621589,0.546243,0.003440,29273.853523,0.057000
2026-08-12,18:42:15,0.393878,0.529255,0.003330,29273.856853,0.057000
2026-08-12,18:42:16,0.598267,0.529255,0.003330,29273.860183,0.057000
2026-08-12,18:42:17,0.598267,0.529255,0.003330,29273.860183,0.057000
2026-08-12,18:42:17,0.227711,0.529255,0.003330,29273.863513,0.057000
2026-08-12,18:42:18,0.228035,0.529255,0.003330,29273.866843,0.057000
2026-08-12,18:42:19,0.558426,0.529260,0.003330,29273.866843,0.057000
2026-08-12,18:42:19,0.490404,0.527895,0.003330,29273.870173,0.057000
2026-08-12,18:42:20,0.490404,0.527895,0.003390,29273.873563,0.057000
2026-08-12,18:42:21,0.601183,0.537642,0.003390,29273.873563,0.057000
2026-08-12,18:42:21,0.580452,0.536822,0.003380,29273.876943,0.057000
2026-08-12,18:42:22,0.206980,0.536822,0.003380,29273.880323,0.057000
2026-08-12,18:42:23,0.206980,0.536822,0.003380,29273.880323,0.057000
2026-08-12,18:42:23,0.165844,0.536822,0.003380,29273.883703,0.057000
2026-08-12,18:42:24,0.373148,0.536822,0.003380,29273.887083,0.057000
2026-08-12,18:42:25,0.517937,0.527622,0.003380,29273.887083,0.057000
2026-08-12,18:42:25,0.124059,0.527622,0.003320,29273.890463,0.057000
2026-08-12,18:42:26,0.124059,0.527622,0.003320,29273.893783,0.057000
2026-08-12,18:42:27,0.290226,0.527622,0.003320,29273.893783,0.057000
2026-08-12,18:42:27,0.269172,0.527622,0.003320,29273.897103,0.057000
2026-08-12,18:42:28,0.332335,0.527622,0.003320,29273.900423,0.057000
2026-08-12,18:42:29,0.600859,0.537987,0.003320,29273.900423,0.057000
2026-08-12,18:42:29,0.600859,0.537987,0.003390,29273.903743,0.057000
2026-08-12,18:42:30,0.227711,0.537987,0.003390,29273.907133,0.057000
2026-08-12,18:42:31,0.165844,0.537987,0.003390,29273.907133,0.057000
2026-08-12,18:42:31,0.289902,0.537987,0.003390,29273.910523,0.057000
2026-08-12,18:42:32,0.289902,0.537987,0.003390,29273.913913,0.057000
2026-08-12,18:42:33,0.600859,0.537987,0.003390,29273.913913,0.057000
2026-08-12,18:42:33,0.264961,0.537987,0.003390,29273.917303,0.057000
2026-08-12,18:42:34,0.352417,0.537987,0.003390,29273.920693,0.057000
2026-08-12,18:42:35,0.248441,0.537987,0.003390,29273.920693,0.057000
2026-08-12,18:42:35,0.248441,0.537987,0.003390,29273.924083,0.057000
2026-08-12,18:42:36,0.269496,0.537987,0.003390,29273.927473,0.057000
2026-08-12,18:42:37,0.414285,0.519330,0.003270,29273.927473,0.057000
2026-08-12,18:42:37,0.352094,0.511038,0.003220,29273.930743,0.057000
2026-08-12,18:42:38,0.352094,0.502746,0.003220,29273.933963,0.057000
2026-08-12,18:42:39,0.310957,0.502746,0.003170,29273.933963,0.057000
2026-08-12,18:42:39,0.559722,0.502746,0.003170,29273.937133,0.057000
2026-08-12,18:42:40,0.393878,0.502746,0.003170,29273.940303,0.057000
2026-08-12,18:42:41,0.414609,0.502746,0.003170,29273.940303,0.057000
2026-08-12,18:42:41,0.414609,0.502746,0.003170,29273.943473,0.057000
2026-08-12,18:42:42,0.248765,0.502746,0.003170,29273.946643,0.057000
2026-08-12,18:42:43,0.559722,0.502875,0.003170,29273.946643,0.057000
2026-08-12,18:42:43,0.331363,0.502875,0.003170,29273.949813,0.057000
2026-08-12,18:42:44,0.331363,0.502875,0.003170,29273.952983,0.057000
2026-08-12,18:42:45,0.352417,0.502875,0.003170,29273.952983,0.057000
2026-08-12,18:42:45,0.474857,0.501320,0.003170,29273.956153,0.057000
2026-08-12,18:42:46,0.559722,0.497174,0.003160,29273.959313,0.057000
2026-08-12,18:42:47,0.559722,0.497142,0.003130,29273.959313,0.057000
2026-08-12,18:42:47,0.580128,0.497142,0.003130,29273.962443,0.057000
2026-08-12,18:42:48,0.567043,0.502052,0.003160,29273.965603,0.057000
2026-08-12,18:42:49,0.369968,0.502052,0.003160,29273.965603,0.057000
2026-08-12,18:42:49,0.534862,0.495453,0.003160,29273.968763,0.057000
2026-08-12,18:42:50,0.534862,0.495453,0.003120,29273.971883,0.057000
2026-08-12,18:42:51,0.267431,0.495453,0.003120,29273.971883,0.057000
2026-08-12,18:42:51,0.288003,0.495453,0.003120,29273.975003,0.057000
2026-08-12,18:42:52,0.184823,0.495453,0.003120,29273.978123,0.057000
2026-08-12,18:42:53,0.184823,0.480624,0.003030,29273.978123,0.057000
2026-08-12,18:42:53,0.452576,0.480624,0.003030,29273.981153,0.057000
2026-08-12,18:42:54,0.534541,0.492650,0.003100,29273.984253,0.057000
2026-08-12,18:42:55,0.501089,0.507550,0.003200,29273.984253,0.057000
2026-08-12,18:42:55,0.250381,0.507550,0.003200,29273.987453,0.057000
2026-08-12,18:42:56,0.250381,0.507550,0.003200,29273.990653,0.057000
2026-08-12,18:42:57,0.208597,0.507550,0.003200,29273.990653,0.057000
2026-08-12,18:42:57,0.564092,0.532863,0.003200,29273.993853,0.057000
2026-08-12,18:42:58,0.229489,0.532863,0.003360,29273.997213,0.057000
2026-08-12,18:42:59,0.229489,0.531178,0.003350,29273.997213,0.057000
2026-08-12,18:42:59,0.542873,0.531178,0.003350,29274.000563,0.057000
2026-08-12,18:43:00,0.355169,0.531178,0.003350,29274.003913,0.057000
2026-08-12,18:43:01,0.187704,0.531178,0.003350,29274.003913,0.057000
2026-08-12,18:43:01,0.448019,0.528495,0.003350,29274.007263,0.057000
2026-08-12,18:43:02,0.448019,0.528495,0.003330,29274.010593,0.057000
2026-08-12,18:43:03,0.246601,0.528495,0.003330,29274.010593,0.057000
2026-08-12,18:43:03,0.532267,0.525749,0.003310,29274.013903,0.057000
2026-08-12,18:43:04,0.540385,0.521775,0.003290,29274.013903,0.057000
2026-08-12,18:43:05,0.249409,0.521775,0.003290,29274.017193,0.057000
2026-08-12,18:43:05,0.249409,0.521775,0.003290,29274.020483,0.057000
2026-08-12,18:43:06,0.142911,0.521775,0.003290,29274.020483,0.057000
2026-08-12,18:43:07,0.200011,0.521775,0.003290,29274.023773,0.057000
2026-08-12,18:43:07,0.269172,0.521775,0.003290,29274.027063,0.057000
2026-08-12,18:43:08,0.269172,0.528242,0.003330,29274.027063,0.057000
2026-08-12,18:43:09,0.631719,0.528242,0.003330,29274.030393,0.057000
2026-08-12,18:43:09,0.273745,0.528242,0.003330,29274.033723,0.057000
2026-08-12,18:43:10,0.267110,0.528242,0.003330,29274.033723,0.057000
2026-08-12,18:43:11,0.287681,0.528242,0.003330,29274.037053,0.057000
2026-08-12,18:43:11,0.287681,0.528242,0.003330,29274.040383,0.057000
2026-08-12,18:43:12,0.150109,0.528242,0.003330,29274.040383,0.057000
2026-08-12,18:43:13,0.288967,0.528242,0.003330,29274.043713,0.057000
2026-08-12,18:43:13,0.267431,0.528242,0.003330,29274.047043,0.057000
2026-08-12,18:43:14,0.267431,0.528242,0.003330,29274.047043,0.057000
2026-08-12,18:43:14,0.288003,0.528242,0.003330,29274.050373,0.057000
2026-08-12,18:43:15,0.349718,0.528242,0.003330,29274.053703,0.057000
2026-08-12,18:43:16,0.308253,0.528242,0.003330,29274.053703,0.057000
2026-08-12,18:43:16,0.271983,0.528242,0.003330,29274.057033,0.057000
2026-08-12,18:43:17,0.271983,0.527219,0.003330,29274.060363,0.057000
2026-08-12,18:43:18,0.524629,0.527219,0.003330,29274.060363,0.057000
2026-08-12,18:43:18,0.515284,0.533490,0.003360,29274.063723,0.057000
2026-08-12,18:43:19,0.083788,0.533490,0.003360,29274.067083,0.057000
2026-08-12,18:43:20,0.590769,0.539113,0.003360,29274.067083,0.057000
2026-08-12,18:43:20,0.590769,0.539113,0.003400,29274.070483,0.057000
2026-08-12,18:43:21,0.188522,0.539113,0.003400,29274.073883,0.057000
2026-08-12,18:43:22,0.247169,0.539113,0.003400,29274.073883,0.057000
2026-08-12,18:43:22,0.179818,0.539113,0.003400,29274.077283,0.057000
2026-08-12,18:43:23,0.179818,0.532315,0.003350,29274.080633,0.057000
2026-08-12,18:43:24,0.433109,0.532315,0.003350,29274.080633,0.057000
2026-08-12,18:43:24,0.494659,0.525371,0.003310,29274.083943,0.057000
2026-08-12,18:43:25,0.441041,0.515188,0.003240,29274.087183,0.057000
2026-08-12,18:43:26,0.441041,0.518691,0.003240,29274.087183,0.057000
2026-08-12,18:43:26,0.483045,0.518691,0.003270,29274.090453,0.057000
2026-08-12,18:43:27,0.371236,0.502587,0.003170,29274.093623,0.057000
2026-08-12,18:43:28,0.545722,0.502587,0.003170,29274.093623,0.057000
2026-08-12,18:43:28,0.513969,0.502587,0.003170,29274.096793,0.057000
2026-08-12,18:43:29,0.513969,0.502587,0.003170,29274.099963,0.057000
2026-08-12,18:43:30,0.390540,0.502587,0.003170,29274.099963,0.057000
2026-08-12,18:43:30,0.637399,0.512289,0.003230,29274.103133,0.057000
2026-08-12,18:43:31,0.554791,0.504596,0.003180,29274.106363,0.057000
2026-08-12,18:43:32,0.554791,0.504596,0.003180,29274.106363,0.057000
2026-08-12,18:43:32,0.596577,0.511791,0.003220,29274.109543,0.057000
2026-08-12,18:43:33,0.452576,0.505520,0.003180,29274.112763,0.057000
2026-08-12,18:43:34,0.493398,0.495783,0.003180,29274.112763,0.057000
2026-08-12,18:43:34,0.493398,0.495783,0.003120,29274.115943,0.057000
2026-08-12,18:43:35,0.308253,0.495783,0.003120,29274.119063,0.057000
2026-08-12,18:43:36,0.534862,0.505958,0.003190,29274.119063,0.057000
2026-08-12,18:43:36,0.596256,0.516118,0.003250,29274.122253,0.057000
2026-08-12,18:43:37,0.526103,0.524624,0.003250,29274.125503,0.057000
2026-08-12,18:43:38,0.526103,0.524624,0.003300,29274.125503,0.057000
2026-08-12,18:43:38,0.227126,0.524624,0.003300,29274.128803,0.057000
2026-08-12,18:43:39,0.124063,0.524624,0.003300,29274.132103,0.057000
2026-08-12,18:43:40,0.082709,0.524624,0.003300,29274.132103,0.057000
2026-08-12,18:43:40,0.082709,0.524624,0.003300,29274.135403,0.057000
2026-08-12,18:43:41,0.248126,0.524624,0.003300,29274.138703,0.057000
2026-08-12,18:43:42,0.310158,0.524624,0.003300,29274.138703,0.057000
2026-08-12,18:43:42,0.517252,0.528045,0.003330,29274.142003,0.057000
2026-08-12,18:43:43,0.599315,0.550853,0.003330,29274.145333,0.057000
2026-08-12,18:43:44,0.599315,0.550853,0.003470,29274.145333,0.057000
2026-08-12,18:43:44,0.558284,0.542941,0.003420,29274.148803,0.057000
2026-08-12,18:43:45,0.599638,0.547426,0.003420,29274.152223,0.057000
2026-08-12,18:43:46,0.619992,0.549767,0.003450,29274.152223,0.057000
2026-08-12,18:43:46,0.619992,0.549767,0.003570,29274.155673,0.057000
2026-08-12,18:43:47,0.620315,0.566541,0.003570,29274.159243,0.057000
2026-08-12,18:43:48,0.378035,0.566541,0.003570,29274.159243,0.057000
2026-08-12,18:43:48,0.555113,0.572713,0.003610,29274.162813,0.057000
2026-08-12,18:43:49,0.555113,0.585024,0.003610,29274.166423,0.057000
2026-08-12,18:43:50,0.657971,0.585024,0.003690,29274.166423,0.057000
2026-08-12,18:43:50,0.596256,0.585024,0.003690,29274.170113,0.057000
2026-08-12,18:43:51,0.514291,0.583843,0.003690,29274.173803,0.057000
2026-08-12,18:43:52,0.514291,0.579432,0.003680,29274.173803,0.057000
2026-08-12,18:43:52,0.473148,0.579432,0.003680,29274.177483,0.057000
2026-08-12,18:43:53,0.534541,0.572955,0.003610,29274.181093,0.057000
2026-08-12,18:43:54,0.493719,0.566498,0.003570,29274.181093,0.057000
2026-08-12,18:43:54,0.528755,0.559410,0.003570,29274.184663,0.057000
2026-08-12,18:43:55,0.528755,0.559410,0.003520,29274.188183,0.057000
2026-08-12,18:43:56,0.493719,0.546783,0.003440,29274.188183,0.057000
2026-08-12,18:43:56,0.438738,0.528625,0.003440,29274.191623,0.057000
2026-08-12,18:43:57,0.334277,0.506541,0.003330,29274.194953,0.057000
2026-08-12,18:43:58,0.334277,0.506541,0.003190,29274.194953,0.057000
2026-08-12,18:43:58,0.522307,0.506541,0.003190,29274.198143,0.057000
2026-08-12,18:43:59,0.543200,0.506541,0.003190,29274.201333,0.057000
2026-08-12,18:44:00,0.647661,0.506541,0.003190,29274.201333,0.057000
2026-08-12,18:44:00,0.647661,0.506541,0.003190,29274.204523,0.057000
2026-08-12,18:44:01,0.329146,0.506541,0.003190,29274.207713,0.057000
2026-08-12,18:44:02,0.534541,0.494198,0.003110,29274.207713,0.057000
2026-08-12,18:44:02,0.363218,0.494198,0.003110,29274.210823,0.057000
2026-08-12,18:44:03,0.205395,0.494198,0.003110,29274.213933,0.057000
2026-08-12,18:44:04,0.205395,0.494198,0.003110,29274.213933,0.057000
2026-08-12,18:44:04,0.205395,0.494198,0.003110,29274.217043,0.057000
2026-08-12,18:44:05,0.432004,0.477773,0.003010,29274.220053,0.057000
2026-08-12,18:44:06,0.320467,0.458391,0.002890,29274.220053,0.057000
2026-08-12,18:44:06,0.320467,0.433705,0.002890,29274.222943,0.057000
2026-08-12,18:44:07,0.226288,0.433705,0.002730,29274.225673,0.057000
2026-08-12,18:44:08,0.473148,0.433705,0.002730,29274.225673,0.057000
2026-08-12,18:44:08,0.575684,0.433705,0.002730,29274.228403,0.057000
2026-08-12,18:44:09,0.480523,0.433705,0.002730,29274.231133,0.057000
2026-08-12,18:44:10,0.480523,0.433705,0.002730,29274.231133,0.057000
2026-08-12,18:44:10,0.564092,0.433705,0.002730,29274.233863,0.057000
2026-08-12,18:44:11,0.493254,0.433705,0.002730,29274.236593,0.057000
2026-08-12,18:44:12,0.563766,0.433705,0.002730,29274.236593,0.057000
2026-08-12,18:44:12,0.563766,0.411557,0.002730,29274.239323,0.057000
2026-08-12,18:44:13,0.313058,0.411557,0.002590,29274.241913,0.057000
2026-08-12,18:44:14,0.480523,0.411557,0.002590,29274.241913,0.057000
2026-08-12,18:44:14,0.564092,0.411557,0.002590,29274.244503,0.057000
2026-08-12,18:44:15,0.564092,0.411557,0.002590,29274.247093,0.057000
2026-08-12,18:44:16,0.574865,0.411557,0.002590,29274.247093,0.057000
2026-08-12,18:44:16,0.396627,0.401848,0.002530,29274.249623,0.057000
2026-08-12,18:44:17,0.562505,0.401848,0.002530,29274.252153,0.057000
2026-08-12,18:44:18,0.337503,0.382722,0.002530,29274.252153,0.057000
2026-08-12,18:44:18,0.337503,0.382722,0.002410,29274.254563,0.057000
2026-08-12,18:44:19,0.123108,0.382722,0.002410,29274.256973,0.057000
2026-08-12,18:44:20,0.534862,0.382722,0.002410,29274.256973,0.057000
2026-08-12,18:44:20,0.308253,0.364176,0.002290,29274.259263,0.057000
2026-08-12,18:44:21,0.308253,0.364176,0.002290,29274.261553,0.057000
2026-08-12,18:44:22,0.402433,0.364176,0.002290,29274.261553,0.057000
2026-08-12,18:44:22,0.225967,0.364176,0.002290,29274.263843,0.057000
2026-08-12,18:44:23,0.565240,0.364176,0.002290,29274.266133,0.057000
2026-08-12,18:44:24,0.287681,0.349070,0.002290,29274.266133,0.057000
2026-08-12,18:44:24,0.287681,0.338271,0.002200,29274.268333,0.057000
2026-08-12,18:44:25,0.226288,0.338271,0.002200,29274.270533,0.057000
2026-08-12,18:44:26,0.309860,0.338271,0.002130,29274.270533,0.057000
2026-08-12,18:44:26,0.141430,0.338271,0.002130,29274.272663,0.057000
2026-08-12,18:44:27,0.526827,0.338271,0.002130,29274.274793,0.057000
2026-08-12,18:44:28,0.526827,0.338271,0.002130,29274.274793,0.057000
2026-08-12,18:44:28,0.267431,0.311560,0.001960,29274.276923,0.057000
2026-08-12,18:44:29,0.083572,0.311560,0.001960,29274.278883,0.057000
2026-08-12,18:44:30,0.308574,0.299217,0.001960,29274.278883,0.057000
2026-08-12,18:44:30,0.308574,0.302046,0.001900,29274.280843,0.057000
2026-08-12,18:44:31,0.348753,0.302046,0.001900,29274.282743,0.057000
2026-08-12,18:44:32,0.555113,0.302046,0.001900,29274.282743,0.057000
2026-08-12,18:44:32,0.287681,0.308185,0.001940,29274.284643,0.057000
2026-08-12,18:44:33,0.164573,0.308185,0.001940,29274.286583,0.057000
2026-08-12,18:44:34,0.164573,0.308185,0.001940,29274.286583,0.057000
2026-08-12,18:44:34,0.334277,0.310307,0.001950,29274.288523,0.057000
2026-08-12,18:44:35,0.521981,0.310307,0.001950,29274.290473,0.057000
2026-08-12,18:44:36,0.459304,0.310307,0.001950,29274.290473,0.057000
2026-08-12,18:44:36,0.459304,0.298816,0.001880,29274.292423,0.057000
2026-08-12,18:44:37,0.281720,0.298816,0.001880,29274.294303,0.057000
2026-08-12,18:44:38,0.125027,0.298816,0.001880,29274.294303,0.057000
2026-08-12,18:44:38,0.501415,0.298816,0.001880,29274.296183,0.057000
2026-08-12,18:44:39,0.083569,0.298816,0.001880,29274.298063,0.057000
2026-08-12,18:44:40,0.083569,0.298816,0.001880,29274.298063,0.057000
2026-08-12,18:44:40,0.424494,0.298816,0.001880,29274.299943,0.057000
2026-08-12,18:44:41,0.528155,0.298816,0.001880,29274.301823,0.057000
2026-08-12,18:44:42,0.186095,0.298816,0.001880,29274.301823,0.057000
2026-08-12,18:44:42,0.186095,0.298816,0.001880,29274.303703,0.057000
2026-08-12,18:44:43,0.599638,0.298816,0.001880,29274.305583,0.057000
2026-08-12,18:44:44,0.392866,0.298816,0.001880,29274.305583,0.057000
2026-08-12,18:44:44,0.298527,0.298816,0.001880,29274.307463,0.057000
2026-08-12,18:44:45,0.557960,0.298816,0.001880,29274.309343,0.057000
2026-08-12,18:44:46,0.557960,0.298816,0.001880,29274.309343,0.057000
2026-08-12,18:44:46,0.475575,0.298816,0.001880,29274.311223,0.057000
2026-08-12,18:44:47,0.398709,0.298816,0.001880,29274.313103,0.057000
2026-08-12,18:44:48,0.283854,0.298816,0.001880,29274.313103,0.057000
2026-08-12,18:44:48,0.283854,0.298816,0.001880,29274.314983,0.057000
2026-08-12,18:44:49,0.545722,0.298816,0.001880,29274.316863,0.057000
2026-08-12,18:44:50,0.525048,0.298816,0.001880,29274.316863,0.057000
2026-08-12,18:44:50,0.690925,0.298816,0.001880,29274.318743,0.057000
2026-08-12,18:44:51,0.690925,0.000000,0.001880,29274.320623,0.057000
2026-08-12,18:44:52,0.147461,0.000000,0.000000,29274.320623,0.057000
2026-08-12,18:44:52,0.349718,0.000000,0.000000,29274.320623,0.057000
2026-08-12,18:44:53,0.082608,0.000000,0.000000,29274.320623,0.057000
2026-08-12,18:44:54,0.336588,0.000000,0.000000,29274.320623,0.057000
2026-08-12,18:44:54,0.336588,0.000000,0.000000,29274.320623,0.057000
2026-08-12,18:44:55,0.273416,0.000000,0.000000,29274.320623,0.057000
2026-08-12,18:44:56,0.505375,0.000000,0.000000,29274.320623,0.057000
2026-08-12,18:44:56,0.269172,0.000000,0.000000,29274.320623,0.057000
2026-08-12,18:44:57,0.269172,0.000000,0.000000,29274.320623,0.057000
2026-08-12,18:44:58,0.559398,0.000000,0.000000,29274.320623,0.057000
2026-08-12,18:44:58,0.244670,0.000000,0.000000,29274.320623,0.057000
2026-08-12,18:44:59,0.204158,0.000000,0.000000,29274.320623,0.057000
2026-08-12,18:45:00,0.576857,0.000000,0.000000,29274.320623,0.057000
2026-08-12,18:45:00,0.576857,0.000000,0.000000,29274.320623,0.057000
2026-08-12,18:45:01,0.371866,0.000000,0.000000,29274.320623,0.057000
2026-08-12,18:45:02,0.516929,0.000000,0.000000,29274.320623,0.057000
2026-08-12,18:45:02,0.514011,0.000000,0.000000,29274.320623,0.057000
2026-08-12,18:45:03,0.514011,0.000000,0.000000,29274.320623,0.057000
2026-08-12,18:45:04,0.494659,0.000000,0.000000,29274.320623,0.057000
2026-08-12,18:45:04,0.494659,0.000000,0.000000,29274.320623,0.057000
2026-08-12,18:45:05,0.520440,0.000000,0.000000,29274.320623,0.057000
2026-08-12,18:45:06,0.520440,0.000000,0.000000,29274.320623,0.057000
2026-08-12,18:45:06,0.288739,0.000000,0.000000,29274.320623,0.057000
2026-08-12,18:45:07,0.515284,0.000000,0.000000,29274.320623,0.057000
2026-08-12,18:45:08,0.329665,0.000000,0.000000,29274.320623,0.057000
2026-08-12,18:45:08,0.268115,0.000000,0.000000,29274.320623,0.057000
2026-08-12,18:45:09,0.268115,0.000000,0.000000,29274.320623,0.057000
2026-08-12,18:45:10,0.536230,0.000000,0.000000,29274.320623,0.057000
2026-08-12,18:45:10,0.350290,0.000000,0.000000,29274.320623,0.057000
2026-08-12,18:45:11,0.412162,0.000000,0.000000,29274.320623,0.057000
2026-08-12,18:45:12,0.412162,0.000000,0.000000,29274.320623,0.057000
2026-08-12,18:45:12,0.275527,0.000000,0.000000,29274.320623,0.057000
2026-08-12,18:45:13,0.257481,0.000000,0.000000,29274.320623,0.057000
2026-08-12,18:45:14,0.123745,0.000000,0.000000,29274.320623,0.057000
2026-08-12,18:45:14,0.355771,0.000000,0.000000,29274.320623,0.057000
2026-08-12,18:45:15,0.355771,0.000000,0.000000,29274.320623,0.057000
2026-08-12,18:45:16,0.397665,0.000000,0.000000,29274.320623,0.057000
2026-08-12,18:45:16,0.230416,0.000000,0.000000,29274.320623,0.057000
2026-08-12,18:45:17,0.123423,0.000000,0.000000,29274.320623,0.057000
2026-08-12,18:45:18,0.123423,0.000000,0.000000,29274.320623,0.057000
2026-08-12,18:45:18,0.146301,0.000000,0.000000,29274.320623,0.057000
2026-08-12,18:45:19,0.205920,0.000000,0.000000,29274.320623,0.057000
2026-08-12,18:45:20,0.247491,0.000000,0.000000,29274.320623,0.057000
2026-08-12,18:45:20,0.329665,0.000000,0.000000,29274.320623,0.057000
2026-08-12,18:45:21,0.329665,0.000000,0.000000,29274.320623,0.057000
2026-08-12,18:45:22,0.590834,0.000000,0.000000,29274.320623,0.057000
2026-08-12,18:45:22,0.082287,0.000000,0.000000,29274.320623,0.057000
2026-08-12,18:45:23,0.157180,0.000000,0.000000,29274.320623,0.057000
2026-08-12,18:45:24,0.473148,0.000000,0.000000,29274.320623,0.057000
2026-08-12,18:45:24,0.473148,0.000000,0.000000,29274.320623,0.057000
2026-08-12,18:45:25,0.338146,0.000000,0.000000,29274.320623,0.057000
2026-08-12,18:45:26,0.288003,0.000000,0.000000,29274.320623,0.057000
2026-08-12,18:45:26,0.417085,0.000000,0.000000,29274.320623,0.057000
2026-08-12,18:45:27,0.417085,0.000000,0.000000,29274.320623,0.057000
2026-08-12,18:45:28,0.566724,0.000000,0.000000,29274.320623,0.057000
2026-08-12,18:45:28,0.420039,0.000000,0.000000,29274.320623,0.057000
2026-08-12,18:45:29,0.597243,0.000000,0.000000,29274.320623,0.057000
2026-08-12,18:45:30,0.185771,0.000000,0.000000,29274.320623,0.057000
2026-08-12,18:45:30,0.185771,0.000000,0.000000,29274.320623,0.057000
2026-08-12,18:45:31,0.281726,0.000000,0.000000,29274.320623,0.057000
2026-08-12,18:45:32,0.537283,0.000000,0.000000,29274.320623,0.057000
2026-08-12,18:45:32,0.484318,0.000000,0.000000,29274.320623,0.057000
2026-08-12,18:45:33,0.470751,0.000000,0.000000,29274.320623,0.057000
2026-08-12,18:45:34,0.470751,0.000000,0.000000,29274.320623,0.057000
2026-08-12,18:45:34,0.327159,0.000000,0.000000,29274.320623,0.057000
2026-08-12,18:45:35,0.258081,0.000000,0.000000,29274.320623,0.057000
2026-08-12,18:45:36,0.593235,0.000000,0.000000,29274.320623,0.057000
2026-08-12,18:45:36,0.593235,0.000000,0.000000,29274.320623,0.057000
2026-08-12,18:45:37,0.245289,0.000000,0.000000,29274.320623,0.057000
2026-08-12,18:45:38,0.313058,0.000000,0.000000,29274.320623,0.057000
2026-08-12,18:45:38,0.167138,0.000000,0.000000,29274.320623,0.057000
2026-08-12,18:45:39,0.292166,0.000000,0.000000,29274.320623,0.057000
2026-08-12,18:45:40,0.292166,0.000000,0.000000,29274.320623,0.057000
2026-08-12,18:45:40,0.307470,0.000000,0.000000,29274.320623,0.057000
2026-08-12,18:45:41,0.410067,0.000000,0.000000,29274.320623,0.057000
2026-08-12,18:45:42,0.533503,0.000000,0.000000,29274.320623,0.057000
2026-08-12,18:45:42,0.533503,0.000000,0.000000,29274.320623,0.057000
2026-08-12,18:45:43,0.570440,0.000000,0.000000,29274.320623,0.057000
2026-08-12,18:45:44,0.458436,0.000000,0.000000,29274.320623,0.057000
2026-08-12,18:45:44,0.229218,0.000000,0.000000,29274.320623,0.056000
2026-08-12,18:45:45,0.500112,0.000000,0.000000,29274.320623,0.056000
2026-08-12,18:45:46,0.500112,0.000000,0.000000,29274.320623,0.056000
2026-08-12,18:45:46,0.458110,0.000000,0.000000,29274.320623,0.056000
2026-08-12,18:45:47,0.562300,0.000000,0.000000,29274.320623,0.056000
2026-08-12,18:45:48,0.238986,0.000000,0.000000,29274.320623,0.056000
2026-08-12,18:45:48,0.428856,0.000000,0.000000,29274.320623,0.056000
2026-08-12,18:45:49,0.428856,0.000000,0.000000,29274.320623,0.057000
2026-08-12,18:45:50,0.564092,0.000000,0.000000,29274.320623,0.057000
2026-08-12,18:45:50,0.288575,0.000000,0.000000,29274.320623,0.057000
2026-08-12,18:45:51,0.522307,0.000000,0.000000,29274.320623,0.057000
2026-08-12,18:45:52,0.522307,0.000000,0.000000,29274.320623,0.057000
2026-08-12,18:45:52,0.501415,0.000000,0.000000,29274.320623,0.057000
2026-08-12,18:45:53,0.605550,0.000000,0.000000,29274.320623,0.057000
2026-08-12,18:45:54,0.668227,0.000000,0.000000,29274.320623,0.057000
2026-08-12,18:45:54,0.668227,0.000000,0.000000,29274.320623,0.057000
2026-08-12,18:45:55,0.589881,0.000000,0.000000,29274.320623,0.057000
2026-08-12,18:45:56,0.643417,0.000000,0.000000,29274.320623,0.057000
2026-08-12,18:45:56,0.564092,0.000000,0.000000,29274.320623,0.057000
2026-08-12,18:45:57,0.526834,0.000000,0.000000,29274.320623,0.057000
2026-08-12,18:45:58,0.526834,0.000000,0.000000,29274.320623,0.057000
2026-08-12,18:45:58,0.544620,0.000000,0.000000,29274.320623,0.057000
2026-08-12,18:45:59,0.502399,0.000000,0.000000,29274.320623,0.057000
2026-08-12,18:46:00,0.313877,0.000000,0.000000,29274.320623,0.057000
2026-08-12,18:46:00,0.313877,0.000000,0.000000,29274.320623,0.057000
2026-08-12,18:46:01,0.598103,0.000000,0.000000,29274.320623,0.057000
2026-08-12,18:46:02,0.206242,0.000000,0.000000,29274.320623,0.057000
2026-08-12,18:46:02,0.453411,0.000000,0.000000,29274.320623,0.057000
2026-08-12,18:46:03,0.453411,0.000000,0.000000,29274.320623,0.057000
2026-08-12,18:46:04,0.205920,0.000000,0.000000,29274.320623,0.057000
2026-08-12,18:46:04,0.123423,0.000000,0.000000,29274.320623,0.057000
2026-08-12,18:46:05,0.144047,0.000000,0.000000,29274.320623,0.057000
2026-08-12,18:46:06,0.618405,0.000000,0.000000,29274.320623,0.057000
2026-08-12,18:46:06,0.618405,0.000000,0.000000,29274.320623,0.057000
2026-08-12,18:46:07,0.606481,0.000000,0.000000,29274.320623,0.057000
2026-08-12,18:46:08,0.515606,0.000000,0.000000,29274.320623,0.057000
2026-08-12,18:46:08,0.561366,0.000000,0.000000,29274.320623,0.057000
2026-08-12,18:46:09,0.106988,0.000000,0.000000,29274.320623,0.057000
2026-08-12,18:46:10,0.106988,0.000000,0.000000,29274.320623,0.057000
2026-08-12,18:46:10,0.558788,0.000000,0.000000,29274.320623,0.057000
2026-08-12,18:46:11,0.536230,0.000000,0.000000,29274.320623,0.057000
2026-08-12,18:46:12,0.391538,0.000000,0.000000,29274.320623,0.057000
2026-08-12,18:46:12,0.391538,0.000000,0.000000,29274.320623,0.057000
2026-08-12,18:46:13,0.474357,0.000000,0.000000,29274.320623,0.057000
2026-08-12,18:46:14,0.272949,0.000000,0.000000,29274.320623,0.057000
2026-08-12,18:46:14,0.541896,0.000000,0.000000,29274.320623,0.057000
2026-08-12,18:46:15,0.244330,0.000000,0.000000,29274.320623,0.057000
2026-08-12,18:46:16,0.244330,0.000000,0.000000,29274.320623,0.057000
2026-08-12,18:46:16,0.286544,0.000000,0.000000,29274.320623,0.057000
2026-08-12,18:46:17,0.184207,0.000000,0.000000,29274.320623,0.057000
2026-08-12,18:46:18,0.266076,0.000000,0.000000,29274.320623,0.057000
2026-08-12,18:46:18,0.243219,0.000000,0.000000,29274.320623,0.057000
2026-08-12,18:46:19,0.243219,0.000000,0.000000,29274.320623,0.057000
2026-08-12,18:46:20,0.437272,0.000000,0.000000,29274.320623,0.057000
2026-08-12,18:46:20,0.437598,0.000000,0.000000,29274.320623,0.057000
2026-08-12,18:46:21,0.291732,0.000000,0.000000,29274.320623,0.057000
2026-08-12,18:46:22,0.291732,0.000000,0.000000,29274.320623,0.057000
2026-08-12,18:46:22,0.500112,0.000000,0.000000,29274.320623,0.057000
2026-08-12,18:46:23,0.500112,0.000000,0.000000,29274.320623,0.057000
2026-08-12,18:46:24,0.416760,0.000000,0.000000,29274.320623,0.057000
2026-08-12,18:46:24,0.283918,0.000000,0.000000,29274.320623,0.057000
2026-08-12,18:46:25,0.283918,0.000000,0.000000,29274.320623,0.057000
2026-08-12,18:46:26,0.520950,0.000000,0.000000,29274.320623,0.057000
2026-08-12,18:46:26,0.583138,0.000000,0.000000,29274.320623,0.056000
2026-08-12,18:46:27,0.470751,0.000000,0.000000,29274.320623,0.056000
2026-08-12,18:46:28,0.470751,0.000000,0.000000,29274.320623,0.056000
2026-08-12,18:46:28,0.645043,0.000000,0.000000,29274.320623,0.056000
2026-08-12,18:46:29,0.624815,0.000000,0.000000,29274.320623,0.056000
2026-08-12,18:46:30,0.536579,0.000000,0.000000,29274.320623,0.056000
2026-08-12,18:46:30,0.536579,0.000000,0.000000,29274.320623,0.056000
2026-08-12,18:46:31,0.533183,0.000000,0.000000,29274.320623,0.056000
2026-08-12,18:46:32,0.574542,0.000000,0.000000,29274.320623,0.056000
2026-08-12,18:46:32,0.594420,0.000000,0.000000,29274.320623,0.056000
2026-08-12,18:46:33,0.594420,0.000000,0.000000,29274.320623,0.056000
2026-08-12,18:46:34,0.512984,0.000000,0.000000,29274.320623,0.056000
2026-08-12,18:46:34,0.307470,0.000000,0.000000,29274.320623,0.056000
2026-08-12,18:46:35,0.245912,0.000000,0.000000,29274.320623,0.057000
2026-08-12,18:46:36,0.410387,0.000000,0.000000,29274.320623,0.057000
2026-08-12,18:46:36,0.410387,0.000000,0.000000,29274.320623,0.057000
2026-08-12,18:46:37,0.307790,0.000000,0.000000,29274.320623,0.057000
2026-08-12,18:46:38,0.581275,0.000000,0.000000,29274.320623,0.057000
2026-08-12,18:46:38,0.245912,0.000000,0.000000,29274.320623,0.057000
2026-08-12,18:46:39,0.082077,0.000000,0.000000,29274.320623,0.057000
2026-08-12,18:46:40,0.082077,0.000000,0.000000,29274.320623,0.057000
2026-08-12,18:46:40,0.246232,0.000000,0.000000,29274.320623,0.057000
2026-08-12,18:46:41,0.328310,0.000000,0.000000,29274.320623,0.057000
2026-08-12,18:46:42,0.430586,0.000000,0.000000,29274.320623,0.057000
2026-08-12,18:46:42,0.430586,0.000000,0.000000,29274.320623,0.057000
2026-08-12,18:46:43,0.526103,0.000000,0.000000,29274.320623,0.057000
2026-08-12,18:46:44,0.373148,0.000000,0.000000,29274.320623,0.057000
2026-08-12,18:46:44,0.559398,0.000000,0.000000,29274.320623,0.057000
2026-08-12,18:46:45,0.559398,0.000000,0.000000,29274.320623,0.057000
2026-08-12,18:46:46,0.684105,0.000000,0.000000,29274.320623,0.057000
2026-08-12,18:46:46,0.573020,0.000000,0.000000,29274.320623,0.057000
2026-08-12,18:46:47,0.545969,0.000000,0.000000,29274.320623,0.057000
2026-08-12,18:46:48,0.559794,0.000000,0.000000,29274.320623,0.057000
2026-08-12,18:46:48,0.559794,0.000000,0.000000,29274.320623,0.057000
2026-08-12,18:46:49,0.324142,0.000000,0.000000,29274.320623,0.057000
2026-08-12,18:46:50,0.557870,0.000000,0.000000,29274.320623,0.057000
2026-08-12,18:46:50,0.307790,0.000000,0.000000,29274.320623,0.057000
2026-08-12,18:46:51,0.307790,0.000000,0.000000,29274.320623,0.057000
2026-08-12,18:46:52,0.471945,0.000000,0.000000,29274.320623,0.057000
2026-08-12,18:46:52,0.516511,0.000000,0.000000,29274.320623,0.057000
2026-08-12,18:46:53,0.533183,0.000000,0.000000,29274.320623,0.057000
2026-08-12,18:46:54,0.533183,0.000000,0.000000,29274.320623,0.057000
2026-08-12,18:46:54,0.512984,0.000000,0.000000,29274.320623,0.057000
2026-08-12,18:46:55,0.451105,0.000000,0.000000,29274.320623,0.057000
2026-08-12,18:46:56,0.545722,0.000000,0.000000,29274.320623,0.057000
2026-08-12,18:46:56,0.545722,0.000000,0.000000,29274.320623,0.057000
2026-08-12,18:46:57,0.504046,0.000000,0.000000,29274.320623,0.057000
2026-08-12,18:46:58,0.566724,0.000000,0.000000,29274.320623,0.057000
2026-08-12,18:46:58,0.248126,0.000000,0.000000,29274.320623,0.057000
2026-08-12,18:46:59,0.248126,0.000000,0.000000,29274.320623,0.057000
2026-08-12,18:47:00,0.372189,0.000000,0.000000,29274.320623,0.057000
2026-08-12,18:47:00,0.223895,0.000000,0.000000,29274.320623,0.057000
2026-08-12,18:47:01,0.330512,0.000000,0.000000,29274.320623,0.057000
2026-08-12,18:47:02,0.516929,0.000000,0.000000,29274.320623,0.056000
2026-08-12,18:47:02,0.516929,0.000000,0.000000,29274.320623,0.056000
2026-08-12,18:47:03,0.268803,0.000000,0.000000,29274.320623,0.056000
2026-08-12,18:47:04,0.434221,0.000000,0.000000,29274.320623,0.056000
2026-08-12,18:47:04,0.454898,0.000000,0.000000,29274.320623,0.056000
2026-08-12,18:47:05,0.310158,0.000000,0.000000,29274.320623,0.056000
2026-08-12,18:47:06,0.310158,0.000000,0.000000,29274.320623,0.056000
2026-08-12,18:47:06,0.165094,0.000000,0.000000,29274.320623,0.056000
2026-08-12,18:47:07,0.554254,0.000000,0.000000,29274.320623,0.056000
2026-08-12,18:47:08,0.616827,0.000000,0.000000,29274.320623,0.056000
2026-08-12,18:47:08,0.616827,0.000000,0.000000,29274.320623,0.056000
2026-08-12,18:47:09,0.596577,0.000000,0.000000,29274.320623,0.056000
2026-08-12,18:47:10,0.502727,0.000000,0.000000,29274.320623,0.056000
2026-08-12,18:47:10,0.502727,0.000000,0.000000,29274.320623,0.056000
2026-08-12,18:47:11,0.502727,0.000000,0.000000,29274.320623,0.056000
2026-08-12,18:47:11,0.618727,0.000000,0.000000,29274.320623,0.056000
2026-08-12,18:47:12,0.494982,0.000000,0.000000,29274.320623,0.056000
2026-08-12,18:47:13,0.432787,0.000000,0.000000,29274.320623,0.056000
2026-08-12,18:47:13,0.309041,0.000000,0.000000,29274.320623,0.056000
2026-08-12,18:47:14,0.309041,0.000000,0.000000,29274.320623,0.056000
2026-08-12,18:47:15,0.391538,0.000000,0.000000,29274.320623,0.056000
2026-08-12,18:47:15,0.569422,0.000000,0.000000,29274.320623,0.056000
2026-08-12,18:47:16,0.598103,0.000000,0.000000,29274.320623,0.056000
2026-08-12,18:47:17,0.598103,0.000000,0.000000,29274.320623,0.056000
2026-08-12,18:47:17,0.536230,0.000000,0.000000,29274.320623,0.056000
2026-08-12,18:47:18,0.597780,0.000000,0.000000,29274.320623,0.056000
2026-08-12,18:47:19,0.618727,0.000000,0.000000,29274.320623,0.056000
2026-08-12,18:47:19,0.618727,0.000000,0.000000,29274.320623,0.056000
2026-08-12,18:47:20,0.618405,0.000000,0.000000,29274.320623,0.056000
2026-08-12,18:47:21,0.556210,0.000000,0.000000,29274.320623,0.056000
2026-08-12,18:47:21,0.530752,0.000000,0.000000,29274.320623,0.056000
2026-08-12,18:47:22,0.530752,0.000000,0.000000,29274.320623,0.056000
2026-08-12,18:47:23,0.609382,0.000000,0.000000,29274.320623,0.056000
2026-08-12,18:47:23,0.577479,0.000000,0.000000,29274.320623,0.056000
2026-08-12,18:47:24,0.536230,0.577930,0.000000,29274.320623,0.056000
2026-08-12,18:47:25,0.536230,0.577930,0.003540,29274.320623,0.056000
2026-08-12,18:47:25,0.370914,0.577930,0.003540,29274.324163,0.056000
2026-08-12,18:47:26,0.226867,0.577930,0.003540,29274.327703,0.056000
2026-08-12,18:47:27,0.226867,0.577930,0.003540,29274.327703,0.056000
2026-08-12,18:47:27,0.123745,0.577930,0.003540,29274.331243,0.056000
2026-08-12,18:47:28,0.123745,0.577930,0.003540,29274.334783,0.056000
2026-08-12,18:47:29,0.205920,0.577930,0.003540,29274.334783,0.056000
2026-08-12,18:47:29,0.309041,0.577930,0.003540,29274.338323,0.056000
2026-08-12,18:47:30,0.103121,0.577930,0.003540,29274.341863,0.056000
2026-08-12,18:47:31,0.494982,0.567618,0.003540,29274.341863,0.056000
2026-08-12,18:47:31,0.494982,0.567618,0.003480,29274.345403,0.056000
2026-08-12,18:47:32,0.247169,0.567618,0.003480,29274.345403,0.056000
2026-08-12,18:47:33,0.474357,0.561430,0.003440,29274.348883,0.056000
2026-08-12,18:47:33,0.433109,0.544963,0.003340,29274.352323,0.056000
2026-08-12,18:47:34,0.433109,0.544963,0.003340,29274.352323,0.056000
2026-08-12,18:47:35,0.180140,0.544963,0.003340,29274.355663,0.056000
2026-08-12,18:47:35,0.521406,0.535231,0.003280,29274.359003,0.056000
2026-08-12,18:47:36,0.531074,0.526498,0.003280,29274.359003,0.056000
2026-08-12,18:47:37,0.577156,0.528593,0.003240,29274.362283,0.056000
2026-08-12,18:47:37,0.577156,0.528593,0.003240,29274.365523,0.056000
2026-08-12,18:47:38,0.232667,0.528593,0.003240,29274.365523,0.056000
2026-08-12,18:47:39,0.404031,0.515921,0.003160,29274.368763,0.056000
2026-08-12,18:47:39,0.502461,0.505229,0.003160,29274.371923,0.056000
2026-08-12,18:47:40,0.502461,0.505229,0.003100,29274.371923,0.056000
2026-08-12,18:47:41,0.318902,0.505229,0.003100,29274.375023,0.056000
2026-08-12,18:47:41,0.553184,0.502799,0.003100,29274.378123,0.056000
2026-08-12,18:47:42,0.449337,0.494110,0.003030,29274.378123,0.056000
2026-08-12,18:47:43,0.266076,0.494110,0.003030,29274.381153,0.056000
2026-08-12,18:47:43,0.266076,0.494110,0.003030,29274.384183,0.056000
2026-08-12,18:47:44,0.419262,0.486538,0.002980,29274.384183,0.056000
2026-08-12,18:47:45,0.416760,0.480778,0.002950,29274.387163,0.056000
2026-08-12,18:47:45,0.083352,0.480778,0.002950,29274.390113,0.056000
2026-08-12,18:47:46,0.083352,0.480778,0.002950,29274.390113,0.056000
2026-08-12,18:47:47,0.227957,0.480778,0.002950,29274.393063,0.056000
2026-08-12,18:47:47,0.210019,0.480778,0.002950,29274.396013,0.056000
2026-08-12,18:47:48,0.227449,0.480778,0.002950,29274.396013,0.056000
2026-08-12,18:47:49,0.289480,0.480778,0.002950,29274.398963,0.056000
2026-08-12,18:47:49,0.289480,0.489160,0.002950,29274.401913,0.056000
2026-08-12,18:47:50,0.516929,0.489160,0.003000,29274.401913,0.056000
2026-08-12,18:47:51,0.289480,0.489160,0.003000,29274.404913,0.056000
2026-08-12,18:47:51,0.392866,0.476306,0.003000,29274.407913,0.056000
2026-08-12,18:47:52,0.516929,0.476306,0.002920,29274.407913,0.056000
2026-08-12,18:47:53,0.516929,0.476306,0.002920,29274.410833,0.056000
2026-08-12,18:47:53,0.600607,0.476306,0.002920,29274.413753,0.056000
2026-08-12,18:47:54,0.268803,0.476306,0.002920,29274.413753,0.056000
2026-08-12,18:47:55,0.567007,0.479899,0.002920,29274.416673,0.056000
2026-08-12,18:47:55,0.567007,0.479899,0.002940,29274.419613,0.056000
2026-08-12,18:47:56,0.351189,0.479899,0.002940,29274.419613,0.056000
2026-08-12,18:47:57,0.454575,0.479899,0.002940,29274.422553,0.056000
2026-08-12,18:47:57,0.227126,0.479899,0.002940,29274.425493,0.056000
2026-08-12,18:47:58,0.538576,0.476041,0.002920,29274.425493,0.056000
2026-08-12,18:47:59,0.538576,0.476041,0.002920,29274.428413,0.056000
2026-08-12,18:47:59,0.516929,0.487331,0.002990,29274.431403,0.056000
2026-08-12,18:48:00,0.289480,0.487331,0.002990,29274.431403,0.056000
2026-08-12,18:48:01,0.434221,0.480507,0.002990,29274.434393,0.056000
2026-08-12,18:48:01,0.434221,0.480507,0.002940,29274.437333,0.056000
2026-08-12,18:48:02,0.186095,0.480507,0.002860,29274.437333,0.056000
2026-08-12,18:48:03,0.413543,0.466543,0.002860,29274.440193,0.056000
2026-08-12,18:48:03,0.330512,0.454660,0.002790,29274.442983,0.056000
2026-08-12,18:48:04,0.454898,0.454660,0.002790,29274.442983,0.056000
2026-08-12,18:48:05,0.454898,0.454660,0.002790,29274.445773,0.056000
2026-08-12,18:48:05,0.352158,0.454660,0.002790,29274.448563,0.056000
2026-08-12,18:48:06,0.557960,0.468530,0.002870,29274.448563,0.056000
2026-08-12,18:48:07,0.227449,0.468530,0.002870,29274.451433,0.056000
2026-08-12,18:48:07,0.496252,0.476479,0.002920,29274.454353,0.056000
2026-08-12,18:48:08,0.496252,0.476479,0.002920,29274.454353,0.056000
2026-08-12,18:48:09,0.560868,0.480873,0.002950,29274.457303,0.056000
2026-08-12,18:48:09,0.399759,0.481563,0.002950,29274.460253,0.056000
2026-08-12,18:48:10,0.559722,0.481563,0.002950,29274.460253,0.056000
2026-08-12,18:48:11,0.559722,0.481563,0.002950,29274.463203,0.056000
2026-08-12,18:48:11,0.497207,0.481563,0.002950,29274.466153,0.056000
2026-08-12,18:48:12,0.289902,0.481563,0.002950,29274.466153,0.056000
2026-08-12,18:48:13,0.559722,0.480834,0.002950,29274.469103,0.056000
2026-08-12,18:48:13,0.559722,0.474657,0.002910,29274.472013,0.056000
2026-08-12,18:48:14,0.476800,0.474657,0.002910,29274.472013,0.056000
2026-08-12,18:48:15,0.358896,0.458853,0.002810,29274.474823,0.056000
2026-08-12,18:48:15,0.580128,0.458853,0.002810,29274.477633,0.056000
2026-08-12,18:48:16,0.580128,0.458853,0.002810,29274.477633,0.056000
2026-08-12,18:48:17,0.483989,0.458853,0.002810,29274.480443,0.056000
2026-08-12,18:48:17,0.622314,0.458853,0.002810,29274.483253,0.056000
2026-08-12,18:48:18,0.471945,0.458853,0.002810,29274.483253,0.056000
2026-08-12,18:48:19,0.471945,0.458853,0.002810,29274.486063,0.056000
2026-08-12,18:48:19,0.574542,0.458853,0.002810,29274.488873,0.056000
2026-08-12,18:48:20,0.553702,0.458853,0.002810,29274.488873,0.056000
2026-08-12,18:48:21,0.544948,0.458853,0.002810,29274.491683,0.056000
2026-08-12,18:48:21,0.450283,0.458853,0.002810,29274.494493,0.056000
2026-08-12,18:48:22,0.450283,0.458853,0.002810,29274.494493,0.056000
2026-08-12,18:48:23,0.603976,0.458853,0.002810,29274.497303,0.056000
2026-08-12,18:48:23,0.604302,0.458853,0.002810,29274.500113,0.056000
2026-08-12,18:48:24,0.375084,0.452940,0.002810,29274.500113,0.056000
2026-08-12,18:48:25,0.375084,0.452940,0.002780,29274.502923,0.056000
2026-08-12,18:48:25,0.580763,0.452940,0.002780,29274.505703,0.056000
2026-08-12,18:48:26,0.498817,0.452940,0.002780,29274.505703,0.056000
2026-08-12,18:48:27,0.678404,0.452940,0.002780,29274.508483,0.056000
2026-08-12,18:48:27,0.678404,0.452940,0.002780,29274.511263,0.056000
2026-08-12,18:48:28,0.602737,0.452940,0.002780,29274.511263,0.056000
2026-08-12,18:48:29,0.685874,0.452940,0.002780,29274.514043,0.056000
2026-08-12,18:48:29,0.519601,0.452940,0.002780,29274.516823,0.056000
2026-08-12,18:48:30,0.519601,0.452940,0.002780,29274.516823,0.056000
2026-08-12,18:48:31,0.581629,0.452940,0.002780,29274.519603,0.056000
2026-08-12,18:48:31,0.540385,0.452940,0.002780,29274.522383,0.056000
2026-08-12,18:48:32,0.394572,0.452940,0.002780,29274.522383,0.056000
2026-08-12,18:48:33,0.394572,0.452940,0.002780,29274.525163,0.056000
2026-08-12,18:48:33,0.494595,0.452940,0.002780,29274.527943,0.056000
2026-08-12,18:48:34,0.498817,0.452940,0.002780,29274.527943,0.056000
2026-08-12,18:48:35,0.623197,0.561981,0.003450,29274.530723,0.056000
2026-08-12,18:48:35,0.623197,0.550258,0.003450,29274.534173,0.056000
2026-08-12,18:48:36,0.561169,0.550258,0.003370,29274.534173,0.056000
2026-08-12,18:48:37,0.519601,0.541944,0.003370,29274.537543,0.056000
2026-08-12,18:48:37,0.540385,0.527395,0.003320,29274.540863,0.056000
2026-08-12,18:48:38,0.540385,0.532744,0.003270,29274.540863,0.056000
2026-08-12,18:48:39,0.573088,0.532744,0.003270,29274.544133,0.056000
2026-08-12,18:48:39,0.499456,0.524527,0.003220,29274.547353,0.056000
2026-08-12,18:48:40,0.553702,0.525858,0.003220,29274.547353,0.056000
2026-08-12,18:48:41,0.369348,0.525858,0.003220,29274.550573,0.056000
2026-08-12,18:48:41,0.369348,0.525858,0.003220,29274.550573,0.056000
2026-08-12,18:48:42,0.397665,0.525858,0.003220,29274.553793,0.056000
2026-08-12,18:48:43,0.607461,0.547147,0.003220,29274.557013,0.056000
2026-08-12,18:48:43,0.390540,0.547147,0.003350,29274.557013,0.056000
2026-08-12,18:48:44,0.390540,0.547147,0.003350,29274.560363,0.056000
2026-08-12,18:48:44,0.164573,0.547147,0.003350,29274.563713,0.056000
2026-08-12,18:48:45,0.143680,0.547147,0.003350,29274.563713,0.056000
2026-08-12,18:48:46,0.123108,0.547147,0.003350,29274.567063,0.056000
2026-08-12,18:48:46,0.123108,0.551142,0.003350,29274.570413,0.056000
2026-08-12,18:48:47,0.534541,0.551142,0.003380,29274.570413,0.056000
2026-08-12,18:48:48,0.514291,0.552689,0.003390,29274.573793,0.056000
2026-08-12,18:48:48,0.267431,0.552689,0.003390,29274.577183,0.056000
2026-08-12,18:48:49,0.340396,0.552689,0.003390,29274.577183,0.056000
2026-08-12,18:48:50,0.340396,0.552689,0.003390,29274.580573,0.056000
2026-08-12,18:48:50,0.596577,0.550027,0.003370,29274.583943,0.056000
2026-08-12,18:48:51,0.430719,0.536982,0.003290,29274.583943,0.056000
2026-08-12,18:48:52,0.529971,0.538019,0.003290,29274.587233,0.056000
2026-08-12,18:48:52,0.529971,0.525952,0.003300,29274.590533,0.056000
2026-08-12,18:48:53,0.419711,0.525952,0.003220,29274.590533,0.056000
2026-08-12,18:48:54,0.612926,0.525952,0.003220,29274.593753,0.056000
2026-08-12,18:48:54,0.577479,0.525952,0.003220,29274.596973,0.056000
2026-08-12,18:48:55,0.577479,0.525952,0.003220,29274.596973,0.056000
2026-08-12,18:48:56,0.650308,0.525952,0.003220,29274.600193,0.056000
2026-08-12,18:48:56,0.371236,0.505766,0.003100,29274.603293,0.056000
2026-08-12,18:48:57,0.494982,0.505766,0.003100,29274.603293,0.056000
2026-08-12,18:48:58,0.494982,0.505766,0.003100,29274.606393,0.056000
2026-08-12,18:48:58,0.453411,0.505766,0.003100,29274.609493,0.056000
2026-08-12,18:48:59,0.515606,0.505766,0.003100,29274.609493,0.056000
2026-08-12,18:49:00,0.453733,0.505766,0.003100,29274.612593,0.056000
2026-08-12,18:49:00,0.185296,0.505766,0.003100,29274.615693,0.056000
2026-08-12,18:49:01,0.185296,0.505766,0.003090,29274.615693,0.056000
2026-08-12,18:49:02,0.488537,0.504674,0.003090,29274.618783,0.056000
2026-08-12,18:49:02,0.535908,0.502895,0.003080,29274.621863,0.056000
2026-08-12,18:49:03,0.288417,0.502895,0.003080,29274.621863,0.056000
2026-08-12,18:49:04,0.288417,0.489552,0.003080,29274.624943,0.056000
2026-08-12,18:49:04,0.474035,0.489552,0.003000,29274.627943,0.056000
2026-08-12,18:49:05,0.494659,0.485564,0.002980,29274.627943,0.056000
2026-08-12,18:49:06,0.299696,0.485564,0.002980,29274.630923,0.056000
2026-08-12,18:49:06,0.309041,0.485564,0.002980,29274.633903,0.056000
2026-08-12,18:49:07,0.309041,0.485564,0.002980,29274.633903,0.056000
2026-08-12,18:49:08,0.268115,0.485564,0.002980,29274.636883,0.056000
2026-08-12,18:49:08,0.556854,0.489821,0.003000,29274.639883,0.056000
2026-08-12,18:49:09,0.536230,0.483786,0.003000,29274.639883,0.056000
2026-08-12,18:49:10,0.536230,0.490019,0.002970,29274.642853,0.056000
2026-08-12,18:49:10,0.493048,0.490019,0.003000,29274.645853,0.056000
2026-08-12,18:49:11,0.639029,0.500925,0.003000,29274.645853,0.056000
2026-08-12,18:49:12,0.433109,0.500925,0.003070,29274.648923,0.056000
2026-08-12,18:49:12,0.433109,0.500925,0.003070,29274.651993,0.056000
2026-08-12,18:49:13,0.432787,0.500925,0.003070,29274.651993,0.056000
2026-08-12,18:49:14,0.515606,0.500925,0.003070,29274.655063,0.056000
2026-08-12,18:49:14,0.536230,0.500925,0.003070,29274.658133,0.056000
2026-08-12,18:49:15,0.535908,0.500925,0.003070,29274.658133,0.056000
2026-08-12,18:49:16,0.535908,0.500925,0.003070,29274.661203,0.056000
2026-08-12,18:49:16,0.618727,0.500925,0.003070,29274.664273,0.056000
2026-08-12,18:49:17,0.494982,0.500925,0.003070,29274.664273,0.056000
2026-08-12,18:49:18,0.247169,0.500925,0.003070,29274.667343,0.056000
2026-08-12,18:49:18,0.247169,0.500925,0.003070,29274.670413,0.056000
2026-08-12,18:49:19,0.309041,0.500925,0.003070,29274.670413,0.056000
2026-08-12,18:49:20,0.515284,0.510482,0.003130,29274.673543,0.056000
2026-08-12,18:49:20,0.316131,0.510482,0.003130,29274.676673,0.056000
2026-08-12,18:49:21,0.316131,0.510482,0.003130,29274.676673,0.056000
2026-08-12,18:49:22,0.268115,0.510482,0.003130,29274.679803,0.056000
2026-08-12,18:49:22,0.288417,0.510482,0.003130,29274.682933,0.056000
2026-08-12,18:49:23,0.091842,0.510482,0.003130,29274.682933,0.056000
2026-08-12,18:49:24,0.329665,0.510482,0.003130,29274.686063,0.056000
2026-08-12,18:49:24,0.329665,0.522857,0.003200,29274.689263,0.056000
2026-08-12,18:49:25,0.494982,0.522857,0.003200,29274.689263,0.056000
2026-08-12,18:49:26,0.230416,0.522857,0.003200,29274.692463,0.056000
2026-08-12,18:49:26,0.318459,0.522857,0.003200,29274.695663,0.056000
2026-08-12,18:49:27,0.544620,0.528465,0.003200,29274.695663,0.056000
2026-08-12,18:49:28,0.544620,0.528465,0.003240,29274.698903,0.056000
2026-08-12,18:49:28,0.481452,0.523019,0.003210,29274.702113,0.056000
2026-08-12,18:49:29,0.254309,0.523019,0.003210,29274.702113,0.056000
2026-08-12,18:49:30,0.418939,0.517510,0.003170,29274.705323,0.056000
2026-08-12,18:49:30,0.418939,0.517510,0.003170,29274.708493,0.056000
2026-08-12,18:49:31,0.251363,0.517510,0.003170,29274.708493,0.056000
2026-08-12,18:49:32,0.586514,0.526695,0.003230,29274.711663,0.056000
2026-08-12,18:49:32,0.397992,0.526695,0.003230,29274.714893,0.056000
2026-08-12,18:49:33,0.397992,0.526695,0.003230,29274.714893,0.056000
2026-08-12,18:49:34,0.397665,0.526695,0.003230,29274.718123,0.056000
2026-08-12,18:49:34,0.579314,0.528941,0.003230,29274.721353,0.056000
2026-08-12,18:49:35,0.225142,0.528941,0.003240,29274.721353,0.056000
2026-08-12,18:49:36,0.225142,0.528941,0.003240,29274.724593,0.056000
2026-08-12,18:49:36,0.269868,0.528941,0.003240,29274.727833,0.056000
2026-08-12,18:49:37,0.290652,0.528941,0.003240,29274.727833,0.056000
2026-08-12,18:49:38,0.228625,0.528941,0.003240,29274.731073,0.056000
2026-08-12,18:49:38,0.237068,0.528941,0.003240,29274.734313,0.056000
2026-08-12,18:49:39,0.237068,0.528941,0.003240,29274.734313,0.056000
2026-08-12,18:49:40,0.498817,0.525200,0.003220,29274.737553,0.056000
2026-08-12,18:49:40,0.326653,0.525200,0.003220,29274.740773,0.056000
2026-08-12,18:49:41,0.440198,0.519915,0.003190,29274.740773,0.056000
2026-08-12,18:49:42,0.440198,0.503692,0.003090,29274.743963,0.056000
2026-08-12,18:49:42,0.476800,0.503692,0.003090,29274.743963,0.056000
2026-08-12,18:49:43,0.600859,0.512250,0.003140,29274.747053,0.056000
2026-08-12,18:49:44,0.124059,0.512250,0.003140,29274.750193,0.056000
2026-08-12,18:49:44,0.165520,0.512250,0.003140,29274.750193,0.056000
2026-08-12,18:49:45,0.165520,0.514545,0.003140,29274.753333,0.056000
2026-08-12,18:49:46,0.517937,0.514545,0.003140,29274.756473,0.056000
2026-08-12,18:49:46,0.124383,0.514545,0.003150,29274.756473,0.056000
2026-08-12,18:49:47,0.248441,0.514545,0.003150,29274.759623,0.056000
2026-08-12,18:49:48,0.621589,0.522242,0.003150,29274.762773,0.056000
2026-08-12,18:49:48,0.621589,0.522242,0.003200,29274.762773,0.056000
2026-08-12,18:49:49,0.614787,0.535576,0.003280,29274.765973,0.056000
2026-08-12,18:49:50,0.393554,0.535576,0.003280,29274.769253,0.056000
2026-08-12,18:49:50,0.352094,0.535576,0.003280,29274.769253,0.056000
2026-08-12,18:49:51,0.352094,0.535576,0.003280,29274.772533,0.056000
2026-08-12,18:49:52,0.310633,0.535576,0.003280,29274.775813,0.056000
2026-08-12,18:49:52,0.517937,0.545475,0.003340,29274.775813,0.056000
2026-08-12,18:49:53,0.535752,0.540399,0.003310,29274.779153,0.056000
2026-08-12,18:49:54,0.535752,0.542586,0.003310,29274.782463,0.056000
2026-08-12,18:49:54,0.601183,0.542586,0.003330,29274.782463,0.056000
2026-08-12,18:49:55,0.506600,0.543364,0.003330,29274.785793,0.056000
2026-08-12,18:49:56,0.568461,0.556191,0.003330,29274.789123,0.056000
2026-08-12,18:49:56,0.649715,0.573482,0.003410,29274.789123,0.056000
2026-08-12,18:49:57,0.649715,0.573482,0.003520,29274.792533,0.056000
2026-08-12,18:49:58,0.285341,0.573482,0.003520,29274.796053,0.056000
2026-08-12,18:49:58,0.515284,0.564925,0.003460,29274.796053,0.056000
2026-08-12,18:49:59,0.577479,0.570879,0.003500,29274.799513,0.056000
2026-08-12,18:50:00,0.577479,0.570879,0.003500,29274.803013,0.056000
2026-08-12,18:50:00,0.515606,0.560280,0.003430,29274.803013,0.056000
2026-08-12,18:50:01,0.556854,0.554487,0.003400,29274.806443,0.056000
2026-08-12,18:50:02,0.618405,0.564534,0.003400,29274.809843,0.056000
2026-08-12,18:50:02,0.618405,0.565453,0.003460,29274.809843,0.056000
2026-08-12,18:50:03,0.544948,0.565453,0.003460,29274.813303,0.056000
2026-08-12,18:50:04,0.377045,0.565453,0.003470,29274.816773,0.056000
2026-08-12,18:50:04,0.502727,0.555608,0.003410,29274.816773,0.056000
2026-08-12,18:50:05,0.502727,0.557315,0.003410,29274.820183,0.056000
2026-08-12,18:50:06,0.523674,0.557315,0.003420,29274.823603,0.056000
2026-08-12,18:50:06,0.494982,0.549967,0.003370,29274.823603,0.056000
2026-08-12,18:50:07,0.639029,0.548899,0.003370,29274.826973,0.056000
2026-08-12,18:50:08,0.639029,0.553023,0.003360,29274.830333,0.056000
2026-08-12,18:50:08,0.556532,0.553023,0.003390,29274.830333,0.056000
2026-08-12,18:50:09,0.591013,0.554377,0.003390,29274.833723,0.056000
2026-08-12,18:50:10,0.252969,0.554377,0.003400,29274.837123,0.056000
2026-08-12,18:50:10,0.433109,0.546127,0.003350,29274.837123,0.056000
2026-08-12,18:50:11,0.433109,0.546127,0.003350,29274.840473,0.056000
2026-08-12,18:50:12,0.247169,0.546127,0.003350,29274.843823,0.056000
2026-08-12,18:50:12,0.123423,0.546127,0.003350,29274.843823,0.056000
2026-08-12,18:50:13,0.597780,0.550220,0.003350,29274.847173,0.056000
2026-08-12,18:50:14,0.359635,0.550220,0.003370,29274.850543,0.056000
2026-08-12,18:50:14,0.359635,0.550220,0.003370,29274.850543,0.056000
2026-08-12,18:50:15,0.271983,0.550220,0.003370,29274.853913,0.056000
2026-08-12,18:50:16,0.397665,0.528146,0.003240,29274.857153,0.056000
2026-08-12,18:50:16,0.335151,0.507166,0.003110,29274.857153,0.056000
2026-08-12,18:50:17,0.335151,0.507166,0.003110,29274.860263,0.056000
2026-08-12,18:50:18,0.652828,0.507166,0.003110,29274.863373,0.056000
2026-08-12,18:50:18,0.432004,0.500094,0.003070,29274.863373,0.056000
2026-08-12,18:50:19,0.271983,0.500094,0.003070,29274.866443,0.056000
2026-08-12,18:50:20,0.355771,0.483304,0.002960,29274.869403,0.056000
2026-08-12,18:50:20,0.355771,0.483304,0.002960,29274.869403,0.056000
2026-08-12,18:50:21,0.329988,0.466804,0.002860,29274.872263,0.056000
2026-08-12,18:50:22,0.577479,0.466804,0.002860,29274.875123,0.056000
2026-08-12,18:50:22,0.144370,0.466804,0.002860,29274.875123,0.056000
2026-08-12,18:50:23,0.144370,0.466804,0.002860,29274.877983,0.056000
2026-08-12,18:50:24,0.230416,0.466804,0.002860,29274.880843,0.056000
2026-08-12,18:50:24,0.150229,0.466804,0.002860,29274.880843,0.056000
2026-08-12,18:50:25,0.451426,0.448044,0.002750,29274.883593,0.056000
2026-08-12,18:50:26,0.378035,0.430194,0.002640,29274.886233,0.056000
2026-08-12,18:50:26,0.378035,0.430194,0.002640,29274.886233,0.056000
2026-08-12,18:50:27,0.242311,0.430194,0.002640,29274.888873,0.056000
2026-08-12,18:50:28,0.330512,0.404144,0.002480,29274.891353,0.056000
2026-08-12,18:50:28,0.619992,0.404144,0.002480,29274.891353,0.056000
2026-08-12,18:50:29,0.372189,0.398052,0.002480,29274.893833,0.056000
2026-08-12,18:50:29,0.372189,0.398052,0.002270,29274.896313,0.056000
2026-08-12,18:50:30,0.320819,0.370356,0.002270,29274.896313,0.056000
2026-08-12,18:50:31,0.289480,0.359538,0.002200,29274.898583,0.056000
2026-08-12,18:50:31,0.256429,0.351665,0.002150,29274.900783,0.056000
2026-08-12,18:50:32,0.256429,0.351665,0.002150,29274.900783,0.056000
2026-08-12,18:50:33,0.620513,0.351665,0.002150,29274.902933,0.056000
2026-08-12,18:50:33,0.610623,0.351665,0.002150,29274.905083,0.056000
2026-08-12,18:50:34,0.206772,0.351665,0.002150,29274.905083,0.056000
2026-08-12,18:50:35,0.599638,0.351665,0.002150,29274.907233,0.056000
2026-08-12,18:50:35,0.599638,0.351665,0.002150,29274.909383,0.056000
2026-08-12,18:50:36,0.527825,0.351665,0.002150,29274.909383,0.056000
2026-08-12,18:50:37,0.288417,0.337307,0.002070,29274.911533,0.056000
2026-08-12,18:50:37,0.639351,0.337307,0.002070,29274.913603,0.056000
2026-08-12,18:50:38,0.639351,0.337307,0.002070,29274.913603,0.056000
2026-08-12,18:50:39,0.494982,0.337307,0.002070,29274.915673,0.056000
2026-08-12,18:50:39,0.251036,0.326833,0.002070,29274.917743,0.056000
2026-08-12,18:50:40,0.226288,0.316463,0.001940,29274.917743,0.056000
2026-08-12,18:50:41,0.292166,0.300537,0.001840,29274.919683,0.056000
2026-08-12,18:50:41,0.292166,0.285683,0.001840,29274.921523,0.056000
2026-08-12,18:50:42,0.229489,0.285683,0.001750,29274.921523,0.056000
2026-08-12,18:50:43,0.563766,0.285683,0.001750,29274.923273,0.056000
2026-08-12,18:50:43,0.605550,0.285683,0.001750,29274.925023,0.056000
2026-08-12,18:50:44,0.605550,0.285683,0.001750,29274.925023,0.056000
2026-08-12,18:50:45,0.521981,0.285683,0.001750,29274.926773,0.056000
2026-08-12,18:50:45,0.376061,0.285683,0.001750,29274.928523,0.056000
2026-08-12,18:50:46,0.369028,0.285683,0.001750,29274.928523,0.056000
2026-08-12,18:50:47,0.492465,0.285683,0.001750,29274.930273,0.056000
2026-08-12,18:50:47,0.492465,0.285683,0.001750,29274.932023,0.056000
2026-08-12,18:50:48,0.471945,0.285683,0.001750,29274.932023,0.056000
2026-08-12,18:50:49,0.510098,0.285683,0.001750,29274.933773,0.056000
2026-08-12,18:50:49,0.545687,0.285683,0.001750,29274.935523,0.056000
2026-08-12,18:50:50,0.545687,0.285683,0.001750,29274.935523,0.056000
2026-08-12,18:50:51,0.558191,0.285683,0.001750,29274.937273,0.056000
2026-08-12,18:50:51,0.532862,0.285683,0.001750,29274.939023,0.056000
2026-08-12,18:50:52,0.516831,0.285683,0.001750,29274.939023,0.056000
2026-08-12,18:50:53,0.516831,0.285683,0.001750,29274.940773,0.056000
2026-08-12,18:50:53,0.588054,0.285683,0.001750,29274.942523,0.056000
2026-08-12,18:50:54,0.315029,0.284134,0.001740,29274.942523,0.056000
2026-08-12,18:50:55,0.441041,0.284134,0.001740,29274.944263,0.056000
2026-08-12,18:50:55,0.441041,0.284134,0.001740,29274.946003,0.056000
2026-08-12,18:50:56,0.329146,0.284134,0.001740,29274.946003,0.056000
2026-08-12,18:50:57,0.416648,0.284134,0.001740,29274.947743,0.056000
2026-08-12,18:50:57,0.474357,0.284134,0.001740,29274.949483,0.056000
2026-08-12,18:50:58,0.474357,0.284134,0.001740,29274.949483,0.056000
2026-08-12,18:50:59,0.607134,0.284134,0.001740,29274.951223,0.056000
2026-08-12,18:50:59,0.540693,0.284134,0.001740,29274.952963,0.056000
2026-08-12,18:51:00,0.397992,0.284134,0.001740,29274.952963,0.056000
2026-08-12,18:51:01,0.586514,0.284134,0.001740,29274.954703,0.056000
2026-08-12,18:51:01,0.586514,0.284134,0.001740,29274.956443,0.056000
2026-08-12,18:51:02,0.555434,0.284134,0.001740,29274.956443,0.056000
2026-08-12,18:51:03,0.513005,0.284134,0.001740,29274.958183,0.056000
2026-08-12,18:51:03,0.522969,0.284134,0.001740,29274.959923,0.056000
2026-08-12,18:51:04,0.522969,0.284134,0.001740,29274.959923,0.056000
2026-08-12,18:51:05,0.576006,0.284134,0.001740,29274.961663,0.056000
2026-08-12,18:51:05,0.473148,0.284134,0.001740,29274.963403,0.056000
2026-08-12,18:51:06,0.617149,0.284134,0.001740,29274.963403,0.056000
2026-08-12,18:51:07,0.617149,0.284134,0.001740,29274.965143,0.056000
2026-08-12,18:51:07,0.563148,0.284134,0.001740,29274.966883,0.056000
2026-08-12,18:51:08,0.563791,0.284134,0.001740,29274.966883,0.056000
2026-08-12,18:51:09,0.538630,0.284134,0.001740,29274.968623,0.056000
2026-08-12,18:51:09,0.538630,0.284134,0.001740,29274.970363,0.056000
2026-08-12,18:51:10,0.459304,0.284134,0.001740,29274.970363,0.056000
2026-08-12,18:51:11,0.229489,0.269864,0.001650,29274.972013,0.056000
2026-08-12,18:51:11,0.114581,0.269864,0.001650,29274.973663,0.056000
2026-08-12,18:51:12,0.111253,0.269864,0.001650,29274.973663,0.056000
2026-08-12,18:51:13,0.111253,0.258302,0.001650,29274.975313,0.056000
2026-08-12,18:51:13,0.205194,0.258302,0.001580,29274.976893,0.056000
2026-08-12,18:51:14,0.302231,0.258302,0.001580,29274.976893,0.056000
2026-08-12,18:51:15,0.433109,0.258302,0.001580,29274.978473,0.056000
2026-08-12,18:51:15,0.319353,0.258302,0.001580,29274.980053,0.056000
2026-08-12,18:51:16,0.319353,0.258302,0.001580,29274.980053,0.056000
2026-08-12,18:51:17,0.267148,0.258302,0.001580,29274.981633,0.056000
2026-08-12,18:51:17,0.412485,0.258302,0.001580,29274.983213,0.056000
2026-08-12,18:51:18,0.644185,0.258302,0.001580,29274.983213,0.056000
2026-08-12,18:51:19,0.644185,0.258302,0.001580,29274.984793,0.056000
2026-08-12,18:51:19,0.430209,0.258302,0.001580,29274.986373,0.056000
2026-08-12,18:51:20,0.565567,0.258302,0.001580,29274.986373,0.056000
2026-08-12,18:51:21,0.453733,0.258302,0.001580,29274.987953,0.056000
2026-08-12,18:51:21,0.453733,0.258302,0.001580,29274.989533,0.056000
2026-08-12,18:51:22,0.479836,0.258302,0.001580,29274.989533,0.056000
2026-08-12,18:51:23,0.586187,0.258302,0.001580,29274.991113,0.056000
2026-08-12,18:51:23,0.511891,0.258302,0.001580,29274.992693,0.056000
2026-08-12,18:51:24,0.511891,0.258302,0.001580,29274.992693,0.056000
2026-08-12,18:51:25,0.572113,0.258302,0.001580,29274.994273,0.056000
2026-08-12,18:51:25,0.307790,0.260133,0.001580,29274.995853,0.056000
2026-08-12,18:51:26,0.504046,0.260133,0.001590,29274.995853,0.056000
2026-08-12,18:51:27,0.272697,0.261759,0.001600,29274.997443,0.056000
2026-08-12,18:51:27,0.272697,0.261759,0.001600,29274.999043,0.056000
2026-08-12,18:51:28,0.246538,0.257572,0.001580,29274.999043,0.056000
2026-08-12,18:51:29,0.473148,0.257572,0.001580,29275.000623,0.056000
2026-08-12,18:51:29,0.589827,0.257572,0.001580,29275.002203,0.056000
2026-08-12,18:51:30,0.589827,0.257572,0.001580,29275.002203,0.056000
2026-08-12,18:51:31,0.534541,0.257572,0.001610,29275.003783,0.056000
2026-08-12,18:51:31,0.308574,0.263325,0.001610,29275.005393,0.056000
2026-08-12,18:51:32,0.143680,0.263325,0.001610,29275.005393,0.056000
2026-08-12,18:51:33,0.107358,0.263325,0.001610,29275.007003,0.056000
2026-08-12,18:51:33,0.107358,0.274534,0.001610,29275.008613,0.056000
2026-08-12,18:51:34,0.338374,0.274534,0.001680,29275.008613,0.056000
2026-08-12,18:51:35,0.247803,0.270098,0.001650,29275.010293,0.056000
2026-08-12,18:51:35,0.516929,0.270098,0.001650,29275.011943,0.056000
2026-08-12,18:51:36,0.516929,0.270098,0.001650,29275.011943,0.056000
2026-08-12,18:51:37,0.546653,0.270098,0.001650,29275.013593,0.056000
2026-08-12,18:51:37,0.517575,0.270098,0.001650,29275.015243,0.056000
2026-08-12,18:51:38,0.619992,0.270098,0.001650,29275.015243,0.056000
2026-08-12,18:51:39,0.619992,0.270098,0.001650,29275.016893,0.056000
2026-08-12,18:51:39,0.599638,0.270098,0.001650,29275.018543,0.056000
2026-08-12,18:51:40,0.558284,0.270098,0.001650,29275.018543,0.056000
2026-08-12,18:51:41,0.619992,0.270098,0.001650,29275.020193,0.056000
2026-08-12,18:51:41,0.537606,0.270098,0.001650,29275.021843,0.056000
2026-08-12,18:51:42,0.537606,0.270098,0.001650,29275.021843,0.056000
2026-08-12,18:51:43,0.516929,0.270098,0.001650,29275.023493,0.056000
2026-08-12,18:51:43,0.537606,0.557120,0.003420,29275.026913,0.056000
2026-08-12,18:51:44,0.620315,0.567459,0.003480,29275.026913,0.056000
2026-08-12,18:51:45,0.620315,0.567459,0.003480,29275.030393,0.056000
2026-08-12,18:51:45,0.310158,0.567459,0.003480,29275.033873,0.056000
2026-08-12,18:51:46,0.569888,0.569782,0.003490,29275.033873,0.056000
2026-08-12,18:51:47,0.482155,0.566240,0.003490,29275.037363,0.056000
2026-08-12,18:51:47,0.482155,0.560650,0.003470,29275.040833,0.056000
2026-08-12,18:51:48,0.564092,0.560650,0.003470,29275.040833,0.056000
2026-08-12,18:51:49,0.349718,0.560650,0.003440,29275.044273,0.056000
2026-08-12,18:51:49,0.483045,0.548991,0.003370,29275.047643,0.056000
2026-08-12,18:51:50,0.483045,0.549868,0.003370,29275.047643,0.056000
2026-08-12,18:51:51,0.567052,0.549868,0.003370,29275.051013,0.056000
2026-08-12,18:51:51,0.509148,0.538784,0.003300,29275.051013,0.056000
2026-08-12,18:51:52,0.555434,0.540566,0.003300,29275.054313,0.056000
2026-08-12,18:51:53,0.205395,0.540566,0.003310,29275.057623,0.056000
2026-08-12,18:51:53,0.205395,0.540566,0.003310,29275.057623,0.056000
2026-08-12,18:51:54,0.514291,0.540303,0.003310,29275.060933,0.056000
2026-08-12,18:51:55,0.534541,0.539996,0.003310,29275.064243,0.056000
2026-08-12,18:51:55,0.345539,0.539996,0.003310,29275.064243,0.056000
2026-08-12,18:51:56,0.345539,0.533797,0.003310,29275.067553,0.056000
2026-08-12,18:51:57,0.558327,0.533797,0.003270,29275.070823,0.056000
2026-08-12,18:51:57,0.250708,0.533797,0.003270,29275.070823,0.056000
2026-08-12,18:51:58,0.208597,0.533797,0.003270,29275.074093,0.056000
2026-08-12,18:51:59,0.438412,0.520650,0.003270,29275.077363,0.056000
2026-08-12,18:51:59,0.438412,0.520650,0.003190,29275.077363,0.056000
2026-08-12,18:52:00,0.292492,0.520650,0.003190,29275.080553,0.056000
2026-08-12,18:52:01,0.334277,0.520650,0.003190,29275.083743,0.056000
2026-08-12,18:52:01,0.531833,0.525617,0.003220,29275.083743,0.056000
2026-08-12,18:52:02,0.546864,0.523895,0.003220,29275.086963,0.056000
2026-08-12,18:52:03,0.546864,0.523895,0.003210,29275.090173,0.056000
2026-08-12,18:52:03,0.153506,0.523895,0.003210,29275.090173,0.056000
2026-08-12,18:52:04,0.564092,0.531999,0.003210,29275.093383,0.056000
2026-08-12,18:52:05,0.584984,0.533793,0.003270,29275.096653,0.056000
2026-08-12,18:52:05,0.584984,0.541376,0.003320,29275.096653,0.056000
2026-08-12,18:52:06,0.584984,0.541376,0.003320,29275.099973,0.056000
2026-08-12,18:52:07,0.459631,0.531796,0.003260,29275.103233,0.056000
2026-08-12,18:52:07,0.564092,0.536776,0.003290,29275.103233,0.056000
2026-08-12,18:52:08,0.327989,0.536776,0.003290,29275.106523,0.056000
2026-08-12,18:52:09,0.327989,0.536776,0.003290,29275.109813,0.056000
2026-08-12,18:52:09,0.369028,0.536776,0.003290,29275.109813,0.056000
2026-08-12,18:52:10,0.369028,0.536776,0.003290,29275.113103,0.056000
2026-08-12,18:52:11,0.554023,0.538724,0.003300,29275.116403,0.056000
2026-08-12,18:52:11,0.286950,0.538724,0.003300,29275.116403,0.056000
2026-08-12,18:52:12,0.286950,0.538724,0.003300,29275.119703,0.056000
2026-08-12,18:52:13,0.302661,0.538724,0.003300,29275.123003,0.056000
2026-08-12,18:52:13,0.102597,0.538724,0.003300,29275.123003,0.056000
2026-08-12,18:52:14,0.451105,0.528002,0.003300,29275.126303,0.056000
2026-08-12,18:52:15,0.451105,0.535459,0.003280,29275.129603,0.056000
2026-08-12,18:52:15,0.512984,0.535459,0.003280,29275.129603,0.056000
2026-08-12,18:52:16,0.348829,0.535459,0.003280,29275.132883,0.056000
2026-08-12,18:52:17,0.307790,0.535459,0.003280,29275.136163,0.056000
2026-08-12,18:52:17,0.320294,0.535459,0.003280,29275.136163,0.056000
2026-08-12,18:52:18,0.320294,0.535459,0.003280,29275.139443,0.056000
2026-08-12,18:52:19,0.184674,0.535459,0.003280,29275.142723,0.056000
2026-08-12,18:52:19,0.395596,0.521836,0.003280,29275.142723,0.056000
2026-08-12,18:52:20,0.492144,0.516364,0.003170,29275.146003,0.056000
2026-08-12,18:52:21,0.492144,0.519428,0.003180,29275.149173,0.056000
2026-08-12,18:52:21,0.594741,0.519428,0.003180,29275.149173,0.056000
2026-08-12,18:52:22,0.307470,0.519428,0.003180,29275.152353,0.056000
2026-08-12,18:52:23,0.594741,0.520404,0.003190,29275.155533,0.056000
2026-08-12,18:52:23,0.210019,0.520404,0.003190,29275.155533,0.056000
2026-08-12,18:52:24,0.210019,0.520404,0.003190,29275.158723,0.056000
2026-08-12,18:52:25,0.144370,0.520404,0.003190,29275.161913,0.056000
2026-08-12,18:52:25,0.206242,0.520404,0.003190,29275.161913,0.056000
2026-08-12,18:52:26,0.474357,0.509341,0.003120,29275.165103,0.056000
2026-08-12,18:52:27,0.474357,0.521706,0.003120,29275.168223,0.056000
2026-08-12,18:52:27,0.583279,0.521706,0.003200,29275.168223,0.056000
2026-08-12,18:52:28,0.370914,0.521706,0.003200,29275.171423,0.056000
2026-08-12,18:52:29,0.247169,0.521706,0.003200,29275.174623,0.056000
2026-08-12,18:52:29,0.208820,0.521706,0.003200,29275.174623,0.056000
2026-08-12,18:52:30,0.208820,0.521706,0.003200,29275.177823,0.056000
2026-08-12,18:52:31,0.105286,0.521706,0.003200,29275.181023,0.056000
2026-08-12,18:52:31,0.105286,0.521706,0.003200,29275.181023,0.056000
2026-08-12,18:52:32,0.285103,0.521706,0.003200,29275.184223,0.056000
2026-08-12,18:52:33,0.206980,0.521706,0.003200,29275.187423,0.056000
2026-08-12,18:52:33,0.206980,0.521706,0.003200,29275.187423,0.056000
2026-08-12,18:52:34,0.538991,0.519196,0.003180,29275.190623,0.056000
2026-08-12,18:52:35,0.379031,0.501697,0.003180,29275.193803,0.056000
2026-08-12,18:52:35,0.105286,0.501697,0.003080,29275.193803,0.056000
2026-08-12,18:52:36,0.105286,0.498701,0.003060,29275.196883,0.056000
2026-08-12,18:52:37,0.421146,0.498701,0.003060,29275.199943,0.056000
2026-08-12,18:52:37,0.266752,0.498701,0.003060,29275.199943,0.056000
2026-08-12,18:52:38,0.231913,0.498701,0.003060,29275.203003,0.056000
2026-08-12,18:52:39,0.499124,0.497315,0.003060,29275.206063,0.056000
2026-08-12,18:52:39,0.499124,0.497315,0.003050,29275.206063,0.056000
2026-08-12,18:52:40,0.330512,0.497315,0.003050,29275.209113,0.056000
2026-08-12,18:52:41,0.460713,0.503827,0.003090,29275.212203,0.056000
2026-08-12,18:52:41,0.475575,0.502170,0.003080,29275.212203,0.056000
2026-08-12,18:52:42,0.475575,0.496456,0.003080,29275.215283,0.056000
2026-08-12,18:52:43,0.537606,0.496456,0.003040,29275.218323,0.056000
2026-08-12,18:52:43,0.516606,0.488643,0.002990,29275.218323,0.056000
2026-08-12,18:52:44,0.446809,0.485888,0.002990,29275.221313,0.056000
2026-08-12,18:52:45,0.315859,0.459146,0.002980,29275.224293,0.056000
2026-08-12,18:52:45,0.315859,0.432127,0.002650,29275.224293,0.056000
2026-08-12,18:52:46,0.268803,0.432127,0.002650,29275.226943,0.056000
2026-08-12,18:52:47,0.376066,0.432127,0.002650,29275.229593,0.056000
2026-08-12,18:52:47,0.413543,0.432127,0.002650,29275.229593,0.056000
2026-08-12,18:52:48,0.392543,0.432127,0.002650,29275.232243,0.056000
2026-08-12,18:52:49,0.392543,0.432127,0.002650,29275.234893,0.056000
2026-08-12,18:52:49,0.232618,0.432127,0.002650,29275.234893,0.056000
2026-08-12,18:52:50,0.276557,0.432127,0.002650,29275.237543,0.056000
2026-08-12,18:52:51,0.413543,0.435579,0.002670,29275.240213,0.056000
2026-08-12,18:52:51,0.413543,0.429134,0.002630,29275.240213,0.056000
2026-08-12,18:52:52,0.356705,0.429134,0.002630,29275.242843,0.056000
2026-08-12,18:52:53,0.398709,0.419093,0.002570,29275.245413,0.056000
2026-08-12,18:52:53,0.206449,0.419093,0.002570,29275.245413,0.056000
2026-08-12,18:52:54,0.144740,0.419093,0.002570,29275.247983,0.056000
2026-08-12,18:52:55,0.144740,0.419093,0.002570,29275.250553,0.056000
2026-08-12,18:52:55,0.599638,0.419093,0.002570,29275.250553,0.056000
2026-08-12,18:52:56,0.496252,0.419093,0.002570,29275.253123,0.056000
2026-08-12,18:52:57,0.434221,0.419093,0.002570,29275.255693,0.056000
2026-08-12,18:52:57,0.434221,0.419093,0.002570,29275.255693,0.056000
2026-08-12,18:52:58,0.162510,0.419093,0.002570,29275.258263,0.056000
2026-08-12,18:52:59,0.227449,0.419093,0.002570,29275.260833,0.056000
2026-08-12,18:52:59,0.117278,0.419093,0.002570,29275.260833,0.056000
2026-08-12,18:53:00,0.165417,0.419093,0.002570,29275.263403,0.056000
2026-08-12,18:53:01,0.165417,0.419093,0.002570,29275.265973,0.056000
2026-08-12,18:53:01,0.289157,0.419093,0.002570,29275.265973,0.056000
2026-08-12,18:53:02,0.619992,0.419093,0.002570,29275.268543,0.056000
2026-08-12,18:53:03,0.516929,0.419093,0.002570,29275.271113,0.056000
2026-08-12,18:53:03,0.309834,0.404005,0.002570,29275.271113,0.056000
2026-08-12,18:53:04,0.309834,0.404005,0.002480,29275.273593,0.056000
2026-08-12,18:53:05,0.591884,0.404005,0.002480,29275.276073,0.056000
2026-08-12,18:53:05,0.206449,0.404005,0.002480,29275.276073,0.056000
2026-08-12,18:53:06,0.082709,0.404005,0.002480,29275.278553,0.056000
2026-08-12,18:53:07,0.082709,0.387463,0.002370,29275.280923,0.056000
2026-08-12,18:53:07,0.310158,0.387463,0.002370,29275.280923,0.056000
2026-08-12,18:53:08,0.227449,0.356448,0.002180,29275.283103,0.056000
2026-08-12,18:53:09,0.434221,0.356448,0.002180,29275.285283,0.056000
2026-08-12,18:53:09,0.537283,0.356448,0.002180,29275.285283,0.056000
2026-08-12,18:53:10,0.537283,0.356448,0.002180,29275.287463,0.056000
2026-08-12,18:53:11,0.661669,0.356448,0.002180,29275.289643,0.056000
2026-08-12,18:53:11,0.292065,0.333993,0.002050,29275.289643,0.056000
2026-08-12,18:53:12,0.494960,0.333993,0.002050,29275.291693,0.056000
2026-08-12,18:53:13,0.494960,0.333993,0.002050,29275.293743,0.056000
2026-08-12,18:53:13,0.378702,0.333993,0.002050,29275.293743,0.056000
2026-08-12,18:53:14,0.484318,0.333993,0.002050,29275.295793,0.056000
2026-08-12,18:53:15,0.428413,0.333993,0.002050,29275.297843,0.056000
2026-08-12,18:53:15,0.428413,0.333993,0.002050,29275.297843,0.056000
2026-08-12,18:53:16,0.624915,0.333993,0.002050,29275.299893,0.056000
2026-08-12,18:53:17,0.393554,0.328668,0.002050,29275.301943,0.056000
2026-08-12,18:53:17,0.327152,0.329797,0.002020,29275.301943,0.056000
2026-08-12,18:53:18,0.327152,0.329797,0.002020,29275.303963,0.056000
2026-08-12,18:53:19,0.538991,0.329797,0.002020,29275.305983,0.056000
2026-08-12,18:53:19,0.600859,0.329797,0.002020,29275.305983,0.056000
2026-08-12,18:53:20,0.579404,0.329797,0.002020,29275.308003,0.056000
2026-08-12,18:53:21,0.391538,0.342071,0.002020,29275.310023,0.056000
2026-08-12,18:53:21,0.391538,0.342071,0.002100,29275.310023,0.056000
2026-08-12,18:53:22,0.536230,0.342071,0.002100,29275.312123,0.056000
2026-08-12,18:53:23,0.412485,0.342071,0.002100,29275.314223,0.056000
2026-08-12,18:53:23,0.329665,0.342071,0.002100,29275.314223,0.056000
2026-08-12,18:53:24,0.329665,0.342071,0.002100,29275.316323,0.056000
2026-08-12,18:53:25,0.519795,0.342071,0.002100,29275.318423,0.056000
2026-08-12,18:53:25,0.378702,0.342071,0.002100,29275.318423,0.056000
2026-08-12,18:53:26,0.526103,0.342071,0.002100,29275.320523,0.056000
2026-08-12,18:53:27,0.526103,0.342071,0.002100,29275.322623,0.056000
2026-08-12,18:53:27,0.207304,0.342071,0.002100,29275.322623,0.056000
2026-08-12,18:53:28,0.124383,0.342071,0.002100,29275.324723,0.056000
2026-08-12,18:53:29,0.580452,0.342071,0.002100,29275.326823,0.056000
2026-08-12,18:53:29,0.528950,0.342071,0.002100,29275.326823,0.056000
2026-08-12,18:53:30,0.528950,0.342071,0.002100,29275.328923,0.056000
2026-08-12,18:53:31,0.435339,0.342071,0.002100,29275.331023,0.056000
2026-08-12,18:53:31,0.331363,0.342071,0.002100,29275.331023,0.056000
2026-08-12,18:53:32,0.331363,0.342071,0.002100,29275.333123,0.056000
2026-08-12,18:53:33,0.331363,0.342071,0.002100,29275.335223,0.056000
2026-08-12,18:53:33,0.294761,0.342071,0.002100,29275.335223,0.056000
2026-08-12,18:53:34,0.414609,0.342177,0.002100,29275.337323,0.056000
2026-08-12,18:53:35,0.470970,0.353604,0.002170,29275.339493,0.056000
2026-08-12,18:53:35,0.310957,0.353604,0.002170,29275.339493,0.056000
2026-08-12,18:53:36,0.310957,0.353604,0.002170,29275.341663,0.056000
2026-08-12,18:53:37,0.538991,0.353604,0.002170,29275.343833,0.056000
2026-08-12,18:53:37,0.310957,0.344829,0.002110,29275.343833,0.056000
2026-08-12,18:53:38,0.559722,0.344829,0.002110,29275.345943,0.056000
2026-08-12,18:53:39,0.559722,0.338722,0.002110,29275.348053,0.056000
2026-08-12,18:53:39,0.248765,0.338722,0.002070,29275.348053,0.056000
2026-08-12,18:53:40,0.497531,0.338722,0.002070,29275.350123,0.056000
2026-08-12,18:53:41,0.393554,0.338722,0.002070,29275.352193,0.056000
2026-08-12,18:53:41,0.269496,0.334655,0.002050,29275.352193,0.056000
2026-08-12,18:53:42,0.269496,0.341358,0.002050,29275.354243,0.056000
2026-08-12,18:53:43,0.294473,0.341358,0.002090,29275.356333,0.056000
2026-08-12,18:53:43,0.247169,0.336868,0.002060,29275.356333,0.056000
2026-08-12,18:53:44,0.164672,0.336868,0.002060,29275.358393,0.056000
2026-08-12,18:53:45,0.164994,0.336868,0.002060,29275.360453,0.056000
2026-08-12,18:53:45,0.164994,0.336868,0.002060,29275.360453,0.056000
2026-08-12,18:53:46,0.433109,0.340824,0.002090,29275.362543,0.056000
2026-08-12,18:53:47,0.474035,0.355512,0.002180,29275.364723,0.056000
2026-08-12,18:53:47,0.268115,0.355512,0.002180,29275.364723,0.056000
2026-08-12,18:53:48,0.268115,0.355512,0.002180,29275.366903,0.056000
2026-08-12,18:53:49,0.577156,0.355512,0.002180,29275.369083,0.056000
2026-08-12,18:53:49,0.474035,0.355512,0.002180,29275.369083,0.056000
2026-08-12,18:53:50,0.125354,0.355512,0.002180,29275.371263,0.056000
2026-08-12,18:53:51,0.272310,0.343589,0.002100,29275.373363,0.056000
2026-08-12,18:53:51,0.272310,0.326752,0.002100,29275.373363,0.056000
2026-08-12,18:53:52,0.246232,0.326752,0.002000,29275.375363,0.056000
2026-08-12,18:53:53,0.245912,0.304246,0.001860,29275.377223,0.056000
2026-08-12,18:53:53,0.648925,0.304246,0.001860,29275.377223,0.056000
2026-08-12,18:53:54,0.286309,0.301781,0.001860,29275.379083,0.056000
2026-08-12,18:53:55,0.286309,0.301781,0.001860,29275.380943,0.056000
2026-08-12,18:53:55,0.266431,0.303548,0.001860,29275.380943,0.056000
2026-08-12,18:53:56,0.253927,0.301991,0.001850,29275.382793,0.056000
2026-08-12,18:53:57,0.204873,0.293031,0.001790,29275.382793,0.056000
2026-08-12,18:53:57,0.204873,0.293031,0.001790,29275.384583,0.056000
2026-08-12,18:53:58,0.313241,0.293031,0.001790,29275.386373,0.056000
2026-08-12,18:53:59,0.327989,0.293031,0.001790,29275.386373,0.056000
2026-08-12,18:53:59,0.350665,0.293031,0.001790,29275.388163,0.056000
2026-08-12,18:54:00,0.541462,0.293031,0.001790,29275.389953,0.056000
2026-08-12,18:54:00,0.541462,0.300743,0.001790,29275.389953,0.056000
2026-08-12,18:54:01,0.324291,0.300743,0.001840,29275.391793,0.056000
2026-08-12,18:54:02,0.416760,0.299108,0.001830,29275.393623,0.056000
2026-08-12,18:54:02,0.267964,0.299108,0.001830,29275.393623,0.056000
2026-08-12,18:54:03,0.429496,0.299108,0.001830,29275.395453,0.056000
2026-08-12,18:54:04,0.429496,0.299108,0.001830,29275.397283,0.056000
2026-08-12,18:54:04,0.498817,0.299108,0.001830,29275.397283,0.056000
2026-08-12,18:54:05,0.207841,0.299108,0.001830,29275.399113,0.056000
2026-08-12,18:54:06,0.394572,0.299108,0.001830,29275.400943,0.056000
2026-08-12,18:54:06,0.394572,0.299108,0.001830,29275.400943,0.056000
2026-08-12,18:54:07,0.436465,0.299108,0.001830,29275.402773,0.056000
2026-08-12,18:54:08,0.540061,0.299108,0.001830,29275.404603,0.056000
2026-08-12,18:54:08,0.228625,0.274567,0.001830,29275.404603,0.056000
2026-08-12,18:54:09,0.581953,0.274567,0.001680,29275.406433,0.056000
2026-08-12,18:54:10,0.581953,0.274567,0.001690,29275.408113,0.056000
2026-08-12,18:54:10,0.290977,0.276434,0.001690,29275.408113,0.056000
2026-08-12,18:54:11,0.394897,0.276434,0.001690,29275.409803,0.056000
2026-08-12,18:54:12,0.417954,0.276434,0.001690,29275.411493,0.056000
2026-08-12,18:54:12,0.417954,0.276434,0.001690,29275.411493,0.056000
2026-08-12,18:54:13,0.456924,0.276434,0.001690,29275.413183,0.056000
2026-08-12,18:54:14,0.478033,0.276434,0.001690,29275.414873,0.056000
2026-08-12,18:54:14,0.540385,0.276434,0.001690,29275.414873,0.056000
2026-08-12,18:54:15,0.540385,0.276434,0.001690,29275.416563,0.056000
2026-08-12,18:54:16,0.436465,0.276434,0.001690,29275.418253,0.056000
2026-08-12,18:54:16,0.602413,0.276434,0.001690,29275.418253,0.056000
2026-08-12,18:54:17,0.436140,0.276434,0.001690,29275.419943,0.056000
2026-08-12,18:54:18,0.436140,0.276434,0.001690,29275.421633,0.056000
2026-08-12,18:54:18,0.083136,0.276434,0.001690,29275.421633,0.056000
2026-08-12,18:54:19,0.561169,0.276434,0.001690,29275.423323,0.056000
2026-08-12,18:54:20,0.269868,0.278797,0.001690,29275.425013,0.056000
2026-08-12,18:54:20,0.266296,0.280836,0.001710,29275.425013,0.056000
2026-08-12,18:54:21,0.266296,0.272956,0.001670,29275.426723,0.056000
2026-08-12,18:54:22,0.207516,0.272956,0.001670,29275.428393,0.056000
2026-08-12,18:54:22,0.228625,0.269176,0.001650,29275.428393,0.056000
2026-08-12,18:54:23,0.613779,0.269176,0.001650,29275.430043,0.056000
2026-08-12,18:54:24,0.613779,0.269176,0.001650,29275.431693,0.056000
2026-08-12,18:54:24,0.483223,0.269176,0.001650,29275.431693,0.056000
2026-08-12,18:54:25,0.480576,0.269176,0.001650,29275.433343,0.056000
2026-08-12,18:54:26,0.270894,0.270872,0.001650,29275.434993,0.056000
2026-08-12,18:54:26,0.437598,0.270872,0.001660,29275.434993,0.056000
2026-08-12,18:54:27,0.437598,0.270872,0.001660,29275.436653,0.056000
2026-08-12,18:54:28,0.590627,0.270872,0.001660,29275.438313,0.056000
2026-08-12,18:54:28,0.291732,0.279558,0.001710,29275.438313,0.056000
2026-08-12,18:54:29,0.208380,0.267967,0.001710,29275.440023,0.056000
2026-08-12,18:54:30,0.291406,0.267967,0.001640,29275.441663,0.056000
2026-08-12,18:54:30,0.291406,0.267967,0.001640,29275.441663,0.056000
2026-08-12,18:54:31,0.153575,0.267967,0.001640,29275.443303,0.056000
2026-08-12,18:54:32,0.500112,0.267967,0.001640,29275.444943,0.056000
2026-08-12,18:54:32,0.449147,0.267967,0.001640,29275.444943,0.056000
2026-08-12,18:54:33,0.449147,0.257354,0.001640,29275.446583,0.056000
2026-08-12,18:54:34,0.310633,0.257354,0.001570,29275.448153,0.056000
2026-08-12,18:54:34,0.518261,0.257354,0.001570,29275.448153,0.056000
2026-08-12,18:54:35,0.286339,0.263126,0.001570,29275.449723,0.056000
2026-08-12,18:54:36,0.590818,0.263126,0.001610,29275.451333,0.056000
2026-08-12,18:54:36,0.590818,0.259398,0.001590,29275.451333,0.056000
2026-08-12,18:54:37,0.253698,0.259398,0.001590,29275.452923,0.056000
2026-08-12,18:54:38,0.293683,0.261780,0.001600,29275.454523,0.056000
2026-08-12,18:54:38,0.415196,0.261780,0.001600,29275.454523,0.056000
2026-08-12,18:54:39,0.560114,0.261780,0.001600,29275.456123,0.056000
2026-08-12,18:54:40,0.560114,0.261780,0.001600,29275.457723,0.056000
2026-08-12,18:54:40,0.307790,0.265929,0.001630,29275.457723,0.056000
2026-08-12,18:54:41,0.184674,0.265929,0.001630,29275.459353,0.056000
2026-08-12,18:54:42,0.295607,0.274738,0.001680,29275.461033,0.056000
2026-08-12,18:54:42,0.295607,0.274738,0.001680,29275.461033,0.056000
2026-08-12,18:54:43,0.542873,0.274738,0.001680,29275.462713,0.056000
2026-08-12,18:54:44,0.250708,0.276946,0.001700,29275.464413,0.056000
2026-08-12,18:54:44,0.611426,0.276946,0.001700,29275.464413,0.056000
2026-08-12,18:54:45,0.448828,0.276946,0.001700,29275.466113,0.056000
2026-08-12,18:54:46,0.448828,0.276946,0.001700,29275.467813,0.056000
2026-08-12,18:54:46,0.265086,0.276366,0.001700,29275.467813,0.056000
2026-08-12,18:54:47,0.612474,0.276366,0.001690,29275.469503,0.056000
2026-08-12,18:54:48,0.208624,0.268055,0.001640,29275.471143,0.056000
2026-08-12,18:54:48,0.208624,0.264278,0.001640,29275.471143,0.056000
2026-08-12,18:54:49,0.170611,0.264278,0.001620,29275.472763,0.056000
2026-08-12,18:54:50,0.562300,0.264278,0.001620,29275.474383,0.056000
2026-08-12,18:54:50,0.579231,0.264278,0.001620,29275.474383,0.056000
2026-08-12,18:54:51,0.479274,0.264278,0.001620,29275.476003,0.056000
2026-08-12,18:54:52,0.479274,0.254053,0.001550,29275.477553,0.056000
2026-08-12,18:54:52,0.208380,0.254053,0.001550,29275.477553,0.056000
2026-08-12,18:54:53,0.305149,0.254053,0.001550,29275.479103,0.056000
2026-08-12,18:54:54,0.228035,0.254053,0.001550,29275.480653,0.056000
2026-08-12,18:54:54,0.310957,0.256514,0.001550,29275.480653,0.056000
2026-08-12,18:54:55,0.310957,0.256514,0.001570,29275.482223,0.056000
2026-08-12,18:54:56,0.186574,0.256514,0.001570,29275.483793,0.056000
2026-08-12,18:54:56,0.348854,0.256514,0.001570,29275.483793,0.056000
2026-08-12,18:54:57,0.165844,0.256514,0.001570,29275.485363,0.056000
2026-08-12,18:54:58,0.165844,0.256514,0.001570,29275.486933,0.056000
2026-08-12,18:54:58,0.165520,0.256514,0.001570,29275.486933,0.056000
2026-08-12,18:54:59,0.535104,0.256514,0.001570,29275.488503,0.056000
2026-08-12,18:55:00,0.526432,0.256514,0.001570,29275.490073,0.056000
2026-08-12,18:55:00,0.576699,0.256514,0.001570,29275.490073,0.056000
2026-08-12,18:55:01,0.576699,0.256514,0.001570,29275.491643,0.056000
2026-08-12,18:55:02,0.186095,0.249754,0.001570,29275.493213,0.056000
2026-08-12,18:55:02,0.640992,0.249754,0.001530,29275.493213,0.056000
2026-08-12,18:55:03,0.120186,0.249754,0.001530,29275.494743,0.056000
2026-08-12,18:55:04,0.120186,0.249754,0.001530,29275.496273,0.056000
2026-08-12,18:55:04,0.439597,0.249754,0.001530,29275.496273,0.056000
2026-08-12,18:55:05,0.203135,0.240699,0.001470,29275.497803,0.056000
2026-08-12,18:55:06,0.498849,0.240699,0.001470,29275.499273,0.056000
2026-08-12,18:55:06,0.609056,0.240699,0.001470,29275.499273,0.056000
2026-08-12,18:55:07,0.609056,0.240699,0.001440,29275.500743,0.056000
2026-08-12,18:55:08,0.252023,0.235123,0.001440,29275.502183,0.056000
2026-08-12,18:55:08,0.587726,0.235123,0.001440,29275.502183,0.056000
2026-08-12,18:55:09,0.655854,0.235123,0.001440,29275.503623,0.056000
2026-08-12,18:55:10,0.655854,0.235123,0.001440,29275.505063,0.056000
2026-08-12,18:55:10,0.578638,0.235123,0.001440,29275.505063,0.056000
2026-08-12,18:55:11,0.608038,0.235123,0.001440,29275.506503,0.056000
2026-08-12,18:55:12,0.371866,0.235123,0.001440,29275.507943,0.056000
2026-08-12,18:55:12,0.371866,0.228081,0.001440,29275.507943,0.056000
2026-08-12,18:55:13,0.225187,0.228081,0.001400,29275.509383,0.056000
2026-08-12,18:55:14,0.454898,0.228081,0.001400,29275.510783,0.056000
2026-08-12,18:55:14,0.516929,0.228081,0.001400,29275.510783,0.056000
2026-08-12,18:55:15,0.619992,0.228081,0.001400,29275.512183,0.056000
2026-08-12,18:55:16,0.619992,0.228081,0.001400,29275.513583,0.056000
2026-08-12,18:55:16,0.309834,0.228081,0.001400,29275.513583,0.056000
2026-08-12,18:55:17,0.496252,0.228081,0.001400,29275.514983,0.056000
2026-08-12,18:55:18,0.578961,0.228081,0.001400,29275.516383,0.056000
2026-08-12,18:55:18,0.578961,0.228081,0.001400,29275.516383,0.056000
2026-08-12,18:55:19,0.634854,0.228081,0.001400,29275.517783,0.056000
2026-08-12,18:55:20,0.577022,0.228081,0.001400,29275.519183,0.056000
2026-08-12,18:55:20,0.392543,0.228081,0.001400,29275.519183,0.056000
2026-08-12,18:55:21,0.392543,0.228081,0.001400,29275.520583,0.056000
2026-08-12,18:55:22,0.578638,0.228081,0.001400,29275.521983,0.056000
2026-08-12,18:55:22,0.537283,0.228081,0.001400,29275.521983,0.056000
2026-08-12,18:55:23,0.578638,0.228081,0.001400,29275.523383,0.056000
2026-08-12,18:55:24,0.578638,0.228081,0.001400,29275.524783,0.056000
2026-08-12,18:55:24,0.640992,0.228081,0.001400,29275.524783,0.056000
2026-08-12,18:55:25,0.413543,0.228081,0.001400,29275.526183,0.056000
2026-08-12,18:55:26,0.371866,0.228081,0.001400,29275.527583,0.056000
2026-08-12,18:55:26,0.371866,0.228081,0.001400,29275.527583,0.056000
2026-08-12,18:55:27,0.557960,0.228081,0.001400,29275.528983,0.056000
2026-08-12,18:55:28,0.568218,0.228081,0.001400,29275.530383,0.056000
2026-08-12,18:55:28,0.505375,0.228081,0.001400,29275.530383,0.056000
2026-08-12,18:55:29,0.568547,0.228081,0.001400,29275.531783,0.056000
2026-08-12,18:55:30,0.568547,0.228081,0.001400,29275.533183,0.056000
2026-08-12,18:55:30,0.486950,0.228081,0.001400,29275.533183,0.056000
2026-08-12,18:55:31,0.547160,0.228081,0.001400,29275.534583,0.056000
2026-08-12,18:55:32,0.575684,0.228081,0.001400,29275.535983,0.056000
2026-08-12,18:55:32,0.575684,0.228081,0.001400,29275.535983,0.056000
2026-08-12,18:55:33,0.411433,0.228081,0.001400,29275.537383,0.056000
2026-08-12,18:55:34,0.514291,0.228081,0.001400,29275.537383,0.056000
2026-08-12,18:55:34,0.493719,0.522934,0.001400,29275.538783,0.056000
2026-08-12,18:55:35,0.493719,0.522934,0.003210,29275.541993,0.056000
2026-08-12,18:55:36,0.575684,0.524706,0.003220,29275.541993,0.056000
2026-08-12,18:55:36,0.328825,0.524706,0.003220,29275.545213,0.056000
2026-08-12,18:55:37,0.575684,0.525453,0.003220,29275.548433,0.056000
2026-08-12,18:55:38,0.575684,0.525453,0.003220,29275.548433,0.056000
2026-08-12,18:55:38,0.349718,0.525453,0.003220,29275.551653,0.056000
2026-08-12,18:55:39,0.560898,0.531005,0.003250,29275.554903,0.056000
2026-08-12,18:55:40,0.518148,0.525965,0.003220,29275.554903,0.056000
2026-08-12,18:55:40,0.518148,0.538985,0.003220,29275.558123,0.056000
2026-08-12,18:55:41,0.617149,0.538985,0.003300,29275.561423,0.056000
2026-08-12,18:55:42,0.452576,0.529527,0.003250,29275.561423,0.056000
2026-08-12,18:55:42,0.452576,0.517216,0.003250,29275.564673,0.056000
2026-08-12,18:55:43,0.452576,0.511012,0.003170,29275.567843,0.056000
2026-08-12,18:55:44,0.349396,0.511012,0.003040,29275.567843,0.056000
2026-08-12,18:55:44,0.369968,0.496580,0.003040,29275.570883,0.056000
2026-08-12,18:55:45,0.575684,0.496580,0.003040,29275.573923,0.056000
2026-08-12,18:55:46,0.555113,0.496580,0.003040,29275.573923,0.056000
2026-08-12,18:55:46,0.555113,0.496580,0.003040,29275.576963,0.056000
2026-08-12,18:55:47,0.555434,0.496580,0.003040,29275.580003,0.056000
2026-08-12,18:55:48,0.534541,0.496580,0.003040,29275.580003,0.056000
2026-08-12,18:55:48,0.473148,0.496580,0.003040,29275.583043,0.056000
2026-08-12,18:55:49,0.473148,0.496580,0.003040,29275.586083,0.056000
2026-08-12,18:55:50,0.591113,0.496580,0.003040,29275.586083,0.056000
2026-08-12,18:55:50,0.514291,0.496580,0.003040,29275.589123,0.056000
2026-08-12,18:55:51,0.534541,0.496580,0.003040,29275.592163,0.056000
2026-08-12,18:55:52,0.534541,0.496580,0.003040,29275.592163,0.056000
2026-08-12,18:55:52,0.514291,0.496580,0.003040,29275.595203,0.056000
2026-08-12,18:55:53,0.575684,0.542384,0.003320,29275.598523,0.056000
2026-08-12,18:55:54,0.493719,0.534187,0.003320,29275.598523,0.056000
2026-08-12,18:55:54,0.493719,0.524607,0.003270,29275.601793,0.056000
2026-08-12,18:55:55,0.459304,0.524607,0.003220,29275.605013,0.056000
2026-08-12,18:55:56,0.576006,0.526664,0.003220,29275.605013,0.056000
2026-08-12,18:55:56,0.336031,0.526664,0.003230,29275.608233,0.056000
2026-08-12,18:55:57,0.336031,0.531286,0.003260,29275.611463,0.056000
2026-08-12,18:55:58,0.580763,0.531286,0.003260,29275.611463,0.056000
2026-08-12,18:55:58,0.519276,0.535899,0.003290,29275.614723,0.056000
2026-08-12,18:55:59,0.478033,0.524591,0.003220,29275.618013,0.056000
2026-08-12,18:56:00,0.623522,0.524591,0.003220,29275.618013,0.056000
2026-08-12,18:56:00,0.623522,0.524591,0.003220,29275.621233,0.056000
2026-08-12,18:56:01,0.353004,0.524591,0.003220,29275.624453,0.056000
2026-08-12,18:56:02,0.249084,0.524591,0.003220,29275.624453,0.056000
2026-08-12,18:56:02,0.436140,0.516776,0.003170,29275.627673,0.056000
2026-08-12,18:56:03,0.436140,0.516776,0.003170,29275.630843,0.056000
2026-08-12,18:56:04,0.269868,0.516776,0.003170,29275.630843,0.056000
2026-08-12,18:56:04,0.374113,0.500733,0.003070,29275.634013,0.056000
2026-08-12,18:56:05,0.489979,0.500733,0.003070,29275.637083,0.056000
2026-08-12,18:56:06,0.081663,0.500733,0.003070,29275.637083,0.056000
2026-08-12,18:56:06,0.081663,0.500733,0.003070,29275.640153,0.056000
2026-08-12,18:56:07,0.510395,0.500343,0.003070,29275.643223,0.056000
2026-08-12,18:56:08,0.518261,0.494601,0.003030,29275.643223,0.056000
2026-08-12,18:56:08,0.144789,0.494601,0.003030,29275.646253,0.056000
2026-08-12,18:56:09,0.144789,0.494982,0.003030,29275.649283,0.056000
2026-08-12,18:56:10,0.497531,0.494982,0.003030,29275.649283,0.056000
2026-08-12,18:56:10,0.227711,0.494982,0.003030,29275.652313,0.056000
2026-08-12,18:56:11,0.460928,0.495145,0.003030,29275.655343,0.057000
2026-08-12,18:56:12,0.248765,0.495145,0.003120,29275.655343,0.056000
2026-08-12,18:56:12,0.248765,0.499703,0.003060,29275.658463,0.056000
2026-08-12,18:56:13,0.621589,0.499703,0.003060,29275.661523,0.056000
2026-08-12,18:56:14,0.538991,0.495526,0.003040,29275.661523,0.056000
2026-08-12,18:56:14,0.406972,0.484295,0.002970,29275.664563,0.056000
2026-08-12,18:56:15,0.375084,0.474000,0.002970,29275.667533,0.056000
2026-08-12,18:56:16,0.375084,0.474000,0.002910,29275.667533,0.056000
2026-08-12,18:56:16,0.532153,0.474000,0.002910,29275.670443,0.056000
2026-08-12,18:56:17,0.645978,0.474000,0.002910,29275.673353,0.056000
2026-08-12,18:56:17,0.354246,0.465811,0.002850,29275.673353,0.056000
2026-08-12,18:56:18,0.354246,0.465811,0.002850,29275.676203,0.056000
2026-08-12,18:56:19,0.549841,0.465811,0.002850,29275.679053,0.056000
2026-08-12,18:56:19,0.601183,0.465811,0.002850,29275.679053,0.056000
2026-08-12,18:56:20,0.548938,0.465811,0.002850,29275.681903,0.056000
2026-08-12,18:56:21,0.548938,0.465811,0.002850,29275.684753,0.056000
2026-08-12,18:56:21,0.443373,0.465811,0.002850,29275.684753,0.056000
2026-08-12,18:56:22,0.327159,0.465811,0.002850,29275.687603,0.056000
2026-08-12,18:56:23,0.498810,0.478281,0.002850,29275.690453,0.056000
2026-08-12,18:56:23,0.498810,0.481420,0.002950,29275.690453,0.056000
2026-08-12,18:56:24,0.541788,0.481420,0.002950,29275.693403,0.056000
2026-08-12,18:56:25,0.604302,0.490024,0.003000,29275.696403,0.056000
2026-08-12,18:56:25,0.562300,0.496501,0.003040,29275.696403,0.056000
2026-08-12,18:56:26,0.353920,0.496501,0.003040,29275.699443,0.056000
2026-08-12,18:56:27,0.353920,0.496501,0.003040,29275.702483,0.056000
2026-08-12,18:56:27,0.270568,0.496501,0.003040,29275.702483,0.056000
2026-08-12,18:56:28,0.514542,0.501862,0.003040,29275.705523,0.056000
2026-08-12,18:56:29,0.408316,0.480535,0.003080,29275.708603,0.056000
2026-08-12,18:56:29,0.408316,0.480535,0.002950,29275.708603,0.056000
2026-08-12,18:56:30,0.634582,0.480535,0.002950,29275.711553,0.056000
2026-08-12,18:56:31,0.507601,0.480535,0.002950,29275.714503,0.056000
2026-08-12,18:56:31,0.540811,0.480535,0.002950,29275.714503,0.056000
2026-08-12,18:56:32,0.266076,0.480535,0.002950,29275.717453,0.056000
2026-08-12,18:56:33,0.266076,0.480535,0.002950,29275.720403,0.056000
2026-08-12,18:56:33,0.230089,0.480535,0.002950,29275.720403,0.056000
2026-08-12,18:56:34,0.273619,0.480535,0.002950,29275.723353,0.056000
2026-08-12,18:56:35,0.271983,0.480535,0.002950,29275.726303,0.056000
2026-08-12,18:56:35,0.271983,0.480535,0.002950,29275.726303,0.056000
2026-08-12,18:56:36,0.146629,0.480535,0.002950,29275.729253,0.056000
2026-08-12,18:56:37,0.185296,0.480535,0.002950,29275.732203,0.056000
2026-08-12,18:56:37,0.329988,0.480535,0.003030,29275.732203,0.057000
2026-08-12,18:56:38,0.247491,0.480535,0.003030,29275.735233,0.057000
2026-08-12,18:56:39,0.247491,0.480535,0.003030,29275.738263,0.057000
2026-08-12,18:56:39,0.185618,0.480535,0.003030,29275.738263,0.057000
2026-08-12,18:56:40,0.536230,0.480259,0.003020,29275.741283,0.057000
2026-08-12,18:56:41,0.226544,0.480259,0.003020,29275.744303,0.057000
2026-08-12,18:56:41,0.309363,0.480259,0.003020,29275.744303,0.057000
2026-08-12,18:56:42,0.309363,0.480259,0.003020,29275.747323,0.057000
2026-08-12,18:56:43,0.494982,0.489060,0.003080,29275.750403,0.057000
2026-08-12,18:56:43,0.309041,0.489060,0.003080,29275.750403,0.057000
2026-08-12,18:56:44,0.247491,0.489060,0.003080,29275.753483,0.057000
2026-08-12,18:56:45,0.247491,0.511072,0.003220,29275.756703,0.057000
2026-08-12,18:56:45,0.595202,0.511072,0.003220,29275.756703,0.057000
2026-08-12,18:56:46,0.145981,0.511072,0.003220,29275.759923,0.057000
2026-08-12,18:56:47,0.556854,0.531333,0.003350,29275.763273,0.057000
2026-08-12,18:56:47,0.364733,0.531333,0.003350,29275.763273,0.057000
2026-08-12,18:56:48,0.364733,0.531333,0.003350,29275.766623,0.057000
2026-08-12,18:56:49,0.459304,0.531333,0.003350,29275.769973,0.057000
2026-08-12,18:56:49,0.511535,0.531333,0.003350,29275.769973,0.057000
2026-08-12,18:56:50,0.313058,0.531333,0.003350,29275.773323,0.057000
2026-08-12,18:56:51,0.313058,0.542978,0.003420,29275.776743,0.057000
2026-08-12,18:56:51,0.615260,0.542978,0.003420,29275.776743,0.057000
2026-08-12,18:56:52,0.440713,0.532870,0.003360,29275.780103,0.057000
2026-08-12,18:56:53,0.126012,0.532870,0.003360,29275.783463,0.057000
2026-08-12,18:56:53,0.226867,0.532870,0.003360,29275.783463,0.057000
2026-08-12,18:56:54,0.226867,0.513656,0.003360,29275.786823,0.057000
2026-08-12,18:56:55,0.412162,0.513656,0.003360,29275.789923,0.057000
2026-08-12,18:56:55,0.350290,0.492455,0.003100,29275.789923,0.057000
2026-08-12,18:56:56,0.453411,0.486342,0.003060,29275.792983,0.057000
2026-08-12,18:56:57,0.103121,0.486342,0.003060,29275.796043,0.057000
2026-08-12,18:56:57,0.103121,0.486342,0.003060,29275.796043,0.057000
2026-08-12,18:56:58,0.329665,0.486342,0.003060,29275.799103,0.057000
2026-08-12,18:56:59,0.247169,0.486342,0.003060,29275.802163,0.057000
2026-08-12,18:56:59,0.144047,0.486342,0.003060,29275.802163,0.057000
2026-08-12,18:57:00,0.144047,0.486342,0.003060,29275.805223,0.057000
2026-08-12,18:57:01,0.148183,0.486342,0.003060,29275.808283,0.057000
2026-08-12,18:57:01,0.574542,0.502965,0.003170,29275.808283,0.057000
2026-08-12,18:57:02,0.471945,0.496536,0.003130,29275.811453,0.057000
2026-08-12,18:57:03,0.512984,0.498336,0.003130,29275.814583,0.057000
2026-08-12,18:57:03,0.512984,0.498336,0.003140,29275.814583,0.057000
2026-08-12,18:57:04,0.574221,0.496238,0.003130,29275.817723,0.057000
2026-08-12,18:57:05,0.549203,0.495473,0.003130,29275.820853,0.057000
2026-08-12,18:57:05,0.515606,0.485508,0.003120,29275.820853,0.057000
2026-08-12,18:57:06,0.515606,0.485508,0.003060,29275.823973,0.057000
2026-08-12,18:57:07,0.252023,0.485508,0.003060,29275.827033,0.057000
2026-08-12,18:57:07,0.335703,0.485508,0.002650,29275.827033,0.052000
2026-08-12,18:57:08,0.509119,0.492348,0.001920,29275.829683,0.042000
2026-08-12,18:57:09,0.509119,0.510338,0.001920,29275.831603,0.000000
2026-08-12,18:57:09,0.592058,0.510338,0.000000,29275.831603,0.000000
2026-08-12,18:57:10,0.326334,0.510338,0.000000,29275.831603,0.000000
2026-08-12,18:57:11,0.380563,0.510338,0.000000,29275.831603,0.000000
2026-08-12,18:57:11,0.449147,0.510338,0.000000,29275.831603,0.000000
2026-08-12,18:57:12,0.449147,0.510338,0.000000,29275.831603,0.000000
2026-08-12,18:57:13,0.186250,0.510338,0.000000,29275.831603,0.000000
2026-08-12,18:57:13,0.538020,0.529111,0.000000,29275.831603,0.000000
2026-08-12,18:57:14,0.248441,0.529111,0.000000,29275.831603,0.000000
2026-08-12,18:57:15,0.248441,0.539742,0.000000,29275.831603,0.000000
2026-08-12,18:57:15,0.559722,0.539742,0.000000,29275.831603,0.000000
2026-08-12,18:57:16,0.118228,0.539742,0.000000,29275.831603,0.000000
2026-08-12,18:57:17,0.271439,0.539742,0.000000,29275.831603,0.000000
2026-08-12,18:57:17,0.331687,0.539742,0.000000,29275.831603,0.000000
2026-08-12,18:57:18,0.331687,0.539742,0.000000,29275.831603,0.000000
2026-08-12,18:57:19,0.684105,0.550698,0.000000,29275.831603,0.000000
2026-08-12,18:57:19,0.518261,0.555330,0.000000,29275.831603,0.000000
2026-08-12,18:57:20,0.335898,0.555330,0.000000,29275.831603,0.000000
2026-08-12,18:57:21,0.335898,0.550740,0.000000,29275.831603,0.000000
2026-08-12,18:57:21,0.467083,0.550740,0.000000,29275.831603,0.000000
2026-08-12,18:57:22,0.517937,0.545111,0.000000,29275.831603,0.000000
2026-08-12,18:57:23,0.496235,0.539814,0.000000,29275.831603,0.000000
2026-08-12,18:57:23,0.496235,0.538007,0.000000,29275.831603,0.000000
2026-08-12,18:57:24,0.497531,0.538007,0.000000,29275.831603,0.000000
2026-08-12,18:57:25,0.484318,0.535527,0.000000,29275.831603,0.000000
2026-08-12,18:57:25,0.571383,0.533459,0.000000,29275.831603,0.000000
2026-08-12,18:57:26,0.571383,0.522381,0.000000,29275.831603,0.000000
2026-08-12,18:57:27,0.427241,0.522381,0.000000,29275.831603,0.000000
2026-08-12,18:57:27,0.186574,0.522381,0.000000,29275.831603,0.000000
2026-08-12,18:57:28,0.352094,0.522381,0.000000,29275.831603,0.000000
2026-08-12,18:57:29,0.497531,0.516162,0.000000,29275.831603,0.000000
2026-08-12,18:57:29,0.497531,0.516162,0.000000,29275.831603,0.000000
2026-08-12,18:57:30,0.165520,0.516162,0.000000,29275.831603,0.000000
2026-08-12,18:57:31,0.527940,0.500546,0.000000,29275.831603,0.000000
2026-08-12,18:57:31,0.228300,0.500546,0.000000,29275.831603,0.000000
2026-08-12,18:57:32,0.203645,0.500546,0.000000,29275.831603,0.000000
2026-08-12,18:57:33,0.203645,0.500546,0.000000,29275.831603,0.000000
2026-08-12,18:57:33,0.602413,0.508961,0.000000,29275.831603,0.000000
2026-08-12,18:57:34,0.498817,0.512134,0.000000,29275.831603,0.000000
2026-08-12,18:57:35,0.388881,0.499229,0.000000,29275.831603,0.000000
2026-08-12,18:57:35,0.388881,0.499229,0.000000,29275.831603,0.000000
2026-08-12,18:57:36,0.628081,0.499229,0.000000,29275.831603,0.000000
2026-08-12,18:57:37,0.514291,0.499229,0.000000,29275.831603,0.000000
2026-08-12,18:57:37,0.442203,0.499229,0.000000,29275.831603,0.000000
2026-08-12,18:57:38,0.442203,0.499229,0.000000,29275.831603,0.000000
2026-08-12,18:57:39,0.530380,0.499229,0.000000,29275.831603,0.000000
2026-08-12,18:57:39,0.559432,0.499229,0.000000,29275.831603,0.000000
2026-08-12,18:57:40,0.494982,0.499229,0.000000,29275.831603,0.000000
2026-08-12,18:57:41,0.515284,0.499229,0.000000,29275.831603,0.000000
2026-08-12,18:57:41,0.515284,0.499229,0.000000,29275.831603,0.000000
2026-08-12,18:57:42,0.314701,0.499229,0.000000,29275.831603,0.000000
2026-08-12,18:57:43,0.504046,0.500010,0.000000,29275.831603,0.000000
2026-08-12,18:57:43,0.470751,0.497332,0.000000,29275.831603,0.000000
2026-08-12,18:57:44,0.470751,0.497332,0.000000,29275.831603,0.000000
2026-08-12,18:57:45,0.122804,0.497332,0.000000,29275.831603,0.000000
2026-08-12,18:57:45,0.249730,0.497332,0.000000,29275.831603,0.000000
2026-08-12,18:57:46,0.562300,0.505130,0.000000,29275.831603,0.000000
2026-08-12,18:57:47,0.562300,0.502171,0.000000,29275.831603,0.000000
2026-08-12,18:57:47,0.541788,0.502171,0.000000,29275.831603,0.002000
2026-08-12,18:57:48,0.511685,0.510615,0.000010,29275.831613,0.002000
2026-08-12,18:57:49,0.417520,0.502614,0.000200,29275.831613,0.011000
2026-08-12,18:57:49,0.503700,0.500190,0.000200,29275.831813,0.020000
2026-08-12,18:57:50,0.503700,0.500190,0.000570,29275.832383,0.027000
2026-08-12,18:57:51,0.083569,0.500190,0.000950,29275.832383,0.033000
2026-08-12,18:57:51,0.543200,0.494269,0.000950,29275.833333,0.033000
2026-08-12,18:57:52,0.268662,0.494269,0.001300,29275.834633,0.038000
2026-08-12,18:57:53,0.268662,0.498707,0.001650,29275.834633,0.042000
2026-08-12,18:57:53,0.543200,0.498707,0.001650,29275.836283,0.045000
2026-08-12,18:57:54,0.501415,0.509961,0.002220,29275.838503,0.045000
2026-08-12,18:57:55,0.543200,0.513876,0.002480,29275.838503,0.048000
2026-08-12,18:57:55,0.584658,0.525267,0.002480,29275.840983,0.050000
2026-08-12,18:57:56,0.584658,0.525267,0.002700,29275.843683,0.051000
2026-08-12,18:57:57,0.459304,0.514967,0.002730,29275.843683,0.051000
2026-08-12,18:57:57,0.411433,0.501931,0.002730,29275.846413,0.054000
2026-08-12,18:57:58,0.473148,0.498078,0.002890,29275.849303,0.054000
2026-08-12,18:57:59,0.473148,0.498078,0.002890,29275.849303,0.055000
2026-08-12,18:57:59,0.584551,0.514781,0.003070,29275.852373,0.055000
2026-08-12,18:58:00,0.452576,0.509668,0.003040,29275.855413,0.055000
2026-08-12,18:58:01,0.613622,0.509668,0.003040,29275.855413,0.055000
2026-08-12,18:58:01,0.613622,0.509668,0.003040,29275.858453,0.056000
2026-08-12,18:58:02,0.618405,0.509668,0.003120,29275.861573,0.056000
2026-08-12,18:58:03,0.288417,0.509668,0.003120,29275.861573,0.056000
2026-08-12,18:58:03,0.530107,0.508359,0.003120,29275.864693,0.056000
2026-08-12,18:58:04,0.530107,0.508359,0.003120,29275.867813,0.056000
2026-08-12,18:58:05,0.311297,0.508359,0.003120,29275.867813,0.056000
2026-08-12,18:58:05,0.515606,0.505600,0.003100,29275.870913,0.056000
2026-08-12,18:58:06,0.350290,0.505600,0.003100,29275.874013,0.056000
2026-08-12,18:58:07,0.659653,0.505600,0.003100,29275.874013,0.056000
2026-08-12,18:58:07,0.659653,0.505600,0.003100,29275.877113,0.056000
2026-08-12,18:58:08,0.453733,0.500831,0.003070,29275.880183,0.056000
2026-08-12,18:58:09,0.412162,0.487728,0.003070,29275.880183,0.056000
2026-08-12,18:58:09,0.566724,0.487728,0.002990,29275.883173,0.056000
2026-08-12,18:58:10,0.566724,0.487728,0.002990,29275.886163,0.056000
2026-08-12,18:58:11,0.225967,0.487728,0.002990,29275.886163,0.056000
2026-08-12,18:58:11,0.102858,0.487728,0.002990,29275.889153,0.056000
2026-08-12,18:58:12,0.534862,0.482748,0.002960,29275.892143,0.056000
2026-08-12,18:58:13,0.534862,0.482748,0.002960,29275.892143,0.056000
2026-08-12,18:58:13,0.265824,0.482748,0.002960,29275.895103,0.056000
2026-08-12,18:58:14,0.308253,0.482748,0.002960,29275.898063,0.056000
2026-08-12,18:58:15,0.184823,0.482748,0.002960,29275.898063,0.056000
2026-08-12,18:58:15,0.411433,0.477961,0.002930,29275.901023,0.056000
2026-08-12,18:58:16,0.411433,0.477961,0.002930,29275.903953,0.056000
2026-08-12,18:58:17,0.104461,0.477961,0.002930,29275.903953,0.056000
2026-08-12,18:58:17,0.313384,0.477961,0.002930,29275.906883,0.056000
2026-08-12,18:58:18,0.564092,0.493227,0.002930,29275.909813,0.056000
2026-08-12,18:58:19,0.596256,0.505538,0.003020,29275.909813,0.056000
2026-08-12,18:58:19,0.596256,0.505538,0.003100,29275.912833,0.056000
2026-08-12,18:58:20,0.432004,0.490283,0.003100,29275.915933,0.056000
2026-08-12,18:58:21,0.411433,0.486169,0.002980,29275.915933,0.056000
2026-08-12,18:58:21,0.267110,0.486169,0.002980,29275.918913,0.056000
2026-08-12,18:58:22,0.267110,0.486169,0.002980,29275.921893,0.056000
2026-08-12,18:58:23,0.287039,0.486169,0.002980,29275.921893,0.056000
2026-08-12,18:58:23,0.288003,0.486169,0.002980,29275.924873,0.056000
2026-08-12,18:58:24,0.472826,0.480441,0.002980,29275.927853,0.056000
2026-08-12,18:58:25,0.594327,0.488313,0.002940,29275.927853,0.056000
2026-08-12,18:58:25,0.594327,0.498483,0.003060,29275.930793,0.056000
2026-08-12,18:58:26,0.555434,0.498483,0.003060,29275.933853,0.056000
2026-08-12,18:58:27,0.288003,0.498483,0.003060,29275.933853,0.056000
2026-08-12,18:58:27,0.472826,0.504549,0.003090,29275.936913,0.056000
2026-08-12,18:58:28,0.472826,0.508632,0.003090,29275.940003,0.056000
2026-08-12,18:58:29,0.575684,0.508632,0.003120,29275.940003,0.056000
2026-08-12,18:58:29,0.493719,0.516860,0.003170,29275.943123,0.056000
2026-08-12,18:58:30,0.596256,0.520077,0.003170,29275.946293,0.056000
2026-08-12,18:58:31,0.575684,0.518019,0.003190,29275.946293,0.056000
2026-08-12,18:58:31,0.575684,0.518019,0.003270,29275.949483,0.056000
2026-08-12,18:58:32,0.588542,0.533673,0.003270,29275.952753,0.056000
2026-08-12,18:58:33,0.647335,0.557263,0.003420,29275.952753,0.056000
2026-08-12,18:58:33,0.431683,0.557263,0.003420,29275.956173,0.056000
2026-08-12,18:58:34,0.431683,0.557263,0.003420,29275.959593,0.056000
2026-08-12,18:58:35,0.349396,0.557263,0.003420,29275.959593,0.056000
2026-08-12,18:58:35,0.390861,0.557263,0.003420,29275.963013,0.056000
2026-08-12,18:58:36,0.411111,0.557263,0.003420,29275.966433,0.056000
2026-08-12,18:58:37,0.411111,0.563876,0.003420,29275.966433,0.056000
2026-08-12,18:58:37,0.538956,0.563876,0.003420,29275.969853,0.056000
2026-08-12,18:58:38,0.271273,0.563876,0.003460,29275.973313,0.056000
2026-08-12,18:58:39,0.313384,0.563876,0.003460,29275.973313,0.056000
2026-08-12,18:58:39,0.144001,0.563876,0.003460,29275.976773,0.056000
2026-08-12,18:58:40,0.144001,0.563876,0.003460,29275.980233,0.056000
2026-08-12,18:58:41,0.287681,0.563876,0.003460,29275.980233,0.056000
2026-08-12,18:58:41,0.390540,0.563876,0.003460,29275.983693,0.056000
2026-08-12,18:58:42,0.144001,0.563876,0.003460,29275.987153,0.056000
2026-08-12,18:58:43,0.144001,0.564101,0.003460,29275.987153,0.056000
2026-08-12,18:58:43,0.596577,0.564101,0.003460,29275.990613,0.056000
2026-08-12,18:58:44,0.596577,0.568216,0.003480,29275.994093,0.056000
2026-08-12,18:58:45,0.246860,0.568216,0.003480,29275.994093,0.056000
2026-08-12,18:58:45,0.123430,0.568216,0.003480,29275.997573,0.056000
2026-08-12,18:58:46,0.123430,0.568216,0.003480,29276.001053,0.056000
2026-08-12,18:58:47,0.267431,0.568216,0.003480,29276.001053,0.056000
2026-08-12,18:58:47,0.493398,0.570273,0.003480,29276.004533,0.056000
2026-08-12,18:58:48,0.251038,0.570273,0.003500,29276.008033,0.056000
2026-08-12,18:58:49,0.251038,0.560019,0.003430,29276.008033,0.056000
2026-08-12,18:58:49,0.473148,0.560019,0.003430,29276.011463,0.056000
2026-08-12,18:58:50,0.431683,0.553815,0.003400,29276.014863,0.056000
2026-08-12,18:58:51,0.273025,0.553815,0.003400,29276.014863,0.056000
2026-08-12,18:58:51,0.212910,0.553815,0.003400,29276.018263,0.056000
2026-08-12,18:58:52,0.212910,0.553815,0.003400,29276.021663,0.056000
2026-08-12,18:58:53,0.123740,0.553815,0.003400,29276.021663,0.056000
2026-08-12,18:58:53,0.599638,0.554154,0.003400,29276.025063,0.056000
2026-08-12,18:58:54,0.537283,0.550314,0.003370,29276.028433,0.056000
2026-08-12,18:58:55,0.537283,0.541989,0.003370,29276.028433,0.056000
2026-08-12,18:58:55,0.505298,0.541989,0.003320,29276.031753,0.056000
2026-08-12,18:58:56,0.434221,0.520678,0.003190,29276.034943,0.056000
2026-08-12,18:58:57,0.434221,0.510204,0.003190,29276.034943,0.056000
2026-08-12,18:58:57,0.413543,0.491901,0.003130,29276.038073,0.056000
2026-08-12,18:58:58,0.413543,0.491901,0.003010,29276.041083,0.056000
2026-08-12,18:58:59,0.545037,0.491901,0.003010,29276.041083,0.056000
2026-08-12,18:58:59,0.558284,0.491901,0.003010,29276.044093,0.056000
2026-08-12,18:59:00,0.454898,0.491901,0.003010,29276.047103,0.056000
2026-08-12,18:59:01,0.454898,0.491901,0.003010,29276.047103,0.056000
2026-08-12,18:59:01,0.351512,0.491901,0.003010,29276.050113,0.056000
2026-08-12,18:59:02,0.211295,0.491901,0.003010,29276.053123,0.056000
2026-08-12,18:59:03,0.413220,0.473565,0.003010,29276.053123,0.056000
2026-08-12,18:59:03,0.413220,0.473565,0.002900,29276.056023,0.056000
2026-08-12,18:59:04,0.578961,0.473565,0.002900,29276.058923,0.056000
2026-08-12,18:59:05,0.206772,0.473565,0.002900,29276.058923,0.056000
2026-08-12,18:59:05,0.097893,0.473565,0.002900,29276.061823,0.056000
2026-08-12,18:59:06,0.289157,0.473565,0.002900,29276.064723,0.056000
2026-08-12,18:59:07,0.289157,0.463480,0.002900,29276.064723,0.056000
2026-08-12,18:59:07,0.392543,0.463480,0.002840,29276.067563,0.056000
2026-08-12,18:59:08,0.557960,0.463480,0.002840,29276.070403,0.056000
2026-08-12,18:59:09,0.351189,0.451284,0.002840,29276.070403,0.056000
2026-08-12,18:59:09,0.124063,0.451284,0.002770,29276.073243,0.056000
2026-08-12,18:59:10,0.124063,0.451284,0.002770,29276.076013,0.056000
2026-08-12,18:59:11,0.330835,0.441199,0.002700,29276.076013,0.056000
2026-08-12,18:59:11,0.495929,0.441199,0.002700,29276.078713,0.056000
2026-08-12,18:59:12,0.165094,0.441199,0.002700,29276.081413,0.056000
2026-08-12,18:59:13,0.165094,0.413315,0.002700,29276.081413,0.056000
2026-08-12,18:59:13,0.320795,0.413315,0.002530,29276.084113,0.056000
2026-08-12,18:59:14,0.556854,0.413315,0.002530,29276.086643,0.056000
2026-08-12,18:59:15,0.247169,0.413315,0.002530,29276.086643,0.056000
2026-08-12,18:59:15,0.309363,0.413315,0.002530,29276.089173,0.056000
2026-08-12,18:59:16,0.309363,0.413315,0.002530,29276.091703,0.056000
2026-08-12,18:59:17,0.512061,0.410793,0.002520,29276.091703,0.056000
2026-08-12,18:59:17,0.490792,0.409342,0.002510,29276.094223,0.056000
2026-08-12,18:59:18,0.433109,0.409231,0.002510,29276.096733,0.056000
2026-08-12,18:59:19,0.433109,0.421494,0.002510,29276.096733,0.056000
2026-08-12,18:59:19,0.556854,0.421494,0.002510,29276.099243,0.056000
2026-08-12,18:59:20,0.649355,0.445075,0.002730,29276.101973,0.056000
2026-08-12,18:59:21,0.586514,0.462405,0.002830,29276.101973,0.056000
2026-08-12,18:59:21,0.460833,0.469234,0.002830,29276.104803,0.056000
2026-08-12,18:59:22,0.460833,0.469234,0.002880,29276.107683,0.056000
2026-08-12,18:59:23,0.430586,0.477173,0.002920,29276.107683,0.056000
2026-08-12,18:59:23,0.583138,0.477173,0.002920,29276.110603,0.056000
2026-08-12,18:59:24,0.458110,0.477173,0.002920,29276.113523,0.056000
2026-08-12,18:59:25,0.458110,0.477173,0.002920,29276.113523,0.056000
2026-08-12,18:59:25,0.486888,0.477173,0.002920,29276.116443,0.056000
2026-08-12,18:59:26,0.566052,0.477173,0.002920,29276.119363,0.056000
2026-08-12,18:59:27,0.583138,0.477173,0.002920,29276.119363,0.056000
2026-08-12,18:59:27,0.583138,0.483454,0.002920,29276.122283,0.056000
2026-08-12,18:59:28,0.393643,0.483454,0.002960,29276.125243,0.056000
2026-08-12,18:59:29,0.396573,0.491032,0.003010,29276.125243,0.056000
2026-08-12,18:59:29,0.583138,0.491032,0.003010,29276.128253,0.056000
2026-08-12,18:59:30,0.551556,0.491032,0.003010,29276.131263,0.056000
2026-08-12,18:59:31,0.551556,0.491032,0.003010,29276.131263,0.056000
2026-08-12,18:59:31,0.125354,0.491032,0.003010,29276.134273,0.056000
2026-08-12,18:59:32,0.125028,0.491032,0.003010,29276.137283,0.056000
2026-08-12,18:59:33,0.367165,0.476542,0.002920,29276.137283,0.056000
2026-08-12,18:59:33,0.367165,0.470304,0.002920,29276.140203,0.056000
2026-08-12,18:59:34,0.428413,0.470304,0.002880,29276.143083,0.056000
2026-08-12,18:59:35,0.522836,0.479277,0.002940,29276.143083,0.056000
2026-08-12,18:59:35,0.326514,0.479277,0.002940,29276.146023,0.056000
2026-08-12,18:59:36,0.138891,0.479277,0.002940,29276.148963,0.056000
2026-08-12,18:59:37,0.138891,0.479277,0.002940,29276.148963,0.056000
2026-08-12,18:59:37,0.206242,0.479277,0.002940,29276.151903,0.056000
2026-08-12,18:59:38,0.309041,0.479277,0.002940,29276.154843,0.056000
2026-08-12,18:59:39,0.288739,0.479277,0.002940,29276.154843,0.056000
2026-08-12,18:59:39,0.288739,0.473864,0.002940,29276.157783,0.056000
2026-08-12,18:59:40,0.502727,0.473864,0.002900,29276.160683,0.056000
2026-08-12,18:59:41,0.502727,0.459202,0.002900,29276.160683,0.056000
2026-08-12,18:59:41,0.575684,0.458119,0.002810,29276.163493,0.056000
2026-08-12,18:59:42,0.082287,0.458119,0.002810,29276.163493,0.056000
2026-08-12,18:59:43,0.082287,0.468559,0.002810,29276.166303,0.056000
2026-08-12,18:59:43,0.565240,0.468559,0.002870,29276.169173,0.056000
2026-08-12,18:59:44,0.628081,0.488309,0.002990,29276.169173,0.056000
2026-08-12,18:59:45,0.185296,0.488309,0.002990,29276.172163,0.056000
2026-08-12,18:59:45,0.577156,0.506660,0.002990,29276.175153,0.056000
2026-08-12,18:59:46,0.577156,0.506660,0.003110,29276.175153,0.056000
2026-08-12,18:59:47,0.206242,0.506660,0.003110,29276.178263,0.056000
2026-08-12,18:59:47,0.494982,0.516501,0.003170,29276.181433,0.056000
2026-08-12,18:59:48,0.247491,0.516501,0.003170,29276.181433,0.056000
2026-08-12,18:59:49,0.247491,0.516501,0.003170,29276.184603,0.056000
2026-08-12,18:59:49,0.273025,0.516501,0.003170,29276.187773,0.056000
2026-08-12,18:59:50,0.330835,0.516501,0.003170,29276.187773,0.056000
2026-08-12,18:59:51,0.310158,0.516501,0.003170,29276.190943,0.056000
2026-08-12,18:59:51,0.227126,0.516501,0.003170,29276.194113,0.056000
2026-08-12,18:59:52,0.227126,0.536065,0.003170,29276.194113,0.056000
2026-08-12,18:59:53,0.562807,0.536065,0.003290,29276.197403,0.056000
2026-08-12,18:59:53,0.206772,0.536065,0.003290,29276.200693,0.056000
2026-08-12,18:59:54,0.578961,0.551120,0.003290,29276.200693,0.056000
2026-08-12,18:59:55,0.123740,0.551120,0.003380,29276.204073,0.056000
2026-08-12,18:59:55,0.123740,0.551120,0.003380,29276.207453,0.056000
2026-08-12,18:59:56,0.495929,0.548429,0.003380,29276.207453,0.056000
2026-08-12,18:59:57,0.165417,0.548429,0.003360,29276.210813,0.056000
2026-08-12,18:59:57,0.136017,0.548429,0.003360,29276.214173,0.056000
2026-08-12,18:59:58,0.136017,0.548429,0.003360,29276.214173,0.056000
2026-08-12,18:59:59,0.252003,0.548429,0.003360,29276.217533,0.056000
2026-08-12,18:59:59,0.558284,0.553985,0.003400,29276.220933,0.056000
2026-08-12,19:00:00,0.330835,0.553985,0.003400,29276.220933,0.056000
2026-08-12,19:00:01,0.433897,0.547102,0.003400,29276.224333,0.056000
2026-08-12,19:00:01,0.433897,0.547102,0.003330,29276.227733,0.056000
2026-08-12,19:00:02,0.537606,0.543294,0.003330,29276.227733,0.056000
2026-08-12,19:00:03,0.557637,0.542534,0.003330,29276.231063,0.056000
2026-08-12,19:00:03,0.557960,0.535522,0.003280,29276.234393,0.056000
2026-08-12,19:00:04,0.557960,0.523296,0.003280,29276.234393,0.056000
2026-08-12,19:00:05,0.454898,0.523296,0.003210,29276.237673,0.056000
2026-08-12,19:00:05,0.661346,0.523296,0.003210,29276.240883,0.056000
2026-08-12,19:00:06,0.537606,0.523296,0.003210,29276.240883,0.056000
2026-08-12,19:00:07,0.537606,0.523296,0.003210,29276.244093,0.056000
2026-08-12,19:00:07,0.516929,0.523296,0.003210,29276.247303,0.056000
2026-08-12,19:00:08,0.555376,0.523296,0.003210,29276.247303,0.056000
2026-08-12,19:00:09,0.546330,0.523296,0.003210,29276.250513,0.056000
2026-08-12,19:00:09,0.546330,0.523296,0.003210,29276.253723,0.056000
2026-08-12,19:00:10,0.557960,0.523296,0.003210,29276.253723,0.056000
2026-08-12,19:00:11,0.330835,0.523296,0.003210,29276.256933,0.056000
2026-08-12,19:00:11,0.289157,0.523296,0.003210,29276.260143,0.056000
2026-08-12,19:00:12,0.123740,0.523296,0.003210,29276.260143,0.056000
2026-08-12,19:00:13,0.123740,0.523296,0.003210,29276.263353,0.056000
2026-08-12,19:00:13,0.132786,0.523296,0.003210,29276.266563,0.056000
2026-08-12,19:00:14,0.325016,0.523296,0.003210,29276.266563,0.056000
2026-08-12,19:00:14,0.476800,0.521478,0.003200,29276.269773,0.056000
2026-08-12,19:00:15,0.352094,0.500407,0.003200,29276.272973,0.056000
2026-08-12,19:00:16,0.352094,0.500407,0.003070,29276.272973,0.056000
2026-08-12,19:00:16,0.236133,0.500407,0.003070,29276.276043,0.056000
2026-08-12,19:00:17,0.285821,0.500407,0.003070,29276.279113,0.056000
2026-08-12,19:00:18,0.652986,0.500407,0.003070,29276.279113,0.056000
2026-08-12,19:00:18,0.652986,0.486384,0.002980,29276.282183,0.056000
2026-08-12,19:00:19,0.438738,0.486384,0.002980,29276.285163,0.056000
2026-08-12,19:00:20,0.271600,0.486384,0.002980,29276.285163,0.056000
2026-08-12,19:00:20,0.417846,0.478576,0.002930,29276.288143,0.056000
2026-08-12,19:00:21,0.480523,0.470800,0.002930,29276.291073,0.056000
2026-08-12,19:00:22,0.480523,0.470800,0.002890,29276.291073,0.056000
2026-08-12,19:00:22,0.564092,0.483819,0.002890,29276.293963,0.056000
2026-08-12,19:00:23,0.355169,0.483819,0.002970,29276.296933,0.056000
2026-08-12,19:00:24,0.213167,0.483819,0.002970,29276.296933,0.056000
2026-08-12,19:00:24,0.213167,0.484379,0.002970,29276.299903,0.056000
2026-08-12,19:00:25,0.543200,0.484379,0.002970,29276.302873,0.056000
2026-08-12,19:00:26,0.250381,0.484379,0.002970,29276.302873,0.056000
2026-08-12,19:00:26,0.334277,0.484379,0.002970,29276.305843,0.056000
2026-08-12,19:00:27,0.125027,0.484379,0.002970,29276.308813,0.056000
2026-08-12,19:00:28,0.125027,0.484379,0.002970,29276.308813,0.056000
2026-08-12,19:00:28,0.271600,0.484379,0.002970,29276.311783,0.056000
2026-08-12,19:00:29,0.581720,0.486787,0.002980,29276.314763,0.056000
2026-08-12,19:00:30,0.438412,0.474832,0.002910,29276.314763,0.056000
2026-08-12,19:00:30,0.208597,0.474832,0.002910,29276.317673,0.056000
2026-08-12,19:00:31,0.208597,0.474832,0.002910,29276.320583,0.056000
2026-08-12,19:00:32,0.349396,0.464282,0.002850,29276.320583,0.056000
2026-08-12,19:00:32,0.342646,0.450867,0.002850,29276.323433,0.056000
2026-08-12,19:00:33,0.349396,0.450597,0.002760,29276.326193,0.056000
2026-08-12,19:00:34,0.349396,0.450597,0.002760,29276.326193,0.056000
2026-08-12,19:00:34,0.185145,0.450597,0.002760,29276.328953,0.056000
2026-08-12,19:00:35,0.226288,0.450597,0.002760,29276.331713,0.056000
2026-08-12,19:00:36,0.205716,0.450597,0.002760,29276.331713,0.056000
2026-08-12,19:00:36,0.319503,0.438673,0.002760,29276.334473,0.056000
2026-08-12,19:00:37,0.319503,0.435943,0.002690,29276.337163,0.056000
2026-08-12,19:00:38,0.390540,0.435943,0.002690,29276.337163,0.056000
2026-08-12,19:00:38,0.246538,0.435943,0.002670,29276.339833,0.056000
2026-08-12,19:00:39,0.272697,0.435943,0.002670,29276.342503,0.056000
2026-08-12,19:00:40,0.289157,0.435943,0.002670,29276.342503,0.056000
2026-08-12,19:00:40,0.289157,0.435943,0.002670,29276.345173,0.056000
2026-08-12,19:00:41,0.309834,0.435943,0.002670,29276.347843,0.056000
2026-08-12,19:00:42,0.310158,0.435943,0.002670,29276.347843,0.056000
2026-08-12,19:00:42,0.475575,0.435448,0.002670,29276.350513,0.056000
2026-08-12,19:00:43,0.475575,0.435448,0.002670,29276.353183,0.056000
2026-08-12,19:00:44,0.274469,0.435448,0.002670,29276.353183,0.056000
2026-08-12,19:00:44,0.422260,0.421265,0.002580,29276.355763,0.056000
2026-08-12,19:00:45,0.185618,0.421265,0.002580,29276.358343,0.056000
2026-08-12,19:00:46,0.314204,0.398365,0.002580,29276.358343,0.056000
2026-08-12,19:00:46,0.314204,0.398365,0.002440,29276.360783,0.056000
2026-08-12,19:00:47,0.143680,0.398365,0.002440,29276.363223,0.056000
2026-08-12,19:00:48,0.473148,0.387508,0.002440,29276.363223,0.056000
2026-08-12,19:00:48,0.143680,0.387508,0.002370,29276.365663,0.056000
2026-08-12,19:00:49,0.120215,0.387508,0.002370,29276.368033,0.056000
2026-08-12,19:00:50,0.120215,0.387508,0.002370,29276.368033,0.056000
2026-08-12,19:00:50,0.584984,0.387508,0.002370,29276.370403,0.056000
2026-08-12,19:00:51,0.451426,0.387508,0.002370,29276.372773,0.056000
2026-08-12,19:00:52,0.225713,0.387508,0.002370,29276.372773,0.056000
2026-08-12,19:00:52,0.225713,0.387508,0.002370,29276.375143,0.056000
2026-08-12,19:00:53,0.104190,0.387508,0.002370,29276.377513,0.056000
2026-08-12,19:00:54,0.291406,0.372807,0.002280,29276.377513,0.056000
2026-08-12,19:00:54,0.416434,0.372807,0.002280,29276.379793,0.056000
2026-08-12,19:00:55,0.333082,0.372807,0.002280,29276.382073,0.056000
2026-08-12,19:00:56,0.333082,0.372807,0.002280,29276.382073,0.056000
2026-08-12,19:00:56,0.541788,0.372807,0.002280,29276.384353,0.056000
2026-08-12,19:00:57,0.270894,0.364957,0.002280,29276.386633,0.056000
2026-08-12,19:00:58,0.500112,0.364957,0.002240,29276.386633,0.056000
2026-08-12,19:00:58,0.500112,0.364957,0.002240,29276.388873,0.056000
2026-08-12,19:00:59,0.562300,0.364957,0.002240,29276.391113,0.056000
2026-08-12,19:01:00,0.520624,0.364957,0.002240,29276.391113,0.056000
2026-08-12,19:01:00,0.229218,0.364957,0.002240,29276.393353,0.056000
2026-08-12,19:01:01,0.520624,0.364957,0.002240,29276.395593,0.056000
2026-08-12,19:01:02,0.520624,0.364957,0.002240,29276.395593,0.056000
2026-08-12,19:01:02,0.520950,0.364957,0.002240,29276.397833,0.056000
2026-08-12,19:01:03,0.583464,0.364957,0.002240,29276.400073,0.056000
2026-08-12,19:01:04,0.541788,0.364957,0.002240,29276.400073,0.056000
2026-08-12,19:01:04,0.541788,0.364957,0.002240,29276.402313,0.056000
2026-08-12,19:01:05,0.612442,0.364957,0.002240,29276.404553,0.056000
2026-08-12,19:01:06,0.500112,0.364957,0.002240,29276.404553,0.056000
2026-08-12,19:01:06,0.340897,0.364782,0.002230,29276.406793,0.056000
2026-08-12,19:01:07,0.340897,0.373602,0.002230,29276.409023,0.056000
2026-08-12,19:01:08,0.437598,0.373602,0.002290,29276.409023,0.056000
2026-08-12,19:01:08,0.562300,0.397882,0.002440,29276.411313,0.056000
2026-08-12,19:01:09,0.520950,0.410923,0.002440,29276.413753,0.056000
2026-08-12,19:01:10,0.437598,0.407126,0.002520,29276.413753,0.056000
2026-08-12,19:01:10,0.437598,0.407126,0.002440,29276.416273,0.056000
2026-08-12,19:01:11,0.325514,0.397451,0.002440,29276.418713,0.056000
2026-08-12,19:01:12,0.284785,0.394509,0.002420,29276.418713,0.056000
2026-08-12,19:01:12,0.435339,0.394509,0.002420,29276.421133,0.056000
2026-08-12,19:01:13,0.435339,0.394509,0.002420,29276.423553,0.056000
2026-08-12,19:01:14,0.269496,0.394509,0.002420,29276.423553,0.056000
2026-08-12,19:01:14,0.414609,0.388655,0.002380,29276.425973,0.056000
2026-08-12,19:01:15,0.587578,0.388655,0.002380,29276.428353,0.056000
2026-08-12,19:01:16,0.221102,0.388655,0.002380,29276.428353,0.056000
2026-08-12,19:01:16,0.221102,0.388655,0.002380,29276.430733,0.056000
2026-08-12,19:01:17,0.526432,0.388655,0.002380,29276.433113,0.056000
2026-08-12,19:01:18,0.124059,0.388655,0.002380,29276.433113,0.056000
2026-08-12,19:01:18,0.103652,0.388655,0.002380,29276.435493,0.056000
2026-08-12,19:01:19,0.103652,0.388655,0.002380,29276.437873,0.056000
2026-08-12,19:01:20,0.269172,0.388655,0.002380,29276.437873,0.056000
2026-08-12,19:01:20,0.124383,0.388655,0.002380,29276.440253,0.056000
2026-08-12,19:01:21,0.207304,0.388655,0.002380,29276.442633,0.056000
2026-08-12,19:01:22,0.544174,0.388655,0.002380,29276.442633,0.056000
2026-08-12,19:01:22,0.544174,0.388655,0.002380,29276.445013,0.056000
2026-08-12,19:01:23,0.227711,0.388655,0.002380,29276.447393,0.056000
2026-08-12,19:01:24,0.420817,0.401596,0.002460,29276.447393,0.056000
2026-08-12,19:01:24,0.599638,0.401596,0.002460,29276.449853,0.056000
2026-08-12,19:01:25,0.244572,0.401596,0.002460,29276.452313,0.056000
2026-08-12,19:01:26,0.244572,0.401596,0.002460,29276.452313,0.056000
2026-08-12,19:01:26,0.190017,0.401596,0.002460,29276.454773,0.056000
2026-08-12,19:01:27,0.471625,0.421669,0.002580,29276.457353,0.056000
2026-08-12,19:01:28,0.574542,0.445034,0.002730,29276.457353,0.056000
2026-08-12,19:01:28,0.574542,0.445034,0.002730,29276.460083,0.056000
2026-08-12,19:01:29,0.348509,0.445034,0.002730,29276.462813,0.056000
2026-08-12,19:01:30,0.250381,0.445034,0.002730,29276.462813,0.056000
2026-08-12,19:01:30,0.605550,0.445034,0.002730,29276.465543,0.056000
2026-08-12,19:01:31,0.547931,0.445034,0.002730,29276.468273,0.056000
2026-08-12,19:01:32,0.547931,0.445034,0.002730,29276.468273,0.056000
2026-08-12,19:01:32,0.483045,0.445034,0.002730,29276.471003,0.056000
2026-08-12,19:01:33,0.399037,0.445034,0.002730,29276.473733,0.056000
2026-08-12,19:01:34,0.436009,0.445034,0.002730,29276.473733,0.056000
2026-08-12,19:01:34,0.636129,0.445034,0.002730,29276.476463,0.056000
2026-08-12,19:01:35,0.636129,0.445034,0.002730,29276.479193,0.056000
2026-08-12,19:01:36,0.515284,0.445034,0.002730,29276.479193,0.056000
2026-08-12,19:01:36,0.536230,0.445034,0.002730,29276.481923,0.056000
2026-08-12,19:01:37,0.543642,0.445034,0.002730,29276.484653,0.056000
2026-08-12,19:01:38,0.543642,0.445034,0.002730,29276.484653,0.056000
2026-08-12,19:01:38,0.536230,0.445034,0.002730,29276.487383,0.056000
2026-08-12,19:01:39,0.353190,0.436593,0.002680,29276.490063,0.056000
2026-08-12,19:01:40,0.082497,0.436593,0.002680,29276.490063,0.056000
2026-08-12,19:01:40,0.346745,0.415037,0.002680,29276.492743,0.056000
2026-08-12,19:01:41,0.346745,0.415037,0.002540,29276.495283,0.056000
2026-08-12,19:01:42,0.123101,0.415037,0.002540,29276.495283,0.056000
2026-08-12,19:01:42,0.206242,0.415037,0.002540,29276.497823,0.056000
2026-08-12,19:01:43,0.144047,0.415037,0.002540,29276.500363,0.056000
2026-08-12,19:01:44,0.144047,0.415037,0.002540,29276.500363,0.056000
2026-08-12,19:01:44,0.548465,0.415037,0.002540,29276.502903,0.056000
2026-08-12,19:01:45,0.558284,0.415037,0.002540,29276.505443,0.056000
2026-08-12,19:01:46,0.568218,0.415037,0.002540,29276.505443,0.056000
2026-08-12,19:01:46,0.568218,0.415037,0.002540,29276.507983,0.056000
2026-08-12,19:01:47,0.451426,0.415037,0.002540,29276.510523,0.056000
2026-08-12,19:01:48,0.483461,0.415037,0.002540,29276.510523,0.056000
2026-08-12,19:01:48,0.647335,0.415037,0.002540,29276.513063,0.056000
2026-08-12,19:01:49,0.605550,0.415037,0.002540,29276.515603,0.056000
2026-08-12,19:01:50,0.605550,0.415037,0.002540,29276.515603,0.056000
2026-08-12,19:01:50,0.563766,0.415037,0.002540,29276.518143,0.056000
2026-08-12,19:01:51,0.271600,0.415037,0.002540,29276.520683,0.056000
2026-08-12,19:01:52,0.675105,0.415037,0.002540,29276.520683,0.056000
2026-08-12,19:01:52,0.675105,0.415037,0.002540,29276.523223,0.056000
2026-08-12,19:01:53,0.563493,0.415037,0.002540,29276.525763,0.056000
2026-08-12,19:01:54,0.221304,0.415037,0.002540,29276.525763,0.056000
2026-08-12,19:01:54,0.375735,0.400516,0.002450,29276.528213,0.056000
2026-08-12,19:01:55,0.375735,0.400516,0.002450,29276.530663,0.056000
2026-08-12,19:01:56,0.229489,0.400516,0.002450,29276.530663,0.056000
2026-08-12,19:01:56,0.570947,0.400516,0.002450,29276.533113,0.056000
2026-08-12,19:01:57,0.250381,0.400516,0.002450,29276.535563,0.056000
2026-08-12,19:01:58,0.315670,0.400516,0.002450,29276.535563,0.056000
2026-08-12,19:01:58,0.315670,0.400516,0.002450,29276.538013,0.056000
2026-08-12,19:01:59,0.543200,0.400516,0.002450,29276.540463,0.056000
2026-08-12,19:02:00,0.501415,0.400516,0.002450,29276.540463,0.056000
2026-08-12,19:02:00,0.583026,0.400516,0.002450,29276.542913,0.056000
2026-08-12,19:02:01,0.616827,0.400516,0.002450,29276.545363,0.056000
2026-08-12,19:02:02,0.616827,0.400516,0.002450,29276.545363,0.056000
2026-08-12,19:02:02,0.555113,0.400516,0.002450,29276.547813,0.056000
2026-08-12,19:02:03,0.431683,0.400516,0.002450,29276.547813,0.056000
2026-08-12,19:02:04,0.513969,0.400516,0.002450,29276.550263,0.056000
2026-08-12,19:02:04,0.513969,0.400516,0.002450,29276.552713,0.056000
2026-08-12,19:02:05,0.452576,0.400516,0.002450,29276.552713,0.056000
2026-08-12,19:02:06,0.369968,0.400516,0.002450,29276.555163,0.056000
2026-08-12,19:02:06,0.599470,0.400516,0.002450,29276.557613,0.056000
2026-08-12,19:02:07,0.599470,0.400516,0.002450,29276.557613,0.056000
2026-08-12,19:02:08,0.534862,0.400516,0.002450,29276.560063,0.056000
2026-08-12,19:02:08,0.555113,0.400516,0.002450,29276.562513,0.056000
2026-08-12,19:02:09,0.493719,0.400516,0.002450,29276.562513,0.056000
2026-08-12,19:02:10,0.493719,0.400516,0.002450,29276.564963,0.056000
2026-08-12,19:02:10,0.650732,0.400516,0.002450,29276.567413,0.056000
2026-08-12,19:02:11,0.390540,0.395810,0.002420,29276.567413,0.056000
2026-08-12,19:02:12,0.329146,0.396173,0.002430,29276.569833,0.056000
2026-08-12,19:02:12,0.329146,0.396173,0.002430,29276.572263,0.056000
2026-08-12,19:02:13,0.534541,0.396173,0.002430,29276.572263,0.056000
2026-08-12,19:02:14,0.562505,0.396173,0.002430,29276.574693,0.056000
2026-08-12,19:02:14,0.246860,0.396173,0.002430,29276.577123,0.056000
2026-08-12,19:02:15,0.246860,0.396173,0.002430,29276.577123,0.056000
2026-08-12,19:02:16,0.555434,0.396173,0.002430,29276.579553,0.056000
2026-08-12,19:02:16,0.341361,0.401831,0.002430,29276.581983,0.056000
2026-08-12,19:02:17,0.493719,0.401831,0.002460,29276.581983,0.056000
2026-08-12,19:02:18,0.267431,0.401831,0.002460,29276.584443,0.056000
2026-08-12,19:02:18,0.267431,0.401831,0.002460,29276.586903,0.056000
2026-08-12,19:02:19,0.514291,0.411799,0.002520,29276.586903,0.056000
2026-08-12,19:02:20,0.521684,0.421886,0.002590,29276.589423,0.056000
2026-08-12,19:02:20,0.411433,0.415867,0.002590,29276.592013,0.056000
2026-08-12,19:02:21,0.411433,0.415867,0.002550,29276.592013,0.056000
2026-08-12,19:02:22,0.473148,0.405727,0.002490,29276.594563,0.056000
2026-08-12,19:02:22,0.555113,0.425919,0.002490,29276.597053,0.056000
2026-08-12,19:02:23,0.369968,0.425919,0.002610,29276.597053,0.056000
2026-08-12,19:02:24,0.369968,0.445565,0.002610,29276.599663,0.056000
2026-08-12,19:02:24,0.543200,0.445565,0.002730,29276.602393,0.056000
2026-08-12,19:02:25,0.563766,0.464368,0.002850,29276.602393,0.056000
2026-08-12,19:02:26,0.617149,0.487029,0.002850,29276.605243,0.056000
2026-08-12,19:02:26,0.617149,0.508358,0.002980,29276.608223,0.056000
2026-08-12,19:02:27,0.542441,0.508358,0.003120,29276.608223,0.056000
2026-08-12,19:02:28,0.545722,0.528794,0.003120,29276.611343,0.056000
2026-08-12,19:02:28,0.539453,0.531311,0.003240,29276.614583,0.056000
2026-08-12,19:02:29,0.539453,0.538920,0.003300,29276.614583,0.056000
2026-08-12,19:02:30,0.597780,0.538920,0.003300,29276.617883,0.056000
2026-08-12,19:02:30,0.329665,0.538920,0.003300,29276.621183,0.056000
2026-08-12,19:02:31,0.639029,0.561680,0.003440,29276.621183,0.056000
2026-08-12,19:02:32,0.474357,0.561801,0.003440,29276.624623,0.056000
2026-08-12,19:02:32,0.474357,0.561801,0.003440,29276.628063,0.056000
2026-08-12,19:02:33,0.535908,0.559880,0.003430,29276.628063,0.056000
2026-08-12,19:02:34,0.398709,0.545431,0.003430,29276.631493,0.056000
2026-08-12,19:02:34,0.474357,0.536490,0.003340,29276.634833,0.056000
2026-08-12,19:02:35,0.474357,0.536490,0.003290,29276.634833,0.056000
2026-08-12,19:02:36,0.652447,0.536490,0.003290,29276.638123,0.056000
2026-08-12,19:02:36,0.252358,0.536490,0.003290,29276.641413,0.056000
2026-08-12,19:02:37,0.400088,0.514784,0.003160,29276.641413,0.056000
2026-08-12,19:02:38,0.400088,0.514784,0.003160,29276.644573,0.056000
2026-08-12,19:02:38,0.210573,0.514784,0.003160,29276.647733,0.056000
2026-08-12,19:02:39,0.313556,0.514784,0.003160,29276.647733,0.056000
2026-08-12,19:02:40,0.454575,0.505998,0.003160,29276.650893,0.056000
2026-08-12,19:02:40,0.185771,0.505998,0.003100,29276.653993,0.056000
2026-08-12,19:02:41,0.185771,0.505998,0.003100,29276.653993,0.056000
2026-08-12,19:02:42,0.268480,0.505998,0.003100,29276.657093,0.056000
2026-08-12,19:02:42,0.566037,0.508029,0.003110,29276.660203,0.056000
2026-08-12,19:02:43,0.186095,0.508029,0.003110,29276.660203,0.056000
2026-08-12,19:02:44,0.186095,0.511948,0.003110,29276.663313,0.056000
2026-08-12,19:02:44,0.578638,0.511948,0.003140,29276.666453,0.056000
2026-08-12,19:02:45,0.310158,0.511948,0.003140,29276.666453,0.056000
2026-08-12,19:02:46,0.454898,0.497660,0.003140,29276.669593,0.056000
2026-08-12,19:02:46,0.372189,0.470976,0.002890,29276.672483,0.056000
2026-08-12,19:02:47,0.372189,0.470976,0.002890,29276.672483,0.056000
2026-08-12,19:02:48,0.516929,0.470976,0.002890,29276.675373,0.056000
2026-08-12,19:02:48,0.191541,0.470976,0.002890,29276.678263,0.056000
2026-08-12,19:02:49,0.415356,0.465075,0.002890,29276.678263,0.056000
2026-08-12,19:02:50,0.415356,0.453020,0.002850,29276.681113,0.056000
2026-08-12,19:02:50,0.415356,0.453020,0.002780,29276.683893,0.056000
2026-08-12,19:02:51,0.249084,0.453020,0.002780,29276.683893,0.056000
2026-08-12,19:02:52,0.415356,0.454685,0.002790,29276.686683,0.056000
2026-08-12,19:02:52,0.374113,0.444661,0.002720,29276.689403,0.056000
2026-08-12,19:02:53,0.374113,0.444661,0.002720,29276.689403,0.056000
2026-08-12,19:02:54,0.207516,0.444661,0.002720,29276.692123,0.056000
2026-08-12,19:02:54,0.311761,0.435828,0.002670,29276.694793,0.056000
2026-08-12,19:02:55,0.207841,0.435828,0.002670,29276.694793,0.056000
2026-08-12,19:02:56,0.207841,0.435828,0.002670,29276.697463,0.056000
2026-08-12,19:02:56,0.269868,0.435828,0.002670,29276.700133,0.056000
2026-08-12,19:02:57,0.145164,0.435828,0.002670,29276.700133,0.056000
2026-08-12,19:02:58,0.565432,0.446914,0.002740,29276.702873,0.056000
2026-08-12,19:02:58,0.232667,0.446914,0.002740,29276.705613,0.056000
2026-08-12,19:02:59,0.232667,0.446914,0.002740,29276.705613,0.056000
2026-08-12,19:03:00,0.164994,0.446914,0.002740,29276.708353,0.056000
2026-08-12,19:03:00,0.206242,0.446914,0.002740,29276.711093,0.056000
2026-08-12,19:03:01,0.515284,0.441838,0.002740,29276.711093,0.056000
2026-08-12,19:03:02,0.515284,0.435503,0.002670,29276.713833,0.056000
2026-08-12,19:03:02,0.515284,0.435503,0.002670,29276.716503,0.056000
2026-08-12,19:03:03,0.309363,0.435503,0.002670,29276.716503,0.056000
2026-08-12,19:03:04,0.185618,0.435503,0.002670,29276.719173,0.056000
2026-08-12,19:03:04,0.515284,0.441541,0.002670,29276.721843,0.056000
2026-08-12,19:03:05,0.515284,0.441541,0.002710,29276.721843,0.056000
2026-08-12,19:03:06,0.336433,0.441541,0.002710,29276.724553,0.056000
2026-08-12,19:03:06,0.453411,0.449664,0.002710,29276.727263,0.056000
2026-08-12,19:03:07,0.164672,0.449664,0.002760,29276.727263,0.056000
2026-08-12,19:03:08,0.572967,0.465425,0.002850,29276.730023,0.056000
2026-08-12,19:03:08,0.572967,0.465425,0.002850,29276.732873,0.056000
2026-08-12,19:03:09,0.258447,0.465425,0.002850,29276.732873,0.056000
2026-08-12,19:03:09,0.082497,0.465425,0.002850,29276.735723,0.056000
2026-08-12,19:03:10,0.309041,0.465425,0.002850,29276.738573,0.056000
2026-08-12,19:03:11,0.309041,0.479575,0.002850,29276.738573,0.056000
2026-08-12,19:03:11,0.556854,0.479575,0.002990,29276.741423,0.056000
2026-08-12,19:03:12,0.501427,0.488182,0.002990,29276.744413,0.056000
2026-08-12,19:03:13,0.142758,0.488182,0.002990,29276.744413,0.056000
2026-08-12,19:03:13,0.342878,0.485058,0.002970,29276.747403,0.056000
2026-08-12,19:03:14,0.342878,0.485058,0.002970,29276.750373,0.056000
2026-08-12,19:03:15,0.144047,0.485058,0.002970,29276.750373,0.056000
2026-08-12,19:03:15,0.607134,0.514595,0.003150,29276.753343,0.056000
2026-08-12,19:03:16,0.510395,0.509092,0.003150,29276.756493,0.056000
2026-08-12,19:03:17,0.511990,0.508762,0.003120,29276.756493,0.056000
2026-08-12,19:03:17,0.511990,0.508762,0.003120,29276.759613,0.056000
2026-08-12,19:03:18,0.603542,0.517588,0.003170,29276.762783,0.056000
2026-08-12,19:03:19,0.103920,0.517588,0.003170,29276.762783,0.056000
2026-08-12,19:03:19,0.353004,0.517588,0.003170,29276.765953,0.056000
2026-08-12,19:03:20,0.353004,0.522177,0.003170,29276.769123,0.056000
2026-08-12,19:03:21,0.561169,0.522177,0.003200,29276.769123,0.056000
2026-08-12,19:03:21,0.373788,0.522177,0.003200,29276.772323,0.056000
2026-08-12,19:03:22,0.311436,0.522177,0.003200,29276.775523,0.056000
2026-08-12,19:03:23,0.311436,0.522177,0.003200,29276.775523,0.056000
2026-08-12,19:03:23,0.311436,0.522177,0.003200,29276.778723,0.056000
2026-08-12,19:03:24,0.290652,0.522177,0.003200,29276.781923,0.056000
2026-08-12,19:03:25,0.244374,0.522177,0.003200,29276.781923,0.056000
2026-08-12,19:03:25,0.228625,0.522177,0.003200,29276.785123,0.056000
2026-08-12,19:03:26,0.290652,0.522177,0.003200,29276.788323,0.056000
2026-08-12,19:03:27,0.290652,0.522177,0.003250,29276.788323,0.056000
2026-08-12,19:03:27,0.540385,0.530874,0.003250,29276.791573,0.056000
2026-08-12,19:03:28,0.595918,0.533169,0.003270,29276.794843,0.056000
2026-08-12,19:03:29,0.643981,0.541882,0.003320,29276.794843,0.056000
2026-08-12,19:03:29,0.643981,0.541882,0.003320,29276.798163,0.056000
2026-08-12,19:03:30,0.540385,0.545778,0.003350,29276.801513,0.056000
2026-08-12,19:03:31,0.394897,0.550980,0.003380,29276.801513,0.056000
2026-08-12,19:03:31,0.434155,0.533682,0.003380,29276.804893,0.056000
2026-08-12,19:03:32,0.434155,0.535974,0.003270,29276.808163,0.056000
2026-08-12,19:03:33,0.533323,0.535974,0.003270,29276.808163,0.056000
2026-08-12,19:03:33,0.553702,0.540146,0.003310,29276.811473,0.056000
2026-08-12,19:03:34,0.491577,0.528949,0.003240,29276.814713,0.056000
2026-08-12,19:03:35,0.491577,0.508503,0.003240,29276.814713,0.056000
2026-08-12,19:03:35,0.356705,0.508503,0.003120,29276.817833,0.056000
2026-08-12,19:03:36,0.164994,0.508503,0.003120,29276.820953,0.056000
2026-08-12,19:03:37,0.226867,0.508503,0.003120,29276.820953,0.056000
2026-08-12,19:03:37,0.316365,0.508503,0.003120,29276.824073,0.056000
2026-08-12,19:03:38,0.316365,0.508503,0.003120,29276.827193,0.056000
2026-08-12,19:03:39,0.253026,0.508503,0.003120,29276.827193,0.056000
2026-08-12,19:03:39,0.144370,0.508503,0.003120,29276.830313,0.056000
2026-08-12,19:03:40,0.494982,0.503962,0.003090,29276.833403,0.056000
2026-08-12,19:03:41,0.494982,0.491806,0.003090,29276.833403,0.056000
2026-08-12,19:03:41,0.474357,0.491806,0.003010,29276.836413,0.056000
2026-08-12,19:03:42,0.082497,0.491806,0.003010,29276.839423,0.056000
2026-08-12,19:03:43,0.536230,0.481031,0.003010,29276.839423,0.056000
2026-08-12,19:03:43,0.350290,0.481031,0.002950,29276.842373,0.056000
2026-08-12,19:03:44,0.350290,0.481031,0.002950,29276.845323,0.056000
2026-08-12,19:03:45,0.267793,0.481031,0.002950,29276.845323,0.056000
2026-08-12,19:03:45,0.536230,0.480616,0.002950,29276.848273,0.056000
2026-08-12,19:03:46,0.439559,0.485082,0.002950,29276.851243,0.056000
2026-08-12,19:03:47,0.167248,0.485082,0.002970,29276.851243,0.056000
2026-08-12,19:03:47,0.167248,0.485082,0.002970,29276.854213,0.056000
2026-08-12,19:03:48,0.251036,0.485082,0.002970,29276.857183,0.056000
2026-08-12,19:03:49,0.245472,0.485082,0.002970,29276.857183,0.056000
2026-08-12,19:03:49,0.272310,0.485082,0.002970,29276.860153,0.056000
2026-08-12,19:03:50,0.272310,0.485082,0.002970,29276.863123,0.056000
2026-08-12,19:03:51,0.313877,0.485082,0.002970,29276.863123,0.056000
2026-08-12,19:03:51,0.180667,0.485082,0.002970,29276.866093,0.056000
2026-08-12,19:03:52,0.397665,0.481433,0.002970,29276.869063,0.056000
2026-08-12,19:03:53,0.649355,0.481433,0.002950,29276.869063,0.056000
2026-08-12,19:03:53,0.649355,0.481433,0.002950,29276.872013,0.056000
2026-08-12,19:03:54,0.607134,0.481433,0.002950,29276.874963,0.056000
2026-08-12,19:03:55,0.535908,0.481433,0.002950,29276.874963,0.056000
2026-08-12,19:03:55,0.378702,0.481433,0.002950,29276.877913,0.056000
2026-08-12,19:03:56,0.378702,0.481433,0.002950,29276.880863,0.056000
2026-08-12,19:03:57,0.476476,0.481433,0.002950,29276.880863,0.056000
2026-08-12,19:03:57,0.352417,0.481433,0.002950,29276.883813,0.056000
2026-08-12,19:03:58,0.580452,0.486146,0.002950,29276.886763,0.056000
2026-08-12,19:03:59,0.580452,0.486715,0.002980,29276.886763,0.056000
2026-08-12,19:03:59,0.559398,0.486715,0.002980,29276.889743,0.056000
2026-08-12,19:04:00,0.472265,0.484784,0.002970,29276.889743,0.056000
2026-08-12,19:04:01,0.414285,0.490542,0.003010,29276.892713,0.056000
2026-08-12,19:04:01,0.331687,0.474213,0.003010,29276.895723,0.056000
2026-08-12,19:04:02,0.331687,0.474213,0.002910,29276.895723,0.056000
2026-08-12,19:04:03,0.393554,0.466133,0.002860,29276.898633,0.056000
2026-08-12,19:04:03,0.203417,0.466133,0.002860,29276.901493,0.056000
2026-08-12,19:04:04,0.576889,0.470198,0.002860,29276.901493,0.056000
2026-08-12,19:04:05,0.576889,0.470198,0.002880,29276.904353,0.056000
2026-08-12,19:04:05,0.165844,0.470198,0.002880,29276.907233,0.056000
2026-08-12,19:04:06,0.175885,0.470198,0.002880,29276.907233,0.056000
2026-08-12,19:04:07,0.144789,0.470198,0.002880,29276.910113,0.056000
2026-08-12,19:04:07,0.304802,0.470198,0.002880,29276.912993,0.056000
2026-08-12,19:04:08,0.304802,0.470198,0.002880,29276.912993,0.056000
2026-08-12,19:04:09,0.269172,0.470198,0.002880,29276.915873,0.056000
2026-08-12,19:04:09,0.189687,0.470198,0.002880,29276.918753,0.056000
2026-08-12,19:04:10,0.330512,0.449627,0.002760,29276.918753,0.056000
2026-08-12,19:04:11,0.330512,0.430483,0.002640,29276.921513,0.056000
2026-08-12,19:04:11,0.248126,0.430483,0.002640,29276.924153,0.056000
2026-08-12,19:04:12,0.496252,0.430483,0.002640,29276.924153,0.056000
2026-08-12,19:04:13,0.516929,0.430483,0.002640,29276.926793,0.056000
2026-08-12,19:04:13,0.211618,0.430483,0.002640,29276.929433,0.056000
2026-08-12,19:04:14,0.211618,0.430483,0.002640,29276.929433,0.056000
2026-08-12,19:04:15,0.252023,0.430483,0.002640,29276.932073,0.056000
2026-08-12,19:04:15,0.252023,0.430483,0.002640,29276.934713,0.056000
2026-08-12,19:04:16,0.494982,0.440215,0.002700,29276.934713,0.056000
2026-08-12,19:04:17,0.082497,0.440215,0.002700,29276.937413,0.056000
2026-08-12,19:04:17,0.082497,0.440215,0.002700,29276.940113,0.056000
2026-08-12,19:04:18,0.247491,0.440215,0.002700,29276.940113,0.056000
2026-08-12,19:04:19,0.577479,0.440215,0.002700,29276.942813,0.056000
2026-08-12,19:04:19,0.495626,0.440215,0.002700,29276.945513,0.056000
2026-08-12,19:04:20,0.495626,0.440215,0.002700,29276.945513,0.056000
2026-08-12,19:04:21,0.412162,0.440215,0.002700,29276.948213,0.056000
2026-08-12,19:04:21,0.556854,0.437855,0.002680,29276.950893,0.056000
2026-08-12,19:04:22,0.553954,0.437311,0.002680,29276.950893,0.056000
2026-08-12,19:04:23,0.553954,0.435425,0.002680,29276.953573,0.056000
2026-08-12,19:04:23,0.453411,0.435425,0.002670,29276.956243,0.056000
2026-08-12,19:04:24,0.371236,0.431120,0.002640,29276.956243,0.056000
2026-08-12,19:04:25,0.329988,0.430951,0.002640,29276.958883,0.056000
2026-08-12,19:04:25,0.329988,0.424562,0.002640,29276.961523,0.056000
2026-08-12,19:04:26,0.329665,0.424562,0.002640,29276.961523,0.056000
2026-08-12,19:04:27,0.515606,0.424562,0.002600,29276.964123,0.056000
2026-08-12,19:04:27,0.205920,0.424562,0.002600,29276.966723,0.056000
2026-08-12,19:04:28,0.205920,0.424562,0.002600,29276.966723,0.056000
2026-08-12,19:04:29,0.205920,0.424562,0.002600,29276.969323,0.056000
2026-08-12,19:04:29,0.391860,0.406059,0.002490,29276.971813,0.056000
2026-08-12,19:04:30,0.082497,0.406059,0.002490,29276.971813,0.056000
2026-08-12,19:04:31,0.601970,0.406059,0.002490,29276.974303,0.056000
2026-08-12,19:04:31,0.601970,0.406059,0.002490,29276.976793,0.056000
2026-08-12,19:04:32,0.206242,0.406059,0.002490,29276.976793,0.056000
2026-08-12,19:04:33,0.309041,0.403912,0.002470,29276.979263,0.056000
2026-08-12,19:04:33,0.494982,0.403912,0.002470,29276.981733,0.056000
2026-08-12,19:04:34,0.577479,0.403912,0.002470,29276.981733,0.056000
2026-08-12,19:04:35,0.577479,0.403912,0.002470,29276.984203,0.056000
2026-08-12,19:04:35,0.309363,0.410036,0.002510,29276.986713,0.056000
2026-08-12,19:04:36,0.180140,0.410036,0.002510,29276.986713,0.056000
2026-08-12,19:04:37,0.577479,0.410036,0.002510,29276.989223,0.056000
2026-08-12,19:04:37,0.577479,0.410036,0.002510,29276.991733,0.056000
2026-08-12,19:04:38,0.474357,0.410036,0.002510,29276.991733,0.056000
2026-08-12,19:04:39,0.247491,0.410036,0.002510,29276.994243,0.056000
2026-08-12,19:04:39,0.566522,0.410036,0.002510,29276.996753,0.056000
2026-08-12,19:04:40,0.358991,0.396436,0.002510,29276.996753,0.056000
2026-08-12,19:04:41,0.358991,0.396436,0.002430,29276.999263,0.056000
2026-08-12,19:04:41,0.178529,0.396436,0.002430,29277.001693,0.056000
2026-08-12,19:04:42,0.578445,0.396436,0.002430,29277.001693,0.056000
2026-08-12,19:04:43,0.458245,0.396436,0.002430,29277.004123,0.056000
2026-08-12,19:04:43,0.577479,0.396436,0.002430,29277.006553,0.056000
2026-08-12,19:04:44,0.577479,0.396436,0.002430,29277.006553,0.056000
2026-08-12,19:04:45,0.515606,0.396436,0.002430,29277.008983,0.056000
2026-08-12,19:04:45,0.351579,0.375909,0.002430,29277.011413,0.056000
2026-08-12,19:04:46,0.144047,0.375909,0.002300,29277.011413,0.056000
2026-08-12,19:04:47,0.144047,0.349387,0.002140,29277.013713,0.056000
2026-08-12,19:04:47,0.288739,0.349387,0.002140,29277.015853,0.056000
2026-08-12,19:04:48,0.206242,0.324671,0.001990,29277.015853,0.056000
2026-08-12,19:04:49,0.247491,0.312296,0.001910,29277.017843,0.056000
2026-08-12,19:04:49,0.556532,0.312296,0.001910,29277.019753,0.056000
2026-08-12,19:04:50,0.556532,0.306109,0.001910,29277.019753,0.056000
2026-08-12,19:04:51,0.268115,0.306109,0.001870,29277.021663,0.056000
2026-08-12,19:04:51,0.144047,0.306109,0.001870,29277.023533,0.056000
2026-08-12,19:04:52,0.273025,0.300445,0.001840,29277.023533,0.056000
2026-08-12,19:04:53,0.499806,0.300445,0.001840,29277.025373,0.056000
2026-08-12,19:04:53,0.499806,0.300445,0.001840,29277.027213,0.056000
2026-08-12,19:04:54,0.248126,0.286071,0.001750,29277.027213,0.056000
2026-08-12,19:04:55,0.289157,0.284083,0.001740,29277.028963,0.056000
2026-08-12,19:04:55,0.185771,0.284083,0.001740,29277.030703,0.056000
2026-08-12,19:04:56,0.185771,0.279995,0.001740,29277.030703,0.056000
2026-08-12,19:04:57,0.268480,0.279995,0.001740,29277.032443,0.056000
2026-08-12,19:04:57,0.268480,0.270943,0.001660,29277.034103,0.056000
2026-08-12,19:04:58,0.516606,0.270943,0.001660,29277.034103,0.056000
2026-08-12,19:04:59,0.206772,0.256463,0.001660,29277.035763,0.056000
2026-08-12,19:04:59,0.206772,0.256463,0.001570,29277.037333,0.056000
2026-08-12,19:05:00,0.537606,0.256463,0.001570,29277.037333,0.056000
2026-08-12,19:05:01,0.268803,0.254469,0.001570,29277.038903,0.056000
2026-08-12,19:05:01,0.227449,0.256590,0.001560,29277.040463,0.056000
2026-08-12,19:05:02,0.227449,0.251969,0.001540,29277.040463,0.056000
2026-08-12,19:05:03,0.201279,0.251969,0.001540,29277.042003,0.056000
2026-08-12,19:05:03,0.206772,0.245834,0.001500,29277.043503,0.056000
2026-08-12,19:05:04,0.589604,0.245834,0.001500,29277.043503,0.056000
2026-08-12,19:05:05,0.421146,0.245834,0.001500,29277.045003,0.056000
2026-08-12,19:05:05,0.421146,0.245834,0.001500,29277.046503,0.056000
2026-08-12,19:05:06,0.538991,0.245834,0.001500,29277.046503,0.056000
2026-08-12,19:05:07,0.269172,0.245449,0.001500,29277.048003,0.056000
2026-08-12,19:05:07,0.503685,0.245449,0.001500,29277.049503,0.056000
2026-08-12,19:05:08,0.259778,0.246614,0.001510,29277.049503,0.056000
2026-08-12,19:05:09,0.259778,0.246614,0.001510,29277.051013,0.056000
2026-08-12,19:05:09,0.518261,0.246614,0.001510,29277.052523,0.056000
2026-08-12,19:05:10,0.414285,0.246614,0.001510,29277.052523,0.056000
2026-08-12,19:05:11,0.421146,0.246614,0.001510,29277.054033,0.056000
2026-08-12,19:05:11,0.421146,0.244342,0.001510,29277.055543,0.056000
2026-08-12,19:05:12,0.266431,0.244342,0.001480,29277.055543,0.056000
2026-08-12,19:05:13,0.245912,0.242085,0.001480,29277.057023,0.056000
2026-08-12,19:05:13,0.553702,0.242085,0.001480,29277.058503,0.056000
2026-08-12,19:05:14,0.525310,0.242085,0.001480,29277.058503,0.056000
2026-08-12,19:05:15,0.525310,0.242085,0.001480,29277.059983,0.056000
2026-08-12,19:05:15,0.576006,0.242085,0.001480,29277.061463,0.056000
2026-08-12,19:05:16,0.440713,0.242085,0.001480,29277.061463,0.056000
2026-08-12,19:05:17,0.504046,0.242085,0.001480,29277.062943,0.056000
2026-08-12,19:05:17,0.257761,0.241013,0.001470,29277.064413,0.056000
2026-08-12,19:05:18,0.257761,0.241013,0.001470,29277.064413,0.056000
2026-08-12,19:05:19,0.418612,0.241013,0.001470,29277.065883,0.056000
2026-08-12,19:05:19,0.577156,0.241013,0.001470,29277.067353,0.056000
2026-08-12,19:05:20,0.494337,0.241013,0.001470,29277.067353,0.056000
2026-08-12,19:05:21,0.494337,0.241013,0.001470,29277.068823,0.056000
2026-08-12,19:05:21,0.504005,0.241013,0.001470,29277.070293,0.056000
2026-08-12,19:05:22,0.533008,0.241013,0.001470,29277.070293,0.056000
2026-08-12,19:05:23,0.556532,0.241013,0.001470,29277.071763,0.056000
2026-08-12,19:05:23,0.556532,0.241013,0.001470,29277.073233,0.056000
2026-08-12,19:05:24,0.350290,0.241013,0.001470,29277.073233,0.056000
2026-08-12,19:05:25,0.565567,0.241013,0.001470,29277.074703,0.056000
2026-08-12,19:05:25,0.552620,0.241013,0.001470,29277.076173,0.056000
2026-08-12,19:05:26,0.552620,0.241013,0.001470,29277.076173,0.056000
2026-08-12,19:05:27,0.561169,0.241013,0.001470,29277.077643,0.056000
2026-08-12,19:05:27,0.656646,0.241013,0.001470,29277.079113,0.056000
2026-08-12,19:05:28,0.540385,0.241013,0.001470,29277.079113,0.056000
2026-08-12,19:05:29,0.540385,0.241013,0.001470,29277.080583,0.056000
2026-08-12,19:05:29,0.540385,0.241013,0.001470,29277.082053,0.056000
2026-08-12,19:05:30,0.482580,0.241013,0.001470,29277.082053,0.056000
2026-08-12,19:05:31,0.561169,0.241013,0.001470,29277.083523,0.056000
2026-08-12,19:05:31,0.374113,0.241013,0.001470,29277.084993,0.056000
2026-08-12,19:05:32,0.374113,0.241013,0.001470,29277.084993,0.056000
2026-08-12,19:05:33,0.270193,0.241013,0.001470,29277.086463,0.056000
2026-08-12,19:05:33,0.517653,0.241013,0.001470,29277.087933,0.056000
2026-08-12,19:05:34,0.501452,0.241013,0.001470,29277.087933,0.056000
2026-08-12,19:05:35,0.501452,0.241013,0.001470,29277.089403,0.056000
2026-08-12,19:05:35,0.436465,0.241013,0.001470,29277.090873,0.056000
2026-08-12,19:05:36,0.332545,0.241013,0.001470,29277.090873,0.056000
2026-08-12,19:05:37,0.257852,0.241013,0.001470,29277.092343,0.056000
2026-08-12,19:05:37,0.257852,0.241013,0.001470,29277.093813,0.056000
2026-08-12,19:05:38,0.538112,0.241013,0.001470,29277.093813,0.056000
2026-08-12,19:05:39,0.623197,0.241013,0.001470,29277.095283,0.056000
2026-08-12,19:05:39,0.332220,0.241013,0.001470,29277.096753,0.056000
2026-08-12,19:05:40,0.561169,0.241013,0.001470,29277.096753,0.056000
2026-08-12,19:05:41,0.561169,0.241013,0.001470,29277.098223,0.056000
2026-08-12,19:05:41,0.145164,0.241013,0.001470,29277.099693,0.056000
2026-08-12,19:05:42,0.368094,0.000000,0.000000,29277.099693,0.056000
2026-08-12,19:05:43,0.307011,0.000000,0.000000,29277.099693,0.056000
2026-08-12,19:05:43,0.307011,0.000000,0.000000,29277.099693,0.056000
2026-08-12,19:05:44,0.184207,0.000000,0.000000,29277.099693,0.056000
2026-08-12,19:05:45,0.209142,0.000000,0.000000,29277.099693,0.056000
2026-08-12,19:05:45,0.536230,0.000000,0.000000,29277.099693,0.056000
2026-08-12,19:05:46,0.523674,0.000000,0.000000,29277.099693,0.056000
2026-08-12,19:05:47,0.523674,0.000000,0.000000,29277.099693,0.056000
2026-08-12,19:05:47,0.397665,0.000000,0.000000,29277.099693,0.056000
2026-08-12,19:05:48,0.628081,0.000000,0.000000,29277.099693,0.056000
2026-08-12,19:05:49,0.544293,0.000000,0.000000,29277.099693,0.056000
2026-08-12,19:05:49,0.515284,0.000000,0.000000,29277.099693,0.056000
2026-08-12,19:05:50,0.515284,0.000000,0.000000,29277.099693,0.056000
2026-08-12,19:05:51,0.551698,0.000000,0.000000,29277.099693,0.056000
2026-08-12,19:05:51,0.350290,0.000000,0.000000,29277.099693,0.056000
2026-08-12,19:05:52,0.535908,0.000000,0.000000,29277.099693,0.056000
2026-08-12,19:05:53,0.535908,0.000000,0.000000,29277.099693,0.056000
2026-08-12,19:05:53,0.453733,0.000000,0.000000,29277.099693,0.056000
2026-08-12,19:05:54,0.329665,0.000000,0.000000,29277.099693,0.056000
2026-08-12,19:05:55,0.144047,0.000000,0.000000,29277.099693,0.056000
2026-08-12,19:05:55,0.329665,0.000000,0.000000,29277.099693,0.056000
2026-08-12,19:05:56,0.329665,0.000000,0.000000,29277.099693,0.056000
2026-08-12,19:05:57,0.556854,0.000000,0.000000,29277.099693,0.056000
2026-08-12,19:05:57,0.596184,0.000000,0.000000,29277.099693,0.056000
2026-08-12,19:05:58,0.329665,0.000000,0.000000,29277.099693,0.056000
2026-08-12,19:05:59,0.185618,0.000000,0.000000,29277.099693,0.056000
2026-08-12,19:05:59,0.185618,0.000000,0.000000,29277.099693,0.056000
2026-08-12,19:06:00,0.247169,0.000000,0.000000,29277.099693,0.056000
2026-08-12,19:06:01,0.230416,0.000000,0.000000,29277.099693,0.056000
2026-08-12,19:06:01,0.397992,0.000000,0.000000,29277.099693,0.056000
2026-08-12,19:06:02,0.397992,0.000000,0.000000,29277.099693,0.056000
2026-08-12,19:06:03,0.287271,0.000000,0.000000,29277.099693,0.056000
2026-08-12,19:06:03,0.164155,0.000000,0.000000,29277.099693,0.056000
2026-08-12,19:06:04,0.193077,0.000000,0.000000,29277.099693,0.056000
2026-08-12,19:06:05,0.627745,0.000000,0.000000,29277.099693,0.056000
2026-08-12,19:06:05,0.627745,0.000000,0.000000,29277.099693,0.056000
2026-08-12,19:06:06,0.479274,0.000000,0.000000,29277.099693,0.056000
2026-08-12,19:06:07,0.532153,0.000000,0.000000,29277.099693,0.056000
2026-08-12,19:06:07,0.436140,0.000000,0.000000,29277.099693,0.056000
2026-08-12,19:06:08,0.436140,0.000000,0.000000,29277.099693,0.056000
2026-08-12,19:06:09,0.249084,0.000000,0.000000,29277.099693,0.056000
2026-08-12,19:06:09,0.281559,0.000000,0.000000,29277.099693,0.056000
2026-08-12,19:06:10,0.269868,0.000000,0.000000,29277.099693,0.056000
2026-08-12,19:06:11,0.249084,0.000000,0.000000,29277.099693,0.056000
2026-08-12,19:06:11,0.249084,0.000000,0.000000,29277.099693,0.056000
2026-08-12,19:06:12,0.386607,0.000000,0.000000,29277.099693,0.056000
2026-08-12,19:06:13,0.476800,0.000000,0.000000,29277.099693,0.056000
2026-08-12,19:06:13,0.518261,0.000000,0.000000,29277.099693,0.056000
2026-08-12,19:06:14,0.227711,0.000000,0.000000,29277.099693,0.056000
2026-08-12,19:06:15,0.227711,0.000000,0.000000,29277.099693,0.056000
2026-08-12,19:06:15,0.559722,0.000000,0.000000,29277.099693,0.056000
2026-08-12,19:06:16,0.305149,0.000000,0.000000,29277.099693,0.056000
2026-08-12,19:06:17,0.631299,0.000000,0.000000,29277.099693,0.056000
2026-08-12,19:06:17,0.631299,0.000000,0.000000,29277.099693,0.056000
2026-08-12,19:06:18,0.269496,0.000000,0.000000,29277.099693,0.056000
2026-08-12,19:06:19,0.497531,0.000000,0.000000,29277.099693,0.056000
2026-08-12,19:06:19,0.518261,0.000000,0.000000,29277.099693,0.056000
2026-08-12,19:06:20,0.518261,0.000000,0.000000,29277.099693,0.056000
2026-08-12,19:06:21,0.414285,0.000000,0.000000,29277.099693,0.056000
2026-08-12,19:06:21,0.356304,0.000000,0.000000,29277.099693,0.056000
2026-08-12,19:06:22,0.476476,0.000000,0.000000,29277.099693,0.056000
2026-08-12,19:06:23,0.405215,0.000000,0.000000,29277.099693,0.056000
2026-08-12,19:06:23,0.405215,0.000000,0.000000,29277.099693,0.056000
2026-08-12,19:06:24,0.435339,0.000000,0.000000,29277.099693,0.056000
2026-08-12,19:06:25,0.455746,0.000000,0.000000,29277.099693,0.056000
2026-08-12,19:06:25,0.538668,0.000000,0.000000,29277.099693,0.056000
2026-08-12,19:06:26,0.538668,0.000000,0.000000,29277.099693,0.056000
2026-08-12,19:06:27,0.580452,0.000000,0.000000,29277.099693,0.056000
2026-08-12,19:06:27,0.559398,0.000000,0.000000,29277.099693,0.056000
2026-08-12,19:06:28,0.569115,0.000000,0.000000,29277.099693,0.056000
2026-08-12,19:06:29,0.569115,0.000000,0.000000,29277.099693,0.056000
2026-08-12,19:06:29,0.476476,0.000000,0.000000,29277.099693,0.056000
2026-08-12,19:06:30,0.621589,0.000000,0.000000,29277.099693,0.056000
2026-08-12,19:06:31,0.577065,0.000000,0.000000,29277.099693,0.056000
2026-08-12,19:06:31,0.577065,0.000000,0.000000,29277.099693,0.056000
2026-08-12,19:06:32,0.550907,0.000000,0.000000,29277.099693,0.056000
2026-08-12,19:06:33,0.623197,0.000000,0.000000,29277.099693,0.056000
2026-08-12,19:06:33,0.561169,0.000000,0.000000,29277.099693,0.056000
2026-08-12,19:06:34,0.561169,0.000000,0.000000,29277.099693,0.056000
2026-08-12,19:06:35,0.457249,0.000000,0.000000,29277.099693,0.056000
2026-08-12,19:06:35,0.581953,0.000000,0.000000,29277.099693,0.056000
2026-08-12,19:06:36,0.498492,0.000000,0.000000,29277.099693,0.056000
2026-08-12,19:06:37,0.228300,0.000000,0.000000,29277.099693,0.056000
2026-08-12,19:06:37,0.228300,0.000000,0.000000,29277.099693,0.056000
2026-08-12,19:06:38,0.630017,0.000000,0.000000,29277.099693,0.056000
2026-08-12,19:06:39,0.290977,0.000000,0.000000,29277.099693,0.056000
2026-08-12,19:06:39,0.543958,0.000000,0.000000,29277.099693,0.056000
2026-08-12,19:06:40,0.103920,0.000000,0.000000,29277.099693,0.056000
2026-08-12,19:06:41,0.103920,0.000000,0.000000,29277.099693,0.056000
2026-08-12,19:06:41,0.353004,0.000000,0.000000,29277.099693,0.056000
2026-08-12,19:06:42,0.312768,0.000000,0.000000,29277.099693,0.056000
2026-08-12,19:06:43,0.491218,0.000000,0.000000,29277.099693,0.056000
2026-08-12,19:06:43,0.491218,0.000000,0.000000,29277.099693,0.056000
2026-08-12,19:06:44,0.245609,0.000000,0.000000,29277.099693,0.056000
2026-08-12,19:06:44,0.541788,0.000000,0.000000,29277.099693,0.056000
2026-08-12,19:06:45,0.639141,0.000000,0.000000,29277.099693,0.056000
2026-08-12,19:06:46,0.639141,0.000000,0.000000,29277.099693,0.056000
2026-08-12,19:06:46,0.312244,0.000000,0.000000,29277.099693,0.056000
2026-08-12,19:06:47,0.520624,0.000000,0.000000,29277.099693,0.056000
2026-08-12,19:06:48,0.437598,0.000000,0.000000,29277.099693,0.056000
2026-08-12,19:06:48,0.395922,0.000000,0.000000,29277.099693,0.056000
2026-08-12,19:06:49,0.395922,0.000000,0.000000,29277.099693,0.056000
2026-08-12,19:06:50,0.427654,0.000000,0.000000,29277.099693,0.056000
2026-08-12,19:06:50,0.271983,0.000000,0.000000,29277.099693,0.056000
2026-08-12,19:06:51,0.553457,0.000000,0.000000,29277.099693,0.056000
2026-08-12,19:06:52,0.553457,0.000000,0.000000,29277.099693,0.056000
2026-08-12,19:06:52,0.470751,0.000000,0.000000,29277.099693,0.056000
2026-08-12,19:06:53,0.575966,0.000000,0.000000,29277.099693,0.056000
2026-08-12,19:06:54,0.573088,0.000000,0.000000,29277.099693,0.056000
2026-08-12,19:06:54,0.573088,0.000000,0.000000,29277.099693,0.056000
2026-08-12,19:06:55,0.518996,0.000000,0.000000,29277.099693,0.056000
2026-08-12,19:06:56,0.354246,0.000000,0.000000,29277.099693,0.056000
2026-08-12,19:06:56,0.567184,0.000000,0.000000,29277.099693,0.056000
2026-08-12,19:06:57,0.567184,0.000000,0.000000,29277.099693,0.056000
2026-08-12,19:06:58,0.562626,0.000000,0.000000,29277.099693,0.056000
2026-08-12,19:06:58,0.573088,0.000000,0.000000,29277.099693,0.056000
2026-08-12,19:06:59,0.552620,0.000000,0.000000,29277.099693,0.056000
2026-08-12,19:07:00,0.552620,0.000000,0.000000,29277.099693,0.056000
2026-08-12,19:07:00,0.543633,0.000000,0.000000,29277.099693,0.056000
2026-08-12,19:07:01,0.623522,0.000000,0.000000,29277.099693,0.056000
2026-08-12,19:07:02,0.540385,0.000000,0.000000,29277.099693,0.056000
2026-08-12,19:07:02,0.540385,0.000000,0.000000,29277.099693,0.056000
2026-08-12,19:07:03,0.296497,0.000000,0.000000,29277.099693,0.056000
2026-08-12,19:07:04,0.540385,0.000000,0.000000,29277.099693,0.056000
2026-08-12,19:07:04,0.478033,0.000000,0.000000,29277.099693,0.056000
2026-08-12,19:07:05,0.522849,0.000000,0.000000,29277.099693,0.056000
2026-08-12,19:07:06,0.522849,0.000000,0.000000,29277.099693,0.056000
2026-08-12,19:07:06,0.560845,0.000000,0.000000,29277.099693,0.056000
2026-08-12,19:07:07,0.561169,0.000000,0.000000,29277.099693,0.056000
2026-08-12,19:07:08,0.278311,0.000000,0.000000,29277.099693,0.056000
2026-08-12,19:07:08,0.278311,0.000000,0.000000,29277.099693,0.056000
2026-08-12,19:07:09,0.602737,0.000000,0.000000,29277.099693,0.056000
2026-08-12,19:07:10,0.478033,0.000000,0.000000,29277.099693,0.056000
2026-08-12,19:07:10,0.489160,0.000000,0.000000,29277.099693,0.056000
2026-08-12,19:07:11,0.489160,0.000000,0.000000,29277.099693,0.056000
2026-08-12,19:07:12,0.332220,0.000000,0.000000,29277.099693,0.056000
2026-08-12,19:07:12,0.332220,0.000000,0.000000,29277.099693,0.056000
2026-08-12,19:07:13,0.498817,0.000000,0.000000,29277.099693,0.056000
2026-08-12,19:07:14,0.124380,0.000000,0.000000,29277.099693,0.056000
2026-08-12,19:07:14,0.124380,0.000000,0.000000,29277.099693,0.056000
2026-08-12,19:07:15,0.083136,0.000000,0.000000,29277.099693,0.056000
2026-08-12,19:07:16,0.163326,0.000000,0.000000,29277.099693,0.056000
2026-08-12,19:07:16,0.448828,0.000000,0.000000,29277.099693,0.056000
2026-08-12,19:07:17,0.448828,0.000000,0.000000,29277.099693,0.056000
2026-08-12,19:07:18,0.188031,0.000000,0.000000,29277.099693,0.056000
2026-08-12,19:07:18,0.522307,0.000000,0.000000,29277.099693,0.056000
2026-08-12,19:07:19,0.143315,0.000000,0.000000,29277.099693,0.056000
2026-08-12,19:07:20,0.545045,0.000000,0.000000,29277.099693,0.056000
2026-08-12,19:07:20,0.545045,0.000000,0.000000,29277.099693,0.056000
2026-08-12,19:07:21,0.471945,0.000000,0.000000,29277.099693,0.056000
2026-08-12,19:07:22,0.102597,0.000000,0.000000,29277.099693,0.056000
2026-08-12,19:07:22,0.164155,0.000000,0.000000,29277.099693,0.056000
2026-08-12,19:07:23,0.168129,0.000000,0.000000,29277.099693,0.056000
2026-08-12,19:07:24,0.168129,0.000000,0.000000,29277.099693,0.056000
2026-08-12,19:07:24,0.535184,0.000000,0.000000,29277.099693,0.056000
2026-08-12,19:07:25,0.375735,0.000000,0.000000,29277.099693,0.056000
2026-08-12,19:07:26,0.229489,0.000000,0.000000,29277.099693,0.056000
2026-08-12,19:07:26,0.229489,0.000000,0.000000,29277.099693,0.056000
2026-08-12,19:07:27,0.167138,0.000000,0.000000,29277.099693,0.056000
2026-08-12,19:07:28,0.229489,0.000000,0.000000,29277.099693,0.056000
2026-08-12,19:07:28,0.313058,0.000000,0.000000,29277.099693,0.056000
2026-08-12,19:07:29,0.253972,0.000000,0.000000,29277.099693,0.056000
2026-08-12,19:07:30,0.253972,0.000000,0.000000,29277.099693,0.056000
2026-08-12,19:07:30,0.208597,0.000000,0.000000,29277.099693,0.056000
2026-08-12,19:07:31,0.480523,0.000000,0.000000,29277.099693,0.056000
2026-08-12,19:07:32,0.250381,0.000000,0.000000,29277.099693,0.056000
2026-08-12,19:07:32,0.250381,0.000000,0.000000,29277.099693,0.056000
2026-08-12,19:07:33,0.459631,0.000000,0.000000,29277.099693,0.056000
2026-08-12,19:07:34,0.549855,0.000000,0.000000,29277.099693,0.056000
2026-08-12,19:07:34,0.164155,0.000000,0.000000,29277.099693,0.056000
2026-08-12,19:07:35,0.266752,0.000000,0.000000,29277.099693,0.056000
2026-08-12,19:07:36,0.266752,0.000000,0.000000,29277.099693,0.056000
2026-08-12,19:07:36,0.307470,0.000000,0.000000,29277.099693,0.056000
2026-08-12,19:07:37,0.554023,0.000000,0.000000,29277.099693,0.056000
2026-08-12,19:07:38,0.122796,0.000000,0.000000,29277.099693,0.056000
2026-08-12,19:07:38,0.271273,0.000000,0.000000,29277.099693,0.056000
2026-08-12,19:07:39,0.271273,0.000000,0.000000,29277.099693,0.056000
2026-08-12,19:07:40,0.503700,0.000000,0.000000,29277.099693,0.056000
2026-08-12,19:07:40,0.292166,0.000000,0.000000,29277.099693,0.056000
2026-08-12,19:07:41,0.327989,0.000000,0.000000,29277.099693,0.056000
2026-08-12,19:07:42,0.327989,0.000000,0.000000,29277.099693,0.056000
2026-08-12,19:07:42,0.205194,0.000000,0.000000,29277.099693,0.056000
2026-08-12,19:07:43,0.410067,0.000000,0.000000,29277.099693,0.056000
2026-08-12,19:07:44,0.286950,0.000000,0.000000,29277.099693,0.056000
2026-08-12,19:07:44,0.266431,0.000000,0.000000,29277.099693,0.056000
2026-08-12,19:07:45,0.266431,0.000000,0.000000,29277.099693,0.056000
2026-08-12,19:07:46,0.574542,0.000000,0.000000,29277.099693,0.056000
2026-08-12,19:07:46,0.327989,0.000000,0.000000,29277.099693,0.056000
2026-08-12,19:07:47,0.471625,0.000000,0.000000,29277.099693,0.056000
2026-08-12,19:07:48,0.471625,0.000000,0.000000,29277.099693,0.056000
2026-08-12,19:07:48,0.531259,0.000000,0.000000,29277.099693,0.056000
2026-08-12,19:07:49,0.274767,0.000000,0.000000,29277.099693,0.056000
2026-08-12,19:07:50,0.368707,0.000000,0.000000,29277.099693,0.056000
2026-08-12,19:07:50,0.471625,0.000000,0.000000,29277.099693,0.056000
2026-08-12,19:07:51,0.471625,0.000000,0.000000,29277.099693,0.056000
2026-08-12,19:07:52,0.228892,0.000000,0.000000,29277.099693,0.056000
2026-08-12,19:07:52,0.520950,0.000000,0.000000,29277.099693,0.056000
2026-08-12,19:07:53,0.479274,0.000000,0.000000,29277.099693,0.056000
2026-08-12,19:07:54,0.479274,0.000000,0.000000,29277.099693,0.056000
2026-08-12,19:07:54,0.499786,0.000000,0.000000,29277.099693,0.056000
2026-08-12,19:07:55,0.541788,0.000000,0.000000,29277.099693,0.056000
2026-08-12,19:07:56,0.375084,0.000000,0.000000,29277.099693,0.056000
2026-08-12,19:07:56,0.458110,0.000000,0.000000,29277.099693,0.056000
2026-08-12,19:07:57,0.458110,0.000000,0.000000,29277.099693,0.056000
2026-08-12,19:07:58,0.604302,0.000000,0.000000,29277.099693,0.056000
2026-08-12,19:07:58,0.389868,0.000000,0.000000,29277.099693,0.056000
2026-08-12,19:07:59,0.512663,0.000000,0.000000,29277.099693,0.056000
2026-08-12,19:08:00,0.512663,0.000000,0.000000,29277.099693,0.056000
2026-08-12,19:08:00,0.379031,0.000000,0.000000,29277.099693,0.056000
2026-08-12,19:08:01,0.533183,0.000000,0.000000,29277.099693,0.056000
2026-08-12,19:08:02,0.334277,0.000000,0.000000,29277.099693,0.056000
2026-08-12,19:08:02,0.334277,0.000000,0.000000,29277.099693,0.056000
2026-08-12,19:08:03,0.292492,0.000000,0.000000,29277.099693,0.056000
2026-08-12,19:08:04,0.215125,0.000000,0.000000,29277.099693,0.056000
2026-08-12,19:08:04,0.117846,0.000000,0.000000,29277.099693,0.056000
2026-08-12,19:08:05,0.255604,0.000000,0.000000,29277.099693,0.056000
2026-08-12,19:08:06,0.255604,0.000000,0.000000,29277.099693,0.056000
2026-08-12,19:08:06,0.563766,0.000000,0.000000,29277.099693,0.056000
2026-08-12,19:08:07,0.308814,0.000000,0.000000,29277.099693,0.056000
2026-08-12,19:08:08,0.141033,0.000000,0.000000,29277.099693,0.056000
2026-08-12,19:08:08,0.141033,0.000000,0.000000,29277.099693,0.056000
2026-08-12,19:08:09,0.286755,0.000000,0.000000,29277.099693,0.056000
2026-08-12,19:08:10,0.540061,0.000000,0.000000,29277.099693,0.056000
2026-08-12,19:08:10,0.559546,0.000000,0.000000,29277.099693,0.056000
2026-08-12,19:08:11,0.345860,0.000000,0.000000,29277.099693,0.056000
2026-08-12,19:08:12,0.345860,0.000000,0.000000,29277.099693,0.056000
2026-08-12,19:08:12,0.498492,0.000000,0.000000,29277.099693,0.056000
2026-08-12,19:08:13,0.290977,0.000000,0.000000,29277.099693,0.056000
2026-08-12,19:08:14,0.519601,0.000000,0.000000,29277.099693,0.056000
2026-08-12,19:08:14,0.103920,0.000000,0.000000,29277.099693,0.056000
2026-08-12,19:08:15,0.103920,0.000000,0.000000,29277.099693,0.056000
2026-08-12,19:08:16,0.560845,0.000000,0.000000,29277.099693,0.056000
2026-08-12,19:08:16,0.190304,0.000000,0.000000,29277.099693,0.056000
2026-08-12,19:08:17,0.243563,0.000000,0.000000,29277.099693,0.056000
2026-08-12,19:08:18,0.243563,0.000000,0.000000,29277.099693,0.056000
2026-08-12,19:08:18,0.353004,0.000000,0.000000,29277.099693,0.056000
2026-08-12,19:08:19,0.145164,0.000000,0.000000,29277.099693,0.056000
2026-08-12,19:08:20,0.269868,0.000000,0.000000,29277.099693,0.056000
2026-08-12,19:08:20,0.083136,0.000000,0.000000,29277.099693,0.056000
2026-08-12,19:08:21,0.083136,0.000000,0.000000,29277.099693,0.056000
2026-08-12,19:08:22,0.436465,0.000000,0.000000,29277.099693,0.056000
2026-08-12,19:08:22,0.498817,0.000000,0.000000,29277.099693,0.056000
2026-08-12,19:08:23,0.540385,0.000000,0.000000,29277.099693,0.056000
2026-08-12,19:08:24,0.249409,0.000000,0.000000,29277.099693,0.056000
2026-08-12,19:08:24,0.249409,0.000000,0.000000,29277.099693,0.056000
2026-08-12,19:08:25,0.478033,0.000000,0.000000,29277.099693,0.056000
2026-08-12,19:08:26,0.560845,0.000000,0.000000,29277.099693,0.056000
2026-08-12,19:08:26,0.263048,0.000000,0.000000,29277.099693,0.056000
2026-08-12,19:08:27,0.263048,0.000000,0.000000,29277.099693,0.056000
2026-08-12,19:08:28,0.415681,0.000000,0.000000,29277.099693,0.056000
2026-08-12,19:08:28,0.602737,0.000000,0.000000,29277.099693,0.056000
2026-08-12,19:08:29,0.457249,0.000000,0.000000,29277.099693,0.056000
2026-08-12,19:08:30,0.457249,0.000000,0.000000,29277.099693,0.056000
2026-08-12,19:08:30,0.560845,0.000000,0.000000,29277.099693,0.056000
2026-08-12,19:08:31,0.602737,0.000000,0.000000,29277.099693,0.056000
2026-08-12,19:08:32,0.540385,0.000000,0.000000,29277.099693,0.056000
2026-08-12,19:08:32,0.649502,0.000000,0.000000,29277.099693,0.056000
2026-08-12,19:08:33,0.649502,0.000000,0.000000,29277.099693,0.056000
2026-08-12,19:08:34,0.548938,0.000000,0.000000,29277.099693,0.056000
2026-08-12,19:08:34,0.393878,0.000000,0.000000,29277.099693,0.056000
2026-08-12,19:08:35,0.414609,0.000000,0.000000,29277.099693,0.056000
2026-08-12,19:08:36,0.414609,0.000000,0.000000,29277.099693,0.056000
2026-08-12,19:08:36,0.228035,0.000000,0.000000,29277.099693,0.056000
2026-08-12,19:08:37,0.331039,0.000000,0.000000,29277.099693,0.056000
2026-08-12,19:08:38,0.290226,0.000000,0.000000,29277.099693,0.056000
2026-08-12,19:08:38,0.290226,0.000000,0.000000,29277.099693,0.056000
2026-08-12,19:08:39,0.290226,0.000000,0.000000,29277.099693,0.056000
2026-08-12,19:08:40,0.165520,0.000000,0.000000,29277.099693,0.056000
2026-08-12,19:08:40,0.600535,0.000000,0.000000,29277.099693,0.056000
2026-08-12,19:08:41,0.614787,0.000000,0.000000,29277.099693,0.056000
2026-08-12,19:08:42,0.614787,0.000000,0.000000,29277.099693,0.056000
2026-08-12,19:08:42,0.124059,0.000000,0.000000,29277.099693,0.056000
2026-08-12,19:08:43,0.165520,0.000000,0.000000,29277.099693,0.056000
2026-08-12,19:08:44,0.248441,0.000000,0.000000,29277.099693,0.056000
2026-08-12,19:08:44,0.269496,0.000000,0.000000,29277.099693,0.056000
2026-08-12,19:08:45,0.269496,0.000000,0.000000,29277.099693,0.056000
2026-08-12,19:08:46,0.165520,0.000000,0.000000,29277.099693,0.056000
2026-08-12,19:08:46,0.248441,0.000000,0.000000,29277.099693,0.056000
2026-08-12,19:08:47,0.570685,0.000000,0.000000,29277.099693,0.056000
2026-08-12,19:08:48,0.570685,0.000000,0.000000,29277.099693,0.056000
2026-08-12,19:08:48,0.551226,0.000000,0.000000,29277.099693,0.056000
2026-08-12,19:08:49,0.285821,0.000000,0.000000,29277.099693,0.056000
2026-08-12,19:08:50,0.367165,0.000000,0.000000,29277.099693,0.056000
2026-08-12,19:08:50,0.333950,0.000000,0.000000,29277.099693,0.056000
2026-08-12,19:08:51,0.333950,0.000000,0.000000,29277.099693,0.056000
2026-08-12,19:08:52,0.396954,0.000000,0.000000,29277.099693,0.056000
2026-08-12,19:08:52,0.521981,0.000000,0.000000,29277.099693,0.056000
2026-08-12,19:08:53,0.146246,0.000000,0.000000,29277.099693,0.056000
2026-08-12,19:08:54,0.146246,0.000000,0.000000,29277.099693,0.056000
2026-08-12,19:08:54,0.197498,0.000000,0.000000,29277.099693,0.056000
2026-08-12,19:08:55,0.564092,0.000000,0.000000,29277.099693,0.056000
2026-08-12,19:08:56,0.522307,0.000000,0.000000,29277.099693,0.056000
2026-08-12,19:08:56,0.473015,0.000000,0.000000,29277.099693,0.056000
2026-08-12,19:08:57,0.473015,0.000000,0.000000,29277.099693,0.056000
2026-08-12,19:08:58,0.386925,0.000000,0.000000,29277.099693,0.056000
2026-08-12,19:08:58,0.309834,0.000000,0.000000,29277.099693,0.056000
2026-08-12,19:08:59,0.578638,0.000000,0.000000,29277.099693,0.056000
2026-08-12,19:09:00,0.341173,0.000000,0.000000,29277.099693,0.056000
2026-08-12,19:09:00,0.341173,0.000000,0.000000,29277.099693,0.056000
2026-08-12,19:09:01,0.413220,0.000000,0.000000,29277.099693,0.056000
2026-08-12,19:09:02,0.351512,0.000000,0.000000,29277.099693,0.056000
2026-08-12,19:09:02,0.347635,0.000000,0.000000,29277.099693,0.056000
2026-08-12,19:09:03,0.347635,0.000000,0.000000,29277.099693,0.056000
2026-08-12,19:09:04,0.330835,0.000000,0.000000,29277.099693,0.056000
2026-08-12,19:09:04,0.599638,0.000000,0.000000,29277.099693,0.056000
2026-08-12,19:09:05,0.647454,0.000000,0.000000,29277.099693,0.056000
2026-08-12,19:09:06,0.289157,0.000000,0.000000,29277.099693,0.056000
2026-08-12,19:09:06,0.289157,0.000000,0.000000,29277.099693,0.056000
2026-08-12,19:09:07,0.459098,0.000000,0.000000,29277.099693,0.056000
2026-08-12,19:09:08,0.496252,0.000000,0.000000,29277.099693,0.056000
2026-08-12,19:09:08,0.392543,0.000000,0.000000,29277.099693,0.056000
2026-08-12,19:09:09,0.392543,0.000000,0.000000,29277.099693,0.056000
2026-08-12,19:09:10,0.227126,0.000000,0.000000,29277.099693,0.056000
2026-08-12,19:09:10,0.206772,0.000000,0.000000,29277.099693,0.056000
2026-08-12,19:09:11,0.447790,0.000000,0.000000,29277.099693,0.056000
2026-08-12,19:09:12,0.330512,0.000000,0.000000,29277.099693,0.056000
2026-08-12,19:09:12,0.330512,0.000000,0.000000,29277.099693,0.056000
2026-08-12,19:09:13,0.186095,0.000000,0.000000,29277.099693,0.056000
2026-08-12,19:09:14,0.328250,0.000000,0.000000,29277.099693,0.056000
2026-08-12,19:09:14,0.289157,0.000000,0.000000,29277.099693,0.056000
2026-08-12,19:09:15,0.227449,0.000000,0.000000,29277.099693,0.056000
2026-08-12,19:09:16,0.227449,0.000000,0.000000,29277.099693,0.056000
2026-08-12,19:09:16,0.124063,0.000000,0.000000,29277.099693,0.056000
2026-08-12,19:09:17,0.537606,0.000000,0.000000,29277.099693,0.056000
2026-08-12,19:09:18,0.189648,0.000000,0.000000,29277.099693,0.056000
2026-08-12,19:09:18,0.189648,0.000000,0.000000,29277.099693,0.056000
2026-08-12,19:09:19,0.558284,0.000000,0.000000,29277.099693,0.056000
2026-08-12,19:09:20,0.185771,0.000000,0.000000,29277.099693,0.056000
2026-08-12,19:09:20,0.082709,0.000000,0.000000,29277.099693,0.056000
2026-08-12,19:09:21,0.084229,0.000000,0.000000,29277.099693,0.056000
2026-08-12,19:09:22,0.084229,0.000000,0.000000,29277.099693,0.056000
2026-08-12,19:09:22,0.164252,0.000000,0.000000,29277.099693,0.056000
2026-08-12,19:09:23,0.164573,0.000000,0.000000,29277.099693,0.056000
2026-08-12,19:09:23,0.349396,0.000000,0.000000,29277.099693,0.056000
2026-08-12,19:09:24,0.349396,0.000000,0.000000,29277.099693,0.056000
2026-08-12,19:09:25,0.434576,0.000000,0.000000,29277.099693,0.056000
2026-08-12,19:09:25,0.246538,0.000000,0.000000,29277.099693,0.056000
2026-08-12,19:09:26,0.390861,0.000000,0.000000,29277.099693,0.056000
2026-08-12,19:09:27,0.555434,0.000000,0.000000,29277.099693,0.056000
2026-08-12,19:09:27,0.555434,0.000000,0.000000,29277.099693,0.056000
2026-08-12,19:09:28,0.494041,0.000000,0.000000,29277.099693,0.056000
2026-08-12,19:09:29,0.596256,0.000000,0.000000,29277.099693,0.056000
2026-08-12,19:09:29,0.576006,0.000000,0.000000,29277.099693,0.056000
2026-08-12,19:09:30,0.576006,0.000000,0.000000,29277.099693,0.056000
2026-08-12,19:09:31,0.616827,0.000000,0.000000,29277.099693,0.056000
2026-08-12,19:09:31,0.472826,0.000000,0.000000,29277.099693,0.056000
2026-08-12,19:09:32,0.288003,0.000000,0.000000,29277.099693,0.056000
2026-08-12,19:09:33,0.288003,0.000000,0.000000,29277.099693,0.056000
2026-08-12,19:09:33,0.432004,0.000000,0.000000,29277.099693,0.056000
2026-08-12,19:09:34,0.617149,0.000000,0.000000,29277.099693,0.056000
2026-08-12,19:09:35,0.514291,0.000000,0.000000,29277.099693,0.056000
2026-08-12,19:09:35,0.514291,0.000000,0.000000,29277.099693,0.056000
2026-08-12,19:09:36,0.596577,0.000000,0.000000,29277.099693,0.056000
2026-08-12,19:09:37,0.315003,0.000000,0.000000,29277.099693,0.056000
2026-08-12,19:09:37,0.534862,0.000000,0.000000,29277.099693,0.056000
2026-08-12,19:09:38,0.349396,0.000000,0.000000,29277.099693,0.056000
2026-08-12,19:09:39,0.349396,0.000000,0.000000,29277.099693,0.056000
2026-08-12,19:09:39,0.631935,0.000000,0.000000,29277.099693,0.056000
2026-08-12,19:09:40,0.308574,0.000000,0.000000,29277.099693,0.056000
2026-08-12,19:09:41,0.467362,0.000000,0.000000,29277.099693,0.056000
2026-08-12,19:09:41,0.467362,0.000000,0.000000,29277.099693,0.056000
2026-08-12,19:09:42,0.337478,0.000000,0.000000,29277.099693,0.056000
2026-08-12,19:09:43,0.514291,0.000000,0.000000,29277.099693,0.056000
2026-08-12,19:09:43,0.439559,0.000000,0.000000,29277.099693,0.056000
2026-08-12,19:09:44,0.439559,0.000000,0.000000,29277.099693,0.056000
2026-08-12,19:09:45,0.224359,0.000000,0.000000,29277.099693,0.056000
2026-08-12,19:09:45,0.252023,0.000000,0.000000,29277.099693,0.056000
2026-08-12,19:09:46,0.251695,0.000000,0.000000,29277.099693,0.056000
2026-08-12,19:09:47,0.210019,0.000000,0.000000,29277.099693,0.056000
2026-08-12,19:09:47,0.210019,0.000000,0.000000,29277.099693,0.056000
2026-08-12,19:09:48,0.123116,0.000000,0.000000,29277.099693,0.056000
2026-08-12,19:09:49,0.167576,0.000000,0.000000,29277.099693,0.056000
2026-08-12,19:09:49,0.523674,0.000000,0.000000,29277.099693,0.056000
2026-08-12,19:09:50,0.523674,0.000000,0.000000,29277.099693,0.056000
2026-08-12,19:09:51,0.397992,0.000000,0.000000,29277.099693,0.056000
2026-08-12,19:09:51,0.272310,0.000000,0.000000,29277.099693,0.056000
2026-08-12,19:09:52,0.230416,0.000000,0.000000,29277.099693,0.056000
2026-08-12,19:09:53,0.271983,0.000000,0.000000,29277.099693,0.056000
2026-08-12,19:09:53,0.271983,0.000000,0.000000,29277.099693,0.056000
2026-08-12,19:09:54,0.544293,0.000000,0.000000,29277.099693,0.056000
2026-08-12,19:09:55,0.327860,0.000000,0.000000,29277.099693,0.056000
2026-08-12,19:09:55,0.493719,0.000000,0.000000,29277.099693,0.056000
2026-08-12,19:09:56,0.514291,0.000000,0.000000,29277.099693,0.056000
2026-08-12,19:09:57,0.514291,0.000000,0.000000,29277.099693,0.056000
2026-08-12,19:09:57,0.308574,0.000000,0.000000,29277.099693,0.056000
2026-08-12,19:09:58,0.452576,0.000000,0.000000,29277.099693,0.056000
2026-08-12,19:09:59,0.082287,0.000000,0.000000,29277.099693,0.056000
2026-08-12,19:09:59,0.082287,0.000000,0.000000,29277.099693,0.056000
2026-08-12,19:10:00,0.376718,0.000000,0.000000,29277.099693,0.056000
2026-08-12,19:10:01,0.122796,0.000000,0.000000,29277.099693,0.056000
2026-08-12,19:10:01,0.693064,0.000000,0.000000,29277.099693,0.056000
2026-08-12,19:10:02,0.398709,0.000000,0.000000,29277.099693,0.056000
2026-08-12,19:10:03,0.398709,0.000000,0.000000,29277.099693,0.056000
2026-08-12,19:10:03,0.389605,0.000000,0.000000,29277.099693,0.056000
2026-08-12,19:10:04,0.577479,0.000000,0.000000,29277.099693,0.056000
2026-08-12,19:10:05,0.494982,0.000000,0.000000,29277.099693,0.056000
2026-08-12,19:10:05,0.494982,0.000000,0.000000,29277.099693,0.056000
2026-08-12,19:10:06,0.598103,0.000000,0.000000,29277.099693,0.056000
2026-08-12,19:10:07,0.572000,0.000000,0.000000,29277.099693,0.056000
2026-08-12,19:10:07,0.543541,0.000000,0.000000,29277.099693,0.056000
2026-08-12,19:10:08,0.543541,0.000000,0.000000,29277.099693,0.056000
2026-08-12,19:10:09,0.505046,0.000000,0.000000,29277.099693,0.056000
2026-08-12,19:10:09,0.505046,0.000000,0.000000,29277.099693,0.056000
2026-08-12,19:10:10,0.186095,0.000000,0.000000,29277.099693,0.056000
2026-08-12,19:10:11,0.186095,0.000000,0.000000,29277.099693,0.056000
2026-08-12,19:10:11,0.309834,0.000000,0.000000,29277.099693,0.056000
2026-08-12,19:10:12,0.620315,0.000000,0.000000,29277.099693,0.056000
2026-08-12,19:10:13,0.392866,0.000000,0.000000,29277.099693,0.056000
2026-08-12,19:10:13,0.185771,0.000000,0.000000,29277.099693,0.056000
2026-08-12,19:10:14,0.185771,0.000000,0.000000,29277.099693,0.056000
2026-08-12,19:10:15,0.578961,0.000000,0.000000,29277.099693,0.056000
2026-08-12,19:10:15,0.268480,0.000000,0.000000,29277.099693,0.056000
2026-08-12,19:10:16,0.558284,0.000000,0.000000,29277.099693,0.056000
2026-08-12,19:10:17,0.145709,0.000000,0.000000,29277.099693,0.056000
2026-08-12,19:10:17,0.145709,0.000000,0.000000,29277.099693,0.056000
2026-08-12,19:10:18,0.248126,0.000000,0.000000,29277.099693,0.056000
2026-08-12,19:10:19,0.274867,0.000000,0.000000,29277.099693,0.056000
2026-08-12,19:10:19,0.187542,0.000000,0.000000,29277.099693,0.056000
2026-08-12,19:10:20,0.187542,0.000000,0.000000,29277.099693,0.056000
2026-08-12,19:10:21,0.333408,0.000000,0.000000,29277.099693,0.056000
2026-08-12,19:10:21,0.116563,0.000000,0.000000,29277.099693,0.056000
2026-08-12,19:10:22,0.313547,0.000000,0.000000,29277.099693,0.056000
2026-08-12,19:10:23,0.208380,0.000000,0.000000,29277.099693,0.056000
2026-08-12,19:10:23,0.208380,0.000000,0.000000,29277.099693,0.056000
2026-08-12,19:10:24,0.270894,0.000000,0.000000,29277.099693,0.056000
2026-08-12,19:10:25,0.416760,0.000000,0.000000,29277.099693,0.056000
2026-08-12,19:10:25,0.483181,0.000000,0.000000,29277.099693,0.056000
2026-08-12,19:10:26,0.483181,0.000000,0.000000,29277.099693,0.056000
2026-08-12,19:10:27,0.312570,0.000000,0.000000,29277.099693,0.056000
2026-08-12,19:10:27,0.312244,0.000000,0.000000,29277.099693,0.056000
2026-08-12,19:10:28,0.278484,0.000000,0.000000,29277.099693,0.056000
2026-08-12,19:10:29,0.522307,0.000000,0.000000,29277.099693,0.056000
2026-08-12,19:10:29,0.522307,0.000000,0.000000,29277.099693,0.056000
2026-08-12,19:10:30,0.370289,0.000000,0.000000,29277.099693,0.056000
2026-08-12,19:10:31,0.185145,0.000000,0.000000,29277.099693,0.056000
2026-08-12,19:10:31,0.288003,0.000000,0.000000,29277.099693,0.056000
2026-08-12,19:10:32,0.267110,0.000000,0.000000,29277.099693,0.056000
2026-08-12,19:10:33,0.267110,0.000000,0.000000,29277.099693,0.056000
2026-08-12,19:10:33,0.250708,0.000000,0.000000,29277.099693,0.056000
2026-08-12,19:10:34,0.354843,0.000000,0.000000,29277.099693,0.056000
2026-08-12,19:10:35,0.230142,0.000000,0.000000,29277.099693,0.056000
2026-08-12,19:10:35,0.230142,0.000000,0.000000,29277.099693,0.056000
2026-08-12,19:10:36,0.584658,0.000000,0.000000,29277.099693,0.056000
2026-08-12,19:10:37,0.620893,0.000000,0.000000,29277.099693,0.056000
2026-08-12,19:10:37,0.468118,0.000000,0.000000,29277.099693,0.056000
2026-08-12,19:10:38,0.468118,0.000000,0.000000,29277.099693,0.056000
2026-08-12,19:10:39,0.333950,0.000000,0.000000,29277.099693,0.056000
2026-08-12,19:10:39,0.359739,0.000000,0.000000,29277.099693,0.056000
2026-08-12,19:10:40,0.626442,0.000000,0.000000,29277.099693,0.056000
2026-08-12,19:10:41,0.626442,0.000000,0.000000,29277.099693,0.056000
2026-08-12,19:10:41,0.396627,0.000000,0.000000,29277.099693,0.056000
2026-08-12,19:10:42,0.313058,0.000000,0.000000,29277.099693,0.056000
2026-08-12,19:10:43,0.583026,0.000000,0.000000,29277.099693,0.056000
2026-08-12,19:10:43,0.584984,0.000000,0.000000,29277.099693,0.056000
2026-08-12,19:10:44,0.584984,0.000000,0.000000,29277.099693,0.056000
2026-08-12,19:10:45,0.083569,0.000000,0.000000,29277.099693,0.056000
2026-08-12,19:10:45,0.271600,0.000000,0.000000,29277.099693,0.056000
2026-08-12,19:10:46,0.229815,0.000000,0.000000,29277.099693,0.056000
2026-08-12,19:10:47,0.229815,0.000000,0.000000,29277.099693,0.056000
2026-08-12,19:10:47,0.204158,0.000000,0.000000,29277.099693,0.056000
2026-08-12,19:10:48,0.248765,0.000000,0.000000,29277.099693,0.056000
2026-08-12,19:10:49,0.390639,0.000000,0.000000,29277.099693,0.056000
2026-08-12,19:10:49,0.289902,0.000000,0.000000,29277.099693,0.056000
2026-08-12,19:10:50,0.289902,0.000000,0.000000,29277.099693,0.056000
2026-08-12,19:10:51,0.186574,0.000000,0.000000,29277.099693,0.056000
2026-08-12,19:10:51,0.476800,0.000000,0.000000,29277.099693,0.056000
2026-08-12,19:10:52,0.227711,0.000000,0.000000,29277.099693,0.056000
2026-08-12,19:10:53,0.227711,0.000000,0.000000,29277.099693,0.056000
2026-08-12,19:10:53,0.227711,0.000000,0.000000,29277.099693,0.056000
2026-08-12,19:10:54,0.497531,0.000000,0.000000,29277.099693,0.056000
2026-08-12,19:10:55,0.476800,0.000000,0.000000,29277.099693,0.056000
2026-08-12,19:10:55,0.138311,0.000000,0.000000,29277.099693,0.056000
2026-08-12,19:10:56,0.138311,0.000000,0.000000,29277.099693,0.056000
2026-08-12,19:10:57,0.559722,0.000000,0.000000,29277.099693,0.056000
2026-08-12,19:10:57,0.393878,0.000000,0.000000,29277.099693,0.056000
2026-08-12,19:10:58,0.287635,0.000000,0.000000,29277.099693,0.056000
2026-08-12,19:10:59,0.186574,0.000000,0.000000,29277.099693,0.056000
2026-08-12,19:10:59,0.186574,0.000000,0.000000,29277.099693,0.056000
2026-08-12,19:11:00,0.206980,0.000000,0.000000,29277.099693,0.056000
2026-08-12,19:11:01,0.281157,0.000000,0.000000,29277.099693,0.056000
2026-08-12,19:11:01,0.601183,0.000000,0.000000,29277.099693,0.056000
2026-08-12,19:11:02,0.601183,0.000000,0.000000,29277.099693,0.056000
2026-08-12,19:11:03,0.580452,0.000000,0.000000,29277.099693,0.056000
2026-08-12,19:11:03,0.393554,0.000000,0.000000,29277.099693,0.056000
2026-08-12,19:11:04,0.538991,0.000000,0.000000,29277.099693,0.056000
2026-08-12,19:11:05,0.538991,0.000000,0.000000,29277.099693,0.056000
2026-08-12,19:11:05,0.476476,0.000000,0.000000,29277.099693,0.056000
2026-08-12,19:11:06,0.545470,0.000000,0.000000,29277.099693,0.056000
2026-08-12,19:11:07,0.527495,0.000000,0.000000,29277.099693,0.056000
2026-08-12,19:11:07,0.555434,0.000000,0.000000,29277.099693,0.056000
2026-08-12,19:11:08,0.555434,0.000000,0.000000,29277.099693,0.056000
2026-08-12,19:11:09,0.616827,0.000000,0.000000,29277.099693,0.056000
2026-08-12,19:11:09,0.513005,0.000000,0.000000,29277.099693,0.056000
2026-08-12,19:11:10,0.473148,0.000000,0.000000,29277.099693,0.056000
2026-08-12,19:11:11,0.473148,0.000000,0.000000,29277.099693,0.056000
2026-08-12,19:11:11,0.575684,0.000000,0.000000,29277.099693,0.056000
2026-08-12,19:11:12,0.616827,0.543936,0.003330,29277.099693,0.056000
2026-08-12,19:11:13,0.647661,0.554803,0.003330,29277.103023,0.056000
2026-08-12,19:11:13,0.647661,0.554803,0.003400,29277.103023,0.056000
2026-08-12,19:11:14,0.527148,0.559870,0.003430,29277.106423,0.056000
2026-08-12,19:11:15,0.576649,0.562988,0.003430,29277.109853,0.056000
2026-08-12,19:11:15,0.337182,0.562988,0.003450,29277.109853,0.056000
2026-08-12,19:11:16,0.337182,0.562988,0.003450,29277.113303,0.056000
2026-08-12,19:11:17,0.369968,0.562988,0.003450,29277.116753,0.056000
2026-08-12,19:11:17,0.534541,0.563692,0.003460,29277.116753,0.056000
2026-08-12,19:11:18,0.445183,0.552667,0.003390,29277.120213,0.056000
2026-08-12,19:11:19,0.445183,0.534185,0.003390,29277.123603,0.056000
2026-08-12,19:11:19,0.432004,0.534185,0.003270,29277.123603,0.056000
2026-08-12,19:11:20,0.267110,0.534185,0.003270,29277.126873,0.056000
2026-08-12,19:11:21,0.112180,0.534185,0.003270,29277.130143,0.056000
2026-08-12,19:11:21,0.432003,0.526085,0.003220,29277.130143,0.056000
2026-08-12,19:11:22,0.432003,0.526085,0.003220,29277.133363,0.056000
2026-08-12,19:11:23,0.568547,0.526085,0.003220,29277.136583,0.056000
2026-08-12,19:11:23,0.505375,0.526085,0.003220,29277.136583,0.056000
2026-08-12,19:11:24,0.452576,0.526085,0.003220,29277.139803,0.056000
2026-08-12,19:11:25,0.514291,0.526085,0.003220,29277.143023,0.056000
2026-08-12,19:11:25,0.514291,0.526085,0.003220,29277.143023,0.056000
2026-08-12,19:11:26,0.370289,0.526085,0.003220,29277.146243,0.056000
2026-08-12,19:11:27,0.288003,0.526085,0.003220,29277.149463,0.056000
2026-08-12,19:11:27,0.555434,0.534313,0.003280,29277.149463,0.056000
2026-08-12,19:11:28,0.555434,0.534313,0.003280,29277.152743,0.056000
2026-08-12,19:11:29,0.308574,0.534313,0.003280,29277.152743,0.056000
2026-08-12,19:11:29,0.514291,0.528174,0.003240,29277.156023,0.056000
2026-08-12,19:11:30,0.328825,0.528174,0.003240,29277.159263,0.056000
2026-08-12,19:11:31,0.328825,0.529974,0.003240,29277.159263,0.056000
2026-08-12,19:11:31,0.634828,0.529974,0.003250,29277.162503,0.056000
2026-08-12,19:11:32,0.555434,0.520751,0.003250,29277.165753,0.056000
2026-08-12,19:11:33,0.452576,0.513294,0.003150,29277.165753,0.056000
2026-08-12,19:11:33,0.452576,0.511173,0.003130,29277.168903,0.056000
2026-08-12,19:11:34,0.555434,0.511173,0.003130,29277.172033,0.056000
2026-08-12,19:11:35,0.288003,0.511173,0.003130,29277.172033,0.056000
2026-08-12,19:11:35,0.462931,0.504012,0.003090,29277.175163,0.056000
2026-08-12,19:11:36,0.462931,0.518454,0.003090,29277.178253,0.056000
2026-08-12,19:11:37,0.589604,0.518454,0.003180,29277.178253,0.056000
2026-08-12,19:11:37,0.596664,0.534920,0.003280,29277.181433,0.056000
2026-08-12,19:11:38,0.554023,0.547122,0.003280,29277.184713,0.056000
2026-08-12,19:11:39,0.301057,0.547122,0.003350,29277.184713,0.056000
2026-08-12,19:11:39,0.301057,0.547122,0.003350,29277.188063,0.056000
2026-08-12,19:11:40,0.562626,0.547841,0.003360,29277.191423,0.056000
2026-08-12,19:11:41,0.532671,0.549679,0.003370,29277.191423,0.056000
2026-08-12,19:11:41,0.333734,0.549679,0.003370,29277.194793,0.056000
2026-08-12,19:11:42,0.333734,0.549679,0.003370,29277.198163,0.056000
2026-08-12,19:11:43,0.416434,0.549679,0.003370,29277.198163,0.056000
2026-08-12,19:11:43,0.470431,0.549679,0.003370,29277.201533,0.056000
2026-08-12,19:11:44,0.573088,0.549679,0.003370,29277.204903,0.056000
2026-08-12,19:11:45,0.573088,0.549679,0.003370,29277.204903,0.056000
2026-08-12,19:11:45,0.183887,0.549679,0.003370,29277.208273,0.056000
2026-08-12,19:11:46,0.142952,0.549679,0.003370,29277.211643,0.056000
2026-08-12,19:11:47,0.271833,0.549679,0.003370,29277.211643,0.056000
2026-08-12,19:11:47,0.470111,0.533207,0.003370,29277.215013,0.056000
2026-08-12,19:11:48,0.470111,0.533207,0.003270,29277.218283,0.056000
2026-08-12,19:11:49,0.565567,0.534221,0.003270,29277.218283,0.056000
2026-08-12,19:11:49,0.308574,0.534221,0.003270,29277.221553,0.056000
2026-08-12,19:11:50,0.248145,0.534221,0.003270,29277.224823,0.056000
2026-08-12,19:11:51,0.248145,0.534221,0.003270,29277.224823,0.056000
2026-08-12,19:11:51,0.349718,0.534221,0.003270,29277.228093,0.056000
2026-08-12,19:11:52,0.196073,0.534221,0.003270,29277.231363,0.056000
2026-08-12,19:11:52,0.184823,0.534221,0.003270,29277.231363,0.056000
2026-08-12,19:11:53,0.501415,0.539105,0.003270,29277.234633,0.056000
2026-08-12,19:11:54,0.501415,0.539105,0.003300,29277.237933,0.056000
2026-08-12,19:11:54,0.549841,0.538545,0.003300,29277.237933,0.056000
2026-08-12,19:11:55,0.562300,0.548482,0.003360,29277.241293,0.056000
2026-08-12,19:11:56,0.500112,0.539533,0.003310,29277.244603,0.056000
2026-08-12,19:11:56,0.500112,0.539533,0.003310,29277.244603,0.056000
2026-08-12,19:11:57,0.270894,0.539533,0.003310,29277.247913,0.056000
2026-08-12,19:11:58,0.541788,0.534046,0.003270,29277.251183,0.056000
2026-08-12,19:11:58,0.395596,0.518203,0.003270,29277.251183,0.056000
2026-08-12,19:11:59,0.395596,0.518203,0.003180,29277.254363,0.056000
2026-08-12,19:12:00,0.541788,0.518203,0.003180,29277.257543,0.056000
2026-08-12,19:12:00,0.583464,0.518203,0.003180,29277.257543,0.056000
2026-08-12,19:12:01,0.500112,0.518203,0.003180,29277.260723,0.056000
2026-08-12,19:12:02,0.500112,0.518203,0.003180,29277.263903,0.056000
2026-08-12,19:12:02,0.645652,0.518203,0.003180,29277.263903,0.056000
2026-08-12,19:12:03,0.541788,0.518203,0.003180,29277.267083,0.056000
2026-08-12,19:12:04,0.541788,0.518203,0.003180,29277.270263,0.056000
2026-08-12,19:12:04,0.489979,0.518203,0.003180,29277.270263,0.056000
2026-08-12,19:12:05,0.489979,0.518203,0.003180,29277.273443,0.056000
2026-08-12,19:12:06,0.377373,0.518203,0.003180,29277.276623,0.056000
2026-08-12,19:12:06,0.592058,0.521146,0.003180,29277.276623,0.056000
2026-08-12,19:12:07,0.581953,0.526074,0.003220,29277.279803,0.056000
2026-08-12,19:12:08,0.581953,0.526074,0.003220,29277.283023,0.056000
2026-08-12,19:12:08,0.643981,0.543461,0.003330,29277.283023,0.056000
2026-08-12,19:12:09,0.529669,0.539871,0.003310,29277.286353,0.056000
2026-08-12,19:12:10,0.311436,0.539871,0.003310,29277.289663,0.056000
2026-08-12,19:12:10,0.311436,0.539871,0.003310,29277.289663,0.056000
2026-08-12,19:12:11,0.211738,0.539871,0.003310,29277.292973,0.056000
2026-08-12,19:12:12,0.304291,0.539871,0.003310,29277.296283,0.056000
2026-08-12,19:12:12,0.540061,0.543736,0.003310,29277.296283,0.056000
2026-08-12,19:12:13,0.561169,0.544869,0.003340,29277.299593,0.056000
2026-08-12,19:12:14,0.561169,0.544869,0.003340,29277.302933,0.056000
2026-08-12,19:12:14,0.269868,0.544869,0.003340,29277.302933,0.056000
2026-08-12,19:12:15,0.091871,0.544869,0.003340,29277.306273,0.056000
2026-08-12,19:12:16,0.584984,0.547137,0.003340,29277.309613,0.056000
2026-08-12,19:12:16,0.584984,0.552862,0.003350,29277.309613,0.056000
2026-08-12,19:12:17,0.557363,0.552862,0.003390,29277.312963,0.056000
2026-08-12,19:12:18,0.513969,0.550080,0.003390,29277.316353,0.056000
2026-08-12,19:12:18,0.336588,0.550080,0.003370,29277.316353,0.056000
2026-08-12,19:12:19,0.505375,0.561058,0.003440,29277.319723,0.056000
2026-08-12,19:12:20,0.505375,0.561058,0.003440,29277.323163,0.056000
2026-08-12,19:12:20,0.511365,0.552989,0.003390,29277.323163,0.056000
2026-08-12,19:12:21,0.491218,0.543915,0.003330,29277.326553,0.056000
2026-08-12,19:12:22,0.524797,0.531997,0.003330,29277.329883,0.056000
2026-08-12,19:12:22,0.524797,0.531997,0.003260,29277.329883,0.056000
2026-08-12,19:12:23,0.561169,0.535147,0.003280,29277.333143,0.056000
2026-08-12,19:12:24,0.456924,0.526834,0.003280,29277.336423,0.056000
2026-08-12,19:12:24,0.415356,0.512252,0.003140,29277.336423,0.056000
2026-08-12,19:12:25,0.415356,0.512252,0.003140,29277.339563,0.056000
2026-08-12,19:12:26,0.617027,0.512252,0.003140,29277.342703,0.056000
2026-08-12,19:12:26,0.565066,0.512252,0.003140,29277.342703,0.056000
2026-08-12,19:12:27,0.253356,0.512252,0.003140,29277.345843,0.056000
2026-08-12,19:12:28,0.253356,0.505317,0.003140,29277.348983,0.056000
2026-08-12,19:12:28,0.515637,0.505317,0.003100,29277.348983,0.056000
2026-08-12,19:12:29,0.330512,0.505317,0.003100,29277.352083,0.056000
2026-08-12,19:12:30,0.578961,0.507477,0.003100,29277.355183,0.056000
2026-08-12,19:12:30,0.578961,0.507741,0.003110,29277.355183,0.056000
2026-08-12,19:12:31,0.516606,0.507741,0.003110,29277.358293,0.056000
2026-08-12,19:12:32,0.619992,0.519203,0.003180,29277.361473,0.056000
2026-08-12,19:12:32,0.496252,0.517691,0.003170,29277.361473,0.056000
2026-08-12,19:12:33,0.426144,0.511184,0.003170,29277.364643,0.056000
2026-08-12,19:12:34,0.426144,0.511184,0.003130,29277.367773,0.056000
2026-08-12,19:12:34,0.599638,0.511184,0.003130,29277.367773,0.056000
2026-08-12,19:12:35,0.496252,0.511184,0.003130,29277.370903,0.056000
2026-08-12,19:12:36,0.506712,0.511184,0.003130,29277.374033,0.056000
2026-08-12,19:12:36,0.506712,0.511184,0.003130,29277.374033,0.056000
2026-08-12,19:12:37,0.471945,0.511184,0.003130,29277.377163,0.056000
2026-08-12,19:12:38,0.410387,0.511184,0.003130,29277.380293,0.056000
2026-08-12,19:12:38,0.605642,0.519268,0.003180,29277.380293,0.056000
2026-08-12,19:12:39,0.605642,0.519268,0.003180,29277.383473,0.056000
2026-08-12,19:12:40,0.410387,0.519268,0.003180,29277.386653,0.056000
2026-08-12,19:12:40,0.462043,0.519268,0.003180,29277.386653,0.056000
2026-08-12,19:12:41,0.618573,0.525009,0.003180,29277.389833,0.056000
2026-08-12,19:12:42,0.618573,0.527588,0.003220,29277.393053,0.056000
2026-08-12,19:12:42,0.482716,0.527588,0.003220,29277.393053,0.056000
2026-08-12,19:12:43,0.533183,0.539370,0.003310,29277.396363,0.056000
2026-08-12,19:12:44,0.574221,0.545229,0.003340,29277.399703,0.056000
2026-08-12,19:12:44,0.574221,0.537311,0.003340,29277.399703,0.056000
2026-08-12,19:12:45,0.499786,0.537311,0.003290,29277.402993,0.056000
2026-08-12,19:12:46,0.507727,0.536424,0.003290,29277.406283,0.056000
2026-08-12,19:12:46,0.391860,0.513610,0.003290,29277.406283,0.056000
2026-08-12,19:12:47,0.391860,0.513610,0.003150,29277.409433,0.056000
2026-08-12,19:12:48,0.556854,0.513610,0.003150,29277.412583,0.056000
2026-08-12,19:12:48,0.329665,0.513610,0.003150,29277.412583,0.056000
2026-08-12,19:12:49,0.494982,0.513483,0.003150,29277.415733,0.056000
2026-08-12,19:12:50,0.597780,0.530647,0.003250,29277.418983,0.056000
2026-08-12,19:12:50,0.597780,0.530647,0.003250,29277.418983,0.056000
2026-08-12,19:12:51,0.371236,0.530647,0.003250,29277.422233,0.056000
2026-08-12,19:12:52,0.535908,0.523674,0.003210,29277.425443,0.056000
2026-08-12,19:12:52,0.474357,0.509252,0.003210,29277.425443,0.056000
2026-08-12,19:12:53,0.474357,0.509252,0.003120,29277.428563,0.056000
2026-08-12,19:12:54,0.494982,0.510479,0.003130,29277.431693,0.056000
2026-08-12,19:12:54,0.612277,0.518388,0.003130,29277.431693,0.056000
2026-08-12,19:12:55,0.537606,0.514727,0.003160,29277.434853,0.056000
2026-08-12,19:12:56,0.537606,0.504002,0.003090,29277.437943,0.056000
2026-08-12,19:12:56,0.392543,0.504002,0.003090,29277.437943,0.056000
2026-08-12,19:12:57,0.507520,0.503982,0.003090,29277.441033,0.056000
2026-08-12,19:12:58,0.523346,0.517130,0.003090,29277.444203,0.056000
2026-08-12,19:12:58,0.523346,0.525380,0.003170,29277.444203,0.056000
2026-08-12,19:12:59,0.577479,0.525380,0.003220,29277.447423,0.056000
2026-08-12,19:13:00,0.474035,0.513005,0.003220,29277.447423,0.056000
2026-08-12,19:13:00,0.497483,0.509163,0.003140,29277.450563,0.056000
2026-08-12,19:13:01,0.497483,0.512099,0.003140,29277.453703,0.056000
2026-08-12,19:13:02,0.503718,0.512099,0.003140,29277.453703,0.056000
2026-08-12,19:13:02,0.567327,0.519333,0.003180,29277.456843,0.056000
2026-08-12,19:13:03,0.292166,0.519333,0.003180,29277.460023,0.056000
2026-08-12,19:13:04,0.292166,0.519333,0.003180,29277.460023,0.056000
2026-08-12,19:13:04,0.292166,0.519333,0.003180,29277.463203,0.056000
2026-08-12,19:13:05,0.543200,0.512426,0.003140,29277.466383,0.056000
2026-08-12,19:13:06,0.313384,0.512426,0.003140,29277.466383,0.056000
2026-08-12,19:13:06,0.250708,0.512426,0.003140,29277.469523,0.056000
2026-08-12,19:13:07,0.335256,0.512426,0.003140,29277.472663,0.056000
2026-08-12,19:13:08,0.335256,0.512426,0.003140,29277.472663,0.056000
2026-08-12,19:13:08,0.459304,0.504596,0.003090,29277.475803,0.056000
2026-08-12,19:13:09,0.229489,0.504596,0.003090,29277.478893,0.056000
2026-08-12,19:13:10,0.500791,0.515420,0.003090,29277.478893,0.056000
2026-08-12,19:13:10,0.500791,0.516387,0.003160,29277.481983,0.056000
2026-08-12,19:13:11,0.517184,0.516387,0.003160,29277.485143,0.056000
2026-08-12,19:13:12,0.251036,0.516387,0.003170,29277.485143,0.056000
2026-08-12,19:13:12,0.125354,0.516387,0.003170,29277.488313,0.056000
2026-08-12,19:13:13,0.439559,0.508008,0.003170,29277.491483,0.056000
2026-08-12,19:13:14,0.439559,0.508008,0.003110,29277.491483,0.056000
2026-08-12,19:13:14,0.267793,0.508008,0.003110,29277.494593,0.056000
2026-08-12,19:13:15,0.485380,0.498798,0.003110,29277.497703,0.056000
2026-08-12,19:13:16,0.492465,0.500641,0.003060,29277.497703,0.056000
2026-08-12,19:13:16,0.492465,0.500641,0.003070,29277.500763,0.056000
2026-08-12,19:13:17,0.292930,0.500641,0.003070,29277.503833,0.056000
2026-08-12,19:13:18,0.418939,0.492786,0.003020,29277.503833,0.056000
2026-08-12,19:13:18,0.548221,0.492786,0.003020,29277.506853,0.056000
2026-08-12,19:13:19,0.599149,0.492786,0.003020,29277.509873,0.056000
2026-08-12,19:13:20,0.599149,0.492786,0.003020,29277.509873,0.056000
2026-08-12,19:13:20,0.146301,0.492786,0.003020,29277.512893,0.056000
2026-08-12,19:13:21,0.314204,0.492786,0.003020,29277.515913,0.056000
2026-08-12,19:13:22,0.251363,0.492786,0.003020,29277.515913,0.056000
2026-08-12,19:13:22,0.251363,0.497040,0.003050,29277.518933,0.056000
2026-08-12,19:13:23,0.546257,0.497040,0.003050,29277.521983,0.056000
2026-08-12,19:13:24,0.144047,0.497040,0.003050,29277.521983,0.056000
2026-08-12,19:13:24,0.135945,0.497040,0.003050,29277.525033,0.056000
2026-08-12,19:13:25,0.541788,0.494486,0.003050,29277.528083,0.056000
2026-08-12,19:13:26,0.541788,0.490178,0.003030,29277.528083,0.056000
2026-08-12,19:13:26,0.500112,0.490178,0.003030,29277.531113,0.056000
2026-08-12,19:13:27,0.291732,0.490178,0.003000,29277.534113,0.056000
2026-08-12,19:13:28,0.333408,0.490178,0.003000,29277.534113,0.056000
2026-08-12,19:13:28,0.556440,0.499891,0.003000,29277.537113,0.056000
2026-08-12,19:13:29,0.556440,0.499891,0.003060,29277.540173,0.056000
2026-08-12,19:13:30,0.369028,0.499891,0.003060,29277.540173,0.056000
2026-08-12,19:13:30,0.554023,0.505214,0.003060,29277.543233,0.056000
2026-08-12,19:13:31,0.430907,0.496587,0.003100,29277.546333,0.056000
2026-08-12,19:13:32,0.430907,0.496587,0.003040,29277.546333,0.056000
2026-08-12,19:13:32,0.615260,0.496587,0.003040,29277.549373,0.056000
2026-08-12,19:13:33,0.544293,0.496587,0.003040,29277.552413,0.056000
2026-08-12,19:13:34,0.580950,0.496587,0.003040,29277.552413,0.056000
2026-08-12,19:13:34,0.580950,0.496587,0.003040,29277.555453,0.056000
2026-08-12,19:13:35,0.523346,0.496587,0.003040,29277.558493,0.056000
2026-08-12,19:13:36,0.565567,0.496587,0.003040,29277.558493,0.056000
2026-08-12,19:13:36,0.586187,0.496587,0.003040,29277.561533,0.056000
2026-08-12,19:13:37,0.586187,0.496587,0.003040,29277.564573,0.056000
2026-08-12,19:13:38,0.237290,0.496587,0.003040,29277.564573,0.056000
2026-08-12,19:13:38,0.329665,0.496587,0.003040,29277.567613,0.056000
2026-08-12,19:13:39,0.123423,0.496587,0.003040,29277.570653,0.056000
2026-08-12,19:13:40,0.300340,0.496587,0.003040,29277.570653,0.056000
2026-08-12,19:13:40,0.300340,0.496587,0.003040,29277.573693,0.056000
2026-08-12,19:13:41,0.288417,0.496587,0.003040,29277.576733,0.056000
2026-08-12,19:13:42,0.329988,0.496587,0.003040,29277.576733,0.056000
2026-08-12,19:13:42,0.098287,0.496587,0.003040,29277.579773,0.056000
2026-08-12,19:13:43,0.098287,0.496587,0.003040,29277.582813,0.056000
2026-08-12,19:13:44,0.267793,0.496587,0.003040,29277.582813,0.056000
2026-08-12,19:13:44,0.247169,0.496587,0.003040,29277.585853,0.056000
2026-08-12,19:13:45,0.556854,0.508316,0.003120,29277.588973,0.056000
2026-08-12,19:13:46,0.527495,0.512528,0.003140,29277.588973,0.056000
2026-08-12,19:13:46,0.527495,0.512528,0.003140,29277.592113,0.056000
2026-08-12,19:13:47,0.352158,0.512528,0.003140,29277.595253,0.056000
2026-08-12,19:13:48,0.186095,0.512528,0.003140,29277.595253,0.056000
2026-08-12,19:13:48,0.303028,0.512528,0.003140,29277.598393,0.056000
2026-08-12,19:13:49,0.245912,0.512528,0.003140,29277.601533,0.056000
2026-08-12,19:13:50,0.245912,0.512528,0.003140,29277.601533,0.056000
2026-08-12,19:13:50,0.594741,0.522755,0.003200,29277.604733,0.056000
2026-08-12,19:13:51,0.562786,0.537140,0.003290,29277.608023,0.056000
2026-08-12,19:13:52,0.572768,0.539791,0.003290,29277.608023,0.056000
2026-08-12,19:13:52,0.572768,0.536781,0.003310,29277.611333,0.056000
2026-08-12,19:13:53,0.511685,0.536781,0.003290,29277.614623,0.056000
2026-08-12,19:13:54,0.561169,0.542887,0.003290,29277.614623,0.056000
2026-08-12,19:13:54,0.602737,0.547516,0.003360,29277.617983,0.056000
2026-08-12,19:13:55,0.519601,0.544074,0.003340,29277.621323,0.056000
2026-08-12,19:13:56,0.519601,0.544074,0.003340,29277.621323,0.056000
2026-08-12,19:13:56,0.374113,0.538395,0.003300,29277.624623,0.056000
2026-08-12,19:13:57,0.519276,0.538395,0.003300,29277.627923,0.056000
2026-08-12,19:13:58,0.436140,0.538395,0.003300,29277.627923,0.056000
2026-08-12,19:13:58,0.436140,0.538395,0.003300,29277.631223,0.056000
2026-08-12,19:13:59,0.449147,0.538395,0.003300,29277.634523,0.056000
2026-08-12,19:14:00,0.515022,0.538395,0.003300,29277.634523,0.056000
2026-08-12,19:14:00,0.497531,0.538395,0.003300,29277.637823,0.056000
2026-08-12,19:14:01,0.497531,0.538395,0.003300,29277.641123,0.056000
2026-08-12,19:14:02,0.497531,0.538395,0.003300,29277.641123,0.056000
2026-08-12,19:14:02,0.547489,0.538395,0.003300,29277.644423,0.056000
2026-08-12,19:14:03,0.597780,0.538395,0.003300,29277.647723,0.056000
2026-08-12,19:14:04,0.597780,0.538395,0.003300,29277.647723,0.056000
2026-08-12,19:14:04,0.329988,0.538395,0.003300,29277.651023,0.056000
2026-08-12,19:14:05,0.618405,0.544550,0.003300,29277.654323,0.056000
2026-08-12,19:14:06,0.350290,0.544550,0.003340,29277.654323,0.056000
2026-08-12,19:14:06,0.350290,0.545617,0.003340,29277.657663,0.056000
2026-08-12,19:14:07,0.538164,0.545617,0.003340,29277.661003,0.056000
2026-08-12,19:14:08,0.494982,0.535641,0.003280,29277.661003,0.056000
2026-08-12,19:14:08,0.391538,0.518516,0.003180,29277.664283,0.056000
2026-08-12,19:14:09,0.267793,0.518516,0.003180,29277.667463,0.056000
2026-08-12,19:14:10,0.267793,0.518516,0.003180,29277.667463,0.056000
2026-08-12,19:14:10,0.556854,0.516925,0.003170,29277.670643,0.056000
2026-08-12,19:14:11,0.556854,0.521442,0.003170,29277.673813,0.056000
2026-08-12,19:14:12,0.494982,0.514823,0.003200,29277.673813,0.056000
2026-08-12,19:14:12,0.494982,0.514823,0.003050,29277.677013,0.056000
2026-08-12,19:14:13,0.433109,0.497860,0.003050,29277.680063,0.056000
2026-08-12,19:14:14,0.526432,0.498543,0.003060,29277.680063,0.056000
2026-08-12,19:14:14,0.400088,0.501141,0.003070,29277.683123,0.056000
2026-08-12,19:14:15,0.400088,0.486495,0.003070,29277.686193,0.056000
2026-08-12,19:14:16,0.471945,0.486495,0.002980,29277.686193,0.056000
2026-08-12,19:14:16,0.554023,0.488081,0.002990,29277.689173,0.056000
2026-08-12,19:14:17,0.389868,0.477569,0.002990,29277.692163,0.056000
2026-08-12,19:14:18,0.389868,0.484620,0.002930,29277.692163,0.056000
2026-08-12,19:14:18,0.462043,0.484620,0.002980,29277.695093,0.056000
2026-08-12,19:14:19,0.577479,0.486682,0.002980,29277.698073,0.056000
2026-08-12,19:14:20,0.515606,0.482557,0.002960,29277.698073,0.056000
2026-08-12,19:14:20,0.261348,0.482557,0.002960,29277.701033,0.056000
2026-08-12,19:14:21,0.261348,0.482557,0.002960,29277.703993,0.056000
2026-08-12,19:14:22,0.247491,0.482557,0.002960,29277.703993,0.056000
2026-08-12,19:14:22,0.329988,0.482557,0.002960,29277.706953,0.056000
2026-08-12,19:14:23,0.206242,0.482557,0.002960,29277.709913,0.056000
2026-08-12,19:14:24,0.206242,0.482557,0.002960,29277.709913,0.056000
2026-08-12,19:14:24,0.288417,0.482557,0.002960,29277.712873,0.056000
2026-08-12,19:14:25,0.247491,0.482557,0.002960,29277.715833,0.056000
2026-08-12,19:14:26,0.111178,0.482557,0.002960,29277.715833,0.056000
2026-08-12,19:14:26,0.206242,0.482557,0.002960,29277.718793,0.056000
2026-08-12,19:14:27,0.206242,0.482557,0.002960,29277.721753,0.056000
2026-08-12,19:14:28,0.309041,0.482557,0.002960,29277.721753,0.056000
2026-08-12,19:14:28,0.485958,0.481655,0.002960,29277.724713,0.056000
2026-08-12,19:14:29,0.485959,0.486940,0.002980,29277.727693,0.056000
2026-08-12,19:14:30,0.370914,0.471388,0.002890,29277.727693,0.056000
2026-08-12,19:14:30,0.370914,0.471388,0.002890,29277.730583,0.056000
2026-08-12,19:14:31,0.249424,0.471388,0.002890,29277.733473,0.056000
2026-08-12,19:14:32,0.164994,0.471388,0.002890,29277.733473,0.056000
2026-08-12,19:14:32,0.297619,0.471388,0.002890,29277.736363,0.056000
2026-08-12,19:14:33,0.297619,0.471388,0.002890,29277.739253,0.056000
2026-08-12,19:14:34,0.312570,0.471388,0.002890,29277.739253,0.056000
2026-08-12,19:14:34,0.583464,0.489726,0.003000,29277.742253,0.056000
2026-08-12,19:14:35,0.333082,0.489726,0.003000,29277.745253,0.056000
2026-08-12,19:14:35,0.507838,0.493315,0.003000,29277.745253,0.056000
2026-08-12,19:14:36,0.507838,0.493315,0.003020,29277.748273,0.056000
2026-08-12,19:14:37,0.519276,0.489840,0.003000,29277.751273,0.056000
2026-08-12,19:14:37,0.124380,0.489840,0.003000,29277.751273,0.056000
2026-08-12,19:14:38,0.144839,0.489840,0.003000,29277.754273,0.056000
2026-08-12,19:14:39,0.144839,0.489840,0.003000,29277.757273,0.056000
2026-08-12,19:14:39,0.145164,0.489840,0.003000,29277.757273,0.056000
2026-08-12,19:14:40,0.523498,0.503204,0.003080,29277.760353,0.056000
2026-08-12,19:14:41,0.519601,0.508959,0.003120,29277.763473,0.056000
2026-08-12,19:14:41,0.269868,0.508959,0.003120,29277.763473,0.056000
2026-08-12,19:14:42,0.269868,0.501093,0.003120,29277.766593,0.056000
2026-08-12,19:14:43,0.498817,0.501093,0.003070,29277.769663,0.056000
2026-08-12,19:14:43,0.561169,0.505650,0.003070,29277.769663,0.056000
2026-08-12,19:14:44,0.374113,0.505650,0.003100,29277.772763,0.056000
2026-08-12,19:14:45,0.528694,0.509923,0.003130,29277.775893,0.056000
2026-08-12,19:14:45,0.528694,0.509923,0.003130,29277.775893,0.056000
2026-08-12,19:14:46,0.536488,0.514976,0.003160,29277.779053,0.056000
2026-08-12,19:14:47,0.519276,0.529812,0.003250,29277.782303,0.056000
2026-08-12,19:14:47,0.643981,0.535864,0.003250,29277.782303,0.056000
2026-08-12,19:14:48,0.643981,0.535864,0.003280,29277.785583,0.056000
2026-08-12,19:14:49,0.540385,0.539119,0.003300,29277.788883,0.056000
2026-08-12,19:14:49,0.540385,0.541230,0.003300,29277.788883,0.056000
2026-08-12,19:14:50,0.581953,0.547075,0.003350,29277.792233,0.056000
2026-08-12,19:14:51,0.581953,0.538729,0.003300,29277.795533,0.056000
2026-08-12,19:14:51,0.436140,0.538729,0.003300,29277.795533,0.056000
2026-08-12,19:14:52,0.478033,0.536651,0.003290,29277.798823,0.056000
2026-08-12,19:14:53,0.519601,0.532494,0.003260,29277.802083,0.056000
2026-08-12,19:14:53,0.519601,0.525707,0.003260,29277.802083,0.056000
2026-08-12,19:14:54,0.460821,0.525707,0.003220,29277.805303,0.056000
2026-08-12,19:14:55,0.287404,0.525707,0.003220,29277.808523,0.056000
2026-08-12,19:14:55,0.124380,0.525707,0.003220,29277.808523,0.056000
2026-08-12,19:14:56,0.498817,0.521940,0.003200,29277.811723,0.056000
2026-08-12,19:14:57,0.498817,0.521940,0.003200,29277.814893,0.056000
2026-08-12,19:14:57,0.478033,0.517815,0.003170,29277.814893,0.056000
2026-08-12,19:14:58,0.290652,0.517815,0.003170,29277.818063,0.056000
2026-08-12,19:14:59,0.290977,0.517815,0.003170,29277.821233,0.056000
2026-08-12,19:14:59,0.269868,0.517815,0.003170,29277.821233,0.056000
2026-08-12,19:15:00,0.269868,0.517815,0.003170,29277.824403,0.056000
2026-08-12,19:15:01,0.186732,0.517815,0.003170,29277.827573,0.056000
2026-08-12,19:15:01,0.142952,0.517815,0.003170,29277.827573,0.056000
2026-08-12,19:15:02,0.166812,0.517815,0.003170,29277.830743,0.056000
2026-08-12,19:15:03,0.166812,0.517815,0.003170,29277.833913,0.056000
2026-08-12,19:15:03,0.354843,0.517815,0.003170,29277.833913,0.056000
2026-08-12,19:15:04,0.480523,0.501469,0.003070,29277.837083,0.056000
2026-08-12,19:15:05,0.535748,0.501006,0.003070,29277.840153,0.056000
2026-08-12,19:15:05,0.592496,0.506217,0.003070,29277.840153,0.056000
2026-08-12,19:15:06,0.592496,0.506217,0.003100,29277.843223,0.056000
2026-08-12,19:15:07,0.389868,0.506217,0.003100,29277.843223,0.056000
2026-08-12,19:15:07,0.492144,0.506217,0.003100,29277.846323,0.056000
2026-08-12,19:15:08,0.143315,0.506217,0.003100,29277.849423,0.056000
2026-08-12,19:15:09,0.143315,0.506217,0.003100,29277.849423,0.056000
2026-08-12,19:15:09,0.270920,0.506217,0.003100,29277.852523,0.056000
2026-08-12,19:15:10,0.423050,0.490326,0.003010,29277.855623,0.056000
2026-08-12,19:15:11,0.407254,0.487438,0.003010,29277.855623,0.056000
2026-08-12,19:15:11,0.663435,0.487438,0.002990,29277.858633,0.056000
2026-08-12,19:15:12,0.663435,0.487438,0.002990,29277.861623,0.056000
2026-08-12,19:15:13,0.502399,0.487438,0.002990,29277.861623,0.056000
2026-08-12,19:15:13,0.395682,0.487438,0.002990,29277.864613,0.056000
2026-08-12,19:15:14,0.514291,0.487438,0.002990,29277.867603,0.056000
2026-08-12,19:15:15,0.514291,0.487438,0.002990,29277.867603,0.056000
2026-08-12,19:15:15,0.616827,0.487438,0.002990,29277.870593,0.056000
2026-08-12,19:15:16,0.568218,0.487438,0.002990,29277.873583,0.056000
2026-08-12,19:15:17,0.595061,0.487438,0.002990,29277.873583,0.056000
2026-08-12,19:15:17,0.595061,0.487438,0.002990,29277.876573,0.056000
2026-08-12,19:15:18,0.477396,0.487438,0.002990,29277.879563,0.056000
2026-08-12,19:15:19,0.554023,0.487438,0.002990,29277.879563,0.056000
2026-08-12,19:15:19,0.458479,0.534581,0.003280,29277.882553,0.056000
2026-08-12,19:15:20,0.458479,0.534581,0.003280,29277.885833,0.056000
2026-08-12,19:15:21,0.082077,0.534581,0.003280,29277.885833,0.056000
2026-08-12,19:15:21,0.204873,0.534581,0.003280,29277.889113,0.056000
2026-08-12,19:15:22,0.230416,0.534581,0.003280,29277.892393,0.056000
2026-08-12,19:15:23,0.293257,0.534581,0.003280,29277.892393,0.056000
2026-08-12,19:15:23,0.293257,0.534581,0.003280,29277.895673,0.056000
2026-08-12,19:15:24,0.209469,0.534581,0.003280,29277.898953,0.056000
2026-08-12,19:15:25,0.556854,0.523923,0.003210,29277.898953,0.056000
2026-08-12,19:15:25,0.156938,0.523923,0.003210,29277.902163,0.056000
2026-08-12,19:15:26,0.256192,0.523923,0.003210,29277.905373,0.056000
2026-08-12,19:15:27,0.256192,0.523923,0.003210,29277.905373,0.056000
2026-08-12,19:15:27,0.341267,0.523923,0.003210,29277.908583,0.056000
2026-08-12,19:15:28,0.562977,0.529981,0.003250,29277.911833,0.056000
2026-08-12,19:15:29,0.309363,0.529981,0.003250,29277.911833,0.056000
2026-08-12,19:15:29,0.309363,0.529981,0.003250,29277.915083,0.056000
2026-08-12,19:15:30,0.185618,0.529981,0.003250,29277.918333,0.056000
2026-08-12,19:15:31,0.288417,0.529981,0.003250,29277.918333,0.056000
2026-08-12,19:15:31,0.482716,0.538684,0.003250,29277.921583,0.056000
2026-08-12,19:15:32,0.328310,0.538684,0.003300,29277.924883,0.056000
2026-08-12,19:15:33,0.328310,0.538684,0.003300,29277.924883,0.056000
2026-08-12,19:15:33,0.146842,0.538684,0.003300,29277.928183,0.056000
2026-08-12,19:15:34,0.534658,0.540721,0.003310,29277.931493,0.056000
2026-08-12,19:15:35,0.456070,0.524645,0.003220,29277.931493,0.056000
2026-08-12,19:15:35,0.456070,0.524645,0.003220,29277.934713,0.056000
2026-08-12,19:15:36,0.284389,0.524645,0.003220,29277.937933,0.056000
2026-08-12,19:15:37,0.535908,0.521414,0.003200,29277.937933,0.056000
2026-08-12,19:15:37,0.589275,0.520836,0.003200,29277.941133,0.056000
2026-08-12,19:15:38,0.568547,0.529951,0.003250,29277.944383,0.056000
2026-08-12,19:15:39,0.568547,0.517749,0.003250,29277.944383,0.056000
2026-08-12,19:15:39,0.432004,0.517749,0.003170,29277.947553,0.056000
2026-08-12,19:15:40,0.267431,0.517749,0.003170,29277.950723,0.056000
2026-08-12,19:15:41,0.587726,0.530674,0.003170,29277.950723,0.056000
2026-08-12,19:15:41,0.350612,0.530674,0.003250,29277.953973,0.056000
2026-08-12,19:15:42,0.350612,0.530674,0.003250,29277.957223,0.056000
2026-08-12,19:15:43,0.309363,0.530674,0.003250,29277.957223,0.056000
2026-08-12,19:15:43,0.185940,0.530674,0.003250,29277.960473,0.056000
2026-08-12,19:15:44,0.268115,0.530674,0.003250,29277.963723,0.056000
2026-08-12,19:15:45,0.268115,0.530674,0.003250,29277.963723,0.056000
2026-08-12,19:15:45,0.247169,0.530674,0.003250,29277.966973,0.056000
2026-08-12,19:15:46,0.577156,0.532704,0.003270,29277.970243,0.056000
2026-08-12,19:15:47,0.494982,0.525904,0.003270,29277.970243,0.056000
2026-08-12,19:15:47,0.494982,0.533995,0.003220,29277.973463,0.056000
2026-08-12,19:15:48,0.563622,0.533995,0.003270,29277.976733,0.056000
2026-08-12,19:15:49,0.418843,0.522413,0.003270,29277.976733,0.056000
2026-08-12,19:15:49,0.606542,0.522413,0.003200,29277.979933,0.056000
2026-08-12,19:15:50,0.596256,0.522413,0.003200,29277.983133,0.056000
2026-08-12,19:15:51,0.596256,0.522413,0.003200,29277.983133,0.056000
2026-08-12,19:15:51,0.555434,0.522413,0.003200,29277.986333,0.056000
2026-08-12,19:15:52,0.376718,0.514478,0.003150,29277.989483,0.056000
2026-08-12,19:15:53,0.494982,0.514478,0.003150,29277.989483,0.056000
2026-08-12,19:15:53,0.494982,0.514478,0.003150,29277.992633,0.056000
2026-08-12,19:15:54,0.515284,0.514478,0.003150,29277.995783,0.056000
2026-08-12,19:15:55,0.288739,0.514478,0.003150,29277.995783,0.056000
2026-08-12,19:15:55,0.278105,0.514478,0.003150,29277.998933,0.056000
2026-08-12,19:15:56,0.278105,0.514478,0.003150,29278.002083,0.056000
2026-08-12,19:15:57,0.125354,0.514478,0.003150,29278.002083,0.056000
2026-08-12,19:15:57,0.288739,0.514478,0.003150,29278.005233,0.056000
2026-08-12,19:15:58,0.523662,0.513253,0.003150,29278.008383,0.056000
2026-08-12,19:15:59,0.164672,0.513253,0.003150,29278.008383,0.056000
2026-08-12,19:15:59,0.164672,0.513253,0.003150,29278.011533,0.056000
2026-08-12,19:16:00,0.263281,0.513253,0.003150,29278.014683,0.056000
2026-08-12,19:16:01,0.536230,0.507949,0.003110,29278.014683,0.056000
2026-08-12,19:16:01,0.288417,0.507949,0.003110,29278.017793,0.056000
2026-08-12,19:16:02,0.252647,0.507949,0.003110,29278.020903,0.056000
2026-08-12,19:16:03,0.252647,0.507949,0.003110,29278.020903,0.056000
2026-08-12,19:16:03,0.561688,0.507263,0.003110,29278.024013,0.056000
2026-08-12,19:16:04,0.390894,0.507263,0.003110,29278.027123,0.056000
2026-08-12,19:16:05,0.082497,0.507263,0.003110,29278.027123,0.056000
2026-08-12,19:16:05,0.082497,0.517653,0.003170,29278.030233,0.056000
2026-08-12,19:16:06,0.535908,0.517653,0.003170,29278.033403,0.056000
2026-08-12,19:16:07,0.144047,0.517653,0.003170,29278.033403,0.056000
2026-08-12,19:16:07,0.377707,0.496651,0.003040,29278.036573,0.056000
2026-08-12,19:16:08,0.146685,0.496651,0.003040,29278.039613,0.056000
2026-08-12,19:16:09,0.146685,0.496651,0.003040,29278.039613,0.056000
2026-08-12,19:16:09,0.441041,0.483040,0.002960,29278.042653,0.056000
2026-08-12,19:16:10,0.428732,0.476415,0.002960,29278.045613,0.056000
2026-08-12,19:16:11,0.270193,0.476415,0.002920,29278.045613,0.056000
2026-08-12,19:16:11,0.270193,0.476415,0.002920,29278.048533,0.056000
2026-08-12,19:16:12,0.124704,0.476415,0.002920,29278.051453,0.056000
2026-08-12,19:16:13,0.602737,0.480326,0.002940,29278.051453,0.056000
2026-08-12,19:16:13,0.436465,0.482089,0.002950,29278.054393,0.056000
2026-08-12,19:16:14,0.382232,0.482640,0.002950,29278.057343,0.056000
2026-08-12,19:16:15,0.382232,0.482640,0.002960,29278.057343,0.056000
2026-08-12,19:16:15,0.223691,0.482640,0.002960,29278.060303,0.056000
2026-08-12,19:16:16,0.207841,0.482640,0.002960,29278.063263,0.056000
2026-08-12,19:16:17,0.124380,0.482640,0.002960,29278.063263,0.056000
2026-08-12,19:16:17,0.602413,0.490515,0.002960,29278.066223,0.056000
2026-08-12,19:16:18,0.602413,0.490515,0.003010,29278.069233,0.056000
2026-08-12,19:16:19,0.561169,0.493009,0.003020,29278.069233,0.056000
2026-08-12,19:16:19,0.574289,0.494269,0.003020,29278.072253,0.056000
2026-08-12,19:16:20,0.540385,0.494717,0.003030,29278.075283,0.056000
2026-08-12,19:16:21,0.540385,0.494717,0.003110,29278.075283,0.056000
2026-08-12,19:16:21,0.498817,0.506828,0.003110,29278.078393,0.056000
2026-08-12,19:16:22,0.549478,0.517672,0.003170,29278.081563,0.056000
2026-08-12,19:16:23,0.561169,0.530916,0.003250,29278.081563,0.056000
2026-08-12,19:16:23,0.561169,0.524680,0.003250,29278.084813,0.056000
2026-08-12,19:16:24,0.540385,0.524680,0.003220,29278.088033,0.056000
2026-08-12,19:16:25,0.602413,0.541275,0.003320,29278.088033,0.056000
2026-08-12,19:16:25,0.374113,0.541275,0.003320,29278.091353,0.056000
2026-08-12,19:16:26,0.374113,0.541275,0.003320,29278.094673,0.056000
2026-08-12,19:16:27,0.394897,0.541275,0.003320,29278.094673,0.056000
2026-08-12,19:16:27,0.560845,0.559136,0.003430,29278.098103,0.056000
2026-08-12,19:16:28,0.365326,0.559136,0.003430,29278.101533,0.056000
2026-08-12,19:16:29,0.269172,0.559136,0.003430,29278.101533,0.056000
2026-08-12,19:16:29,0.269172,0.559136,0.003430,29278.104963,0.056000
2026-08-12,19:16:30,0.497207,0.548616,0.003360,29278.108323,0.056000
2026-08-12,19:16:31,0.165844,0.548616,0.003360,29278.108323,0.056000
2026-08-12,19:16:31,0.186250,0.548616,0.003360,29278.111683,0.056000
2026-08-12,19:16:32,0.186250,0.548616,0.003360,29278.115043,0.056000
2026-08-12,19:16:33,0.165844,0.548616,0.003360,29278.115043,0.056000
2026-08-12,19:16:33,0.165844,0.548616,0.003360,29278.118403,0.056000
2026-08-12,19:16:34,0.124059,0.548616,0.003360,29278.121763,0.056000
2026-08-12,19:16:35,0.559398,0.548439,0.003360,29278.121763,0.056000
2026-08-12,19:16:35,0.559398,0.548439,0.003360,29278.125123,0.056000
2026-08-12,19:16:36,0.435339,0.534544,0.003280,29278.128403,0.056000
2026-08-12,19:16:37,0.236457,0.534544,0.003280,29278.128403,0.056000
2026-08-12,19:16:37,0.289902,0.534544,0.003280,29278.131683,0.056000
2026-08-12,19:16:38,0.289902,0.530258,0.003250,29278.134933,0.056000
2026-08-12,19:16:39,0.497531,0.530258,0.003250,29278.134933,0.056000
2026-08-12,19:16:39,0.570087,0.537385,0.003290,29278.138223,0.056000
2026-08-12,19:16:40,0.082922,0.537385,0.003290,29278.141513,0.056000
2026-08-12,19:16:41,0.497531,0.532190,0.003290,29278.141513,0.056000
2026-08-12,19:16:41,0.497531,0.536159,0.003260,29278.144773,0.056000
2026-08-12,19:16:42,0.600859,0.536159,0.003260,29278.148083,0.056000
2026-08-12,19:16:43,0.580452,0.540166,0.003310,29278.148083,0.056000
2026-08-12,19:16:43,0.372824,0.540166,0.003310,29278.151393,0.056000
2026-08-12,19:16:44,0.518261,0.531751,0.003310,29278.154653,0.056000
2026-08-12,19:16:45,0.518261,0.531751,0.003260,29278.154653,0.056000
2026-08-12,19:16:45,0.373148,0.512981,0.003140,29278.157793,0.056000
2026-08-12,19:16:46,0.600859,0.512981,0.003140,29278.157793,0.056000
2026-08-12,19:16:47,0.435015,0.512981,0.003140,29278.160933,0.056000
2026-08-12,19:16:47,0.435015,0.512981,0.003140,29278.164073,0.056000
2026-08-12,19:16:48,0.207304,0.512981,0.003140,29278.164073,0.056000
2026-08-12,19:16:49,0.601183,0.523379,0.003210,29278.167213,0.056000
2026-08-12,19:16:49,0.435339,0.510973,0.003130,29278.170423,0.056000
2026-08-12,19:16:50,0.435339,0.510973,0.003130,29278.170423,0.056000
2026-08-12,19:16:51,0.580452,0.510973,0.003130,29278.173553,0.056000
2026-08-12,19:16:51,0.455746,0.510973,0.003130,29278.176683,0.056000
2026-08-12,19:16:52,0.476476,0.510973,0.003130,29278.176683,0.056000
2026-08-12,19:16:53,0.476476,0.510973,0.003130,29278.179813,0.056000
2026-08-12,19:16:53,0.580452,0.510973,0.003130,29278.182943,0.056000
2026-08-12,19:16:54,0.601183,0.510973,0.003130,29278.182943,0.056000
2026-08-12,19:16:55,0.414285,0.508867,0.003120,29278.186073,0.056000
2026-08-12,19:16:55,0.310633,0.490178,0.003120,29278.189193,0.056000
2026-08-12,19:16:56,0.310633,0.490178,0.003000,29278.189193,0.056000
2026-08-12,19:16:57,0.310633,0.464232,0.002850,29278.192193,0.056000
2026-08-12,19:16:57,0.538991,0.464232,0.002850,29278.195043,0.056000
2026-08-12,19:16:58,0.310957,0.464232,0.002850,29278.195043,0.056000
2026-08-12,19:16:59,0.310957,0.464232,0.002850,29278.197893,0.056000
2026-08-12,19:16:59,0.227711,0.464232,0.002850,29278.200743,0.056000
2026-08-12,19:17:00,0.282452,0.464232,0.002850,29278.200743,0.056000
2026-08-12,19:17:01,0.393554,0.453835,0.002780,29278.203593,0.056000
2026-08-12,19:17:01,0.248765,0.453835,0.002780,29278.206373,0.056000
2026-08-12,19:17:02,0.248765,0.453835,0.002780,29278.206373,0.056000
2026-08-12,19:17:03,0.207304,0.453835,0.002780,29278.209153,0.056000
2026-08-12,19:17:03,0.518261,0.445575,0.002780,29278.211933,0.056000
2026-08-12,19:17:04,0.528626,0.440392,0.002700,29278.211933,0.056000
2026-08-12,19:17:05,0.528626,0.438287,0.002690,29278.214633,0.056000
2026-08-12,19:17:05,0.497207,0.438287,0.002690,29278.217323,0.056000
2026-08-12,19:17:06,0.315167,0.438287,0.002690,29278.217323,0.056000
2026-08-12,19:17:07,0.518261,0.452798,0.002770,29278.220013,0.056000
2026-08-12,19:17:07,0.518261,0.453511,0.002770,29278.222783,0.056000
2026-08-12,19:17:08,0.608309,0.453511,0.002780,29278.222783,0.056000
2026-08-12,19:17:09,0.527978,0.462775,0.002840,29278.225563,0.056000
2026-08-12,19:17:09,0.514374,0.472784,0.002840,29278.228403,0.056000
2026-08-12,19:17:10,0.513078,0.493028,0.003020,29278.228403,0.056000
2026-08-12,19:17:11,0.513078,0.493028,0.003020,29278.231423,0.056000
2026-08-12,19:17:11,0.613903,0.523355,0.003210,29278.234633,0.056000
2026-08-12,19:17:12,0.464690,0.530469,0.003250,29278.234633,0.056000
2026-08-12,19:17:13,0.226867,0.530469,0.003250,29278.237883,0.056000
2026-08-12,19:17:13,0.226867,0.530469,0.003250,29278.241133,0.056000
2026-08-12,19:17:14,0.536230,0.532266,0.003260,29278.241133,0.056000
2026-08-12,19:17:14,0.608400,0.540243,0.003260,29278.244393,0.056000
2026-08-12,19:17:15,0.651060,0.555628,0.003310,29278.247703,0.056000
2026-08-12,19:17:16,0.651060,0.552076,0.003380,29278.247703,0.056000
2026-08-12,19:17:16,0.482736,0.552076,0.003380,29278.251083,0.056000
2026-08-12,19:17:17,0.433109,0.534556,0.003280,29278.254363,0.056000
2026-08-12,19:17:18,0.288739,0.534556,0.003280,29278.254363,0.056000
2026-08-12,19:17:18,0.288739,0.535349,0.003280,29278.257643,0.056000
2026-08-12,19:17:19,0.535908,0.535349,0.003280,29278.260923,0.056000
2026-08-12,19:17:20,0.536230,0.537534,0.003300,29278.260923,0.056000
2026-08-12,19:17:20,0.515606,0.537787,0.003300,29278.264223,0.056000
2026-08-12,19:17:21,0.515606,0.538237,0.003300,29278.267523,0.056000
2026-08-12,19:17:22,0.618405,0.538237,0.003370,29278.267523,0.056000
2026-08-12,19:17:22,0.577156,0.549484,0.003370,29278.270893,0.056000
2026-08-12,19:17:23,0.474357,0.543297,0.003330,29278.274223,0.056000
2026-08-12,19:17:24,0.433109,0.525768,0.003220,29278.274223,0.056000
2026-08-12,19:17:24,0.433109,0.525768,0.003220,29278.277443,0.056000
2026-08-12,19:17:25,0.268115,0.525768,0.003220,29278.280663,0.056000
2026-08-12,19:17:26,0.371236,0.497785,0.003050,29278.280663,0.056000
2026-08-12,19:17:26,0.371236,0.486635,0.003050,29278.283713,0.056000
2026-08-12,19:17:27,0.371236,0.486635,0.002980,29278.286693,0.056000
2026-08-12,19:17:28,0.258258,0.486635,0.002980,29278.286693,0.056000
2026-08-12,19:17:28,0.496252,0.492950,0.003020,29278.289713,0.056000
2026-08-12,19:17:29,0.289480,0.492950,0.003020,29278.292733,0.056000
2026-08-12,19:17:30,0.289480,0.494379,0.003020,29278.292733,0.056000
2026-08-12,19:17:30,0.550207,0.494379,0.003030,29278.295763,0.056000
2026-08-12,19:17:31,0.117808,0.494379,0.003030,29278.298793,0.056000
2026-08-12,19:17:32,0.601180,0.500875,0.003030,29278.298793,0.056000
2026-08-12,19:17:32,0.665499,0.515864,0.003070,29278.301863,0.056000
2026-08-12,19:17:33,0.665499,0.506495,0.003100,29278.304963,0.056000
2026-08-12,19:17:34,0.524720,0.506495,0.003100,29278.304963,0.056000
2026-08-12,19:17:34,0.482716,0.497051,0.003050,29278.308013,0.056000
2026-08-12,19:17:35,0.095941,0.497051,0.003050,29278.311063,0.056000
2026-08-12,19:17:36,0.464156,0.496031,0.003050,29278.311063,0.056000
2026-08-12,19:17:36,0.464156,0.496031,0.003040,29278.314103,0.056000
2026-08-12,19:17:37,0.590046,0.511725,0.003140,29278.317243,0.056000
2026-08-12,19:17:38,0.268115,0.511725,0.003140,29278.317243,0.056000
2026-08-12,19:17:38,0.536230,0.528224,0.003240,29278.320383,0.056000
2026-08-12,19:17:39,0.536230,0.528224,0.003240,29278.323623,0.056000
2026-08-12,19:17:40,0.094679,0.528224,0.003240,29278.323623,0.056000
2026-08-12,19:17:40,0.316365,0.528224,0.003240,29278.326863,0.056000
2026-08-12,19:17:41,0.248441,0.528224,0.003240,29278.330103,0.056000
2026-08-12,19:17:42,0.352417,0.528224,0.003240,29278.330103,0.056000
2026-08-12,19:17:42,0.352417,0.528224,0.003240,29278.333343,0.056000
2026-08-12,19:17:43,0.239048,0.528224,0.003240,29278.336583,0.056000
2026-08-12,19:17:44,0.580452,0.549146,0.003370,29278.336583,0.056000
2026-08-12,19:17:44,0.352417,0.549146,0.003370,29278.339953,0.056000
2026-08-12,19:17:45,0.352417,0.549146,0.003370,29278.343323,0.056000
2026-08-12,19:17:46,0.124383,0.549146,0.003370,29278.343323,0.056000
2026-08-12,19:17:46,0.587630,0.558284,0.003420,29278.346693,0.056000
2026-08-12,19:17:47,0.625484,0.565812,0.003420,29278.350113,0.056000
2026-08-12,19:17:48,0.516929,0.557386,0.003470,29278.350113,0.056000
2026-08-12,19:17:48,0.516929,0.557386,0.003420,29278.353583,0.056000
2026-08-12,19:17:49,0.516929,0.542529,0.003420,29278.357003,0.056000
2026-08-12,19:17:50,0.661346,0.556192,0.003410,29278.357003,0.056000
2026-08-12,19:17:50,0.666595,0.574580,0.003520,29278.360413,0.056000
2026-08-12,19:17:51,0.666595,0.574580,0.003520,29278.363933,0.056000
2026-08-12,19:17:52,0.622166,0.590381,0.003620,29278.363933,0.056000
2026-08-12,19:17:52,0.485599,0.579936,0.003560,29278.367553,0.056000
2026-08-12,19:17:53,0.315807,0.579936,0.003560,29278.371113,0.056000
2026-08-12,19:17:54,0.315807,0.590846,0.003560,29278.371113,0.056000
2026-08-12,19:17:54,0.645330,0.590846,0.003620,29278.374673,0.056000
2026-08-12,19:17:55,0.612155,0.594016,0.003620,29278.378293,0.056000
2026-08-12,19:17:56,0.587273,0.593981,0.003640,29278.378293,0.056000
2026-08-12,19:17:56,0.587273,0.588565,0.003610,29278.381933,0.056000
2026-08-12,19:17:57,0.571323,0.588565,0.003610,29278.385543,0.056000
2026-08-12,19:17:58,0.595024,0.596374,0.003660,29278.385543,0.056000
2026-08-12,19:17:58,0.534802,0.598161,0.003670,29278.389203,0.056000
2026-08-12,19:17:59,0.534802,0.580205,0.003670,29278.392873,0.056000
2026-08-12,19:18:00,0.481780,0.580205,0.003560,29278.392873,0.056000
2026-08-12,19:18:00,0.418612,0.555406,0.003400,29278.396433,0.056000
2026-08-12,19:18:01,0.598103,0.555406,0.003400,29278.399833,0.056000
2026-08-12,19:18:02,0.536230,0.555406,0.003400,29278.399833,0.056000
2026-08-12,19:18:02,0.536230,0.555406,0.003400,29278.403233,0.056000
2026-08-12,19:18:03,0.474035,0.555406,0.003400,29278.406633,0.056000
2026-08-12,19:18:04,0.515284,0.555406,0.003400,29278.406633,0.056000
2026-08-12,19:18:04,0.474357,0.555406,0.003400,29278.410033,0.056000
2026-08-12,19:18:05,0.474357,0.555406,0.003400,29278.413433,0.056000
2026-08-12,19:18:06,0.597780,0.555406,0.003400,29278.413433,0.056000
2026-08-12,19:18:06,0.453411,0.555406,0.003400,29278.416833,0.056000
2026-08-12,19:18:07,0.638707,0.557060,0.003400,29278.420233,0.056000
2026-08-12,19:18:08,0.638707,0.557060,0.003410,29278.420233,0.056000
2026-08-12,19:18:08,0.432787,0.557060,0.003410,29278.423643,0.056000
2026-08-12,19:18:09,0.607461,0.569247,0.003490,29278.427133,0.056000
2026-08-12,19:18:10,0.334824,0.569247,0.003490,29278.427133,0.056000
2026-08-12,19:18:10,0.334824,0.565427,0.003490,29278.430623,0.056000
2026-08-12,19:18:11,0.607134,0.565427,0.003470,29278.434093,0.056000
2026-08-12,19:18:12,0.628081,0.567020,0.003480,29278.434093,0.056000
2026-08-12,19:18:12,0.303076,0.567020,0.003480,29278.437573,0.056000
2026-08-12,19:18:13,0.252672,0.567020,0.003480,29278.441053,0.056000
2026-08-12,19:18:14,0.252672,0.567020,0.003460,29278.441053,0.056000
2026-08-12,19:18:14,0.554023,0.563695,0.003460,29278.444513,0.056000
2026-08-12,19:18:15,0.652451,0.571807,0.003510,29278.448023,0.056000
2026-08-12,19:18:16,0.438412,0.571807,0.003510,29278.448023,0.056000
2026-08-12,19:18:16,0.438412,0.580956,0.003510,29278.451533,0.056000
2026-08-12,19:18:17,0.686508,0.580956,0.003560,29278.455093,0.056000
2026-08-12,19:18:18,0.354843,0.580956,0.003560,29278.455093,0.056000
2026-08-12,19:18:18,0.245484,0.580956,0.003560,29278.458653,0.056000
2026-08-12,19:18:19,0.543200,0.581796,0.003570,29278.462223,0.056000
2026-08-12,19:18:20,0.543200,0.581796,0.003570,29278.462223,0.056000
2026-08-12,19:18:20,0.459304,0.579548,0.003550,29278.465773,0.056000
2026-08-12,19:18:21,0.313058,0.579548,0.003550,29278.469323,0.056000
2026-08-12,19:18:22,0.605877,0.598275,0.003550,29278.469323,0.056000
2026-08-12,19:18:22,0.605877,0.586811,0.003670,29278.472993,0.056000
2026-08-12,19:18:23,0.524067,0.586811,0.003600,29278.476593,0.056000
2026-08-12,19:18:24,0.081458,0.586811,0.003600,29278.476593,0.056000
2026-08-12,19:18:24,0.142233,0.586811,0.003600,29278.480193,0.056000
2026-08-12,19:18:25,0.269496,0.586811,0.003600,29278.483793,0.056000
2026-08-12,19:18:26,0.269496,0.586811,0.003600,29278.483793,0.056000
2026-08-12,19:18:26,0.082922,0.586811,0.003600,29278.487393,0.056000
2026-08-12,19:18:27,0.186574,0.586811,0.003600,29278.490993,0.056000
2026-08-12,19:18:28,0.580128,0.584077,0.003600,29278.490993,0.056000
2026-08-12,19:18:28,0.621589,0.585523,0.003580,29278.494573,0.056000
2026-08-12,19:18:29,0.621589,0.585523,0.003560,29278.498133,0.056000
2026-08-12,19:18:30,0.580128,0.580728,0.003560,29278.498133,0.056000
2026-08-12,19:18:30,0.580452,0.583371,0.003580,29278.501713,0.056000
2026-08-12,19:18:31,0.584987,0.576624,0.003540,29278.505253,0.056000
2026-08-12,19:18:32,0.584987,0.576624,0.003540,29278.505253,0.056000
2026-08-12,19:18:32,0.497531,0.557726,0.003420,29278.508673,0.056000
2026-08-12,19:18:33,0.548061,0.558213,0.003420,29278.512093,0.056000
2026-08-12,19:18:34,0.559722,0.568254,0.003420,29278.512093,0.056000
2026-08-12,19:18:34,0.559722,0.568254,0.003480,29278.515573,0.056000
2026-08-12,19:18:35,0.476476,0.555314,0.003480,29278.515573,0.056000
2026-08-12,19:18:36,0.497207,0.552628,0.003390,29278.518963,0.056000
2026-08-12,19:18:36,0.538668,0.548482,0.003360,29278.522323,0.056000
2026-08-12,19:18:37,0.538668,0.543178,0.003360,29278.522323,0.056000
2026-08-12,19:18:38,0.568547,0.543178,0.003330,29278.525653,0.056000
2026-08-12,19:18:38,0.452576,0.530423,0.003250,29278.528903,0.056000
2026-08-12,19:18:39,0.514291,0.523806,0.003250,29278.528903,0.056000
2026-08-12,19:18:40,0.514291,0.520851,0.003210,29278.532113,0.056000
2026-08-12,19:18:40,0.555434,0.520851,0.003190,29278.535303,0.056000
2026-08-12,19:18:41,0.493719,0.520470,0.003190,29278.535303,0.056000
2026-08-12,19:18:42,0.308253,0.520470,0.003190,29278.538493,0.056000
2026-08-12,19:18:42,0.293146,0.520470,0.003190,29278.541683,0.056000
2026-08-12,19:18:43,0.293146,0.520470,0.003190,29278.541683,0.056000
2026-08-12,19:18:44,0.514291,0.517093,0.003170,29278.544873,0.056000
2026-08-12,19:18:44,0.587070,0.519828,0.003190,29278.548043,0.056000
2026-08-12,19:18:45,0.450647,0.517245,0.003190,29278.548043,0.056000
2026-08-12,19:18:46,0.450647,0.517245,0.003170,29278.551233,0.056000
2026-08-12,19:18:46,0.546050,0.522129,0.003200,29278.554403,0.056000
2026-08-12,19:18:47,0.231021,0.522129,0.003200,29278.554403,0.056000
2026-08-12,19:18:48,0.525048,0.520767,0.003190,29278.557603,0.056000
2026-08-12,19:18:48,0.525048,0.520767,0.003190,29278.560793,0.056000
2026-08-12,19:18:49,0.328573,0.520767,0.003190,29278.560793,0.056000
2026-08-12,19:18:50,0.578961,0.521809,0.003200,29278.563983,0.056000
2026-08-12,19:18:50,0.466206,0.523172,0.003210,29278.567183,0.056000
2026-08-12,19:18:51,0.185771,0.523172,0.003210,29278.567183,0.056000
2026-08-12,19:18:52,0.185771,0.523172,0.003210,29278.570393,0.056000
2026-08-12,19:18:52,0.206449,0.523172,0.003210,29278.573603,0.056000
2026-08-12,19:18:53,0.222280,0.523172,0.003210,29278.573603,0.056000
2026-08-12,19:18:54,0.268480,0.523172,0.003210,29278.576813,0.056000
2026-08-12,19:18:54,0.268480,0.523172,0.003210,29278.580023,0.056000
2026-08-12,19:18:55,0.257818,0.523172,0.003210,29278.580023,0.056000
2026-08-12,19:18:56,0.569349,0.528678,0.003240,29278.583233,0.056000
2026-08-12,19:18:56,0.546050,0.527739,0.003240,29278.586473,0.056000
2026-08-12,19:18:57,0.616827,0.540050,0.003230,29278.586473,0.056000
2026-08-12,19:18:58,0.616827,0.540050,0.003310,29278.589703,0.056000
2026-08-12,19:18:58,0.505375,0.539158,0.003310,29278.593013,0.056000
2026-08-12,19:18:59,0.494659,0.529917,0.003250,29278.593013,0.056000
2026-08-12,19:19:00,0.577479,0.542601,0.003330,29278.596263,0.056000
2026-08-12,19:19:00,0.577479,0.542601,0.003330,29278.599593,0.056000
2026-08-12,19:19:01,0.515606,0.539556,0.003310,29278.599593,0.056000
2026-08-12,19:19:02,0.591335,0.546185,0.003350,29278.602903,0.056000
2026-08-12,19:19:02,0.494659,0.537755,0.003350,29278.606253,0.056000
2026-08-12,19:19:03,0.494659,0.544757,0.003300,29278.606253,0.056000
2026-08-12,19:19:04,0.536230,0.544757,0.003340,29278.609553,0.056000
2026-08-12,19:19:04,0.185296,0.544757,0.003340,29278.612893,0.056000
2026-08-12,19:19:05,0.206242,0.544757,0.003340,29278.612893,0.056000
2026-08-12,19:19:06,0.206242,0.529038,0.003240,29278.616233,0.056000
2026-08-12,19:19:06,0.412162,0.529038,0.003240,29278.619473,0.056000
2026-08-12,19:19:07,0.247169,0.529038,0.003240,29278.619473,0.056000
2026-08-12,19:19:08,0.556532,0.530087,0.003250,29278.622713,0.056000
2026-08-12,19:19:08,0.122779,0.530087,0.003250,29278.625963,0.056000
2026-08-12,19:19:09,0.122779,0.525376,0.003250,29278.625963,0.056000
2026-08-12,19:19:10,0.569721,0.525376,0.003250,29278.629213,0.056000
2026-08-12,19:19:10,0.514291,0.526267,0.003230,29278.632443,0.056000
2026-08-12,19:19:11,0.084452,0.526267,0.003230,29278.632443,0.056000
2026-08-12,19:19:12,0.245912,0.526267,0.003230,29278.635673,0.056000
2026-08-12,19:19:12,0.245912,0.526267,0.003230,29278.638903,0.056000
2026-08-12,19:19:13,0.208923,0.526267,0.003230,29278.638903,0.056000
2026-08-12,19:19:14,0.376061,0.514408,0.003230,29278.642133,0.056000
2026-08-12,19:19:14,0.354843,0.492144,0.003150,29278.645283,0.056000
2026-08-12,19:19:15,0.354843,0.492144,0.003020,29278.645283,0.056000
2026-08-12,19:19:16,0.167138,0.492144,0.003020,29278.648303,0.056000
2026-08-12,19:19:16,0.543200,0.494903,0.003030,29278.651333,0.056000
2026-08-12,19:19:17,0.250708,0.494903,0.003030,29278.651333,0.056000
2026-08-12,19:19:18,0.333950,0.494903,0.003030,29278.654363,0.056000
2026-08-12,19:19:18,0.333950,0.494903,0.003030,29278.657393,0.056000
2026-08-12,19:19:19,0.271273,0.494903,0.003030,29278.657393,0.056000
2026-08-12,19:19:20,0.556910,0.491461,0.003030,29278.660423,0.056000
2026-08-12,19:19:20,0.168430,0.491461,0.003010,29278.663433,0.056000
2026-08-12,19:19:21,0.168430,0.503678,0.003090,29278.663433,0.056000
2026-08-12,19:19:22,0.616827,0.503678,0.003090,29278.666523,0.056000
2026-08-12,19:19:22,0.555434,0.505598,0.003100,29278.669623,0.056000
2026-08-12,19:19:23,0.452254,0.509607,0.003120,29278.669623,0.056000
2026-08-12,19:19:24,0.399759,0.493930,0.003120,29278.672743,0.056000
2026-08-12,19:19:24,0.399759,0.493930,0.003030,29278.675773,0.056000
2026-08-12,19:19:25,0.493398,0.486298,0.002980,29278.675773,0.056000
2026-08-12,19:19:26,0.513969,0.486266,0.002980,29278.678753,0.056000
2026-08-12,19:19:26,0.627756,0.511435,0.003130,29278.681883,0.056000
2026-08-12,19:19:27,0.627756,0.511435,0.003130,29278.681883,0.056000
2026-08-12,19:19:28,0.472826,0.523233,0.003210,29278.685093,0.056000
2026-08-12,19:19:28,0.370289,0.505942,0.003100,29278.688193,0.056000
2026-08-12,19:19:29,0.513969,0.505942,0.003100,29278.688193,0.056000
2026-08-12,19:19:30,0.513969,0.505942,0.003100,29278.691293,0.056000
2026-08-12,19:19:30,0.369968,0.505942,0.003100,29278.694393,0.056000
2026-08-12,19:19:31,0.555113,0.505763,0.003100,29278.694393,0.056000
2026-08-12,19:19:32,0.513969,0.495477,0.003100,29278.697493,0.056000
2026-08-12,19:19:32,0.329146,0.495477,0.003040,29278.700533,0.056000
2026-08-12,19:19:33,0.329146,0.495477,0.003040,29278.700533,0.056000
2026-08-12,19:19:34,0.292492,0.495477,0.003040,29278.703573,0.056000
2026-08-12,19:19:34,0.108778,0.495477,0.003040,29278.706613,0.056000
2026-08-12,19:19:35,0.125027,0.495477,0.003040,29278.706613,0.056000
2026-08-12,19:19:36,0.125027,0.489305,0.003040,29278.709653,0.056000
2026-08-12,19:19:36,0.493719,0.489305,0.003000,29278.712653,0.056000
2026-08-12,19:19:37,0.514291,0.495509,0.003000,29278.712653,0.056000
2026-08-12,19:19:38,0.534862,0.509019,0.003120,29278.715773,0.056000
2026-08-12,19:19:38,0.288003,0.509019,0.003120,29278.718893,0.056000
2026-08-12,19:19:39,0.288003,0.517248,0.003120,29278.718893,0.056000
2026-08-12,19:19:40,0.575684,0.517248,0.003170,29278.722063,0.056000
2026-08-12,19:19:40,0.497255,0.515576,0.003160,29278.725223,0.056000
2026-08-12,19:19:41,0.184823,0.515576,0.003160,29278.725223,0.056000
2026-08-12,19:19:42,0.164252,0.515576,0.003160,29278.728383,0.056000
2026-08-12,19:19:42,0.164252,0.515576,0.003160,29278.731543,0.056000
2026-08-12,19:19:43,0.273025,0.515576,0.003160,29278.731543,0.056000
2026-08-12,19:19:44,0.544081,0.507209,0.003110,29278.734653,0.056000
2026-08-12,19:19:44,0.605775,0.520504,0.003190,29278.737843,0.056000
2026-08-12,19:19:45,0.605775,0.520504,0.003190,29278.737843,0.056000
2026-08-12,19:19:46,0.084992,0.520504,0.003190,29278.741033,0.056000
2026-08-12,19:19:46,0.230693,0.520504,0.003190,29278.744223,0.056000
2026-08-12,19:19:47,0.275351,0.520504,0.003190,29278.744223,0.056000
2026-08-12,19:19:48,0.122485,0.520504,0.003190,29278.747413,0.056000
2026-08-12,19:19:48,0.122485,0.520504,0.003190,29278.750603,0.056000
2026-08-12,19:19:49,0.334824,0.520504,0.003190,29278.750603,0.056000
2026-08-12,19:19:50,0.309363,0.520504,0.003190,29278.753793,0.056000
2026-08-12,19:19:50,0.123745,0.520504,0.003190,29278.756983,0.056000
2026-08-12,19:19:51,0.226867,0.520504,0.003190,29278.756983,0.056000
2026-08-12,19:19:52,0.226867,0.520504,0.003190,29278.760173,0.056000
2026-08-12,19:19:52,0.144370,0.520504,0.003190,29278.763363,0.056000
2026-08-12,19:19:53,0.123423,0.520504,0.003190,29278.763363,0.056000
2026-08-12,19:19:54,0.123423,0.520504,0.003190,29278.766553,0.056000
2026-08-12,19:19:54,0.123423,0.537098,0.003190,29278.769743,0.056000
2026-08-12,19:19:55,0.536230,0.537098,0.003290,29278.769743,0.056000
2026-08-12,19:19:56,0.494982,0.531085,0.003260,29278.773033,0.056000
2026-08-12,19:19:56,0.474357,0.527124,0.003260,29278.776293,0.056000
2026-08-12,19:19:57,0.474357,0.527124,0.003230,29278.776293,0.056000
2026-08-12,19:19:58,0.329665,0.527124,0.003230,29278.779523,0.056000
2026-08-12,19:19:58,0.673504,0.545102,0.003230,29278.782753,0.056000
2026-08-12,19:19:59,0.431683,0.545102,0.003340,29278.782753,0.056000
2026-08-12,19:19:59,0.556322,0.545102,0.003340,29278.786093,0.056000
2026-08-12,19:20:00,0.556322,0.545102,0.003340,29278.789433,0.056000
2026-08-12,19:20:01,0.583138,0.545102,0.003340,29278.789433,0.056000
2026-08-12,19:20:01,0.603976,0.545102,0.003340,29278.792773,0.056000
2026-08-12,19:20:02,0.395922,0.533265,0.003340,29278.796113,0.056000
2026-08-12,19:20:03,0.395922,0.533265,0.003270,29278.796113,0.056000
2026-08-12,19:20:03,0.460064,0.525785,0.003220,29278.799383,0.056000
2026-08-12,19:20:04,0.228892,0.525785,0.003220,29278.802603,0.056000
2026-08-12,19:20:05,0.478948,0.516112,0.003160,29278.802603,0.056000
2026-08-12,19:20:05,0.478948,0.516112,0.003160,29278.805763,0.056000
2026-08-12,19:20:06,0.270568,0.516112,0.003160,29278.808923,0.056000
2026-08-12,19:20:07,0.583138,0.524700,0.003220,29278.808923,0.056000
2026-08-12,19:20:07,0.270568,0.524700,0.003220,29278.812143,0.056000
2026-08-12,19:20:08,0.352618,0.524700,0.003220,29278.815363,0.056000
2026-08-12,19:20:09,0.352618,0.524700,0.003220,29278.815363,0.056000
2026-08-12,19:20:09,0.229218,0.524700,0.003220,29278.818583,0.056000
2026-08-12,19:20:10,0.395596,0.509852,0.003130,29278.821713,0.056000
2026-08-12,19:20:11,0.500112,0.499285,0.003060,29278.821713,0.056000
2026-08-12,19:20:11,0.500112,0.499285,0.003060,29278.824773,0.056000
2026-08-12,19:20:12,0.187216,0.499285,0.003060,29278.827833,0.056000
2026-08-12,19:20:13,0.270568,0.499285,0.003060,29278.827833,0.056000
2026-08-12,19:20:13,0.106144,0.499285,0.003060,29278.830893,0.056000
2026-08-12,19:20:14,0.312244,0.499285,0.003060,29278.833953,0.056000
2026-08-12,19:20:15,0.312244,0.498799,0.003060,29278.833953,0.056000
2026-08-12,19:20:15,0.531369,0.498799,0.003060,29278.837013,0.056000
2026-08-12,19:20:16,0.601372,0.509438,0.003120,29278.840133,0.056000
2026-08-12,19:20:17,0.395922,0.509438,0.003120,29278.840133,0.056000
2026-08-12,19:20:17,0.562626,0.518265,0.003120,29278.843253,0.056000
2026-08-12,19:20:18,0.562626,0.518265,0.003180,29278.843253,0.056000
2026-08-12,19:20:19,0.490898,0.500005,0.003060,29278.846433,0.056000
2026-08-12,19:20:19,0.204674,0.500005,0.003060,29278.849493,0.056000
2026-08-12,19:20:20,0.532153,0.513628,0.003150,29278.849493,0.056000
2026-08-12,19:20:21,0.532153,0.521800,0.003200,29278.852643,0.056000
2026-08-12,19:20:21,0.541788,0.521800,0.003200,29278.855843,0.056000
2026-08-12,19:20:22,0.612474,0.535153,0.003280,29278.855843,0.056000
2026-08-12,19:20:23,0.463183,0.523157,0.003280,29278.859123,0.056000
2026-08-12,19:20:23,0.463183,0.523157,0.003210,29278.862333,0.056000
2026-08-12,19:20:24,0.608728,0.523157,0.003210,29278.862333,0.056000
2026-08-12,19:20:25,0.609056,0.523157,0.003210,29278.865543,0.056000
2026-08-12,19:20:25,0.567052,0.523157,0.003210,29278.868753,0.056000
2026-08-12,19:20:26,0.567052,0.523157,0.003210,29278.868753,0.056000
2026-08-12,19:20:27,0.630058,0.523157,0.003210,29278.871963,0.056000
2026-08-12,19:20:27,0.471945,0.523157,0.003210,29278.875173,0.056000
2026-08-12,19:20:28,0.430907,0.523157,0.003210,29278.875173,0.056000
2026-08-12,19:20:29,0.656619,0.549259,0.003210,29278.878383,0.056000
2026-08-12,19:20:29,0.656619,0.549259,0.003370,29278.881753,0.056000
2026-08-12,19:20:30,0.232446,0.549259,0.003370,29278.881753,0.056000
2026-08-12,19:20:31,0.335151,0.549259,0.003370,29278.885123,0.056000
2026-08-12,19:20:31,0.209469,0.549259,0.003370,29278.888493,0.056000
2026-08-12,19:20:32,0.209469,0.549259,0.003370,29278.888493,0.056000
2026-08-12,19:20:33,0.355771,0.549259,0.003370,29278.891863,0.056000
2026-08-12,19:20:33,0.335151,0.549259,0.003370,29278.895233,0.056000
2026-08-12,19:20:34,0.205716,0.549259,0.003370,29278.895233,0.056000
2026-08-12,19:20:35,0.215681,0.549259,0.003370,29278.898603,0.056000
2026-08-12,19:20:35,0.215681,0.549259,0.003370,29278.901973,0.056000
2026-08-12,19:20:36,0.561541,0.555402,0.003400,29278.901973,0.056000
2026-08-12,19:20:37,0.250381,0.555402,0.003400,29278.905373,0.056000
2026-08-12,19:20:37,0.188031,0.555402,0.003400,29278.908773,0.056000
2026-08-12,19:20:38,0.188031,0.555402,0.003400,29278.908773,0.056000
2026-08-12,19:20:39,0.277476,0.555402,0.003400,29278.912173,0.056000
2026-08-12,19:20:39,0.507944,0.553060,0.003390,29278.915563,0.056000
2026-08-12,19:20:40,0.501415,0.543064,0.003330,29278.915563,0.056000
2026-08-12,19:20:41,0.178395,0.543064,0.003330,29278.918893,0.056000
2026-08-12,19:20:41,0.178395,0.543064,0.003330,29278.922223,0.056000
2026-08-12,19:20:42,0.210538,0.543064,0.003330,29278.922223,0.056000
2026-08-12,19:20:43,0.233038,0.543064,0.003330,29278.925553,0.056000
2026-08-12,19:20:43,0.251363,0.543064,0.003330,29278.928883,0.056000
2026-08-12,19:20:44,0.230416,0.543064,0.003330,29278.928883,0.056000
2026-08-12,19:20:45,0.230416,0.543064,0.003330,29278.932213,0.056000
2026-08-12,19:20:45,0.370914,0.543064,0.003330,29278.935543,0.056000
2026-08-12,19:20:46,0.515284,0.538330,0.003330,29278.935543,0.056000
2026-08-12,19:20:47,0.164994,0.538330,0.003300,29278.938843,0.056000
2026-08-12,19:20:47,0.164994,0.551754,0.003380,29278.942223,0.056000
2026-08-12,19:20:48,0.625138,0.551754,0.003380,29278.942223,0.056000
2026-08-12,19:20:49,0.526432,0.551182,0.003380,29278.945603,0.056000
2026-08-12,19:20:49,0.478160,0.544819,0.003340,29278.948943,0.056000
2026-08-12,19:20:50,0.464156,0.529987,0.003340,29278.948943,0.056000
2026-08-12,19:20:51,0.464156,0.529987,0.003250,29278.952193,0.056000
2026-08-12,19:20:51,0.591164,0.542785,0.003330,29278.955523,0.056000
2026-08-12,19:20:52,0.349396,0.542785,0.003330,29278.955523,0.056000
2026-08-12,19:20:53,0.596256,0.536749,0.003290,29278.958853,0.056000
2026-08-12,19:20:53,0.596256,0.536749,0.003290,29278.962143,0.056000
2026-08-12,19:20:54,0.226288,0.536749,0.003290,29278.962143,0.056000
2026-08-12,19:20:55,0.288003,0.536749,0.003290,29278.965433,0.056000
2026-08-12,19:20:55,0.616827,0.542278,0.003320,29278.968723,0.056000
2026-08-12,19:20:56,0.567327,0.548216,0.003320,29278.968723,0.056000
2026-08-12,19:20:57,0.567327,0.548216,0.003360,29278.972043,0.056000
2026-08-12,19:20:57,0.472826,0.545357,0.003340,29278.975403,0.056000
2026-08-12,19:20:58,0.624484,0.545357,0.003340,29278.975403,0.056000
2026-08-12,19:20:59,0.480523,0.545357,0.003340,29278.978743,0.056000
2026-08-12,19:20:59,0.480523,0.545357,0.003340,29278.982083,0.056000
2026-08-12,19:21:00,0.564092,0.545357,0.003340,29278.982083,0.056000
2026-08-12,19:21:01,0.521981,0.545357,0.003340,29278.985423,0.056000
2026-08-12,19:21:01,0.501089,0.545357,0.003340,29278.988763,0.056000
2026-08-12,19:21:02,0.501089,0.545357,0.003340,29278.988763,0.056000
2026-08-12,19:21:03,0.334277,0.545357,0.003340,29278.992103,0.056000
2026-08-12,19:21:03,0.571506,0.550979,0.003340,29278.995443,0.056000
2026-08-12,19:21:04,0.349718,0.550979,0.003380,29278.995443,0.056000
2026-08-12,19:21:05,0.349718,0.550979,0.003380,29278.998823,0.056000
2026-08-12,19:21:05,0.267431,0.550979,0.003380,29279.002203,0.056000
2026-08-12,19:21:06,0.246860,0.550979,0.003380,29279.002203,0.056000
2026-08-12,19:21:07,0.360968,0.550979,0.003380,29279.005583,0.056000
2026-08-12,19:21:07,0.411433,0.550979,0.003380,29279.008963,0.056000
2026-08-12,19:21:08,0.411433,0.550979,0.003380,29279.008963,0.056000
2026-08-12,19:21:09,0.329146,0.550979,0.003380,29279.012343,0.056000
2026-08-12,19:21:09,0.267110,0.550979,0.003380,29279.015723,0.056000
2026-08-12,19:21:10,0.330873,0.550979,0.003380,29279.015723,0.056000
2026-08-12,19:21:11,0.082077,0.550979,0.003380,29279.019103,0.056000
2026-08-12,19:21:11,0.082077,0.550979,0.003380,29279.022483,0.056000
2026-08-12,19:21:12,0.246232,0.550979,0.003380,29279.022483,0.056000
2026-08-12,19:21:13,0.458110,0.534276,0.003280,29279.025863,0.056000
2026-08-12,19:21:13,0.541462,0.535779,0.003280,29279.029143,0.056000
2026-08-12,19:21:14,0.541462,0.535779,0.003280,29279.029143,0.056000
2026-08-12,19:21:15,0.187542,0.535779,0.003280,29279.032423,0.056000
2026-08-12,19:21:15,0.106469,0.535779,0.003280,29279.035703,0.056000
2026-08-12,19:21:16,0.554023,0.543366,0.003330,29279.035703,0.056000
2026-08-12,19:21:17,0.217979,0.543366,0.003330,29279.039033,0.056000
2026-08-12,19:21:17,0.217979,0.543366,0.003330,29279.042363,0.056000
2026-08-12,19:21:18,0.334824,0.543366,0.003330,29279.042363,0.056000
2026-08-12,19:21:19,0.251363,0.543366,0.003330,29279.045693,0.056000
2026-08-12,19:21:19,0.251036,0.543366,0.003330,29279.049023,0.056000
2026-08-12,19:21:20,0.251036,0.543366,0.003330,29279.049023,0.056000
2026-08-12,19:21:21,0.125043,0.543366,0.003330,29279.052353,0.056000
2026-08-12,19:21:21,0.224822,0.543366,0.003330,29279.055683,0.056000
2026-08-12,19:21:22,0.616604,0.558611,0.003420,29279.055683,0.056000
2026-08-12,19:21:23,0.207854,0.558611,0.003420,29279.059103,0.056000
2026-08-12,19:21:23,0.207854,0.558611,0.003420,29279.062523,0.056000
2026-08-12,19:21:24,0.288417,0.558611,0.003420,29279.062523,0.056000
2026-08-12,19:21:25,0.247169,0.558611,0.003420,29279.065943,0.056000
2026-08-12,19:21:25,0.185618,0.558611,0.003420,29279.069363,0.056000
2026-08-12,19:21:26,0.267793,0.558611,0.003420,29279.069363,0.056000
2026-08-12,19:21:27,0.267793,0.558611,0.003420,29279.072783,0.056000
2026-08-12,19:21:27,0.124699,0.558611,0.003420,29279.076203,0.056000
2026-08-12,19:21:28,0.511660,0.550660,0.003380,29279.076203,0.056000
2026-08-12,19:21:29,0.562961,0.547331,0.003380,29279.079583,0.056000
2026-08-12,19:21:29,0.562961,0.530801,0.003360,29279.082943,0.056000
2026-08-12,19:21:30,0.451535,0.530801,0.003360,29279.082943,0.056000
2026-08-12,19:21:31,0.310633,0.530801,0.003250,29279.086193,0.056000
2026-08-12,19:21:31,0.538991,0.527968,0.003240,29279.089433,0.056000
2026-08-12,19:21:32,0.530246,0.533710,0.003240,29279.089433,0.056000
2026-08-12,19:21:33,0.530246,0.533710,0.003270,29279.092703,0.056000
2026-08-12,19:21:33,0.248765,0.533710,0.003270,29279.095973,0.056000
2026-08-12,19:21:34,0.497531,0.526312,0.003270,29279.095973,0.056000
2026-08-12,19:21:35,0.248765,0.526312,0.003230,29279.099203,0.056000
2026-08-12,19:21:35,0.248765,0.537283,0.003290,29279.102493,0.056000
2026-08-12,19:21:36,0.567820,0.537283,0.003290,29279.102493,0.056000
2026-08-12,19:21:37,0.128318,0.537283,0.003290,29279.105783,0.056000
2026-08-12,19:21:37,0.463260,0.529463,0.003250,29279.109033,0.056000
2026-08-12,19:21:38,0.332011,0.507262,0.003250,29279.109033,0.056000
2026-08-12,19:21:39,0.332011,0.507262,0.003110,29279.112143,0.056000
2026-08-12,19:21:39,0.310633,0.476665,0.002920,29279.115063,0.056000
2026-08-12,19:21:40,0.538991,0.476665,0.002920,29279.115063,0.056000
2026-08-12,19:21:41,0.248441,0.476665,0.002920,29279.117983,0.056000
2026-08-12,19:21:41,0.429509,0.468450,0.002870,29279.117983,0.056000
2026-08-12,19:21:42,0.429509,0.468450,0.002870,29279.120853,0.056000
2026-08-12,19:21:43,0.269172,0.468450,0.002870,29279.123723,0.056000
2026-08-12,19:21:43,0.558102,0.467964,0.002870,29279.123723,0.056000
2026-08-12,19:21:44,0.628068,0.485617,0.002870,29279.126593,0.056000
2026-08-12,19:21:45,0.628068,0.479398,0.002980,29279.129573,0.056000
2026-08-12,19:21:45,0.476800,0.479398,0.002980,29279.129573,0.056000
2026-08-12,19:21:46,0.559398,0.482313,0.002960,29279.132533,0.056000
2026-08-12,19:21:47,0.621589,0.494719,0.003030,29279.135563,0.056000
2026-08-12,19:21:47,0.621589,0.492743,0.003030,29279.135563,0.056000
2026-08-12,19:21:48,0.548061,0.492743,0.003020,29279.138583,0.056000
2026-08-12,19:21:49,0.625476,0.508965,0.003120,29279.141703,0.056000
2026-08-12,19:21:49,0.518261,0.527590,0.003120,29279.141703,0.056000
2026-08-12,19:21:50,0.435015,0.540028,0.003230,29279.144933,0.056000
2026-08-12,19:21:51,0.435015,0.540028,0.003310,29279.148243,0.056000
2026-08-12,19:21:51,0.331687,0.530246,0.003310,29279.148243,0.056000
2026-08-12,19:21:52,0.559722,0.530246,0.003250,29279.151553,0.056000
2026-08-12,19:21:53,0.393878,0.530246,0.003250,29279.154803,0.056000
2026-08-12,19:21:53,0.393878,0.526586,0.003250,29279.154803,0.056000
2026-08-12,19:21:54,0.521500,0.526586,0.003230,29279.158053,0.056000
2026-08-12,19:21:55,0.401976,0.503976,0.003090,29279.161283,0.056000
2026-08-12,19:21:55,0.290226,0.485319,0.003090,29279.161283,0.056000
2026-08-12,19:21:56,0.290226,0.485319,0.002970,29279.164373,0.056000
2026-08-12,19:21:57,0.527978,0.485319,0.002970,29279.167343,0.056000
2026-08-12,19:21:57,0.474029,0.485319,0.002970,29279.167343,0.056000
2026-08-12,19:21:58,0.547489,0.485319,0.002970,29279.170313,0.056000
2026-08-12,19:21:59,0.369028,0.466282,0.002860,29279.173283,0.056000
2026-08-12,19:21:59,0.369028,0.466282,0.002860,29279.173283,0.056000
2026-08-12,19:22:00,0.554343,0.466282,0.002860,29279.176143,0.056000
2026-08-12,19:22:01,0.143636,0.466282,0.002860,29279.179003,0.056000
2026-08-12,19:22:01,0.497274,0.453851,0.002860,29279.179003,0.056000
2026-08-12,19:22:02,0.225392,0.453851,0.002780,29279.181863,0.056000
2026-08-12,19:22:03,0.225392,0.453851,0.002650,29279.184643,0.056000
2026-08-12,19:22:03,0.327989,0.431843,0.002650,29279.184643,0.056000
2026-08-12,19:22:04,0.574542,0.431843,0.002650,29279.187293,0.056000
2026-08-12,19:22:04,0.525637,0.431843,0.002650,29279.189943,0.056000
2026-08-12,19:22:05,0.525637,0.431843,0.002650,29279.189943,0.056000
2026-08-12,19:22:06,0.460833,0.431843,0.002650,29279.192593,0.056000
2026-08-12,19:22:06,0.574542,0.431843,0.002650,29279.195243,0.056000
2026-08-12,19:22:07,0.389547,0.408250,0.002650,29279.195243,0.056000
2026-08-12,19:22:08,0.389547,0.404602,0.002500,29279.197893,0.056000
2026-08-12,19:22:08,0.481780,0.404602,0.002500,29279.200393,0.056000
2026-08-12,19:22:09,0.498144,0.410915,0.002520,29279.200393,0.056000
2026-08-12,19:22:10,0.329988,0.410915,0.002520,29279.202913,0.056000
2026-08-12,19:22:10,0.329988,0.410915,0.002520,29279.205433,0.056000
2026-08-12,19:22:11,0.536230,0.410915,0.002520,29279.205433,0.056000
2026-08-12,19:22:12,0.267793,0.410915,0.002520,29279.207953,0.056000
2026-08-12,19:22:12,0.577479,0.410915,0.002520,29279.210473,0.056000
2026-08-12,19:22:13,0.577479,0.410915,0.002520,29279.210473,0.056000
2026-08-12,19:22:14,0.515284,0.410915,0.002520,29279.212993,0.056000
2026-08-12,19:22:14,0.646441,0.410915,0.002520,29279.215513,0.056000
2026-08-12,19:22:15,0.515606,0.410915,0.002520,29279.215513,0.056000
2026-08-12,19:22:16,0.371236,0.410915,0.002520,29279.218033,0.056000
2026-08-12,19:22:16,0.371236,0.410915,0.002520,29279.220553,0.056000
2026-08-12,19:22:17,0.494982,0.427245,0.002620,29279.220553,0.056000
2026-08-12,19:22:18,0.598103,0.434905,0.002660,29279.223173,0.056000
2026-08-12,19:22:18,0.288417,0.434905,0.002660,29279.225833,0.056000
2026-08-12,19:22:19,0.288417,0.434905,0.002660,29279.225833,0.056000
2026-08-12,19:22:20,0.453733,0.440081,0.002700,29279.228493,0.056000
2026-08-12,19:22:20,0.544620,0.465520,0.002700,29279.231193,0.056000
2026-08-12,19:22:21,0.488748,0.477492,0.002930,29279.231193,0.056000
2026-08-12,19:22:22,0.488748,0.477085,0.002920,29279.234123,0.056000
2026-08-12,19:22:22,0.493203,0.477085,0.002920,29279.237043,0.056000
2026-08-12,19:22:23,0.521981,0.496484,0.003040,29279.237043,0.056000
2026-08-12,19:22:24,0.355169,0.496484,0.003040,29279.240083,0.056000
2026-08-12,19:22:24,0.355169,0.516028,0.003040,29279.243123,0.056000
2026-08-12,19:22:25,0.584984,0.516028,0.003160,29279.243123,0.056000
2026-08-12,19:22:26,0.605550,0.528405,0.003160,29279.246283,0.056000
2026-08-12,19:22:26,0.564092,0.535000,0.003240,29279.249523,0.056000
2026-08-12,19:22:27,0.564092,0.525197,0.003220,29279.249523,0.056000
2026-08-12,19:22:28,0.396954,0.525197,0.003220,29279.252743,0.056000
2026-08-12,19:22:28,0.472826,0.512669,0.003140,29279.255883,0.056000
2026-08-12,19:22:29,0.549005,0.522196,0.003200,29279.255883,0.056000
2026-08-12,19:22:30,0.252358,0.522196,0.003200,29279.259083,0.056000
2026-08-12,19:22:30,0.252358,0.522196,0.003200,29279.262283,0.056000
2026-08-12,19:22:31,0.372824,0.505017,0.003100,29279.262283,0.056000
2026-08-12,19:22:32,0.559722,0.505017,0.003100,29279.265383,0.056000
2026-08-12,19:22:32,0.248765,0.505017,0.003100,29279.268483,0.056000
2026-08-12,19:22:33,0.248765,0.505017,0.003100,29279.268483,0.056000
2026-08-12,19:22:34,0.269496,0.505017,0.003100,29279.271583,0.056000
2026-08-12,19:22:34,0.518261,0.507968,0.003110,29279.274693,0.056000
2026-08-12,19:22:35,0.588550,0.517503,0.003170,29279.274693,0.056000
2026-08-12,19:22:36,0.441874,0.509492,0.003170,29279.277863,0.056000
2026-08-12,19:22:36,0.441874,0.499393,0.003120,29279.280983,0.056000
2026-08-12,19:22:37,0.483989,0.499393,0.003120,29279.280983,0.056000
2026-08-12,19:22:38,0.084229,0.499393,0.003060,29279.284043,0.056000
2026-08-12,19:22:38,0.547489,0.493586,0.003030,29279.287073,0.056000
2026-08-12,19:22:39,0.349396,0.493586,0.003030,29279.287073,0.056000
2026-08-12,19:22:40,0.349396,0.493586,0.003030,29279.290103,0.056000
2026-08-12,19:22:40,0.555113,0.492688,0.003020,29279.293123,0.056000
2026-08-12,19:22:41,0.526432,0.505636,0.003020,29279.293123,0.056000
2026-08-12,19:22:42,0.516606,0.510014,0.003100,29279.296223,0.056000
2026-08-12,19:22:42,0.516606,0.510014,0.003130,29279.299353,0.056000
2026-08-12,19:22:43,0.206449,0.510014,0.003130,29279.299353,0.056000
2026-08-12,19:22:44,0.496252,0.504739,0.003090,29279.302443,0.056000
2026-08-12,19:22:44,0.289480,0.504739,0.003090,29279.305533,0.056000
2026-08-12,19:22:45,0.537283,0.521185,0.003090,29279.305533,0.056000
2026-08-12,19:22:46,0.537283,0.521185,0.003190,29279.308723,0.056000
2026-08-12,19:22:46,0.454898,0.514849,0.003160,29279.311883,0.056000
2026-08-12,19:22:47,0.210244,0.514849,0.003160,29279.311883,0.056000
2026-08-12,19:22:48,0.186250,0.514849,0.003160,29279.315043,0.056000
2026-08-12,19:22:48,0.186250,0.505747,0.003100,29279.318143,0.056000
2026-08-12,19:22:49,0.497531,0.505747,0.003100,29279.318143,0.056000
2026-08-12,19:22:50,0.455746,0.507134,0.003110,29279.321253,0.056000
2026-08-12,19:22:50,0.305918,0.507134,0.003110,29279.324363,0.056000
2026-08-12,19:22:51,0.353920,0.507134,0.003110,29279.324363,0.056000
2026-08-12,19:22:52,0.353920,0.507134,0.003110,29279.327473,0.056000
2026-08-12,19:22:52,0.395922,0.507134,0.003110,29279.330583,0.056000
2026-08-12,19:22:53,0.312570,0.507134,0.003110,29279.330583,0.056000
2026-08-12,19:22:54,0.520624,0.510797,0.003130,29279.333693,0.056000
2026-08-12,19:22:54,0.592058,0.515254,0.003130,29279.336823,0.056000
2026-08-12,19:22:55,0.592058,0.515254,0.003160,29279.336823,0.056000
2026-08-12,19:22:56,0.530492,0.512792,0.003140,29279.339983,0.056000
2026-08-12,19:22:56,0.504046,0.510554,0.003140,29279.343123,0.056000
2026-08-12,19:22:57,0.572959,0.516189,0.003130,29279.343123,0.056000
2026-08-12,19:22:58,0.572959,0.516189,0.003160,29279.346253,0.056000
2026-08-12,19:22:58,0.466637,0.513227,0.003160,29279.349413,0.056000
2026-08-12,19:22:59,0.489979,0.508497,0.003120,29279.349413,0.056000
2026-08-12,19:23:00,0.589604,0.521968,0.003200,29279.352533,0.056000
2026-08-12,19:23:00,0.589604,0.530111,0.003200,29279.355733,0.056000
2026-08-12,19:23:01,0.578961,0.530111,0.003250,29279.355733,0.056000
2026-08-12,19:23:02,0.531791,0.537715,0.003300,29279.358983,0.056000
2026-08-12,19:23:02,0.558284,0.541481,0.003300,29279.362283,0.056000
2026-08-12,19:23:03,0.558284,0.540139,0.003320,29279.362283,0.056000
2026-08-12,19:23:04,0.578638,0.540139,0.003310,29279.365603,0.056000
2026-08-12,19:23:04,0.144417,0.540139,0.003310,29279.368913,0.056000
2026-08-12,19:23:05,0.392866,0.526376,0.003230,29279.368913,0.056000
2026-08-12,19:23:06,0.475575,0.523529,0.003210,29279.372143,0.056000
2026-08-12,19:23:06,0.475575,0.523529,0.003210,29279.375353,0.056000
2026-08-12,19:23:07,0.537606,0.519994,0.003190,29279.375353,0.056000
2026-08-12,19:23:08,0.291419,0.519994,0.003190,29279.378543,0.056000
2026-08-12,19:23:08,0.206449,0.519994,0.003190,29279.381733,0.056000
2026-08-12,19:23:09,0.206449,0.529159,0.003190,29279.381733,0.056000
2026-08-12,19:23:10,0.558284,0.529159,0.003240,29279.384923,0.056000
2026-08-12,19:23:10,0.305467,0.529159,0.003240,29279.388163,0.056000
2026-08-12,19:23:11,0.626124,0.542773,0.003330,29279.388163,0.056000
2026-08-12,19:23:12,0.548938,0.538707,0.003330,29279.391493,0.056000
2026-08-12,19:23:12,0.548938,0.538707,0.003300,29279.394793,0.056000
2026-08-12,19:23:13,0.599741,0.540785,0.003320,29279.394793,0.056000
2026-08-12,19:23:14,0.207304,0.540785,0.003320,29279.398113,0.056000
2026-08-12,19:23:14,0.580452,0.545651,0.003320,29279.401433,0.056000
2026-08-12,19:23:15,0.580452,0.542572,0.003330,29279.401433,0.056000
2026-08-12,19:23:16,0.527495,0.542572,0.003330,29279.404763,0.056000
2026-08-12,19:23:16,0.124704,0.542572,0.003330,29279.408093,0.056000
2026-08-12,19:23:17,0.249409,0.542572,0.003330,29279.408093,0.056000
2026-08-12,19:23:18,0.552620,0.539970,0.003330,29279.411423,0.056000
2026-08-12,19:23:18,0.552620,0.539970,0.003310,29279.414733,0.056000
2026-08-12,19:23:19,0.220022,0.539970,0.003310,29279.414733,0.056000
2026-08-12,19:23:20,0.083569,0.539970,0.003310,29279.418043,0.056000
2026-08-12,19:23:20,0.521981,0.552882,0.003390,29279.421433,0.056000
2026-08-12,19:23:21,0.473148,0.552639,0.003390,29279.421433,0.056000
2026-08-12,19:23:22,0.473148,0.552639,0.003390,29279.424823,0.056000
2026-08-12,19:23:22,0.146251,0.552639,0.003390,29279.428213,0.056000
2026-08-12,19:23:23,0.167787,0.552639,0.003390,29279.428213,0.056000
2026-08-12,19:23:24,0.287681,0.552639,0.003390,29279.431603,0.056000
2026-08-12,19:23:24,0.287681,0.552639,0.003390,29279.434993,0.056000
2026-08-12,19:23:25,0.287681,0.552639,0.003390,29279.434993,0.056000
2026-08-12,19:23:26,0.534862,0.552364,0.003390,29279.438383,0.056000
2026-08-12,19:23:26,0.329146,0.552364,0.003390,29279.438383,0.056000
2026-08-12,19:23:27,0.105565,0.552364,0.003390,29279.441773,0.056000
2026-08-12,19:23:28,0.105565,0.552364,0.003390,29279.445163,0.056000
2026-08-12,19:23:28,0.316365,0.552364,0.003390,29279.445163,0.056000
2026-08-12,19:23:29,0.518261,0.548362,0.003390,29279.448553,0.056000
2026-08-12,19:23:30,0.584663,0.544216,0.003360,29279.451913,0.056000
2026-08-12,19:23:30,0.584663,0.544216,0.003340,29279.451913,0.056000
2026-08-12,19:23:31,0.372824,0.544216,0.003340,29279.455253,0.056000
2026-08-12,19:23:32,0.229007,0.544216,0.003340,29279.458593,0.056000
2026-08-12,19:23:32,0.527825,0.542105,0.003320,29279.458593,0.056000
2026-08-12,19:23:33,0.123423,0.542105,0.003320,29279.461913,0.056000
2026-08-12,19:23:34,0.123423,0.530340,0.003320,29279.465233,0.056000
2026-08-12,19:23:34,0.482091,0.530340,0.003250,29279.465233,0.056000
2026-08-12,19:23:35,0.123423,0.530340,0.003250,29279.468483,0.056000
2026-08-12,19:23:36,0.515606,0.523855,0.003210,29279.471693,0.056000
2026-08-12,19:23:36,0.505938,0.521700,0.003200,29279.471693,0.056000
2026-08-12,19:23:37,0.505938,0.521700,0.003200,29279.474893,0.056000
2026-08-12,19:23:38,0.205920,0.521700,0.003200,29279.478093,0.056000
2026-08-12,19:23:38,0.504046,0.516842,0.003170,29279.478093,0.056000
2026-08-12,19:23:39,0.597780,0.524422,0.003170,29279.481263,0.056000
2026-08-12,19:23:40,0.597780,0.524422,0.003210,29279.484473,0.056000
2026-08-12,19:23:40,0.568133,0.533921,0.003270,29279.484473,0.056000
2026-08-12,19:23:41,0.329665,0.533921,0.003270,29279.487743,0.056000
2026-08-12,19:23:42,0.515284,0.531963,0.003260,29279.491003,0.056000
2026-08-12,19:23:42,0.515284,0.521385,0.003200,29279.491003,0.056000
2026-08-12,19:23:43,0.412485,0.521385,0.003200,29279.494203,0.056000
2026-08-12,19:23:44,0.597780,0.521385,0.003200,29279.497403,0.056000
2026-08-12,19:23:44,0.652564,0.521385,0.003200,29279.497403,0.056000
2026-08-12,19:23:45,0.652564,0.521385,0.003200,29279.500603,0.056000
2026-08-12,19:23:46,0.577156,0.521385,0.003200,29279.503803,0.056000
2026-08-12,19:23:46,0.633390,0.521385,0.003200,29279.503803,0.056000
2026-08-12,19:23:47,0.595061,0.521385,0.003200,29279.507003,0.056000
2026-08-12,19:23:48,0.595061,0.521385,0.003200,29279.510203,0.056000
2026-08-12,19:23:48,0.645652,0.521385,0.003200,29279.510203,0.056000
2026-08-12,19:23:49,0.500112,0.521385,0.003200,29279.513403,0.056000
2026-08-12,19:23:50,0.458436,0.521385,0.003200,29279.516603,0.056000
2026-08-12,19:23:50,0.500112,0.521385,0.003200,29279.516603,0.056000
2026-08-12,19:23:51,0.500112,0.521385,0.003200,29279.519803,0.056000
2026-08-12,19:23:52,0.676818,0.530601,0.003250,29279.523053,0.056000
2026-08-12,19:23:52,0.533503,0.531169,0.003250,29279.523053,0.056000
2026-08-12,19:23:53,0.492465,0.532206,0.003260,29279.526313,0.056000
2026-08-12,19:23:54,0.492465,0.532206,0.003160,29279.529573,0.056000
2026-08-12,19:23:54,0.356098,0.516255,0.003160,29279.529573,0.056000
2026-08-12,19:23:55,0.376718,0.503333,0.003090,29279.532733,0.056000
2026-08-12,19:23:56,0.272310,0.480159,0.002940,29279.535823,0.056000
2026-08-12,19:23:56,0.272310,0.449674,0.002940,29279.535823,0.056000
2026-08-12,19:23:57,0.292930,0.449674,0.002760,29279.538763,0.056000
2026-08-12,19:23:58,0.104735,0.449674,0.002760,29279.541523,0.056000
2026-08-12,19:23:58,0.146301,0.449674,0.002760,29279.541523,0.056000
2026-08-12,19:23:59,0.188522,0.449674,0.002760,29279.544283,0.056000
2026-08-12,19:24:00,0.188522,0.449674,0.002760,29279.547043,0.056000
2026-08-12,19:24:00,0.209469,0.449674,0.002760,29279.547043,0.056000
2026-08-12,19:24:01,0.083788,0.449674,0.002760,29279.549803,0.056000
2026-08-12,19:24:02,0.185145,0.449674,0.002760,29279.552563,0.056000
2026-08-12,19:24:02,0.185145,0.450429,0.002760,29279.552563,0.056000
2026-08-12,19:24:03,0.575684,0.450429,0.002760,29279.555323,0.056000
2026-08-12,19:24:04,0.498862,0.448787,0.002760,29279.558083,0.056000
2026-08-12,19:24:04,0.287681,0.448787,0.002750,29279.558083,0.056000
2026-08-12,19:24:05,0.292492,0.448787,0.002750,29279.560833,0.056000
2026-08-12,19:24:06,0.292492,0.448787,0.002750,29279.563583,0.056000
2026-08-12,19:24:06,0.355169,0.448787,0.002750,29279.563583,0.056000
2026-08-12,19:24:07,0.572768,0.464816,0.002850,29279.566333,0.056000
2026-08-12,19:24:07,0.404788,0.437613,0.002850,29279.569183,0.056000
2026-08-12,19:24:08,0.404788,0.437613,0.002680,29279.569183,0.056000
2026-08-12,19:24:09,0.250708,0.437613,0.002570,29279.571863,0.056000
2026-08-12,19:24:09,0.354843,0.419747,0.002570,29279.574433,0.056000
2026-08-12,19:24:10,0.313384,0.401839,0.002460,29279.574433,0.056000
2026-08-12,19:24:11,0.125027,0.401839,0.002460,29279.576893,0.056000
2026-08-12,19:24:11,0.125027,0.418459,0.002460,29279.579353,0.056000
2026-08-12,19:24:12,0.522307,0.418459,0.002560,29279.579353,0.056000
2026-08-12,19:24:13,0.522307,0.433018,0.002650,29279.581913,0.056000
2026-08-12,19:24:13,0.459631,0.451750,0.002650,29279.584563,0.056000
2026-08-12,19:24:14,0.459631,0.476777,0.002920,29279.584563,0.056000
2026-08-12,19:24:15,0.543200,0.476777,0.002920,29279.587483,0.056000
2026-08-12,19:24:15,0.501089,0.469318,0.002880,29279.590363,0.056000
2026-08-12,19:24:16,0.549841,0.474416,0.002910,29279.590363,0.056000
2026-08-12,19:24:17,0.613978,0.478537,0.002910,29279.593273,0.056000
2026-08-12,19:24:17,0.613978,0.478537,0.002930,29279.596203,0.056000
2026-08-12,19:24:18,0.511060,0.489164,0.003000,29279.596203,0.056000
2026-08-12,19:24:19,0.581067,0.511787,0.003000,29279.599203,0.056000
2026-08-12,19:24:19,0.589827,0.539431,0.003140,29279.602343,0.056000
2026-08-12,19:24:20,0.589827,0.539431,0.003310,29279.602343,0.056000
2026-08-12,19:24:21,0.397665,0.539431,0.003310,29279.605653,0.056000
2026-08-12,19:24:21,0.452576,0.539431,0.003310,29279.608963,0.056000
2026-08-12,19:24:22,0.594649,0.546665,0.003350,29279.608963,0.056000
2026-08-12,19:24:23,0.594649,0.546665,0.003350,29279.612313,0.056000
2026-08-12,19:24:23,0.514291,0.545863,0.003350,29279.615663,0.056000
2026-08-12,19:24:24,0.525048,0.552405,0.003390,29279.615663,0.056000
2026-08-12,19:24:25,0.397068,0.537792,0.003390,29279.619053,0.056000
2026-08-12,19:24:25,0.397068,0.537792,0.003300,29279.622353,0.056000
2026-08-12,19:24:26,0.524720,0.537792,0.003300,29279.622353,0.056000
2026-08-12,19:24:27,0.625792,0.537792,0.003300,29279.625653,0.056000
2026-08-12,19:24:27,0.429816,0.530665,0.003250,29279.628903,0.056000
2026-08-12,19:24:28,0.429816,0.530665,0.003250,29279.628903,0.056000
2026-08-12,19:24:29,0.589604,0.530665,0.003250,29279.632153,0.056000
2026-08-12,19:24:29,0.456680,0.530665,0.003250,29279.635403,0.056000
2026-08-12,19:24:30,0.357645,0.530665,0.003250,29279.635403,0.056000
2026-08-12,19:24:31,0.536230,0.529303,0.003250,29279.638653,0.056000
2026-08-12,19:24:31,0.536230,0.529303,0.003240,29279.641893,0.056000
2026-08-12,19:24:32,0.309041,0.529303,0.003240,29279.641893,0.056000
2026-08-12,19:24:33,0.535908,0.521496,0.003200,29279.645093,0.056000
2026-08-12,19:24:33,0.494982,0.519889,0.003190,29279.648283,0.056000
2026-08-12,19:24:34,0.494982,0.519889,0.003190,29279.648283,0.056000
2026-08-12,19:24:35,0.144047,0.519889,0.003190,29279.651473,0.056000
2026-08-12,19:24:35,0.611637,0.522946,0.003210,29279.654683,0.056000
2026-08-12,19:24:36,0.226544,0.522946,0.003210,29279.654683,0.056000
2026-08-12,19:24:37,0.247491,0.522946,0.003210,29279.657893,0.056000
2026-08-12,19:24:37,0.247491,0.522946,0.003210,29279.661103,0.056000
2026-08-12,19:24:38,0.309363,0.522946,0.003210,29279.661103,0.056000
2026-08-12,19:24:39,0.103121,0.522946,0.003210,29279.664313,0.056000
2026-08-12,19:24:39,0.491437,0.513107,0.003150,29279.667463,0.056000
2026-08-12,19:24:40,0.398709,0.493512,0.003150,29279.667463,0.056000
2026-08-12,19:24:41,0.398709,0.493512,0.003020,29279.670483,0.056000
2026-08-12,19:24:41,0.189017,0.493512,0.003020,29279.673503,0.056000
2026-08-12,19:24:42,0.462043,0.488288,0.003020,29279.673503,0.056000
2026-08-12,19:24:43,0.273025,0.488288,0.002990,29279.676493,0.056000
2026-08-12,19:24:43,0.273025,0.488288,0.002990,29279.679483,0.056000
2026-08-12,19:24:44,0.084008,0.488288,0.002990,29279.679483,0.056000
2026-08-12,19:24:45,0.315029,0.488288,0.002990,29279.682473,0.056000
2026-08-12,19:24:45,0.546050,0.490388,0.003010,29279.685483,0.056000
2026-08-12,19:24:46,0.248220,0.490388,0.003010,29279.685483,0.056000
2026-08-12,19:24:47,0.248220,0.490388,0.003010,29279.688493,0.056000
2026-08-12,19:24:47,0.082922,0.490388,0.003010,29279.691503,0.056000
2026-08-12,19:24:48,0.517937,0.502475,0.003080,29279.691503,0.056000
2026-08-12,19:24:49,0.414285,0.500922,0.003070,29279.694583,0.056000
2026-08-12,19:24:49,0.414285,0.500922,0.003070,29279.697653,0.056000
2026-08-12,19:24:50,0.538668,0.500922,0.003070,29279.697653,0.056000
2026-08-12,19:24:51,0.497531,0.500922,0.003070,29279.700723,0.056000
2026-08-12,19:24:51,0.346263,0.500922,0.003070,29279.703793,0.056000
2026-08-12,19:24:52,0.186250,0.500922,0.003070,29279.703793,0.056000
2026-08-12,19:24:53,0.186250,0.494946,0.003030,29279.706863,0.056000
2026-08-12,19:24:53,0.476476,0.494946,0.003030,29279.709893,0.056000
2026-08-12,19:24:54,0.269496,0.494946,0.003030,29279.709893,0.056000
2026-08-12,19:24:55,0.271439,0.494946,0.003030,29279.712923,0.056000
2026-08-12,19:24:55,0.290226,0.494946,0.003030,29279.715953,0.056000
2026-08-12,19:24:56,0.290226,0.494946,0.003030,29279.715953,0.056000
2026-08-12,19:24:57,0.578509,0.499206,0.003060,29279.718983,0.056000
2026-08-12,19:24:57,0.470646,0.496773,0.003060,29279.722043,0.056000
2026-08-12,19:24:58,0.248765,0.496773,0.003040,29279.722043,0.056000
2026-08-12,19:24:59,0.248765,0.496773,0.003040,29279.725083,0.056000
2026-08-12,19:24:59,0.248765,0.496773,0.003040,29279.725083,0.056000
2026-08-12,19:25:00,0.103652,0.496773,0.003040,29279.728123,0.056000
2026-08-12,19:25:01,0.165844,0.496773,0.003040,29279.731163,0.056000
2026-08-12,19:25:01,0.663374,0.496773,0.003040,29279.731163,0.056000
2026-08-12,19:25:02,0.663374,0.496773,0.003040,29279.734203,0.056000
2026-08-12,19:25:03,0.345291,0.496773,0.003040,29279.737243,0.056000
2026-08-12,19:25:03,0.301887,0.496773,0.003040,29279.737243,0.056000
2026-08-12,19:25:04,0.103652,0.496773,0.003040,29279.740283,0.056000
2026-08-12,19:25:05,0.103652,0.496773,0.003040,29279.743323,0.056000
2026-08-12,19:25:05,0.207304,0.496773,0.003040,29279.743323,0.056000
2026-08-12,19:25:06,0.228035,0.496773,0.003040,29279.746363,0.056000
2026-08-12,19:25:07,0.547413,0.490350,0.003040,29279.749403,0.056000
2026-08-12,19:25:07,0.559722,0.497179,0.003010,29279.749403,0.056000
2026-08-12,19:25:08,0.559722,0.509361,0.003120,29279.752413,0.056000
2026-08-12,19:25:09,0.520528,0.509361,0.003120,29279.755533,0.056000
2026-08-12,19:25:09,0.426918,0.505848,0.003100,29279.755533,0.056000
2026-08-12,19:25:10,0.476800,0.498923,0.003060,29279.758633,0.056000
2026-08-12,19:25:11,0.124059,0.498923,0.003060,29279.761693,0.056000
2026-08-12,19:25:11,0.124059,0.498923,0.003060,29279.761693,0.056000
2026-08-12,19:25:12,0.548938,0.502023,0.003080,29279.764753,0.056000
2026-08-12,19:25:13,0.225967,0.502023,0.003080,29279.767833,0.056000
2026-08-12,19:25:13,0.587726,0.519368,0.003180,29279.767833,0.056000
2026-08-12,19:25:14,0.587726,0.519368,0.003180,29279.771013,0.056000
2026-08-12,19:25:15,0.251695,0.519368,0.003180,29279.774193,0.056000
2026-08-12,19:25:15,0.231021,0.519368,0.003180,29279.774193,0.056000
2026-08-12,19:25:16,0.391538,0.510874,0.003130,29279.777373,0.056000
2026-08-12,19:25:17,0.214621,0.510874,0.003130,29279.780503,0.056000
2026-08-12,19:25:17,0.214621,0.510874,0.003130,29279.780503,0.056000
2026-08-12,19:25:18,0.082497,0.510874,0.003130,29279.783633,0.056000
2026-08-12,19:25:19,0.247491,0.510874,0.003130,29279.786763,0.056000
2026-08-12,19:25:19,0.412485,0.494271,0.003030,29279.786763,0.056000
2026-08-12,19:25:20,0.412485,0.494271,0.003030,29279.789793,0.056000
2026-08-12,19:25:21,0.164994,0.494271,0.003030,29279.792823,0.056000
2026-08-12,19:25:21,0.590834,0.506290,0.003100,29279.792823,0.056000
2026-08-12,19:25:22,0.633060,0.514855,0.003100,29279.795923,0.056000
2026-08-12,19:25:23,0.370914,0.514855,0.003160,29279.799083,0.056000
2026-08-12,19:25:23,0.370914,0.514855,0.003160,29279.799083,0.056000
2026-08-12,19:25:24,0.324832,0.514855,0.003160,29279.802243,0.056000
2026-08-12,19:25:25,0.376392,0.514855,0.003160,29279.805403,0.056000
2026-08-12,19:25:25,0.577479,0.516630,0.003170,29279.805403,0.056000
2026-08-12,19:25:26,0.577479,0.516630,0.003170,29279.808573,0.056000
2026-08-12,19:25:27,0.453411,0.509919,0.003130,29279.811703,0.056000
2026-08-12,19:25:27,0.530752,0.520302,0.003190,29279.811703,0.056000
2026-08-12,19:25:28,0.453411,0.517963,0.003190,29279.814893,0.056000
2026-08-12,19:25:29,0.453411,0.508443,0.003170,29279.818063,0.056000
2026-08-12,19:25:29,0.453733,0.508443,0.003120,29279.818063,0.056000
2026-08-12,19:25:30,0.577479,0.507418,0.003120,29279.821183,0.056000
2026-08-12,19:25:31,0.556854,0.523950,0.003210,29279.824393,0.056000
2026-08-12,19:25:31,0.556854,0.534229,0.003270,29279.824393,0.056000
2026-08-12,19:25:32,0.515284,0.534229,0.003270,29279.827663,0.056000
2026-08-12,19:25:33,0.288417,0.534229,0.003270,29279.830933,0.056000
2026-08-12,19:25:33,0.494659,0.524612,0.003220,29279.830933,0.056000
2026-08-12,19:25:34,0.494659,0.509096,0.003220,29279.834153,0.056000
2026-08-12,19:25:35,0.477902,0.509096,0.003120,29279.837273,0.056000
2026-08-12,19:25:35,0.556854,0.507034,0.003110,29279.837273,0.056000
2026-08-12,19:25:36,0.474357,0.509129,0.003110,29279.840383,0.056000
2026-08-12,19:25:37,0.492404,0.505294,0.003100,29279.843483,0.056000
2026-08-12,19:25:37,0.492404,0.505294,0.003100,29279.843483,0.056000
2026-08-12,19:25:38,0.371236,0.497076,0.003050,29279.846533,0.056000
2026-08-12,19:25:39,0.206242,0.497076,0.003050,29279.849583,0.056000
2026-08-12,19:25:39,0.546050,0.506308,0.003050,29279.849583,0.056000
2026-08-12,19:25:40,0.546050,0.506308,0.003100,29279.852683,0.056000
2026-08-12,19:25:41,0.210019,0.506308,0.003100,29279.855783,0.056000
2026-08-12,19:25:41,0.583788,0.506939,0.003100,29279.855783,0.056000
2026-08-12,19:25:42,0.167687,0.506939,0.003110,29279.858893,0.056000
2026-08-12,19:25:43,0.143315,0.506939,0.003110,29279.862003,0.056000
2026-08-12,19:25:43,0.143315,0.506939,0.003110,29279.862003,0.056000
2026-08-12,19:25:44,0.124702,0.506939,0.003110,29279.865113,0.056000
2026-08-12,19:25:45,0.520950,0.503348,0.003090,29279.868203,0.056000
2026-08-12,19:25:45,0.208054,0.503348,0.003090,29279.868203,0.056000
2026-08-12,19:25:46,0.208054,0.505999,0.003090,29279.871293,0.056000
2026-08-12,19:25:47,0.541788,0.505999,0.003090,29279.874383,0.056000
2026-08-12,19:25:47,0.430907,0.499624,0.003060,29279.874383,0.056000
2026-08-12,19:25:48,0.583464,0.499624,0.003060,29279.877443,0.056000
2026-08-12,19:25:49,0.479274,0.499624,0.003060,29279.880503,0.056000
2026-08-12,19:25:49,0.479274,0.499624,0.003060,29279.880503,0.056000
2026-08-12,19:25:50,0.573088,0.499624,0.003060,29279.883563,0.056000
2026-08-12,19:25:51,0.511685,0.499624,0.003060,29279.886623,0.056000
2026-08-12,19:25:51,0.437598,0.499624,0.003060,29279.886623,0.056000
2026-08-12,19:25:52,0.437598,0.499624,0.003060,29279.889683,0.056000
2026-08-12,19:25:53,0.499786,0.499624,0.003060,29279.892743,0.056000
2026-08-12,19:25:53,0.541788,0.499624,0.003060,29279.892743,0.056000
2026-08-12,19:25:54,0.612155,0.499624,0.003060,29279.895803,0.056000
2026-08-12,19:25:55,0.612155,0.499624,0.003060,29279.898863,0.056000
2026-08-12,19:25:55,0.530811,0.499624,0.003060,29279.898863,0.056000
2026-08-12,19:25:56,0.559398,0.532905,0.003270,29279.901923,0.056000
2026-08-12,19:25:57,0.580452,0.532603,0.003270,29279.905193,0.056000
2026-08-12,19:25:57,0.580452,0.532324,0.003260,29279.905193,0.056000
2026-08-12,19:25:58,0.476476,0.532324,0.003260,29279.908453,0.056000
2026-08-12,19:25:59,0.518261,0.526841,0.003260,29279.911713,0.056000
2026-08-12,19:25:59,0.455746,0.521247,0.003200,29279.911713,0.056000
2026-08-12,19:26:00,0.455746,0.534620,0.003280,29279.914913,0.056000
2026-08-12,19:26:01,0.571323,0.534620,0.003280,29279.918193,0.056000
2026-08-12,19:26:01,0.393554,0.534620,0.003280,29279.918193,0.056000
2026-08-12,19:26:02,0.506600,0.534620,0.003280,29279.921473,0.056000
2026-08-12,19:26:03,0.373148,0.534620,0.003280,29279.924753,0.056000
2026-08-12,19:26:03,0.373148,0.534620,0.003280,29279.924753,0.056000
2026-08-12,19:26:04,0.580452,0.542686,0.003330,29279.928033,0.056000
2026-08-12,19:26:05,0.269172,0.542686,0.003330,29279.931363,0.056000
2026-08-12,19:26:05,0.580452,0.546553,0.003350,29279.931363,0.056000
2026-08-12,19:26:06,0.580452,0.537163,0.003350,29279.934713,0.056000
2026-08-12,19:26:07,0.518261,0.537163,0.003290,29279.938003,0.056000
2026-08-12,19:26:07,0.240344,0.537163,0.003290,29279.938003,0.056000
2026-08-12,19:26:08,0.186250,0.537163,0.003290,29279.941293,0.056000
2026-08-12,19:26:09,0.580452,0.542127,0.003290,29279.944583,0.056000
2026-08-12,19:26:09,0.580452,0.542127,0.003320,29279.944583,0.056000
2026-08-12,19:26:10,0.551624,0.541350,0.003320,29279.947903,0.056000
2026-08-12,19:26:11,0.248765,0.541350,0.003320,29279.951223,0.056000
2026-08-12,19:26:11,0.455746,0.528879,0.003240,29279.951223,0.056000
2026-08-12,19:26:12,0.455746,0.528879,0.003240,29279.954463,0.056000
2026-08-12,19:26:13,0.090372,0.528879,0.003240,29279.957703,0.056000
2026-08-12,19:26:13,0.269496,0.528879,0.003240,29279.957703,0.056000
2026-08-12,19:26:14,0.310633,0.528879,0.003240,29279.960943,0.056000
2026-08-12,19:26:15,0.330067,0.528879,0.003240,29279.964183,0.056000
2026-08-12,19:26:15,0.330067,0.526806,0.003230,29279.964183,0.056000
2026-08-12,19:26:16,0.455746,0.526806,0.003230,29279.967413,0.056000
2026-08-12,19:26:17,0.446928,0.519673,0.003190,29279.970603,0.056000
2026-08-12,19:26:17,0.607134,0.519673,0.003190,29279.970603,0.056000
2026-08-12,19:26:18,0.607245,0.519673,0.003190,29279.973793,0.056000
2026-08-12,19:26:19,0.607245,0.519673,0.003190,29279.976983,0.056000
2026-08-12,19:26:19,0.561717,0.519673,0.003190,29279.976983,0.056000
2026-08-12,19:26:20,0.266752,0.519673,0.003190,29279.980173,0.056000
2026-08-12,19:26:21,0.133055,0.519673,0.003190,29279.983363,0.056000
2026-08-12,19:26:21,0.133055,0.524636,0.003220,29279.983363,0.056000
2026-08-12,19:26:22,0.505375,0.524636,0.003220,29279.986583,0.056000
2026-08-12,19:26:23,0.328825,0.524636,0.003220,29279.989803,0.056000
2026-08-12,19:26:23,0.353253,0.524636,0.003220,29279.989803,0.056000
2026-08-12,19:26:24,0.349396,0.524636,0.003220,29279.993023,0.056000
2026-08-12,19:26:25,0.349396,0.524636,0.003220,29279.996243,0.056000
2026-08-12,19:26:25,0.205395,0.524636,0.003220,29279.996243,0.056000
2026-08-12,19:26:26,0.246538,0.524636,0.003220,29279.999463,0.056000
2026-08-12,19:26:27,0.502399,0.517744,0.003170,29280.002633,0.056000
2026-08-12,19:26:27,0.502399,0.517744,0.003170,29280.002633,0.056000
2026-08-12,19:26:28,0.271983,0.517744,0.003170,29280.005803,0.056000
2026-08-12,19:26:29,0.556854,0.515384,0.003160,29280.008963,0.056000
2026-08-12,19:26:29,0.515606,0.508899,0.003160,29280.008963,0.056000
2026-08-12,19:26:30,0.643541,0.521427,0.003120,29280.012083,0.056000
2026-08-12,19:26:31,0.643541,0.521427,0.003210,29280.015293,0.056000
2026-08-12,19:26:31,0.597780,0.523160,0.003210,29280.015293,0.056000
2026-08-12,19:26:32,0.494982,0.517496,0.003170,29280.018463,0.056000
2026-08-12,19:26:33,0.544620,0.526383,0.003230,29280.021693,0.056000
2026-08-12,19:26:33,0.544620,0.526383,0.003230,29280.021693,0.056000
2026-08-12,19:26:34,0.544620,0.535271,0.003280,29280.024973,0.056000
2026-08-12,19:26:35,0.532153,0.543793,0.003330,29280.028303,0.056000
2026-08-12,19:26:35,0.332220,0.543793,0.003330,29280.028303,0.056000
2026-08-12,19:26:36,0.332220,0.540799,0.003330,29280.031633,0.056000
2026-08-12,19:26:36,0.475435,0.540799,0.003330,29280.034943,0.056000
2026-08-12,19:26:37,0.499791,0.540538,0.003310,29280.034943,0.056000
2026-08-12,19:26:38,0.478033,0.532656,0.003270,29280.038213,0.056000
2026-08-12,19:26:38,0.478033,0.532656,0.003270,29280.038213,0.056000
2026-08-12,19:26:39,0.642357,0.532656,0.003270,29280.041483,0.056000
2026-08-12,19:26:40,0.578706,0.532656,0.003270,29280.044753,0.056000
2026-08-12,19:26:40,0.311436,0.532656,0.003270,29280.044753,0.056000
2026-08-12,19:26:41,0.374113,0.532656,0.003270,29280.048023,0.056000
2026-08-12,19:26:42,0.374113,0.532656,0.003270,29280.051293,0.056000
2026-08-12,19:26:42,0.249084,0.532656,0.003270,29280.051293,0.056000
2026-08-12,19:26:43,0.498817,0.530977,0.003250,29280.054563,0.056000
2026-08-12,19:26:44,0.561169,0.522740,0.003200,29280.057813,0.056000
2026-08-12,19:26:44,0.083136,0.522740,0.003200,29280.057813,0.056000
2026-08-12,19:26:45,0.083136,0.522740,0.003200,29280.061013,0.056000
2026-08-12,19:26:46,0.506936,0.513656,0.003150,29280.064213,0.056000
2026-08-12,19:26:46,0.290652,0.513656,0.003150,29280.064213,0.056000
2026-08-12,19:26:47,0.498492,0.514007,0.003150,29280.067363,0.056000
2026-08-12,19:26:48,0.498492,0.514007,0.003150,29280.070513,0.056000
2026-08-12,19:26:48,0.311761,0.514007,0.003150,29280.070513,0.056000
2026-08-12,19:26:49,0.270193,0.514007,0.003150,29280.073663,0.056000
2026-08-12,19:26:50,0.145164,0.514007,0.003150,29280.076813,0.056000
2026-08-12,19:26:50,0.384811,0.498026,0.003150,29280.076813,0.056000
2026-08-12,19:26:51,0.384811,0.498026,0.003050,29280.079963,0.056000
2026-08-12,19:26:52,0.415356,0.485099,0.003050,29280.083013,0.056000
2026-08-12,19:26:52,0.234470,0.485099,0.002970,29280.083013,0.056000
2026-08-12,19:26:53,0.249409,0.485099,0.002970,29280.085983,0.056000
2026-08-12,19:26:54,0.249409,0.485099,0.002970,29280.088953,0.056000
2026-08-12,19:26:54,0.263758,0.485099,0.002970,29280.088953,0.056000
2026-08-12,19:26:55,0.083136,0.485099,0.002970,29280.091923,0.056000
2026-08-12,19:26:56,0.519601,0.483844,0.002970,29280.094893,0.056000
2026-08-12,19:26:56,0.373788,0.473680,0.002970,29280.094893,0.056000
2026-08-12,19:26:57,0.373788,0.473680,0.002900,29280.097863,0.056000
2026-08-12,19:26:58,0.163739,0.473680,0.002900,29280.100763,0.056000
2026-08-12,19:26:58,0.240492,0.473680,0.002900,29280.100763,0.056000
2026-08-12,19:26:59,0.552300,0.478931,0.002940,29280.103663,0.056000
2026-08-12,19:27:00,0.531833,0.484310,0.002940,29280.106603,0.056000
2026-08-12,19:27:00,0.531833,0.484310,0.002970,29280.106603,0.056000
2026-08-12,19:27:01,0.245609,0.484310,0.002970,29280.109573,0.056000
2026-08-12,19:27:02,0.628081,0.497237,0.002970,29280.112543,0.056000
2026-08-12,19:27:02,0.285729,0.497237,0.003050,29280.112543,0.056000
2026-08-12,19:27:03,0.285729,0.497237,0.003050,29280.115593,0.056000
2026-08-12,19:27:04,0.251363,0.497237,0.003050,29280.118643,0.056000
2026-08-12,19:27:04,0.502727,0.491393,0.003010,29280.118643,0.056000
2026-08-12,19:27:05,0.390540,0.479753,0.002940,29280.121653,0.056000
2026-08-12,19:27:06,0.390540,0.479753,0.002940,29280.124593,0.056000
2026-08-12,19:27:06,0.522307,0.479753,0.002940,29280.124593,0.056000
2026-08-12,19:27:07,0.501415,0.479753,0.002940,29280.127533,0.056000
2026-08-12,19:27:08,0.459631,0.479753,0.002940,29280.130473,0.056000
2026-08-12,19:27:08,0.480523,0.479753,0.002940,29280.130473,0.056000
2026-08-12,19:27:09,0.480523,0.479753,0.002940,29280.133413,0.056000
2026-08-12,19:27:10,0.521981,0.479753,0.002940,29280.136353,0.056000
2026-08-12,19:27:10,0.543200,0.479753,0.002940,29280.136353,0.056000
2026-08-12,19:27:11,0.668227,0.479753,0.002940,29280.139293,0.056000
2026-08-12,19:27:12,0.668227,0.479753,0.002940,29280.142233,0.056000
2026-08-12,19:27:12,0.513167,0.479753,0.002940,29280.142233,0.056000
2026-08-12,19:27:13,0.438412,0.479753,0.002940,29280.145173,0.056000
2026-08-12,19:27:14,0.250708,0.479753,0.002940,29280.148113,0.056000
2026-08-12,19:27:14,0.250708,0.479753,0.002940,29280.148113,0.056000
2026-08-12,19:27:15,0.208923,0.479753,0.002940,29280.151053,0.056000
2026-08-12,19:27:16,0.205194,0.479753,0.002940,29280.153993,0.056000
2026-08-12,19:27:16,0.616863,0.491590,0.003010,29280.153993,0.056000
2026-08-12,19:27:17,0.249730,0.491590,0.003010,29280.157003,0.056000
2026-08-12,19:27:18,0.249730,0.490585,0.003010,29280.160013,0.056000
2026-08-12,19:27:18,0.374758,0.490585,0.003010,29280.160013,0.056000
2026-08-12,19:27:19,0.187216,0.490585,0.003010,29280.163023,0.056000
2026-08-12,19:27:20,0.479274,0.496977,0.003050,29280.166073,0.056000
2026-08-12,19:27:20,0.208380,0.496977,0.003050,29280.166073,0.056000
2026-08-12,19:27:21,0.208380,0.496977,0.003050,29280.169123,0.056000
2026-08-12,19:27:22,0.479274,0.492944,0.003020,29280.172143,0.056000
2026-08-12,19:27:22,0.512984,0.506863,0.003110,29280.172143,0.056000
2026-08-12,19:27:23,0.615260,0.513159,0.003110,29280.175253,0.056000
2026-08-12,19:27:24,0.615260,0.513159,0.003150,29280.178403,0.056000
2026-08-12,19:27:24,0.451426,0.505119,0.003100,29280.178403,0.056000
2026-08-12,19:27:25,0.554023,0.497713,0.003100,29280.181503,0.056000
2026-08-12,19:27:26,0.465533,0.493994,0.003030,29280.184533,0.056000
2026-08-12,19:27:26,0.465533,0.512426,0.003030,29280.184533,0.056000
2026-08-12,19:27:27,0.574863,0.512426,0.003140,29280.187673,0.056000
2026-08-12,19:27:28,0.568547,0.507594,0.003110,29280.190783,0.056000
2026-08-12,19:27:28,0.515904,0.521709,0.003110,29280.190783,0.056000
2026-08-12,19:27:29,0.515904,0.523406,0.003200,29280.193983,0.056000
2026-08-12,19:27:30,0.496252,0.523406,0.003210,29280.197193,0.056000
2026-08-12,19:27:30,0.229387,0.523406,0.003210,29280.197193,0.056000
2026-08-12,19:27:31,0.116955,0.523406,0.003210,29280.200403,0.056000
2026-08-12,19:27:32,0.424851,0.517964,0.003170,29280.203573,0.056000
2026-08-12,19:27:32,0.424851,0.517964,0.003170,29280.203573,0.056000
2026-08-12,19:27:33,0.309834,0.497649,0.003050,29280.206623,0.056000
2026-08-12,19:27:34,0.413353,0.497649,0.003050,29280.209673,0.056000
2026-08-12,19:27:34,0.165844,0.497649,0.003050,29280.209673,0.056000
2026-08-12,19:27:35,0.165844,0.497649,0.003050,29280.212723,0.056000
2026-08-12,19:27:36,0.269496,0.497649,0.003050,29280.215773,0.056000
2026-08-12,19:27:36,0.580452,0.494168,0.003050,29280.215773,0.056000
2026-08-12,19:27:37,0.576251,0.506651,0.003110,29280.218883,0.056000
2026-08-12,19:27:38,0.549523,0.506201,0.003100,29280.221983,0.056000
2026-08-12,19:27:38,0.549523,0.506201,0.003100,29280.221983,0.056000
2026-08-12,19:27:39,0.202721,0.506201,0.003100,29280.225083,0.056000
2026-08-12,19:27:40,0.438412,0.503489,0.003090,29280.228173,0.056000
2026-08-12,19:27:40,0.125354,0.503489,0.003090,29280.228173,0.056000
2026-08-12,19:27:41,0.396954,0.485698,0.003090,29280.231263,0.056000
2026-08-12,19:27:42,0.396954,0.485698,0.002980,29280.234243,0.056000
2026-08-12,19:27:42,0.229815,0.485698,0.002980,29280.234243,0.056000
2026-08-12,19:27:43,0.334277,0.485698,0.002980,29280.237223,0.056000
2026-08-12,19:27:44,0.185145,0.485698,0.002980,29280.240203,0.056000
2026-08-12,19:27:44,0.185145,0.485698,0.002980,29280.240203,0.056000
2026-08-12,19:27:45,0.246538,0.485698,0.002980,29280.243183,0.056000
2026-08-12,19:27:46,0.082287,0.485698,0.002980,29280.246163,0.056000
2026-08-12,19:27:46,0.082287,0.485698,0.002980,29280.246163,0.056000
2026-08-12,19:27:47,0.452576,0.474101,0.002910,29280.249143,0.056000
2026-08-12,19:27:48,0.452576,0.474101,0.002910,29280.252053,0.056000
2026-08-12,19:27:48,0.542873,0.476798,0.002920,29280.252053,0.056000
2026-08-12,19:27:49,0.583679,0.485541,0.002980,29280.254973,0.056000
2026-08-12,19:27:50,0.542873,0.497343,0.002980,29280.257953,0.056000
2026-08-12,19:27:50,0.542873,0.497343,0.003050,29280.257953,0.056000
2026-08-12,19:27:51,0.586617,0.525021,0.003220,29280.261003,0.056000
2026-08-12,19:27:52,0.564092,0.523385,0.003220,29280.264223,0.056000
2026-08-12,19:27:52,0.593458,0.525106,0.003210,29280.264223,0.056000
2026-08-12,19:27:53,0.593458,0.525862,0.003220,29280.267433,0.056000
2026-08-12,19:27:54,0.557091,0.525862,0.003220,29280.270653,0.056000
2026-08-12,19:27:54,0.601697,0.542191,0.003320,29280.270653,0.056000
2026-08-12,19:27:55,0.624815,0.564977,0.003460,29280.273973,0.056000
2026-08-12,19:27:56,0.624815,0.564977,0.003460,29280.277433,0.056000
2026-08-12,19:27:56,0.250056,0.564977,0.003460,29280.277433,0.056000
2026-08-12,19:27:57,0.187542,0.564977,0.003460,29280.280893,0.056000
2026-08-12,19:27:58,0.541462,0.573866,0.003460,29280.284353,0.056000
2026-08-12,19:27:58,0.402692,0.559848,0.003430,29280.284353,0.056000
2026-08-12,19:27:59,0.402692,0.559848,0.003430,29280.287783,0.056000
2026-08-12,19:28:00,0.245912,0.559848,0.003430,29280.291213,0.056000
2026-08-12,19:28:00,0.286950,0.559848,0.003430,29280.291213,0.056000
2026-08-12,19:28:01,0.188031,0.559848,0.003430,29280.294643,0.056000
2026-08-12,19:28:02,0.188031,0.557889,0.003430,29280.298073,0.056000
2026-08-12,19:28:02,0.564092,0.557889,0.003420,29280.298073,0.056000
2026-08-12,19:28:03,0.342060,0.557889,0.003420,29280.301493,0.056000
2026-08-12,19:28:04,0.325514,0.557889,0.003420,29280.304913,0.056000
2026-08-12,19:28:04,0.649502,0.568552,0.003490,29280.304913,0.056000
2026-08-12,19:28:05,0.649502,0.568552,0.003490,29280.308403,0.056000
2026-08-12,19:28:06,0.353329,0.568552,0.003490,29280.311893,0.056000
2026-08-12,19:28:06,0.560520,0.565942,0.003470,29280.311893,0.056000
2026-08-12,19:28:07,0.415356,0.551069,0.003470,29280.315363,0.056000
2026-08-12,19:28:08,0.415356,0.551069,0.003380,29280.318743,0.056000
2026-08-12,19:28:08,0.560845,0.551069,0.003380,29280.318743,0.056000
2026-08-12,19:28:09,0.498817,0.551069,0.003380,29280.322123,0.056000
2026-08-12,19:28:10,0.561169,0.551069,0.003380,29280.325503,0.056000
2026-08-12,19:28:10,0.561169,0.551069,0.003380,29280.325503,0.056000
2026-08-12,19:28:11,0.560845,0.551069,0.003380,29280.328883,0.056000
2026-08-12,19:28:12,0.498817,0.551069,0.003380,29280.332263,0.056000
2026-08-12,19:28:12,0.602413,0.551069,0.003380,29280.332263,0.056000
2026-08-12,19:28:13,0.228625,0.551069,0.003380,29280.335643,0.056000
2026-08-12,19:28:14,0.228625,0.551069,0.003380,29280.339023,0.056000
2026-08-12,19:28:14,0.602737,0.551996,0.003380,29280.339023,0.056000
2026-08-12,19:28:15,0.207516,0.551996,0.003380,29280.342403,0.056000
2026-08-12,19:28:16,0.478033,0.544091,0.003340,29280.345743,0.056000
2026-08-12,19:28:16,0.478033,0.544091,0.003340,29280.345743,0.056000
2026-08-12,19:28:17,0.249084,0.544091,0.003340,29280.349083,0.056000
2026-08-12,19:28:18,0.592670,0.543188,0.003330,29280.352413,0.056000
2026-08-12,19:28:18,0.477708,0.528477,0.003240,29280.352413,0.056000
2026-08-12,19:28:19,0.457249,0.520056,0.003240,29280.355653,0.056000
2026-08-12,19:28:20,0.457249,0.520056,0.003190,29280.358843,0.056000
2026-08-12,19:28:20,0.581629,0.537950,0.003190,29280.358843,0.056000
2026-08-12,19:28:21,0.544607,0.536001,0.003290,29280.362133,0.056000
2026-08-12,19:28:22,0.557922,0.526843,0.003230,29280.365363,0.056000
2026-08-12,19:28:22,0.557922,0.520673,0.003230,29280.365363,0.056000
2026-08-12,19:28:23,0.498817,0.520673,0.003190,29280.368553,0.056000
2026-08-12,19:28:24,0.560845,0.535222,0.003280,29280.371833,0.056000
2026-08-12,19:28:24,0.602737,0.535222,0.003280,29280.371833,0.056000
2026-08-12,19:28:25,0.602737,0.541457,0.003280,29280.375113,0.056000
2026-08-12,19:28:26,0.540385,0.541457,0.003320,29280.378433,0.056000
2026-08-12,19:28:26,0.581953,0.540385,0.003320,29280.378433,0.056000
2026-08-12,19:28:27,0.311436,0.540385,0.003310,29280.381743,0.056000
2026-08-12,19:28:28,0.521875,0.544802,0.003340,29280.381743,0.056000
2026-08-12,19:28:28,0.521875,0.544802,0.003340,29280.385083,0.056000
2026-08-12,19:28:29,0.519601,0.551037,0.003380,29280.388463,0.056000
2026-08-12,19:28:30,0.643981,0.557272,0.003420,29280.388463,0.056000
2026-08-12,19:28:30,0.102337,0.557272,0.003420,29280.391883,0.056000
2026-08-12,19:28:31,0.102337,0.557114,0.003420,29280.395303,0.056000
2026-08-12,19:28:32,0.543026,0.557114,0.003420,29280.395303,0.056000
2026-08-12,19:28:32,0.396627,0.540985,0.003420,29280.398723,0.056000
2026-08-12,19:28:33,0.125027,0.540985,0.003320,29280.402043,0.056000
2026-08-12,19:28:34,0.287271,0.540985,0.003320,29280.402043,0.056000
2026-08-12,19:28:34,0.287271,0.540985,0.003320,29280.405363,0.056000
2026-08-12,19:28:35,0.164155,0.540985,0.003320,29280.408683,0.056000
2026-08-12,19:28:36,0.230522,0.540985,0.003320,29280.408683,0.056000
2026-08-12,19:28:36,0.184674,0.540985,0.003320,29280.412003,0.056000
2026-08-12,19:28:37,0.184674,0.546473,0.003320,29280.415323,0.056000
2026-08-12,19:28:38,0.553702,0.546473,0.003320,29280.415323,0.056000
2026-08-12,19:28:38,0.369348,0.546473,0.003350,29280.418673,0.056000
2026-08-12,19:28:39,0.312570,0.546473,0.003350,29280.422023,0.056000
2026-08-12,19:28:40,0.250056,0.546473,0.003350,29280.422023,0.056000
2026-08-12,19:28:40,0.250056,0.546473,0.003350,29280.425373,0.056000
2026-08-12,19:28:41,0.312570,0.546473,0.003350,29280.428723,0.056000
2026-08-12,19:28:42,0.291732,0.546473,0.003350,29280.428723,0.056000
2026-08-12,19:28:42,0.291406,0.546473,0.003350,29280.432073,0.056000
2026-08-12,19:28:43,0.291406,0.542484,0.003330,29280.435403,0.056000
2026-08-12,19:28:44,0.520950,0.542484,0.003330,29280.435403,0.056000
2026-08-12,19:28:44,0.551226,0.537333,0.003290,29280.438693,0.056000
2026-08-12,19:28:45,0.210573,0.537333,0.003290,29280.441983,0.056000
2026-08-12,19:28:45,0.599315,0.543226,0.003290,29280.441983,0.056000
2026-08-12,19:28:46,0.599315,0.543226,0.003330,29280.445313,0.056000
2026-08-12,19:28:47,0.330512,0.543226,0.003330,29280.448643,0.056000
2026-08-12,19:28:47,0.206772,0.543226,0.003330,29280.448643,0.056000
2026-08-12,19:28:48,0.268480,0.543226,0.003330,29280.451973,0.056000
2026-08-12,19:28:49,0.268480,0.540116,0.003310,29280.455303,0.056000
2026-08-12,19:28:49,0.550853,0.540116,0.003310,29280.455303,0.056000
2026-08-12,19:28:50,0.310158,0.540116,0.003310,29280.458613,0.056000
2026-08-12,19:28:51,0.200310,0.540116,0.003310,29280.461923,0.056000
2026-08-12,19:28:51,0.247803,0.540116,0.003310,29280.461923,0.056000
2026-08-12,19:28:52,0.247803,0.540116,0.003310,29280.465233,0.056000
2026-08-12,19:28:53,0.144740,0.540116,0.003310,29280.468543,0.056000
2026-08-12,19:28:53,0.330512,0.540116,0.003310,29280.468543,0.056000
2026-08-12,19:28:54,0.105010,0.540116,0.003310,29280.471853,0.056000
2026-08-12,19:28:55,0.105010,0.540116,0.003310,29280.475163,0.056000
2026-08-12,19:28:55,0.146685,0.540116,0.003310,29280.475163,0.056000
2026-08-12,19:28:56,0.567052,0.544633,0.003340,29280.478473,0.056000
2026-08-12,19:28:57,0.545722,0.547245,0.003340,29280.481813,0.056000
2026-08-12,19:28:57,0.545722,0.539419,0.003350,29280.481813,0.056000
2026-08-12,19:28:58,0.565720,0.539419,0.003310,29280.485163,0.056000
2026-08-12,19:28:59,0.435219,0.528639,0.003310,29280.488473,0.056000
2026-08-12,19:28:59,0.501421,0.539118,0.003300,29280.488473,0.056000
2026-08-12,19:29:00,0.581275,0.541875,0.003320,29280.491773,0.056000
2026-08-12,19:29:01,0.581275,0.541875,0.003320,29280.495093,0.056000
2026-08-12,19:29:01,0.533183,0.543099,0.003330,29280.495093,0.056000
2026-08-12,19:29:02,0.448220,0.532798,0.003270,29280.498423,0.056000
2026-08-12,19:29:03,0.492465,0.522113,0.003270,29280.501693,0.056000
2026-08-12,19:29:03,0.492465,0.522113,0.003200,29280.501693,0.056000
2026-08-12,19:29:04,0.389868,0.506014,0.003100,29280.504893,0.056000
2026-08-12,19:29:05,0.605877,0.506014,0.003100,29280.507993,0.056000
2026-08-12,19:29:05,0.313058,0.506014,0.003100,29280.507993,0.056000
2026-08-12,19:29:06,0.313058,0.506014,0.003100,29280.511093,0.056000
2026-08-12,19:29:07,0.616827,0.510992,0.003130,29280.514223,0.056000
2026-08-12,19:29:07,0.257930,0.510992,0.003130,29280.514223,0.056000
2026-08-12,19:29:08,0.293699,0.510992,0.003130,29280.517353,0.056000
2026-08-12,19:29:09,0.293699,0.517292,0.003130,29280.520483,0.056000
2026-08-12,19:29:09,0.608728,0.517292,0.003170,29280.520483,0.056000
2026-08-12,19:29:10,0.473148,0.508035,0.003170,29280.523653,0.056000
2026-08-12,19:29:11,0.555434,0.520057,0.003110,29280.526763,0.056000
2026-08-12,19:29:11,0.555434,0.517229,0.003170,29280.526763,0.056000
2026-08-12,19:29:12,0.473148,0.517229,0.003170,29280.529933,0.056000
2026-08-12,19:29:13,0.549648,0.514067,0.003150,29280.533083,0.056000
2026-08-12,19:29:13,0.596256,0.520374,0.003190,29280.533083,0.056000
2026-08-12,19:29:14,0.225967,0.520374,0.003190,29280.536273,0.056000
2026-08-12,19:29:15,0.225967,0.520374,0.003190,29280.539463,0.056000
2026-08-12,19:29:15,0.292166,0.520374,0.003190,29280.539463,0.056000
2026-08-12,19:29:16,0.584658,0.534018,0.003190,29280.542653,0.056000
2026-08-12,19:29:17,0.564092,0.541181,0.003320,29280.545973,0.056000
2026-08-12,19:29:17,0.564092,0.541181,0.003320,29280.545973,0.056000
2026-08-12,19:29:18,0.292166,0.541181,0.003320,29280.549293,0.056000
2026-08-12,19:29:19,0.211208,0.541181,0.003320,29280.552613,0.056000
2026-08-12,19:29:19,0.245609,0.541181,0.003320,29280.552613,0.056000
2026-08-12,19:29:20,0.124380,0.541181,0.003320,29280.555933,0.056000
2026-08-12,19:29:21,0.124380,0.558311,0.003320,29280.559253,0.056000
2026-08-12,19:29:21,0.561169,0.558311,0.003320,29280.559253,0.056000
2026-08-12,19:29:22,0.165948,0.558311,0.003420,29280.562673,0.056000
2026-08-12,19:29:23,0.207841,0.558311,0.003420,29280.566093,0.056000
2026-08-12,19:29:23,0.593235,0.555952,0.003420,29280.566093,0.056000
2026-08-12,19:29:24,0.593235,0.555952,0.003410,29280.569503,0.056000
2026-08-12,19:29:25,0.266076,0.555952,0.003410,29280.572913,0.056000
2026-08-12,19:29:25,0.249084,0.555952,0.003410,29280.572913,0.056000
2026-08-12,19:29:26,0.561169,0.551196,0.003410,29280.576323,0.056000
2026-08-12,19:29:27,0.561169,0.558277,0.003420,29280.579743,0.056000
2026-08-12,19:29:27,0.543958,0.558277,0.003420,29280.579743,0.056000
2026-08-12,19:29:28,0.374113,0.558277,0.003420,29280.583163,0.056000
2026-08-12,19:29:29,0.249409,0.558277,0.003420,29280.586583,0.056000
2026-08-12,19:29:29,0.423381,0.545071,0.003420,29280.586583,0.056000
2026-08-12,19:29:30,0.423381,0.545071,0.003340,29280.589923,0.056000
2026-08-12,19:29:31,0.521225,0.549879,0.003370,29280.593293,0.056000
2026-08-12,19:29:31,0.555324,0.550447,0.003370,29280.593293,0.056000
2026-08-12,19:29:32,0.457249,0.536546,0.003290,29280.596583,0.056000
2026-08-12,19:29:33,0.457249,0.510796,0.003290,29280.599713,0.056000
2026-08-12,19:29:33,0.327159,0.510796,0.003130,29280.599713,0.056000
2026-08-12,19:29:34,0.520950,0.510796,0.003130,29280.602843,0.056000
2026-08-12,19:29:35,0.541788,0.510796,0.003130,29280.602843,0.056000
2026-08-12,19:29:35,0.541788,0.510796,0.003130,29280.605973,0.056000
2026-08-12,19:29:36,0.512984,0.510796,0.003130,29280.609103,0.056000
2026-08-12,19:29:37,0.512663,0.510796,0.003130,29280.609103,0.056000
2026-08-12,19:29:37,0.492465,0.510796,0.003130,29280.612233,0.056000
2026-08-12,19:29:38,0.492465,0.510796,0.003130,29280.615363,0.056000
2026-08-12,19:29:39,0.492465,0.510796,0.003130,29280.615363,0.056000
2026-08-12,19:29:39,0.307470,0.510796,0.003130,29280.618493,0.056000
2026-08-12,19:29:40,0.615581,0.515945,0.003160,29280.621623,0.056000
2026-08-12,19:29:41,0.225713,0.515945,0.003160,29280.621623,0.056000
2026-08-12,19:29:41,0.225713,0.515945,0.003160,29280.624783,0.056000
2026-08-12,19:29:42,0.245912,0.515945,0.003160,29280.627943,0.056000
2026-08-12,19:29:43,0.307790,0.515945,0.003160,29280.627943,0.056000
2026-08-12,19:29:43,0.449823,0.504810,0.003090,29280.631103,0.056000
2026-08-12,19:29:44,0.541788,0.499666,0.003060,29280.634193,0.056000
2026-08-12,19:29:45,0.541788,0.499666,0.003060,29280.634193,0.056000
2026-08-12,19:29:45,0.270894,0.499666,0.003060,29280.637253,0.056000
2026-08-12,19:29:46,0.286950,0.499666,0.003060,29280.640313,0.056000
2026-08-12,19:29:47,0.287271,0.499666,0.003060,29280.640313,0.056000
2026-08-12,19:29:47,0.287271,0.503055,0.003060,29280.643373,0.056000
2026-08-12,19:29:48,0.595061,0.503055,0.003060,29280.646433,0.056000
2026-08-12,19:29:49,0.678812,0.516540,0.003170,29280.646433,0.056000
2026-08-12,19:29:49,0.574542,0.531656,0.003260,29280.649603,0.056000
2026-08-12,19:29:50,0.574542,0.534904,0.003260,29280.652863,0.056000
2026-08-12,19:29:51,0.553702,0.534904,0.003280,29280.652863,0.056000
2026-08-12,19:29:51,0.527495,0.532121,0.003260,29280.656143,0.056000
2026-08-12,19:29:52,0.456070,0.532003,0.003260,29280.659403,0.056000
2026-08-12,19:29:53,0.456070,0.534529,0.003260,29280.659403,0.056000
2026-08-12,19:29:53,0.352417,0.534529,0.003280,29280.662663,0.056000
2026-08-12,19:29:54,0.559722,0.534529,0.003280,29280.665943,0.056000
2026-08-12,19:29:55,0.455746,0.534529,0.003280,29280.665943,0.056000
2026-08-12,19:29:55,0.642320,0.537203,0.003290,29280.669223,0.056000
2026-08-12,19:29:56,0.642320,0.537203,0.003290,29280.672513,0.056000
2026-08-12,19:29:57,0.252976,0.537203,0.003290,29280.672513,0.056000
2026-08-12,19:29:57,0.502713,0.542492,0.003330,29280.675803,0.056000
2026-08-12,19:29:58,0.476800,0.535993,0.003330,29280.679133,0.056000
2026-08-12,19:29:59,0.476800,0.534176,0.003290,29280.679133,0.056000
2026-08-12,19:29:59,0.576889,0.534176,0.003290,29280.682423,0.056000
2026-08-12,19:30:00,0.228035,0.534176,0.003270,29280.685693,0.056000
2026-08-12,19:30:01,0.492672,0.515562,0.003160,29280.685693,0.056000
2026-08-12,19:30:01,0.548709,0.512979,0.003160,29280.688853,0.056000
2026-08-12,19:30:02,0.548709,0.512979,0.003140,29280.691993,0.056000
2026-08-12,19:30:03,0.621589,0.519767,0.003190,29280.691993,0.056000
2026-08-12,19:30:03,0.559722,0.522990,0.003190,29280.695183,0.056000
2026-08-12,19:30:04,0.412341,0.518617,0.003210,29280.698393,0.056000
2026-08-12,19:30:05,0.412341,0.518617,0.003180,29280.698393,0.056000
2026-08-12,19:30:05,0.189687,0.518617,0.003180,29280.701573,0.056000
2026-08-12,19:30:06,0.351512,0.518617,0.003180,29280.704753,0.056000
2026-08-12,19:30:07,0.524683,0.535844,0.003280,29280.704753,0.056000
2026-08-12,19:30:07,0.577719,0.529384,0.003280,29280.708033,0.056000
2026-08-12,19:30:08,0.577719,0.529384,0.003250,29280.711283,0.056000
2026-08-12,19:30:09,0.290652,0.529384,0.003250,29280.711283,0.056000
2026-08-12,19:30:09,0.415681,0.520681,0.003250,29280.714533,0.056000
2026-08-12,19:30:10,0.228625,0.520681,0.003190,29280.717723,0.056000
2026-08-12,19:30:11,0.498817,0.522882,0.003210,29280.717723,0.056000
2026-08-12,19:30:11,0.498817,0.522882,0.003210,29280.720933,0.056000
2026-08-12,19:30:12,0.249409,0.522882,0.003210,29280.724143,0.056000
2026-08-12,19:30:13,0.387900,0.503983,0.003090,29280.724143,0.056000
2026-08-12,19:30:13,0.145540,0.503983,0.003090,29280.727233,0.056000
2026-08-12,19:30:14,0.145540,0.498476,0.003090,29280.730323,0.056000
2026-08-12,19:30:15,0.437598,0.498476,0.003090,29280.730323,0.056000
2026-08-12,19:30:15,0.479274,0.491532,0.003010,29280.733333,0.056000
2026-08-12,19:30:16,0.081870,0.491532,0.003010,29280.736343,0.056000
2026-08-12,19:30:17,0.565567,0.485930,0.003010,29280.736343,0.056000
2026-08-12,19:30:17,0.565567,0.485930,0.002980,29280.739323,0.056000
2026-08-12,19:30:18,0.458362,0.475794,0.002920,29280.742243,0.056000
2026-08-12,19:30:19,0.390540,0.473614,0.002920,29280.742243,0.056000
2026-08-12,19:30:19,0.340517,0.455197,0.002900,29280.745143,0.056000
2026-08-12,19:30:20,0.340517,0.426566,0.002610,29280.747753,0.056000
2026-08-12,19:30:21,0.291406,0.426566,0.002610,29280.747753,0.056000
2026-08-12,19:30:21,0.591929,0.426566,0.002610,29280.750363,0.056000
2026-08-12,19:30:22,0.562626,0.426566,0.002610,29280.752973,0.056000
2026-08-12,19:30:23,0.583138,0.426566,0.002610,29280.752973,0.056000
2026-08-12,19:30:23,0.583138,0.426566,0.002610,29280.755583,0.056000
2026-08-12,19:30:24,0.654696,0.426566,0.002610,29280.758193,0.056000
2026-08-12,19:30:25,0.533503,0.426566,0.002610,29280.758193,0.056000
2026-08-12,19:30:25,0.328310,0.417829,0.002610,29280.760803,0.056000
2026-08-12,19:30:26,0.328310,0.417829,0.002490,29280.763293,0.056000
2026-08-12,19:30:27,0.389868,0.406934,0.002490,29280.763293,0.056000
2026-08-12,19:30:27,0.533503,0.406934,0.002490,29280.765783,0.056000
2026-08-12,19:30:28,0.451105,0.406934,0.002490,29280.768273,0.056000
2026-08-12,19:30:29,0.451105,0.406934,0.002490,29280.768273,0.056000
2026-08-12,19:30:29,0.592176,0.406934,0.002490,29280.770763,0.056000
2026-08-12,19:30:30,0.492465,0.406934,0.002490,29280.773253,0.056000
2026-08-12,19:30:31,0.454529,0.406934,0.002490,29280.773253,0.056000
2026-08-12,19:30:31,0.270894,0.406934,0.002490,29280.775743,0.056000
2026-08-12,19:30:32,0.270894,0.406934,0.002490,29280.778233,0.056000
2026-08-12,19:30:33,0.270568,0.406934,0.002490,29280.778233,0.056000
2026-08-12,19:30:33,0.270568,0.406934,0.002490,29280.780723,0.056000
2026-08-12,19:30:34,0.253963,0.406934,0.002490,29280.783213,0.056000
2026-08-12,19:30:35,0.253963,0.406934,0.002490,29280.783213,0.056000
2026-08-12,19:30:35,0.291406,0.406934,0.002490,29280.785703,0.056000
2026-08-12,19:30:36,0.104190,0.406934,0.002490,29280.788193,0.056000
2026-08-12,19:30:37,0.124702,0.406934,0.002490,29280.788193,0.056000
2026-08-12,19:30:37,0.301378,0.398282,0.002440,29280.790683,0.056000
2026-08-12,19:30:38,0.301378,0.398282,0.002440,29280.793123,0.056000
2026-08-12,19:30:39,0.167248,0.398282,0.002440,29280.793123,0.056000
2026-08-12,19:30:39,0.143315,0.398282,0.002440,29280.795563,0.056000
2026-08-12,19:30:40,0.266752,0.398282,0.002440,29280.798003,0.056000
2026-08-12,19:30:41,0.266752,0.398282,0.002440,29280.798003,0.056000
2026-08-12,19:30:41,0.574221,0.398282,0.002440,29280.800443,0.056000
2026-08-12,19:30:42,0.187704,0.398282,0.002440,29280.802883,0.056000
2026-08-12,19:30:43,0.438738,0.398396,0.002440,29280.802883,0.056000
2026-08-12,19:30:43,0.451143,0.395583,0.002420,29280.805323,0.056000
2026-08-12,19:30:44,0.451143,0.387078,0.002420,29280.807743,0.056000
2026-08-12,19:30:45,0.480523,0.387078,0.002370,29280.807743,0.056000
2026-08-12,19:30:45,0.166812,0.387078,0.002370,29280.810113,0.056000
2026-08-12,19:30:46,0.563766,0.387078,0.002370,29280.812483,0.056000
2026-08-12,19:30:47,0.229489,0.387078,0.002370,29280.812483,0.056000
2026-08-12,19:30:47,0.229489,0.387078,0.002370,29280.814853,0.056000
2026-08-12,19:30:48,0.459631,0.387205,0.002370,29280.817223,0.056000
2026-08-12,19:30:49,0.326653,0.380817,0.002330,29280.817223,0.056000
2026-08-12,19:30:49,0.269172,0.373682,0.002290,29280.819553,0.056000
2026-08-12,19:30:50,0.269172,0.367345,0.002290,29280.821843,0.056000
2026-08-12,19:30:51,0.228035,0.367345,0.002250,29280.821843,0.056000
2026-08-12,19:30:51,0.512107,0.367345,0.002250,29280.824093,0.056000
2026-08-12,19:30:52,0.393878,0.367345,0.002250,29280.826343,0.056000
2026-08-12,19:30:52,0.432748,0.367345,0.002250,29280.826343,0.056000
2026-08-12,19:30:53,0.432748,0.367345,0.002250,29280.828593,0.056000
2026-08-12,19:30:54,0.435339,0.367345,0.002250,29280.830843,0.056000
2026-08-12,19:30:54,0.207304,0.367345,0.002250,29280.830843,0.056000
2026-08-12,19:30:55,0.289902,0.363504,0.002250,29280.833093,0.056000
2026-08-12,19:30:56,0.289902,0.353637,0.002230,29280.835323,0.056000
2026-08-12,19:30:56,0.291198,0.353637,0.002170,29280.835323,0.056000
2026-08-12,19:30:57,0.228035,0.346303,0.002170,29280.837493,0.056000
2026-08-12,19:30:58,0.476800,0.346303,0.002120,29280.839613,0.056000
2026-08-12,19:30:58,0.191183,0.346303,0.002120,29280.839613,0.056000
2026-08-12,19:30:59,0.191183,0.346303,0.002120,29280.841733,0.056000
2026-08-12,19:31:00,0.082709,0.346303,0.002120,29280.843853,0.056000
2026-08-12,19:31:00,0.610332,0.346303,0.002120,29280.843853,0.056000
2026-08-12,19:31:01,0.315201,0.333949,0.002120,29280.845973,0.056000
2026-08-12,19:31:02,0.302467,0.319082,0.002050,29280.848023,0.056000
2026-08-12,19:31:02,0.302467,0.319082,0.001950,29280.848023,0.056000
2026-08-12,19:31:03,0.573750,0.319082,0.001950,29280.849973,0.056000
2026-08-12,19:31:04,0.125354,0.319082,0.001950,29280.851923,0.056000
2026-08-12,19:31:04,0.142592,0.319082,0.001950,29280.851923,0.056000
2026-08-12,19:31:05,0.142592,0.300127,0.001950,29280.853873,0.056000
2026-08-12,19:31:06,0.290977,0.300127,0.001840,29280.855713,0.056000
2026-08-12,19:31:06,0.602737,0.300127,0.001840,29280.855713,0.056000
2026-08-12,19:31:07,0.311761,0.285340,0.001840,29280.857553,0.056000
2026-08-12,19:31:08,0.255254,0.278200,0.001700,29280.859253,0.056000
2026-08-12,19:31:08,0.255254,0.278200,0.001700,29280.859253,0.056000
2026-08-12,19:31:09,0.513106,0.278200,0.001700,29280.860953,0.056000
2026-08-12,19:31:10,0.311436,0.282427,0.001730,29280.862683,0.056000
2026-08-12,19:31:10,0.374113,0.297034,0.001730,29280.862683,0.056000
2026-08-12,19:31:11,0.374113,0.313769,0.001820,29280.864503,0.056000
2026-08-12,19:31:12,0.457249,0.313769,0.001920,29280.864503,0.056000
2026-08-12,19:31:12,0.478033,0.332453,0.001920,29280.866423,0.056000
2026-08-12,19:31:13,0.290977,0.332453,0.002040,29280.868463,0.056000
2026-08-12,19:31:14,0.581953,0.332453,0.002040,29280.870503,0.056000
2026-08-12,19:31:14,0.581953,0.336636,0.002040,29280.870503,0.056000
2026-08-12,19:31:15,0.269868,0.336636,0.002060,29280.872563,0.056000
2026-08-12,19:31:16,0.519601,0.336636,0.002060,29280.872563,0.056000
2026-08-12,19:31:16,0.293575,0.334473,0.002060,29280.874623,0.056000
2026-08-12,19:31:17,0.444527,0.334473,0.002050,29280.876673,0.056000
2026-08-12,19:31:18,0.444527,0.334473,0.002050,29280.876673,0.056000
2026-08-12,19:31:18,0.204354,0.334473,0.002050,29280.878723,0.056000
2026-08-12,19:31:19,0.532153,0.334473,0.002050,29280.880773,0.056000
2026-08-12,19:31:20,0.091464,0.334473,0.002050,29280.880773,0.056000
2026-08-12,19:31:20,0.091464,0.334473,0.002050,29280.882823,0.056000
2026-08-12,19:31:21,0.583138,0.334473,0.002050,29280.884873,0.056000
2026-08-12,19:31:22,0.583138,0.334473,0.002050,29280.884873,0.056000
2026-08-12,19:31:22,0.583138,0.334473,0.002050,29280.886923,0.056000
2026-08-12,19:31:23,0.583138,0.334473,0.002050,29280.888973,0.056000
2026-08-12,19:31:24,0.541788,0.334473,0.002050,29280.888973,0.056000
2026-08-12,19:31:24,0.535276,0.334473,0.002050,29280.891023,0.056000
2026-08-12,19:31:25,0.499786,0.334473,0.002050,29280.893073,0.056000
2026-08-12,19:31:26,0.478948,0.334473,0.002050,29280.893073,0.056000
2026-08-12,19:31:26,0.478948,0.334473,0.002050,29280.895123,0.056000
2026-08-12,19:31:27,0.511685,0.334473,0.002050,29280.897173,0.056000
2026-08-12,19:31:28,0.562626,0.334473,0.002050,29280.897173,0.056000
2026-08-12,19:31:28,0.312244,0.335451,0.002050,29280.899223,0.056000
2026-08-12,19:31:29,0.312244,0.335451,0.002050,29280.901273,0.056000
2026-08-12,19:31:30,0.551226,0.335451,0.002050,29280.901273,0.056000
2026-08-12,19:31:30,0.224255,0.335451,0.002050,29280.903323,0.056000
2026-08-12,19:31:31,0.185736,0.335451,0.002050,29280.905373,0.056000
2026-08-12,19:31:32,0.185736,0.335451,0.002050,29280.905373,0.056000
2026-08-12,19:31:32,0.144417,0.335451,0.002050,29280.907423,0.056000
2026-08-12,19:31:33,0.268803,0.333234,0.002040,29280.909473,0.056000
2026-08-12,19:31:34,0.289480,0.331006,0.002040,29280.909473,0.056000
2026-08-12,19:31:34,0.558284,0.331006,0.002030,29280.911513,0.056000
2026-08-12,19:31:35,0.558284,0.331006,0.002030,29280.913543,0.056000
2026-08-12,19:31:36,0.541806,0.331006,0.002030,29280.913543,0.056000
2026-08-12,19:31:36,0.475575,0.331006,0.002030,29280.915573,0.056000
2026-08-12,19:31:37,0.558284,0.331006,0.002030,29280.917603,0.056000
2026-08-12,19:31:38,0.454252,0.331006,0.002030,29280.917603,0.056000
2026-08-12,19:31:38,0.454252,0.331006,0.002030,29280.919633,0.056000
2026-08-12,19:31:39,0.516929,0.331006,0.002030,29280.921663,0.056000
2026-08-12,19:31:40,0.578961,0.331006,0.002030,29280.921663,0.056000
2026-08-12,19:31:40,0.395774,0.345058,0.002110,29280.923693,0.056000
2026-08-12,19:31:41,0.395774,0.345058,0.002110,29280.925803,0.056000
2026-08-12,19:31:42,0.434221,0.357336,0.002190,29280.925803,0.056000
2026-08-12,19:31:42,0.454898,0.365415,0.002240,29280.927993,0.056000
2026-08-12,19:31:43,0.557960,0.375486,0.002240,29280.930233,0.056000
2026-08-12,19:31:44,0.557960,0.375486,0.002300,29280.930233,0.056000
2026-08-12,19:31:44,0.525048,0.380187,0.002330,29280.932533,0.056000
2026-08-12,19:31:45,0.525048,0.405705,0.002330,29280.934863,0.056000
2026-08-12,19:31:46,0.357033,0.405705,0.002490,29280.934863,0.056000
2026-08-12,19:31:46,0.357033,0.405705,0.002490,29280.937353,0.056000
2026-08-12,19:31:47,0.433109,0.405705,0.002490,29280.939843,0.056000
2026-08-12,19:31:48,0.268115,0.405705,0.002490,29280.939843,0.056000
2026-08-12,19:31:48,0.247169,0.405705,0.002490,29280.942333,0.056000
2026-08-12,19:31:49,0.453411,0.421689,0.002490,29280.944823,0.056000
2026-08-12,19:31:50,0.453411,0.421689,0.002580,29280.944823,0.056000
2026-08-12,19:31:50,0.556854,0.446150,0.002580,29280.947403,0.056000
2026-08-12,19:31:51,0.536230,0.472892,0.002900,29280.950303,0.056000
2026-08-12,19:31:52,0.598103,0.503755,0.003090,29280.950303,0.056000
2026-08-12,19:31:52,0.598103,0.503755,0.003090,29280.953393,0.056000
2026-08-12,19:31:53,0.287773,0.503755,0.003090,29280.956483,0.056000
2026-08-12,19:31:54,0.515606,0.515738,0.003160,29280.956483,0.056000
2026-08-12,19:31:54,0.439559,0.516272,0.003160,29280.959643,0.056000
2026-08-12,19:31:55,0.313877,0.502170,0.003160,29280.962803,0.056000
2026-08-12,19:31:56,0.313877,0.502170,0.003080,29280.962803,0.056000
2026-08-12,19:31:56,0.649028,0.502170,0.003080,29280.965883,0.056000
2026-08-12,19:31:57,0.565567,0.502170,0.003080,29280.968963,0.056000
2026-08-12,19:31:58,0.537420,0.502170,0.003080,29280.968963,0.056000
2026-08-12,19:31:58,0.537420,0.502170,0.003080,29280.972043,0.056000
2026-08-12,19:31:59,0.544620,0.502170,0.003080,29280.975123,0.056000
2026-08-12,19:32:00,0.607134,0.502170,0.003080,29280.975123,0.056000
2026-08-12,19:32:00,0.439559,0.502170,0.003080,29280.978203,0.056000
2026-08-12,19:32:01,0.439559,0.505025,0.003080,29280.981283,0.056000
2026-08-12,19:32:02,0.586514,0.505025,0.003080,29280.981283,0.056000
2026-08-12,19:32:02,0.448395,0.497360,0.003050,29280.984333,0.056000
2026-08-12,19:32:03,0.417302,0.486585,0.002980,29280.987313,0.056000
2026-08-12,19:32:04,0.417302,0.486585,0.002980,29280.987313,0.056000
2026-08-12,19:32:04,0.626117,0.486585,0.002980,29280.990293,0.056000
2026-08-12,19:32:05,0.462756,0.486585,0.002980,29280.993273,0.056000
2026-08-12,19:32:06,0.612604,0.502504,0.002980,29280.993273,0.056000
2026-08-12,19:32:06,0.268115,0.502504,0.003080,29280.996353,0.056000
2026-08-12,19:32:07,0.268115,0.498347,0.003050,29280.999403,0.056000
2026-08-12,19:32:08,0.515284,0.498347,0.003050,29280.999403,0.056000
2026-08-12,19:32:08,0.206242,0.498347,0.003050,29281.002453,0.056000
2026-08-12,19:32:09,0.493048,0.494029,0.003030,29281.005483,0.056000
2026-08-12,19:32:10,0.226867,0.494029,0.003030,29281.005483,0.056000
2026-08-12,19:32:10,0.226867,0.494029,0.003030,29281.008513,0.056000
2026-08-12,19:32:11,0.474357,0.481655,0.002950,29281.011463,0.056000
2026-08-12,19:32:12,0.288417,0.481655,0.002950,29281.011463,0.056000
2026-08-12,19:32:12,0.309363,0.481655,0.002950,29281.014413,0.056000
2026-08-12,19:32:13,0.309363,0.490807,0.003010,29281.017423,0.056000
2026-08-12,19:32:14,0.607134,0.490807,0.003010,29281.017423,0.056000
2026-08-12,19:32:14,0.272310,0.490807,0.003010,29281.020433,0.056000
2026-08-12,19:32:15,0.544620,0.501314,0.003070,29281.023503,0.056000
2026-08-12,19:32:16,0.544620,0.521487,0.003070,29281.023503,0.056000
2026-08-12,19:32:16,0.515606,0.521487,0.003200,29281.026703,0.056000
2026-08-12,19:32:17,0.536230,0.516458,0.003170,29281.029873,0.056000
2026-08-12,19:32:18,0.515606,0.523179,0.003170,29281.029873,0.056000
2026-08-12,19:32:18,0.618727,0.543322,0.003330,29281.033043,0.056000
2026-08-12,19:32:19,0.618727,0.543322,0.003330,29281.036373,0.056000
2026-08-12,19:32:20,0.577156,0.539777,0.003310,29281.036373,0.056000
2026-08-12,19:32:20,0.556854,0.543934,0.003330,29281.039683,0.056000
2026-08-12,19:32:21,0.598103,0.554439,0.003330,29281.043013,0.056000
2026-08-12,19:32:22,0.598103,0.554439,0.003400,29281.043013,0.056000
2026-08-12,19:32:22,0.618405,0.568844,0.003490,29281.046413,0.056000
2026-08-12,19:32:23,0.435042,0.551635,0.003490,29281.049903,0.056000
2026-08-12,19:32:24,0.556854,0.552858,0.003380,29281.049903,0.056000
2026-08-12,19:32:24,0.556854,0.552858,0.003400,29281.053283,0.056000
2026-08-12,19:32:25,0.528818,0.554180,0.003400,29281.056683,0.056000
2026-08-12,19:32:26,0.433109,0.543867,0.003330,29281.056683,0.056000
2026-08-12,19:32:26,0.515606,0.543867,0.003330,29281.060013,0.056000
2026-08-12,19:32:27,0.515606,0.531461,0.003330,29281.063343,0.056000
2026-08-12,19:32:28,0.494659,0.531461,0.003260,29281.063343,0.056000
2026-08-12,19:32:28,0.630328,0.536778,0.003290,29281.066603,0.056000
2026-08-12,19:32:29,0.515606,0.532653,0.003290,29281.069893,0.056000
2026-08-12,19:32:30,0.515606,0.532621,0.003270,29281.069893,0.056000
2026-08-12,19:32:30,0.597780,0.532621,0.003260,29281.073163,0.056000
2026-08-12,19:32:31,0.273025,0.532621,0.003260,29281.076423,0.056000
2026-08-12,19:32:32,0.267110,0.532621,0.003260,29281.076423,0.056000
2026-08-12,19:32:32,0.354843,0.532621,0.003260,29281.079683,0.056000
2026-08-12,19:32:33,0.354843,0.532621,0.003260,29281.082943,0.056000
2026-08-12,19:32:34,0.246538,0.532621,0.003260,29281.082943,0.056000
2026-08-12,19:32:34,0.443043,0.515085,0.003260,29281.086203,0.056000
2026-08-12,19:32:35,0.235245,0.515085,0.003160,29281.089363,0.056000
2026-08-12,19:32:36,0.123745,0.515085,0.003160,29281.089363,0.056000
2026-08-12,19:32:36,0.123745,0.515085,0.003160,29281.092523,0.056000
2026-08-12,19:32:37,0.365643,0.508145,0.003110,29281.095633,0.056000
2026-08-12,19:32:38,0.556532,0.508145,0.003110,29281.095633,0.056000
2026-08-12,19:32:38,0.577479,0.508145,0.003110,29281.098743,0.056000
2026-08-12,19:32:39,0.577479,0.491613,0.003110,29281.101853,0.056000
2026-08-12,19:32:40,0.391538,0.491613,0.003010,29281.101853,0.056000
2026-08-12,19:32:40,0.578768,0.491613,0.003010,29281.104863,0.056000
2026-08-12,19:32:41,0.487524,0.491613,0.003010,29281.107873,0.056000
2026-08-12,19:32:42,0.125354,0.491613,0.003010,29281.107873,0.056000
2026-08-12,19:32:42,0.125354,0.491613,0.003010,29281.110883,0.056000
2026-08-12,19:32:43,0.626442,0.501376,0.003070,29281.113953,0.056000
2026-08-12,19:32:44,0.564092,0.514474,0.003150,29281.113953,0.056000
2026-08-12,19:32:44,0.224574,0.514474,0.003150,29281.117103,0.056000
2026-08-12,19:32:45,0.224574,0.514474,0.003150,29281.120253,0.056000
2026-08-12,19:32:46,0.326653,0.514474,0.003190,29281.120253,0.056000
2026-08-12,19:32:46,0.567052,0.519619,0.003190,29281.123443,0.056000
2026-08-12,19:32:47,0.288417,0.519619,0.003190,29281.126633,0.056000
2026-08-12,19:32:48,0.547830,0.524936,0.003220,29281.126633,0.056000
2026-08-12,19:32:48,0.547830,0.524936,0.003220,29281.129853,0.056000
2026-08-12,19:32:49,0.584013,0.520304,0.003190,29281.133043,0.056000
2026-08-12,19:32:50,0.539260,0.522670,0.003200,29281.133043,0.056000
2026-08-12,19:32:50,0.523674,0.515259,0.003200,29281.136243,0.056000
2026-08-12,19:32:51,0.523674,0.515259,0.003160,29281.139403,0.056000
2026-08-12,19:32:52,0.328825,0.515259,0.003160,29281.139403,0.056000
2026-08-12,19:32:52,0.599792,0.530934,0.003250,29281.142653,0.056000
2026-08-12,19:32:53,0.369968,0.530934,0.003250,29281.145903,0.056000
2026-08-12,19:32:54,0.369968,0.530934,0.003250,29281.145903,0.056000
2026-08-12,19:32:54,0.287681,0.530934,0.003250,29281.149153,0.056000
2026-08-12,19:32:55,0.539041,0.548274,0.003360,29281.152513,0.056000
2026-08-12,19:32:56,0.493719,0.558492,0.003360,29281.152513,0.056000
2026-08-12,19:32:56,0.522648,0.548112,0.003420,29281.155933,0.056000
2026-08-12,19:32:57,0.522648,0.548112,0.003360,29281.159293,0.056000
2026-08-12,19:32:58,0.351968,0.548112,0.003360,29281.159293,0.056000
2026-08-12,19:32:58,0.514291,0.543132,0.003330,29281.162623,0.056000
2026-08-12,19:32:59,0.452576,0.531684,0.003260,29281.165883,0.056000
2026-08-12,19:33:00,0.452576,0.531684,0.003260,29281.165883,0.056000
2026-08-12,19:33:00,0.265181,0.531684,0.003260,29281.169143,0.056000
2026-08-12,19:33:01,0.527469,0.529648,0.003250,29281.172393,0.056000
2026-08-12,19:33:02,0.234303,0.529648,0.003250,29281.172393,0.056000
2026-08-12,19:33:02,0.310158,0.529648,0.003250,29281.175643,0.056000
2026-08-12,19:33:03,0.310158,0.529648,0.003140,29281.178783,0.056000
2026-08-12,19:33:04,0.413543,0.512601,0.003140,29281.178783,0.056000
2026-08-12,19:33:04,0.289157,0.512601,0.003140,29281.181923,0.056000
2026-08-12,19:33:05,0.629730,0.521648,0.003200,29281.185123,0.056000
2026-08-12,19:33:06,0.629730,0.520579,0.003200,29281.185123,0.056000
2026-08-12,19:33:06,0.512984,0.520579,0.003190,29281.188313,0.056000
2026-08-12,19:33:07,0.594741,0.520074,0.003190,29281.191503,0.056000
2026-08-12,19:33:08,0.554023,0.521572,0.003190,29281.191503,0.056000
2026-08-12,19:33:08,0.554023,0.521572,0.003200,29281.194703,0.056000
2026-08-12,19:33:09,0.369348,0.521572,0.003220,29281.194703,0.056000
2026-08-12,19:33:10,0.533503,0.525551,0.003220,29281.197923,0.056000
2026-08-12,19:33:10,0.533503,0.526636,0.003230,29281.201153,0.056000
2026-08-12,19:33:11,0.543200,0.529527,0.003230,29281.201153,0.056000
2026-08-12,19:33:12,0.543200,0.529527,0.003250,29281.204403,0.056000
2026-08-12,19:33:12,0.572768,0.541546,0.003320,29281.207723,0.056000
2026-08-12,19:33:13,0.511685,0.539968,0.003320,29281.207723,0.056000
2026-08-12,19:33:14,0.594534,0.558067,0.003310,29281.211033,0.056000
2026-08-12,19:33:14,0.594534,0.558067,0.003420,29281.214453,0.056000
2026-08-12,19:33:15,0.587306,0.553825,0.003420,29281.214453,0.056000
2026-08-12,19:33:16,0.378702,0.553825,0.003400,29281.217853,0.056000
2026-08-12,19:33:16,0.589604,0.561487,0.003440,29281.221293,0.056000
2026-08-12,19:33:17,0.589604,0.561487,0.003440,29281.221293,0.056000
2026-08-12,19:33:18,0.516929,0.553706,0.003390,29281.224683,0.056000
2026-08-12,19:33:18,0.609056,0.559209,0.003430,29281.228113,0.056000
2026-08-12,19:33:19,0.558192,0.561678,0.003430,29281.228113,0.056000
2026-08-12,19:33:20,0.558192,0.552431,0.003440,29281.231553,0.056000
2026-08-12,19:33:20,0.441041,0.552431,0.003390,29281.234943,0.056000
2026-08-12,19:33:21,0.512663,0.549378,0.003390,29281.234943,0.056000
2026-08-12,19:33:22,0.633060,0.555407,0.003400,29281.238333,0.056000
2026-08-12,19:33:22,0.633060,0.560422,0.003440,29281.241733,0.056000
2026-08-12,19:33:23,0.561837,0.560422,0.003440,29281.241733,0.056000
2026-08-12,19:33:24,0.495929,0.550562,0.003380,29281.245173,0.056000
2026-08-12,19:33:24,0.578961,0.549727,0.003370,29281.248553,0.056000
2026-08-12,19:33:25,0.441651,0.534932,0.003370,29281.248553,0.056000
2026-08-12,19:33:26,0.441651,0.534932,0.003280,29281.251923,0.056000
2026-08-12,19:33:26,0.576053,0.534932,0.003280,29281.255203,0.056000
2026-08-12,19:33:27,0.516929,0.534932,0.003280,29281.255203,0.056000
2026-08-12,19:33:28,0.557960,0.534932,0.003280,29281.258483,0.056000
2026-08-12,19:33:28,0.557960,0.534932,0.003280,29281.261763,0.056000
2026-08-12,19:33:29,0.599315,0.534932,0.003280,29281.261763,0.056000
2026-08-12,19:33:30,0.452610,0.534932,0.003280,29281.265043,0.056000
2026-08-12,19:33:30,0.308574,0.534932,0.003280,29281.268323,0.056000
2026-08-12,19:33:31,0.308574,0.532611,0.003280,29281.268323,0.056000
2026-08-12,19:33:32,0.493719,0.532611,0.003260,29281.271603,0.056000
2026-08-12,19:33:32,0.621970,0.533902,0.003260,29281.274863,0.056000
2026-08-12,19:33:33,0.575684,0.535652,0.003270,29281.274863,0.056000
2026-08-12,19:33:34,0.575684,0.532659,0.003270,29281.278133,0.056000
2026-08-12,19:33:34,0.411111,0.532659,0.003270,29281.281403,0.056000
2026-08-12,19:33:35,0.543200,0.532659,0.003270,29281.281403,0.056000
2026-08-12,19:33:35,0.307182,0.532659,0.003270,29281.284673,0.056000
2026-08-12,19:33:36,0.307182,0.532659,0.003270,29281.287943,0.056000
2026-08-12,19:33:37,0.315326,0.532659,0.003270,29281.287943,0.056000
2026-08-12,19:33:37,0.583464,0.539739,0.003310,29281.291213,0.056000
2026-08-12,19:33:38,0.354246,0.539739,0.003310,29281.294523,0.056000
2026-08-12,19:33:39,0.583464,0.534779,0.003310,29281.294523,0.056000
2026-08-12,19:33:39,0.583464,0.534779,0.003250,29281.297833,0.056000
2026-08-12,19:33:40,0.520624,0.530658,0.003250,29281.301083,0.056000
2026-08-12,19:33:41,0.369028,0.517968,0.003170,29281.301083,0.056000
2026-08-12,19:33:41,0.245912,0.517968,0.003170,29281.304253,0.056000
2026-08-12,19:33:42,0.245912,0.517968,0.003170,29281.307423,0.056000
2026-08-12,19:33:43,0.228892,0.517968,0.003170,29281.307423,0.057000
2026-08-12,19:33:43,0.468065,0.506878,0.003190,29281.310593,0.057000
2026-08-12,19:33:44,0.455746,0.508288,0.003190,29281.313783,0.057000
2026-08-12,19:33:45,0.269172,0.508288,0.003200,29281.313783,0.057000
2026-08-12,19:33:45,0.269172,0.508288,0.003200,29281.316983,0.057000
2026-08-12,19:33:46,0.331687,0.508288,0.003200,29281.320183,0.057000
2026-08-12,19:33:47,0.310633,0.508288,0.003200,29281.320183,0.057000
2026-08-12,19:33:47,0.165520,0.508288,0.003200,29281.323383,0.057000
2026-08-12,19:33:48,0.165520,0.508288,0.003200,29281.326583,0.057000
2026-08-12,19:33:49,0.248441,0.508288,0.003200,29281.326583,0.056000
2026-08-12,19:33:49,0.497531,0.508669,0.003200,29281.329783,0.056000
2026-08-12,19:33:50,0.435339,0.490006,0.003000,29281.332783,0.056000
2026-08-12,19:33:51,0.559722,0.488409,0.002990,29281.332783,0.056000
2026-08-12,19:33:51,0.559722,0.488409,0.002990,29281.335773,0.056000
2026-08-12,19:33:52,0.266904,0.488409,0.002990,29281.338763,0.056000
2026-08-12,19:33:53,0.280833,0.488409,0.002990,29281.338763,0.056000
2026-08-12,19:33:53,0.538991,0.501197,0.002990,29281.341753,0.056000
2026-08-12,19:33:54,0.203839,0.501197,0.003070,29281.344823,0.056000
2026-08-12,19:33:55,0.203839,0.501197,0.003050,29281.344823,0.056000
2026-08-12,19:33:55,0.544620,0.497313,0.003050,29281.347873,0.056000
2026-08-12,19:33:56,0.164573,0.497313,0.003050,29281.350923,0.056000
2026-08-12,19:33:57,0.321432,0.497313,0.003050,29281.350923,0.056000
2026-08-12,19:33:57,0.321432,0.497313,0.003050,29281.353973,0.056000
2026-08-12,19:33:58,0.267753,0.497313,0.003050,29281.357023,0.056000
2026-08-12,19:33:59,0.482716,0.487238,0.002990,29281.357023,0.056000
2026-08-12,19:33:59,0.593235,0.494499,0.002990,29281.360013,0.056000
2026-08-12,19:34:00,0.101850,0.494499,0.003030,29281.363043,0.056000
2026-08-12,19:34:01,0.101850,0.494499,0.003030,29281.363043,0.056000
2026-08-12,19:34:01,0.509112,0.508508,0.003120,29281.366163,0.056000
2026-08-12,19:34:02,0.492647,0.510966,0.003130,29281.369293,0.056000
2026-08-12,19:34:03,0.306691,0.510966,0.003130,29281.369293,0.056000
2026-08-12,19:34:03,0.306691,0.514513,0.003130,29281.372423,0.056000
2026-08-12,19:34:04,0.491218,0.514513,0.003150,29281.375573,0.056000
2026-08-12,19:34:05,0.388561,0.503616,0.003150,29281.375573,0.056000
2026-08-12,19:34:05,0.542873,0.503616,0.003090,29281.378663,0.056000
2026-08-12,19:34:06,0.522307,0.503616,0.003090,29281.381753,0.056000
2026-08-12,19:34:07,0.522307,0.503616,0.003090,29281.381753,0.056000
2026-08-12,19:34:07,0.522307,0.503616,0.003090,29281.384843,0.056000
2026-08-12,19:34:08,0.512663,0.503616,0.003090,29281.387933,0.056000
2026-08-12,19:34:09,0.541462,0.503616,0.003090,29281.387933,0.056000
2026-08-12,19:34:09,0.541462,0.503616,0.003090,29281.391023,0.056000
2026-08-12,19:34:10,0.583138,0.503616,0.003090,29281.394113,0.056000
2026-08-12,19:34:11,0.375084,0.497591,0.003090,29281.394113,0.056000
2026-08-12,19:34:11,0.645652,0.497591,0.003050,29281.397203,0.056000
2026-08-12,19:34:12,0.645652,0.497591,0.003050,29281.400253,0.056000
2026-08-12,19:34:13,0.564924,0.497591,0.003050,29281.400253,0.056000
2026-08-12,19:34:13,0.307470,0.497591,0.003050,29281.403303,0.056000
2026-08-12,19:34:14,0.603976,0.502016,0.003080,29281.406353,0.056000
2026-08-12,19:34:15,0.603976,0.499138,0.003080,29281.406353,0.056000
2026-08-12,19:34:15,0.510205,0.499138,0.003060,29281.409433,0.056000
2026-08-12,19:34:16,0.534951,0.498171,0.003050,29281.412493,0.056000
2026-08-12,19:34:17,0.562300,0.506129,0.003050,29281.412493,0.056000
2026-08-12,19:34:17,0.562300,0.496784,0.003040,29281.415543,0.056000
2026-08-12,19:34:18,0.499786,0.496784,0.003040,29281.418583,0.056000
2026-08-12,19:34:19,0.541788,0.500052,0.003060,29281.418583,0.056000
2026-08-12,19:34:19,0.416434,0.492431,0.003020,29281.421643,0.056000
2026-08-12,19:34:20,0.666490,0.492431,0.003020,29281.424663,0.056000
2026-08-12,19:34:21,0.666490,0.492431,0.003020,29281.424663,0.056000
2026-08-12,19:34:21,0.395596,0.482868,0.002960,29281.427683,0.056000
2026-08-12,19:34:22,0.512663,0.495279,0.002960,29281.430643,0.056000
2026-08-12,19:34:23,0.266752,0.495279,0.003040,29281.430643,0.056000
2026-08-12,19:34:23,0.266752,0.495279,0.003040,29281.433683,0.056000
2026-08-12,19:34:24,0.229815,0.495279,0.003040,29281.436723,0.056000
2026-08-12,19:34:25,0.225142,0.495279,0.003040,29281.436723,0.056000
2026-08-12,19:34:25,0.286544,0.495279,0.003040,29281.439763,0.056000
2026-08-12,19:34:26,0.532153,0.510985,0.003040,29281.442803,0.056000
2026-08-12,19:34:27,0.532153,0.510985,0.003130,29281.442803,0.056000
2026-08-12,19:34:27,0.124380,0.510985,0.003130,29281.445933,0.056000
2026-08-12,19:34:28,0.581953,0.508783,0.003130,29281.449063,0.056000
2026-08-12,19:34:29,0.290977,0.508783,0.003120,29281.449063,0.056000
2026-08-12,19:34:29,0.290977,0.508783,0.003120,29281.452183,0.056000
2026-08-12,19:34:30,0.207841,0.508783,0.003120,29281.455303,0.056000
2026-08-12,19:34:31,0.321824,0.508783,0.003120,29281.455303,0.056000
2026-08-12,19:34:31,0.462120,0.503975,0.003090,29281.458423,0.056000
2026-08-12,19:34:32,0.332545,0.483734,0.003090,29281.461513,0.056000
2026-08-12,19:34:33,0.332545,0.456602,0.002960,29281.461513,0.056000
2026-08-12,19:34:33,0.290977,0.456602,0.002960,29281.464473,0.056000
2026-08-12,19:34:34,0.228625,0.429485,0.002630,29281.467103,0.056000
2026-08-12,19:34:35,0.274739,0.402781,0.002470,29281.467103,0.056000
2026-08-12,19:34:35,0.602413,0.402781,0.002470,29281.469573,0.056000
2026-08-12,19:34:36,0.602413,0.402781,0.002470,29281.472043,0.056000
2026-08-12,19:34:37,0.342287,0.395366,0.002420,29281.472043,0.056000
2026-08-12,19:34:37,0.332220,0.389028,0.002420,29281.474463,0.056000
2026-08-12,19:34:38,0.205892,0.389028,0.002380,29281.476843,0.056000
2026-08-12,19:34:39,0.205892,0.373062,0.002290,29281.476843,0.056000
2026-08-12,19:34:39,0.353004,0.373062,0.002290,29281.479133,0.056000
2026-08-12,19:34:40,0.586825,0.373062,0.002290,29281.481423,0.056000
2026-08-12,19:34:41,0.560845,0.373062,0.002290,29281.481423,0.056000
2026-08-12,19:34:41,0.560845,0.373062,0.002290,29281.483713,0.056000
2026-08-12,19:34:42,0.477708,0.373062,0.002290,29281.486003,0.056000
2026-08-12,19:34:43,0.560520,0.373062,0.002290,29281.486003,0.056000
2026-08-12,19:34:43,0.569728,0.373062,0.002290,29281.488293,0.056000
2026-08-12,19:34:44,0.580452,0.373062,0.002290,29281.490583,0.056000
2026-08-12,19:34:45,0.580452,0.373062,0.002200,29281.490583,0.056000
2026-08-12,19:34:45,0.393554,0.359203,0.002200,29281.492783,0.056000
2026-08-12,19:34:46,0.393554,0.340363,0.002080,29281.494863,0.056000
2026-08-12,19:34:47,0.393878,0.333538,0.002040,29281.494863,0.056000
2026-08-12,19:34:47,0.393878,0.333538,0.002040,29281.496903,0.056000
2026-08-12,19:34:48,0.538991,0.333538,0.002040,29281.498943,0.056000
2026-08-12,19:34:49,0.518261,0.333538,0.002040,29281.498943,0.056000
2026-08-12,19:34:49,0.589522,0.333538,0.002040,29281.500983,0.056000
2026-08-12,19:34:50,0.589522,0.333538,0.002040,29281.503023,0.056000
2026-08-12,19:34:51,0.600859,0.333538,0.002040,29281.503023,0.056000
2026-08-12,19:34:51,0.580452,0.333538,0.002040,29281.505063,0.056000
2026-08-12,19:34:52,0.455746,0.333538,0.002040,29281.507103,0.056000
2026-08-12,19:34:53,0.455746,0.333538,0.002040,29281.507103,0.056000
2026-08-12,19:34:53,0.610661,0.333538,0.002040,29281.509143,0.056000
2026-08-12,19:34:54,0.554023,0.333538,0.002040,29281.511183,0.056000
2026-08-12,19:34:55,0.574542,0.333538,0.002040,29281.511183,0.056000
2026-08-12,19:34:55,0.574542,0.333538,0.002040,29281.513223,0.056000
2026-08-12,19:34:56,0.520624,0.333538,0.002040,29281.515263,0.056000
2026-08-12,19:34:57,0.574832,0.333538,0.002040,29281.515263,0.056000
2026-08-12,19:34:57,0.527007,0.333538,0.002040,29281.517303,0.056000
2026-08-12,19:34:58,0.129024,0.333538,0.002040,29281.519343,0.056000
2026-08-12,19:34:59,0.129024,0.333538,0.002040,29281.519343,0.056000
2026-08-12,19:34:59,0.212823,0.333538,0.002040,29281.521383,0.056000
2026-08-12,19:35:00,0.333082,0.333592,0.002040,29281.523423,0.056000
2026-08-12,19:35:01,0.250056,0.329500,0.002040,29281.523423,0.056000
2026-08-12,19:35:01,0.166378,0.329500,0.002020,29281.525443,0.056000
2026-08-12,19:35:02,0.166378,0.329500,0.002070,29281.527513,0.056000
2026-08-12,19:35:03,0.312244,0.337862,0.002070,29281.527513,0.056000
2026-08-12,19:35:03,0.312244,0.341613,0.002090,29281.529603,0.056000
2026-08-12,19:35:04,0.533503,0.341613,0.002090,29281.529603,0.056000
2026-08-12,19:35:05,0.533503,0.341613,0.002090,29281.531693,0.056000
2026-08-12,19:35:05,0.574542,0.341613,0.002090,29281.533783,0.056000
2026-08-12,19:35:06,0.437598,0.341613,0.002090,29281.533783,0.056000
2026-08-12,19:35:07,0.270894,0.334473,0.002090,29281.535873,0.056000
2026-08-12,19:35:07,0.573088,0.334473,0.002050,29281.537923,0.056000
2026-08-12,19:35:08,0.573088,0.334473,0.002050,29281.537923,0.057000
2026-08-12,19:35:09,0.166812,0.334473,0.002100,29281.540023,0.057000
2026-08-12,19:35:09,0.313384,0.332590,0.002090,29281.542113,0.057000
2026-08-12,19:35:10,0.446897,0.332590,0.002090,29281.542113,0.057000
2026-08-12,19:35:11,0.446897,0.332590,0.002090,29281.544203,0.056000
2026-08-12,19:35:11,0.173742,0.332590,0.002040,29281.546243,0.056000
2026-08-12,19:35:12,0.561169,0.332590,0.002040,29281.546243,0.056000
2026-08-12,19:35:13,0.124380,0.332590,0.002040,29281.548283,0.056000
2026-08-12,19:35:13,0.332545,0.330544,0.002020,29281.550323,0.056000
2026-08-12,19:35:14,0.332545,0.330544,0.002020,29281.550323,0.056000
2026-08-12,19:35:15,0.623197,0.330544,0.002020,29281.552343,0.056000
2026-08-12,19:35:15,0.540385,0.330544,0.002020,29281.554363,0.056000
2026-08-12,19:35:16,0.550453,0.330544,0.002020,29281.554363,0.056000
2026-08-12,19:35:17,0.550453,0.330544,0.002020,29281.556383,0.056000
2026-08-12,19:35:17,0.560845,0.330544,0.002020,29281.558403,0.056000
2026-08-12,19:35:18,0.478033,0.330544,0.002020,29281.558403,0.056000
2026-08-12,19:35:19,0.498817,0.330544,0.002020,29281.560423,0.056000
2026-08-12,19:35:19,0.498817,0.330544,0.002020,29281.562443,0.056000
2026-08-12,19:35:20,0.498817,0.330544,0.002020,29281.562443,0.056000
2026-08-12,19:35:21,0.463744,0.330544,0.002020,29281.564463,0.056000
2026-08-12,19:35:21,0.290977,0.320286,0.001960,29281.566483,0.056000
2026-08-12,19:35:22,0.643981,0.320286,0.001960,29281.566483,0.056000
2026-08-12,19:35:23,0.643981,0.320286,0.001960,29281.568443,0.056000
2026-08-12,19:35:23,0.558896,0.320286,0.001960,29281.570403,0.056000
2026-08-12,19:35:24,0.446857,0.320286,0.001960,29281.570403,0.056000
2026-08-12,19:35:25,0.478033,0.320286,0.001960,29281.572363,0.056000
2026-08-12,19:35:25,0.478033,0.320286,0.001960,29281.574323,0.056000
2026-08-12,19:35:26,0.517003,0.320286,0.001960,29281.574323,0.056000
2026-08-12,19:35:27,0.519601,0.320286,0.001960,29281.576283,0.056000
2026-08-12,19:35:27,0.569288,0.320286,0.001960,29281.578243,0.056000
2026-08-12,19:35:28,0.569288,0.320286,0.001960,29281.578243,0.056000
2026-08-12,19:35:29,0.457249,0.320286,0.001960,29281.580203,0.056000
2026-08-12,19:35:29,0.623197,0.320286,0.001960,29281.582163,0.056000
2026-08-12,19:35:30,0.335143,0.314445,0.001960,29281.582163,0.056000
2026-08-12,19:35:31,0.335143,0.314445,0.001930,29281.584123,0.056000
2026-08-12,19:35:31,0.591164,0.314445,0.001930,29281.586053,0.056000
2026-08-12,19:35:32,0.391538,0.314211,0.001920,29281.586053,0.056000
2026-08-12,19:35:33,0.358921,0.316795,0.001940,29281.587973,0.056000
2026-08-12,19:35:33,0.436140,0.335403,0.001940,29281.589913,0.056000
2026-08-12,19:35:34,0.436140,0.335403,0.002050,29281.589913,0.056000
2026-08-12,19:35:35,0.547530,0.358932,0.002200,29281.591963,0.056000
2026-08-12,19:35:35,0.228300,0.358932,0.002200,29281.594163,0.056000
2026-08-12,19:35:36,0.478683,0.358932,0.002200,29281.594163,0.056000
2026-08-12,19:35:37,0.478683,0.358932,0.002200,29281.596363,0.056000
2026-08-12,19:35:37,0.186732,0.358932,0.002200,29281.598563,0.056000
2026-08-12,19:35:38,0.255254,0.353233,0.002160,29281.598563,0.056000
2026-08-12,19:35:39,0.517977,0.353233,0.002160,29281.600723,0.056000
2026-08-12,19:35:39,0.554999,0.353233,0.002160,29281.602883,0.056000
2026-08-12,19:35:40,0.554999,0.353233,0.002160,29281.602883,0.056000
2026-08-12,19:35:41,0.478033,0.353233,0.002160,29281.605043,0.056000
2026-08-12,19:35:41,0.581953,0.353233,0.002160,29281.607203,0.056000
2026-08-12,19:35:42,0.588124,0.353233,0.002160,29281.607203,0.056000
2026-08-12,19:35:43,0.588124,0.353233,0.002160,29281.609363,0.056000
2026-08-12,19:35:43,0.593644,0.353233,0.002160,29281.611523,0.056000
2026-08-12,19:35:44,0.530811,0.353233,0.002160,29281.611523,0.056000
2026-08-12,19:35:45,0.415356,0.353233,0.002160,29281.613683,0.056000
2026-08-12,19:35:45,0.415356,0.353233,0.002160,29281.615843,0.056000
2026-08-12,19:35:46,0.540385,0.353233,0.002160,29281.615843,0.056000
2026-08-12,19:35:47,0.550395,0.353233,0.002160,29281.618003,0.056000
2026-08-12,19:35:47,0.599315,0.353233,0.002160,29281.620163,0.056000
2026-08-12,19:35:48,0.456836,0.353233,0.002160,29281.620163,0.056000
2026-08-12,19:35:49,0.456836,0.353233,0.002160,29281.622323,0.056000
2026-08-12,19:35:49,0.309834,0.357127,0.002190,29281.624513,0.056000
2026-08-12,19:35:50,0.537606,0.357127,0.002190,29281.624513,0.056000
2026-08-12,19:35:51,0.619992,0.357127,0.002190,29281.626703,0.056000
2026-08-12,19:35:51,0.619992,0.357127,0.002190,29281.628893,0.056000
2026-08-12,19:35:52,0.516929,0.357127,0.002190,29281.628893,0.056000
2026-08-12,19:35:53,0.358921,0.361680,0.002220,29281.631113,0.056000
2026-08-12,19:35:53,0.633060,0.361680,0.002220,29281.633333,0.056000
2026-08-12,19:35:54,0.253356,0.353761,0.002220,29281.633333,0.056000
2026-08-12,19:35:55,0.253356,0.353761,0.002170,29281.635503,0.056000
2026-08-12,19:35:55,0.552468,0.353761,0.002170,29281.637673,0.056000
2026-08-12,19:35:56,0.124063,0.353761,0.002170,29281.637673,0.056000
2026-08-12,19:35:57,0.248126,0.349476,0.002170,29281.639843,0.056000
2026-08-12,19:35:57,0.248126,0.349476,0.002140,29281.641983,0.056000
2026-08-12,19:35:58,0.620315,0.349476,0.002140,29281.641983,0.056000
2026-08-12,19:35:59,0.568299,0.349476,0.002140,29281.644123,0.056000
2026-08-12,19:35:59,0.364758,0.352438,0.002160,29281.646283,0.056000
2026-08-12,19:36:00,0.364758,0.356674,0.002160,29281.646283,0.056000
2026-08-12,19:36:01,0.433897,0.356674,0.002180,29281.648463,0.056000
2026-08-12,19:36:01,0.534376,0.374219,0.002290,29281.650753,0.056000
2026-08-12,19:36:02,0.620315,0.392637,0.002290,29281.650753,0.056000
2026-08-12,19:36:03,0.337808,0.392637,0.002410,29281.653163,0.056000
2026-08-12,19:36:03,0.337808,0.392637,0.002410,29281.655573,0.056000
2026-08-12,19:36:04,0.590174,0.392637,0.002410,29281.655573,0.056000
2026-08-12,19:36:05,0.511365,0.392637,0.002410,29281.657983,0.056000
2026-08-12,19:36:05,0.511685,0.392637,0.002410,29281.660393,0.056000
2026-08-12,19:36:06,0.511685,0.392637,0.002410,29281.660393,0.056000
2026-08-12,19:36:07,0.513924,0.392637,0.002410,29281.662803,0.056000
2026-08-12,19:36:07,0.521981,0.392637,0.002410,29281.665213,0.056000
2026-08-12,19:36:08,0.396954,0.392637,0.002410,29281.665213,0.056000
2026-08-12,19:36:09,0.253972,0.392637,0.002410,29281.667623,0.056000
2026-08-12,19:36:09,0.253972,0.392637,0.002410,29281.670033,0.056000
2026-08-12,19:36:10,0.120457,0.392637,0.002410,29281.670033,0.056000
2026-08-12,19:36:11,0.102858,0.392637,0.002410,29281.672443,0.056000
2026-08-12,19:36:11,0.411111,0.378995,0.002410,29281.674853,0.056000
2026-08-12,19:36:12,0.411111,0.378995,0.002320,29281.674853,0.056000
2026-08-12,19:36:13,0.572631,0.378995,0.002320,29281.677173,0.056000
2026-08-12,19:36:13,0.252023,0.378995,0.002320,29281.679493,0.056000
2026-08-12,19:36:14,0.454898,0.398959,0.002440,29281.679493,0.056000
2026-08-12,19:36:15,0.496252,0.417601,0.002560,29281.681933,0.056000
2026-08-12,19:36:15,0.496252,0.417601,0.002560,29281.684493,0.056000
2026-08-12,19:36:16,0.599315,0.441640,0.002710,29281.684493,0.056000
2026-08-12,19:36:17,0.392543,0.441640,0.002710,29281.687203,0.056000
2026-08-12,19:36:17,0.551822,0.471487,0.002710,29281.689913,0.056000
2026-08-12,19:36:18,0.551822,0.471487,0.002890,29281.689913,0.056000
2026-08-12,19:36:19,0.371866,0.471487,0.003080,29281.692803,0.056000
2026-08-12,19:36:19,0.558284,0.502503,0.003080,29281.695883,0.056000
2026-08-12,19:36:20,0.413543,0.507381,0.003110,29281.695883,0.056000
2026-08-12,19:36:21,0.570206,0.507381,0.003110,29281.698993,0.056000
2026-08-12,19:36:21,0.570206,0.507381,0.003110,29281.702103,0.056000
2026-08-12,19:36:22,0.270568,0.507381,0.003110,29281.702103,0.056000
2026-08-12,19:36:23,0.145866,0.507381,0.003110,29281.705213,0.056000
2026-08-12,19:36:23,0.328310,0.507381,0.003110,29281.708323,0.056000
2026-08-12,19:36:24,0.505375,0.514529,0.003150,29281.708323,0.056000
2026-08-12,19:36:25,0.505375,0.514529,0.003150,29281.711473,0.056000
2026-08-12,19:36:25,0.348509,0.514529,0.003150,29281.714623,0.056000
2026-08-12,19:36:26,0.244950,0.514529,0.003150,29281.714623,0.056000
2026-08-12,19:36:27,0.125354,0.514529,0.003150,29281.717773,0.056000
2026-08-12,19:36:27,0.125354,0.510338,0.003150,29281.720923,0.056000
2026-08-12,19:36:28,0.492465,0.510338,0.003130,29281.720923,0.056000
2026-08-12,19:36:29,0.163834,0.510338,0.003130,29281.724053,0.056000
2026-08-12,19:36:29,0.533503,0.501657,0.003070,29281.727123,0.056000
2026-08-12,19:36:30,0.615260,0.522072,0.003200,29281.727123,0.056000
2026-08-12,19:36:31,0.615260,0.525796,0.003200,29281.730323,0.056000
2026-08-12,19:36:31,0.492144,0.525796,0.003220,29281.733543,0.056000
2026-08-12,19:36:32,0.452388,0.521410,0.003200,29281.733543,0.056000
2026-08-12,19:36:33,0.307470,0.521410,0.003200,29281.736743,0.056000
2026-08-12,19:36:33,0.162242,0.521410,0.003200,29281.739943,0.056000
2026-08-12,19:36:34,0.162242,0.521410,0.003100,29281.739943,0.056000
2026-08-12,19:36:35,0.449963,0.506475,0.003100,29281.743043,0.056000
2026-08-12,19:36:35,0.552620,0.506554,0.003100,29281.746143,0.056000
2026-08-12,19:36:36,0.327159,0.506554,0.003100,29281.746143,0.056000
2026-08-12,19:36:37,0.327159,0.505349,0.003100,29281.749243,0.056000
2026-08-12,19:36:37,0.546224,0.505349,0.003100,29281.752343,0.056000
2026-08-12,19:36:38,0.290652,0.505349,0.003100,29281.752343,0.056000
2026-08-12,19:36:39,0.311761,0.505349,0.003100,29281.755443,0.056000
2026-08-12,19:36:39,0.124380,0.505349,0.003100,29281.758543,0.056000
2026-08-12,19:36:40,0.124380,0.505349,0.003100,29281.758543,0.056000
2026-08-12,19:36:41,0.290977,0.505349,0.003100,29281.761643,0.056000
2026-08-12,19:36:41,0.576108,0.521605,0.003200,29281.764843,0.056000
2026-08-12,19:36:42,0.270193,0.521605,0.003200,29281.764843,0.056000
2026-08-12,19:36:43,0.270193,0.508446,0.003200,29281.768043,0.056000
2026-08-12,19:36:43,0.373788,0.508446,0.003120,29281.771163,0.056000
2026-08-12,19:36:44,0.456924,0.504892,0.003120,29281.771163,0.056000
2026-08-12,19:36:45,0.416980,0.493240,0.003020,29281.774183,0.056000
2026-08-12,19:36:45,0.623197,0.493240,0.003020,29281.777203,0.056000
2026-08-12,19:36:46,0.623197,0.493240,0.003020,29281.777203,0.056000
2026-08-12,19:36:47,0.583902,0.493240,0.003020,29281.780223,0.056000
2026-08-12,19:36:47,0.207516,0.493240,0.003020,29281.783243,0.056000
2026-08-12,19:36:48,0.581953,0.489909,0.003020,29281.783243,0.056000
2026-08-12,19:36:49,0.498492,0.490544,0.003000,29281.786243,0.056000
2026-08-12,19:36:49,0.498492,0.490544,0.003010,29281.789253,0.056000
2026-08-12,19:36:50,0.103920,0.490544,0.003010,29281.789253,0.056000
2026-08-12,19:36:51,0.327159,0.490544,0.003010,29281.792263,0.056000
2026-08-12,19:36:51,0.306691,0.490544,0.003010,29281.795273,0.056000
2026-08-12,19:36:52,0.306691,0.508601,0.003010,29281.795273,0.056000
2026-08-12,19:36:53,0.632954,0.508601,0.003120,29281.798393,0.056000
2026-08-12,19:36:53,0.573045,0.520909,0.003190,29281.801583,0.056000
2026-08-12,19:36:54,0.624815,0.528129,0.003190,29281.801583,0.056000
2026-08-12,19:36:55,0.470431,0.520549,0.003190,29281.804773,0.056000
2026-08-12,19:36:55,0.470431,0.520215,0.003190,29281.807963,0.056000
2026-08-12,19:36:56,0.572768,0.520215,0.003190,29281.807963,0.056000
2026-08-12,19:36:57,0.620099,0.544846,0.003340,29281.811153,0.056000
2026-08-12,19:36:57,0.333408,0.544846,0.003340,29281.814493,0.056000
2026-08-12,19:36:58,0.333408,0.557468,0.003340,29281.814493,0.056000
2026-08-12,19:36:59,0.583138,0.557468,0.003420,29281.817833,0.056000
2026-08-12,19:36:59,0.583464,0.574116,0.003420,29281.821253,0.056000
2026-08-12,19:37:00,0.520624,0.567983,0.003520,29281.821253,0.056000
2026-08-12,19:37:01,0.520624,0.557726,0.003420,29281.824773,0.056000
2026-08-12,19:37:01,0.395922,0.557726,0.003420,29281.828193,0.056000
2026-08-12,19:37:02,0.541788,0.557726,0.003420,29281.828193,0.056000
2026-08-12,19:37:03,0.520624,0.557726,0.003420,29281.831613,0.056000
2026-08-12,19:37:03,0.520950,0.557726,0.003420,29281.835033,0.056000
2026-08-12,19:37:04,0.520950,0.557726,0.003420,29281.835033,0.056000
2026-08-12,19:37:05,0.582813,0.557726,0.003420,29281.838453,0.056000
2026-08-12,19:37:05,0.562626,0.557726,0.003420,29281.841873,0.056000
2026-08-12,19:37:06,0.291406,0.557726,0.003420,29281.841873,0.056000
2026-08-12,19:37:06,0.291406,0.557726,0.003420,29281.845293,0.056000
2026-08-12,19:37:07,0.208054,0.557726,0.003420,29281.848713,0.056000
2026-08-12,19:37:08,0.208380,0.557726,0.003420,29281.848713,0.056000
2026-08-12,19:37:08,0.125028,0.557726,0.003420,29281.852133,0.056000
2026-08-12,19:37:09,0.562626,0.550693,0.003420,29281.855553,0.056000
2026-08-12,19:37:10,0.562626,0.550693,0.003380,29281.855553,0.056000
2026-08-12,19:37:10,0.588022,0.552191,0.003390,29281.858933,0.056000
2026-08-12,19:37:11,0.312244,0.552191,0.003390,29281.862323,0.056000
2026-08-12,19:37:12,0.479274,0.537637,0.003300,29281.862323,0.056000
2026-08-12,19:37:12,0.479274,0.536405,0.003290,29281.865623,0.056000
2026-08-12,19:37:13,0.458110,0.536405,0.003290,29281.868913,0.056000
2026-08-12,19:37:14,0.224255,0.536405,0.003290,29281.868913,0.056000
2026-08-12,19:37:14,0.126012,0.536405,0.003290,29281.872203,0.056000
2026-08-12,19:37:15,0.209691,0.536405,0.003290,29281.875493,0.056000
2026-08-12,19:37:16,0.209691,0.536405,0.003290,29281.875493,0.056000
2026-08-12,19:37:16,0.269744,0.536405,0.003290,29281.878783,0.056000
2026-08-12,19:37:17,0.440713,0.523199,0.003210,29281.881993,0.056000
2026-08-12,19:37:18,0.102337,0.523199,0.003210,29281.881993,0.056000
2026-08-12,19:37:18,0.102337,0.504139,0.003210,29281.885203,0.056000
2026-08-12,19:37:19,0.429496,0.504139,0.003090,29281.888293,0.056000
2026-08-12,19:37:20,0.307011,0.476526,0.002920,29281.888293,0.056000
2026-08-12,19:37:20,0.167576,0.476526,0.002920,29281.891213,0.056000
2026-08-12,19:37:21,0.292930,0.476526,0.002920,29281.891213,0.056000
2026-08-12,19:37:22,0.292930,0.476526,0.002920,29281.894133,0.056000
2026-08-12,19:37:22,0.251036,0.476526,0.002920,29281.897053,0.056000
2026-08-12,19:37:23,0.125354,0.476526,0.002920,29281.897053,0.056000
2026-08-12,19:37:24,0.271983,0.476526,0.002920,29281.899973,0.056000
2026-08-12,19:37:24,0.403229,0.458503,0.002920,29281.902893,0.056000
2026-08-12,19:37:25,0.403229,0.458503,0.002810,29281.902893,0.056000
2026-08-12,19:37:26,0.209469,0.458503,0.002810,29281.905703,0.056000
2026-08-12,19:37:26,0.575684,0.464009,0.002810,29281.908513,0.056000
2026-08-12,19:37:27,0.204431,0.464009,0.002840,29281.908513,0.056000
2026-08-12,19:37:28,0.204431,0.459356,0.002820,29281.911353,0.056000
2026-08-12,19:37:28,0.349396,0.459356,0.002820,29281.914173,0.056000
2026-08-12,19:37:29,0.123108,0.459356,0.002820,29281.914173,0.056000
2026-08-12,19:37:30,0.369968,0.440090,0.002700,29281.916993,0.056000
2026-08-12,19:37:30,0.555113,0.440090,0.002700,29281.919693,0.056000
2026-08-12,19:37:31,0.555113,0.440090,0.002700,29281.919693,0.056000
2026-08-12,19:37:32,0.246538,0.440090,0.002700,29281.922393,0.056000
2026-08-12,19:37:32,0.185145,0.440090,0.002700,29281.925093,0.056000
2026-08-12,19:37:33,0.246860,0.440090,0.002700,29281.925093,0.056000
2026-08-12,19:37:34,0.246860,0.422431,0.002700,29281.927793,0.056000
2026-08-12,19:37:34,0.411433,0.422431,0.002590,29281.930383,0.056000
2026-08-12,19:37:35,0.252687,0.422431,0.002590,29281.930383,0.056000
2026-08-12,19:37:36,0.568218,0.422431,0.002590,29281.932973,0.056000
2026-08-12,19:37:36,0.126015,0.422431,0.002590,29281.935563,0.056000
2026-08-12,19:37:37,0.126015,0.429255,0.002630,29281.935563,0.056000
2026-08-12,19:37:38,0.547509,0.429255,0.002630,29281.938193,0.056000
2026-08-12,19:37:38,0.541456,0.437589,0.002680,29281.940873,0.056000
2026-08-12,19:37:39,0.122796,0.437589,0.002680,29281.940873,0.056000
2026-08-12,19:37:40,0.205194,0.437589,0.002680,29281.943553,0.056000
2026-08-12,19:37:40,0.205194,0.437589,0.002680,29281.946233,0.056000
2026-08-12,19:37:41,0.533503,0.446868,0.002740,29281.946233,0.056000
2026-08-12,19:37:42,0.124702,0.446868,0.002740,29281.948973,0.056000
2026-08-12,19:37:42,0.208380,0.446868,0.002740,29281.951713,0.056000
2026-08-12,19:37:43,0.208380,0.446868,0.002740,29281.951713,0.056000
2026-08-12,19:37:44,0.229218,0.446868,0.002740,29281.954453,0.056000
2026-08-12,19:37:44,0.187216,0.446868,0.002740,29281.957193,0.056000
2026-08-12,19:37:45,0.104190,0.446868,0.002740,29281.957193,0.056000
2026-08-12,19:37:46,0.291406,0.446868,0.002740,29281.959933,0.056000
2026-08-12,19:37:46,0.291406,0.460182,0.002740,29281.962673,0.056000
2026-08-12,19:37:47,0.562626,0.460182,0.002740,29281.962673,0.056000
2026-08-12,19:37:48,0.520950,0.481575,0.002950,29281.965623,0.056000
2026-08-12,19:37:48,0.249730,0.481575,0.002950,29281.968573,0.056000
2026-08-12,19:37:49,0.208380,0.481575,0.002950,29281.968573,0.056000
2026-08-12,19:37:50,0.208380,0.481575,0.002950,29281.971523,0.056000
2026-08-12,19:37:50,0.479274,0.489180,0.003000,29281.974523,0.056000
2026-08-12,19:37:51,0.471945,0.478806,0.003000,29281.974523,0.056000
2026-08-12,19:37:52,0.237896,0.478806,0.002930,29281.977453,0.056000
2026-08-12,19:37:52,0.237896,0.480801,0.002950,29281.980403,0.056000
2026-08-12,19:37:53,0.369348,0.480801,0.002950,29281.980403,0.056000
2026-08-12,19:37:54,0.225713,0.480801,0.002950,29281.983353,0.056000
2026-08-12,19:37:54,0.369348,0.480739,0.002950,29281.986303,0.056000
2026-08-12,19:37:55,0.184674,0.480739,0.002950,29281.986303,0.056000
2026-08-12,19:37:56,0.184674,0.480739,0.002950,29281.989253,0.056000
2026-08-12,19:37:56,0.245912,0.480739,0.002950,29281.992203,0.056000
2026-08-12,19:37:57,0.515549,0.491151,0.002950,29281.992203,0.056000
2026-08-12,19:37:58,0.533503,0.489750,0.003000,29281.995153,0.056000
2026-08-12,19:37:58,0.533503,0.489750,0.003000,29281.998153,0.056000
2026-08-12,19:37:59,0.369028,0.489750,0.003000,29281.998153,0.056000
2026-08-12,19:38:00,0.523674,0.487972,0.002990,29282.001153,0.056000
2026-08-12,19:38:00,0.627426,0.497364,0.002990,29282.004143,0.056000
2026-08-12,19:38:01,0.627426,0.497364,0.003050,29282.004143,0.056000
2026-08-12,19:38:02,0.313877,0.497364,0.003050,29282.007193,0.056000
2026-08-12,19:38:02,0.599116,0.501013,0.003050,29282.010243,0.056000
2026-08-12,19:38:03,0.497531,0.498671,0.003070,29282.010243,0.056000
2026-08-12,19:38:04,0.497531,0.502538,0.003080,29282.013313,0.056000
2026-08-12,19:38:04,0.517937,0.502538,0.003080,29282.016393,0.056000
2026-08-12,19:38:05,0.547160,0.510059,0.003130,29282.016393,0.056000
2026-08-12,19:38:06,0.221431,0.510059,0.003130,29282.019523,0.056000
2026-08-12,19:38:06,0.252687,0.510059,0.003130,29282.022653,0.056000
2026-08-12,19:38:07,0.252687,0.523234,0.003130,29282.022653,0.056000
2026-08-12,19:38:08,0.501098,0.523234,0.003210,29282.025783,0.056000
2026-08-12,19:38:08,0.082709,0.523234,0.003210,29282.028993,0.056000
2026-08-12,19:38:09,0.546050,0.540904,0.003320,29282.028993,0.056000
2026-08-12,19:38:10,0.145336,0.540904,0.003320,29282.032313,0.056000
2026-08-12,19:38:10,0.145336,0.540904,0.003320,29282.035633,0.056000
2026-08-12,19:38:11,0.536875,0.543037,0.003330,29282.035633,0.056000
2026-08-12,19:38:12,0.556854,0.545372,0.003340,29282.038963,0.056000
2026-08-12,19:38:12,0.474035,0.540408,0.003340,29282.042303,0.056000
2026-08-12,19:38:13,0.474035,0.540408,0.003310,29282.042303,0.056000
2026-08-12,19:38:14,0.310653,0.540408,0.003310,29282.045613,0.056000
2026-08-12,19:38:14,0.544293,0.532095,0.003260,29282.048873,0.056000
2026-08-12,19:38:15,0.594369,0.531620,0.003260,29282.048873,0.056000
2026-08-12,19:38:16,0.594369,0.541599,0.003260,29282.052133,0.056000
2026-08-12,19:38:16,0.597315,0.541599,0.003320,29282.055453,0.056000
2026-08-12,19:38:17,0.565240,0.546329,0.003350,29282.055453,0.056000
2026-08-12,19:38:18,0.515606,0.543174,0.003350,29282.058803,0.056000
2026-08-12,19:38:18,0.329665,0.543174,0.003330,29282.062133,0.056000
2026-08-12,19:38:19,0.329665,0.543174,0.003330,29282.062133,0.056000
2026-08-12,19:38:20,0.292284,0.543174,0.003330,29282.065463,0.056000
2026-08-12,19:38:20,0.432787,0.536342,0.003290,29282.068753,0.056000
2026-08-12,19:38:21,0.577479,0.536342,0.003290,29282.068753,0.056000
2026-08-12,19:38:22,0.577479,0.536342,0.003290,29282.072043,0.056000
2026-08-12,19:38:22,0.510128,0.536342,0.003290,29282.075333,0.056000
2026-08-12,19:38:23,0.639029,0.536342,0.003290,29282.075333,0.056000
2026-08-12,19:38:24,0.515284,0.536342,0.003290,29282.078623,0.056000
2026-08-12,19:38:24,0.515284,0.536342,0.003290,29282.081913,0.056000
2026-08-12,19:38:25,0.577479,0.536342,0.003290,29282.081913,0.056000
2026-08-12,19:38:26,0.556854,0.536342,0.003290,29282.085203,0.056000
2026-08-12,19:38:26,0.618405,0.536342,0.003290,29282.088493,0.057000
2026-08-12,19:38:27,0.618405,0.536342,0.003380,29282.088493,0.057000
2026-08-12,19:38:28,0.329988,0.536342,0.003380,29282.091873,0.057000
2026-08-12,19:38:28,0.598103,0.541548,0.003410,29282.095283,0.057000
2026-08-12,19:38:29,0.474357,0.535296,0.003370,29282.095283,0.057000
2026-08-12,19:38:30,0.515606,0.531171,0.003370,29282.098653,0.057000
2026-08-12,19:38:30,0.515606,0.531171,0.003350,29282.102003,0.057000
2026-08-12,19:38:31,0.562977,0.540065,0.003400,29282.102003,0.057000
2026-08-12,19:38:32,0.610348,0.546671,0.003400,29282.105403,0.057000
2026-08-12,19:38:32,0.570389,0.544273,0.003430,29282.108833,0.057000
2026-08-12,19:38:33,0.570389,0.544273,0.003430,29282.108833,0.057000
2026-08-12,19:38:34,0.577479,0.542289,0.003420,29282.112253,0.057000
2026-08-12,19:38:34,0.577156,0.543481,0.003420,29282.115673,0.057000
2026-08-12,19:38:35,0.494659,0.541386,0.003420,29282.115673,0.057000
2026-08-12,19:38:36,0.494659,0.541386,0.003410,29282.119083,0.056000
2026-08-12,19:38:36,0.569100,0.555017,0.003400,29282.122483,0.056000
2026-08-12,19:38:37,0.552476,0.550455,0.003400,29282.122483,0.056000
2026-08-12,19:38:38,0.406208,0.543640,0.003370,29282.125853,0.056000
2026-08-12,19:38:38,0.406208,0.543640,0.003330,29282.129183,0.056000
2026-08-12,19:38:39,0.557684,0.543640,0.003330,29282.129183,0.056000
2026-08-12,19:38:40,0.390540,0.543640,0.003330,29282.132513,0.056000
2026-08-12,19:38:40,0.187716,0.543640,0.003330,29282.135843,0.056000
2026-08-12,19:38:41,0.187716,0.543640,0.003330,29282.135843,0.056000
2026-08-12,19:38:42,0.252687,0.543640,0.003330,29282.139173,0.056000
2026-08-12,19:38:42,0.306691,0.543640,0.003330,29282.142503,0.056000
2026-08-12,19:38:43,0.552620,0.547341,0.003330,29282.142503,0.056000
2026-08-12,19:38:44,0.373788,0.547341,0.003360,29282.145863,0.056000
2026-08-12,19:38:44,0.373788,0.547341,0.003360,29282.149223,0.056000
2026-08-12,19:38:45,0.207516,0.547341,0.003360,29282.149223,0.056000
2026-08-12,19:38:46,0.368094,0.547341,0.003360,29282.152583,0.056000
2026-08-12,19:38:46,0.524328,0.543476,0.003360,29282.155913,0.056000
2026-08-12,19:38:47,0.247169,0.543476,0.003330,29282.155913,0.056000
2026-08-12,19:38:48,0.247169,0.543476,0.003330,29282.159243,0.056000
2026-08-12,19:38:48,0.132124,0.543476,0.003330,29282.162573,0.056000
2026-08-12,19:38:49,0.606804,0.543122,0.003330,29282.162573,0.056000
2026-08-12,19:38:50,0.515606,0.537644,0.003300,29282.165903,0.056000
2026-08-12,19:38:50,0.515606,0.537644,0.003300,29282.169203,0.056000
2026-08-12,19:38:51,0.359543,0.537644,0.003300,29282.169203,0.056000
2026-08-12,19:38:52,0.214006,0.537644,0.003300,29282.172503,0.056000
2026-08-12,19:38:52,0.102858,0.537644,0.003300,29282.175803,0.056000
2026-08-12,19:38:53,0.246538,0.537644,0.003300,29282.175803,0.056000
2026-08-12,19:38:54,0.246538,0.535600,0.003280,29282.179103,0.056000
2026-08-12,19:38:54,0.557041,0.535600,0.003280,29282.182383,0.056000
2026-08-12,19:38:55,0.083569,0.535600,0.003280,29282.182383,0.056000
2026-08-12,19:38:56,0.292166,0.535600,0.003280,29282.185663,0.056000
2026-08-12,19:38:56,0.287681,0.535600,0.003280,29282.188943,0.056000
2026-08-12,19:38:57,0.287681,0.535600,0.003280,29282.188943,0.056000
2026-08-12,19:38:58,0.209469,0.535600,0.003280,29282.192223,0.056000
2026-08-12,19:38:58,0.481452,0.526029,0.003280,29282.195503,0.056000
2026-08-12,19:38:59,0.146301,0.526029,0.003220,29282.195503,0.056000
2026-08-12,19:39:00,0.146301,0.526029,0.003310,29282.198723,0.057000
2026-08-12,19:39:00,0.215361,0.526029,0.003310,29282.202033,0.057000
2026-08-12,19:39:01,0.082287,0.526029,0.003310,29282.202033,0.057000
2026-08-12,19:39:02,0.267110,0.526029,0.003310,29282.205343,0.057000
2026-08-12,19:39:02,0.246538,0.526029,0.003310,29282.208653,0.057000
2026-08-12,19:39:03,0.246538,0.519764,0.003310,29282.208653,0.057000
2026-08-12,19:39:04,0.432004,0.519764,0.003310,29282.211963,0.057000
2026-08-12,19:39:04,0.287681,0.519764,0.003270,29282.215233,0.057000
2026-08-12,19:39:05,0.102858,0.519764,0.003270,29282.215233,0.057000
2026-08-12,19:39:06,0.276706,0.519764,0.003270,29282.218503,0.057000
2026-08-12,19:39:06,0.276706,0.519764,0.003270,29282.221773,0.057000
2026-08-12,19:39:07,0.410067,0.503861,0.003170,29282.221773,0.057000
2026-08-12,19:39:08,0.471945,0.495808,0.003170,29282.224943,0.057000
2026-08-12,19:39:08,0.588328,0.514020,0.003120,29282.228063,0.057000
2026-08-12,19:39:09,0.588328,0.514128,0.003240,29282.228063,0.057000
2026-08-12,19:39:10,0.553702,0.514128,0.003240,29282.231303,0.056000
2026-08-12,19:39:10,0.554023,0.517097,0.003170,29282.234473,0.056000
2026-08-12,19:39:11,0.184354,0.517097,0.003170,29282.234473,0.056000
2026-08-12,19:39:12,0.533183,0.509735,0.003170,29282.237643,0.056000
2026-08-12,19:39:12,0.533183,0.509735,0.003120,29282.240763,0.056000
2026-08-12,19:39:13,0.123116,0.509735,0.003120,29282.240763,0.056000
2026-08-12,19:39:14,0.250056,0.509735,0.003120,29282.243883,0.056000
2026-08-12,19:39:14,0.583138,0.516488,0.003170,29282.247053,0.056000
2026-08-12,19:39:15,0.583138,0.512879,0.003140,29282.247053,0.056000
2026-08-12,19:39:16,0.520950,0.512879,0.003140,29282.250193,0.056000
2026-08-12,19:39:16,0.395596,0.504294,0.003090,29282.253283,0.056000
2026-08-12,19:39:17,0.462968,0.507390,0.003110,29282.253283,0.056000
2026-08-12,19:39:18,0.462968,0.515630,0.003110,29282.256393,0.056000
2026-08-12,19:39:18,0.492465,0.515630,0.003160,29282.259553,0.056000
2026-08-12,19:39:19,0.594741,0.527909,0.003240,29282.259553,0.056000
2026-08-12,19:39:20,0.410387,0.527909,0.003240,29282.262793,0.056000
2026-08-12,19:39:20,0.595061,0.528583,0.003240,29282.266033,0.056000
2026-08-12,19:39:21,0.595061,0.528583,0.003240,29282.266033,0.056000
2026-08-12,19:39:22,0.553702,0.528583,0.003240,29282.269273,0.056000
2026-08-12,19:39:22,0.533503,0.526531,0.003230,29282.272503,0.056000
2026-08-12,19:39:23,0.225392,0.526531,0.003230,29282.272503,0.056000
2026-08-12,19:39:24,0.225392,0.526531,0.003230,29282.275733,0.056000
2026-08-12,19:39:24,0.294027,0.526531,0.003230,29282.278963,0.056000
2026-08-12,19:39:25,0.369028,0.526531,0.003230,29282.278963,0.056000
2026-08-12,19:39:26,0.327989,0.526531,0.003230,29282.282193,0.056000
2026-08-12,19:39:26,0.317536,0.526531,0.003230,29282.285423,0.056000
2026-08-12,19:39:27,0.317536,0.526531,0.003230,29282.285423,0.056000
2026-08-12,19:39:28,0.532203,0.526433,0.003230,29282.288653,0.056000
2026-08-12,19:39:28,0.247491,0.526433,0.003230,29282.291883,0.056000
2026-08-12,19:39:29,0.577479,0.525867,0.003230,29282.291883,0.056000
2026-08-12,19:39:30,0.577479,0.525867,0.003220,29282.295103,0.056000
2026-08-12,19:39:30,0.205920,0.525867,0.003220,29282.298363,0.057000
2026-08-12,19:39:31,0.577479,0.531520,0.003260,29282.298363,0.057000
2026-08-12,19:39:32,0.288417,0.531520,0.003350,29282.301713,0.057000
2026-08-12,19:39:32,0.334824,0.531520,0.003350,29282.305063,0.057000
2026-08-12,19:39:33,0.334824,0.531520,0.003350,29282.305063,0.056000
2026-08-12,19:39:34,0.560985,0.548059,0.003360,29282.308423,0.056000
2026-08-12,19:39:34,0.287681,0.548059,0.003360,29282.308423,0.056000
2026-08-12,19:39:35,0.123395,0.548059,0.003360,29282.311783,0.056000
2026-08-12,19:39:36,0.123395,0.548059,0.003360,29282.315143,0.056000
2026-08-12,19:39:36,0.369348,0.548059,0.003360,29282.315143,0.056000
2026-08-12,19:39:37,0.246232,0.548059,0.003360,29282.318503,0.056000
2026-08-12,19:39:38,0.266752,0.548059,0.003360,29282.321863,0.056000
2026-08-12,19:39:38,0.504690,0.552231,0.003360,29282.321863,0.056000
2026-08-12,19:39:39,0.504690,0.552231,0.003390,29282.325223,0.056000
2026-08-12,19:39:40,0.272310,0.552231,0.003390,29282.328613,0.056000
2026-08-12,19:39:40,0.083788,0.552231,0.003390,29282.328613,0.056000
2026-08-12,19:39:41,0.167576,0.552231,0.003390,29282.332003,0.056000
2026-08-12,19:39:42,0.188522,0.552231,0.003390,29282.335393,0.056000
2026-08-12,19:39:42,0.188522,0.552231,0.003390,29282.335393,0.056000
2026-08-12,19:39:43,0.306691,0.552231,0.003390,29282.338783,0.056000
2026-08-12,19:39:44,0.369373,0.552231,0.003390,29282.342173,0.056000
2026-08-12,19:39:44,0.388561,0.552231,0.003390,29282.342173,0.056000
2026-08-12,19:39:45,0.388561,0.555215,0.003390,29282.345563,0.056000
2026-08-12,19:39:46,0.522307,0.555215,0.003390,29282.348953,0.056000
2026-08-12,19:39:46,0.626442,0.558385,0.003420,29282.348953,0.056000
2026-08-12,19:39:47,0.489660,0.547845,0.003360,29282.352373,0.056000
2026-08-12,19:39:48,0.530811,0.545556,0.003360,29282.355733,0.056000
2026-08-12,19:39:48,0.530811,0.545556,0.003340,29282.355733,0.056000
2026-08-12,19:39:49,0.186250,0.545556,0.003340,29282.359073,0.056000
2026-08-12,19:39:50,0.120172,0.545556,0.003340,29282.362413,0.056000
2026-08-12,19:39:50,0.258807,0.545556,0.003340,29282.362413,0.056000
2026-08-12,19:39:51,0.248765,0.545556,0.003340,29282.365753,0.056000
2026-08-12,19:39:52,0.248765,0.545556,0.003340,29282.369093,0.056000
2026-08-12,19:39:52,0.547160,0.546922,0.003350,29282.369093,0.056000
2026-08-12,19:39:53,0.123745,0.546922,0.003350,29282.372443,0.056000
2026-08-12,19:39:54,0.589724,0.552674,0.003350,29282.375793,0.056000
2026-08-12,19:39:54,0.589724,0.540299,0.003390,29282.375793,0.056000
2026-08-12,19:39:55,0.453733,0.540299,0.003310,29282.379183,0.056000
2026-08-12,19:39:56,0.569100,0.539461,0.003310,29282.382493,0.056000
2026-08-12,19:39:56,0.164672,0.539461,0.003310,29282.382493,0.056000
2026-08-12,19:39:57,0.123423,0.539461,0.003310,29282.385803,0.056000
2026-08-12,19:39:58,0.123423,0.539461,0.003310,29282.389113,0.056000
2026-08-12,19:39:58,0.309363,0.539461,0.003310,29282.389113,0.056000
2026-08-12,19:39:59,0.247169,0.539461,0.003310,29282.392423,0.056000
2026-08-12,19:40:00,0.659653,0.549328,0.003310,29282.395733,0.056000
2026-08-12,19:40:00,0.659653,0.558637,0.003370,29282.395733,0.056000
2026-08-12,19:40:01,0.597780,0.558637,0.003420,29282.399103,0.056000
2026-08-12,19:40:02,0.164672,0.558637,0.003420,29282.402523,0.056000
2026-08-12,19:40:02,0.247491,0.558637,0.003420,29282.402523,0.056000
2026-08-12,19:40:03,0.247169,0.558637,0.003420,29282.405943,0.056000
2026-08-12,19:40:04,0.247169,0.566185,0.003420,29282.409363,0.056000
2026-08-12,19:40:04,0.597780,0.566185,0.003470,29282.409363,0.056000
2026-08-12,19:40:05,0.304207,0.566185,0.003470,29282.412833,0.056000
2026-08-12,19:40:06,0.474357,0.550976,0.003470,29282.416303,0.056000
2026-08-12,19:40:06,0.532041,0.555214,0.003400,29282.416303,0.056000
2026-08-12,19:40:07,0.532041,0.555214,0.003400,29282.419703,0.056000
2026-08-12,19:40:08,0.601648,0.562298,0.003450,29282.423153,0.056000
2026-08-12,19:40:08,0.309363,0.562298,0.003450,29282.423153,0.056000
2026-08-12,19:40:09,0.565567,0.564139,0.003450,29282.426603,0.056000
2026-08-12,19:40:10,0.565567,0.555148,0.003460,29282.430063,0.056000
2026-08-12,19:40:10,0.499815,0.555148,0.003400,29282.430063,0.056000
2026-08-12,19:40:11,0.205920,0.555148,0.003400,29282.433463,0.056000
2026-08-12,19:40:12,0.598103,0.569585,0.003490,29282.436953,0.056000
2026-08-12,19:40:12,0.535908,0.566265,0.003470,29282.436953,0.056000
2026-08-12,19:40:13,0.535908,0.566265,0.003470,29282.440423,0.056000
2026-08-12,19:40:14,0.276494,0.566265,0.003470,29282.443893,0.056000
2026-08-12,19:40:14,0.494659,0.549766,0.003370,29282.443893,0.056000
2026-08-12,19:40:15,0.577479,0.547736,0.003370,29282.447263,0.056000
2026-08-12,19:40:16,0.577479,0.541581,0.003360,29282.450623,0.056000
2026-08-12,19:40:16,0.536230,0.541581,0.003320,29282.450623,0.056000
2026-08-12,19:40:17,0.136313,0.541581,0.003320,29282.453943,0.056000
2026-08-12,19:40:18,0.433109,0.537456,0.003290,29282.457233,0.056000
2026-08-12,19:40:18,0.153871,0.537456,0.003290,29282.457233,0.056000
2026-08-12,19:40:19,0.153871,0.537456,0.003290,29282.460523,0.056000
2026-08-12,19:40:20,0.229815,0.537456,0.003290,29282.463813,0.056000
2026-08-12,19:40:20,0.417846,0.526036,0.003220,29282.463813,0.056000
2026-08-12,19:40:21,0.250381,0.526036,0.003220,29282.467033,0.056000
2026-08-12,19:40:22,0.150163,0.526036,0.003220,29282.470253,0.056000
2026-08-12,19:40:22,0.150163,0.526036,0.003220,29282.470253,0.056000
2026-08-12,19:40:23,0.145920,0.526036,0.003220,29282.473473,0.056000
2026-08-12,19:40:24,0.521981,0.518070,0.003180,29282.476653,0.056000
2026-08-12,19:40:24,0.417520,0.503265,0.003180,29282.476653,0.056000
2026-08-12,19:40:25,0.417520,0.486678,0.003080,29282.479733,0.056000
2026-08-12,19:40:26,0.333950,0.486678,0.002980,29282.482713,0.056000
2026-08-12,19:40:26,0.250708,0.451939,0.002980,29282.482713,0.056000
2026-08-12,19:40:27,0.438412,0.451939,0.002770,29282.485483,0.056000
2026-08-12,19:40:28,0.271600,0.451939,0.002770,29282.488253,0.056000
2026-08-12,19:40:28,0.271600,0.451939,0.002770,29282.488253,0.056000
2026-08-12,19:40:29,0.271273,0.451939,0.002770,29282.491023,0.056000
2026-08-12,19:40:30,0.375735,0.435922,0.002670,29282.493693,0.056000
2026-08-12,19:40:30,0.314690,0.417925,0.002670,29282.493693,0.056000
2026-08-12,19:40:31,0.314690,0.417925,0.002560,29282.496253,0.056000
2026-08-12,19:40:32,0.522307,0.417925,0.002560,29282.498813,0.056000
2026-08-12,19:40:32,0.584984,0.417925,0.002560,29282.498813,0.056000
2026-08-12,19:40:33,0.542873,0.417925,0.002560,29282.501373,0.056000
2026-08-12,19:40:34,0.521981,0.417925,0.002560,29282.503933,0.056000
2026-08-12,19:40:34,0.521981,0.417925,0.002560,29282.503933,0.056000
2026-08-12,19:40:35,0.563766,0.417925,0.002560,29282.506493,0.056000
2026-08-12,19:40:36,0.459631,0.417925,0.002560,29282.509053,0.056000
2026-08-12,19:40:36,0.385202,0.417925,0.002560,29282.509053,0.056000
2026-08-12,19:40:37,0.385202,0.417925,0.002560,29282.511613,0.056000
2026-08-12,19:40:38,0.555434,0.417925,0.002560,29282.514173,0.056000
2026-08-12,19:40:38,0.628399,0.417925,0.002560,29282.514173,0.056000
2026-08-12,19:40:39,0.597542,0.417925,0.002560,29282.516733,0.056000
2026-08-12,19:40:40,0.597542,0.417925,0.002560,29282.519293,0.056000
2026-08-12,19:40:40,0.514291,0.417925,0.002560,29282.519293,0.056000
2026-08-12,19:40:41,0.534862,0.417925,0.002560,29282.521853,0.056000
2026-08-12,19:40:42,0.608728,0.417925,0.002560,29282.524413,0.056000
2026-08-12,19:40:42,0.608728,0.394859,0.002560,29282.524413,0.056000
2026-08-12,19:40:43,0.346825,0.394859,0.002420,29282.526973,0.056000
2026-08-12,19:40:43,0.576006,0.394859,0.002420,29282.529393,0.056000
2026-08-12,19:40:44,0.349718,0.376208,0.002300,29282.529393,0.056000
2026-08-12,19:40:45,0.349718,0.378123,0.002320,29282.531693,0.056000
2026-08-12,19:40:45,0.452254,0.378123,0.002320,29282.534013,0.056000
2026-08-12,19:40:46,0.586514,0.394990,0.002420,29282.534013,0.056000
2026-08-12,19:40:47,0.209469,0.394990,0.002420,29282.536433,0.056000
2026-08-12,19:40:47,0.460505,0.388842,0.002420,29282.538853,0.056000
2026-08-12,19:40:48,0.460505,0.388842,0.002380,29282.538853,0.056000
2026-08-12,19:40:49,0.159393,0.388842,0.002380,29282.541233,0.056000
2026-08-12,19:40:49,0.272310,0.374321,0.002380,29282.543613,0.056000
2026-08-12,19:40:50,0.493719,0.374321,0.002290,29282.543613,0.056000
2026-08-12,19:40:51,0.493719,0.374321,0.002290,29282.545903,0.056000
2026-08-12,19:40:51,0.205716,0.374321,0.002290,29282.548193,0.056000
2026-08-12,19:40:52,0.170359,0.374321,0.002290,29282.548193,0.056000
2026-08-12,19:40:53,0.514291,0.374321,0.002290,29282.550483,0.056000
2026-08-12,19:40:53,0.514291,0.374321,0.002290,29282.552773,0.056000
2026-08-12,19:40:54,0.514291,0.374321,0.002290,29282.552773,0.056000
2026-08-12,19:40:55,0.287681,0.369694,0.002290,29282.555063,0.056000
2026-08-12,19:40:55,0.184823,0.369694,0.002260,29282.557323,0.056000
2026-08-12,19:40:56,0.144001,0.369694,0.002260,29282.557323,0.056000
2026-08-12,19:40:57,0.144001,0.387824,0.002260,29282.559583,0.056000
2026-08-12,19:40:57,0.432004,0.387824,0.002380,29282.561963,0.056000
2026-08-12,19:40:58,0.083788,0.387824,0.002380,29282.561963,0.056000
2026-08-12,19:40:59,0.102337,0.387824,0.002380,29282.564343,0.056000
2026-08-12,19:40:59,0.297796,0.380030,0.002380,29282.566723,0.056000
2026-08-12,19:41:00,0.297796,0.374249,0.002290,29282.566723,0.056000
2026-08-12,19:41:01,0.256878,0.374249,0.002290,29282.569013,0.056000
2026-08-12,19:41:01,0.161726,0.374249,0.002290,29282.571303,0.056000
2026-08-12,19:41:02,0.457249,0.385291,0.002360,29282.571303,0.056000
2026-08-12,19:41:03,0.530811,0.403400,0.002360,29282.573663,0.056000
2026-08-12,19:41:03,0.530811,0.403400,0.002470,29282.576133,0.056000
2026-08-12,19:41:04,0.511535,0.409328,0.002510,29282.576133,0.056000
2026-08-12,19:41:05,0.166812,0.409328,0.002510,29282.578643,0.056000
2026-08-12,19:41:05,0.187704,0.409328,0.002510,29282.581153,0.056000
2026-08-12,19:41:06,0.187704,0.409328,0.002510,29282.581153,0.056000
2026-08-12,19:41:07,0.187704,0.409328,0.002510,29282.583663,0.056000
2026-08-12,19:41:07,0.614364,0.409328,0.002510,29282.586173,0.056000
2026-08-12,19:41:08,0.532057,0.409328,0.002510,29282.586173,0.056000
2026-08-12,19:41:09,0.350290,0.385706,0.002510,29282.588683,0.056000
2026-08-12,19:41:09,0.350290,0.385706,0.002360,29282.591043,0.056000
2026-08-12,19:41:10,0.572645,0.385706,0.002360,29282.591043,0.056000
2026-08-12,19:41:11,0.350612,0.374717,0.002300,29282.593343,0.056000
2026-08-12,19:41:11,0.515284,0.374717,0.002300,29282.595643,0.056000
2026-08-12,19:41:12,0.350612,0.382547,0.002300,29282.595643,0.056000
2026-08-12,19:41:13,0.350612,0.382547,0.002340,29282.597983,0.056000
2026-08-12,19:41:13,0.226867,0.382547,0.002340,29282.600323,0.056000
2026-08-12,19:41:14,0.515606,0.382547,0.002340,29282.600323,0.056000
2026-08-12,19:41:15,0.453411,0.382547,0.002340,29282.602663,0.056000
2026-08-12,19:41:15,0.453411,0.382547,0.002340,29282.605003,0.056000
2026-08-12,19:41:16,0.515606,0.382547,0.002340,29282.605003,0.056000
2026-08-12,19:41:17,0.618405,0.382547,0.002340,29282.607343,0.056000
2026-08-12,19:41:17,0.597780,0.382547,0.002340,29282.609683,0.056000
2026-08-12,19:41:18,0.597780,0.382547,0.002340,29282.609683,0.056000
2026-08-12,19:41:19,0.494982,0.382547,0.002340,29282.612023,0.056000
2026-08-12,19:41:19,0.598103,0.382547,0.002340,29282.614363,0.056000
2026-08-12,19:41:20,0.306785,0.384457,0.002340,29282.614363,0.056000
2026-08-12,19:41:21,0.306785,0.379122,0.002360,29282.616723,0.056000
2026-08-12,19:41:21,0.378648,0.379122,0.002360,29282.619043,0.056000
2026-08-12,19:41:22,0.565240,0.379122,0.002320,29282.619043,0.056000
2026-08-12,19:41:23,0.628408,0.379122,0.002320,29282.621363,0.056000
2026-08-12,19:41:23,0.628408,0.379122,0.002320,29282.623683,0.056000
2026-08-12,19:41:24,0.544620,0.379122,0.002320,29282.623683,0.056000
2026-08-12,19:41:25,0.271983,0.376540,0.002310,29282.625993,0.056000
2026-08-12,19:41:25,0.502727,0.376540,0.002310,29282.628303,0.056000
2026-08-12,19:41:26,0.393961,0.376540,0.002310,29282.628303,0.056000
2026-08-12,19:41:27,0.393961,0.376540,0.002310,29282.630613,0.056000
2026-08-12,19:41:27,0.571642,0.376540,0.002310,29282.632923,0.056000
2026-08-12,19:41:28,0.541788,0.376540,0.002310,29282.632923,0.056000
2026-08-12,19:41:29,0.416760,0.376540,0.002310,29282.635233,0.056000
2026-08-12,19:41:29,0.416760,0.376540,0.002310,29282.637543,0.056000
2026-08-12,19:41:30,0.333408,0.376540,0.002310,29282.637543,0.056000
2026-08-12,19:41:31,0.581916,0.376540,0.002310,29282.639853,0.056000
2026-08-12,19:41:31,0.164155,0.376540,0.002310,29282.639853,0.056000
2026-08-12,19:41:32,0.164155,0.376540,0.002310,29282.642163,0.056000
2026-08-12,19:41:33,0.603976,0.376540,0.002310,29282.644473,0.056000
2026-08-12,19:41:33,0.291406,0.379993,0.002310,29282.644473,0.056000
2026-08-12,19:41:34,0.661607,0.379993,0.002330,29282.646783,0.056000
2026-08-12,19:41:35,0.125028,0.379993,0.002330,29282.649113,0.056000
2026-08-12,19:41:35,0.125028,0.379993,0.002330,29282.649113,0.056000
2026-08-12,19:41:36,0.544725,0.379993,0.002330,29282.651443,0.056000
2026-08-12,19:41:37,0.369028,0.371171,0.002270,29282.653773,0.056000
2026-08-12,19:41:37,0.225392,0.371171,0.002270,29282.653773,0.056000
2026-08-12,19:41:38,0.225392,0.371171,0.002270,29282.656043,0.056000
2026-08-12,19:41:39,0.620849,0.371171,0.002270,29282.658313,0.056000
2026-08-12,19:41:39,0.186732,0.371171,0.002270,29282.658313,0.056000
2026-08-12,19:41:40,0.306691,0.348759,0.002140,29282.660583,0.056000
2026-08-12,19:41:41,0.327159,0.330321,0.002020,29282.662723,0.056000
2026-08-12,19:41:41,0.327159,0.330321,0.002020,29282.662723,0.056000
2026-08-12,19:41:42,0.491218,0.330321,0.002020,29282.664743,0.056000
2026-08-12,19:41:43,0.234105,0.318703,0.001950,29282.666763,0.056000
2026-08-12,19:41:43,0.331687,0.318703,0.001950,29282.666763,0.056000
2026-08-12,19:41:44,0.310633,0.318703,0.001950,29282.668713,0.056000
2026-08-12,19:41:45,0.310633,0.318703,0.001950,29282.670663,0.056000
2026-08-12,19:41:45,0.372824,0.318703,0.001950,29282.670663,0.056000
2026-08-12,19:41:46,0.573650,0.318703,0.001950,29282.672613,0.056000
2026-08-12,19:41:47,0.227711,0.306413,0.001950,29282.674563,0.056000
2026-08-12,19:41:47,0.227711,0.306413,0.001880,29282.674563,0.056000
2026-08-12,19:41:48,0.550976,0.306413,0.001880,29282.676443,0.056000
2026-08-12,19:41:49,0.559722,0.306413,0.001880,29282.678323,0.056000
2026-08-12,19:41:49,0.331687,0.304520,0.001860,29282.678323,0.056000
2026-08-12,19:41:50,0.331687,0.304520,0.001860,29282.680183,0.056000
2026-08-12,19:41:51,0.497531,0.304520,0.001860,29282.682043,0.056000
2026-08-12,19:41:51,0.455746,0.304520,0.001860,29282.682043,0.056000
2026-08-12,19:41:52,0.518261,0.304520,0.001860,29282.683903,0.056000
2026-08-12,19:41:53,0.538668,0.304520,0.001860,29282.685763,0.056000
2026-08-12,19:41:53,0.538668,0.304520,0.001860,29282.685763,0.056000
2026-08-12,19:41:54,0.538991,0.304520,0.001860,29282.687623,0.056000
2026-08-12,19:41:55,0.476800,0.304520,0.001860,29282.689483,0.056000
2026-08-12,19:41:55,0.580452,0.304520,0.001860,29282.689483,0.056000
2026-08-12,19:41:56,0.580452,0.304520,0.001860,29282.691343,0.056000
2026-08-12,19:41:57,0.538991,0.304520,0.001860,29282.693203,0.056000
2026-08-12,19:41:57,0.186250,0.304520,0.001860,29282.693203,0.056000
2026-08-12,19:41:58,0.105565,0.304520,0.001860,29282.695063,0.056000
2026-08-12,19:41:59,0.105565,0.304520,0.001860,29282.696923,0.056000
2026-08-12,19:41:59,0.184674,0.304520,0.001860,29282.696923,0.056000
2026-08-12,19:42:00,0.396627,0.304520,0.001860,29282.698783,0.056000
2026-08-12,19:42:01,0.208923,0.304520,0.001860,29282.700643,0.056000
2026-08-12,19:42:01,0.417520,0.304520,0.001860,29282.700643,0.056000
2026-08-12,19:42:02,0.417520,0.299631,0.001860,29282.702503,0.056000
2026-08-12,19:42:03,0.257889,0.299631,0.001830,29282.704333,0.056000
2026-08-12,19:42:03,0.532153,0.299631,0.001830,29282.704333,0.056000
2026-08-12,19:42:04,0.267270,0.288493,0.001830,29282.706163,0.056000
2026-08-12,19:42:05,0.187056,0.288493,0.001770,29282.707933,0.056000
2026-08-12,19:42:05,0.187056,0.288493,0.001770,29282.707933,0.056000
2026-08-12,19:42:06,0.124380,0.288493,0.001770,29282.709703,0.056000
2026-08-12,19:42:07,0.478033,0.288493,0.001770,29282.711473,0.056000
2026-08-12,19:42:07,0.353004,0.288493,0.001770,29282.711473,0.056000
2026-08-12,19:42:08,0.353004,0.288493,0.001770,29282.713243,0.056000
2026-08-12,19:42:09,0.560845,0.288493,0.001770,29282.715013,0.057000
2026-08-12,19:42:09,0.613779,0.288493,0.001810,29282.715013,0.057000
2026-08-12,19:42:10,0.103920,0.288493,0.001810,29282.716823,0.057000
2026-08-12,19:42:11,0.103920,0.288493,0.001810,29282.718633,0.057000
2026-08-12,19:42:11,0.103920,0.288493,0.001810,29282.718633,0.057000
2026-08-12,19:42:12,0.519680,0.288493,0.001810,29282.720443,0.057000
2026-08-12,19:42:13,0.564745,0.288493,0.001810,29282.722253,0.057000
2026-08-12,19:42:13,0.520349,0.288493,0.001810,29282.722253,0.057000
2026-08-12,19:42:14,0.520349,0.288493,0.001810,29282.724063,0.057000
2026-08-12,19:42:15,0.396954,0.288493,0.001810,29282.725873,0.057000
2026-08-12,19:42:15,0.355169,0.288493,0.001810,29282.725873,0.057000
2026-08-12,19:42:16,0.329146,0.288493,0.001810,29282.727683,0.056000
2026-08-12,19:42:17,0.534541,0.288493,0.001770,29282.729453,0.056000
2026-08-12,19:42:17,0.534541,0.288493,0.001770,29282.729453,0.056000
2026-08-12,19:42:18,0.179680,0.288493,0.001770,29282.731223,0.056000
2026-08-12,19:42:19,0.328825,0.294177,0.001800,29282.733023,0.056000
2026-08-12,19:42:19,0.164573,0.294177,0.001800,29282.733023,0.056000
2026-08-12,19:42:20,0.617149,0.294177,0.001800,29282.734823,0.057000
2026-08-12,19:42:21,0.617149,0.294177,0.001850,29282.736623,0.057000
2026-08-12,19:42:21,0.162895,0.294177,0.001850,29282.736623,0.057000
2026-08-12,19:42:22,0.166812,0.294177,0.001850,29282.738473,0.057000
2026-08-12,19:42:23,0.480196,0.294177,0.001850,29282.740323,0.057000
2026-08-12,19:42:23,0.480196,0.292196,0.001850,29282.740323,0.057000
2026-08-12,19:42:24,0.271600,0.292196,0.001840,29282.742173,0.057000
2026-08-12,19:42:25,0.266431,0.281937,0.001770,29282.744013,0.057000
2026-08-12,19:42:25,0.565567,0.281937,0.001770,29282.744013,0.057000
2026-08-12,19:42:26,0.292930,0.280561,0.001760,29282.745783,0.057000
2026-08-12,19:42:27,0.292930,0.280561,0.001760,29282.747543,0.057000
2026-08-12,19:42:27,0.083788,0.280561,0.001760,29282.747543,0.057000
2026-08-12,19:42:28,0.313877,0.279232,0.001760,29282.749303,0.057000
2026-08-12,19:42:29,0.392079,0.295030,0.001760,29282.751063,0.057000
2026-08-12,19:42:29,0.392079,0.295030,0.001860,29282.751063,0.057000
2026-08-12,19:42:30,0.532153,0.295030,0.001860,29282.752923,0.057000
2026-08-12,19:42:31,0.272697,0.299528,0.001860,29282.754783,0.057000
2026-08-12,19:42:31,0.144740,0.299528,0.001880,29282.754783,0.057000
2026-08-12,19:42:32,0.372189,0.303579,0.001910,29282.756663,0.057000
2026-08-12,19:42:33,0.372189,0.303579,0.001910,29282.758573,0.057000
2026-08-12,19:42:33,0.602546,0.303579,0.001910,29282.758573,0.057000
2026-08-12,19:42:34,0.082709,0.303579,0.001910,29282.760483,0.057000
2026-08-12,19:42:35,0.295705,0.307360,0.001910,29282.762393,0.057000
2026-08-12,19:42:35,0.555113,0.307360,0.001930,29282.762393,0.057000
2026-08-12,19:42:36,0.555113,0.307360,0.001950,29282.764323,0.057000
2026-08-12,19:42:37,0.288003,0.309434,0.001950,29282.766273,0.057000
2026-08-12,19:42:37,0.123430,0.309434,0.001950,29282.766273,0.057000
2026-08-12,19:42:38,0.390540,0.315605,0.001990,29282.768223,0.057000
2026-08-12,19:42:39,0.390540,0.315605,0.001990,29282.770213,0.056000
2026-08-12,19:42:39,0.575684,0.315605,0.001930,29282.770213,0.056000
2026-08-12,19:42:40,0.465112,0.315605,0.001930,29282.772143,0.056000
2026-08-12,19:42:41,0.123108,0.315605,0.001930,29282.774073,0.056000
2026-08-12,19:42:41,0.576006,0.315605,0.001930,29282.774073,0.056000
2026-08-12,19:42:42,0.576006,0.315605,0.001930,29282.776003,0.056000
2026-08-12,19:42:43,0.205716,0.315605,0.001930,29282.777933,0.056000
2026-08-12,19:42:43,0.164573,0.315605,0.001930,29282.777933,0.056000
2026-08-12,19:42:44,0.179037,0.315605,0.001930,29282.779863,0.056000
2026-08-12,19:42:45,0.179037,0.319270,0.001930,29282.781793,0.056000
2026-08-12,19:42:45,0.308253,0.319270,0.001960,29282.781793,0.056000
2026-08-12,19:42:46,0.246860,0.317313,0.001960,29282.783753,0.056000
2026-08-12,19:42:47,0.459005,0.317313,0.001940,29282.785693,0.056000
2026-08-12,19:42:47,0.123108,0.317313,0.001940,29282.785693,0.056000
2026-08-12,19:42:48,0.123108,0.317313,0.001940,29282.787633,0.056000
2026-08-12,19:42:49,0.431683,0.317313,0.001940,29282.789573,0.056000
2026-08-12,19:42:49,0.514291,0.317313,0.001940,29282.789573,0.056000
2026-08-12,19:42:50,0.555113,0.317313,0.001940,29282.791513,0.056000
2026-08-12,19:42:51,0.308253,0.318846,0.001940,29282.793453,0.056000
2026-08-12,19:42:51,0.308253,0.318846,0.001920,29282.793453,0.056000
2026-08-12,19:42:52,0.256824,0.313140,0.001920,29282.795373,0.056000
2026-08-12,19:42:53,0.452576,0.313140,0.001920,29282.797293,0.056000
2026-08-12,19:42:53,0.144001,0.313140,0.001920,29282.797293,0.056000
2026-08-12,19:42:54,0.144001,0.300675,0.001920,29282.799213,0.056000
2026-08-12,19:42:55,0.267431,0.300675,0.001840,29282.801053,0.056000
2026-08-12,19:42:55,0.225967,0.296002,0.001810,29282.801053,0.056000
2026-08-12,19:42:56,0.477648,0.296002,0.001810,29282.802863,0.056000
2026-08-12,19:42:57,0.369968,0.296002,0.001810,29282.804673,0.056000
2026-08-12,19:42:57,0.369968,0.296002,0.001810,29282.804673,0.056000
2026-08-12,19:42:58,0.267110,0.296002,0.001810,29282.806483,0.056000
2026-08-12,19:42:59,0.555113,0.296002,0.001810,29282.808293,0.056000
2026-08-12,19:42:59,0.349396,0.293723,0.001810,29282.808293,0.056000
2026-08-12,19:43:00,0.349396,0.293723,0.001800,29282.810093,0.056000
2026-08-12,19:43:01,0.470730,0.293723,0.001800,29282.811893,0.056000
2026-08-12,19:43:01,0.427654,0.293723,0.001800,29282.811893,0.056000
2026-08-12,19:43:02,0.244056,0.288558,0.001770,29282.813663,0.056000
2026-08-12,19:43:03,0.682023,0.288558,0.001770,29282.815433,0.056000
2026-08-12,19:43:03,0.682023,0.286606,0.001770,29282.815433,0.057000
2026-08-12,19:43:04,0.268480,0.286606,0.001800,29282.817233,0.057000
2026-08-12,19:43:05,0.126015,0.286606,0.001800,29282.819033,0.057000
2026-08-12,19:43:05,0.544528,0.286606,0.001800,29282.819033,0.057000
2026-08-12,19:43:06,0.544528,0.286606,0.001800,29282.820833,0.057000
2026-08-12,19:43:07,0.663374,0.286606,0.001800,29282.822633,0.057000
2026-08-12,19:43:07,0.580128,0.286606,0.001800,29282.822633,0.057000
2026-08-12,19:43:08,0.583691,0.286606,0.001800,29282.824433,0.057000
2026-08-12,19:43:09,0.559722,0.286606,0.001800,29282.826233,0.057000
2026-08-12,19:43:09,0.559722,0.286606,0.001800,29282.826233,0.057000
2026-08-12,19:43:10,0.633390,0.286606,0.001800,29282.828033,0.057000
2026-08-12,19:43:11,0.623197,0.286606,0.001800,29282.829833,0.057000
2026-08-12,19:43:11,0.519276,0.286606,0.001800,29282.829833,0.056000
2026-08-12,19:43:12,0.519276,0.286606,0.001750,29282.831583,0.056000
2026-08-12,19:43:13,0.290977,0.276650,0.001750,29282.833333,0.056000
2026-08-12,19:43:13,0.592058,0.276650,0.001690,29282.833333,0.056000
2026-08-12,19:43:14,0.489979,0.276650,0.001690,29282.835023,0.056000
2026-08-12,19:43:15,0.489979,0.276650,0.001690,29282.836713,0.056000
2026-08-12,19:43:15,0.373148,0.276650,0.001690,29282.836713,0.056000
2026-08-12,19:43:16,0.269172,0.276650,0.001690,29282.838403,0.056000
2026-08-12,19:43:17,0.435339,0.276650,0.001690,29282.840093,0.056000
2026-08-12,19:43:17,0.580128,0.276650,0.001690,29282.840093,0.056000
2026-08-12,19:43:18,0.580128,0.276650,0.001690,29282.841783,0.056000
2026-08-12,19:43:18,0.435339,0.276650,0.001690,29282.843473,0.056000
2026-08-12,19:43:19,0.331687,0.276650,0.001690,29282.843473,0.056000
2026-08-12,19:43:20,0.289902,0.276650,0.001740,29282.845163,0.057000
2026-08-12,19:43:20,0.289902,0.276650,0.001740,29282.845163,0.057000
2026-08-12,19:43:21,0.559398,0.276650,0.001740,29282.846903,0.057000
2026-08-12,19:43:22,0.641672,0.276650,0.001740,29282.848643,0.057000
2026-08-12,19:43:22,0.548385,0.276650,0.001740,29282.848643,0.057000
2026-08-12,19:43:23,0.580452,0.276650,0.001740,29282.850383,0.057000
2026-08-12,19:43:24,0.580452,0.268628,0.001740,29282.852123,0.057000
2026-08-12,19:43:24,0.228035,0.268628,0.001690,29282.852123,0.057000
2026-08-12,19:43:25,0.372824,0.268628,0.001690,29282.853813,0.057000
2026-08-12,19:43:26,0.532513,0.268628,0.001690,29282.855503,0.057000
2026-08-12,19:43:26,0.269496,0.270891,0.001690,29282.855503,0.057000
2026-08-12,19:43:27,0.269496,0.270891,0.001700,29282.857193,0.057000
2026-08-12,19:43:28,0.144789,0.270891,0.001700,29282.858893,0.057000
2026-08-12,19:43:28,0.331363,0.273202,0.001720,29282.858893,0.057000
2026-08-12,19:43:29,0.144789,0.273202,0.001670,29282.860613,0.056000
2026-08-12,19:43:30,0.144789,0.273202,0.001670,29282.862283,0.056000
2026-08-12,19:43:30,0.165520,0.273202,0.001670,29282.862283,0.056000
2026-08-12,19:43:31,0.144789,0.273202,0.001670,29282.863953,0.056000
2026-08-12,19:43:32,0.446028,0.273202,0.001670,29282.865623,0.056000
2026-08-12,19:43:32,0.599563,0.273202,0.001670,29282.865623,0.056000
2026-08-12,19:43:33,0.599563,0.273202,0.001670,29282.867293,0.056000
2026-08-12,19:43:34,0.372824,0.273202,0.001670,29282.868963,0.056000
2026-08-12,19:43:34,0.455746,0.273202,0.001670,29282.868963,0.056000
2026-08-12,19:43:35,0.331687,0.273202,0.001670,29282.870633,0.056000
2026-08-12,19:43:36,0.331687,0.273202,0.001670,29282.872303,0.056000
2026-08-12,19:43:36,0.580128,0.273202,0.001670,29282.872303,0.056000
2026-08-12,19:43:37,0.290226,0.276543,0.001690,29282.873973,0.056000
2026-08-12,19:43:38,0.206980,0.270498,0.001690,29282.875663,0.056000
2026-08-12,19:43:38,0.456292,0.270498,0.001660,29282.875663,0.056000
2026-08-12,19:43:39,0.456292,0.270498,0.001660,29282.877323,0.056000
2026-08-12,19:43:40,0.539834,0.270498,0.001660,29282.878983,0.056000
2026-08-12,19:43:40,0.471625,0.270498,0.001660,29282.878983,0.056000
2026-08-12,19:43:41,0.558832,0.270498,0.001660,29282.880643,0.056000
2026-08-12,19:43:42,0.558832,0.270498,0.001660,29282.882303,0.056000
2026-08-12,19:43:42,0.392433,0.270498,0.001660,29282.882303,0.056000
2026-08-12,19:43:43,0.543442,0.270498,0.001660,29282.883963,0.056000
2026-08-12,19:43:44,0.554023,0.270498,0.001660,29282.885623,0.056000
2026-08-12,19:43:44,0.451426,0.270498,0.001660,29282.885623,0.056000
2026-08-12,19:43:45,0.451426,0.270498,0.001660,29282.887283,0.056000
2026-08-12,19:43:46,0.501415,0.270498,0.001660,29282.888943,0.056000
2026-08-12,19:43:46,0.539188,0.270498,0.001660,29282.888943,0.056000
2026-08-12,19:43:47,0.511685,0.270498,0.001660,29282.890603,0.056000
2026-08-12,19:43:48,0.511685,0.270498,0.001660,29282.892263,0.056000
2026-08-12,19:43:48,0.204354,0.268336,0.001640,29282.892263,0.056000
2026-08-12,19:43:49,0.102337,0.268336,0.001640,29282.893903,0.056000
2026-08-12,19:43:50,0.250381,0.258435,0.001640,29282.895543,0.056000
2026-08-12,19:43:50,0.250381,0.263246,0.001610,29282.895543,0.056000
2026-08-12,19:43:51,0.292166,0.263246,0.001610,29282.897153,0.056000
2026-08-12,19:43:52,0.480523,0.263246,0.001610,29282.898763,0.056000
2026-08-12,19:43:52,0.555434,0.263246,0.001610,29282.898763,0.056000
2026-08-12,19:43:53,0.205716,0.256969,0.001610,29282.900373,0.056000
2026-08-12,19:43:54,0.205716,0.256969,0.001570,29282.901943,0.056000
2026-08-12,19:43:54,0.349396,0.256969,0.001570,29282.901943,0.056000
2026-08-12,19:43:55,0.483045,0.256969,0.001570,29282.903513,0.056000
2026-08-12,19:43:56,0.483045,0.256969,0.001570,29282.905083,0.056000
2026-08-12,19:43:56,0.167687,0.256969,0.001570,29282.905083,0.056000
2026-08-12,19:43:57,0.167687,0.256969,0.001570,29282.906653,0.056000
2026-08-12,19:43:58,0.158303,0.256969,0.001570,29282.908223,0.056000
2026-08-12,19:43:58,0.207841,0.248656,0.001520,29282.908223,0.056000
2026-08-12,19:43:59,0.311436,0.248656,0.001520,29282.909743,0.056000
2026-08-12,19:44:00,0.311436,0.248656,0.001520,29282.911263,0.056000
2026-08-12,19:44:00,0.458548,0.248656,0.001510,29282.911263,0.056000
2026-08-12,19:44:01,0.207516,0.246604,0.001510,29282.912773,0.056000
2026-08-12,19:44:02,0.478033,0.246604,0.001510,29282.914283,0.056000
2026-08-12,19:44:02,0.415356,0.246604,0.001510,29282.914283,0.056000
2026-08-12,19:44:03,0.415356,0.246604,0.001510,29282.915793,0.056000
2026-08-12,19:44:04,0.540385,0.246604,0.001510,29282.917303,0.056000
2026-08-12,19:44:04,0.332220,0.246604,0.001510,29282.917303,0.056000
2026-08-12,19:44:05,0.124380,0.246604,0.001510,29282.918813,0.056000
2026-08-12,19:44:06,0.643981,0.246604,0.001510,29282.920323,0.056000
2026-08-12,19:44:06,0.643981,0.246604,0.001510,29282.920323,0.056000
2026-08-12,19:44:07,0.602413,0.246604,0.001510,29282.921833,0.056000
2026-08-12,19:44:08,0.415356,0.246604,0.001510,29282.923343,0.056000
2026-08-12,19:44:08,0.228625,0.242517,0.001510,29282.923343,0.056000
2026-08-12,19:44:09,0.228625,0.236367,0.001480,29282.924823,0.056000
2026-08-12,19:44:10,0.269868,0.236367,0.001450,29282.926273,0.056000
2026-08-12,19:44:10,0.145488,0.236367,0.001450,29282.926273,0.056000
2026-08-12,19:44:11,0.124704,0.236367,0.001450,29282.927723,0.056000
2026-08-12,19:44:12,0.436465,0.236367,0.001450,29282.929173,0.056000
2026-08-12,19:44:12,0.436465,0.236367,0.001450,29282.929173,0.056000
2026-08-12,19:44:13,0.353004,0.236367,0.001450,29282.930623,0.056000
2026-08-12,19:44:14,0.519601,0.236367,0.001450,29282.932073,0.056000
2026-08-12,19:44:14,0.720947,0.236367,0.001450,29282.932073,0.056000
2026-08-12,19:44:15,0.720947,0.236367,0.001450,29282.933523,0.056000
2026-08-12,19:44:16,0.607328,0.236367,0.001450,29282.934973,0.056000
2026-08-12,19:44:16,0.570051,0.236367,0.001450,29282.934973,0.056000
2026-08-12,19:44:17,0.601648,0.236367,0.001450,29282.936423,0.056000
2026-08-12,19:44:18,0.601648,0.236367,0.001450,29282.937873,0.056000
2026-08-12,19:44:18,0.536230,0.236367,0.001450,29282.937873,0.057000
2026-08-12,19:44:19,0.474357,0.236367,0.001490,29282.939323,0.057000
2026-08-12,19:44:20,0.564588,0.236367,0.001490,29282.940813,0.057000
2026-08-12,19:44:20,0.468934,0.236367,0.001490,29282.940813,0.057000
2026-08-12,19:44:21,0.468934,0.236367,0.001490,29282.942303,0.057000
2026-08-12,19:44:22,0.566724,0.236367,0.001490,29282.943793,0.057000
2026-08-12,19:44:22,0.518157,0.562896,0.001490,29282.943793,0.056000
2026-08-12,19:44:23,0.188689,0.562896,0.003450,29282.945283,0.056000
2026-08-12,19:44:24,0.188689,0.530676,0.003250,29282.948733,0.056000
2026-08-12,19:44:24,0.398746,0.530676,0.003250,29282.948733,0.056000
2026-08-12,19:44:25,0.265086,0.530676,0.003250,29282.951983,0.056000
2026-08-12,19:44:26,0.269172,0.530676,0.003250,29282.955233,0.056000
2026-08-12,19:44:26,0.559722,0.525916,0.003250,29282.955233,0.056000
2026-08-12,19:44:27,0.559722,0.525916,0.003220,29282.958483,0.056000
2026-08-12,19:44:28,0.538991,0.522810,0.003220,29282.961703,0.056000
2026-08-12,19:44:28,0.393554,0.502000,0.003080,29282.961703,0.056000
2026-08-12,19:44:29,0.124383,0.502000,0.003080,29282.964783,0.056000
2026-08-12,19:44:30,0.228035,0.502000,0.003080,29282.967863,0.056000
2026-08-12,19:44:30,0.228035,0.502000,0.003080,29282.967863,0.056000
2026-08-12,19:44:31,0.518261,0.500203,0.003070,29282.970943,0.056000
2026-08-12,19:44:32,0.518261,0.504594,0.003070,29282.974013,0.056000
2026-08-12,19:44:32,0.559398,0.504075,0.003090,29282.974013,0.056000
2026-08-12,19:44:33,0.559398,0.504075,0.003090,29282.977103,0.056000
2026-08-12,19:44:34,0.572031,0.514385,0.003090,29282.980193,0.056000
2026-08-12,19:44:34,0.559722,0.513684,0.003150,29282.980193,0.056000
2026-08-12,19:44:35,0.538668,0.515735,0.003160,29282.983343,0.056000
2026-08-12,19:44:36,0.538668,0.515735,0.003160,29282.986503,0.056000
2026-08-12,19:44:36,0.299944,0.515735,0.003160,29282.986503,0.056000
2026-08-12,19:44:37,0.497531,0.525614,0.003220,29282.989663,0.056000
2026-08-12,19:44:38,0.538668,0.523508,0.003220,29282.992883,0.056000
2026-08-12,19:44:38,0.538668,0.520593,0.003210,29282.992883,0.056000
2026-08-12,19:44:39,0.509839,0.520593,0.003190,29282.996093,0.056000
2026-08-12,19:44:40,0.529159,0.534154,0.003190,29282.999283,0.056000
2026-08-12,19:44:40,0.325514,0.534154,0.003270,29282.999283,0.056000
2026-08-12,19:44:41,0.325514,0.534020,0.003270,29283.002553,0.056000
2026-08-12,19:44:42,0.516929,0.534020,0.003270,29283.005823,0.056000
2026-08-12,19:44:42,0.496252,0.531820,0.003260,29283.005823,0.056000
2026-08-12,19:44:43,0.562611,0.532141,0.003260,29283.009083,0.056000
2026-08-12,19:44:44,0.531468,0.528085,0.003260,29283.012343,0.056000
2026-08-12,19:44:44,0.531468,0.528085,0.003240,29283.012343,0.056000
2026-08-12,19:44:45,0.537283,0.525841,0.003220,29283.015583,0.056000
2026-08-12,19:44:46,0.490760,0.521050,0.003220,29283.018803,0.056000
2026-08-12,19:44:46,0.454575,0.516754,0.003170,29283.018803,0.056000
2026-08-12,19:44:47,0.454575,0.516754,0.003170,29283.021973,0.056000
2026-08-12,19:44:48,0.516929,0.514580,0.003150,29283.025123,0.056000
2026-08-12,19:44:48,0.273416,0.514580,0.003150,29283.025123,0.056000
2026-08-12,19:44:49,0.315530,0.514580,0.003150,29283.028273,0.056000
2026-08-12,19:44:50,0.315530,0.514580,0.003150,29283.031423,0.056000
2026-08-12,19:44:50,0.207645,0.514580,0.003150,29283.031423,0.056000
2026-08-12,19:44:51,0.349396,0.514580,0.003150,29283.034573,0.056000
2026-08-12,19:44:52,0.082287,0.514580,0.003150,29283.037723,0.056000
2026-08-12,19:44:52,0.123108,0.514580,0.003150,29283.037723,0.056000
2026-08-12,19:44:53,0.123108,0.514580,0.003150,29283.040873,0.056000
2026-08-12,19:44:54,0.329146,0.514580,0.003150,29283.044023,0.056000
2026-08-12,19:44:54,0.333003,0.514580,0.003150,29283.044023,0.056000
2026-08-12,19:44:55,0.185145,0.514580,0.003150,29283.047173,0.056000
2026-08-12,19:44:56,0.267110,0.514580,0.003150,29283.050323,0.056000
2026-08-12,19:44:56,0.267110,0.514580,0.003130,29283.050323,0.056000
2026-08-12,19:44:57,0.473148,0.510911,0.003130,29283.053453,0.056000
2026-08-12,19:44:58,0.493398,0.507335,0.003110,29283.056563,0.056000
2026-08-12,19:44:58,0.458362,0.501478,0.003070,29283.056563,0.056000
2026-08-12,19:44:59,0.458362,0.501478,0.003070,29283.059633,0.056000
2026-08-12,19:45:00,0.596256,0.501478,0.003070,29283.062703,0.056000
2026-08-12,19:45:00,0.483045,0.501478,0.003070,29283.062703,0.056000
2026-08-12,19:45:01,0.082709,0.501478,0.003070,29283.065773,0.056000
2026-08-12,19:45:02,0.599315,0.511785,0.003140,29283.068913,0.056000
2026-08-12,19:45:02,0.599315,0.511785,0.003140,29283.068913,0.056000
2026-08-12,19:45:03,0.165417,0.511785,0.003140,29283.072053,0.056000
2026-08-12,19:45:04,0.392543,0.494778,0.003120,29283.075173,0.057000
2026-08-12,19:45:04,0.314701,0.473101,0.003120,29283.075173,0.057000
2026-08-12,19:45:05,0.314701,0.473101,0.002980,29283.078153,0.057000
2026-08-12,19:45:06,0.125683,0.473101,0.002980,29283.081133,0.057000
2026-08-12,19:45:06,0.378035,0.457176,0.002980,29283.081133,0.057000
2026-08-12,19:45:07,0.535908,0.457176,0.002880,29283.084013,0.057000
2026-08-12,19:45:08,0.082497,0.457176,0.002880,29283.086893,0.057000
2026-08-12,19:45:08,0.082497,0.457176,0.002880,29283.086893,0.057000
2026-08-12,19:45:09,0.539453,0.462046,0.002910,29283.089803,0.057000
2026-08-12,19:45:10,0.207209,0.462046,0.002910,29283.092713,0.057000
2026-08-12,19:45:10,0.315029,0.462046,0.002910,29283.092713,0.057000
2026-08-12,19:45:11,0.315029,0.473835,0.002910,29283.095623,0.057000
2026-08-12,19:45:12,0.572470,0.473835,0.002980,29283.098603,0.057000
2026-08-12,19:45:12,0.356789,0.473835,0.002980,29283.098603,0.057000
2026-08-12,19:45:13,0.369968,0.473835,0.002900,29283.101503,0.056000
